CCAA y provincia de destino;CCAA y provincia de origen;Periodo;Total
Andalucía;Andalucía;2024M12;5,562793
Andalucía;Andalucía;2024M11;5,01019
Andalucía;Andalucía;2024M10;5,703986
Andalucía;Andalucía;2024M09;8,55056
Andalucía;Andalucía;2024M08;13,686025
Andalucía;Andalucía;2024M07;10,58693
Andalucía;Andalucía;2024M06;5,958402
Andalucía;Andalucía;2024M05;5,253655
Andalucía;Andalucía;2024M04;4,947768
Andalucía;Andalucía;2024M03;5,026999
Andalucía;Andalucía;2024M02;4,38626
Andalucía;Andalucía;2024M01;5,110126
Andalucía;Aragón;2024M12;0,157715
Andalucía;Aragón;2024M11;0,158642
Andalucía;Aragón;2024M10;0,17114
Andalucía;Aragón;2024M09;0,224925
Andalucía;Aragón;2024M08;0,390139
Andalucía;Aragón;2024M07;0,264686
Andalucía;Aragón;2024M06;0,150802
Andalucía;Aragón;2024M05;0,133219
Andalucía;Aragón;2024M04;0,152316
Andalucía;Aragón;2024M03;0,147974
Andalucía;Aragón;2024M02;0,097946
Andalucía;Aragón;2024M01;0,147963
Andalucía;Asturias, Principado de;2024M12;0,058749
Andalucía;Asturias, Principado de;2024M11;0,051497
Andalucía;Asturias, Principado de;2024M10;0,090414
Andalucía;Asturias, Principado de;2024M09;0,185265
Andalucía;Asturias, Principado de;2024M08;0,227023
Andalucía;Asturias, Principado de;2024M07;0,234553
Andalucía;Asturias, Principado de;2024M06;0,12158
Andalucía;Asturias, Principado de;2024M05;0,088767
Andalucía;Asturias, Principado de;2024M04;0,066461
Andalucía;Asturias, Principado de;2024M03;0,06015
Andalucía;Asturias, Principado de;2024M02;0,068921
Andalucía;Asturias, Principado de;2024M01;0,056072
Andalucía;Balears, Illes;2024M12;0,221341
Andalucía;Balears, Illes;2024M11;0,21449
Andalucía;Balears, Illes;2024M10;0,180859
Andalucía;Balears, Illes;2024M09;0,201032
Andalucía;Balears, Illes;2024M08;0,235165
Andalucía;Balears, Illes;2024M07;0,172755
Andalucía;Balears, Illes;2024M06;0,144096
Andalucía;Balears, Illes;2024M05;0,148869
Andalucía;Balears, Illes;2024M04;0,169477
Andalucía;Balears, Illes;2024M03;0,171932
Andalucía;Balears, Illes;2024M02;0,143212
Andalucía;Balears, Illes;2024M01;0,289619
Andalucía;Canarias;2024M12;0,28387
Andalucía;Canarias;2024M11;0,230409
Andalucía;Canarias;2024M10;0,260932
Andalucía;Canarias;2024M09;0,267912
Andalucía;Canarias;2024M08;0,305684
Andalucía;Canarias;2024M07;0,271766
Andalucía;Canarias;2024M06;0,220117
Andalucía;Canarias;2024M05;0,217868
Andalucía;Canarias;2024M04;0,192164
Andalucía;Canarias;2024M03;0,219546
Andalucía;Canarias;2024M02;0,183646
Andalucía;Canarias;2024M01;0,228585
Andalucía;Cantabria;2024M12;0,056459
Andalucía;Cantabria;2024M11;0,066842
Andalucía;Cantabria;2024M10;0,087874
Andalucía;Cantabria;2024M09;0,124465
Andalucía;Cantabria;2024M08;0,134405
Andalucía;Cantabria;2024M07;0,123614
Andalucía;Cantabria;2024M06;0,085526
Andalucía;Cantabria;2024M05;0,071936
Andalucía;Cantabria;2024M04;0,065314
Andalucía;Cantabria;2024M03;0,060838
Andalucía;Cantabria;2024M02;0,05194
Andalucía;Cantabria;2024M01;0,058846
Andalucía;Castilla - La Mancha;2024M12;0,435125
Andalucía;Castilla - La Mancha;2024M11;0,397285
Andalucía;Castilla - La Mancha;2024M10;0,431451
Andalucía;Castilla - La Mancha;2024M09;0,633324
Andalucía;Castilla - La Mancha;2024M08;1,097944
Andalucía;Castilla - La Mancha;2024M07;0,818497
Andalucía;Castilla - La Mancha;2024M06;0,49924
Andalucía;Castilla - La Mancha;2024M05;0,368559
Andalucía;Castilla - La Mancha;2024M04;0,341136
Andalucía;Castilla - La Mancha;2024M03;0,403614
Andalucía;Castilla - La Mancha;2024M02;0,29456
Andalucía;Castilla - La Mancha;2024M01;0,35643
Andalucía;Castilla y León;2024M12;0,344798
Andalucía;Castilla y León;2024M11;0,276527
Andalucía;Castilla y León;2024M10;0,357022
Andalucía;Castilla y León;2024M09;0,593257
Andalucía;Castilla y León;2024M08;0,880506
Andalucía;Castilla y León;2024M07;0,786218
Andalucía;Castilla y León;2024M06;0,401543
Andalucía;Castilla y León;2024M05;0,306678
Andalucía;Castilla y León;2024M04;0,297644
Andalucía;Castilla y León;2024M03;0,313463
Andalucía;Castilla y León;2024M02;0,229946
Andalucía;Castilla y León;2024M01;0,267182
Andalucía;Cataluña;2024M12;0,703292
Andalucía;Cataluña;2024M11;0,745224
Andalucía;Cataluña;2024M10;0,861437
Andalucía;Cataluña;2024M09;1,347182
Andalucía;Cataluña;2024M08;2,808032
Andalucía;Cataluña;2024M07;1,041825
Andalucía;Cataluña;2024M06;0,722381
Andalucía;Cataluña;2024M05;0,781981
Andalucía;Cataluña;2024M04;0,760066
Andalucía;Cataluña;2024M03;0,709593
Andalucía;Cataluña;2024M02;0,547659
Andalucía;Cataluña;2024M01;0,821763
Andalucía;Comunitat Valenciana;2024M12;0,531339
Andalucía;Comunitat Valenciana;2024M11;0,539722
Andalucía;Comunitat Valenciana;2024M10;0,615811
Andalucía;Comunitat Valenciana;2024M09;0,739339
Andalucía;Comunitat Valenciana;2024M08;1,203001
Andalucía;Comunitat Valenciana;2024M07;0,71474
Andalucía;Comunitat Valenciana;2024M06;0,511031
Andalucía;Comunitat Valenciana;2024M05;0,488327
Andalucía;Comunitat Valenciana;2024M04;0,560278
Andalucía;Comunitat Valenciana;2024M03;0,521444
Andalucía;Comunitat Valenciana;2024M02;0,41446
Andalucía;Comunitat Valenciana;2024M01;0,600608
Andalucía;Extremadura;2024M12;0,370439
Andalucía;Extremadura;2024M11;0,308262
Andalucía;Extremadura;2024M10;0,38847
Andalucía;Extremadura;2024M09;0,73796
Andalucía;Extremadura;2024M08;1,077826
Andalucía;Extremadura;2024M07;0,937448
Andalucía;Extremadura;2024M06;0,455978
Andalucía;Extremadura;2024M05;0,334411
Andalucía;Extremadura;2024M04;0,316701
Andalucía;Extremadura;2024M03;0,344071
Andalucía;Extremadura;2024M02;0,260642
Andalucía;Extremadura;2024M01;0,281287
Andalucía;Galicia;2024M12;0,275834
Andalucía;Galicia;2024M11;0,273143
Andalucía;Galicia;2024M10;0,30277
Andalucía;Galicia;2024M09;0,337434
Andalucía;Galicia;2024M08;0,486395
Andalucía;Galicia;2024M07;0,423195
Andalucía;Galicia;2024M06;0,299875
Andalucía;Galicia;2024M05;0,281876
Andalucía;Galicia;2024M04;0,251769
Andalucía;Galicia;2024M03;0,286724
Andalucía;Galicia;2024M02;0,221835
Andalucía;Galicia;2024M01;0,25137
Andalucía;Madrid, Comunidad de;2024M12;1,845857
Andalucía;Madrid, Comunidad de;2024M11;1,431666
Andalucía;Madrid, Comunidad de;2024M10;1,522605
Andalucía;Madrid, Comunidad de;2024M09;3,157831
Andalucía;Madrid, Comunidad de;2024M08;8,022586
Andalucía;Madrid, Comunidad de;2024M07;4,079421
Andalucía;Madrid, Comunidad de;2024M06;1,742128
Andalucía;Madrid, Comunidad de;2024M05;2,070318
Andalucía;Madrid, Comunidad de;2024M04;1,736519
Andalucía;Madrid, Comunidad de;2024M03;2,047614
Andalucía;Madrid, Comunidad de;2024M02;1,16768
Andalucía;Madrid, Comunidad de;2024M01;1,860569
Andalucía;Murcia, Región de;2024M12;0,364972
Andalucía;Murcia, Región de;2024M11;0,336385
Andalucía;Murcia, Región de;2024M10;0,327523
Andalucía;Murcia, Región de;2024M09;0,42017
Andalucía;Murcia, Región de;2024M08;0,710204
Andalucía;Murcia, Región de;2024M07;0,476077
Andalucía;Murcia, Región de;2024M06;0,291729
Andalucía;Murcia, Región de;2024M05;0,256861
Andalucía;Murcia, Región de;2024M04;0,259291
Andalucía;Murcia, Región de;2024M03;0,27538
Andalucía;Murcia, Región de;2024M02;0,205367
Andalucía;Murcia, Región de;2024M01;0,273234
Andalucía;Navarra, Comunidad Foral de;2024M12;0,078422
Andalucía;Navarra, Comunidad Foral de;2024M11;0,055551
Andalucía;Navarra, Comunidad Foral de;2024M10;0,082054
Andalucía;Navarra, Comunidad Foral de;2024M09;0,107722
Andalucía;Navarra, Comunidad Foral de;2024M08;0,217643
Andalucía;Navarra, Comunidad Foral de;2024M07;0,174955
Andalucía;Navarra, Comunidad Foral de;2024M06;0,078737
Andalucía;Navarra, Comunidad Foral de;2024M05;0,068831
Andalucía;Navarra, Comunidad Foral de;2024M04;0,073319
Andalucía;Navarra, Comunidad Foral de;2024M03;0,05694
Andalucía;Navarra, Comunidad Foral de;2024M02;0,04415
Andalucía;Navarra, Comunidad Foral de;2024M01;0,065473
Andalucía;País Vasco;2024M12;0,23087
Andalucía;País Vasco;2024M11;0,25637
Andalucía;País Vasco;2024M10;0,339715
Andalucía;País Vasco;2024M09;0,540285
Andalucía;País Vasco;2024M08;1,18284
Andalucía;País Vasco;2024M07;0,592144
Andalucía;País Vasco;2024M06;0,39354
Andalucía;País Vasco;2024M05;0,319658
Andalucía;País Vasco;2024M04;0,375751
Andalucía;País Vasco;2024M03;0,253202
Andalucía;País Vasco;2024M02;0,193169
Andalucía;País Vasco;2024M01;0,226497
Andalucía;Rioja, La;2024M12;0,031328
Andalucía;Rioja, La;2024M11;0,031673
Andalucía;Rioja, La;2024M10;0,036203
Andalucía;Rioja, La;2024M09;0,062446
Andalucía;Rioja, La;2024M08;0,096602
Andalucía;Rioja, La;2024M07;0,068799
Andalucía;Rioja, La;2024M06;0,042512
Andalucía;Rioja, La;2024M05;0,038441
Andalucía;Rioja, La;2024M04;0,03256
Andalucía;Rioja, La;2024M03;0,028052
Andalucía;Rioja, La;2024M02;0,019935
Andalucía;Rioja, La;2024M01;0,030443
Aragón;Andalucía;2024M12;0,160844
Aragón;Andalucía;2024M11;0,151491
Aragón;Andalucía;2024M10;0,186502
Aragón;Andalucía;2024M09;0,186273
Aragón;Andalucía;2024M08;0,251576
Aragón;Andalucía;2024M07;0,220479
Aragón;Andalucía;2024M06;0,14613
Aragón;Andalucía;2024M05;0,136
Aragón;Andalucía;2024M04;0,105181
Aragón;Andalucía;2024M03;0,153019
Aragón;Andalucía;2024M02;0,110198
Aragón;Andalucía;2024M01;0,118613
Aragón;Aragón;2024M12;0,615801
Aragón;Aragón;2024M11;0,532603
Aragón;Aragón;2024M10;0,596954
Aragón;Aragón;2024M09;0,755355
Aragón;Aragón;2024M08;1,282461
Aragón;Aragón;2024M07;0,880215
Aragón;Aragón;2024M06;0,500783
Aragón;Aragón;2024M05;0,44592
Aragón;Aragón;2024M04;0,552183
Aragón;Aragón;2024M03;0,55846
Aragón;Aragón;2024M02;0,401947
Aragón;Aragón;2024M01;0,579326
Aragón;Asturias, Principado de;2024M12;0,015135
Aragón;Asturias, Principado de;2024M11;0,015437
Aragón;Asturias, Principado de;2024M10;0,019821
Aragón;Asturias, Principado de;2024M09;0,02065
Aragón;Asturias, Principado de;2024M08;0,02004
Aragón;Asturias, Principado de;2024M07;0,020456
Aragón;Asturias, Principado de;2024M06;0,014735
Aragón;Asturias, Principado de;2024M05;0,012019
Aragón;Asturias, Principado de;2024M04;0,011353
Aragón;Asturias, Principado de;2024M03;0,017123
Aragón;Asturias, Principado de;2024M02;0,015946
Aragón;Asturias, Principado de;2024M01;0,011818
Aragón;Balears, Illes;2024M12;0,029174
Aragón;Balears, Illes;2024M11;0,031313
Aragón;Balears, Illes;2024M10;0,028252
Aragón;Balears, Illes;2024M09;0,03524
Aragón;Balears, Illes;2024M08;0,049587
Aragón;Balears, Illes;2024M07;0,028737
Aragón;Balears, Illes;2024M06;0,019932
Aragón;Balears, Illes;2024M05;0,019131
Aragón;Balears, Illes;2024M04;0,021724
Aragón;Balears, Illes;2024M03;0,022531
Aragón;Balears, Illes;2024M02;0,01934
Aragón;Balears, Illes;2024M01;0,028856
Aragón;Canarias;2024M12;0,029975
Aragón;Canarias;2024M11;0,025843
Aragón;Canarias;2024M10;0,031415
Aragón;Canarias;2024M09;0,032563
Aragón;Canarias;2024M08;0
Aragón;Canarias;2024M07;0,038665
Aragón;Canarias;2024M06;0,028776
Aragón;Canarias;2024M05;0,023372
Aragón;Canarias;2024M04;0,022322
Aragón;Canarias;2024M03;0,029956
Aragón;Canarias;2024M02;0,025002
Aragón;Canarias;2024M01;0,027951
Aragón;Cantabria;2024M12;0,019929
Aragón;Cantabria;2024M11;0,018694
Aragón;Cantabria;2024M10;0,023814
Aragón;Cantabria;2024M09;0,024982
Aragón;Cantabria;2024M08;0,027197
Aragón;Cantabria;2024M07;0,029057
Aragón;Cantabria;2024M06;0,020784
Aragón;Cantabria;2024M05;0,019062
Aragón;Cantabria;2024M04;0,01744
Aragón;Cantabria;2024M03;0,021615
Aragón;Cantabria;2024M02;0,019997
Aragón;Cantabria;2024M01;0,016938
Aragón;Castilla - La Mancha;2024M12;0,085085
Aragón;Castilla - La Mancha;2024M11;0,084483
Aragón;Castilla - La Mancha;2024M10;0,100431
Aragón;Castilla - La Mancha;2024M09;0,091408
Aragón;Castilla - La Mancha;2024M08;0,114634
Aragón;Castilla - La Mancha;2024M07;0,112955
Aragón;Castilla - La Mancha;2024M06;0,081717
Aragón;Castilla - La Mancha;2024M05;0,068612
Aragón;Castilla - La Mancha;2024M04;0,060616
Aragón;Castilla - La Mancha;2024M03;0,084123
Aragón;Castilla - La Mancha;2024M02;0,064572
Aragón;Castilla - La Mancha;2024M01;0,070086
Aragón;Castilla y León;2024M12;0,115663
Aragón;Castilla y León;2024M11;0,111931
Aragón;Castilla y León;2024M10;0,135562
Aragón;Castilla y León;2024M09;0,128023
Aragón;Castilla y León;2024M08;0,125714
Aragón;Castilla y León;2024M07;0,137977
Aragón;Castilla y León;2024M06;0,100074
Aragón;Castilla y León;2024M05;0,101164
Aragón;Castilla y León;2024M04;0,091631
Aragón;Castilla y León;2024M03;0,125341
Aragón;Castilla y León;2024M02;0,092978
Aragón;Castilla y León;2024M01;0,103056
Aragón;Cataluña;2024M12;0,556204
Aragón;Cataluña;2024M11;0,514167
Aragón;Cataluña;2024M10;0,543287
Aragón;Cataluña;2024M09;0,817861
Aragón;Cataluña;2024M08;1,511063
Aragón;Cataluña;2024M07;0,694447
Aragón;Cataluña;2024M06;0,521538
Aragón;Cataluña;2024M05;0,460513
Aragón;Cataluña;2024M04;0,468801
Aragón;Cataluña;2024M03;0,489547
Aragón;Cataluña;2024M02;0,322401
Aragón;Cataluña;2024M01;0,424353
Aragón;Comunitat Valenciana;2024M12;0,294814
Aragón;Comunitat Valenciana;2024M11;0,259469
Aragón;Comunitat Valenciana;2024M10;0,353656
Aragón;Comunitat Valenciana;2024M09;0,486443
Aragón;Comunitat Valenciana;2024M08;0,833016
Aragón;Comunitat Valenciana;2024M07;0,454333
Aragón;Comunitat Valenciana;2024M06;0,28034
Aragón;Comunitat Valenciana;2024M05;0,218426
Aragón;Comunitat Valenciana;2024M04;0,252131
Aragón;Comunitat Valenciana;2024M03;0,261991
Aragón;Comunitat Valenciana;2024M02;0,204537
Aragón;Comunitat Valenciana;2024M01;0,303782
Aragón;Extremadura;2024M12;0,021078
Aragón;Extremadura;2024M11;0,024161
Aragón;Extremadura;2024M10;0,028343
Aragón;Extremadura;2024M09;0,023232
Aragón;Extremadura;2024M08;0,029792
Aragón;Extremadura;2024M07;0,026941
Aragón;Extremadura;2024M06;0,021589
Aragón;Extremadura;2024M05;0,017717
Aragón;Extremadura;2024M04;0,01785
Aragón;Extremadura;2024M03;0,018771
Aragón;Extremadura;2024M02;0,015327
Aragón;Extremadura;2024M01;0,016653
Aragón;Galicia;2024M12;0,059486
Aragón;Galicia;2024M11;0,064196
Aragón;Galicia;2024M10;0,067258
Aragón;Galicia;2024M09;0,064976
Aragón;Galicia;2024M08;0,080852
Aragón;Galicia;2024M07;0,083295
Aragón;Galicia;2024M06;0,0568
Aragón;Galicia;2024M05;0,053492
Aragón;Galicia;2024M04;0,045066
Aragón;Galicia;2024M03;0,065105
Aragón;Galicia;2024M02;0,046097
Aragón;Galicia;2024M01;0,056213
Aragón;Madrid, Comunidad de;2024M12;0,341013
Aragón;Madrid, Comunidad de;2024M11;0,277234
Aragón;Madrid, Comunidad de;2024M10;0,310341
Aragón;Madrid, Comunidad de;2024M09;0,349626
Aragón;Madrid, Comunidad de;2024M08;0,575677
Aragón;Madrid, Comunidad de;2024M07;0,404226
Aragón;Madrid, Comunidad de;2024M06;0,245649
Aragón;Madrid, Comunidad de;2024M05;0,270925
Aragón;Madrid, Comunidad de;2024M04;0,238743
Aragón;Madrid, Comunidad de;2024M03;0,377156
Aragón;Madrid, Comunidad de;2024M02;0,300612
Aragón;Madrid, Comunidad de;2024M01;0,383692
Aragón;Murcia, Región de;2024M12;0,033062
Aragón;Murcia, Región de;2024M11;0,040187
Aragón;Murcia, Región de;2024M10;0,043709
Aragón;Murcia, Región de;2024M09;0,050157
Aragón;Murcia, Región de;2024M08;0,074129
Aragón;Murcia, Región de;2024M07;0,056077
Aragón;Murcia, Región de;2024M06;0,030477
Aragón;Murcia, Región de;2024M05;0,025882
Aragón;Murcia, Región de;2024M04;0,020412
Aragón;Murcia, Región de;2024M03;0,031429
Aragón;Murcia, Región de;2024M02;0,019988
Aragón;Murcia, Región de;2024M01;0,020601
Aragón;Navarra, Comunidad Foral de;2024M12;0,106544
Aragón;Navarra, Comunidad Foral de;2024M11;0,086543
Aragón;Navarra, Comunidad Foral de;2024M10;0,098566
Aragón;Navarra, Comunidad Foral de;2024M09;0,112723
Aragón;Navarra, Comunidad Foral de;2024M08;0,159661
Aragón;Navarra, Comunidad Foral de;2024M07;0,122919
Aragón;Navarra, Comunidad Foral de;2024M06;0,080193
Aragón;Navarra, Comunidad Foral de;2024M05;0,076697
Aragón;Navarra, Comunidad Foral de;2024M04;0,085807
Aragón;Navarra, Comunidad Foral de;2024M03;0,094719
Aragón;Navarra, Comunidad Foral de;2024M02;0,079463
Aragón;Navarra, Comunidad Foral de;2024M01;0,091127
Aragón;País Vasco;2024M12;0,159194
Aragón;País Vasco;2024M11;0,117076
Aragón;País Vasco;2024M10;0,123932
Aragón;País Vasco;2024M09;0,149608
Aragón;País Vasco;2024M08;0,301044
Aragón;País Vasco;2024M07;0,210336
Aragón;País Vasco;2024M06;0,126239
Aragón;País Vasco;2024M05;0,095867
Aragón;País Vasco;2024M04;0,112433
Aragón;País Vasco;2024M03;0,148131
Aragón;País Vasco;2024M02;0,103152
Aragón;País Vasco;2024M01;0,128169
Aragón;Rioja, La;2024M12;0,044024
Aragón;Rioja, La;2024M11;0,038559
Aragón;Rioja, La;2024M10;0,047347
Aragón;Rioja, La;2024M09;0,047701
Aragón;Rioja, La;2024M08;0,045912
Aragón;Rioja, La;2024M07;0,040629
Aragón;Rioja, La;2024M06;0,033441
Aragón;Rioja, La;2024M05;0,030593
Aragón;Rioja, La;2024M04;0,030587
Aragón;Rioja, La;2024M03;0,033858
Aragón;Rioja, La;2024M02;0,029908
Aragón;Rioja, La;2024M01;0,035321
Asturias, Principado de;Andalucía;2024M12;0,086806
Asturias, Principado de;Andalucía;2024M11;0,08691
Asturias, Principado de;Andalucía;2024M10;0,110346
Asturias, Principado de;Andalucía;2024M09;0,210672
Asturias, Principado de;Andalucía;2024M08;0,396006
Asturias, Principado de;Andalucía;2024M07;0,220426
Asturias, Principado de;Andalucía;2024M06;0,100101
Asturias, Principado de;Andalucía;2024M05;0,075228
Asturias, Principado de;Andalucía;2024M04;0,064507
Asturias, Principado de;Andalucía;2024M03;0,074283
Asturias, Principado de;Andalucía;2024M02;0,042846
Asturias, Principado de;Andalucía;2024M01;0,08522
Asturias, Principado de;Aragón;2024M12;0,021247
Asturias, Principado de;Aragón;2024M11;0,018884
Asturias, Principado de;Aragón;2024M10;0,028022
Asturias, Principado de;Aragón;2024M09;0,044185
Asturias, Principado de;Aragón;2024M08;0,105971
Asturias, Principado de;Aragón;2024M07;0,063208
Asturias, Principado de;Aragón;2024M06;0,020385
Asturias, Principado de;Aragón;2024M05;0,01764
Asturias, Principado de;Aragón;2024M04;0,019433
Asturias, Principado de;Aragón;2024M03;0,017706
Asturias, Principado de;Aragón;2024M02;0,011032
Asturias, Principado de;Aragón;2024M01;0,017719
Asturias, Principado de;Asturias, Principado de;2024M12;0
Asturias, Principado de;Asturias, Principado de;2024M11;0
Asturias, Principado de;Asturias, Principado de;2024M10;0
Asturias, Principado de;Asturias, Principado de;2024M09;0
Asturias, Principado de;Asturias, Principado de;2024M08;0
Asturias, Principado de;Asturias, Principado de;2024M07;0
Asturias, Principado de;Asturias, Principado de;2024M06;0
Asturias, Principado de;Asturias, Principado de;2024M05;0
Asturias, Principado de;Asturias, Principado de;2024M04;0
Asturias, Principado de;Asturias, Principado de;2024M03;0
Asturias, Principado de;Asturias, Principado de;2024M02;0
Asturias, Principado de;Asturias, Principado de;2024M01;0
Asturias, Principado de;Balears, Illes;2024M12;0,028904
Asturias, Principado de;Balears, Illes;2024M11;0,030012
Asturias, Principado de;Balears, Illes;2024M10;0,023511
Asturias, Principado de;Balears, Illes;2024M09;0,03689
Asturias, Principado de;Balears, Illes;2024M08;0,053456
Asturias, Principado de;Balears, Illes;2024M07;0,030844
Asturias, Principado de;Balears, Illes;2024M06;0,017369
Asturias, Principado de;Balears, Illes;2024M05;0,015836
Asturias, Principado de;Balears, Illes;2024M04;0,015929
Asturias, Principado de;Balears, Illes;2024M03;0,019176
Asturias, Principado de;Balears, Illes;2024M02;0,015338
Asturias, Principado de;Balears, Illes;2024M01;0,028169
Asturias, Principado de;Canarias;2024M12;0,032477
Asturias, Principado de;Canarias;2024M11;0,030041
Asturias, Principado de;Canarias;2024M10;0,045266
Asturias, Principado de;Canarias;2024M09;0,059709
Asturias, Principado de;Canarias;2024M08;0,0789
Asturias, Principado de;Canarias;2024M07;0,058817
Asturias, Principado de;Canarias;2024M06;0,036863
Asturias, Principado de;Canarias;2024M05;0,033861
Asturias, Principado de;Canarias;2024M04;0,021825
Asturias, Principado de;Canarias;2024M03;0,032152
Asturias, Principado de;Canarias;2024M02;0,020316
Asturias, Principado de;Canarias;2024M01;0,03322
Asturias, Principado de;Cantabria;2024M12;0,041628
Asturias, Principado de;Cantabria;2024M11;0,042412
Asturias, Principado de;Cantabria;2024M10;0,046639
Asturias, Principado de;Cantabria;2024M09;0,05866
Asturias, Principado de;Cantabria;2024M08;0,073468
Asturias, Principado de;Cantabria;2024M07;0,063531
Asturias, Principado de;Cantabria;2024M06;0,043949
Asturias, Principado de;Cantabria;2024M05;0,040164
Asturias, Principado de;Cantabria;2024M04;0,038851
Asturias, Principado de;Cantabria;2024M03;0,039923
Asturias, Principado de;Cantabria;2024M02;0,034846
Asturias, Principado de;Cantabria;2024M01;0,040435
Asturias, Principado de;Castilla - La Mancha;2024M12;0,037542
Asturias, Principado de;Castilla - La Mancha;2024M11;0,035459
Asturias, Principado de;Castilla - La Mancha;2024M10;0,048469
Asturias, Principado de;Castilla - La Mancha;2024M09;0,081798
Asturias, Principado de;Castilla - La Mancha;2024M08;0,186951
Asturias, Principado de;Castilla - La Mancha;2024M07;0,116611
Asturias, Principado de;Castilla - La Mancha;2024M06;0,047245
Asturias, Principado de;Castilla - La Mancha;2024M05;0,029706
Asturias, Principado de;Castilla - La Mancha;2024M04;0,027876
Asturias, Principado de;Castilla - La Mancha;2024M03;0,030316
Asturias, Principado de;Castilla - La Mancha;2024M02;0,017174
Asturias, Principado de;Castilla - La Mancha;2024M01;0,031115
Asturias, Principado de;Castilla y León;2024M12;0,201917
Asturias, Principado de;Castilla y León;2024M11;0,177828
Asturias, Principado de;Castilla y León;2024M10;0,217468
Asturias, Principado de;Castilla y León;2024M09;0,293522
Asturias, Principado de;Castilla y León;2024M08;0,479026
Asturias, Principado de;Castilla y León;2024M07;0,381613
Asturias, Principado de;Castilla y León;2024M06;0,200521
Asturias, Principado de;Castilla y León;2024M05;0,17348
Asturias, Principado de;Castilla y León;2024M04;0,185297
Asturias, Principado de;Castilla y León;2024M03;0,19861
Asturias, Principado de;Castilla y León;2024M02;0,13904
Asturias, Principado de;Castilla y León;2024M01;0,171903
Asturias, Principado de;Cataluña;2024M12;0,069161
Asturias, Principado de;Cataluña;2024M11;0,072615
Asturias, Principado de;Cataluña;2024M10;0,08394
Asturias, Principado de;Cataluña;2024M09;0,171076
Asturias, Principado de;Cataluña;2024M08;0,390041
Asturias, Principado de;Cataluña;2024M07;0,152604
Asturias, Principado de;Cataluña;2024M06;0,075709
Asturias, Principado de;Cataluña;2024M05;0,066855
Asturias, Principado de;Cataluña;2024M04;0,055376
Asturias, Principado de;Cataluña;2024M03;0,057927
Asturias, Principado de;Cataluña;2024M02;0,043485
Asturias, Principado de;Cataluña;2024M01;0,080401
Asturias, Principado de;Comunitat Valenciana;2024M12;0,050531
Asturias, Principado de;Comunitat Valenciana;2024M11;0,058262
Asturias, Principado de;Comunitat Valenciana;2024M10;0,076569
Asturias, Principado de;Comunitat Valenciana;2024M09;0,137793
Asturias, Principado de;Comunitat Valenciana;2024M08;0,305894
Asturias, Principado de;Comunitat Valenciana;2024M07;0,122029
Asturias, Principado de;Comunitat Valenciana;2024M06;0,055547
Asturias, Principado de;Comunitat Valenciana;2024M05;0,045374
Asturias, Principado de;Comunitat Valenciana;2024M04;0,044844
Asturias, Principado de;Comunitat Valenciana;2024M03;0,040551
Asturias, Principado de;Comunitat Valenciana;2024M02;0,030152
Asturias, Principado de;Comunitat Valenciana;2024M01;0,052709
Asturias, Principado de;Extremadura;2024M12;0,01716
Asturias, Principado de;Extremadura;2024M11;0,014897
Asturias, Principado de;Extremadura;2024M10;0,019087
Asturias, Principado de;Extremadura;2024M09;0,037005
Asturias, Principado de;Extremadura;2024M08;0,068254
Asturias, Principado de;Extremadura;2024M07;0,045532
Asturias, Principado de;Extremadura;2024M06;0,019042
Asturias, Principado de;Extremadura;2024M05;0,014547
Asturias, Principado de;Extremadura;2024M04;0,014386
Asturias, Principado de;Extremadura;2024M03;0,01775
Asturias, Principado de;Extremadura;2024M02;0,009725
Asturias, Principado de;Extremadura;2024M01;0,016045
Asturias, Principado de;Galicia;2024M12;0,139536
Asturias, Principado de;Galicia;2024M11;0,144629
Asturias, Principado de;Galicia;2024M10;0,160539
Asturias, Principado de;Galicia;2024M09;0,167874
Asturias, Principado de;Galicia;2024M08;0,223355
Asturias, Principado de;Galicia;2024M07;0,203618
Asturias, Principado de;Galicia;2024M06;0,140554
Asturias, Principado de;Galicia;2024M05;0,139925
Asturias, Principado de;Galicia;2024M04;0,109258
Asturias, Principado de;Galicia;2024M03;0,154036
Asturias, Principado de;Galicia;2024M02;0,104619
Asturias, Principado de;Galicia;2024M01;0,136267
Asturias, Principado de;Madrid, Comunidad de;2024M12;0,343859
Asturias, Principado de;Madrid, Comunidad de;2024M11;0,275096
Asturias, Principado de;Madrid, Comunidad de;2024M10;0,269404
Asturias, Principado de;Madrid, Comunidad de;2024M09;0,721018
Asturias, Principado de;Madrid, Comunidad de;2024M08;1,882451
Asturias, Principado de;Madrid, Comunidad de;2024M07;0,907774
Asturias, Principado de;Madrid, Comunidad de;2024M06;0,281598
Asturias, Principado de;Madrid, Comunidad de;2024M05;0,325484
Asturias, Principado de;Madrid, Comunidad de;2024M04;0,266482
Asturias, Principado de;Madrid, Comunidad de;2024M03;0,329876
Asturias, Principado de;Madrid, Comunidad de;2024M02;0,170057
Asturias, Principado de;Madrid, Comunidad de;2024M01;0,340281
Asturias, Principado de;Murcia, Región de;2024M12;0,014499
Asturias, Principado de;Murcia, Región de;2024M11;0,011923
Asturias, Principado de;Murcia, Región de;2024M10;0,019954
Asturias, Principado de;Murcia, Región de;2024M09;0,033527
Asturias, Principado de;Murcia, Región de;2024M08;0,085363
Asturias, Principado de;Murcia, Región de;2024M07;0,037185
Asturias, Principado de;Murcia, Región de;2024M06;0,012658
Asturias, Principado de;Murcia, Región de;2024M05;0,009757
Asturias, Principado de;Murcia, Región de;2024M04;0,009278
Asturias, Principado de;Murcia, Región de;2024M03;0,011173
Asturias, Principado de;Murcia, Región de;2024M02;0,007075
Asturias, Principado de;Murcia, Región de;2024M01;0,011121
Asturias, Principado de;Navarra, Comunidad Foral de;2024M12;0,014464
Asturias, Principado de;Navarra, Comunidad Foral de;2024M11;0,01232
Asturias, Principado de;Navarra, Comunidad Foral de;2024M10;0,01366
Asturias, Principado de;Navarra, Comunidad Foral de;2024M09;0,020407
Asturias, Principado de;Navarra, Comunidad Foral de;2024M08;0,045152
Asturias, Principado de;Navarra, Comunidad Foral de;2024M07;0,036294
Asturias, Principado de;Navarra, Comunidad Foral de;2024M06;0,013694
Asturias, Principado de;Navarra, Comunidad Foral de;2024M05;0,010746
Asturias, Principado de;Navarra, Comunidad Foral de;2024M04;0,012021
Asturias, Principado de;Navarra, Comunidad Foral de;2024M03;0,00969
Asturias, Principado de;Navarra, Comunidad Foral de;2024M02;0,008522
Asturias, Principado de;Navarra, Comunidad Foral de;2024M01;0,011835
Asturias, Principado de;País Vasco;2024M12;0,081905
Asturias, Principado de;País Vasco;2024M11;0,084717
Asturias, Principado de;País Vasco;2024M10;0,082553
Asturias, Principado de;País Vasco;2024M09;0,1283
Asturias, Principado de;País Vasco;2024M08;0,217685
Asturias, Principado de;País Vasco;2024M07;0,160475
Asturias, Principado de;País Vasco;2024M06;0,094231
Asturias, Principado de;País Vasco;2024M05;0,072007
Asturias, Principado de;País Vasco;2024M04;0,079441
Asturias, Principado de;País Vasco;2024M03;0,066376
Asturias, Principado de;País Vasco;2024M02;0,045514
Asturias, Principado de;País Vasco;2024M01;0,060354
Asturias, Principado de;Rioja, La;2024M12;0,009021
Asturias, Principado de;Rioja, La;2024M11;0,008109
Asturias, Principado de;Rioja, La;2024M10;0,009454
Asturias, Principado de;Rioja, La;2024M09;0,015274
Asturias, Principado de;Rioja, La;2024M08;0,033451
Asturias, Principado de;Rioja, La;2024M07;0,020622
Asturias, Principado de;Rioja, La;2024M06;0,012617
Asturias, Principado de;Rioja, La;2024M05;0,007887
Asturias, Principado de;Rioja, La;2024M04;0,010088
Asturias, Principado de;Rioja, La;2024M03;0,00778
Asturias, Principado de;Rioja, La;2024M02;0,004434
Asturias, Principado de;Rioja, La;2024M01;0,007994
Balears, Illes;Andalucía;2024M12;0,131004
Balears, Illes;Andalucía;2024M11;0,199704
Balears, Illes;Andalucía;2024M10;0,213931
Balears, Illes;Andalucía;2024M09;0,296013
Balears, Illes;Andalucía;2024M08;0,392987
Balears, Illes;Andalucía;2024M07;0,338834
Balears, Illes;Andalucía;2024M06;0,216848
Balears, Illes;Andalucía;2024M05;0,17645
Balears, Illes;Andalucía;2024M04;0,153146
Balears, Illes;Andalucía;2024M03;0,191852
Balears, Illes;Andalucía;2024M02;0,122346
Balears, Illes;Andalucía;2024M01;0,123567
Balears, Illes;Aragón;2024M12;0,024568
Balears, Illes;Aragón;2024M11;0,051513
Balears, Illes;Aragón;2024M10;0,058631
Balears, Illes;Aragón;2024M09;0,055183
Balears, Illes;Aragón;2024M08;0,102289
Balears, Illes;Aragón;2024M07;0,081055
Balears, Illes;Aragón;2024M06;0,042118
Balears, Illes;Aragón;2024M05;0,029995
Balears, Illes;Aragón;2024M04;0,030974
Balears, Illes;Aragón;2024M03;0,024469
Balears, Illes;Aragón;2024M02;0,018253
Balears, Illes;Aragón;2024M01;0,018685
Balears, Illes;Asturias, Principado de;2024M12;0,009286
Balears, Illes;Asturias, Principado de;2024M11;0,008833
Balears, Illes;Asturias, Principado de;2024M10;0,01863
Balears, Illes;Asturias, Principado de;2024M09;0,041044
Balears, Illes;Asturias, Principado de;2024M08;0,039912
Balears, Illes;Asturias, Principado de;2024M07;0,046453
Balears, Illes;Asturias, Principado de;2024M06;0,034583
Balears, Illes;Asturias, Principado de;2024M05;0,018263
Balears, Illes;Asturias, Principado de;2024M04;0,009882
Balears, Illes;Asturias, Principado de;2024M03;0,01816
Balears, Illes;Asturias, Principado de;2024M02;0,017682
Balears, Illes;Asturias, Principado de;2024M01;0,008178
Balears, Illes;Balears, Illes;2024M12;0
Balears, Illes;Balears, Illes;2024M11;0
Balears, Illes;Balears, Illes;2024M10;0
Balears, Illes;Balears, Illes;2024M09;0
Balears, Illes;Balears, Illes;2024M08;0
Balears, Illes;Balears, Illes;2024M07;0
Balears, Illes;Balears, Illes;2024M06;0
Balears, Illes;Balears, Illes;2024M05;0
Balears, Illes;Balears, Illes;2024M04;0
Balears, Illes;Balears, Illes;2024M03;0
Balears, Illes;Balears, Illes;2024M02;0
Balears, Illes;Balears, Illes;2024M01;0
Balears, Illes;Canarias;2024M12;0,024168
Balears, Illes;Canarias;2024M11;0,040911
Balears, Illes;Canarias;2024M10;0,053411
Balears, Illes;Canarias;2024M09;0,052758
Balears, Illes;Canarias;2024M08;0,05648
Balears, Illes;Canarias;2024M07;0,053642
Balears, Illes;Canarias;2024M06;0,043556
Balears, Illes;Canarias;2024M05;0,037419
Balears, Illes;Canarias;2024M04;0,041687
Balears, Illes;Canarias;2024M03;0,049058
Balears, Illes;Canarias;2024M02;0,03077
Balears, Illes;Canarias;2024M01;0,026708
Balears, Illes;Cantabria;2024M12;0,008129
Balears, Illes;Cantabria;2024M11;0
Balears, Illes;Cantabria;2024M10;0,015202
Balears, Illes;Cantabria;2024M09;0,026491
Balears, Illes;Cantabria;2024M08;0,027639
Balears, Illes;Cantabria;2024M07;0,028269
Balears, Illes;Cantabria;2024M06;0,019536
Balears, Illes;Cantabria;2024M05;0,014866
Balears, Illes;Cantabria;2024M04;0,011912
Balears, Illes;Cantabria;2024M03;0,013184
Balears, Illes;Cantabria;2024M02;0,008325
Balears, Illes;Cantabria;2024M01;0,004935
Balears, Illes;Castilla - La Mancha;2024M12;0,0312
Balears, Illes;Castilla - La Mancha;2024M11;0,04852
Balears, Illes;Castilla - La Mancha;2024M10;0,049571
Balears, Illes;Castilla - La Mancha;2024M09;0,063465
Balears, Illes;Castilla - La Mancha;2024M08;0,091879
Balears, Illes;Castilla - La Mancha;2024M07;0,076379
Balears, Illes;Castilla - La Mancha;2024M06;0,048445
Balears, Illes;Castilla - La Mancha;2024M05;0,039608
Balears, Illes;Castilla - La Mancha;2024M04;0,035269
Balears, Illes;Castilla - La Mancha;2024M03;0,043103
Balears, Illes;Castilla - La Mancha;2024M02;0,028856
Balears, Illes;Castilla - La Mancha;2024M01;0,025204
Balears, Illes;Castilla y León;2024M12;0
Balears, Illes;Castilla y León;2024M11;0
Balears, Illes;Castilla y León;2024M10;0,06317
Balears, Illes;Castilla y León;2024M09;0,085468
Balears, Illes;Castilla y León;2024M08;0,112577
Balears, Illes;Castilla y León;2024M07;0,105071
Balears, Illes;Castilla y León;2024M06;0,074038
Balears, Illes;Castilla y León;2024M05;0,058319
Balears, Illes;Castilla y León;2024M04;0,050045
Balears, Illes;Castilla y León;2024M03;0,04938
Balears, Illes;Castilla y León;2024M02;0,036161
Balears, Illes;Castilla y León;2024M01;0,032363
Balears, Illes;Cataluña;2024M12;0,208477
Balears, Illes;Cataluña;2024M11;0,285251
Balears, Illes;Cataluña;2024M10;0,332553
Balears, Illes;Cataluña;2024M09;0,749427
Balears, Illes;Cataluña;2024M08;1,407882
Balears, Illes;Cataluña;2024M07;0,785045
Balears, Illes;Cataluña;2024M06;0,499187
Balears, Illes;Cataluña;2024M05;0,324945
Balears, Illes;Cataluña;2024M04;0,277844
Balears, Illes;Cataluña;2024M03;0,276496
Balears, Illes;Cataluña;2024M02;0,176361
Balears, Illes;Cataluña;2024M01;0,227723
Balears, Illes;Comunitat Valenciana;2024M12;0,09899
Balears, Illes;Comunitat Valenciana;2024M11;0,137831
Balears, Illes;Comunitat Valenciana;2024M10;0,18456
Balears, Illes;Comunitat Valenciana;2024M09;0,269396
Balears, Illes;Comunitat Valenciana;2024M08;0,426015
Balears, Illes;Comunitat Valenciana;2024M07;0,310612
Balears, Illes;Comunitat Valenciana;2024M06;0,223861
Balears, Illes;Comunitat Valenciana;2024M05;0,148911
Balears, Illes;Comunitat Valenciana;2024M04;0,140834
Balears, Illes;Comunitat Valenciana;2024M03;0,123969
Balears, Illes;Comunitat Valenciana;2024M02;0,09532
Balears, Illes;Comunitat Valenciana;2024M01;0,096957
Balears, Illes;Extremadura;2024M12;0,016406
Balears, Illes;Extremadura;2024M11;0
Balears, Illes;Extremadura;2024M10;0
Balears, Illes;Extremadura;2024M09;0,03372
Balears, Illes;Extremadura;2024M08;0,04517
Balears, Illes;Extremadura;2024M07;0,034598
Balears, Illes;Extremadura;2024M06;0,019648
Balears, Illes;Extremadura;2024M05;0,016489
Balears, Illes;Extremadura;2024M04;0,021654
Balears, Illes;Extremadura;2024M03;0,025908
Balears, Illes;Extremadura;2024M02;0,014043
Balears, Illes;Extremadura;2024M01;0,009878
Balears, Illes;Galicia;2024M12;0
Balears, Illes;Galicia;2024M11;0,064011
Balears, Illes;Galicia;2024M10;0,080731
Balears, Illes;Galicia;2024M09;0,09133
Balears, Illes;Galicia;2024M08;0,113823
Balears, Illes;Galicia;2024M07;0,119693
Balears, Illes;Galicia;2024M06;0,084986
Balears, Illes;Galicia;2024M05;0,074881
Balears, Illes;Galicia;2024M04;0,05751
Balears, Illes;Galicia;2024M03;0,080673
Balears, Illes;Galicia;2024M02;0,05301
Balears, Illes;Galicia;2024M01;0,045189
Balears, Illes;Madrid, Comunidad de;2024M12;0,163315
Balears, Illes;Madrid, Comunidad de;2024M11;0,205234
Balears, Illes;Madrid, Comunidad de;2024M10;0,275333
Balears, Illes;Madrid, Comunidad de;2024M09;0,501843
Balears, Illes;Madrid, Comunidad de;2024M08;0,969348
Balears, Illes;Madrid, Comunidad de;2024M07;0,583871
Balears, Illes;Madrid, Comunidad de;2024M06;0,354062
Balears, Illes;Madrid, Comunidad de;2024M05;0,279249
Balears, Illes;Madrid, Comunidad de;2024M04;0,200829
Balears, Illes;Madrid, Comunidad de;2024M03;0,190429
Balears, Illes;Madrid, Comunidad de;2024M02;0,130413
Balears, Illes;Madrid, Comunidad de;2024M01;0,160387
Balears, Illes;Murcia, Región de;2024M12;0,021147
Balears, Illes;Murcia, Región de;2024M11;0,030073
Balears, Illes;Murcia, Región de;2024M10;0,036691
Balears, Illes;Murcia, Región de;2024M09;0,04624
Balears, Illes;Murcia, Región de;2024M08;0,073062
Balears, Illes;Murcia, Región de;2024M07;0,057436
Balears, Illes;Murcia, Región de;2024M06;0,03374
Balears, Illes;Murcia, Región de;2024M05;0,022812
Balears, Illes;Murcia, Región de;2024M04;0,019987
Balears, Illes;Murcia, Región de;2024M03;0,024838
Balears, Illes;Murcia, Región de;2024M02;0,01611
Balears, Illes;Murcia, Región de;2024M01;0,018252
Balears, Illes;Navarra, Comunidad Foral de;2024M12;0,007556
Balears, Illes;Navarra, Comunidad Foral de;2024M11;0,008171
Balears, Illes;Navarra, Comunidad Foral de;2024M10;0,015042
Balears, Illes;Navarra, Comunidad Foral de;2024M09;0,02273
Balears, Illes;Navarra, Comunidad Foral de;2024M08;0,035767
Balears, Illes;Navarra, Comunidad Foral de;2024M07;0,038198
Balears, Illes;Navarra, Comunidad Foral de;2024M06;0,019141
Balears, Illes;Navarra, Comunidad Foral de;2024M05;0,012735
Balears, Illes;Navarra, Comunidad Foral de;2024M04;0,01248
Balears, Illes;Navarra, Comunidad Foral de;2024M03;0,012072
Balears, Illes;Navarra, Comunidad Foral de;2024M02;0,007233
Balears, Illes;Navarra, Comunidad Foral de;2024M01;0,008027
Balears, Illes;País Vasco;2024M12;0,036936
Balears, Illes;País Vasco;2024M11;0,055469
Balears, Illes;País Vasco;2024M10;0,076142
Balears, Illes;País Vasco;2024M09;0,130379
Balears, Illes;País Vasco;2024M08;0,210826
Balears, Illes;País Vasco;2024M07;0,159244
Balears, Illes;País Vasco;2024M06;0,117784
Balears, Illes;País Vasco;2024M05;0,070239
Balears, Illes;País Vasco;2024M04;0,054398
Balears, Illes;País Vasco;2024M03;0,053152
Balears, Illes;País Vasco;2024M02;0,036313
Balears, Illes;País Vasco;2024M01;0,03122
Balears, Illes;Rioja, La;2024M12;0,003387
Balears, Illes;Rioja, La;2024M11;0,004882
Balears, Illes;Rioja, La;2024M10;0,008799
Balears, Illes;Rioja, La;2024M09;0,012393
Balears, Illes;Rioja, La;2024M08;0,015057
Balears, Illes;Rioja, La;2024M07;0,012562
Balears, Illes;Rioja, La;2024M06;0,009126
Balears, Illes;Rioja, La;2024M05;0,004981
Balears, Illes;Rioja, La;2024M04;0,006336
Balears, Illes;Rioja, La;2024M03;0,005673
Balears, Illes;Rioja, La;2024M02;0,00525
Balears, Illes;Rioja, La;2024M01;0
Canarias;Andalucía;2024M12;0,261253
Canarias;Andalucía;2024M11;0,270772
Canarias;Andalucía;2024M10;0,290693
Canarias;Andalucía;2024M09;0,363879
Canarias;Andalucía;2024M08;0,410081
Canarias;Andalucía;2024M07;0,366224
Canarias;Andalucía;2024M06;0,257042
Canarias;Andalucía;2024M05;0,22427
Canarias;Andalucía;2024M04;0,199676
Canarias;Andalucía;2024M03;0,228437
Canarias;Andalucía;2024M02;0,19584
Canarias;Andalucía;2024M01;0,243978
Canarias;Aragón;2024M12;0,045145
Canarias;Aragón;2024M11;0,044538
Canarias;Aragón;2024M10;0,045633
Canarias;Aragón;2024M09;0,049947
Canarias;Aragón;2024M08;0,073889
Canarias;Aragón;2024M07;0,06173
Canarias;Aragón;2024M06;0,041749
Canarias;Aragón;2024M05;0,032773
Canarias;Aragón;2024M04;0,036865
Canarias;Aragón;2024M03;0,035129
Canarias;Aragón;2024M02;0,024776
Canarias;Aragón;2024M01;0,037736
Canarias;Asturias, Principado de;2024M12;0,031389
Canarias;Asturias, Principado de;2024M11;0,030302
Canarias;Asturias, Principado de;2024M10;0,050332
Canarias;Asturias, Principado de;2024M09;0,053895
Canarias;Asturias, Principado de;2024M08;0,058307
Canarias;Asturias, Principado de;2024M07;0,053093
Canarias;Asturias, Principado de;2024M06;0,038921
Canarias;Asturias, Principado de;2024M05;0,035793
Canarias;Asturias, Principado de;2024M04;0,018471
Canarias;Asturias, Principado de;2024M03;0,026295
Canarias;Asturias, Principado de;2024M02;0,030959
Canarias;Asturias, Principado de;2024M01;0,034366
Canarias;Balears, Illes;2024M12;0,04752
Canarias;Balears, Illes;2024M11;0,06053
Canarias;Balears, Illes;2024M10;0,038958
Canarias;Balears, Illes;2024M09;0,034501
Canarias;Balears, Illes;2024M08;0,044006
Canarias;Balears, Illes;2024M07;0,040818
Canarias;Balears, Illes;2024M06;0,034413
Canarias;Balears, Illes;2024M05;0,030267
Canarias;Balears, Illes;2024M04;0,035604
Canarias;Balears, Illes;2024M03;0,039827
Canarias;Balears, Illes;2024M02;0,03774
Canarias;Balears, Illes;2024M01;0,057102
Canarias;Canarias;2024M12;0,418882
Canarias;Canarias;2024M11;0,378961
Canarias;Canarias;2024M10;0,417841
Canarias;Canarias;2024M09;0,503884
Canarias;Canarias;2024M08;0,627514
Canarias;Canarias;2024M07;0,54581
Canarias;Canarias;2024M06;0,3801
Canarias;Canarias;2024M05;0,343571
Canarias;Canarias;2024M04;0,334618
Canarias;Canarias;2024M03;0,36157
Canarias;Canarias;2024M02;0,315467
Canarias;Canarias;2024M01;0,364188
Canarias;Cantabria;2024M12;0,026531
Canarias;Cantabria;2024M11;0,036994
Canarias;Cantabria;2024M10;0,038772
Canarias;Cantabria;2024M09;0,041611
Canarias;Cantabria;2024M08;0,031086
Canarias;Cantabria;2024M07;0,033558
Canarias;Cantabria;2024M06;0,030174
Canarias;Cantabria;2024M05;0,02695
Canarias;Cantabria;2024M04;0,021768
Canarias;Cantabria;2024M03;0,026901
Canarias;Cantabria;2024M02;0,02588
Canarias;Cantabria;2024M01;0,025771
Canarias;Castilla - La Mancha;2024M12;0,058327
Canarias;Castilla - La Mancha;2024M11;0,058758
Canarias;Castilla - La Mancha;2024M10;0,068915
Canarias;Castilla - La Mancha;2024M09;0,088094
Canarias;Castilla - La Mancha;2024M08;0,109686
Canarias;Castilla - La Mancha;2024M07;0,099639
Canarias;Castilla - La Mancha;2024M06;0,071936
Canarias;Castilla - La Mancha;2024M05;0,05643
Canarias;Castilla - La Mancha;2024M04;0,046021
Canarias;Castilla - La Mancha;2024M03;0,05052
Canarias;Castilla - La Mancha;2024M02;0,038694
Canarias;Castilla - La Mancha;2024M01;0,052712
Canarias;Castilla y León;2024M12;0,095531
Canarias;Castilla y León;2024M11;0,085207
Canarias;Castilla y León;2024M10;0,108861
Canarias;Castilla y León;2024M09;0,133864
Canarias;Castilla y León;2024M08;0,154011
Canarias;Castilla y León;2024M07;0,142528
Canarias;Castilla y León;2024M06;0,098578
Canarias;Castilla y León;2024M05;0,080223
Canarias;Castilla y León;2024M04;0,078428
Canarias;Castilla y León;2024M03;0,08278
Canarias;Castilla y León;2024M02;0,068123
Canarias;Castilla y León;2024M01;0,093923
Canarias;Cataluña;2024M12;0,223588
Canarias;Cataluña;2024M11;0,249742
Canarias;Cataluña;2024M10;0,235792
Canarias;Cataluña;2024M09;0,2917
Canarias;Cataluña;2024M08;0,363817
Canarias;Cataluña;2024M07;0,280665
Canarias;Cataluña;2024M06;0,220528
Canarias;Cataluña;2024M05;0,20448
Canarias;Cataluña;2024M04;0,171088
Canarias;Cataluña;2024M03;0,203861
Canarias;Cataluña;2024M02;0,183073
Canarias;Cataluña;2024M01;0,236518
Canarias;Comunitat Valenciana;2024M12;0,110582
Canarias;Comunitat Valenciana;2024M11;0,130998
Canarias;Comunitat Valenciana;2024M10;0,133118
Canarias;Comunitat Valenciana;2024M09;0,152583
Canarias;Comunitat Valenciana;2024M08;0,181434
Canarias;Comunitat Valenciana;2024M07;0,143107
Canarias;Comunitat Valenciana;2024M06;0,103564
Canarias;Comunitat Valenciana;2024M05;0,100678
Canarias;Comunitat Valenciana;2024M04;0,084955
Canarias;Comunitat Valenciana;2024M03;0,092419
Canarias;Comunitat Valenciana;2024M02;0,089423
Canarias;Comunitat Valenciana;2024M01;0,112838
Canarias;Extremadura;2024M12;0,031338
Canarias;Extremadura;2024M11;0,031131
Canarias;Extremadura;2024M10;0,037701
Canarias;Extremadura;2024M09;0,047473
Canarias;Extremadura;2024M08;0,054349
Canarias;Extremadura;2024M07;0,05303
Canarias;Extremadura;2024M06;0,03009
Canarias;Extremadura;2024M05;0,026226
Canarias;Extremadura;2024M04;0,0206
Canarias;Extremadura;2024M03;0,027142
Canarias;Extremadura;2024M02;0,021886
Canarias;Extremadura;2024M01;0,026602
Canarias;Galicia;2024M12;0,190086
Canarias;Galicia;2024M11;0,201364
Canarias;Galicia;2024M10;0,182779
Canarias;Galicia;2024M09;0,176752
Canarias;Galicia;2024M08;0,222593
Canarias;Galicia;2024M07;0,213262
Canarias;Galicia;2024M06;0,169867
Canarias;Galicia;2024M05;0,1586
Canarias;Galicia;2024M04;0,139411
Canarias;Galicia;2024M03;0,154433
Canarias;Galicia;2024M02;0,126438
Canarias;Galicia;2024M01;0,171098
Canarias;Madrid, Comunidad de;2024M12;0,40622
Canarias;Madrid, Comunidad de;2024M11;0,370491
Canarias;Madrid, Comunidad de;2024M10;0,4017
Canarias;Madrid, Comunidad de;2024M09;0,570666
Canarias;Madrid, Comunidad de;2024M08;0,846518
Canarias;Madrid, Comunidad de;2024M07;0,56487
Canarias;Madrid, Comunidad de;2024M06;0,362023
Canarias;Madrid, Comunidad de;2024M05;0,383947
Canarias;Madrid, Comunidad de;2024M04;0,319861
Canarias;Madrid, Comunidad de;2024M03;0,357581
Canarias;Madrid, Comunidad de;2024M02;0,284956
Canarias;Madrid, Comunidad de;2024M01;0,45769
Canarias;Murcia, Región de;2024M12;0,044397
Canarias;Murcia, Región de;2024M11;0,03336
Canarias;Murcia, Región de;2024M10;0,038203
Canarias;Murcia, Región de;2024M09;0,04313
Canarias;Murcia, Región de;2024M08;0,056866
Canarias;Murcia, Región de;2024M07;0,054571
Canarias;Murcia, Región de;2024M06;0,031979
Canarias;Murcia, Región de;2024M05;0,026662
Canarias;Murcia, Región de;2024M04;0,026962
Canarias;Murcia, Región de;2024M03;0,035144
Canarias;Murcia, Región de;2024M02;0,025621
Canarias;Murcia, Región de;2024M01;0,027038
Canarias;Navarra, Comunidad Foral de;2024M12;0,038247
Canarias;Navarra, Comunidad Foral de;2024M11;0,02455
Canarias;Navarra, Comunidad Foral de;2024M10;0,02402
Canarias;Navarra, Comunidad Foral de;2024M09;0,026654
Canarias;Navarra, Comunidad Foral de;2024M08;0,038323
Canarias;Navarra, Comunidad Foral de;2024M07;0,037561
Canarias;Navarra, Comunidad Foral de;2024M06;0,024092
Canarias;Navarra, Comunidad Foral de;2024M05;0,02071
Canarias;Navarra, Comunidad Foral de;2024M04;0,021496
Canarias;Navarra, Comunidad Foral de;2024M03;0,020586
Canarias;Navarra, Comunidad Foral de;2024M02;0,016417
Canarias;Navarra, Comunidad Foral de;2024M01;0,022261
Canarias;País Vasco;2024M12;0,158704
Canarias;País Vasco;2024M11;0,136637
Canarias;País Vasco;2024M10;0,139926
Canarias;País Vasco;2024M09;0,153383
Canarias;País Vasco;2024M08;0,214852
Canarias;País Vasco;2024M07;0,145035
Canarias;País Vasco;2024M06;0,134591
Canarias;País Vasco;2024M05;0,116636
Canarias;País Vasco;2024M04;0,120541
Canarias;País Vasco;2024M03;0,112914
Canarias;País Vasco;2024M02;0,087519
Canarias;País Vasco;2024M01;0,118175
Canarias;Rioja, La;2024M12;0,013952
Canarias;Rioja, La;2024M11;0,012592
Canarias;Rioja, La;2024M10;0,011178
Canarias;Rioja, La;2024M09;0,017095
Canarias;Rioja, La;2024M08;0,022243
Canarias;Rioja, La;2024M07;0,014989
Canarias;Rioja, La;2024M06;0,010914
Canarias;Rioja, La;2024M05;0,011189
Canarias;Rioja, La;2024M04;0,009851
Canarias;Rioja, La;2024M03;0,007124
Canarias;Rioja, La;2024M02;0,007219
Canarias;Rioja, La;2024M01;0,01071
Cantabria;Andalucía;2024M12;0,050162
Cantabria;Andalucía;2024M11;0,053925
Cantabria;Andalucía;2024M10;0,073283
Cantabria;Andalucía;2024M09;0,133203
Cantabria;Andalucía;2024M08;0,274688
Cantabria;Andalucía;2024M07;0,135692
Cantabria;Andalucía;2024M06;0,059322
Cantabria;Andalucía;2024M05;0,04393
Cantabria;Andalucía;2024M04;0,035182
Cantabria;Andalucía;2024M03;0,052635
Cantabria;Andalucía;2024M02;0,029244
Cantabria;Andalucía;2024M01;0,047835
Cantabria;Aragón;2024M12;0,024182
Cantabria;Aragón;2024M11;0,021346
Cantabria;Aragón;2024M10;0,02783
Cantabria;Aragón;2024M09;0,054003
Cantabria;Aragón;2024M08;0,146156
Cantabria;Aragón;2024M07;0,086444
Cantabria;Aragón;2024M06;0,028758
Cantabria;Aragón;2024M05;0,017926
Cantabria;Aragón;2024M04;0,025691
Cantabria;Aragón;2024M03;0,021865
Cantabria;Aragón;2024M02;0,009434
Cantabria;Aragón;2024M01;0,019341
Cantabria;Asturias, Principado de;2024M12;0,04586
Cantabria;Asturias, Principado de;2024M11;0,043868
Cantabria;Asturias, Principado de;2024M10;0,051612
Cantabria;Asturias, Principado de;2024M09;0,065043
Cantabria;Asturias, Principado de;2024M08;0,073803
Cantabria;Asturias, Principado de;2024M07;0,062723
Cantabria;Asturias, Principado de;2024M06;0,047122
Cantabria;Asturias, Principado de;2024M05;0,045028
Cantabria;Asturias, Principado de;2024M04;0,049381
Cantabria;Asturias, Principado de;2024M03;0,039582
Cantabria;Asturias, Principado de;2024M02;0,043332
Cantabria;Asturias, Principado de;2024M01;0,038952
Cantabria;Balears, Illes;2024M12;0,010659
Cantabria;Balears, Illes;2024M11;0,010314
Cantabria;Balears, Illes;2024M10;0,015187
Cantabria;Balears, Illes;2024M09;0,016917
Cantabria;Balears, Illes;2024M08;0,032789
Cantabria;Balears, Illes;2024M07;0,019319
Cantabria;Balears, Illes;2024M06;0,012437
Cantabria;Balears, Illes;2024M05;0,009341
Cantabria;Balears, Illes;2024M04;0,011364
Cantabria;Balears, Illes;2024M03;0,010186
Cantabria;Balears, Illes;2024M02;0,005442
Cantabria;Balears, Illes;2024M01;0,012331
Cantabria;Canarias;2024M12;0,01957
Cantabria;Canarias;2024M11;0,02182
Cantabria;Canarias;2024M10;0,025582
Cantabria;Canarias;2024M09;0,037426
Cantabria;Canarias;2024M08;0,042764
Cantabria;Canarias;2024M07;0,035412
Cantabria;Canarias;2024M06;0,02613
Cantabria;Canarias;2024M05;0,021097
Cantabria;Canarias;2024M04;0,016449
Cantabria;Canarias;2024M03;0,016658
Cantabria;Canarias;2024M02;0,010303
Cantabria;Canarias;2024M01;0,018814
Cantabria;Cantabria;2024M12;0
Cantabria;Cantabria;2024M11;0
Cantabria;Cantabria;2024M10;0
Cantabria;Cantabria;2024M09;0
Cantabria;Cantabria;2024M08;0
Cantabria;Cantabria;2024M07;0
Cantabria;Cantabria;2024M06;0
Cantabria;Cantabria;2024M05;0
Cantabria;Cantabria;2024M04;0
Cantabria;Cantabria;2024M03;0
Cantabria;Cantabria;2024M02;0
Cantabria;Cantabria;2024M01;0
Cantabria;Castilla - La Mancha;2024M12;0,022633
Cantabria;Castilla - La Mancha;2024M11;0,028746
Cantabria;Castilla - La Mancha;2024M10;0,036623
Cantabria;Castilla - La Mancha;2024M09;0,05861
Cantabria;Castilla - La Mancha;2024M08;0,146908
Cantabria;Castilla - La Mancha;2024M07;0,089508
Cantabria;Castilla - La Mancha;2024M06;0,035868
Cantabria;Castilla - La Mancha;2024M05;0,026336
Cantabria;Castilla - La Mancha;2024M04;0,020972
Cantabria;Castilla - La Mancha;2024M03;0,024754
Cantabria;Castilla - La Mancha;2024M02;0,014783
Cantabria;Castilla - La Mancha;2024M01;0,01863
Cantabria;Castilla y León;2024M12;0,156873
Cantabria;Castilla y León;2024M11;0,136899
Cantabria;Castilla y León;2024M10;0,154888
Cantabria;Castilla y León;2024M09;0,302689
Cantabria;Castilla y León;2024M08;0,656312
Cantabria;Castilla y León;2024M07;0,479985
Cantabria;Castilla y León;2024M06;0,183022
Cantabria;Castilla y León;2024M05;0,138851
Cantabria;Castilla y León;2024M04;0,161468
Cantabria;Castilla y León;2024M03;0,164588
Cantabria;Castilla y León;2024M02;0,10571
Cantabria;Castilla y León;2024M01;0,122365
Cantabria;Cataluña;2024M12;0,048354
Cantabria;Cataluña;2024M11;0,053077
Cantabria;Cataluña;2024M10;0,06739
Cantabria;Cataluña;2024M09;0,129301
Cantabria;Cataluña;2024M08;0,326406
Cantabria;Cataluña;2024M07;0,119543
Cantabria;Cataluña;2024M06;0,069218
Cantabria;Cataluña;2024M05;0,058803
Cantabria;Cataluña;2024M04;0,045087
Cantabria;Cataluña;2024M03;0,059596
Cantabria;Cataluña;2024M02;0,031694
Cantabria;Cataluña;2024M01;0,054939
Cantabria;Comunitat Valenciana;2024M12;0,027322
Cantabria;Comunitat Valenciana;2024M11;0,031861
Cantabria;Comunitat Valenciana;2024M10;0,053934
Cantabria;Comunitat Valenciana;2024M09;0,08999
Cantabria;Comunitat Valenciana;2024M08;0,213075
Cantabria;Comunitat Valenciana;2024M07;0,087223
Cantabria;Comunitat Valenciana;2024M06;0,036874
Cantabria;Comunitat Valenciana;2024M05;0,032243
Cantabria;Comunitat Valenciana;2024M04;0,025394
Cantabria;Comunitat Valenciana;2024M03;0,027952
Cantabria;Comunitat Valenciana;2024M02;0,02126
Cantabria;Comunitat Valenciana;2024M01;0,030791
Cantabria;Extremadura;2024M12;0,010065
Cantabria;Extremadura;2024M11;0,010182
Cantabria;Extremadura;2024M10;0,012863
Cantabria;Extremadura;2024M09;0,023288
Cantabria;Extremadura;2024M08;0,041392
Cantabria;Extremadura;2024M07;0,031786
Cantabria;Extremadura;2024M06;0,010006
Cantabria;Extremadura;2024M05;0,008865
Cantabria;Extremadura;2024M04;0,010148
Cantabria;Extremadura;2024M03;0,011786
Cantabria;Extremadura;2024M02;0,006432
Cantabria;Extremadura;2024M01;0,007904
Cantabria;Galicia;2024M12;0,040339
Cantabria;Galicia;2024M11;0,044219
Cantabria;Galicia;2024M10;0,049253
Cantabria;Galicia;2024M09;0,060598
Cantabria;Galicia;2024M08;0,076508
Cantabria;Galicia;2024M07;0,069172
Cantabria;Galicia;2024M06;0,047758
Cantabria;Galicia;2024M05;0,052484
Cantabria;Galicia;2024M04;0,03227
Cantabria;Galicia;2024M03;0,050577
Cantabria;Galicia;2024M02;0,027029
Cantabria;Galicia;2024M01;0,037541
Cantabria;Madrid, Comunidad de;2024M12;0,277486
Cantabria;Madrid, Comunidad de;2024M11;0,22564
Cantabria;Madrid, Comunidad de;2024M10;0,221527
Cantabria;Madrid, Comunidad de;2024M09;0,637157
Cantabria;Madrid, Comunidad de;2024M08;1,771428
Cantabria;Madrid, Comunidad de;2024M07;0,868838
Cantabria;Madrid, Comunidad de;2024M06;0,246787
Cantabria;Madrid, Comunidad de;2024M05;0,285185
Cantabria;Madrid, Comunidad de;2024M04;0,214014
Cantabria;Madrid, Comunidad de;2024M03;0,280657
Cantabria;Madrid, Comunidad de;2024M02;0,132528
Cantabria;Madrid, Comunidad de;2024M01;0,248657
Cantabria;Murcia, Región de;2024M12;0,009381
Cantabria;Murcia, Región de;2024M11;0,008306
Cantabria;Murcia, Región de;2024M10;0,012086
Cantabria;Murcia, Región de;2024M09;0,024994
Cantabria;Murcia, Región de;2024M08;0,055284
Cantabria;Murcia, Región de;2024M07;0,028066
Cantabria;Murcia, Región de;2024M06;0,008762
Cantabria;Murcia, Región de;2024M05;0,0086
Cantabria;Murcia, Región de;2024M04;0,009094
Cantabria;Murcia, Región de;2024M03;0,006117
Cantabria;Murcia, Región de;2024M02;0,005371
Cantabria;Murcia, Región de;2024M01;0,006392
Cantabria;Navarra, Comunidad Foral de;2024M12;0,020593
Cantabria;Navarra, Comunidad Foral de;2024M11;0,018357
Cantabria;Navarra, Comunidad Foral de;2024M10;0,018389
Cantabria;Navarra, Comunidad Foral de;2024M09;0,035756
Cantabria;Navarra, Comunidad Foral de;2024M08;0,092396
Cantabria;Navarra, Comunidad Foral de;2024M07;0,075541
Cantabria;Navarra, Comunidad Foral de;2024M06;0,02499
Cantabria;Navarra, Comunidad Foral de;2024M05;0,019592
Cantabria;Navarra, Comunidad Foral de;2024M04;0,020802
Cantabria;Navarra, Comunidad Foral de;2024M03;0,014068
Cantabria;Navarra, Comunidad Foral de;2024M02;0,010756
Cantabria;Navarra, Comunidad Foral de;2024M01;0,014328
Cantabria;País Vasco;2024M12;0,283631
Cantabria;País Vasco;2024M11;0,29517
Cantabria;País Vasco;2024M10;0,30623
Cantabria;País Vasco;2024M09;0,693519
Cantabria;País Vasco;2024M08;1,300382
Cantabria;País Vasco;2024M07;0,836547
Cantabria;País Vasco;2024M06;0,373374
Cantabria;País Vasco;2024M05;0,298796
Cantabria;País Vasco;2024M04;0,361183
Cantabria;País Vasco;2024M03;0,247568
Cantabria;País Vasco;2024M02;0,185606
Cantabria;País Vasco;2024M01;0,215053
Cantabria;Rioja, La;2024M12;0,017888
Cantabria;Rioja, La;2024M11;0,017522
Cantabria;Rioja, La;2024M10;0,015835
Cantabria;Rioja, La;2024M09;0,036658
Cantabria;Rioja, La;2024M08;0,092591
Cantabria;Rioja, La;2024M07;0,056577
Cantabria;Rioja, La;2024M06;0,02711
Cantabria;Rioja, La;2024M05;0,014107
Cantabria;Rioja, La;2024M04;0,018433
Cantabria;Rioja, La;2024M03;0,012742
Cantabria;Rioja, La;2024M02;0,009388
Cantabria;Rioja, La;2024M01;0,01417
Castilla y León;Andalucía;2024M12;0,313782
Castilla y León;Andalucía;2024M11;0,336862
Castilla y León;Andalucía;2024M10;0,377052
Castilla y León;Andalucía;2024M09;0,479517
Castilla y León;Andalucía;2024M08;0,70522
Castilla y León;Andalucía;2024M07;0,432953
Castilla y León;Andalucía;2024M06;0,286143
Castilla y León;Andalucía;2024M05;0,250643
Castilla y León;Andalucía;2024M04;0,211615
Castilla y León;Andalucía;2024M03;0,310014
Castilla y León;Andalucía;2024M02;0,21022
Castilla y León;Andalucía;2024M01;0,315018
Castilla y León;Aragón;2024M12;0,122813
Castilla y León;Aragón;2024M11;0,116898
Castilla y León;Aragón;2024M10;0,134953
Castilla y León;Aragón;2024M09;0,196007
Castilla y León;Aragón;2024M08;0,385938
Castilla y León;Aragón;2024M07;0,187803
Castilla y León;Aragón;2024M06;0,107073
Castilla y León;Aragón;2024M05;0,089774
Castilla y León;Aragón;2024M04;0,11268
Castilla y León;Aragón;2024M03;0,100103
Castilla y León;Aragón;2024M02;0,069158
Castilla y León;Aragón;2024M01;0,111024
Castilla y León;Asturias, Principado de;2024M12;0,166589
Castilla y León;Asturias, Principado de;2024M11;0,161926
Castilla y León;Asturias, Principado de;2024M10;0,186584
Castilla y León;Asturias, Principado de;2024M09;0,319561
Castilla y León;Asturias, Principado de;2024M08;0,53082
Castilla y León;Asturias, Principado de;2024M07;0,383624
Castilla y León;Asturias, Principado de;2024M06;0,194563
Castilla y León;Asturias, Principado de;2024M05;0,171464
Castilla y León;Asturias, Principado de;2024M04;0,180799
Castilla y León;Asturias, Principado de;2024M03;0,138912
Castilla y León;Asturias, Principado de;2024M02;0,126838
Castilla y León;Asturias, Principado de;2024M01;0,161235
Castilla y León;Balears, Illes;2024M12;0,055205
Castilla y León;Balears, Illes;2024M11;0,050925
Castilla y León;Balears, Illes;2024M10;0,052232
Castilla y León;Balears, Illes;2024M09;0,068062
Castilla y León;Balears, Illes;2024M08;0,096353
Castilla y León;Balears, Illes;2024M07;0,052853
Castilla y León;Balears, Illes;2024M06;0,037051
Castilla y León;Balears, Illes;2024M05;0,036534
Castilla y León;Balears, Illes;2024M04;0,03931
Castilla y León;Balears, Illes;2024M03;0,037049
Castilla y León;Balears, Illes;2024M02;0,026566
Castilla y León;Balears, Illes;2024M01;0,065504
Castilla y León;Canarias;2024M12;0,082628
Castilla y León;Canarias;2024M11;0,072758
Castilla y León;Canarias;2024M10;0,079911
Castilla y León;Canarias;2024M09;0,109208
Castilla y León;Canarias;2024M08;0,143399
Castilla y León;Canarias;2024M07;0,091881
Castilla y León;Canarias;2024M06;0,073303
Castilla y León;Canarias;2024M05;0,059164
Castilla y León;Canarias;2024M04;0,04532
Castilla y León;Canarias;2024M03;0,069725
Castilla y León;Canarias;2024M02;0,042296
Castilla y León;Canarias;2024M01;0,073946
Castilla y León;Cantabria;2024M12;0,122557
Castilla y León;Cantabria;2024M11;0,1267
Castilla y León;Cantabria;2024M10;0,152118
Castilla y León;Cantabria;2024M09;0,180347
Castilla y León;Cantabria;2024M08;0,242228
Castilla y León;Cantabria;2024M07;0,175744
Castilla y León;Cantabria;2024M06;0,121144
Castilla y León;Cantabria;2024M05;0,112959
Castilla y León;Cantabria;2024M04;0,104703
Castilla y León;Cantabria;2024M03;0,110494
Castilla y León;Cantabria;2024M02;0,084652
Castilla y León;Cantabria;2024M01;0,120719
Castilla y León;Castilla - La Mancha;2024M12;0,203484
Castilla y León;Castilla - La Mancha;2024M11;0,206325
Castilla y León;Castilla - La Mancha;2024M10;0,242085
Castilla y León;Castilla - La Mancha;2024M09;0,27452
Castilla y León;Castilla - La Mancha;2024M08;0,429745
Castilla y León;Castilla - La Mancha;2024M07;0,292642
Castilla y León;Castilla - La Mancha;2024M06;0,184032
Castilla y León;Castilla - La Mancha;2024M05;0,152987
Castilla y León;Castilla - La Mancha;2024M04;0,143088
Castilla y León;Castilla - La Mancha;2024M03;0,174377
Castilla y León;Castilla - La Mancha;2024M02;0,124164
Castilla y León;Castilla - La Mancha;2024M01;0,162101
Castilla y León;Castilla y León;2024M12;1,250399
Castilla y León;Castilla y León;2024M11;1,11854
Castilla y León;Castilla y León;2024M10;1,302658
Castilla y León;Castilla y León;2024M09;1,443151
Castilla y León;Castilla y León;2024M08;1,789834
Castilla y León;Castilla y León;2024M07;1,389453
Castilla y León;Castilla y León;2024M06;1,106747
Castilla y León;Castilla y León;2024M05;1,012407
Castilla y León;Castilla y León;2024M04;1,035377
Castilla y León;Castilla y León;2024M03;1,115194
Castilla y León;Castilla y León;2024M02;0,885373
Castilla y León;Castilla y León;2024M01;1,146386
Castilla y León;Cataluña;2024M12;0,2601
Castilla y León;Cataluña;2024M11;0,300027
Castilla y León;Cataluña;2024M10;0,340362
Castilla y León;Cataluña;2024M09;0,698082
Castilla y León;Cataluña;2024M08;1,369377
Castilla y León;Cataluña;2024M07;0,387274
Castilla y León;Cataluña;2024M06;0,241034
Castilla y León;Cataluña;2024M05;0,236208
Castilla y León;Cataluña;2024M04;0,264868
Castilla y León;Cataluña;2024M03;0,246345
Castilla y León;Cataluña;2024M02;0,157356
Castilla y León;Cataluña;2024M01;0,300221
Castilla y León;Comunitat Valenciana;2024M12;0,197755
Castilla y León;Comunitat Valenciana;2024M11;0,200907
Castilla y León;Comunitat Valenciana;2024M10;0,250299
Castilla y León;Comunitat Valenciana;2024M09;0,38028
Castilla y León;Comunitat Valenciana;2024M08;0,575681
Castilla y León;Comunitat Valenciana;2024M07;0,291552
Castilla y León;Comunitat Valenciana;2024M06;0,188598
Castilla y León;Comunitat Valenciana;2024M05;0,15579
Castilla y León;Comunitat Valenciana;2024M04;0,16983
Castilla y León;Comunitat Valenciana;2024M03;0,170023
Castilla y León;Comunitat Valenciana;2024M02;0,12281
Castilla y León;Comunitat Valenciana;2024M01;0,224267
Castilla y León;Extremadura;2024M12;0,150552
Castilla y León;Extremadura;2024M11;0,153404
Castilla y León;Extremadura;2024M10;0,180211
Castilla y León;Extremadura;2024M09;0,188952
Castilla y León;Extremadura;2024M08;0,208336
Castilla y León;Extremadura;2024M07;0,167008
Castilla y León;Extremadura;2024M06;0,12925
Castilla y León;Extremadura;2024M05;0,118234
Castilla y León;Extremadura;2024M04;0,104672
Castilla y León;Extremadura;2024M03;0,134348
Castilla y León;Extremadura;2024M02;0,104501
Castilla y León;Extremadura;2024M01;0,135279
Castilla y León;Galicia;2024M12;0,282716
Castilla y León;Galicia;2024M11;0,313647
Castilla y León;Galicia;2024M10;0,333916
Castilla y León;Galicia;2024M09;0,363611
Castilla y León;Galicia;2024M08;0,426066
Castilla y León;Galicia;2024M07;0,334333
Castilla y León;Galicia;2024M06;0,297656
Castilla y León;Galicia;2024M05;0,256667
Castilla y León;Galicia;2024M04;0,211503
Castilla y León;Galicia;2024M03;0,312269
Castilla y León;Galicia;2024M02;0,208804
Castilla y León;Galicia;2024M01;0,262621
Castilla y León;Madrid, Comunidad de;2024M12;1,948205
Castilla y León;Madrid, Comunidad de;2024M11;1,559995
Castilla y León;Madrid, Comunidad de;2024M10;1,469326
Castilla y León;Madrid, Comunidad de;2024M09;3,326351
Castilla y León;Madrid, Comunidad de;2024M08;6,188808
Castilla y León;Madrid, Comunidad de;2024M07;3,236803
Castilla y León;Madrid, Comunidad de;2024M06;1,491897
Castilla y León;Madrid, Comunidad de;2024M05;1,681671
Castilla y León;Madrid, Comunidad de;2024M04;1,502865
Castilla y León;Madrid, Comunidad de;2024M03;1,690107
Castilla y León;Madrid, Comunidad de;2024M02;1,06473
Castilla y León;Madrid, Comunidad de;2024M01;1,677225
Castilla y León;Murcia, Región de;2024M12;0,057997
Castilla y León;Murcia, Región de;2024M11;0,066764
Castilla y León;Murcia, Región de;2024M10;0,060665
Castilla y León;Murcia, Región de;2024M09;0,079228
Castilla y León;Murcia, Región de;2024M08;0,142237
Castilla y León;Murcia, Región de;2024M07;0,083178
Castilla y León;Murcia, Región de;2024M06;0,043576
Castilla y León;Murcia, Región de;2024M05;0,03787
Castilla y León;Murcia, Región de;2024M04;0,034778
Castilla y León;Murcia, Región de;2024M03;0,047282
Castilla y León;Murcia, Región de;2024M02;0,027136
Castilla y León;Murcia, Región de;2024M01;0,038326
Castilla y León;Navarra, Comunidad Foral de;2024M12;0,064848
Castilla y León;Navarra, Comunidad Foral de;2024M11;0,067536
Castilla y León;Navarra, Comunidad Foral de;2024M10;0,066383
Castilla y León;Navarra, Comunidad Foral de;2024M09;0,093347
Castilla y León;Navarra, Comunidad Foral de;2024M08;0,155067
Castilla y León;Navarra, Comunidad Foral de;2024M07;0,09105
Castilla y León;Navarra, Comunidad Foral de;2024M06;0,05698
Castilla y León;Navarra, Comunidad Foral de;2024M05;0,048771
Castilla y León;Navarra, Comunidad Foral de;2024M04;0,059488
Castilla y León;Navarra, Comunidad Foral de;2024M03;0,046959
Castilla y León;Navarra, Comunidad Foral de;2024M02;0,041848
Castilla y León;Navarra, Comunidad Foral de;2024M01;0,063732
Castilla y León;País Vasco;2024M12;0,524335
Castilla y León;País Vasco;2024M11;0,5716
Castilla y León;País Vasco;2024M10;0,592548
Castilla y León;País Vasco;2024M09;1,160013
Castilla y León;País Vasco;2024M08;1,958922
Castilla y León;País Vasco;2024M07;0,888073
Castilla y León;País Vasco;2024M06;0,513904
Castilla y León;País Vasco;2024M05;0,441222
Castilla y León;País Vasco;2024M04;0,542061
Castilla y León;País Vasco;2024M03;0,377308
Castilla y León;País Vasco;2024M02;0,31281
Castilla y León;País Vasco;2024M01;0,392642
Castilla y León;Rioja, La;2024M12;0,064211
Castilla y León;Rioja, La;2024M11;0,061611
Castilla y León;Rioja, La;2024M10;0,070324
Castilla y León;Rioja, La;2024M09;0,081302
Castilla y León;Rioja, La;2024M08;0,12623
Castilla y León;Rioja, La;2024M07;0,072943
Castilla y León;Rioja, La;2024M06;0,056307
Castilla y León;Rioja, La;2024M05;0,050884
Castilla y León;Rioja, La;2024M04;0,049848
Castilla y León;Rioja, La;2024M03;0,048456
Castilla y León;Rioja, La;2024M02;0,037859
Castilla y León;Rioja, La;2024M01;0,055977
Castilla - La Mancha;Andalucía;2024M12;0,401359
Castilla - La Mancha;Andalucía;2024M11;0,388198
Castilla - La Mancha;Andalucía;2024M10;0,436957
Castilla - La Mancha;Andalucía;2024M09;0,485828
Castilla - La Mancha;Andalucía;2024M08;0,498538
Castilla - La Mancha;Andalucía;2024M07;0,438846
Castilla - La Mancha;Andalucía;2024M06;0,317142
Castilla - La Mancha;Andalucía;2024M05;0,319166
Castilla - La Mancha;Andalucía;2024M04;0,250701
Castilla - La Mancha;Andalucía;2024M03;0,336546
Castilla - La Mancha;Andalucía;2024M02;0,266661
Castilla - La Mancha;Andalucía;2024M01;0,344491
Castilla - La Mancha;Aragón;2024M12;0,061509
Castilla - La Mancha;Aragón;2024M11;0,06225
Castilla - La Mancha;Aragón;2024M10;0,067093
Castilla - La Mancha;Aragón;2024M09;0,096362
Castilla - La Mancha;Aragón;2024M08;0,138659
Castilla - La Mancha;Aragón;2024M07;0,078746
Castilla - La Mancha;Aragón;2024M06;0,05294
Castilla - La Mancha;Aragón;2024M05;0,05662
Castilla - La Mancha;Aragón;2024M04;0,056443
Castilla - La Mancha;Aragón;2024M03;0,049232
Castilla - La Mancha;Aragón;2024M02;0,037117
Castilla - La Mancha;Aragón;2024M01;0,056438
Castilla - La Mancha;Asturias, Principado de;2024M12;0,020042
Castilla - La Mancha;Asturias, Principado de;2024M11;0,018065
Castilla - La Mancha;Asturias, Principado de;2024M10;0,024014
Castilla - La Mancha;Asturias, Principado de;2024M09;0,03169
Castilla - La Mancha;Asturias, Principado de;2024M08;0,028862
Castilla - La Mancha;Asturias, Principado de;2024M07;0,022443
Castilla - La Mancha;Asturias, Principado de;2024M06;0,017791
Castilla - La Mancha;Asturias, Principado de;2024M05;0,020665
Castilla - La Mancha;Asturias, Principado de;2024M04;0,010032
Castilla - La Mancha;Asturias, Principado de;2024M03;0,013928
Castilla - La Mancha;Asturias, Principado de;2024M02;0,018147
Castilla - La Mancha;Asturias, Principado de;2024M01;0,019859
Castilla - La Mancha;Balears, Illes;2024M12;0,040152
Castilla - La Mancha;Balears, Illes;2024M11;0,042233
Castilla - La Mancha;Balears, Illes;2024M10;0,036785
Castilla - La Mancha;Balears, Illes;2024M09;0,055124
Castilla - La Mancha;Balears, Illes;2024M08;0,065505
Castilla - La Mancha;Balears, Illes;2024M07;0,036496
Castilla - La Mancha;Balears, Illes;2024M06;0,027577
Castilla - La Mancha;Balears, Illes;2024M05;0,02801
Castilla - La Mancha;Balears, Illes;2024M04;0,028198
Castilla - La Mancha;Balears, Illes;2024M03;0,02409
Castilla - La Mancha;Balears, Illes;2024M02;0,024504
Castilla - La Mancha;Balears, Illes;2024M01;0,051921
Castilla - La Mancha;Canarias;2024M12;0,033486
Castilla - La Mancha;Canarias;2024M11;0,034518
Castilla - La Mancha;Canarias;2024M10;0,044287
Castilla - La Mancha;Canarias;2024M09;0,045474
Castilla - La Mancha;Canarias;2024M08;0,050996
Castilla - La Mancha;Canarias;2024M07;0,04606
Castilla - La Mancha;Canarias;2024M06;0,033191
Castilla - La Mancha;Canarias;2024M05;0,035848
Castilla - La Mancha;Canarias;2024M04;0,022119
Castilla - La Mancha;Canarias;2024M03;0,028363
Castilla - La Mancha;Canarias;2024M02;0,021069
Castilla - La Mancha;Canarias;2024M01;0,037279
Castilla - La Mancha;Cantabria;2024M12;0,016853
Castilla - La Mancha;Cantabria;2024M11;0,016552
Castilla - La Mancha;Cantabria;2024M10;0,020916
Castilla - La Mancha;Cantabria;2024M09;0,023011
Castilla - La Mancha;Cantabria;2024M08;0,024551
Castilla - La Mancha;Cantabria;2024M07;0,025232
Castilla - La Mancha;Cantabria;2024M06;0,016921
Castilla - La Mancha;Cantabria;2024M05;0,017738
Castilla - La Mancha;Cantabria;2024M04;0,011532
Castilla - La Mancha;Cantabria;2024M03;0,012644
Castilla - La Mancha;Cantabria;2024M02;0,010995
Castilla - La Mancha;Cantabria;2024M01;0,015397
Castilla - La Mancha;Castilla - La Mancha;2024M12;0,511993
Castilla - La Mancha;Castilla - La Mancha;2024M11;0,484943
Castilla - La Mancha;Castilla - La Mancha;2024M10;0,532113
Castilla - La Mancha;Castilla - La Mancha;2024M09;0,614951
Castilla - La Mancha;Castilla - La Mancha;2024M08;0,619314
Castilla - La Mancha;Castilla - La Mancha;2024M07;0,534263
Castilla - La Mancha;Castilla - La Mancha;2024M06;0,429442
Castilla - La Mancha;Castilla - La Mancha;2024M05;0,429237
Castilla - La Mancha;Castilla - La Mancha;2024M04;0,398409
Castilla - La Mancha;Castilla - La Mancha;2024M03;0,416768
Castilla - La Mancha;Castilla - La Mancha;2024M02;0,368031
Castilla - La Mancha;Castilla - La Mancha;2024M01;0,468864
Castilla - La Mancha;Castilla y León;2024M12;0,142353
Castilla - La Mancha;Castilla y León;2024M11;0,130087
Castilla - La Mancha;Castilla y León;2024M10;0,16642
Castilla - La Mancha;Castilla y León;2024M09;0,17056
Castilla - La Mancha;Castilla y León;2024M08;0,174017
Castilla - La Mancha;Castilla y León;2024M07;0,161382
Castilla - La Mancha;Castilla y León;2024M06;0,124108
Castilla - La Mancha;Castilla y León;2024M05;0,138506
Castilla - La Mancha;Castilla y León;2024M04;0,11474
Castilla - La Mancha;Castilla y León;2024M03;0,128578
Castilla - La Mancha;Castilla y León;2024M02;0,095637
Castilla - La Mancha;Castilla y León;2024M01;0,123859
Castilla - La Mancha;Cataluña;2024M12;0,183087
Castilla - La Mancha;Cataluña;2024M11;0,194594
Castilla - La Mancha;Cataluña;2024M10;0,215107
Castilla - La Mancha;Cataluña;2024M09;0,406833
Castilla - La Mancha;Cataluña;2024M08;0,751134
Castilla - La Mancha;Cataluña;2024M07;0,247478
Castilla - La Mancha;Cataluña;2024M06;0,16732
Castilla - La Mancha;Cataluña;2024M05;0,187636
Castilla - La Mancha;Cataluña;2024M04;0,183754
Castilla - La Mancha;Cataluña;2024M03;0,163644
Castilla - La Mancha;Cataluña;2024M02;0,114634
Castilla - La Mancha;Cataluña;2024M01;0,182888
Castilla - La Mancha;Comunitat Valenciana;2024M12;0,520336
Castilla - La Mancha;Comunitat Valenciana;2024M11;0,433969
Castilla - La Mancha;Comunitat Valenciana;2024M10;0,518475
Castilla - La Mancha;Comunitat Valenciana;2024M09;0,89066
Castilla - La Mancha;Comunitat Valenciana;2024M08;1,371106
Castilla - La Mancha;Comunitat Valenciana;2024M07;0,667474
Castilla - La Mancha;Comunitat Valenciana;2024M06;0,409327
Castilla - La Mancha;Comunitat Valenciana;2024M05;0,402178
Castilla - La Mancha;Comunitat Valenciana;2024M04;0,471095
Castilla - La Mancha;Comunitat Valenciana;2024M03;0,375243
Castilla - La Mancha;Comunitat Valenciana;2024M02;0,299281
Castilla - La Mancha;Comunitat Valenciana;2024M01;0,494143
Castilla - La Mancha;Extremadura;2024M12;0,089169
Castilla - La Mancha;Extremadura;2024M11;0,088902
Castilla - La Mancha;Extremadura;2024M10;0,106033
Castilla - La Mancha;Extremadura;2024M09;0,10209
Castilla - La Mancha;Extremadura;2024M08;0,105026
Castilla - La Mancha;Extremadura;2024M07;0,092668
Castilla - La Mancha;Extremadura;2024M06;0,084294
Castilla - La Mancha;Extremadura;2024M05;0,078345
Castilla - La Mancha;Extremadura;2024M04;0,062318
Castilla - La Mancha;Extremadura;2024M03;0,079166
Castilla - La Mancha;Extremadura;2024M02;0,067581
Castilla - La Mancha;Extremadura;2024M01;0,080664
Castilla - La Mancha;Galicia;2024M12;0,071767
Castilla - La Mancha;Galicia;2024M11;0,090728
Castilla - La Mancha;Galicia;2024M10;0,076424
Castilla - La Mancha;Galicia;2024M09;0,080963
Castilla - La Mancha;Galicia;2024M08;0,101057
Castilla - La Mancha;Galicia;2024M07;0,103909
Castilla - La Mancha;Galicia;2024M06;0,08443
Castilla - La Mancha;Galicia;2024M05;0,083616
Castilla - La Mancha;Galicia;2024M04;0,053888
Castilla - La Mancha;Galicia;2024M03;0,081137
Castilla - La Mancha;Galicia;2024M02;0,059835
Castilla - La Mancha;Galicia;2024M01;0,069586
Castilla - La Mancha;Madrid, Comunidad de;2024M12;2,135503
Castilla - La Mancha;Madrid, Comunidad de;2024M11;1,733037
Castilla - La Mancha;Madrid, Comunidad de;2024M10;1,697728
Castilla - La Mancha;Madrid, Comunidad de;2024M09;3,028807
Castilla - La Mancha;Madrid, Comunidad de;2024M08;4,506551
Castilla - La Mancha;Madrid, Comunidad de;2024M07;3,080778
Castilla - La Mancha;Madrid, Comunidad de;2024M06;1,747184
Castilla - La Mancha;Madrid, Comunidad de;2024M05;1,939974
Castilla - La Mancha;Madrid, Comunidad de;2024M04;1,70599
Castilla - La Mancha;Madrid, Comunidad de;2024M03;1,814757
Castilla - La Mancha;Madrid, Comunidad de;2024M02;1,329679
Castilla - La Mancha;Madrid, Comunidad de;2024M01;1,814771
Castilla - La Mancha;Murcia, Región de;2024M12;0,154112
Castilla - La Mancha;Murcia, Región de;2024M11;0,139695
Castilla - La Mancha;Murcia, Región de;2024M10;0,138053
Castilla - La Mancha;Murcia, Región de;2024M09;0,180664
Castilla - La Mancha;Murcia, Región de;2024M08;0,238375
Castilla - La Mancha;Murcia, Región de;2024M07;0,173432
Castilla - La Mancha;Murcia, Región de;2024M06;0,101354
Castilla - La Mancha;Murcia, Región de;2024M05;0,098209
Castilla - La Mancha;Murcia, Región de;2024M04;0,094947
Castilla - La Mancha;Murcia, Región de;2024M03;0,107009
Castilla - La Mancha;Murcia, Región de;2024M02;0,076425
Castilla - La Mancha;Murcia, Región de;2024M01;0,104912
Castilla - La Mancha;Navarra, Comunidad Foral de;2024M12;0,019645
Castilla - La Mancha;Navarra, Comunidad Foral de;2024M11;0,019684
Castilla - La Mancha;Navarra, Comunidad Foral de;2024M10;0,021909
Castilla - La Mancha;Navarra, Comunidad Foral de;2024M09;0,021149
Castilla - La Mancha;Navarra, Comunidad Foral de;2024M08;0,03155
Castilla - La Mancha;Navarra, Comunidad Foral de;2024M07;0,019726
Castilla - La Mancha;Navarra, Comunidad Foral de;2024M06;0,016387
Castilla - La Mancha;Navarra, Comunidad Foral de;2024M05;0,018994
Castilla - La Mancha;Navarra, Comunidad Foral de;2024M04;0,013071
Castilla - La Mancha;Navarra, Comunidad Foral de;2024M03;0,012323
Castilla - La Mancha;Navarra, Comunidad Foral de;2024M02;0,012589
Castilla - La Mancha;Navarra, Comunidad Foral de;2024M01;0,015438
Castilla - La Mancha;País Vasco;2024M12;0,051916
Castilla - La Mancha;País Vasco;2024M11;0,05832
Castilla - La Mancha;País Vasco;2024M10;0,065549
Castilla - La Mancha;País Vasco;2024M09;0,086572
Castilla - La Mancha;País Vasco;2024M08;0,124951
Castilla - La Mancha;País Vasco;2024M07;0,07735
Castilla - La Mancha;País Vasco;2024M06;0,058098
Castilla - La Mancha;País Vasco;2024M05;0,069764
Castilla - La Mancha;País Vasco;2024M04;0,048195
Castilla - La Mancha;País Vasco;2024M03;0,049031
Castilla - La Mancha;País Vasco;2024M02;0,031862
Castilla - La Mancha;País Vasco;2024M01;0,047111
Castilla - La Mancha;Rioja, La;2024M12;0,011097
Castilla - La Mancha;Rioja, La;2024M11;0,010411
Castilla - La Mancha;Rioja, La;2024M10;0,012944
Castilla - La Mancha;Rioja, La;2024M09;0,015187
Castilla - La Mancha;Rioja, La;2024M08;0,017863
Castilla - La Mancha;Rioja, La;2024M07;0,012113
Castilla - La Mancha;Rioja, La;2024M06;0,01164
Castilla - La Mancha;Rioja, La;2024M05;0,011529
Castilla - La Mancha;Rioja, La;2024M04;0,008385
Castilla - La Mancha;Rioja, La;2024M03;0,009432
Castilla - La Mancha;Rioja, La;2024M02;0,006589
Castilla - La Mancha;Rioja, La;2024M01;0,011544
Cataluña;Andalucía;2024M12;0,635142
Cataluña;Andalucía;2024M11;0,77781
Cataluña;Andalucía;2024M10;0,787459
Cataluña;Andalucía;2024M09;0,783604
Cataluña;Andalucía;2024M08;1,122325
Cataluña;Andalucía;2024M07;1,032592
Cataluña;Andalucía;2024M06;0,721438
Cataluña;Andalucía;2024M05;0,623438
Cataluña;Andalucía;2024M04;0,536561
Cataluña;Andalucía;2024M03;0,739322
Cataluña;Andalucía;2024M02;0,521253
Cataluña;Andalucía;2024M01;0,646217
Cataluña;Aragón;2024M12;0,388612
Cataluña;Aragón;2024M11;0,394232
Cataluña;Aragón;2024M10;0,465913
Cataluña;Aragón;2024M09;0,661738
Cataluña;Aragón;2024M08;1,329216
Cataluña;Aragón;2024M07;1,050276
Cataluña;Aragón;2024M06;0,56195
Cataluña;Aragón;2024M05;0,378689
Cataluña;Aragón;2024M04;0,389301
Cataluña;Aragón;2024M03;0,447962
Cataluña;Aragón;2024M02;0,272021
Cataluña;Aragón;2024M01;0,309144
Cataluña;Asturias, Principado de;2024M12;0,042258
Cataluña;Asturias, Principado de;2024M11;0,038122
Cataluña;Asturias, Principado de;2024M10;0,048605
Cataluña;Asturias, Principado de;2024M09;0,062849
Cataluña;Asturias, Principado de;2024M08;0,066925
Cataluña;Asturias, Principado de;2024M07;0,076449
Cataluña;Asturias, Principado de;2024M06;0,049175
Cataluña;Asturias, Principado de;2024M05;0,038375
Cataluña;Asturias, Principado de;2024M04;0,038179
Cataluña;Asturias, Principado de;2024M03;0,043555
Cataluña;Asturias, Principado de;2024M02;0,057463
Cataluña;Asturias, Principado de;2024M01;0,043965
Cataluña;Balears, Illes;2024M12;0,350132
Cataluña;Balears, Illes;2024M11;0,319256
Cataluña;Balears, Illes;2024M10;0,320733
Cataluña;Balears, Illes;2024M09;0,274765
Cataluña;Balears, Illes;2024M08;0,315201
Cataluña;Balears, Illes;2024M07;0,319108
Cataluña;Balears, Illes;2024M06;0,310385
Cataluña;Balears, Illes;2024M05;0,237694
Cataluña;Balears, Illes;2024M04;0,233884
Cataluña;Balears, Illes;2024M03;0,331741
Cataluña;Balears, Illes;2024M02;0,204637
Cataluña;Balears, Illes;2024M01;0,268274
Cataluña;Canarias;2024M12;0,150748
Cataluña;Canarias;2024M11;0,169387
Cataluña;Canarias;2024M10;0,165792
Cataluña;Canarias;2024M09;0,151586
Cataluña;Canarias;2024M08;0
Cataluña;Canarias;2024M07;0,209406
Cataluña;Canarias;2024M06;0,167738
Cataluña;Canarias;2024M05;0,141132
Cataluña;Canarias;2024M04;0,119466
Cataluña;Canarias;2024M03;0,161683
Cataluña;Canarias;2024M02;0,119725
Cataluña;Canarias;2024M01;0,141478
Cataluña;Cantabria;2024M12;0,047841
Cataluña;Cantabria;2024M11;0,052969
Cataluña;Cantabria;2024M10;0,067682
Cataluña;Cantabria;2024M09;0,069141
Cataluña;Cantabria;2024M08;0,081952
Cataluña;Cantabria;2024M07;0,088988
Cataluña;Cantabria;2024M06;0,060815
Cataluña;Cantabria;2024M05;0,049679
Cataluña;Cantabria;2024M04;0,038299
Cataluña;Cantabria;2024M03;0,052816
Cataluña;Cantabria;2024M02;0,040129
Cataluña;Cantabria;2024M01;0,040794
Cataluña;Castilla - La Mancha;2024M12;0,196935
Cataluña;Castilla - La Mancha;2024M11;0,240186
Cataluña;Castilla - La Mancha;2024M10;0,25736
Cataluña;Castilla - La Mancha;2024M09;0,222918
Cataluña;Castilla - La Mancha;2024M08;0,360689
Cataluña;Castilla - La Mancha;2024M07;0,351895
Cataluña;Castilla - La Mancha;2024M06;0,235989
Cataluña;Castilla - La Mancha;2024M05;0,18561
Cataluña;Castilla - La Mancha;2024M04;0,157489
Cataluña;Castilla - La Mancha;2024M03;0,250594
Cataluña;Castilla - La Mancha;2024M02;0,150657
Cataluña;Castilla - La Mancha;2024M01;0,180641
Cataluña;Castilla y León;2024M12;0,280792
Cataluña;Castilla y León;2024M11;0,26757
Cataluña;Castilla y León;2024M10;0,312222
Cataluña;Castilla y León;2024M09;0,317244
Cataluña;Castilla y León;2024M08;0,494703
Cataluña;Castilla y León;2024M07;0,545903
Cataluña;Castilla y León;2024M06;0,314308
Cataluña;Castilla y León;2024M05;0,244821
Cataluña;Castilla y León;2024M04;0,216093
Cataluña;Castilla y León;2024M03;0,353499
Cataluña;Castilla y León;2024M02;0,202152
Cataluña;Castilla y León;2024M01;0,239674
Cataluña;Cataluña;2024M12;4,005689
Cataluña;Cataluña;2024M11;3,840835
Cataluña;Cataluña;2024M10;4,653165
Cataluña;Cataluña;2024M09;7,057399
Cataluña;Cataluña;2024M08;12,164651
Cataluña;Cataluña;2024M07;7,369198
Cataluña;Cataluña;2024M06;5,204092
Cataluña;Cataluña;2024M05;4,027944
Cataluña;Cataluña;2024M04;3,99596
Cataluña;Cataluña;2024M03;4,148224
Cataluña;Cataluña;2024M02;3,018969
Cataluña;Cataluña;2024M01;3,321932
Cataluña;Comunitat Valenciana;2024M12;0,591025
Cataluña;Comunitat Valenciana;2024M11;0,682541
Cataluña;Comunitat Valenciana;2024M10;0,776844
Cataluña;Comunitat Valenciana;2024M09;0,773003
Cataluña;Comunitat Valenciana;2024M08;1,042807
Cataluña;Comunitat Valenciana;2024M07;0,878188
Cataluña;Comunitat Valenciana;2024M06;0,673878
Cataluña;Comunitat Valenciana;2024M05;0,561682
Cataluña;Comunitat Valenciana;2024M04;0,540487
Cataluña;Comunitat Valenciana;2024M03;0,689596
Cataluña;Comunitat Valenciana;2024M02;0,517563
Cataluña;Comunitat Valenciana;2024M01;0,606989
Cataluña;Extremadura;2024M12;0,086193
Cataluña;Extremadura;2024M11;0,10244
Cataluña;Extremadura;2024M10;0,108233
Cataluña;Extremadura;2024M09;0,096842
Cataluña;Extremadura;2024M08;0
Cataluña;Extremadura;2024M07;0,155333
Cataluña;Extremadura;2024M06;0,098415
Cataluña;Extremadura;2024M05;0,081222
Cataluña;Extremadura;2024M04;0,069456
Cataluña;Extremadura;2024M03;0
Cataluña;Extremadura;2024M02;0,061444
Cataluña;Extremadura;2024M01;0,082548
Cataluña;Galicia;2024M12;0,384607
Cataluña;Galicia;2024M11;0,328325
Cataluña;Galicia;2024M10;0,352105
Cataluña;Galicia;2024M09;0,316537
Cataluña;Galicia;2024M08;0
Cataluña;Galicia;2024M07;0,535343
Cataluña;Galicia;2024M06;0,37077
Cataluña;Galicia;2024M05;0,293042
Cataluña;Galicia;2024M04;0,268191
Cataluña;Galicia;2024M03;0,379723
Cataluña;Galicia;2024M02;0,252875
Cataluña;Galicia;2024M01;0,286008
Cataluña;Madrid, Comunidad de;2024M12;0,730218
Cataluña;Madrid, Comunidad de;2024M11;0,823713
Cataluña;Madrid, Comunidad de;2024M10;0,80197
Cataluña;Madrid, Comunidad de;2024M09;0,93587
Cataluña;Madrid, Comunidad de;2024M08;1,575683
Cataluña;Madrid, Comunidad de;2024M07;1,238196
Cataluña;Madrid, Comunidad de;2024M06;0,815194
Cataluña;Madrid, Comunidad de;2024M05;0,739851
Cataluña;Madrid, Comunidad de;2024M04;0,665581
Cataluña;Madrid, Comunidad de;2024M03;0,814093
Cataluña;Madrid, Comunidad de;2024M02;0,686975
Cataluña;Madrid, Comunidad de;2024M01;0,836569
Cataluña;Murcia, Región de;2024M12;0,130028
Cataluña;Murcia, Región de;2024M11;0,181933
Cataluña;Murcia, Región de;2024M10;0,183679
Cataluña;Murcia, Región de;2024M09;0,171013
Cataluña;Murcia, Región de;2024M08;0,231899
Cataluña;Murcia, Región de;2024M07;0,208208
Cataluña;Murcia, Región de;2024M06;0,146232
Cataluña;Murcia, Región de;2024M05;0,118369
Cataluña;Murcia, Región de;2024M04;0,101522
Cataluña;Murcia, Región de;2024M03;0,138978
Cataluña;Murcia, Región de;2024M02;0,089015
Cataluña;Murcia, Región de;2024M01;0,099944
Cataluña;Navarra, Comunidad Foral de;2024M12;0,082671
Cataluña;Navarra, Comunidad Foral de;2024M11;0,085712
Cataluña;Navarra, Comunidad Foral de;2024M10;0,102374
Cataluña;Navarra, Comunidad Foral de;2024M09;0,166614
Cataluña;Navarra, Comunidad Foral de;2024M08;0,323655
Cataluña;Navarra, Comunidad Foral de;2024M07;0,360885
Cataluña;Navarra, Comunidad Foral de;2024M06;0,154069
Cataluña;Navarra, Comunidad Foral de;2024M05;0,082152
Cataluña;Navarra, Comunidad Foral de;2024M04;0,095725
Cataluña;Navarra, Comunidad Foral de;2024M03;0,084505
Cataluña;Navarra, Comunidad Foral de;2024M02;0,062003
Cataluña;Navarra, Comunidad Foral de;2024M01;0,067124
Cataluña;País Vasco;2024M12;0,263834
Cataluña;País Vasco;2024M11;0,292268
Cataluña;País Vasco;2024M10;0,303415
Cataluña;País Vasco;2024M09;0,384901
Cataluña;País Vasco;2024M08;0,806933
Cataluña;País Vasco;2024M07;0,582448
Cataluña;País Vasco;2024M06;0,387986
Cataluña;País Vasco;2024M05;0,263396
Cataluña;País Vasco;2024M04;0,26461
Cataluña;País Vasco;2024M03;0,302962
Cataluña;País Vasco;2024M02;0,194201
Cataluña;País Vasco;2024M01;0,243834
Cataluña;Rioja, La;2024M12;0,04146
Cataluña;Rioja, La;2024M11;0,044978
Cataluña;Rioja, La;2024M10;0,049661
Cataluña;Rioja, La;2024M09;0,090241
Cataluña;Rioja, La;2024M08;0,14822
Cataluña;Rioja, La;2024M07;0,117586
Cataluña;Rioja, La;2024M06;0,087587
Cataluña;Rioja, La;2024M05;0,041371
Cataluña;Rioja, La;2024M04;0,039659
Cataluña;Rioja, La;2024M03;0,043933
Cataluña;Rioja, La;2024M02;0,031397
Cataluña;Rioja, La;2024M01;0,034391
Comunitat Valenciana;Andalucía;2024M12;0,412073
Comunitat Valenciana;Andalucía;2024M11;0,528126
Comunitat Valenciana;Andalucía;2024M10;0,506494
Comunitat Valenciana;Andalucía;2024M09;0,567765
Comunitat Valenciana;Andalucía;2024M08;0,865359
Comunitat Valenciana;Andalucía;2024M07;0,692936
Comunitat Valenciana;Andalucía;2024M06;0,449996
Comunitat Valenciana;Andalucía;2024M05;0,406787
Comunitat Valenciana;Andalucía;2024M04;0,357269
Comunitat Valenciana;Andalucía;2024M03;0,504766
Comunitat Valenciana;Andalucía;2024M02;0,349579
Comunitat Valenciana;Andalucía;2024M01;0,414281
Comunitat Valenciana;Aragón;2024M12;0,245048
Comunitat Valenciana;Aragón;2024M11;0,223675
Comunitat Valenciana;Aragón;2024M10;0,289576
Comunitat Valenciana;Aragón;2024M09;0,46963
Comunitat Valenciana;Aragón;2024M08;0,978127
Comunitat Valenciana;Aragón;2024M07;0,727153
Comunitat Valenciana;Aragón;2024M06;0,327446
Comunitat Valenciana;Aragón;2024M05;0,216945
Comunitat Valenciana;Aragón;2024M04;0,269659
Comunitat Valenciana;Aragón;2024M03;0,26138
Comunitat Valenciana;Aragón;2024M02;0,150425
Comunitat Valenciana;Aragón;2024M01;0,187727
Comunitat Valenciana;Asturias, Principado de;2024M12;0,038882
Comunitat Valenciana;Asturias, Principado de;2024M11;0,045722
Comunitat Valenciana;Asturias, Principado de;2024M10;0,078771
Comunitat Valenciana;Asturias, Principado de;2024M09;0,106335
Comunitat Valenciana;Asturias, Principado de;2024M08;0,137404
Comunitat Valenciana;Asturias, Principado de;2024M07;0,138688
Comunitat Valenciana;Asturias, Principado de;2024M06;0,079203
Comunitat Valenciana;Asturias, Principado de;2024M05;0,051891
Comunitat Valenciana;Asturias, Principado de;2024M04;0,035323
Comunitat Valenciana;Asturias, Principado de;2024M03;0,033423
Comunitat Valenciana;Asturias, Principado de;2024M02;0,036374
Comunitat Valenciana;Asturias, Principado de;2024M01;0,033959
Comunitat Valenciana;Balears, Illes;2024M12;0,136199
Comunitat Valenciana;Balears, Illes;2024M11;0,146605
Comunitat Valenciana;Balears, Illes;2024M10;0,139972
Comunitat Valenciana;Balears, Illes;2024M09;0,136843
Comunitat Valenciana;Balears, Illes;2024M08;0,151609
Comunitat Valenciana;Balears, Illes;2024M07;0,139908
Comunitat Valenciana;Balears, Illes;2024M06;0,105676
Comunitat Valenciana;Balears, Illes;2024M05;0,090665
Comunitat Valenciana;Balears, Illes;2024M04;0,099513
Comunitat Valenciana;Balears, Illes;2024M03;0,130397
Comunitat Valenciana;Balears, Illes;2024M02;0,089719
Comunitat Valenciana;Balears, Illes;2024M01;0,143229
Comunitat Valenciana;Canarias;2024M12;0,100313
Comunitat Valenciana;Canarias;2024M11;0,095934
Comunitat Valenciana;Canarias;2024M10;0,088603
Comunitat Valenciana;Canarias;2024M09;0,091716
Comunitat Valenciana;Canarias;2024M08;0,125885
Comunitat Valenciana;Canarias;2024M07;0,11844
Comunitat Valenciana;Canarias;2024M06;0,089753
Comunitat Valenciana;Canarias;2024M05;0,075469
Comunitat Valenciana;Canarias;2024M04;0,070975
Comunitat Valenciana;Canarias;2024M03;0,090912
Comunitat Valenciana;Canarias;2024M02;0,061977
Comunitat Valenciana;Canarias;2024M01;0,086747
Comunitat Valenciana;Cantabria;2024M12;0,03
Comunitat Valenciana;Cantabria;2024M11;0,040314
Comunitat Valenciana;Cantabria;2024M10;0,058711
Comunitat Valenciana;Cantabria;2024M09;0,06685
Comunitat Valenciana;Cantabria;2024M08;0,078425
Comunitat Valenciana;Cantabria;2024M07;0,072307
Comunitat Valenciana;Cantabria;2024M06;0,04954
Comunitat Valenciana;Cantabria;2024M05;0,042625
Comunitat Valenciana;Cantabria;2024M04;0,037383
Comunitat Valenciana;Cantabria;2024M03;0,03506
Comunitat Valenciana;Cantabria;2024M02;0,022786
Comunitat Valenciana;Cantabria;2024M01;0,030622
Comunitat Valenciana;Castilla - La Mancha;2024M12;0,476395
Comunitat Valenciana;Castilla - La Mancha;2024M11;0,430687
Comunitat Valenciana;Castilla - La Mancha;2024M10;0,541326
Comunitat Valenciana;Castilla - La Mancha;2024M09;0,84843
Comunitat Valenciana;Castilla - La Mancha;2024M08;1,595921
Comunitat Valenciana;Castilla - La Mancha;2024M07;1,274033
Comunitat Valenciana;Castilla - La Mancha;2024M06;0,72037
Comunitat Valenciana;Castilla - La Mancha;2024M05;0,417442
Comunitat Valenciana;Castilla - La Mancha;2024M04;0,411171
Comunitat Valenciana;Castilla - La Mancha;2024M03;0,511572
Comunitat Valenciana;Castilla - La Mancha;2024M02;0,320051
Comunitat Valenciana;Castilla - La Mancha;2024M01;0,348598
Comunitat Valenciana;Castilla y León;2024M12;0,236461
Comunitat Valenciana;Castilla y León;2024M11;0,236842
Comunitat Valenciana;Castilla y León;2024M10;0,327291
Comunitat Valenciana;Castilla y León;2024M09;0,556016
Comunitat Valenciana;Castilla y León;2024M08;0,83749
Comunitat Valenciana;Castilla y León;2024M07;0,790723
Comunitat Valenciana;Castilla y León;2024M06;0,389744
Comunitat Valenciana;Castilla y León;2024M05;0,228328
Comunitat Valenciana;Castilla y León;2024M04;0,211358
Comunitat Valenciana;Castilla y León;2024M03;0,239142
Comunitat Valenciana;Castilla y León;2024M02;0,143132
Comunitat Valenciana;Castilla y León;2024M01;0,175575
Comunitat Valenciana;Cataluña;2024M12;0,584717
Comunitat Valenciana;Cataluña;2024M11;0,606976
Comunitat Valenciana;Cataluña;2024M10;0,639738
Comunitat Valenciana;Cataluña;2024M09;0,884208
Comunitat Valenciana;Cataluña;2024M08;1,715667
Comunitat Valenciana;Cataluña;2024M07;0,922248
Comunitat Valenciana;Cataluña;2024M06;0,621533
Comunitat Valenciana;Cataluña;2024M05;0,576448
Comunitat Valenciana;Cataluña;2024M04;0,57031
Comunitat Valenciana;Cataluña;2024M03;0,66589
Comunitat Valenciana;Cataluña;2024M02;0,469012
Comunitat Valenciana;Cataluña;2024M01;0,669089
Comunitat Valenciana;Comunitat Valenciana;2024M12;1,326345
Comunitat Valenciana;Comunitat Valenciana;2024M11;1,27252
Comunitat Valenciana;Comunitat Valenciana;2024M10;1,586688
Comunitat Valenciana;Comunitat Valenciana;2024M09;2,121216
Comunitat Valenciana;Comunitat Valenciana;2024M08;3,117096
Comunitat Valenciana;Comunitat Valenciana;2024M07;2,198807
Comunitat Valenciana;Comunitat Valenciana;2024M06;1,401848
Comunitat Valenciana;Comunitat Valenciana;2024M05;1,18214
Comunitat Valenciana;Comunitat Valenciana;2024M04;1,353635
Comunitat Valenciana;Comunitat Valenciana;2024M03;1,32929
Comunitat Valenciana;Comunitat Valenciana;2024M02;0,995776
Comunitat Valenciana;Comunitat Valenciana;2024M01;1,213365
Comunitat Valenciana;Extremadura;2024M12;0,048642
Comunitat Valenciana;Extremadura;2024M11;0,056895
Comunitat Valenciana;Extremadura;2024M10;0,055503
Comunitat Valenciana;Extremadura;2024M09;0,100829
Comunitat Valenciana;Extremadura;2024M08;0,146346
Comunitat Valenciana;Extremadura;2024M07;0,119773
Comunitat Valenciana;Extremadura;2024M06;0,062546
Comunitat Valenciana;Extremadura;2024M05;0,04216
Comunitat Valenciana;Extremadura;2024M04;0,03857
Comunitat Valenciana;Extremadura;2024M03;0,060799
Comunitat Valenciana;Extremadura;2024M02;0,037234
Comunitat Valenciana;Extremadura;2024M01;0,042175
Comunitat Valenciana;Galicia;2024M12;0,194991
Comunitat Valenciana;Galicia;2024M11;0,187108
Comunitat Valenciana;Galicia;2024M10;0,19288
Comunitat Valenciana;Galicia;2024M09;0,201134
Comunitat Valenciana;Galicia;2024M08;0,296489
Comunitat Valenciana;Galicia;2024M07;0,264912
Comunitat Valenciana;Galicia;2024M06;0,188938
Comunitat Valenciana;Galicia;2024M05;0,169935
Comunitat Valenciana;Galicia;2024M04;0,138562
Comunitat Valenciana;Galicia;2024M03;0,168755
Comunitat Valenciana;Galicia;2024M02;0,119286
Comunitat Valenciana;Galicia;2024M01;0,145371
Comunitat Valenciana;Madrid, Comunidad de;2024M12;1,117462
Comunitat Valenciana;Madrid, Comunidad de;2024M11;0,911311
Comunitat Valenciana;Madrid, Comunidad de;2024M10;1,09492
Comunitat Valenciana;Madrid, Comunidad de;2024M09;2,942383
Comunitat Valenciana;Madrid, Comunidad de;2024M08;7,806396
Comunitat Valenciana;Madrid, Comunidad de;2024M07;4,754397
Comunitat Valenciana;Madrid, Comunidad de;2024M06;1,719687
Comunitat Valenciana;Madrid, Comunidad de;2024M05;1,612567
Comunitat Valenciana;Madrid, Comunidad de;2024M04;1,306207
Comunitat Valenciana;Madrid, Comunidad de;2024M03;1,62
Comunitat Valenciana;Madrid, Comunidad de;2024M02;0,731864
Comunitat Valenciana;Madrid, Comunidad de;2024M01;0,947539
Comunitat Valenciana;Murcia, Región de;2024M12;0,366488
Comunitat Valenciana;Murcia, Región de;2024M11;0,400669
Comunitat Valenciana;Murcia, Región de;2024M10;0,404186
Comunitat Valenciana;Murcia, Región de;2024M09;0,631415
Comunitat Valenciana;Murcia, Región de;2024M08;1,177185
Comunitat Valenciana;Murcia, Región de;2024M07;0,840307
Comunitat Valenciana;Murcia, Región de;2024M06;0,377581
Comunitat Valenciana;Murcia, Región de;2024M05;0,314938
Comunitat Valenciana;Murcia, Región de;2024M04;0,331682
Comunitat Valenciana;Murcia, Región de;2024M03;0,327278
Comunitat Valenciana;Murcia, Región de;2024M02;0,246252
Comunitat Valenciana;Murcia, Región de;2024M01;0,286899
Comunitat Valenciana;Navarra, Comunidad Foral de;2024M12;0,069145
Comunitat Valenciana;Navarra, Comunidad Foral de;2024M11;0,058998
Comunitat Valenciana;Navarra, Comunidad Foral de;2024M10;0,077055
Comunitat Valenciana;Navarra, Comunidad Foral de;2024M09;0,112918
Comunitat Valenciana;Navarra, Comunidad Foral de;2024M08;0,250097
Comunitat Valenciana;Navarra, Comunidad Foral de;2024M07;0,235329
Comunitat Valenciana;Navarra, Comunidad Foral de;2024M06;0,095741
Comunitat Valenciana;Navarra, Comunidad Foral de;2024M05;0,06489
Comunitat Valenciana;Navarra, Comunidad Foral de;2024M04;0,080993
Comunitat Valenciana;Navarra, Comunidad Foral de;2024M03;0,054753
Comunitat Valenciana;Navarra, Comunidad Foral de;2024M02;0,036312
Comunitat Valenciana;Navarra, Comunidad Foral de;2024M01;0,045406
Comunitat Valenciana;País Vasco;2024M12;0,201209
Comunitat Valenciana;País Vasco;2024M11;0,221012
Comunitat Valenciana;País Vasco;2024M10;0,288603
Comunitat Valenciana;País Vasco;2024M09;0,400443
Comunitat Valenciana;País Vasco;2024M08;0,921443
Comunitat Valenciana;País Vasco;2024M07;0,51448
Comunitat Valenciana;País Vasco;2024M06;0,328983
Comunitat Valenciana;País Vasco;2024M05;0,243224
Comunitat Valenciana;País Vasco;2024M04;0,275266
Comunitat Valenciana;País Vasco;2024M03;0,209697
Comunitat Valenciana;País Vasco;2024M02;0,125624
Comunitat Valenciana;País Vasco;2024M01;0,151301
Comunitat Valenciana;Rioja, La;2024M12;0,031177
Comunitat Valenciana;Rioja, La;2024M11;0,034691
Comunitat Valenciana;Rioja, La;2024M10;0,052434
Comunitat Valenciana;Rioja, La;2024M09;0,082134
Comunitat Valenciana;Rioja, La;2024M08;0,138344
Comunitat Valenciana;Rioja, La;2024M07;0,09865
Comunitat Valenciana;Rioja, La;2024M06;0,066828
Comunitat Valenciana;Rioja, La;2024M05;0,032592
Comunitat Valenciana;Rioja, La;2024M04;0,03798
Comunitat Valenciana;Rioja, La;2024M03;0,034792
Comunitat Valenciana;Rioja, La;2024M02;0,017465
Comunitat Valenciana;Rioja, La;2024M01;0,026903
Extremadura;Andalucía;2024M12;0,36681
Extremadura;Andalucía;2024M11;0,332212
Extremadura;Andalucía;2024M10;0,333891
Extremadura;Andalucía;2024M09;0,420703
Extremadura;Andalucía;2024M08;0,531751
Extremadura;Andalucía;2024M07;0,419527
Extremadura;Andalucía;2024M06;0,306816
Extremadura;Andalucía;2024M05;0,28057
Extremadura;Andalucía;2024M04;0,257838
Extremadura;Andalucía;2024M03;0,33646
Extremadura;Andalucía;2024M02;0,262452
Extremadura;Andalucía;2024M01;0,361099
Extremadura;Aragón;2024M12;0,016032
Extremadura;Aragón;2024M11;0,021502
Extremadura;Aragón;2024M10;0,019102
Extremadura;Aragón;2024M09;0,027251
Extremadura;Aragón;2024M08;0,051449
Extremadura;Aragón;2024M07;0,026796
Extremadura;Aragón;2024M06;0,016357
Extremadura;Aragón;2024M05;0,019982
Extremadura;Aragón;2024M04;0,016435
Extremadura;Aragón;2024M03;0,01868
Extremadura;Aragón;2024M02;0,00847
Extremadura;Aragón;2024M01;0,018414
Extremadura;Asturias, Principado de;2024M12;0,010865
Extremadura;Asturias, Principado de;2024M11;0,011581
Extremadura;Asturias, Principado de;2024M10;0,013438
Extremadura;Asturias, Principado de;2024M09;0,024411
Extremadura;Asturias, Principado de;2024M08;0,034153
Extremadura;Asturias, Principado de;2024M07;0,019737
Extremadura;Asturias, Principado de;2024M06;0,012566
Extremadura;Asturias, Principado de;2024M05;0,016046
Extremadura;Asturias, Principado de;2024M04;0,008591
Extremadura;Asturias, Principado de;2024M03;0,010242
Extremadura;Asturias, Principado de;2024M02;0,008984
Extremadura;Asturias, Principado de;2024M01;0,010514
Extremadura;Balears, Illes;2024M12;0,022646
Extremadura;Balears, Illes;2024M11;0,02002
Extremadura;Balears, Illes;2024M10;0,016476
Extremadura;Balears, Illes;2024M09;0,021302
Extremadura;Balears, Illes;2024M08;0,030375
Extremadura;Balears, Illes;2024M07;0,015566
Extremadura;Balears, Illes;2024M06;0,016642
Extremadura;Balears, Illes;2024M05;0,012679
Extremadura;Balears, Illes;2024M04;0,014803
Extremadura;Balears, Illes;2024M03;0,016196
Extremadura;Balears, Illes;2024M02;0,014093
Extremadura;Balears, Illes;2024M01;0,035027
Extremadura;Canarias;2024M12;0,018766
Extremadura;Canarias;2024M11;0,017982
Extremadura;Canarias;2024M10;0,021566
Extremadura;Canarias;2024M09;0,022255
Extremadura;Canarias;2024M08;0,034525
Extremadura;Canarias;2024M07;0,029094
Extremadura;Canarias;2024M06;0,020181
Extremadura;Canarias;2024M05;0,019651
Extremadura;Canarias;2024M04;0,013361
Extremadura;Canarias;2024M03;0,017786
Extremadura;Canarias;2024M02;0,01385
Extremadura;Canarias;2024M01;0,023516
Extremadura;Cantabria;2024M12;0,006892
Extremadura;Cantabria;2024M11;0,012492
Extremadura;Cantabria;2024M10;0,009778
Extremadura;Cantabria;2024M09;0,012236
Extremadura;Cantabria;2024M08;0,021128
Extremadura;Cantabria;2024M07;0,012775
Extremadura;Cantabria;2024M06;0,011396
Extremadura;Cantabria;2024M05;0,0097
Extremadura;Cantabria;2024M04;0,005979
Extremadura;Cantabria;2024M03;0,008219
Extremadura;Cantabria;2024M02;0,005265
Extremadura;Cantabria;2024M01;0,007607
Extremadura;Castilla - La Mancha;2024M12;0,100695
Extremadura;Castilla - La Mancha;2024M11;0,094067
Extremadura;Castilla - La Mancha;2024M10;0,097705
Extremadura;Castilla - La Mancha;2024M09;0,120003
Extremadura;Castilla - La Mancha;2024M08;0,20446
Extremadura;Castilla - La Mancha;2024M07;0,13369
Extremadura;Castilla - La Mancha;2024M06;0,081217
Extremadura;Castilla - La Mancha;2024M05;0,075364
Extremadura;Castilla - La Mancha;2024M04;0,073248
Extremadura;Castilla - La Mancha;2024M03;0,086445
Extremadura;Castilla - La Mancha;2024M02;0,061835
Extremadura;Castilla - La Mancha;2024M01;0,081922
Extremadura;Castilla y León;2024M12;0,115702
Extremadura;Castilla y León;2024M11;0,107019
Extremadura;Castilla y León;2024M10;0,109874
Extremadura;Castilla y León;2024M09;0,138573
Extremadura;Castilla y León;2024M08;0,179762
Extremadura;Castilla y León;2024M07;0,135346
Extremadura;Castilla y León;2024M06;0,105163
Extremadura;Castilla y León;2024M05;0,093471
Extremadura;Castilla y León;2024M04;0,103244
Extremadura;Castilla y León;2024M03;0,104937
Extremadura;Castilla y León;2024M02;0,086268
Extremadura;Castilla y León;2024M01;0,125123
Extremadura;Cataluña;2024M12;0,089806
Extremadura;Cataluña;2024M11;0,099566
Extremadura;Cataluña;2024M10;0,111246
Extremadura;Cataluña;2024M09;0,246607
Extremadura;Cataluña;2024M08;0,564424
Extremadura;Cataluña;2024M07;0,124683
Extremadura;Cataluña;2024M06;0,079331
Extremadura;Cataluña;2024M05;0,095272
Extremadura;Cataluña;2024M04;0,110219
Extremadura;Cataluña;2024M03;0,088894
Extremadura;Cataluña;2024M02;0,053092
Extremadura;Cataluña;2024M01;0,110248
Extremadura;Comunitat Valenciana;2024M12;0,048497
Extremadura;Comunitat Valenciana;2024M11;0,052989
Extremadura;Comunitat Valenciana;2024M10;0,062056
Extremadura;Comunitat Valenciana;2024M09;0,082478
Extremadura;Comunitat Valenciana;2024M08;0,137989
Extremadura;Comunitat Valenciana;2024M07;0,070273
Extremadura;Comunitat Valenciana;2024M06;0,047424
Extremadura;Comunitat Valenciana;2024M05;0,046367
Extremadura;Comunitat Valenciana;2024M04;0,048373
Extremadura;Comunitat Valenciana;2024M03;0,047645
Extremadura;Comunitat Valenciana;2024M02;0,031353
Extremadura;Comunitat Valenciana;2024M01;0,057071
Extremadura;Extremadura;2024M12;0,260817
Extremadura;Extremadura;2024M11;0,260709
Extremadura;Extremadura;2024M10;0,277932
Extremadura;Extremadura;2024M09;0,29328
Extremadura;Extremadura;2024M08;0,318303
Extremadura;Extremadura;2024M07;0,260527
Extremadura;Extremadura;2024M06;0,23382
Extremadura;Extremadura;2024M05;0,219082
Extremadura;Extremadura;2024M04;0,227407
Extremadura;Extremadura;2024M03;0,22987
Extremadura;Extremadura;2024M02;0,203095
Extremadura;Extremadura;2024M01;0,26233
Extremadura;Galicia;2024M12;0,030665
Extremadura;Galicia;2024M11;0,044846
Extremadura;Galicia;2024M10;0,042163
Extremadura;Galicia;2024M09;0,051069
Extremadura;Galicia;2024M08;0,059998
Extremadura;Galicia;2024M07;0,045179
Extremadura;Galicia;2024M06;0,038304
Extremadura;Galicia;2024M05;0,038696
Extremadura;Galicia;2024M04;0,032663
Extremadura;Galicia;2024M03;0,045997
Extremadura;Galicia;2024M02;0,030326
Extremadura;Galicia;2024M01;0,032789
Extremadura;Madrid, Comunidad de;2024M12;0,598228
Extremadura;Madrid, Comunidad de;2024M11;0,458519
Extremadura;Madrid, Comunidad de;2024M10;0,390725
Extremadura;Madrid, Comunidad de;2024M09;0,803162
Extremadura;Madrid, Comunidad de;2024M08;1,627691
Extremadura;Madrid, Comunidad de;2024M07;0,731839
Extremadura;Madrid, Comunidad de;2024M06;0,373857
Extremadura;Madrid, Comunidad de;2024M05;0,508048
Extremadura;Madrid, Comunidad de;2024M04;0,486255
Extremadura;Madrid, Comunidad de;2024M03;0,51866
Extremadura;Madrid, Comunidad de;2024M02;0,319467
Extremadura;Madrid, Comunidad de;2024M01;0,509492
Extremadura;Murcia, Región de;2024M12;0,016162
Extremadura;Murcia, Región de;2024M11;0,017109
Extremadura;Murcia, Región de;2024M10;0,015665
Extremadura;Murcia, Región de;2024M09;0,023693
Extremadura;Murcia, Región de;2024M08;0,028459
Extremadura;Murcia, Región de;2024M07;0,02316
Extremadura;Murcia, Región de;2024M06;0,014924
Extremadura;Murcia, Región de;2024M05;0,013531
Extremadura;Murcia, Región de;2024M04;0,013139
Extremadura;Murcia, Región de;2024M03;0,014975
Extremadura;Murcia, Región de;2024M02;0,007831
Extremadura;Murcia, Región de;2024M01;0,012875
Extremadura;Navarra, Comunidad Foral de;2024M12;0,00853
Extremadura;Navarra, Comunidad Foral de;2024M11;0,009052
Extremadura;Navarra, Comunidad Foral de;2024M10;0,008967
Extremadura;Navarra, Comunidad Foral de;2024M09;0,016103
Extremadura;Navarra, Comunidad Foral de;2024M08;0,031455
Extremadura;Navarra, Comunidad Foral de;2024M07;0,011917
Extremadura;Navarra, Comunidad Foral de;2024M06;0,009343
Extremadura;Navarra, Comunidad Foral de;2024M05;0,008335
Extremadura;Navarra, Comunidad Foral de;2024M04;0,014408
Extremadura;Navarra, Comunidad Foral de;2024M03;0,007573
Extremadura;Navarra, Comunidad Foral de;2024M02;0,0064
Extremadura;Navarra, Comunidad Foral de;2024M01;0,010118
Extremadura;País Vasco;2024M12;0,057585
Extremadura;País Vasco;2024M11;0,072272
Extremadura;País Vasco;2024M10;0,070403
Extremadura;País Vasco;2024M09;0,185145
Extremadura;País Vasco;2024M08;0,378766
Extremadura;País Vasco;2024M07;0,106229
Extremadura;País Vasco;2024M06;0,066323
Extremadura;País Vasco;2024M05;0,063711
Extremadura;País Vasco;2024M04;0,107306
Extremadura;País Vasco;2024M03;0,055431
Extremadura;País Vasco;2024M02;0,03269
Extremadura;País Vasco;2024M01;0,047419
Extremadura;Rioja, La;2024M12;0,004631
Extremadura;Rioja, La;2024M11;0,00619
Extremadura;Rioja, La;2024M10;0,006028
Extremadura;Rioja, La;2024M09;0,008808
Extremadura;Rioja, La;2024M08;0,015201
Extremadura;Rioja, La;2024M07;0,00734
Extremadura;Rioja, La;2024M06;0,006465
Extremadura;Rioja, La;2024M05;0,00348
Extremadura;Rioja, La;2024M04;0,005019
Extremadura;Rioja, La;2024M03;0,004115
Extremadura;Rioja, La;2024M02;0,002455
Extremadura;Rioja, La;2024M01;0,005363
Galicia;Andalucía;2024M12;0,213884
Galicia;Andalucía;2024M11;0,208259
Galicia;Andalucía;2024M10;0,279757
Galicia;Andalucía;2024M09;0,399379
Galicia;Andalucía;2024M08;0,759643
Galicia;Andalucía;2024M07;0,456917
Galicia;Andalucía;2024M06;0,222127
Galicia;Andalucía;2024M05;0,175473
Galicia;Andalucía;2024M04;0,145252
Galicia;Andalucía;2024M03;0,198138
Galicia;Andalucía;2024M02;0,11691
Galicia;Andalucía;2024M01;0,183942
Galicia;Aragón;2024M12;0,038203
Galicia;Aragón;2024M11;0,043906
Galicia;Aragón;2024M10;0,051112
Galicia;Aragón;2024M09;0,077375
Galicia;Aragón;2024M08;0,175355
Galicia;Aragón;2024M07;0,09657
Galicia;Aragón;2024M06;0,050532
Galicia;Aragón;2024M05;0,030234
Galicia;Aragón;2024M04;0,033187
Galicia;Aragón;2024M03;0,03232
Galicia;Aragón;2024M02;0,02363
Galicia;Aragón;2024M01;0,042413
Galicia;Asturias, Principado de;2024M12;0,11754
Galicia;Asturias, Principado de;2024M11;0,110891
Galicia;Asturias, Principado de;2024M10;0,116978
Galicia;Asturias, Principado de;2024M09;0,224153
Galicia;Asturias, Principado de;2024M08;0,329063
Galicia;Asturias, Principado de;2024M07;0,258198
Galicia;Asturias, Principado de;2024M06;0,142342
Galicia;Asturias, Principado de;2024M05;0,106497
Galicia;Asturias, Principado de;2024M04;0,118186
Galicia;Asturias, Principado de;2024M03;0,090404
Galicia;Asturias, Principado de;2024M02;0,089687
Galicia;Asturias, Principado de;2024M01;0,090743
Galicia;Balears, Illes;2024M12;0,053098
Galicia;Balears, Illes;2024M11;0,057462
Galicia;Balears, Illes;2024M10;0,052353
Galicia;Balears, Illes;2024M09;0,064958
Galicia;Balears, Illes;2024M08;0,097893
Galicia;Balears, Illes;2024M07;0,057288
Galicia;Balears, Illes;2024M06;0,035638
Galicia;Balears, Illes;2024M05;0,034005
Galicia;Balears, Illes;2024M04;0,037965
Galicia;Balears, Illes;2024M03;0,036232
Galicia;Balears, Illes;2024M02;0,031834
Galicia;Balears, Illes;2024M01;0,063071
Galicia;Canarias;2024M12;0,10169
Galicia;Canarias;2024M11;0,089875
Galicia;Canarias;2024M10;0,111952
Galicia;Canarias;2024M09;0,147766
Galicia;Canarias;2024M08;0,21107
Galicia;Canarias;2024M07;0,1498
Galicia;Canarias;2024M06;0,097226
Galicia;Canarias;2024M05;0,080352
Galicia;Canarias;2024M04;0,06457
Galicia;Canarias;2024M03;0,076675
Galicia;Canarias;2024M02;0,057417
Galicia;Canarias;2024M01;0,088015
Galicia;Cantabria;2024M12;0,026149
Galicia;Cantabria;2024M11;0,03237
Galicia;Cantabria;2024M10;0,036942
Galicia;Cantabria;2024M09;0,04918
Galicia;Cantabria;2024M08;0,081119
Galicia;Cantabria;2024M07;0,053033
Galicia;Cantabria;2024M06;0,035155
Galicia;Cantabria;2024M05;0,028546
Galicia;Cantabria;2024M04;0,021239
Galicia;Cantabria;2024M03;0,023262
Galicia;Cantabria;2024M02;0,018862
Galicia;Cantabria;2024M01;0,023547
Galicia;Castilla - La Mancha;2024M12;0,067176
Galicia;Castilla - La Mancha;2024M11;0,06904
Galicia;Castilla - La Mancha;2024M10;0,091307
Galicia;Castilla - La Mancha;2024M09;0,135839
Galicia;Castilla - La Mancha;2024M08;0,298604
Galicia;Castilla - La Mancha;2024M07;0,174961
Galicia;Castilla - La Mancha;2024M06;0,08151
Galicia;Castilla - La Mancha;2024M05;0,056764
Galicia;Castilla - La Mancha;2024M04;0,046334
Galicia;Castilla - La Mancha;2024M03;0,068057
Galicia;Castilla - La Mancha;2024M02;0,042454
Galicia;Castilla - La Mancha;2024M01;0,058316
Galicia;Castilla y León;2024M12;0,223778
Galicia;Castilla y León;2024M11;0,207051
Galicia;Castilla y León;2024M10;0,232058
Galicia;Castilla y León;2024M09;0,3738
Galicia;Castilla y León;2024M08;0,670017
Galicia;Castilla y León;2024M07;0,479375
Galicia;Castilla y León;2024M06;0,218982
Galicia;Castilla y León;2024M05;0,169228
Galicia;Castilla y León;2024M04;0,171092
Galicia;Castilla y León;2024M03;0,190445
Galicia;Castilla y León;2024M02;0,132445
Galicia;Castilla y León;2024M01;0,175702
Galicia;Cataluña;2024M12;0,201863
Galicia;Cataluña;2024M11;0,236591
Galicia;Cataluña;2024M10;0,285699
Galicia;Cataluña;2024M09;0,588024
Galicia;Cataluña;2024M08;1,248446
Galicia;Cataluña;2024M07;0,388837
Galicia;Cataluña;2024M06;0,231908
Galicia;Cataluña;2024M05;0,190225
Galicia;Cataluña;2024M04;0,177631
Galicia;Cataluña;2024M03;0,193227
Galicia;Cataluña;2024M02;0,129046
Galicia;Cataluña;2024M01;0,248312
Galicia;Comunitat Valenciana;2024M12;0,106152
Galicia;Comunitat Valenciana;2024M11;0,124653
Galicia;Comunitat Valenciana;2024M10;0,165936
Galicia;Comunitat Valenciana;2024M09;0,253696
Galicia;Comunitat Valenciana;2024M08;0,507757
Galicia;Comunitat Valenciana;2024M07;0,229104
Galicia;Comunitat Valenciana;2024M06;0,130443
Galicia;Comunitat Valenciana;2024M05;0,099427
Galicia;Comunitat Valenciana;2024M04;0,096189
Galicia;Comunitat Valenciana;2024M03;0,09889
Galicia;Comunitat Valenciana;2024M02;0,069509
Galicia;Comunitat Valenciana;2024M01;0,112447
Galicia;Extremadura;2024M12;0,03073
Galicia;Extremadura;2024M11;0,032836
Galicia;Extremadura;2024M10;0,047012
Galicia;Extremadura;2024M09;0,060065
Galicia;Extremadura;2024M08;0,112707
Galicia;Extremadura;2024M07;0,078159
Galicia;Extremadura;2024M06;0,033512
Galicia;Extremadura;2024M05;0,027305
Galicia;Extremadura;2024M04;0,026573
Galicia;Extremadura;2024M03;0,035824
Galicia;Extremadura;2024M02;0,019411
Galicia;Extremadura;2024M01;0,025723
Galicia;Galicia;2024M12;1,64024
Galicia;Galicia;2024M11;1,581526
Galicia;Galicia;2024M10;1,709242
Galicia;Galicia;2024M09;2,069477
Galicia;Galicia;2024M08;2,791131
Galicia;Galicia;2024M07;2,335376
Galicia;Galicia;2024M06;1,597542
Galicia;Galicia;2024M05;1,472397
Galicia;Galicia;2024M04;1,459356
Galicia;Galicia;2024M03;1,564164
Galicia;Galicia;2024M02;1,32421
Galicia;Galicia;2024M01;1,552668
Galicia;Madrid, Comunidad de;2024M12;0,557908
Galicia;Madrid, Comunidad de;2024M11;0,475357
Galicia;Madrid, Comunidad de;2024M10;0,49874
Galicia;Madrid, Comunidad de;2024M09;1,291769
Galicia;Madrid, Comunidad de;2024M08;3,317267
Galicia;Madrid, Comunidad de;2024M07;1,378309
Galicia;Madrid, Comunidad de;2024M06;0,504098
Galicia;Madrid, Comunidad de;2024M05;0,501137
Galicia;Madrid, Comunidad de;2024M04;0,43149
Galicia;Madrid, Comunidad de;2024M03;0,528506
Galicia;Madrid, Comunidad de;2024M02;0,297396
Galicia;Madrid, Comunidad de;2024M01;0,575804
Galicia;Murcia, Región de;2024M12;0,036988
Galicia;Murcia, Región de;2024M11;0,034618
Galicia;Murcia, Región de;2024M10;0,049241
Galicia;Murcia, Región de;2024M09;0,074246
Galicia;Murcia, Región de;2024M08;0,156683
Galicia;Murcia, Región de;2024M07;0,072853
Galicia;Murcia, Región de;2024M06;0,037461
Galicia;Murcia, Región de;2024M05;0,031617
Galicia;Murcia, Región de;2024M04;0,024214
Galicia;Murcia, Región de;2024M03;0,034585
Galicia;Murcia, Región de;2024M02;0,014486
Galicia;Murcia, Región de;2024M01;0,026964
Galicia;Navarra, Comunidad Foral de;2024M12;0,022158
Galicia;Navarra, Comunidad Foral de;2024M11;0,022333
Galicia;Navarra, Comunidad Foral de;2024M10;0,028541
Galicia;Navarra, Comunidad Foral de;2024M09;0,039977
Galicia;Navarra, Comunidad Foral de;2024M08;0,090979
Galicia;Navarra, Comunidad Foral de;2024M07;0,06387
Galicia;Navarra, Comunidad Foral de;2024M06;0,027156
Galicia;Navarra, Comunidad Foral de;2024M05;0,01844
Galicia;Navarra, Comunidad Foral de;2024M04;0,020638
Galicia;Navarra, Comunidad Foral de;2024M03;0,016833
Galicia;Navarra, Comunidad Foral de;2024M02;0,012522
Galicia;Navarra, Comunidad Foral de;2024M01;0,021118
Galicia;País Vasco;2024M12;0,122114
Galicia;País Vasco;2024M11;0,148427
Galicia;País Vasco;2024M10;0,169525
Galicia;País Vasco;2024M09;0,327385
Galicia;País Vasco;2024M08;0,682852
Galicia;País Vasco;2024M07;0,26892
Galicia;País Vasco;2024M06;0,144952
Galicia;País Vasco;2024M05;0,103625
Galicia;País Vasco;2024M04;0,126868
Galicia;País Vasco;2024M03;0,100788
Galicia;País Vasco;2024M02;0,07746
Galicia;País Vasco;2024M01;0,112663
Galicia;Rioja, La;2024M12;0,011417
Galicia;Rioja, La;2024M11;0,011769
Galicia;Rioja, La;2024M10;0,017691
Galicia;Rioja, La;2024M09;0,024247
Galicia;Rioja, La;2024M08;0,049694
Galicia;Rioja, La;2024M07;0,026982
Galicia;Rioja, La;2024M06;0,016061
Galicia;Rioja, La;2024M05;0,009614
Galicia;Rioja, La;2024M04;0,009603
Galicia;Rioja, La;2024M03;0,008715
Galicia;Rioja, La;2024M02;0,007383
Galicia;Rioja, La;2024M01;0,012027
Madrid, Comunidad de;Andalucía;2024M12;2,162399
Madrid, Comunidad de;Andalucía;2024M11;1,700276
Madrid, Comunidad de;Andalucía;2024M10;1,876769
Madrid, Comunidad de;Andalucía;2024M09;1,639054
Madrid, Comunidad de;Andalucía;2024M08;1,610349
Madrid, Comunidad de;Andalucía;2024M07;2,157352
Madrid, Comunidad de;Andalucía;2024M06;1,663086
Madrid, Comunidad de;Andalucía;2024M05;1,401304
Madrid, Comunidad de;Andalucía;2024M04;1,393247
Madrid, Comunidad de;Andalucía;2024M03;1,99399
Madrid, Comunidad de;Andalucía;2024M02;1,318124
Madrid, Comunidad de;Andalucía;2024M01;1,474827
Madrid, Comunidad de;Aragón;2024M12;0,276261
Madrid, Comunidad de;Aragón;2024M11;0,250579
Madrid, Comunidad de;Aragón;2024M10;0,282877
Madrid, Comunidad de;Aragón;2024M09;0,230104
Madrid, Comunidad de;Aragón;2024M08;0,243803
Madrid, Comunidad de;Aragón;2024M07;0,276098
Madrid, Comunidad de;Aragón;2024M06;0,234352
Madrid, Comunidad de;Aragón;2024M05;0,211535
Madrid, Comunidad de;Aragón;2024M04;0,214815
Madrid, Comunidad de;Aragón;2024M03;0,236013
Madrid, Comunidad de;Aragón;2024M02;0,175605
Madrid, Comunidad de;Aragón;2024M01;0,220287
Madrid, Comunidad de;Asturias, Principado de;2024M12;0,194642
Madrid, Comunidad de;Asturias, Principado de;2024M11;0,15482
Madrid, Comunidad de;Asturias, Principado de;2024M10;0,221162
Madrid, Comunidad de;Asturias, Principado de;2024M09;0,201345
Madrid, Comunidad de;Asturias, Principado de;2024M08;0,133866
Madrid, Comunidad de;Asturias, Principado de;2024M07;0,149607
Madrid, Comunidad de;Asturias, Principado de;2024M06;0,181016
Madrid, Comunidad de;Asturias, Principado de;2024M05;0,157573
Madrid, Comunidad de;Asturias, Principado de;2024M04;0,186088
Madrid, Comunidad de;Asturias, Principado de;2024M03;0,115254
Madrid, Comunidad de;Asturias, Principado de;2024M02;0,230593
Madrid, Comunidad de;Asturias, Principado de;2024M01;0,121245
Madrid, Comunidad de;Balears, Illes;2024M12;0,288486
Madrid, Comunidad de;Balears, Illes;2024M11;0,254041
Madrid, Comunidad de;Balears, Illes;2024M10;0,248267
Madrid, Comunidad de;Balears, Illes;2024M09;0,201126
Madrid, Comunidad de;Balears, Illes;2024M08;0,198338
Madrid, Comunidad de;Balears, Illes;2024M07;0,28939
Madrid, Comunidad de;Balears, Illes;2024M06;0,236842
Madrid, Comunidad de;Balears, Illes;2024M05;0,189863
Madrid, Comunidad de;Balears, Illes;2024M04;0,201394
Madrid, Comunidad de;Balears, Illes;2024M03;0,253488
Madrid, Comunidad de;Balears, Illes;2024M02;0,176444
Madrid, Comunidad de;Balears, Illes;2024M01;0,244185
Madrid, Comunidad de;Canarias;2024M12;0,52339
Madrid, Comunidad de;Canarias;2024M11;0,381711
Madrid, Comunidad de;Canarias;2024M10;0,370726
Madrid, Comunidad de;Canarias;2024M09;0,313407
Madrid, Comunidad de;Canarias;2024M08;0,334248
Madrid, Comunidad de;Canarias;2024M07;0,417632
Madrid, Comunidad de;Canarias;2024M06;0,341043
Madrid, Comunidad de;Canarias;2024M05;0,314855
Madrid, Comunidad de;Canarias;2024M04;0,28227
Madrid, Comunidad de;Canarias;2024M03;0,367007
Madrid, Comunidad de;Canarias;2024M02;0,298148
Madrid, Comunidad de;Canarias;2024M01;0,324068
Madrid, Comunidad de;Cantabria;2024M12;0,241686
Madrid, Comunidad de;Cantabria;2024M11;0,197321
Madrid, Comunidad de;Cantabria;2024M10;0,228765
Madrid, Comunidad de;Cantabria;2024M09;0,188789
Madrid, Comunidad de;Cantabria;2024M08;0,160528
Madrid, Comunidad de;Cantabria;2024M07;0,268299
Madrid, Comunidad de;Cantabria;2024M06;0,202669
Madrid, Comunidad de;Cantabria;2024M05;0,171209
Madrid, Comunidad de;Cantabria;2024M04;0,162913
Madrid, Comunidad de;Cantabria;2024M03;0,24295
Madrid, Comunidad de;Cantabria;2024M02;0,14754
Madrid, Comunidad de;Cantabria;2024M01;0,170553
Madrid, Comunidad de;Castilla - La Mancha;2024M12;1,821208
Madrid, Comunidad de;Castilla - La Mancha;2024M11;1,824091
Madrid, Comunidad de;Castilla - La Mancha;2024M10;2,288975
Madrid, Comunidad de;Castilla - La Mancha;2024M09;1,872697
Madrid, Comunidad de;Castilla - La Mancha;2024M08;1,44566
Madrid, Comunidad de;Castilla - La Mancha;2024M07;1,753029
Madrid, Comunidad de;Castilla - La Mancha;2024M06;1,642261
Madrid, Comunidad de;Castilla - La Mancha;2024M05;1,52674
Madrid, Comunidad de;Castilla - La Mancha;2024M04;1,482364
Madrid, Comunidad de;Castilla - La Mancha;2024M03;1,787259
Madrid, Comunidad de;Castilla - La Mancha;2024M02;1,408825
Madrid, Comunidad de;Castilla - La Mancha;2024M01;1,4978
Madrid, Comunidad de;Castilla y León;2024M12;1,662367
Madrid, Comunidad de;Castilla y León;2024M11;1,474318
Madrid, Comunidad de;Castilla y León;2024M10;1,90769
Madrid, Comunidad de;Castilla y León;2024M09;1,48173
Madrid, Comunidad de;Castilla y León;2024M08;1,159185
Madrid, Comunidad de;Castilla y León;2024M07;1,647622
Madrid, Comunidad de;Castilla y León;2024M06;1,458311
Madrid, Comunidad de;Castilla y León;2024M05;1,306129
Madrid, Comunidad de;Castilla y León;2024M04;1,264694
Madrid, Comunidad de;Castilla y León;2024M03;1,763639
Madrid, Comunidad de;Castilla y León;2024M02;1,205136
Madrid, Comunidad de;Castilla y León;2024M01;1,257619
Madrid, Comunidad de;Cataluña;2024M12;0,8558
Madrid, Comunidad de;Cataluña;2024M11;0,938224
Madrid, Comunidad de;Cataluña;2024M10;0,913441
Madrid, Comunidad de;Cataluña;2024M09;0,831847
Madrid, Comunidad de;Cataluña;2024M08;0,918458
Madrid, Comunidad de;Cataluña;2024M07;1,001496
Madrid, Comunidad de;Cataluña;2024M06;0,837435
Madrid, Comunidad de;Cataluña;2024M05;0,762626
Madrid, Comunidad de;Cataluña;2024M04;0,763446
Madrid, Comunidad de;Cataluña;2024M03;0,843213
Madrid, Comunidad de;Cataluña;2024M02;0,692846
Madrid, Comunidad de;Cataluña;2024M01;0,822633
Madrid, Comunidad de;Comunitat Valenciana;2024M12;1,333281
Madrid, Comunidad de;Comunitat Valenciana;2024M11;1,182087
Madrid, Comunidad de;Comunitat Valenciana;2024M10;1,35221
Madrid, Comunidad de;Comunitat Valenciana;2024M09;1,215089
Madrid, Comunidad de;Comunitat Valenciana;2024M08;1,163073
Madrid, Comunidad de;Comunitat Valenciana;2024M07;1,572696
Madrid, Comunidad de;Comunitat Valenciana;2024M06;1,267131
Madrid, Comunidad de;Comunitat Valenciana;2024M05;0,97948
Madrid, Comunidad de;Comunitat Valenciana;2024M04;1,037786
Madrid, Comunidad de;Comunitat Valenciana;2024M03;1,497397
Madrid, Comunidad de;Comunitat Valenciana;2024M02;0,906498
Madrid, Comunidad de;Comunitat Valenciana;2024M01;1,040996
Madrid, Comunidad de;Extremadura;2024M12;0,496252
Madrid, Comunidad de;Extremadura;2024M11;0,419275
Madrid, Comunidad de;Extremadura;2024M10;0,54582
Madrid, Comunidad de;Extremadura;2024M09;0,421089
Madrid, Comunidad de;Extremadura;2024M08;0,330951
Madrid, Comunidad de;Extremadura;2024M07;0,434296
Madrid, Comunidad de;Extremadura;2024M06;0,401932
Madrid, Comunidad de;Extremadura;2024M05;0,347833
Madrid, Comunidad de;Extremadura;2024M04;0,335375
Madrid, Comunidad de;Extremadura;2024M03;0,454821
Madrid, Comunidad de;Extremadura;2024M02;0,34443
Madrid, Comunidad de;Extremadura;2024M01;0,365944
Madrid, Comunidad de;Galicia;2024M12;0,991773
Madrid, Comunidad de;Galicia;2024M11;0,733168
Madrid, Comunidad de;Galicia;2024M10;0,782235
Madrid, Comunidad de;Galicia;2024M09;0,703389
Madrid, Comunidad de;Galicia;2024M08;0,714194
Madrid, Comunidad de;Galicia;2024M07;1,058539
Madrid, Comunidad de;Galicia;2024M06;0,82331
Madrid, Comunidad de;Galicia;2024M05;0,663194
Madrid, Comunidad de;Galicia;2024M04;0,654912
Madrid, Comunidad de;Galicia;2024M03;0,934893
Madrid, Comunidad de;Galicia;2024M02;0,579508
Madrid, Comunidad de;Galicia;2024M01;0,639956
Madrid, Comunidad de;Madrid, Comunidad de;2024M12;0
Madrid, Comunidad de;Madrid, Comunidad de;2024M11;0
Madrid, Comunidad de;Madrid, Comunidad de;2024M10;0
Madrid, Comunidad de;Madrid, Comunidad de;2024M09;0
Madrid, Comunidad de;Madrid, Comunidad de;2024M08;0
Madrid, Comunidad de;Madrid, Comunidad de;2024M07;0
Madrid, Comunidad de;Madrid, Comunidad de;2024M06;0
Madrid, Comunidad de;Madrid, Comunidad de;2024M05;0
Madrid, Comunidad de;Madrid, Comunidad de;2024M04;0
Madrid, Comunidad de;Madrid, Comunidad de;2024M03;0
Madrid, Comunidad de;Madrid, Comunidad de;2024M02;0
Madrid, Comunidad de;Madrid, Comunidad de;2024M01;0
Madrid, Comunidad de;Murcia, Región de;2024M12;0,403006
Madrid, Comunidad de;Murcia, Región de;2024M11;0,32999
Madrid, Comunidad de;Murcia, Región de;2024M10;0,368638
Madrid, Comunidad de;Murcia, Región de;2024M09;0,316489
Madrid, Comunidad de;Murcia, Región de;2024M08;0,317093
Madrid, Comunidad de;Murcia, Región de;2024M07;0,438044
Madrid, Comunidad de;Murcia, Región de;2024M06;0,322521
Madrid, Comunidad de;Murcia, Región de;2024M05;0,249313
Madrid, Comunidad de;Murcia, Región de;2024M04;0,247908
Madrid, Comunidad de;Murcia, Región de;2024M03;0,345885
Madrid, Comunidad de;Murcia, Región de;2024M02;0,221529
Madrid, Comunidad de;Murcia, Región de;2024M01;0,247195
Madrid, Comunidad de;Navarra, Comunidad Foral de;2024M12;0,137424
Madrid, Comunidad de;Navarra, Comunidad Foral de;2024M11;0,120732
Madrid, Comunidad de;Navarra, Comunidad Foral de;2024M10;0,120633
Madrid, Comunidad de;Navarra, Comunidad Foral de;2024M09;0,11047
Madrid, Comunidad de;Navarra, Comunidad Foral de;2024M08;0,10338
Madrid, Comunidad de;Navarra, Comunidad Foral de;2024M07;0,133241
Madrid, Comunidad de;Navarra, Comunidad Foral de;2024M06;0,112915
Madrid, Comunidad de;Navarra, Comunidad Foral de;2024M05;0,100718
Madrid, Comunidad de;Navarra, Comunidad Foral de;2024M04;0,100327
Madrid, Comunidad de;Navarra, Comunidad Foral de;2024M03;0,111722
Madrid, Comunidad de;Navarra, Comunidad Foral de;2024M02;0,085877
Madrid, Comunidad de;Navarra, Comunidad Foral de;2024M01;0,098453
Madrid, Comunidad de;País Vasco;2024M12;0,610222
Madrid, Comunidad de;País Vasco;2024M11;0,510637
Madrid, Comunidad de;País Vasco;2024M10;0,494351
Madrid, Comunidad de;País Vasco;2024M09;0,437594
Madrid, Comunidad de;País Vasco;2024M08;0,431425
Madrid, Comunidad de;País Vasco;2024M07;0,548534
Madrid, Comunidad de;País Vasco;2024M06;0,485427
Madrid, Comunidad de;País Vasco;2024M05;0,40104
Madrid, Comunidad de;País Vasco;2024M04;0,417014
Madrid, Comunidad de;País Vasco;2024M03;0,465687
Madrid, Comunidad de;País Vasco;2024M02;0,361361
Madrid, Comunidad de;País Vasco;2024M01;0,383756
Madrid, Comunidad de;Rioja, La;2024M12;0,086146
Madrid, Comunidad de;Rioja, La;2024M11;0,073509
Madrid, Comunidad de;Rioja, La;2024M10;0,079554
Madrid, Comunidad de;Rioja, La;2024M09;0,068466
Madrid, Comunidad de;Rioja, La;2024M08;0,056038
Madrid, Comunidad de;Rioja, La;2024M07;0,078508
Madrid, Comunidad de;Rioja, La;2024M06;0,066468
Madrid, Comunidad de;Rioja, La;2024M05;0,057578
Madrid, Comunidad de;Rioja, La;2024M04;0,06213
Madrid, Comunidad de;Rioja, La;2024M03;0,066297
Madrid, Comunidad de;Rioja, La;2024M02;0,051561
Madrid, Comunidad de;Rioja, La;2024M01;0,062065
Murcia, Región de;Andalucía;2024M12;0,247641
Murcia, Región de;Andalucía;2024M11;0,261871
Murcia, Región de;Andalucía;2024M10;0,306751
Murcia, Región de;Andalucía;2024M09;0,339536
Murcia, Región de;Andalucía;2024M08;0,395714
Murcia, Región de;Andalucía;2024M07;0,350833
Murcia, Región de;Andalucía;2024M06;0,241055
Murcia, Región de;Andalucía;2024M05;0,230585
Murcia, Región de;Andalucía;2024M04;0,199243
Murcia, Región de;Andalucía;2024M03;0,266978
Murcia, Región de;Andalucía;2024M02;0,182935
Murcia, Región de;Andalucía;2024M01;0,224384
Murcia, Región de;Aragón;2024M12;0,01694
Murcia, Región de;Aragón;2024M11;0,01749
Murcia, Región de;Aragón;2024M10;0,027485
Murcia, Región de;Aragón;2024M09;0,025844
Murcia, Región de;Aragón;2024M08;0,04315
Murcia, Región de;Aragón;2024M07;0,032506
Murcia, Región de;Aragón;2024M06;0,019399
Murcia, Región de;Aragón;2024M05;0,017285
Murcia, Región de;Aragón;2024M04;0,015576
Murcia, Región de;Aragón;2024M03;0,020146
Murcia, Región de;Aragón;2024M02;0,01391
Murcia, Región de;Aragón;2024M01;0,017018
Murcia, Región de;Asturias, Principado de;2024M12;0,006795
Murcia, Región de;Asturias, Principado de;2024M11;0,006097
Murcia, Región de;Asturias, Principado de;2024M10;0,011841
Murcia, Región de;Asturias, Principado de;2024M09;0,020284
Murcia, Región de;Asturias, Principado de;2024M08;0,031634
Murcia, Región de;Asturias, Principado de;2024M07;0,027795
Murcia, Región de;Asturias, Principado de;2024M06;0,014336
Murcia, Región de;Asturias, Principado de;2024M05;0,009416
Murcia, Región de;Asturias, Principado de;2024M04;0,006618
Murcia, Región de;Asturias, Principado de;2024M03;0,008122
Murcia, Región de;Asturias, Principado de;2024M02;0,007304
Murcia, Región de;Asturias, Principado de;2024M01;0,005156
Murcia, Región de;Balears, Illes;2024M12;0,025597
Murcia, Región de;Balears, Illes;2024M11;0,02151
Murcia, Región de;Balears, Illes;2024M10;0,023615
Murcia, Región de;Balears, Illes;2024M09;0,023872
Murcia, Región de;Balears, Illes;2024M08;0,027805
Murcia, Región de;Balears, Illes;2024M07;0,022445
Murcia, Región de;Balears, Illes;2024M06;0,015568
Murcia, Región de;Balears, Illes;2024M05;0,019102
Murcia, Región de;Balears, Illes;2024M04;0,019888
Murcia, Región de;Balears, Illes;2024M03;0,02061
Murcia, Región de;Balears, Illes;2024M02;0,013533
Murcia, Región de;Balears, Illes;2024M01;0,026515
Murcia, Región de;Canarias;2024M12;0,026221
Murcia, Región de;Canarias;2024M11;0,020978
Murcia, Región de;Canarias;2024M10;0,027849
Murcia, Región de;Canarias;2024M09;0,028572
Murcia, Región de;Canarias;2024M08;0
Murcia, Región de;Canarias;2024M07;0,027774
Murcia, Región de;Canarias;2024M06;0,022162
Murcia, Región de;Canarias;2024M05;0,019551
Murcia, Región de;Canarias;2024M04;0,019676
Murcia, Región de;Canarias;2024M03;0,025148
Murcia, Región de;Canarias;2024M02;0,019084
Murcia, Región de;Canarias;2024M01;0,022766
Murcia, Región de;Cantabria;2024M12;0,005436
Murcia, Región de;Cantabria;2024M11;0,00783
Murcia, Región de;Cantabria;2024M10;0,010743
Murcia, Región de;Cantabria;2024M09;0,011227
Murcia, Región de;Cantabria;2024M08;0,011982
Murcia, Región de;Cantabria;2024M07;0,010605
Murcia, Región de;Cantabria;2024M06;0,009704
Murcia, Región de;Cantabria;2024M05;0,006894
Murcia, Región de;Cantabria;2024M04;0,005983
Murcia, Región de;Cantabria;2024M03;0,006605
Murcia, Región de;Cantabria;2024M02;0,004331
Murcia, Región de;Cantabria;2024M01;0,006256
Murcia, Región de;Castilla - La Mancha;2024M12;0,115294
Murcia, Región de;Castilla - La Mancha;2024M11;0,096839
Murcia, Región de;Castilla - La Mancha;2024M10;0,118804
Murcia, Región de;Castilla - La Mancha;2024M09;0,174978
Murcia, Región de;Castilla - La Mancha;2024M08;0,277652
Murcia, Región de;Castilla - La Mancha;2024M07;0,217151
Murcia, Región de;Castilla - La Mancha;2024M06;0,132222
Murcia, Región de;Castilla - La Mancha;2024M05;0,096895
Murcia, Región de;Castilla - La Mancha;2024M04;0,095457
Murcia, Región de;Castilla - La Mancha;2024M03;0,108331
Murcia, Región de;Castilla - La Mancha;2024M02;0,07069
Murcia, Región de;Castilla - La Mancha;2024M01;0,079217
Murcia, Región de;Castilla y León;2024M12;0,036331
Murcia, Región de;Castilla y León;2024M11;0,039073
Murcia, Región de;Castilla y León;2024M10;0,046218
Murcia, Región de;Castilla y León;2024M09;0,067641
Murcia, Región de;Castilla y León;2024M08;0,094935
Murcia, Región de;Castilla y León;2024M07;0,083499
Murcia, Región de;Castilla y León;2024M06;0,045747
Murcia, Región de;Castilla y León;2024M05;0,03771
Murcia, Región de;Castilla y León;2024M04;0,034588
Murcia, Región de;Castilla y León;2024M03;0,036041
Murcia, Región de;Castilla y León;2024M02;0,022773
Murcia, Región de;Castilla y León;2024M01;0,02947
Murcia, Región de;Cataluña;2024M12;0,091352
Murcia, Región de;Cataluña;2024M11;0,101691
Murcia, Región de;Cataluña;2024M10;0,11231
Murcia, Región de;Cataluña;2024M09;0,160416
Murcia, Región de;Cataluña;2024M08;0,285827
Murcia, Región de;Cataluña;2024M07;0,148077
Murcia, Región de;Cataluña;2024M06;0,098811
Murcia, Región de;Cataluña;2024M05;0,107796
Murcia, Región de;Cataluña;2024M04;0,100528
Murcia, Región de;Cataluña;2024M03;0,107591
Murcia, Región de;Cataluña;2024M02;0,065573
Murcia, Región de;Cataluña;2024M01;0,097308
Murcia, Región de;Comunitat Valenciana;2024M12;0,357876
Murcia, Región de;Comunitat Valenciana;2024M11;0,402894
Murcia, Región de;Comunitat Valenciana;2024M10;0,477537
Murcia, Región de;Comunitat Valenciana;2024M09;0,510153
Murcia, Región de;Comunitat Valenciana;2024M08;0,544499
Murcia, Región de;Comunitat Valenciana;2024M07;0,491998
Murcia, Región de;Comunitat Valenciana;2024M06;0,398835
Murcia, Región de;Comunitat Valenciana;2024M05;0,358464
Murcia, Región de;Comunitat Valenciana;2024M04;0,341233
Murcia, Región de;Comunitat Valenciana;2024M03;0,376252
Murcia, Región de;Comunitat Valenciana;2024M02;0,277022
Murcia, Región de;Comunitat Valenciana;2024M01;0,331967
Murcia, Región de;Extremadura;2024M12;0,012208
Murcia, Región de;Extremadura;2024M11;0,012793
Murcia, Región de;Extremadura;2024M10;0,015377
Murcia, Región de;Extremadura;2024M09;0,022465
Murcia, Región de;Extremadura;2024M08;0,029721
Murcia, Región de;Extremadura;2024M07;0,021746
Murcia, Región de;Extremadura;2024M06;0,013715
Murcia, Región de;Extremadura;2024M05;0,011934
Murcia, Región de;Extremadura;2024M04;0,010584
Murcia, Región de;Extremadura;2024M03;0,012511
Murcia, Región de;Extremadura;2024M02;0,008446
Murcia, Región de;Extremadura;2024M01;0,0105
Murcia, Región de;Galicia;2024M12;0,033457
Murcia, Región de;Galicia;2024M11;0,038527
Murcia, Región de;Galicia;2024M10;0,043829
Murcia, Región de;Galicia;2024M09;0,045366
Murcia, Región de;Galicia;2024M08;0
Murcia, Región de;Galicia;2024M07;0
Murcia, Región de;Galicia;2024M06;0,046006
Murcia, Región de;Galicia;2024M05;0,043113
Murcia, Región de;Galicia;2024M04;0,030406
Murcia, Región de;Galicia;2024M03;0,040097
Murcia, Región de;Galicia;2024M02;0,026929
Murcia, Región de;Galicia;2024M01;0,034411
Murcia, Región de;Madrid, Comunidad de;2024M12;0,246464
Murcia, Región de;Madrid, Comunidad de;2024M11;0,20582
Murcia, Región de;Madrid, Comunidad de;2024M10;0,225806
Murcia, Región de;Madrid, Comunidad de;2024M09;0,522137
Murcia, Región de;Madrid, Comunidad de;2024M08;1,275966
Murcia, Región de;Madrid, Comunidad de;2024M07;0,721431
Murcia, Región de;Madrid, Comunidad de;2024M06;0,282106
Murcia, Región de;Madrid, Comunidad de;2024M05;0,308222
Murcia, Región de;Madrid, Comunidad de;2024M04;0,256103
Murcia, Región de;Madrid, Comunidad de;2024M03;0,318895
Murcia, Región de;Madrid, Comunidad de;2024M02;0,140326
Murcia, Región de;Madrid, Comunidad de;2024M01;0,206605
Murcia, Región de;Murcia, Región de;2024M12;0
Murcia, Región de;Murcia, Región de;2024M11;0
Murcia, Región de;Murcia, Región de;2024M10;0
Murcia, Región de;Murcia, Región de;2024M09;0
Murcia, Región de;Murcia, Región de;2024M08;0
Murcia, Región de;Murcia, Región de;2024M07;0
Murcia, Región de;Murcia, Región de;2024M06;0
Murcia, Región de;Murcia, Región de;2024M05;0
Murcia, Región de;Murcia, Región de;2024M04;0
Murcia, Región de;Murcia, Región de;2024M03;0
Murcia, Región de;Murcia, Región de;2024M02;0
Murcia, Región de;Murcia, Región de;2024M01;0
Murcia, Región de;Navarra, Comunidad Foral de;2024M12;0,007134
Murcia, Región de;Navarra, Comunidad Foral de;2024M11;0,008682
Murcia, Región de;Navarra, Comunidad Foral de;2024M10;0,011559
Murcia, Región de;Navarra, Comunidad Foral de;2024M09;0,010512
Murcia, Región de;Navarra, Comunidad Foral de;2024M08;0,020218
Murcia, Región de;Navarra, Comunidad Foral de;2024M07;0,016581
Murcia, Región de;Navarra, Comunidad Foral de;2024M06;0,010105
Murcia, Región de;Navarra, Comunidad Foral de;2024M05;0,007728
Murcia, Región de;Navarra, Comunidad Foral de;2024M04;0,007243
Murcia, Región de;Navarra, Comunidad Foral de;2024M03;0,010474
Murcia, Región de;Navarra, Comunidad Foral de;2024M02;0,005661
Murcia, Región de;Navarra, Comunidad Foral de;2024M01;0,008138
Murcia, Región de;País Vasco;2024M12;0,024737
Murcia, Región de;País Vasco;2024M11;0,03764
Murcia, Región de;País Vasco;2024M10;0,03488
Murcia, Región de;País Vasco;2024M09;0,049698
Murcia, Región de;País Vasco;2024M08;0,080205
Murcia, Región de;País Vasco;2024M07;0,050814
Murcia, Región de;País Vasco;2024M06;0,037283
Murcia, Región de;País Vasco;2024M05;0,032104
Murcia, Región de;País Vasco;2024M04;0,028324
Murcia, Región de;País Vasco;2024M03;0,027635
Murcia, Región de;País Vasco;2024M02;0,015409
Murcia, Región de;País Vasco;2024M01;0,026347
Murcia, Región de;Rioja, La;2024M12;0,003401
Murcia, Región de;Rioja, La;2024M11;0,00402
Murcia, Región de;Rioja, La;2024M10;0,005152
Murcia, Región de;Rioja, La;2024M09;0,006422
Murcia, Región de;Rioja, La;2024M08;0,010183
Murcia, Región de;Rioja, La;2024M07;0,005795
Murcia, Región de;Rioja, La;2024M06;0,00462
Murcia, Región de;Rioja, La;2024M05;0,003268
Murcia, Región de;Rioja, La;2024M04;0,004572
Murcia, Región de;Rioja, La;2024M03;0,004587
Murcia, Región de;Rioja, La;2024M02;0,003109
Murcia, Región de;Rioja, La;2024M01;0,002805
Navarra, Comunidad Foral de;Andalucía;2024M12;0,06084
Navarra, Comunidad Foral de;Andalucía;2024M11;0,075063
Navarra, Comunidad Foral de;Andalucía;2024M10;0,071262
Navarra, Comunidad Foral de;Andalucía;2024M09;0,075392
Navarra, Comunidad Foral de;Andalucía;2024M08;0,117521
Navarra, Comunidad Foral de;Andalucía;2024M07;0,119256
Navarra, Comunidad Foral de;Andalucía;2024M06;0,072634
Navarra, Comunidad Foral de;Andalucía;2024M05;0,052815
Navarra, Comunidad Foral de;Andalucía;2024M04;0,038247
Navarra, Comunidad Foral de;Andalucía;2024M03;0,080979
Navarra, Comunidad Foral de;Andalucía;2024M02;0,048342
Navarra, Comunidad Foral de;Andalucía;2024M01;0,056569
Navarra, Comunidad Foral de;Aragón;2024M12;0,083678
Navarra, Comunidad Foral de;Aragón;2024M11;0,08522
Navarra, Comunidad Foral de;Aragón;2024M10;0,091199
Navarra, Comunidad Foral de;Aragón;2024M09;0,098474
Navarra, Comunidad Foral de;Aragón;2024M08;0,119585
Navarra, Comunidad Foral de;Aragón;2024M07;0,113286
Navarra, Comunidad Foral de;Aragón;2024M06;0,075308
Navarra, Comunidad Foral de;Aragón;2024M05;0,070502
Navarra, Comunidad Foral de;Aragón;2024M04;0,068295
Navarra, Comunidad Foral de;Aragón;2024M03;0,078937
Navarra, Comunidad Foral de;Aragón;2024M02;0,059443
Navarra, Comunidad Foral de;Aragón;2024M01;0,075866
Navarra, Comunidad Foral de;Asturias, Principado de;2024M12;0,009329
Navarra, Comunidad Foral de;Asturias, Principado de;2024M11;0,009615
Navarra, Comunidad Foral de;Asturias, Principado de;2024M10;0,010689
Navarra, Comunidad Foral de;Asturias, Principado de;2024M09;0,011828
Navarra, Comunidad Foral de;Asturias, Principado de;2024M08;0,00891
Navarra, Comunidad Foral de;Asturias, Principado de;2024M07;0,01109
Navarra, Comunidad Foral de;Asturias, Principado de;2024M06;0,008567
Navarra, Comunidad Foral de;Asturias, Principado de;2024M05;0,008407
Navarra, Comunidad Foral de;Asturias, Principado de;2024M04;0,005848
Navarra, Comunidad Foral de;Asturias, Principado de;2024M03;0,006037
Navarra, Comunidad Foral de;Asturias, Principado de;2024M02;0,008015
Navarra, Comunidad Foral de;Asturias, Principado de;2024M01;0,007393
Navarra, Comunidad Foral de;Balears, Illes;2024M12;0,012644
Navarra, Comunidad Foral de;Balears, Illes;2024M11;0,011882
Navarra, Comunidad Foral de;Balears, Illes;2024M10;0,010168
Navarra, Comunidad Foral de;Balears, Illes;2024M09;0,009221
Navarra, Comunidad Foral de;Balears, Illes;2024M08;0,014375
Navarra, Comunidad Foral de;Balears, Illes;2024M07;0,014906
Navarra, Comunidad Foral de;Balears, Illes;2024M06;0,009332
Navarra, Comunidad Foral de;Balears, Illes;2024M05;0,006935
Navarra, Comunidad Foral de;Balears, Illes;2024M04;0,008133
Navarra, Comunidad Foral de;Balears, Illes;2024M03;0
Navarra, Comunidad Foral de;Balears, Illes;2024M02;0,005481
Navarra, Comunidad Foral de;Balears, Illes;2024M01;0,009281
Navarra, Comunidad Foral de;Canarias;2024M12;0,022864
Navarra, Comunidad Foral de;Canarias;2024M11;0,01614
Navarra, Comunidad Foral de;Canarias;2024M10;0,017004
Navarra, Comunidad Foral de;Canarias;2024M09;0,014513
Navarra, Comunidad Foral de;Canarias;2024M08;0,020262
Navarra, Comunidad Foral de;Canarias;2024M07;0,018567
Navarra, Comunidad Foral de;Canarias;2024M06;0,015432
Navarra, Comunidad Foral de;Canarias;2024M05;0,012832
Navarra, Comunidad Foral de;Canarias;2024M04;0,00914
Navarra, Comunidad Foral de;Canarias;2024M03;0,01626
Navarra, Comunidad Foral de;Canarias;2024M02;0,007774
Navarra, Comunidad Foral de;Canarias;2024M01;0,012479
Navarra, Comunidad Foral de;Cantabria;2024M12;0,012176
Navarra, Comunidad Foral de;Cantabria;2024M11;0,015529
Navarra, Comunidad Foral de;Cantabria;2024M10;0,016153
Navarra, Comunidad Foral de;Cantabria;2024M09;0,016466
Navarra, Comunidad Foral de;Cantabria;2024M08;0,015787
Navarra, Comunidad Foral de;Cantabria;2024M07;0,020448
Navarra, Comunidad Foral de;Cantabria;2024M06;0,015281
Navarra, Comunidad Foral de;Cantabria;2024M05;0,013242
Navarra, Comunidad Foral de;Cantabria;2024M04;0,007945
Navarra, Comunidad Foral de;Cantabria;2024M03;0,014351
Navarra, Comunidad Foral de;Cantabria;2024M02;0,009128
Navarra, Comunidad Foral de;Cantabria;2024M01;0,011617
Navarra, Comunidad Foral de;Castilla - La Mancha;2024M12;0,01927
Navarra, Comunidad Foral de;Castilla - La Mancha;2024M11;0,026822
Navarra, Comunidad Foral de;Castilla - La Mancha;2024M10;0,025216
Navarra, Comunidad Foral de;Castilla - La Mancha;2024M09;0,024874
Navarra, Comunidad Foral de;Castilla - La Mancha;2024M08;0,032852
Navarra, Comunidad Foral de;Castilla - La Mancha;2024M07;0,040298
Navarra, Comunidad Foral de;Castilla - La Mancha;2024M06;0,01896
Navarra, Comunidad Foral de;Castilla - La Mancha;2024M05;0,015747
Navarra, Comunidad Foral de;Castilla - La Mancha;2024M04;0,011423
Navarra, Comunidad Foral de;Castilla - La Mancha;2024M03;0,024331
Navarra, Comunidad Foral de;Castilla - La Mancha;2024M02;0,014201
Navarra, Comunidad Foral de;Castilla - La Mancha;2024M01;0,015189
Navarra, Comunidad Foral de;Castilla y León;2024M12;0,048977
Navarra, Comunidad Foral de;Castilla y León;2024M11;0,05877
Navarra, Comunidad Foral de;Castilla y León;2024M10;0,066549
Navarra, Comunidad Foral de;Castilla y León;2024M09;0,06035
Navarra, Comunidad Foral de;Castilla y León;2024M08;0,059772
Navarra, Comunidad Foral de;Castilla y León;2024M07;0,076203
Navarra, Comunidad Foral de;Castilla y León;2024M06;0,052308
Navarra, Comunidad Foral de;Castilla y León;2024M05;0,044435
Navarra, Comunidad Foral de;Castilla y León;2024M04;0,042754
Navarra, Comunidad Foral de;Castilla y León;2024M03;0,057454
Navarra, Comunidad Foral de;Castilla y León;2024M02;0,041574
Navarra, Comunidad Foral de;Castilla y León;2024M01;0,049204
Navarra, Comunidad Foral de;Cataluña;2024M12;0,085271
Navarra, Comunidad Foral de;Cataluña;2024M11;0,110764
Navarra, Comunidad Foral de;Cataluña;2024M10;0,100803
Navarra, Comunidad Foral de;Cataluña;2024M09;0,128985
Navarra, Comunidad Foral de;Cataluña;2024M08;0,211166
Navarra, Comunidad Foral de;Cataluña;2024M07;0,156597
Navarra, Comunidad Foral de;Cataluña;2024M06;0,096236
Navarra, Comunidad Foral de;Cataluña;2024M05;0,082895
Navarra, Comunidad Foral de;Cataluña;2024M04;0,071382
Navarra, Comunidad Foral de;Cataluña;2024M03;0,101159
Navarra, Comunidad Foral de;Cataluña;2024M02;0,059068
Navarra, Comunidad Foral de;Cataluña;2024M01;0,086284
Navarra, Comunidad Foral de;Comunitat Valenciana;2024M12;0,046208
Navarra, Comunidad Foral de;Comunitat Valenciana;2024M11;0,073543
Navarra, Comunidad Foral de;Comunitat Valenciana;2024M10;0,077828
Navarra, Comunidad Foral de;Comunitat Valenciana;2024M09;0,078728
Navarra, Comunidad Foral de;Comunitat Valenciana;2024M08;0,135503
Navarra, Comunidad Foral de;Comunitat Valenciana;2024M07;0,109321
Navarra, Comunidad Foral de;Comunitat Valenciana;2024M06;0,062521
Navarra, Comunidad Foral de;Comunitat Valenciana;2024M05;0,045129
Navarra, Comunidad Foral de;Comunitat Valenciana;2024M04;0,037743
Navarra, Comunidad Foral de;Comunitat Valenciana;2024M03;0,073283
Navarra, Comunidad Foral de;Comunitat Valenciana;2024M02;0,041605
Navarra, Comunidad Foral de;Comunitat Valenciana;2024M01;0,050641
Navarra, Comunidad Foral de;Extremadura;2024M12;0,009899
Navarra, Comunidad Foral de;Extremadura;2024M11;0,014389
Navarra, Comunidad Foral de;Extremadura;2024M10;0,009863
Navarra, Comunidad Foral de;Extremadura;2024M09;0,011048
Navarra, Comunidad Foral de;Extremadura;2024M08;0,014869
Navarra, Comunidad Foral de;Extremadura;2024M07;0,017634
Navarra, Comunidad Foral de;Extremadura;2024M06;0,009707
Navarra, Comunidad Foral de;Extremadura;2024M05;0,007228
Navarra, Comunidad Foral de;Extremadura;2024M04;0,006031
Navarra, Comunidad Foral de;Extremadura;2024M03;0
Navarra, Comunidad Foral de;Extremadura;2024M02;0,007654
Navarra, Comunidad Foral de;Extremadura;2024M01;0,007321
Navarra, Comunidad Foral de;Galicia;2024M12;0,031199
Navarra, Comunidad Foral de;Galicia;2024M11;0,039589
Navarra, Comunidad Foral de;Galicia;2024M10;0,040288
Navarra, Comunidad Foral de;Galicia;2024M09;0,037382
Navarra, Comunidad Foral de;Galicia;2024M08;0,043165
Navarra, Comunidad Foral de;Galicia;2024M07;0,047516
Navarra, Comunidad Foral de;Galicia;2024M06;0,043285
Navarra, Comunidad Foral de;Galicia;2024M05;0,027799
Navarra, Comunidad Foral de;Galicia;2024M04;0,018671
Navarra, Comunidad Foral de;Galicia;2024M03;0,03374
Navarra, Comunidad Foral de;Galicia;2024M02;0,022143
Navarra, Comunidad Foral de;Galicia;2024M01;0,024465
Navarra, Comunidad Foral de;Madrid, Comunidad de;2024M12;0,117196
Navarra, Comunidad Foral de;Madrid, Comunidad de;2024M11;0,131516
Navarra, Comunidad Foral de;Madrid, Comunidad de;2024M10;0,119157
Navarra, Comunidad Foral de;Madrid, Comunidad de;2024M09;0,139129
Navarra, Comunidad Foral de;Madrid, Comunidad de;2024M08;0,199463
Navarra, Comunidad Foral de;Madrid, Comunidad de;2024M07;0,207258
Navarra, Comunidad Foral de;Madrid, Comunidad de;2024M06;0,100505
Navarra, Comunidad Foral de;Madrid, Comunidad de;2024M05;0,110084
Navarra, Comunidad Foral de;Madrid, Comunidad de;2024M04;0,092963
Navarra, Comunidad Foral de;Madrid, Comunidad de;2024M03;0,118471
Navarra, Comunidad Foral de;Madrid, Comunidad de;2024M02;0,072825
Navarra, Comunidad Foral de;Madrid, Comunidad de;2024M01;0,123205
Navarra, Comunidad Foral de;Murcia, Región de;2024M12;0,010033
Navarra, Comunidad Foral de;Murcia, Región de;2024M11;0,02539
Navarra, Comunidad Foral de;Murcia, Región de;2024M10;0,022616
Navarra, Comunidad Foral de;Murcia, Región de;2024M09;0,021207
Navarra, Comunidad Foral de;Murcia, Región de;2024M08;0,034656
Navarra, Comunidad Foral de;Murcia, Región de;2024M07;0,030123
Navarra, Comunidad Foral de;Murcia, Región de;2024M06;0,019304
Navarra, Comunidad Foral de;Murcia, Región de;2024M05;0,014677
Navarra, Comunidad Foral de;Murcia, Región de;2024M04;0,008905
Navarra, Comunidad Foral de;Murcia, Región de;2024M03;0,021095
Navarra, Comunidad Foral de;Murcia, Región de;2024M02;0,010994
Navarra, Comunidad Foral de;Murcia, Región de;2024M01;0,009831
Navarra, Comunidad Foral de;Navarra, Comunidad Foral de;2024M12;0
Navarra, Comunidad Foral de;Navarra, Comunidad Foral de;2024M11;0
Navarra, Comunidad Foral de;Navarra, Comunidad Foral de;2024M10;0
Navarra, Comunidad Foral de;Navarra, Comunidad Foral de;2024M09;0
Navarra, Comunidad Foral de;Navarra, Comunidad Foral de;2024M08;0
Navarra, Comunidad Foral de;Navarra, Comunidad Foral de;2024M07;0
Navarra, Comunidad Foral de;Navarra, Comunidad Foral de;2024M06;0
Navarra, Comunidad Foral de;Navarra, Comunidad Foral de;2024M05;0
Navarra, Comunidad Foral de;Navarra, Comunidad Foral de;2024M04;0
Navarra, Comunidad Foral de;Navarra, Comunidad Foral de;2024M03;0
Navarra, Comunidad Foral de;Navarra, Comunidad Foral de;2024M02;0
Navarra, Comunidad Foral de;Navarra, Comunidad Foral de;2024M01;0
Navarra, Comunidad Foral de;País Vasco;2024M12;0,216557
Navarra, Comunidad Foral de;País Vasco;2024M11;0,235866
Navarra, Comunidad Foral de;País Vasco;2024M10;0,239758
Navarra, Comunidad Foral de;País Vasco;2024M09;0,268565
Navarra, Comunidad Foral de;País Vasco;2024M08;0,389049
Navarra, Comunidad Foral de;País Vasco;2024M07;0,362653
Navarra, Comunidad Foral de;País Vasco;2024M06;0,225194
Navarra, Comunidad Foral de;País Vasco;2024M05;0,197339
Navarra, Comunidad Foral de;País Vasco;2024M04;0,197567
Navarra, Comunidad Foral de;País Vasco;2024M03;0,210281
Navarra, Comunidad Foral de;País Vasco;2024M02;0,149182
Navarra, Comunidad Foral de;País Vasco;2024M01;0,168311
Navarra, Comunidad Foral de;Rioja, La;2024M12;0,070634
Navarra, Comunidad Foral de;Rioja, La;2024M11;0,081296
Navarra, Comunidad Foral de;Rioja, La;2024M10;0,08978
Navarra, Comunidad Foral de;Rioja, La;2024M09;0,086227
Navarra, Comunidad Foral de;Rioja, La;2024M08;0,089293
Navarra, Comunidad Foral de;Rioja, La;2024M07;0,09379
Navarra, Comunidad Foral de;Rioja, La;2024M06;0,067515
Navarra, Comunidad Foral de;Rioja, La;2024M05;0,070477
Navarra, Comunidad Foral de;Rioja, La;2024M04;0,060276
Navarra, Comunidad Foral de;Rioja, La;2024M03;0,063786
Navarra, Comunidad Foral de;Rioja, La;2024M02;0,059132
Navarra, Comunidad Foral de;Rioja, La;2024M01;0,069503
País Vasco;Andalucía;2024M12;0,155517
País Vasco;Andalucía;2024M11;0,200495
País Vasco;Andalucía;2024M10;0,212179
País Vasco;Andalucía;2024M09;0,22181
País Vasco;Andalucía;2024M08;0,352317
País Vasco;Andalucía;2024M07;0,302268
País Vasco;Andalucía;2024M06;0,192052
País Vasco;Andalucía;2024M05;0,155069
País Vasco;Andalucía;2024M04;0,143495
País Vasco;Andalucía;2024M03;0,2249
País Vasco;Andalucía;2024M02;0,132717
País Vasco;Andalucía;2024M01;0,16575
País Vasco;Aragón;2024M12;0,064805
País Vasco;Aragón;2024M11;0,071509
País Vasco;Aragón;2024M10;0,070384
País Vasco;Aragón;2024M09;0,078042
País Vasco;Aragón;2024M08;0,129556
País Vasco;Aragón;2024M07;0,100393
País Vasco;Aragón;2024M06;0,068266
País Vasco;Aragón;2024M05;0,058917
País Vasco;Aragón;2024M04;0,059726
País Vasco;Aragón;2024M03;0,081487
País Vasco;Aragón;2024M02;0,043172
País Vasco;Aragón;2024M01;0,062431
País Vasco;Asturias, Principado de;2024M12;0,037958
País Vasco;Asturias, Principado de;2024M11;0,041626
País Vasco;Asturias, Principado de;2024M10;0,05123
País Vasco;Asturias, Principado de;2024M09;0,048241
País Vasco;Asturias, Principado de;2024M08;0,049732
País Vasco;Asturias, Principado de;2024M07;0,045725
País Vasco;Asturias, Principado de;2024M06;0,040857
País Vasco;Asturias, Principado de;2024M05;0,035804
País Vasco;Asturias, Principado de;2024M04;0,037506
País Vasco;Asturias, Principado de;2024M03;0,042381
País Vasco;Asturias, Principado de;2024M02;0,040552
País Vasco;Asturias, Principado de;2024M01;0,034124
País Vasco;Balears, Illes;2024M12;0,035274
País Vasco;Balears, Illes;2024M11;0,038182
País Vasco;Balears, Illes;2024M10;0,032394
País Vasco;Balears, Illes;2024M09;0,031584
País Vasco;Balears, Illes;2024M08;0,047469
País Vasco;Balears, Illes;2024M07;0,042156
País Vasco;Balears, Illes;2024M06;0,033292
País Vasco;Balears, Illes;2024M05;0,028492
País Vasco;Balears, Illes;2024M04;0,027656
País Vasco;Balears, Illes;2024M03;0,041579
País Vasco;Balears, Illes;2024M02;0,023074
País Vasco;Balears, Illes;2024M01;0,036036
País Vasco;Canarias;2024M12;0,04413
País Vasco;Canarias;2024M11;0,043907
País Vasco;Canarias;2024M10;0,050584
País Vasco;Canarias;2024M09;0,050283
País Vasco;Canarias;2024M08;0,073271
País Vasco;Canarias;2024M07;0,062942
País Vasco;Canarias;2024M06;0,041194
País Vasco;Canarias;2024M05;0,039388
País Vasco;Canarias;2024M04;0,035765
País Vasco;Canarias;2024M03;0,048574
País Vasco;Canarias;2024M02;0,031494
País Vasco;Canarias;2024M01;0,043552
País Vasco;Cantabria;2024M12;0,176807
País Vasco;Cantabria;2024M11;0,202152
País Vasco;Cantabria;2024M10;0,260648
País Vasco;Cantabria;2024M09;0,247492
País Vasco;Cantabria;2024M08;0,170892
País Vasco;Cantabria;2024M07;0,247
País Vasco;Cantabria;2024M06;0,220542
País Vasco;Cantabria;2024M05;0,183768
País Vasco;Cantabria;2024M04;0,167464
País Vasco;Cantabria;2024M03;0,289672
País Vasco;Cantabria;2024M02;0,150643
País Vasco;Cantabria;2024M01;0,169417
País Vasco;Castilla - La Mancha;2024M12;0,044774
País Vasco;Castilla - La Mancha;2024M11;0,056458
País Vasco;Castilla - La Mancha;2024M10;0,060222
País Vasco;Castilla - La Mancha;2024M09;0,057839
País Vasco;Castilla - La Mancha;2024M08;0,103354
País Vasco;Castilla - La Mancha;2024M07;0,082949
País Vasco;Castilla - La Mancha;2024M06;0,059328
País Vasco;Castilla - La Mancha;2024M05;0,041322
País Vasco;Castilla - La Mancha;2024M04;0,033707
País Vasco;Castilla - La Mancha;2024M03;0,06365
País Vasco;Castilla - La Mancha;2024M02;0,03575
País Vasco;Castilla - La Mancha;2024M01;0,04201
País Vasco;Castilla y León;2024M12;0,387288
País Vasco;Castilla y León;2024M11;0,366285
País Vasco;Castilla y León;2024M10;0,478104
País Vasco;Castilla y León;2024M09;0,387066
País Vasco;Castilla y León;2024M08;0,401917
País Vasco;Castilla y León;2024M07;0,484855
País Vasco;Castilla y León;2024M06;0,378066
País Vasco;Castilla y León;2024M05;0,332368
País Vasco;Castilla y León;2024M04;0,305718
País Vasco;Castilla y León;2024M03;0,575011
País Vasco;Castilla y León;2024M02;0,304248
País Vasco;Castilla y León;2024M01;0,32681
País Vasco;Cataluña;2024M12;0,190536
País Vasco;Cataluña;2024M11;0,236509
País Vasco;Cataluña;2024M10;0,218127
País Vasco;Cataluña;2024M09;0,257725
País Vasco;Cataluña;2024M08;0,471562
País Vasco;Cataluña;2024M07;0,319707
País Vasco;Cataluña;2024M06;0,217412
País Vasco;Cataluña;2024M05;0,207192
País Vasco;Cataluña;2024M04;0,192896
País Vasco;Cataluña;2024M03;0,235235
País Vasco;Cataluña;2024M02;0,139525
País Vasco;Cataluña;2024M01;0,208723
País Vasco;Comunitat Valenciana;2024M12;0,11909
País Vasco;Comunitat Valenciana;2024M11;0,136045
País Vasco;Comunitat Valenciana;2024M10;0,163851
País Vasco;Comunitat Valenciana;2024M09;0,190745
País Vasco;Comunitat Valenciana;2024M08;0,286001
País Vasco;Comunitat Valenciana;2024M07;0,222512
País Vasco;Comunitat Valenciana;2024M06;0,142937
País Vasco;Comunitat Valenciana;2024M05;0,116489
País Vasco;Comunitat Valenciana;2024M04;0,115209
País Vasco;Comunitat Valenciana;2024M03;0,177704
País Vasco;Comunitat Valenciana;2024M02;0,090376
País Vasco;Comunitat Valenciana;2024M01;0,124868
País Vasco;Extremadura;2024M12;0,040452
País Vasco;Extremadura;2024M11;0,042696
País Vasco;Extremadura;2024M10;0,056032
País Vasco;Extremadura;2024M09;0,053456
País Vasco;Extremadura;2024M08;0,071244
País Vasco;Extremadura;2024M07;0,072301
País Vasco;Extremadura;2024M06;0,041676
País Vasco;Extremadura;2024M05;0,037436
País Vasco;Extremadura;2024M04;0,035705
País Vasco;Extremadura;2024M03;0
País Vasco;Extremadura;2024M02;0,03328
País Vasco;Extremadura;2024M01;0,040322
País Vasco;Galicia;2024M12;0,118549
País Vasco;Galicia;2024M11;0,13248
País Vasco;Galicia;2024M10;0,155512
País Vasco;Galicia;2024M09;0,131896
País Vasco;Galicia;2024M08;0,183339
País Vasco;Galicia;2024M07;0,216996
País Vasco;Galicia;2024M06;0,143367
País Vasco;Galicia;2024M05;0,121727
País Vasco;Galicia;2024M04;0,103012
País Vasco;Galicia;2024M03;0,192828
País Vasco;Galicia;2024M02;0,100265
País Vasco;Galicia;2024M01;0,117898
País Vasco;Madrid, Comunidad de;2024M12;0,352597
País Vasco;Madrid, Comunidad de;2024M11;0,342599
País Vasco;Madrid, Comunidad de;2024M10;0,343637
País Vasco;Madrid, Comunidad de;2024M09;0,434911
País Vasco;Madrid, Comunidad de;2024M08;0,756861
País Vasco;Madrid, Comunidad de;2024M07;0,537551
País Vasco;Madrid, Comunidad de;2024M06;0,299903
País Vasco;Madrid, Comunidad de;2024M05;0,308036
País Vasco;Madrid, Comunidad de;2024M04;0,275236
País Vasco;Madrid, Comunidad de;2024M03;0,356326
País Vasco;Madrid, Comunidad de;2024M02;0,223127
País Vasco;Madrid, Comunidad de;2024M01;0,362621
País Vasco;Murcia, Región de;2024M12;0,028188
País Vasco;Murcia, Región de;2024M11;0,039683
País Vasco;Murcia, Región de;2024M10;0,039805
País Vasco;Murcia, Región de;2024M09;0,039207
País Vasco;Murcia, Región de;2024M08;0,076371
País Vasco;Murcia, Región de;2024M07;0,054933
País Vasco;Murcia, Región de;2024M06;0,030665
País Vasco;Murcia, Región de;2024M05;0,021257
País Vasco;Murcia, Región de;2024M04;0,022552
País Vasco;Murcia, Región de;2024M03;0,029059
País Vasco;Murcia, Región de;2024M02;0,018574
País Vasco;Murcia, Región de;2024M01;0,019596
País Vasco;Navarra, Comunidad Foral de;2024M12;0,133315
País Vasco;Navarra, Comunidad Foral de;2024M11;0,125665
País Vasco;Navarra, Comunidad Foral de;2024M10;0,14722
País Vasco;Navarra, Comunidad Foral de;2024M09;0,146451
País Vasco;Navarra, Comunidad Foral de;2024M08;0,195145
País Vasco;Navarra, Comunidad Foral de;2024M07;0,175942
País Vasco;Navarra, Comunidad Foral de;2024M06;0,120903
País Vasco;Navarra, Comunidad Foral de;2024M05;0,115826
País Vasco;Navarra, Comunidad Foral de;2024M04;0,109906
País Vasco;Navarra, Comunidad Foral de;2024M03;0,128021
País Vasco;Navarra, Comunidad Foral de;2024M02;0,099248
País Vasco;Navarra, Comunidad Foral de;2024M01;0,113984
País Vasco;País Vasco;2024M12;0,531336
País Vasco;País Vasco;2024M11;0,541078
País Vasco;País Vasco;2024M10;0,594487
País Vasco;País Vasco;2024M09;0,645127
País Vasco;País Vasco;2024M08;0,641873
País Vasco;País Vasco;2024M07;0,606
País Vasco;País Vasco;2024M06;0,526092
País Vasco;País Vasco;2024M05;0,497838
País Vasco;País Vasco;2024M04;0,43955
País Vasco;País Vasco;2024M03;0,554039
País Vasco;País Vasco;2024M02;0,42542
País Vasco;País Vasco;2024M01;0,482004
País Vasco;Rioja, La;2024M12;0,111653
País Vasco;Rioja, La;2024M11;0,106193
País Vasco;Rioja, La;2024M10;0,135177
País Vasco;Rioja, La;2024M09;0,13967
País Vasco;Rioja, La;2024M08;0,123711
País Vasco;Rioja, La;2024M07;0,130696
País Vasco;Rioja, La;2024M06;0,098726
País Vasco;Rioja, La;2024M05;0,096048
País Vasco;Rioja, La;2024M04;0,089205
País Vasco;Rioja, La;2024M03;0,131876
País Vasco;Rioja, La;2024M02;0,080968
País Vasco;Rioja, La;2024M01;0,097128
Rioja, La;Andalucía;2024M12;0,031968
Rioja, La;Andalucía;2024M11;0,031923
Rioja, La;Andalucía;2024M10;0,040229
Rioja, La;Andalucía;2024M09;0,039608
Rioja, La;Andalucía;2024M08;0,059135
Rioja, La;Andalucía;2024M07;0,044886
Rioja, La;Andalucía;2024M06;0,02807
Rioja, La;Andalucía;2024M05;0,026047
Rioja, La;Andalucía;2024M04;0,020191
Rioja, La;Andalucía;2024M03;0,03159
Rioja, La;Andalucía;2024M02;0,019993
Rioja, La;Andalucía;2024M01;0,027112
Rioja, La;Aragón;2024M12;0,039495
Rioja, La;Aragón;2024M11;0,035836
Rioja, La;Aragón;2024M10;0,039211
Rioja, La;Aragón;2024M09;0,051517
Rioja, La;Aragón;2024M08;0,064348
Rioja, La;Aragón;2024M07;0,046454
Rioja, La;Aragón;2024M06;0,032192
Rioja, La;Aragón;2024M05;0,029254
Rioja, La;Aragón;2024M04;0,032863
Rioja, La;Aragón;2024M03;0,032848
Rioja, La;Aragón;2024M02;0,022977
Rioja, La;Aragón;2024M01;0,04166
Rioja, La;Asturias, Principado de;2024M12;0,006092
Rioja, La;Asturias, Principado de;2024M11;0,006607
Rioja, La;Asturias, Principado de;2024M10;0,007512
Rioja, La;Asturias, Principado de;2024M09;0,008376
Rioja, La;Asturias, Principado de;2024M08;0,007769
Rioja, La;Asturias, Principado de;2024M07;0,006503
Rioja, La;Asturias, Principado de;2024M06;0,005944
Rioja, La;Asturias, Principado de;2024M05;0,005597
Rioja, La;Asturias, Principado de;2024M04;0,005273
Rioja, La;Asturias, Principado de;2024M03;0,005761
Rioja, La;Asturias, Principado de;2024M02;0,005194
Rioja, La;Asturias, Principado de;2024M01;0,00552
Rioja, La;Balears, Illes;2024M12;0,003858
Rioja, La;Balears, Illes;2024M11;0,006077
Rioja, La;Balears, Illes;2024M10;0,007726
Rioja, La;Balears, Illes;2024M09;0,005628
Rioja, La;Balears, Illes;2024M08;0,005002
Rioja, La;Balears, Illes;2024M07;0,004112
Rioja, La;Balears, Illes;2024M06;0,003493
Rioja, La;Balears, Illes;2024M05;0,003582
Rioja, La;Balears, Illes;2024M04;0,002544
Rioja, La;Balears, Illes;2024M03;0,004972
Rioja, La;Balears, Illes;2024M02;0,002404
Rioja, La;Balears, Illes;2024M01;0,003936
Rioja, La;Canarias;2024M12;0,005658
Rioja, La;Canarias;2024M11;0,007381
Rioja, La;Canarias;2024M10;0,005964
Rioja, La;Canarias;2024M09;0,010729
Rioja, La;Canarias;2024M08;0,009176
Rioja, La;Canarias;2024M07;0,008091
Rioja, La;Canarias;2024M06;0,005941
Rioja, La;Canarias;2024M05;0,006693
Rioja, La;Canarias;2024M04;0,00373
Rioja, La;Canarias;2024M03;0,005929
Rioja, La;Canarias;2024M02;0,004191
Rioja, La;Canarias;2024M01;0,007541
Rioja, La;Cantabria;2024M12;0,010773
Rioja, La;Cantabria;2024M11;0,012224
Rioja, La;Cantabria;2024M10;0,015794
Rioja, La;Cantabria;2024M09;0,020229
Rioja, La;Cantabria;2024M08;0,021241
Rioja, La;Cantabria;2024M07;0,01759
Rioja, La;Cantabria;2024M06;0,013834
Rioja, La;Cantabria;2024M05;0,01242
Rioja, La;Cantabria;2024M04;0,010251
Rioja, La;Cantabria;2024M03;0,013352
Rioja, La;Cantabria;2024M02;0,00939
Rioja, La;Cantabria;2024M01;0,012964
Rioja, La;Castilla - La Mancha;2024M12;0,011586
Rioja, La;Castilla - La Mancha;2024M11;0,014323
Rioja, La;Castilla - La Mancha;2024M10;0,013185
Rioja, La;Castilla - La Mancha;2024M09;0,016043
Rioja, La;Castilla - La Mancha;2024M08;0,019655
Rioja, La;Castilla - La Mancha;2024M07;0,014261
Rioja, La;Castilla - La Mancha;2024M06;0,011106
Rioja, La;Castilla - La Mancha;2024M05;0,010206
Rioja, La;Castilla - La Mancha;2024M04;0,008314
Rioja, La;Castilla - La Mancha;2024M03;0,011841
Rioja, La;Castilla - La Mancha;2024M02;0,008803
Rioja, La;Castilla - La Mancha;2024M01;0,011809
Rioja, La;Castilla y León;2024M12;0,049936
Rioja, La;Castilla y León;2024M11;0,046021
Rioja, La;Castilla y León;2024M10;0,053775
Rioja, La;Castilla y León;2024M09;0,063983
Rioja, La;Castilla y León;2024M08;0,071068
Rioja, La;Castilla y León;2024M07;0,058556
Rioja, La;Castilla y León;2024M06;0,043703
Rioja, La;Castilla y León;2024M05;0,040955
Rioja, La;Castilla y León;2024M04;0,04023
Rioja, La;Castilla y León;2024M03;0,054025
Rioja, La;Castilla y León;2024M02;0,039199
Rioja, La;Castilla y León;2024M01;0,046812
Rioja, La;Cataluña;2024M12;0,051364
Rioja, La;Cataluña;2024M11;0,052557
Rioja, La;Cataluña;2024M10;0,057748
Rioja, La;Cataluña;2024M09;0,075831
Rioja, La;Cataluña;2024M08;0,120076
Rioja, La;Cataluña;2024M07;0,060212
Rioja, La;Cataluña;2024M06;0,047271
Rioja, La;Cataluña;2024M05;0,046563
Rioja, La;Cataluña;2024M04;0,042547
Rioja, La;Cataluña;2024M03;0,045379
Rioja, La;Cataluña;2024M02;0,030654
Rioja, La;Cataluña;2024M01;0,047021
Rioja, La;Comunitat Valenciana;2024M12;0,026362
Rioja, La;Comunitat Valenciana;2024M11;0,030943
Rioja, La;Comunitat Valenciana;2024M10;0,036014
Rioja, La;Comunitat Valenciana;2024M09;0,042537
Rioja, La;Comunitat Valenciana;2024M08;0,063284
Rioja, La;Comunitat Valenciana;2024M07;0,036158
Rioja, La;Comunitat Valenciana;2024M06;0,029106
Rioja, La;Comunitat Valenciana;2024M05;0,022558
Rioja, La;Comunitat Valenciana;2024M04;0,019546
Rioja, La;Comunitat Valenciana;2024M03;0,029255
Rioja, La;Comunitat Valenciana;2024M02;0,016864
Rioja, La;Comunitat Valenciana;2024M01;0,030432
Rioja, La;Extremadura;2024M12;0,005403
Rioja, La;Extremadura;2024M11;0,005337
Rioja, La;Extremadura;2024M10;0,004581
Rioja, La;Extremadura;2024M09;0,006882
Rioja, La;Extremadura;2024M08;0,006811
Rioja, La;Extremadura;2024M07;0,0049
Rioja, La;Extremadura;2024M06;0,005567
Rioja, La;Extremadura;2024M05;0,0049
Rioja, La;Extremadura;2024M04;0,004391
Rioja, La;Extremadura;2024M03;0,004893
Rioja, La;Extremadura;2024M02;0,003341
Rioja, La;Extremadura;2024M01;0,004902
Rioja, La;Galicia;2024M12;0,014441
Rioja, La;Galicia;2024M11;0,020854
Rioja, La;Galicia;2024M10;0,020861
Rioja, La;Galicia;2024M09;0,018434
Rioja, La;Galicia;2024M08;0,020105
Rioja, La;Galicia;2024M07;0,021161
Rioja, La;Galicia;2024M06;0,018916
Rioja, La;Galicia;2024M05;0,015539
Rioja, La;Galicia;2024M04;0,012468
Rioja, La;Galicia;2024M03;0,018788
Rioja, La;Galicia;2024M02;0,014251
Rioja, La;Galicia;2024M01;0,014189
Rioja, La;Madrid, Comunidad de;2024M12;0,090386
Rioja, La;Madrid, Comunidad de;2024M11;0,082658
Rioja, La;Madrid, Comunidad de;2024M10;0,079517
Rioja, La;Madrid, Comunidad de;2024M09;0,117385
Rioja, La;Madrid, Comunidad de;2024M08;0,166882
Rioja, La;Madrid, Comunidad de;2024M07;0,10513
Rioja, La;Madrid, Comunidad de;2024M06;0,071691
Rioja, La;Madrid, Comunidad de;2024M05;0,077434
Rioja, La;Madrid, Comunidad de;2024M04;0,067269
Rioja, La;Madrid, Comunidad de;2024M03;0,080099
Rioja, La;Madrid, Comunidad de;2024M02;0,058482
Rioja, La;Madrid, Comunidad de;2024M01;0,093279
Rioja, La;Murcia, Región de;2024M12;0,006044
Rioja, La;Murcia, Región de;2024M11;0,006564
Rioja, La;Murcia, Región de;2024M10;0,010197
Rioja, La;Murcia, Región de;2024M09;0,008465
Rioja, La;Murcia, Región de;2024M08;0,015317
Rioja, La;Murcia, Región de;2024M07;0,008032
Rioja, La;Murcia, Región de;2024M06;0,00695
Rioja, La;Murcia, Región de;2024M05;0,005609
Rioja, La;Murcia, Región de;2024M04;0,003235
Rioja, La;Murcia, Región de;2024M03;0,006852
Rioja, La;Murcia, Región de;2024M02;0,003358
Rioja, La;Murcia, Región de;2024M01;0,004538
Rioja, La;Navarra, Comunidad Foral de;2024M12;0,077838
Rioja, La;Navarra, Comunidad Foral de;2024M11;0,074922
Rioja, La;Navarra, Comunidad Foral de;2024M10;0,079662
Rioja, La;Navarra, Comunidad Foral de;2024M09;0,090408
Rioja, La;Navarra, Comunidad Foral de;2024M08;0,099913
Rioja, La;Navarra, Comunidad Foral de;2024M07;0,081752
Rioja, La;Navarra, Comunidad Foral de;2024M06;0,069471
Rioja, La;Navarra, Comunidad Foral de;2024M05;0,066701
Rioja, La;Navarra, Comunidad Foral de;2024M04;0,069743
Rioja, La;Navarra, Comunidad Foral de;2024M03;0,06849
Rioja, La;Navarra, Comunidad Foral de;2024M02;0,061267
Rioja, La;Navarra, Comunidad Foral de;2024M01;0,07038
Rioja, La;País Vasco;2024M12;0,197366
Rioja, La;País Vasco;2024M11;0,172558
Rioja, La;País Vasco;2024M10;0,184336
Rioja, La;País Vasco;2024M09;0,327805
Rioja, La;País Vasco;2024M08;0,571186
Rioja, La;País Vasco;2024M07;0,34845
Rioja, La;País Vasco;2024M06;0,199174
Rioja, La;País Vasco;2024M05;0,168843
Rioja, La;País Vasco;2024M04;0,188613
Rioja, La;País Vasco;2024M03;0,14871
Rioja, La;País Vasco;2024M02;0,115351
Rioja, La;País Vasco;2024M01;0,132307
Rioja, La;Rioja, La;2024M12;0
Rioja, La;Rioja, La;2024M11;0
Rioja, La;Rioja, La;2024M10;0
Rioja, La;Rioja, La;2024M09;0
Rioja, La;Rioja, La;2024M08;0
Rioja, La;Rioja, La;2024M07;0
Rioja, La;Rioja, La;2024M06;0
Rioja, La;Rioja, La;2024M05;0
Rioja, La;Rioja, La;2024M04;0
Rioja, La;Rioja, La;2024M03;0
Rioja, La;Rioja, La;2024M02;0
Rioja, La;Rioja, La;2024M01;0
