"Var1","Var2","Var3","modularity","partition","time","algorithm","network"
"1","0","0","0.62","1,2,3,4,5,6,7,7,8,7,9,10,7,11,12,13,14","0.000397920608520508","louvain","graph_2024M01.graphml"
"0.99","0.01","0","0.62","1,2,3,4,5,6,7,7,8,7,9,10,7,11,12,13,14","0.000386953353881836","louvain","graph_2024M01.graphml"
"0.98","0.02","0","0.5546875","1,2,3,4,5,6,7,7,8,7,9,10,7,11,12,13,14","0.000367879867553711","louvain","graph_2024M01.graphml"
"0.97","0.03","0","0.506920415224913","1,2,3,4,5,6,7,7,8,7,9,10,7,11,12,13,14","0.000550031661987305","louvain","graph_2024M01.graphml"
"0.96","0.04","0","0.469529085872576","1,2,3,4,5,6,7,7,8,7,9,10,7,11,12,13,14","0.00036311149597168","louvain","graph_2024M01.graphml"
"0.95","0.05","0","0.469529085872576","1,2,3,4,5,6,7,7,8,7,9,10,7,11,12,13,14","0.000380992889404297","louvain","graph_2024M01.graphml"
"0.94","0.06","0","0.469529085872576","1,2,3,4,5,6,7,7,8,7,9,10,7,11,12,13,14","0.000370025634765625","louvain","graph_2024M01.graphml"
"0.93","0.07","0","0.44671201814059","1,2,3,4,5,6,7,7,8,7,9,10,7,11,12,13,14","0.000370979309082031","louvain","graph_2024M01.graphml"
"0.92","0.08","0","0.450413223140496","1,2,3,4,5,6,7,7,8,7,9,10,7,11,12,13,14","0.00036311149597168","louvain","graph_2024M01.graphml"
"0.91","0.09","0","0.420604914933837","1,2,3,4,5,6,7,7,8,7,9,10,7,11,12,13,14","0.000365972518920898","louvain","graph_2024M01.graphml"
"0.9","0.1","0","0.440104166666667","1,2,3,4,5,6,7,7,8,9,10,11,7,12,13,14,15","0.000364065170288086","louvain","graph_2024M01.graphml"
"0.89","0.11","0","0.408","1,2,3,4,5,6,7,7,8,9,10,11,7,12,13,14,15","0.000378131866455078","louvain","graph_2024M01.graphml"
"0.88","0.12","0","0.411242603550296","1,2,3,4,5,6,7,7,8,9,10,11,7,12,13,14,15","0.000394105911254883","louvain","graph_2024M01.graphml"
"0.87","0.13","0","0.411242603550296","1,2,3,4,5,6,7,7,8,9,10,11,7,12,13,14,15","0.0324909687042236","louvain","graph_2024M01.graphml"
"0.86","0.14","0","0.347576530612245","1,2,3,4,5,6,7,7,8,7,9,10,7,11,12,13,14","0.000374078750610352","louvain","graph_2024M01.graphml"
"0.85","0.15","0","0.33115338882283","1,2,3,4,5,6,7,7,8,9,10,11,7,12,13,14,15","0.000367879867553711","louvain","graph_2024M01.graphml"
"0.84","0.16","0","0.350156087408949","1,2,3,4,5,6,7,7,8,8,9,10,7,11,12,13,14","0.000449895858764648","louvain","graph_2024M01.graphml"
"0.83","0.17","0","0.350156087408949","1,2,3,4,5,6,7,7,8,8,9,10,7,11,12,13,14","0.000344991683959961","louvain","graph_2024M01.graphml"
"0.82","0.18","0","0.36572265625","1,2,3,4,5,6,7,7,8,9,10,11,7,12,13,14,15","0.000396013259887695","louvain","graph_2024M01.graphml"
"0.81","0.19","0","0.370064279155188","1,2,3,4,5,6,7,8,9,8,10,11,8,12,13,14,15","0.0003662109375","louvain","graph_2024M01.graphml"
"0.8","0.2","0","0.397762345679012","1,2,3,4,5,6,7,8,9,7,10,11,8,12,13,14,15","0.000375986099243164","louvain","graph_2024M01.graphml"
"0.79","0.21","0","0.373614958448753","1,2,3,4,5,6,7,8,9,7,10,8,8,11,12,13,14","0.000387907028198242","louvain","graph_2024M01.graphml"
"0.78","0.22","0","0.373614958448753","1,2,3,4,5,6,7,8,9,7,10,8,8,11,12,13,14","0.000389814376831055","louvain","graph_2024M01.graphml"
"0.77","0.23","0","0.3440625","1,2,3,4,5,6,7,8,9,7,10,8,8,11,12,13,14","0.000371932983398438","louvain","graph_2024M01.graphml"
"0.76","0.24","0","0.318820984315846","1,2,3,4,5,6,7,8,9,7,10,8,8,11,12,13,14","0.000486850738525391","louvain","graph_2024M01.graphml"
"0.75","0.25","0","0.318820984315846","1,2,3,4,5,6,7,8,9,7,10,8,8,11,12,13,14","0.000372886657714844","louvain","graph_2024M01.graphml"
"0.74","0.26","0","0.309382716049383","1,2,3,4,5,6,7,8,9,7,1,8,8,10,11,12,13","0.0462632179260254","louvain","graph_2024M01.graphml"
"0.73","0.27","0","0.299385633270321","1,2,3,4,5,6,7,7,8,9,1,10,7,11,12,13,14","0.000380992889404297","louvain","graph_2024M01.graphml"
"0.72","0.28","0","0.316623263888889","1,2,3,4,5,6,7,8,9,7,1,8,8,10,11,12,13","0.000378131866455078","louvain","graph_2024M01.graphml"
"0.71","0.29","0","0.3306","1,2,3,4,5,6,7,7,8,9,1,10,7,11,12,13,14","0.000375032424926758","louvain","graph_2024M01.graphml"
"0.7","0.3","0","0.316358024691358","1,2,3,4,5,6,7,7,2,7,1,8,7,9,10,11,12","0.000430107116699219","louvain","graph_2024M01.graphml"
"0.69","0.31","0","0.336575255102041","1,2,3,4,5,6,7,7,2,7,1,8,7,9,10,11,12","0.000383138656616211","louvain","graph_2024M01.graphml"
"0.68","0.32","0","0.344678953626635","1,2,3,4,5,6,7,7,2,7,1,8,7,9,10,11,12","0.000382900238037109","louvain","graph_2024M01.graphml"
"0.67","0.33","0","0.344678953626635","1,2,3,4,5,6,7,7,2,7,1,8,7,9,10,11,12","0.00037384033203125","louvain","graph_2024M01.graphml"
"0.66","0.34","0","0.33915614082236","1,2,3,4,5,6,7,7,2,7,1,8,7,9,10,1,11","0.000391960144042969","louvain","graph_2024M01.graphml"
"0.65","0.35","0","0.3302001953125","1,2,3,1,4,5,6,6,2,6,1,7,6,8,9,1,10","0.000391006469726562","louvain","graph_2024M01.graphml"
"0.64","0.36","0","0.322658402203857","1,2,3,1,4,5,6,6,2,6,1,7,6,8,9,1,10","0.000449895858764648","louvain","graph_2024M01.graphml"
"0.63","0.37","0","0.326464691468033","1,2,3,1,1,4,5,5,2,5,1,6,5,7,8,1,9","0.000384092330932617","louvain","graph_2024M01.graphml"
"0.62","0.38","0","0.330714285714286","1,2,3,1,1,4,5,5,2,5,1,6,5,1,7,1,8","0.000391006469726562","louvain","graph_2024M01.graphml"
"0.61","0.39","0","0.32349537037037","1,2,3,1,1,4,5,5,2,5,1,6,5,1,7,1,8","0.000395059585571289","louvain","graph_2024M01.graphml"
"0.6","0.4","0","0.316380569758948","1,2,3,1,1,4,5,5,2,5,1,6,5,1,7,1,8","0.000448942184448242","louvain","graph_2024M01.graphml"
"0.59","0.41","0","0.310844444444444","1,2,3,1,1,4,5,5,2,5,1,6,5,1,7,1,8","0.000391006469726562","louvain","graph_2024M01.graphml"
"0.58","0.42","0","0.310844444444444","1,2,3,1,1,4,5,5,2,5,1,6,5,1,7,1,8","0.000411033630371094","louvain","graph_2024M01.graphml"
"0.57","0.43","0","0.310844444444444","1,2,3,1,1,4,5,5,2,5,1,6,5,1,7,1,8","0.000386953353881836","louvain","graph_2024M01.graphml"
"0.56","0.44","0","0.306965761511216","1,2,3,1,1,4,5,5,2,5,1,6,5,1,7,1,8","0.000429153442382812","louvain","graph_2024M01.graphml"
"0.55","0.45","0","0.306965761511216","1,2,3,1,1,4,5,5,2,5,1,6,5,1,7,1,8","0.000388145446777344","louvain","graph_2024M01.graphml"
"0.54","0.46","0","0.306965761511216","1,2,3,1,1,4,5,5,2,5,1,6,5,1,7,1,8","0.000378847122192383","louvain","graph_2024M01.graphml"
"0.53","0.47","0","0.306965761511216","1,2,3,1,1,4,5,5,2,5,1,6,5,1,7,1,8","0.000384092330932617","louvain","graph_2024M01.graphml"
"0.52","0.48","0","0.310078125","1,2,3,1,1,4,5,6,2,5,1,6,5,1,7,5,8","0.000391960144042969","louvain","graph_2024M01.graphml"
"0.51","0.49","0","0.299462911888518","1,2,3,1,1,4,5,6,2,7,1,6,5,1,8,5,9","0.000382900238037109","louvain","graph_2024M01.graphml"
"0.5","0.5","0","0.299462911888518","1,2,3,1,1,4,5,6,2,7,1,6,5,1,8,5,9","0.000396966934204102","louvain","graph_2024M01.graphml"
"0.49","0.51","0","0.299674036281179","1,2,3,1,1,4,5,6,2,5,1,6,5,1,7,6,8","0.000397920608520508","louvain","graph_2024M01.graphml"
"0.48","0.52","0","0.298336938885884","1,2,3,1,1,4,5,6,2,5,1,6,5,1,7,6,8","0.000402212142944336","louvain","graph_2024M01.graphml"
"0.47","0.53","0","0.298336938885884","1,2,3,1,1,4,5,6,2,5,1,6,5,1,7,6,8","0.000385046005249023","louvain","graph_2024M01.graphml"
"0.46","0.54","0","0.286234567901234","1,2,3,1,2,4,5,6,2,5,1,6,5,1,7,6,8","0.000391006469726562","louvain","graph_2024M01.graphml"
"0.45","0.55","0","0.277351134215501","1,2,3,1,4,5,6,7,4,6,1,7,2,1,8,7,9","0.000401973724365234","louvain","graph_2024M01.graphml"
"0.44","0.56","0","0.268310249307479","1,2,3,1,4,5,6,7,4,6,1,7,2,1,8,7,9","0.000435113906860352","louvain","graph_2024M01.graphml"
"0.43","0.57","0","0.273355298118822","1,2,3,1,4,5,6,7,4,6,2,7,2,1,8,7,9","0.000397920608520508","louvain","graph_2024M01.graphml"
"0.42","0.58","0","0.274041760611705","1,2,3,1,4,5,6,7,4,6,2,7,2,1,8,7,9","0.000413179397583008","louvain","graph_2024M01.graphml"
"0.41","0.59","0","0.269944252210688","1,2,3,1,4,5,6,7,2,6,4,7,4,1,8,7,9","0.000400066375732422","louvain","graph_2024M01.graphml"
"0.4","0.6","0","0.272457347535112","1,2,3,1,4,5,6,7,2,6,4,7,4,1,8,7,9","0.000386953353881836","louvain","graph_2024M01.graphml"
"0.39","0.61","0","0.263446712018141","1,2,3,1,4,5,6,7,4,6,2,7,2,1,8,7,9","0.00044703483581543","louvain","graph_2024M01.graphml"
"0.38","0.62","0","0.257227705476461","1,2,3,1,4,5,6,7,2,6,4,7,4,1,8,7,9","0.000402212142944336","louvain","graph_2024M01.graphml"
"0.37","0.63","0","0.248181818181818","1,2,3,2,4,5,6,7,2,6,4,7,4,1,8,7,9","0.000405073165893555","louvain","graph_2024M01.graphml"
"0.36","0.64","0","0.250953656359062","1,2,3,2,4,5,6,7,2,6,4,7,4,1,8,7,9","0.000394105911254883","louvain","graph_2024M01.graphml"
"0.35","0.65","0","0.250797193877551","1,2,3,4,2,5,6,7,4,6,1,7,2,1,8,7,9","0.000395059585571289","louvain","graph_2024M01.graphml"
"0.34","0.66","0","0.249640831758034","1,2,3,2,2,4,5,6,2,5,1,5,6,1,7,6,8","0.000388145446777344","louvain","graph_2024M01.graphml"
"0.33","0.67","0","0.243356794024706","1,2,3,2,4,5,6,6,2,6,1,6,4,1,7,4,8","0.000396966934204102","louvain","graph_2024M01.graphml"
"0.32","0.68","0","0.260447460360118","1,2,3,2,4,5,6,6,2,6,1,6,4,1,7,4,8","0.000406026840209961","louvain","graph_2024M01.graphml"
"0.31","0.69","0","0.260447460360118","1,2,3,2,4,5,6,6,2,6,1,6,4,1,7,4,8","0.000402212142944336","louvain","graph_2024M01.graphml"
"0.3","0.7","0","0.260447460360118","1,2,3,4,2,5,6,6,4,6,1,6,2,1,7,4,8","0.000413179397583008","louvain","graph_2024M01.graphml"
"0.29","0.71","0","0.260447460360118","1,2,3,4,2,5,6,6,4,6,1,6,2,1,7,4,8","0.000403881072998047","louvain","graph_2024M01.graphml"
"0.28","0.72","0","0.258162070759625","1,2,3,4,2,5,6,6,4,6,1,6,2,1,7,4,8","0.00044703483581543","louvain","graph_2024M01.graphml"
"0.27","0.73","0","0.25392","1,2,3,2,4,5,6,6,2,6,1,6,4,1,7,4,8","0.000388860702514648","louvain","graph_2024M01.graphml"
"0.26","0.74","0","0.25392","1,2,3,2,4,5,6,6,2,6,1,6,4,1,7,4,8","0.000408172607421875","louvain","graph_2024M01.graphml"
"0.25","0.75","0","0.249118165784832","1,2,3,2,4,5,6,6,2,6,1,6,4,1,7,4,8","0.000416994094848633","louvain","graph_2024M01.graphml"
"0.24","0.76","0","0.251658503317007","1,2,3,4,2,5,6,6,4,6,1,6,2,1,7,4,8","0.000430107116699219","louvain","graph_2024M01.graphml"
"0.23","0.77","0","0.251276966528454","1,2,3,4,2,5,6,6,4,6,1,6,2,1,7,4,8","0.000416994094848633","louvain","graph_2024M01.graphml"
"0.22","0.78","0","0.253219509352602","1,2,3,2,4,5,6,6,2,6,1,6,4,1,7,1,8","0.0004119873046875","louvain","graph_2024M01.graphml"
"0.21","0.79","0","0.249610158164402","1,2,3,4,2,5,6,6,4,6,1,6,2,1,7,1,8","0.000458955764770508","louvain","graph_2024M01.graphml"
"0.2","0.8","0","0.248567257785467","1,2,3,4,4,5,6,6,4,6,1,6,2,1,7,1,8","0.000416040420532227","louvain","graph_2024M01.graphml"
"0.19","0.81","0","0.253103521764612","1,2,3,2,4,5,6,6,2,6,1,6,4,1,7,1,8","0.000512123107910156","louvain","graph_2024M01.graphml"
"0.18","0.82","0","0.253103521764612","1,2,3,2,4,5,6,6,2,6,1,6,4,1,7,1,8","0.000409126281738281","louvain","graph_2024M01.graphml"
"0.17","0.83","0","0.24734744578438","1,2,3,2,4,5,6,6,2,6,1,6,4,1,7,1,8","0.000400781631469727","louvain","graph_2024M01.graphml"
"0.16","0.84","0","0.243019218543694","1,2,3,1,1,4,5,5,2,5,1,5,6,1,7,6,8","0.00041508674621582","louvain","graph_2024M01.graphml"
"0.15","0.85","0","0.243019218543694","1,2,3,1,1,4,5,5,2,5,1,5,6,1,7,6,8","0.000436067581176758","louvain","graph_2024M01.graphml"
"0.14","0.86","0","0.239414544753086","1,2,3,1,1,4,5,5,2,5,1,5,6,1,7,6,8","0.000416040420532227","louvain","graph_2024M01.graphml"
"0.13","0.87","0","0.238349761673377","1,2,3,1,1,4,5,5,2,5,1,5,6,1,7,6,8","0.000405073165893555","louvain","graph_2024M01.graphml"
"0.12","0.88","0","0.234309898688654","1,2,1,1,1,3,4,4,2,4,1,4,5,1,6,5,7","0.000439882278442383","louvain","graph_2024M01.graphml"
"0.11","0.89","0","0.242150454953223","1,2,1,1,1,3,4,4,2,4,1,5,6,1,7,6,8","0.000410079956054688","louvain","graph_2024M01.graphml"
"0.1","0.9","0","0.242150454953223","1,2,1,1,1,3,4,4,2,4,1,5,6,1,7,6,8","0.0004119873046875","louvain","graph_2024M01.graphml"
"0.09","0.91","0","0.243864901332434","1,2,1,1,1,3,4,4,2,4,1,5,6,1,7,6,8","0.000427007675170898","louvain","graph_2024M01.graphml"
"0.08","0.92","0","0.245639958376691","1,2,1,1,1,3,4,4,2,4,1,4,5,1,6,5,7","0.000426054000854492","louvain","graph_2024M01.graphml"
"0.07","0.93","0","0.238975211976145","1,2,1,1,1,3,4,4,2,4,1,4,5,1,6,5,7","0.000529050827026367","louvain","graph_2024M01.graphml"
"0.06","0.94","0","0.236200128184586","1,2,1,1,2,3,4,4,2,2,1,4,5,1,6,5,7","0.000422954559326172","louvain","graph_2024M01.graphml"
"0.05","0.95","0","0.232357258459106","1,2,1,1,3,4,3,5,2,3,1,5,6,1,7,5,8","0.000432968139648438","louvain","graph_2024M01.graphml"
"0.04","0.96","0","0.230725436179982","1,2,1,1,3,4,3,5,2,3,1,5,6,1,7,5,8","0.000492095947265625","louvain","graph_2024M01.graphml"
"0.03","0.97","0","0.234885324430251","1,2,1,1,3,4,3,5,2,3,1,5,6,1,7,5,8","0.000421047210693359","louvain","graph_2024M01.graphml"
"0.02","0.98","0","0.239487412905711","1,2,1,1,3,4,5,5,2,5,1,5,3,1,6,5,7","0.000425815582275391","louvain","graph_2024M01.graphml"
"0.01","0.99","0","0.240980130638487","1,2,1,1,1,3,4,4,2,4,1,4,5,1,6,4,7","0.000422954559326172","louvain","graph_2024M01.graphml"
"0","1","0","0.241825208085612","1,2,1,1,1,3,4,4,2,4,5,4,5,1,6,4,7","0.000438213348388672","louvain","graph_2024M01.graphml"
"0.99","0","0.01","0.433106575963719","1,2,3,4,5,6,7,7,8,7,9,10,7,11,12,13,14","0.000371932983398438","louvain","graph_2024M01.graphml"
"0.98","0.01","0.01","0.43801652892562","1,2,3,4,5,6,7,7,8,7,9,10,7,11,12,13,14","0.000375032424926758","louvain","graph_2024M01.graphml"
"0.97","0.02","0.01","0.420118343195266","1,2,3,4,5,6,7,7,8,9,10,11,7,12,13,14,15","0.000375986099243164","louvain","graph_2024M01.graphml"
"0.96","0.03","0.01","0.420118343195266","1,2,3,4,5,6,7,7,8,9,10,11,7,12,13,14,15","0.000413179397583008","louvain","graph_2024M01.graphml"
"0.95","0.04","0.01","0.420118343195266","1,2,3,4,5,6,7,7,8,9,10,11,7,12,13,14,15","0.000367879867553711","louvain","graph_2024M01.graphml"
"0.94","0.05","0.01","0.385204081632653","1,2,3,4,5,6,7,7,8,7,9,10,7,11,12,13,14","0.000382900238037109","louvain","graph_2024M01.graphml"
"0.93","0.06","0.01","0.381666666666667","1,2,3,4,5,6,7,7,8,9,10,11,7,12,13,14,15","0.000371932983398438","louvain","graph_2024M01.graphml"
"0.92","0.07","0.01","0.357440166493236","1,2,3,4,5,6,7,7,8,8,9,10,7,11,12,13,14","0.000390052795410156","louvain","graph_2024M01.graphml"
"0.91","0.08","0.01","0.357440166493236","1,2,3,4,5,6,7,7,8,8,9,10,7,11,12,13,14","0.000439882278442383","louvain","graph_2024M01.graphml"
"0.9","0.09","0.01","0.36279296875","1,2,3,4,5,6,7,7,8,8,9,10,7,11,12,13,14","0.000374794006347656","louvain","graph_2024M01.graphml"
"0.89","0.1","0.01","0.36279296875","1,2,3,4,5,6,7,7,8,8,9,10,7,11,12,13,14","0.000373125076293945","louvain","graph_2024M01.graphml"
"0.88","0.11","0.01","0.36279296875","1,2,3,4,5,6,7,7,8,8,9,10,7,11,12,13,14","0.000435113906860352","louvain","graph_2024M01.graphml"
"0.87","0.12","0.01","0.345714285714286","1,2,3,4,5,6,7,7,8,9,10,7,7,11,12,13,14","0.000370025634765625","louvain","graph_2024M01.graphml"
"0.86","0.13","0.01","0.351466049382716","1,2,3,4,5,6,7,7,8,8,9,7,7,10,11,12,13","0.000367879867553711","louvain","graph_2024M01.graphml"
"0.85","0.14","0.01","0.341490138787436","1,2,3,4,5,6,7,7,8,7,9,10,7,11,12,13,14","0.000392913818359375","louvain","graph_2024M01.graphml"
"0.84","0.15","0.01","0.29125","1,2,3,4,5,6,7,8,9,7,10,7,7,11,12,13,14","0.000512123107910156","louvain","graph_2024M01.graphml"
"0.83","0.16","0.01","0.302595997836669","1,2,3,4,5,6,7,8,9,7,10,8,8,11,12,13,14","0.000398159027099609","louvain","graph_2024M01.graphml"
"0.82","0.17","0.01","0.295061728395062","1,2,3,4,5,6,7,8,9,7,10,8,8,11,12,13,14","0.000380992889404297","louvain","graph_2024M01.graphml"
"0.81","0.18","0.01","0.299385633270321","1,2,3,4,5,6,7,7,8,9,1,10,7,11,12,13,14","0.00038599967956543","louvain","graph_2024M01.graphml"
"0.8","0.19","0.01","0.299385633270321","1,2,3,4,5,6,7,7,8,9,1,10,7,11,12,13,14","0.000375986099243164","louvain","graph_2024M01.graphml"
"0.79","0.2","0.01","0.299858223062382","1,2,3,4,5,6,7,8,9,7,1,8,8,10,11,12,13","0.000396013259887695","louvain","graph_2024M01.graphml"
"0.78","0.21","0.01","0.288628472222222","1,2,3,4,5,6,7,7,8,9,1,10,7,11,12,13,14","0.000380039215087891","louvain","graph_2024M01.graphml"
"0.77","0.22","0.01","0.301541024573095","1,2,3,4,5,6,7,7,8,9,1,10,7,11,12,13,14","0.00037693977355957","louvain","graph_2024M01.graphml"
"0.76","0.23","0.01","0.295078815840061","1,2,3,4,5,6,7,7,8,7,1,9,7,10,11,12,13","0.000369787216186523","louvain","graph_2024M01.graphml"
"0.75","0.24","0.01","0.312032751868993","1,2,3,4,5,6,7,7,2,7,1,8,7,9,10,11,12","0.000380992889404297","louvain","graph_2024M01.graphml"
"0.74","0.25","0.01","0.321487603305785","1,2,3,4,5,6,7,7,2,7,1,8,7,9,10,11,12","0.000384092330932617","louvain","graph_2024M01.graphml"
"0.73","0.26","0.01","0.316884661117717","1,2,3,4,5,6,7,7,2,7,1,8,7,9,10,1,11","0.000381946563720703","louvain","graph_2024M01.graphml"
"0.72","0.27","0.01","0.340231120666487","1,2,3,1,4,5,6,6,2,6,1,7,6,8,9,1,10","0.000391006469726562","louvain","graph_2024M01.graphml"
"0.71","0.28","0.01","0.318461538461538","1,2,3,1,4,5,6,6,2,6,1,7,6,8,9,1,10","0.000383138656616211","louvain","graph_2024M01.graphml"
"0.7","0.29","0.01","0.318230968858131","1,2,3,1,1,4,5,5,2,5,1,6,5,7,8,1,9","0.000391006469726562","louvain","graph_2024M01.graphml"
"0.69","0.3","0.01","0.318230968858131","1,2,3,1,1,4,5,5,2,5,1,6,5,7,8,1,9","0.000385046005249023","louvain","graph_2024M01.graphml"
"0.68","0.31","0.01","0.300238048006348","1,2,3,1,1,4,5,5,2,5,1,6,5,1,7,1,8","0.000387191772460938","louvain","graph_2024M01.graphml"
"0.67","0.32","0.01","0.309510030864198","1,2,3,1,1,4,5,5,2,5,1,6,5,1,7,1,8","0.000409841537475586","louvain","graph_2024M01.graphml"
"0.66","0.33","0.01","0.312722837305311","1,2,3,1,1,4,5,5,2,5,1,6,5,1,7,1,8","0.000385046005249023","louvain","graph_2024M01.graphml"
"0.65","0.34","0.01","0.312722837305311","1,2,3,1,1,4,5,5,2,5,1,6,5,1,7,1,8","0.000388860702514648","louvain","graph_2024M01.graphml"
"0.64","0.35","0.01","0.303670360110803","1,2,3,1,1,4,5,5,2,5,1,6,5,1,7,1,8","0.000391006469726562","louvain","graph_2024M01.graphml"
"0.63","0.36","0.01","0.303670360110803","1,2,3,1,1,4,5,6,2,5,1,6,5,1,7,1,8","0.000387191772460938","louvain","graph_2024M01.graphml"
"0.62","0.37","0.01","0.306965761511216","1,2,3,1,1,4,5,5,2,5,1,6,5,1,7,1,8","0.000377893447875977","louvain","graph_2024M01.graphml"
"0.61","0.38","0.01","0.306965761511216","1,2,3,1,1,4,5,5,2,5,1,6,5,1,7,1,8","0.000380039215087891","louvain","graph_2024M01.graphml"
"0.6","0.39","0.01","0.306965761511216","1,2,3,1,1,4,5,5,2,5,1,6,5,1,7,1,8","0.000583887100219727","louvain","graph_2024M01.graphml"
"0.59","0.4","0.01","0.28359375","1,2,3,1,1,4,5,6,2,7,1,6,5,1,8,5,9","0.000388860702514648","louvain","graph_2024M01.graphml"
"0.58","0.41","0.01","0.286465477823503","1,2,3,1,1,4,5,6,2,5,1,6,5,1,7,5,8","0.00039982795715332","louvain","graph_2024M01.graphml"
"0.57","0.42","0.01","0.294244497323022","1,2,3,1,1,4,5,6,2,5,1,6,5,1,7,5,8","0.000401020050048828","louvain","graph_2024M01.graphml"
"0.56","0.43","0.01","0.294244497323022","1,2,3,1,1,4,5,6,2,5,1,6,5,1,7,5,8","0.000427007675170898","louvain","graph_2024M01.graphml"
"0.55","0.44","0.01","0.289084047031499","1,2,3,1,1,4,5,6,2,7,5,6,5,1,8,5,9","0.000627040863037109","louvain","graph_2024M01.graphml"
"0.54","0.45","0.01","0.280862603305785","1,2,3,1,1,4,5,6,2,7,5,6,5,1,8,2,9","0.000384092330932617","louvain","graph_2024M01.graphml"
"0.53","0.46","0.01","0.28020451963136","1,2,3,1,1,4,5,6,2,5,5,6,5,1,7,6,8","0.000396966934204102","louvain","graph_2024M01.graphml"
"0.52","0.47","0.01","0.257186509732911","1,2,3,1,4,5,6,7,2,6,4,7,4,1,8,7,9","0.000407218933105469","louvain","graph_2024M01.graphml"
"0.51","0.48","0.01","0.25191135734072","1,2,3,1,4,5,6,7,2,6,4,7,4,1,8,7,9","0.000391006469726562","louvain","graph_2024M01.graphml"
"0.5","0.49","0.01","0.240128558310376","1,2,3,1,4,5,6,7,4,6,2,7,2,1,8,7,9","0.000406980514526367","louvain","graph_2024M01.graphml"
"0.49","0.5","0.01","0.240128558310376","1,2,3,1,4,5,6,7,4,6,2,7,2,1,8,7,9","0.000390052795410156","louvain","graph_2024M01.graphml"
"0.48","0.51","0.01","0.2514","1,2,3,1,2,4,5,6,2,5,6,7,6,1,8,6,9","0.000394105911254883","louvain","graph_2024M01.graphml"
"0.47","0.52","0.01","0.255113582807051","1,2,3,1,4,5,6,7,2,6,4,7,4,1,8,7,9","0.000396013259887695","louvain","graph_2024M01.graphml"
"0.46","0.53","0.01","0.257720044378698","1,2,3,1,4,5,6,7,4,6,2,7,2,1,8,7,9","0.000423908233642578","louvain","graph_2024M01.graphml"
"0.45","0.54","0.01","0.258684807256236","1,2,3,1,2,4,5,6,2,5,6,7,6,1,8,6,9","0.000616073608398438","louvain","graph_2024M01.graphml"
"0.44","0.55","0.01","0.25626692287536","1,2,3,1,4,5,6,7,2,6,4,7,4,1,8,7,9","0.000394821166992188","louvain","graph_2024M01.graphml"
"0.43","0.56","0.01","0.256375725948994","1,2,3,2,4,5,6,7,2,6,4,7,4,1,8,7,9","0.000407934188842773","louvain","graph_2024M01.graphml"
"0.42","0.57","0.01","0.250507264020777","1,2,3,2,4,5,6,7,2,6,4,7,4,1,8,7,9","0.000451087951660156","louvain","graph_2024M01.graphml"
"0.41","0.58","0.01","0.25031887755102","1,2,3,4,2,5,6,7,4,6,1,7,2,1,8,7,9","0.000404119491577148","louvain","graph_2024M01.graphml"
"0.4","0.59","0.01","0.241490784780024","1,2,3,4,4,5,2,6,4,2,1,7,6,1,8,6,9","0.000416994094848633","louvain","graph_2024M01.graphml"
"0.39","0.6","0.01","0.241561332950302","1,2,3,4,5,6,7,7,4,2,1,7,5,1,8,5,9","0.000394105911254883","louvain","graph_2024M01.graphml"
"0.38","0.61","0.01","0.246204364098581","1,2,3,2,4,5,6,6,2,6,1,6,4,1,7,4,8","0.000552177429199219","louvain","graph_2024M01.graphml"
"0.37","0.62","0.01","0.246204364098581","1,2,3,2,4,5,6,6,2,6,1,6,4,1,7,4,8","0.000401020050048828","louvain","graph_2024M01.graphml"
"0.36","0.63","0.01","0.255344580288232","1,2,3,4,4,5,6,6,4,6,1,6,2,1,7,2,8","0.000401020050048828","louvain","graph_2024M01.graphml"
"0.35","0.64","0.01","0.25392","1,2,3,2,4,5,6,6,2,6,1,6,4,1,7,4,8","0.000411033630371094","louvain","graph_2024M01.graphml"
"0.34","0.65","0.01","0.25392","1,2,3,4,2,5,6,6,4,6,1,6,2,1,7,4,8","0.000404119491577148","louvain","graph_2024M01.graphml"
"0.33","0.66","0.01","0.25392","1,2,3,4,2,5,6,6,4,6,1,6,2,1,7,4,8","0.000416040420532227","louvain","graph_2024M01.graphml"
"0.32","0.67","0.01","0.249118165784832","1,2,3,2,4,5,6,6,2,6,1,6,4,1,7,4,8","0.000415802001953125","louvain","graph_2024M01.graphml"
"0.31","0.68","0.01","0.247589111328125","1,2,3,2,4,5,6,6,2,6,1,6,4,1,7,4,8","0.000406980514526367","louvain","graph_2024M01.graphml"
"0.3","0.69","0.01","0.244366324139174","1,2,3,4,2,5,6,6,4,6,1,6,2,1,7,1,8","0.000398159027099609","louvain","graph_2024M01.graphml"
"0.29","0.7","0.01","0.241094674556213","1,2,3,2,4,5,6,6,2,6,1,6,4,1,7,1,8","0.000418901443481445","louvain","graph_2024M01.graphml"
"0.28","0.71","0.01","0.236389846797445","1,2,3,4,2,5,6,6,4,6,1,6,2,1,7,1,8","0.000407934188842773","louvain","graph_2024M01.graphml"
"0.27","0.72","0.01","0.238611049231455","1,2,3,4,4,5,6,6,4,6,1,6,2,1,7,1,8","0.000409841537475586","louvain","graph_2024M01.graphml"
"0.26","0.73","0.01","0.243703703703704","1,2,3,4,2,5,6,6,4,6,1,6,2,1,7,1,8","0.000764846801757812","louvain","graph_2024M01.graphml"
"0.25","0.74","0.01","0.248567257785467","1,2,3,4,2,5,6,6,4,6,1,6,2,1,7,1,8","0.000437021255493164","louvain","graph_2024M01.graphml"
"0.24","0.75","0.01","0.250551354757404","1,2,3,2,4,5,6,6,2,6,1,6,4,1,7,1,8","0.000419139862060547","louvain","graph_2024M01.graphml"
"0.23","0.76","0.01","0.243019218543694","1,2,3,1,1,4,5,5,2,5,1,5,6,1,7,6,8","0.000416040420532227","louvain","graph_2024M01.graphml"
"0.22","0.77","0.01","0.239414544753086","1,2,3,1,1,4,5,5,2,5,1,5,6,1,7,6,8","0.000397920608520508","louvain","graph_2024M01.graphml"
"0.21","0.78","0.01","0.239414544753086","1,2,3,1,1,4,5,5,2,5,1,5,6,1,7,6,8","0.000414133071899414","louvain","graph_2024M01.graphml"
"0.2","0.79","0.01","0.232477950835053","1,2,3,1,1,4,5,5,2,5,1,5,6,1,7,6,8","0.000417947769165039","louvain","graph_2024M01.graphml"
"0.19","0.8","0.01","0.229666666666667","1,2,1,1,1,3,4,4,2,4,1,4,5,1,6,5,7","0.000430822372436523","louvain","graph_2024M01.graphml"
"0.18","0.81","0.01","0.229666666666667","1,2,1,1,1,3,4,4,2,4,1,4,5,1,6,5,7","0.000400066375732422","louvain","graph_2024M01.graphml"
"0.17","0.82","0.01","0.229666666666667","1,2,1,1,1,3,4,4,2,4,1,4,5,1,6,5,7","0.000415802001953125","louvain","graph_2024M01.graphml"
"0.16","0.83","0.01","0.23711840107944","1,2,1,1,1,3,4,4,2,4,1,4,5,1,6,5,7","0.000404834747314453","louvain","graph_2024M01.graphml"
"0.15","0.84","0.01","0.2355563773833","1,2,1,1,1,3,4,4,2,4,1,4,5,1,6,5,7","0.000444889068603516","louvain","graph_2024M01.graphml"
"0.14","0.85","0.01","0.2355563773833","1,2,1,1,1,3,4,4,2,4,1,4,5,1,6,5,7","0.000391960144042969","louvain","graph_2024M01.graphml"
"0.13","0.86","0.01","0.238975211976145","1,2,1,1,1,3,4,4,2,4,1,4,5,1,6,5,7","0.000411033630371094","louvain","graph_2024M01.graphml"
"0.12","0.87","0.01","0.22865234375","1,2,1,1,1,3,4,4,2,4,1,4,5,1,6,5,7","0.000437021255493164","louvain","graph_2024M01.graphml"
"0.11","0.88","0.01","0.226737540009145","1,2,1,1,3,4,5,5,2,5,1,5,3,1,6,3,7","0.000427007675170898","louvain","graph_2024M01.graphml"
"0.1","0.89","0.01","0.227087959652226","1,2,1,1,2,3,4,4,2,2,1,4,5,1,6,2,7","0.000417947769165039","louvain","graph_2024M01.graphml"
"0.09","0.9","0.01","0.228824938307447","1,2,1,1,3,4,3,5,2,3,1,5,6,1,7,5,8","0.000403881072998047","louvain","graph_2024M01.graphml"
"0.08","0.91","0.01","0.228824938307447","1,2,1,1,3,4,3,5,2,3,1,5,6,1,7,5,8","0.000450849533081055","louvain","graph_2024M01.graphml"
"0.07","0.92","0.01","0.231977171667659","1,2,1,1,3,4,5,5,2,5,1,5,3,1,6,5,7","0.000428915023803711","louvain","graph_2024M01.graphml"
"0.06","0.93","0.01","0.240090968161144","1,2,1,1,3,4,5,5,2,5,1,5,3,1,6,5,7","0.000454902648925781","louvain","graph_2024M01.graphml"
"0.05","0.94","0.01","0.239216144876207","1,2,1,1,3,4,5,5,2,5,1,5,3,1,6,5,7","0.00064396858215332","louvain","graph_2024M01.graphml"
"0.04","0.95","0.01","0.236412700416614","1,2,1,1,1,3,4,4,2,4,4,5,6,1,7,4,8","0.0004119873046875","louvain","graph_2024M01.graphml"
"0.03","0.96","0.01","0.231871150827195","1,2,1,1,1,3,4,4,2,4,4,4,5,1,6,4,7","0.000425815582275391","louvain","graph_2024M01.graphml"
"0.02","0.97","0.01","0.231871150827195","1,2,1,1,1,3,4,4,2,4,4,4,5,1,6,4,7","0.000420093536376953","louvain","graph_2024M01.graphml"
"0.01","0.98","0.01","0.228733459357278","1,2,1,1,1,3,4,4,2,4,4,5,6,1,7,4,8","0.000560998916625977","louvain","graph_2024M01.graphml"
"0","0.99","0.01","0.228653601572436","1,2,1,1,1,3,4,4,2,4,4,5,6,1,7,4,8","0.000414848327636719","louvain","graph_2024M01.graphml"
"0.98","0","0.02","0.345","1,2,3,4,5,6,7,7,8,9,10,11,7,12,13,14,15","0.000375986099243164","louvain","graph_2024M01.graphml"
"0.97","0.01","0.02","0.350156087408949","1,2,3,4,5,6,7,7,8,8,9,10,7,11,12,13,14","0.000391006469726562","louvain","graph_2024M01.graphml"
"0.96","0.02","0.02","0.36279296875","1,2,3,4,5,6,7,7,8,8,9,10,7,11,12,13,14","0.000442981719970703","louvain","graph_2024M01.graphml"
"0.95","0.03","0.02","0.331747404844291","1,2,3,4,5,6,7,7,8,8,9,7,7,10,11,12,13","0.000385046005249023","louvain","graph_2024M01.graphml"
"0.94","0.04","0.02","0.331747404844291","1,2,3,4,5,6,7,7,8,8,9,7,7,10,11,12,13","0.000391960144042969","louvain","graph_2024M01.graphml"
"0.93","0.05","0.02","0.337551020408163","1,2,3,4,5,6,7,7,8,8,9,7,7,10,11,12,13","0.000377178192138672","louvain","graph_2024M01.graphml"
"0.92","0.06","0.02","0.351466049382716","1,2,3,4,5,6,7,7,8,8,9,7,7,10,11,12,13","0.000366926193237305","louvain","graph_2024M01.graphml"
"0.91","0.07","0.02","0.303418803418804","1,2,3,4,5,6,7,7,8,9,10,7,7,11,12,13,14","0.000375032424926758","louvain","graph_2024M01.graphml"
"0.9","0.08","0.02","0.276323616894706","1,2,3,4,5,6,7,7,8,9,10,7,7,11,12,13,14","0.000368833541870117","louvain","graph_2024M01.graphml"
"0.89","0.09","0.02","0.267441860465116","1,2,3,4,5,6,7,8,9,7,10,7,7,11,12,13,14","0.000391006469726562","louvain","graph_2024M01.graphml"
"0.88","0.1","0.02","0.273391022174148","1,2,3,4,5,6,7,7,8,9,10,7,7,11,12,13,14","0.000373125076293945","louvain","graph_2024M01.graphml"
"0.87","0.11","0.02","0.282799586776859","1,2,3,4,5,6,7,7,8,7,1,9,7,10,11,12,13","0.000386953353881836","louvain","graph_2024M01.graphml"
"0.86","0.12","0.02","0.271739130434783","1,2,3,4,5,6,7,7,8,9,1,7,7,10,11,12,13","0.000373125076293945","louvain","graph_2024M01.graphml"
"0.85","0.13","0.02","0.278428819444444","1,2,3,4,5,6,7,8,9,7,1,7,7,10,11,12,13","0.000387907028198242","louvain","graph_2024M01.graphml"
"0.84","0.14","0.02","0.292169929196168","1,2,3,4,5,6,7,7,8,7,1,9,7,10,11,12,13","0.000360012054443359","louvain","graph_2024M01.graphml"
"0.83","0.15","0.02","0.2818","1,2,3,4,5,6,7,7,8,7,1,9,7,10,11,12,13","0.000385046005249023","louvain","graph_2024M01.graphml"
"0.82","0.16","0.02","0.295078815840061","1,2,3,4,5,6,7,7,8,7,1,9,7,10,11,12,13","0.000368118286132812","louvain","graph_2024M01.graphml"
"0.81","0.17","0.02","0.316358024691358","1,2,3,4,5,6,7,7,2,7,1,8,7,9,10,1,11","0.000396013259887695","louvain","graph_2024M01.graphml"
"0.8","0.18","0.02","0.321487603305785","1,2,3,4,5,6,7,7,2,7,1,8,7,9,10,1,11","0.00038599967956543","louvain","graph_2024M01.graphml"
"0.79","0.19","0.02","0.312096029547553","1,2,3,1,4,5,6,6,2,6,1,7,6,8,9,1,10","0.000371932983398438","louvain","graph_2024M01.graphml"
"0.78","0.2","0.02","0.289715598965814","1,2,3,1,4,5,6,6,2,6,1,7,6,8,9,1,10","0.000369071960449219","louvain","graph_2024M01.graphml"
"0.77","0.21","0.02","0.296568047337278","1,2,3,1,1,4,5,5,2,5,1,2,5,6,7,1,8","0.000397920608520508","louvain","graph_2024M01.graphml"
"0.76","0.22","0.02","0.307288384793111","1,2,3,1,1,4,5,5,2,5,1,6,5,7,8,1,9","0.000384807586669922","louvain","graph_2024M01.graphml"
"0.75","0.23","0.02","0.300238048006348","1,2,3,1,1,4,5,5,2,5,1,6,5,1,7,1,8","0.000546932220458984","louvain","graph_2024M01.graphml"
"0.74","0.24","0.02","0.300238048006348","1,2,3,1,1,4,5,5,2,5,1,6,5,1,7,1,8","0.000400781631469727","louvain","graph_2024M01.graphml"
"0.73","0.25","0.02","0.303530092592593","1,2,3,1,1,4,5,5,2,5,1,6,5,1,7,1,8","0.000398159027099609","louvain","graph_2024M01.graphml"
"0.72","0.26","0.02","0.312722837305311","1,2,3,1,1,4,5,5,2,5,1,6,5,1,7,1,8","0.000419139862060547","louvain","graph_2024M01.graphml"
"0.71","0.27","0.02","0.305423666910153","1,2,3,1,1,4,5,5,2,5,1,6,5,1,7,1,8","0.000431060791015625","louvain","graph_2024M01.graphml"
"0.7","0.28","0.02","0.305423666910153","1,2,3,1,1,4,5,5,2,5,1,6,5,1,7,1,8","0.000426054000854492","louvain","graph_2024M01.graphml"
"0.69","0.29","0.02","0.308533333333333","1,2,3,1,1,4,5,5,2,5,1,6,5,1,7,1,8","0.000397920608520508","louvain","graph_2024M01.graphml"
"0.68","0.3","0.02","0.303324099722992","1,2,3,1,1,4,5,5,2,5,1,6,5,1,7,1,8","0.000388860702514648","louvain","graph_2024M01.graphml"
"0.67","0.31","0.02","0.286328125","1,2,3,1,1,4,5,6,2,5,7,6,7,1,8,7,9","0.000393867492675781","louvain","graph_2024M01.graphml"
"0.66","0.32","0.02","0.278997104099985","1,2,3,1,1,4,5,6,2,5,7,6,7,1,8,7,9","0.000386953353881836","louvain","graph_2024M01.graphml"
"0.65","0.33","0.02","0.281751933372992","1,2,3,1,1,4,5,6,2,7,5,6,5,1,8,5,9","0.000390052795410156","louvain","graph_2024M01.graphml"
"0.64","0.34","0.02","0.281751933372992","1,2,3,1,1,4,5,6,2,7,5,6,5,1,8,5,9","0.000381946563720703","louvain","graph_2024M01.graphml"
"0.63","0.35","0.02","0.274518140589569","1,2,3,1,4,5,4,4,2,6,4,7,4,1,8,4,9","0.000391006469726562","louvain","graph_2024M01.graphml"
"0.62","0.36","0.02","0.273323418063818","1,2,3,1,1,4,5,5,2,5,1,6,5,1,7,1,8","0.000484943389892578","louvain","graph_2024M01.graphml"
"0.61","0.37","0.02","0.270854855371901","1,2,3,1,1,4,5,5,2,5,5,6,5,1,7,1,8","0.000411033630371094","louvain","graph_2024M01.graphml"
"0.6","0.38","0.02","0.271745991667719","1,2,3,1,4,5,4,4,2,6,4,7,4,1,8,2,9","0.000408172607421875","louvain","graph_2024M01.graphml"
"0.59","0.39","0.02","0.253092843103249","1,2,3,1,2,4,5,5,2,6,5,7,5,1,8,2,9","0.0004119873046875","louvain","graph_2024M01.graphml"
"0.58","0.4","0.02","0.241828254847645","1,2,3,1,4,5,6,7,2,6,4,7,4,1,8,7,9","0.000427007675170898","louvain","graph_2024M01.graphml"
"0.57","0.41","0.02","0.240128558310376","1,2,3,1,4,5,6,7,2,6,4,7,4,1,8,7,9","0.000391006469726562","louvain","graph_2024M01.graphml"
"0.56","0.42","0.02","0.240128558310376","1,2,3,1,4,5,6,7,4,6,2,7,2,1,8,7,9","0.000467061996459961","louvain","graph_2024M01.graphml"
"0.55","0.43","0.02","0.23835","1,2,3,1,2,4,5,6,2,5,6,7,6,1,8,6,9","0.000423908233642578","louvain","graph_2024M01.graphml"
"0.54","0.44","0.02","0.23465","1,2,3,1,4,5,6,7,2,6,4,7,4,1,8,7,9","0.000427007675170898","louvain","graph_2024M01.graphml"
"0.53","0.45","0.02","0.237378688363886","1,2,3,1,4,5,6,7,2,6,4,7,4,1,8,7,9","0.000436067581176758","louvain","graph_2024M01.graphml"
"0.52","0.46","0.02","0.237378688363886","1,2,3,1,4,5,6,7,2,6,4,7,4,1,8,7,9","0.000447988510131836","louvain","graph_2024M01.graphml"
"0.51","0.47","0.02","0.243809523809524","1,2,3,1,4,5,6,7,4,6,2,7,2,1,8,7,9","0.00052189826965332","louvain","graph_2024M01.graphml"
"0.5","0.48","0.02","0.247401519783387","1,2,3,1,4,5,6,7,2,6,4,7,4,1,8,7,9","0.000400066375732422","louvain","graph_2024M01.graphml"
"0.49","0.49","0.02","0.247790590017675","1,2,3,4,2,5,6,7,4,6,2,7,2,1,8,7,9","0.000405073165893555","louvain","graph_2024M01.graphml"
"0.48","0.5","0.02","0.242685950413223","1,2,3,2,4,5,6,7,2,6,4,7,4,1,8,7,9","0.000399112701416016","louvain","graph_2024M01.graphml"
"0.47","0.51","0.02","0.2477484532853","1,2,3,2,2,4,5,6,2,5,1,7,6,1,8,6,9","0.000613927841186523","louvain","graph_2024M01.graphml"
"0.46","0.52","0.02","0.242382271468144","1,2,3,4,2,5,6,7,4,6,1,7,2,1,8,7,9","0.000404119491577148","louvain","graph_2024M01.graphml"
"0.45","0.53","0.02","0.247753670830594","1,2,3,2,2,4,5,6,2,5,1,5,6,1,7,6,8","0.000432014465332031","louvain","graph_2024M01.graphml"
"0.44","0.54","0.02","0.247753670830594","1,2,3,2,2,4,5,6,2,5,1,5,6,1,7,6,8","0.000419139862060547","louvain","graph_2024M01.graphml"
"0.43","0.55","0.02","0.241875","1,2,3,4,2,5,6,6,4,6,1,6,2,1,7,4,8","0.000417947769165039","louvain","graph_2024M01.graphml"
"0.42","0.56","0.02","0.23700566901168","1,2,3,4,4,5,6,6,4,6,1,6,2,1,7,2,8","0.000440835952758789","louvain","graph_2024M01.graphml"
"0.41","0.57","0.02","0.244860863242779","1,2,3,2,4,5,6,6,2,6,1,6,4,1,7,4,8","0.000410079956054688","louvain","graph_2024M01.graphml"
"0.4","0.58","0.02","0.244860863242779","1,2,3,2,4,5,6,6,2,6,1,6,4,1,7,4,8","0.000404834747314453","louvain","graph_2024M01.graphml"
"0.39","0.59","0.02","0.239890400604686","1,2,3,4,2,5,6,6,4,6,1,6,2,1,7,4,8","0.000574111938476562","louvain","graph_2024M01.graphml"
"0.38","0.6","0.02","0.24505549011098","1,2,3,4,4,5,6,6,4,6,1,6,2,1,7,2,8","0.000400781631469727","louvain","graph_2024M01.graphml"
"0.37","0.61","0.02","0.241183431952663","1,2,3,4,4,5,6,6,4,6,1,6,2,1,7,1,8","0.000425815582275391","louvain","graph_2024M01.graphml"
"0.36","0.62","0.02","0.236466406386574","1,2,3,2,4,5,6,6,2,6,1,6,4,1,7,1,8","0.00039982795715332","louvain","graph_2024M01.graphml"
"0.35","0.63","0.02","0.232638888888889","1,2,3,4,4,5,6,6,4,6,1,6,2,1,7,1,8","0.000425100326538086","louvain","graph_2024M01.graphml"
"0.34","0.64","0.02","0.236389846797445","1,2,3,4,2,5,6,6,4,6,1,6,2,1,7,1,8","0.000428915023803711","louvain","graph_2024M01.graphml"
"0.33","0.65","0.02","0.238611049231455","1,2,3,4,4,5,6,6,4,6,1,6,2,1,7,1,8","0.0005340576171875","louvain","graph_2024M01.graphml"
"0.32","0.66","0.02","0.234573401648474","1,2,3,4,4,5,6,6,4,2,1,7,7,1,8,6,9","0.000418901443481445","louvain","graph_2024M01.graphml"
"0.31","0.67","0.02","0.237492674090255","1,2,3,4,2,5,6,6,4,6,1,6,2,1,7,1,8","0.000409841537475586","louvain","graph_2024M01.graphml"
"0.3","0.68","0.02","0.239107142857143","1,2,3,1,1,4,5,5,2,5,1,5,6,1,7,6,8","0.000492095947265625","louvain","graph_2024M01.graphml"
"0.29","0.69","0.02","0.234608049293364","1,2,3,1,1,4,5,5,2,5,1,5,6,1,7,6,8","0.000406980514526367","louvain","graph_2024M01.graphml"
"0.28","0.7","0.02","0.239414544753086","1,2,3,1,1,4,5,5,2,5,1,5,6,1,7,6,8","0.000430107116699219","louvain","graph_2024M01.graphml"
"0.27","0.71","0.02","0.232477950835053","1,2,3,1,1,4,5,5,2,5,1,5,6,1,7,6,8","0.000420093536376953","louvain","graph_2024M01.graphml"
"0.26","0.72","0.02","0.230437363038714","1,2,1,1,1,3,4,4,2,4,1,4,5,1,6,5,7","0.000429868698120117","louvain","graph_2024M01.graphml"
"0.25","0.73","0.02","0.226327792640674","1,2,1,1,1,3,4,4,2,4,1,4,5,1,6,5,7","0.000443935394287109","louvain","graph_2024M01.graphml"
"0.24","0.74","0.02","0.226327792640674","1,2,1,1,1,3,4,4,2,4,1,4,5,1,6,5,7","0.000423908233642578","louvain","graph_2024M01.graphml"
"0.23","0.75","0.02","0.228207236842105","1,2,1,1,1,3,4,4,2,4,1,4,5,1,6,5,7","0.000411033630371094","louvain","graph_2024M01.graphml"
"0.22","0.76","0.02","0.224892135503439","1,2,1,1,1,3,4,4,2,4,1,4,5,1,6,5,7","0.000515937805175781","louvain","graph_2024M01.graphml"
"0.21","0.77","0.02","0.231071800208117","1,2,1,1,1,3,4,4,2,4,1,4,5,1,6,5,7","0.000402927398681641","louvain","graph_2024M01.graphml"
"0.2","0.78","0.02","0.224431011400057","1,2,1,1,1,3,4,4,2,4,1,4,5,1,6,5,7","0.000447988510131836","louvain","graph_2024M01.graphml"
"0.19","0.79","0.02","0.224431011400057","1,2,1,1,1,3,4,4,2,4,1,4,5,1,6,5,7","0.000453948974609375","louvain","graph_2024M01.graphml"
"0.18","0.8","0.02","0.225208654720937","1,2,1,1,1,3,4,4,2,4,1,4,5,1,6,5,7","0.000394821166992188","louvain","graph_2024M01.graphml"
"0.17","0.81","0.02","0.221174363664076","1,2,1,1,2,3,4,4,2,2,1,4,5,1,6,5,7","0.000438928604125977","louvain","graph_2024M01.graphml"
"0.16","0.82","0.02","0.219400654372397","1,2,1,1,3,4,5,5,2,3,1,5,6,1,7,3,8","0.00044703483581543","louvain","graph_2024M01.graphml"
"0.15","0.83","0.02","0.223507805325987","1,2,1,1,3,4,5,5,2,3,1,5,6,1,7,3,8","0.000427961349487305","louvain","graph_2024M01.graphml"
"0.14","0.84","0.02","0.222722220230198","1,2,1,1,3,4,3,5,2,3,1,6,5,1,7,5,8","0.00041508674621582","louvain","graph_2024M01.graphml"
"0.13","0.85","0.02","0.225849935226358","1,2,1,1,3,4,3,5,2,3,1,5,6,1,7,5,8","0.000406980514526367","louvain","graph_2024M01.graphml"
"0.12","0.86","0.02","0.225849935226358","1,2,1,1,3,4,3,5,2,3,1,5,6,1,7,5,8","0.000413894653320312","louvain","graph_2024M01.graphml"
"0.11","0.87","0.02","0.228925122790604","1,2,1,1,3,4,5,5,2,5,1,5,3,1,6,5,7","0.000550031661987305","louvain","graph_2024M01.graphml"
"0.1","0.88","0.02","0.219702350206612","1,2,1,1,1,3,4,4,2,4,5,4,5,1,6,4,7","0.000446081161499023","louvain","graph_2024M01.graphml"
"0.09","0.89","0.02","0.227973533909678","1,2,1,1,1,3,4,5,2,4,4,5,6,1,7,4,8","0.000440835952758789","louvain","graph_2024M01.graphml"
"0.08","0.9","0.02","0.221266684582997","1,2,1,1,3,4,5,5,2,5,1,5,3,1,6,5,7","0.000443935394287109","louvain","graph_2024M01.graphml"
"0.07","0.91","0.02","0.225989773557341","1,2,1,1,1,3,4,4,2,4,4,5,6,1,7,4,8","0.000401020050048828","louvain","graph_2024M01.graphml"
"0.06","0.92","0.02","0.22327246165084","1,2,1,1,1,3,4,4,2,4,4,4,5,1,6,4,7","0.000426054000854492","louvain","graph_2024M01.graphml"
"0.05","0.93","0.02","0.227415711058366","1,2,1,1,1,3,4,4,2,4,4,4,5,1,6,4,7","0.000431060791015625","louvain","graph_2024M01.graphml"
"0.04","0.94","0.02","0.227415711058366","1,2,1,1,1,3,4,4,2,4,4,4,5,1,6,4,7","0.000428199768066406","louvain","graph_2024M01.graphml"
"0.03","0.95","0.02","0.22713529856387","1,2,1,1,3,4,3,3,2,3,3,3,5,1,6,3,7","0.000431060791015625","louvain","graph_2024M01.graphml"
"0.02","0.96","0.02","0.229709141274238","1,2,1,1,3,4,3,3,2,3,3,5,6,1,7,3,8","0.000466108322143555","louvain","graph_2024M01.graphml"
"0.01","0.97","0.02","0.232556578700099","1,2,1,1,3,4,3,3,2,3,3,5,6,1,7,3,8","0.000417947769165039","louvain","graph_2024M01.graphml"
"0","0.98","0.02","0.23006039150354","1,2,1,1,3,4,3,3,2,3,3,5,6,1,7,3,8","0.00043487548828125","louvain","graph_2024M01.graphml"
"0.97","0","0.03","0.276323616894706","1,2,3,4,5,6,7,7,8,9,10,7,7,11,12,13,14","0.000375032424926758","louvain","graph_2024M01.graphml"
"0.96","0.01","0.03","0.276323616894706","1,2,3,4,5,6,7,7,8,9,10,7,7,11,12,13,14","0.000385046005249023","louvain","graph_2024M01.graphml"
"0.95","0.02","0.03","0.28202947845805","1,2,3,4,5,6,7,7,8,9,10,7,7,11,12,13,14","0.000375032424926758","louvain","graph_2024M01.graphml"
"0.94","0.03","0.03","0.28691184424013","1,2,3,4,5,6,7,7,8,9,1,7,7,10,11,12,13","0.000385046005249023","louvain","graph_2024M01.graphml"
"0.93","0.04","0.03","0.26320987654321","1,2,3,4,5,6,7,7,8,9,1,7,7,10,11,12,13","0.000380039215087891","louvain","graph_2024M01.graphml"
"0.92","0.05","0.03","0.265831758034026","1,2,3,4,5,6,7,8,9,7,1,7,7,10,11,12,13","0.000375986099243164","louvain","graph_2024M01.graphml"
"0.91","0.06","0.03","0.270937075599819","1,2,3,4,5,6,7,8,9,7,1,7,7,10,11,12,13","0.000442028045654297","louvain","graph_2024M01.graphml"
"0.9","0.07","0.03","0.279538252602988","1,2,3,4,5,6,7,7,8,7,1,9,7,10,11,12,13","0.000391006469726562","louvain","graph_2024M01.graphml"
"0.89","0.08","0.03","0.275926697209496","1,2,3,4,5,6,7,7,8,7,1,9,7,10,11,12,13","0.000535964965820312","louvain","graph_2024M01.graphml"
"0.88","0.09","0.03","0.281","1,2,3,4,5,6,7,7,8,7,1,9,7,10,11,1,12","0.00039219856262207","louvain","graph_2024M01.graphml"
"0.87","0.1","0.03","0.304556781772873","1,2,3,4,5,6,7,7,8,7,1,9,7,10,11,1,12","0.000427961349487305","louvain","graph_2024M01.graphml"
"0.86","0.11","0.03","0.296552785472453","1,2,3,1,4,5,6,6,2,6,1,7,6,8,9,1,10","0.000386953353881836","louvain","graph_2024M01.graphml"
"0.85","0.12","0.03","0.289715598965814","1,2,3,1,4,5,6,6,2,6,1,7,6,8,9,1,10","0.000379085540771484","louvain","graph_2024M01.graphml"
"0.84","0.13","0.03","0.27926638917794","1,2,3,1,1,4,5,5,2,5,1,2,5,6,7,1,8","0.000384092330932617","louvain","graph_2024M01.graphml"
"0.83","0.14","0.03","0.2886962890625","1,2,3,1,1,4,5,5,2,5,1,2,5,6,7,1,8","0.000406026840209961","louvain","graph_2024M01.graphml"
"0.82","0.15","0.03","0.273780351971486","1,2,3,1,1,4,5,5,2,5,1,2,5,1,6,1,7","0.000466108322143555","louvain","graph_2024M01.graphml"
"0.81","0.16","0.03","0.273780351971486","1,2,3,1,1,4,5,5,2,5,1,2,5,1,6,1,7","0.000385046005249023","louvain","graph_2024M01.graphml"
"0.8","0.17","0.03","0.269586221382063","1,2,3,1,1,4,5,5,2,5,5,2,5,1,6,1,7","0.000386953353881836","louvain","graph_2024M01.graphml"
"0.79","0.18","0.03","0.293676111840871","1,2,3,1,1,4,5,5,2,5,5,6,5,1,7,1,8","0.000392913818359375","louvain","graph_2024M01.graphml"
"0.78","0.19","0.03","0.286614317019722","1,2,3,1,1,4,5,5,2,5,5,6,5,1,7,1,8","0.000392913818359375","louvain","graph_2024M01.graphml"
"0.77","0.2","0.03","0.295733333333333","1,2,3,1,1,4,5,5,2,5,5,6,5,1,7,1,8","0.000397920608520508","louvain","graph_2024M01.graphml"
"0.76","0.21","0.03","0.295733333333333","1,2,3,1,1,4,5,5,2,5,5,6,5,1,7,1,8","0.000398874282836914","louvain","graph_2024M01.graphml"
"0.75","0.22","0.03","0.302664867599933","1,2,3,1,1,4,5,5,2,5,5,6,5,1,7,1,8","0.000385046005249023","louvain","graph_2024M01.graphml"
"0.74","0.23","0.03","0.27890625","1,2,3,1,1,4,5,5,2,6,5,7,5,1,8,5,9","0.000396966934204102","louvain","graph_2024M01.graphml"
"0.73","0.24","0.03","0.271452522481329","1,2,3,1,4,5,4,4,2,6,4,7,4,1,8,4,9","0.000414133071899414","louvain","graph_2024M01.graphml"
"0.72","0.25","0.03","0.261674598453302","1,2,3,1,4,5,6,4,2,6,4,4,4,1,7,4,8","0.000395059585571289","louvain","graph_2024M01.graphml"
"0.71","0.26","0.03","0.270431122078676","1,2,3,1,4,5,4,4,2,6,4,7,4,1,8,4,9","0.000427961349487305","louvain","graph_2024M01.graphml"
"0.7","0.27","0.03","0.26452664399093","1,2,3,1,4,5,4,4,2,6,4,7,4,1,8,4,9","0.000418901443481445","louvain","graph_2024M01.graphml"
"0.69","0.28","0.03","0.262506760411033","1,2,3,1,4,5,4,4,2,6,4,7,4,1,8,4,9","0.000422000885009766","louvain","graph_2024M01.graphml"
"0.68","0.29","0.03","0.262506760411033","1,2,3,1,4,5,4,4,2,6,4,7,4,1,8,4,9","0.000407934188842773","louvain","graph_2024M01.graphml"
"0.67","0.3","0.03","0.267037037037037","1,2,3,1,4,5,4,4,2,4,1,6,4,1,7,2,8","0.000406026840209961","louvain","graph_2024M01.graphml"
"0.66","0.31","0.03","0.255434782608696","1,2,3,1,4,5,4,4,2,6,4,7,4,1,8,2,9","0.000402927398681641","louvain","graph_2024M01.graphml"
"0.65","0.32","0.03","0.241163434903047","1,2,3,1,2,4,5,5,2,6,5,7,5,1,8,2,9","0.000417947769165039","louvain","graph_2024M01.graphml"
"0.64","0.33","0.03","0.234646267361111","1,2,3,1,2,4,5,5,2,6,5,7,5,1,8,2,9","0.000398874282836914","louvain","graph_2024M01.graphml"
"0.63","0.34","0.03","0.232351103706789","1,2,3,1,2,4,5,5,2,6,5,7,5,1,8,2,9","0.000483989715576172","louvain","graph_2024M01.graphml"
"0.62","0.35","0.03","0.233802673196613","1,2,3,1,2,4,5,5,2,6,5,7,5,1,8,5,9","0.000407934188842773","louvain","graph_2024M01.graphml"
"0.61","0.36","0.03","0.22768084889297","1,2,3,1,2,4,5,6,2,5,5,6,5,1,7,6,8","0.000384092330932617","louvain","graph_2024M01.graphml"
"0.6","0.37","0.03","0.23465","1,2,3,1,4,5,6,7,4,6,2,7,2,1,8,7,9","0.000494956970214844","louvain","graph_2024M01.graphml"
"0.59","0.38","0.03","0.237378688363886","1,2,3,1,4,5,6,7,2,6,4,7,4,1,8,7,9","0.000402927398681641","louvain","graph_2024M01.graphml"
"0.58","0.39","0.03","0.235507587897069","1,2,3,1,2,4,5,6,2,5,5,6,5,1,7,6,8","0.000428199768066406","louvain","graph_2024M01.graphml"
"0.57","0.4","0.03","0.235507587897069","1,2,3,1,2,4,5,6,2,5,5,6,5,1,7,6,8","0.0004119873046875","louvain","graph_2024M01.graphml"
"0.56","0.41","0.03","0.235566425015285","1,2,3,1,4,5,6,7,2,6,4,7,4,1,8,7,9","0.000427961349487305","louvain","graph_2024M01.graphml"
"0.55","0.42","0.03","0.238405858092753","1,2,3,2,2,4,5,6,2,5,6,7,6,1,8,6,9","0.000404119491577148","louvain","graph_2024M01.graphml"
"0.54","0.43","0.03","0.235743801652893","1,2,3,4,2,5,6,7,4,6,1,7,2,1,8,7,9","0.000432014465332031","louvain","graph_2024M01.graphml"
"0.53","0.44","0.03","0.23654735816898","1,2,3,2,2,4,5,6,2,5,1,7,6,1,8,6,9","0.000483989715576172","louvain","graph_2024M01.graphml"
"0.52","0.45","0.03","0.239437181122449","1,2,3,4,2,5,6,7,4,6,1,7,2,1,8,7,9","0.000412940979003906","louvain","graph_2024M01.graphml"
"0.51","0.46","0.03","0.234669187145558","1,2,3,4,2,5,6,7,4,6,1,7,2,1,8,7,9","0.00039982795715332","louvain","graph_2024M01.graphml"
"0.5","0.47","0.03","0.238754325259516","1,2,3,2,2,4,5,6,2,5,1,5,6,1,7,6,8","0.000415802001953125","louvain","graph_2024M01.graphml"
"0.49","0.48","0.03","0.238754325259516","1,2,3,2,2,4,5,6,2,5,1,5,6,1,7,6,8","0.000422954559326172","louvain","graph_2024M01.graphml"
"0.48","0.49","0.03","0.2353125","1,2,3,2,2,4,5,6,2,5,1,5,6,1,7,6,8","0.000413179397583008","louvain","graph_2024M01.graphml"
"0.47","0.5","0.03","0.237996038521959","1,2,3,2,2,4,5,6,2,5,1,5,6,1,7,6,8","0.000407934188842773","louvain","graph_2024M01.graphml"
"0.46","0.51","0.03","0.238449335712869","1,2,3,4,4,5,2,6,4,2,1,2,6,1,7,6,8","0.000447988510131836","louvain","graph_2024M01.graphml"
"0.45","0.52","0.03","0.229679459358919","1,2,3,4,2,5,6,6,4,6,1,6,2,1,7,1,8","0.000414848327636719","louvain","graph_2024M01.graphml"
"0.44","0.53","0.03","0.229679459358919","1,2,3,4,2,5,6,6,4,6,1,6,2,1,7,1,8","0.000427961349487305","louvain","graph_2024M01.graphml"
"0.43","0.54","0.03","0.227463434531787","1,2,3,4,2,5,6,6,4,6,1,6,2,1,7,1,8","0.000464916229248047","louvain","graph_2024M01.graphml"
"0.42","0.55","0.03","0.227463434531787","1,2,3,4,2,5,6,6,4,6,1,6,2,1,7,1,8","0.000406026840209961","louvain","graph_2024M01.graphml"
"0.41","0.56","0.03","0.227463434531787","1,2,3,4,2,5,6,6,4,6,1,6,2,1,7,1,8","0.000416994094848633","louvain","graph_2024M01.graphml"
"0.4","0.57","0.03","0.23114836266429","1,2,3,4,5,6,7,7,4,2,1,7,5,1,8,1,9","0.000496864318847656","louvain","graph_2024M01.graphml"
"0.39","0.58","0.03","0.23180687716263","1,2,3,4,4,5,6,6,4,6,1,6,2,1,7,1,8","0.000424861907958984","louvain","graph_2024M01.graphml"
"0.38","0.59","0.03","0.229500772550482","1,2,3,4,4,5,6,6,4,6,1,6,2,1,7,1,8","0.0004119873046875","louvain","graph_2024M01.graphml"
"0.37","0.6","0.03","0.225195383261736","1,2,3,1,4,5,6,6,2,6,1,6,4,1,7,1,8","0.000417947769165039","louvain","graph_2024M01.graphml"
"0.36","0.61","0.03","0.224209043810673","1,2,3,1,1,4,5,5,6,2,1,5,5,1,7,5,8","0.000416994094848633","louvain","graph_2024M01.graphml"
"0.35","0.62","0.03","0.227800237812128","1,2,3,1,1,4,5,5,2,5,1,5,6,1,7,6,8","0.000409126281738281","louvain","graph_2024M01.graphml"
"0.34","0.63","0.03","0.227800237812128","1,2,3,1,1,4,5,5,2,5,1,5,6,1,7,6,8","0.000417947769165039","louvain","graph_2024M01.graphml"
"0.33","0.64","0.03","0.21974235394802","1,2,1,1,1,3,4,4,2,4,1,4,5,1,6,5,7","0.000451087951660156","louvain","graph_2024M01.graphml"
"0.32","0.65","0.03","0.219787396964101","1,2,1,1,1,3,4,4,2,4,1,5,6,1,7,6,8","0.0004119873046875","louvain","graph_2024M01.graphml"
"0.31","0.66","0.03","0.22641550809175","1,2,1,1,1,3,4,4,2,4,1,4,5,1,6,5,7","0.000416994094848633","louvain","graph_2024M01.graphml"
"0.3","0.67","0.03","0.225725148447178","1,2,1,1,1,3,4,4,2,4,1,4,5,1,6,5,7","0.000427961349487305","louvain","graph_2024M01.graphml"
"0.29","0.68","0.03","0.220957336108221","1,2,1,1,1,3,4,5,2,4,1,4,5,1,6,5,7","0.000448942184448242","louvain","graph_2024M01.graphml"
"0.28","0.69","0.03","0.214024909732646","1,2,1,1,1,3,4,5,2,4,1,4,5,1,6,5,7","0.000406026840209961","louvain","graph_2024M01.graphml"
"0.27","0.7","0.03","0.215890882871335","1,2,1,1,1,3,4,5,2,4,1,4,5,1,6,5,7","0.000435829162597656","louvain","graph_2024M01.graphml"
"0.26","0.71","0.03","0.220224674656857","1,2,1,1,1,3,4,5,2,4,1,4,5,1,6,5,7","0.000441074371337891","louvain","graph_2024M01.graphml"
"0.25","0.72","0.03","0.214285714285714","1,2,1,1,1,3,4,4,2,2,1,5,4,1,6,4,7","0.000410079956054688","louvain","graph_2024M01.graphml"
"0.24","0.73","0.03","0.214748659388141","1,2,1,1,1,3,4,5,2,4,1,4,5,1,6,5,7","0.000458955764770508","louvain","graph_2024M01.graphml"
"0.23","0.74","0.03","0.21656378600823","1,2,1,1,1,3,4,5,2,4,1,4,5,1,6,5,7","0.000406980514526367","louvain","graph_2024M01.graphml"
"0.22","0.75","0.03","0.213990928019036","1,2,1,1,3,4,5,5,2,3,1,5,5,1,6,3,7","0.000455141067504883","louvain","graph_2024M01.graphml"
"0.21","0.76","0.03","0.21438162287705","1,2,1,1,3,4,5,5,2,3,1,5,6,1,7,3,8","0.000397920608520508","louvain","graph_2024M01.graphml"
"0.2","0.77","0.03","0.21438162287705","1,2,1,1,3,4,5,5,2,3,1,5,6,1,7,3,8","0.000410079956054688","louvain","graph_2024M01.graphml"
"0.19","0.78","0.03","0.216088780522787","1,2,1,1,3,4,5,5,2,3,1,5,6,1,7,3,8","0.000408172607421875","louvain","graph_2024M01.graphml"
"0.18","0.79","0.03","0.215057624568243","1,2,1,1,3,4,3,5,2,3,1,5,6,1,7,5,8","0.000423908233642578","louvain","graph_2024M01.graphml"
"0.17","0.8","0.03","0.214295151274937","1,2,1,1,3,4,3,5,2,3,1,5,6,1,7,5,8","0.000427007675170898","louvain","graph_2024M01.graphml"
"0.16","0.81","0.03","0.214698270420401","1,2,1,1,1,3,4,4,2,4,5,4,5,1,6,4,7","0.000421047210693359","louvain","graph_2024M01.graphml"
"0.15","0.82","0.03","0.213873456790123","1,2,1,1,3,4,5,5,2,5,1,5,3,1,6,5,7","0.000434160232543945","louvain","graph_2024M01.graphml"
"0.14","0.83","0.03","0.215698544000488","1,2,1,1,3,4,5,5,2,5,1,5,3,1,6,5,7","0.000446081161499023","louvain","graph_2024M01.graphml"
"0.13","0.84","0.03","0.213440405748098","1,2,1,1,1,3,4,5,2,4,4,5,6,1,7,4,8","0.000413894653320312","louvain","graph_2024M01.graphml"
"0.12","0.85","0.03","0.217325091821195","1,2,1,1,1,3,4,5,2,4,4,5,6,1,7,4,8","0.000416994094848633","louvain","graph_2024M01.graphml"
"0.11","0.86","0.03","0.222911721810747","1,2,1,1,1,3,4,4,2,4,4,4,5,1,6,4,7","0.000427007675170898","louvain","graph_2024M01.graphml"
"0.1","0.87","0.03","0.228228270710729","1,2,1,1,1,3,4,4,2,4,4,5,6,1,7,4,8","0.000417947769165039","louvain","graph_2024M01.graphml"
"0.09","0.88","0.03","0.225665574871924","1,2,1,1,1,3,4,4,2,4,4,5,6,1,7,4,8","0.000428915023803711","louvain","graph_2024M01.graphml"
"0.08","0.89","0.03","0.223019390581717","1,2,1,1,1,3,4,4,2,4,4,5,6,1,7,4,8","0.000452041625976562","louvain","graph_2024M01.graphml"
"0.07","0.9","0.03","0.226502724905367","1,2,1,1,3,4,3,3,2,3,3,5,6,1,7,3,8","0.000428915023803711","louvain","graph_2024M01.graphml"
"0.06","0.91","0.03","0.222126768503852","1,2,1,1,3,4,3,3,2,3,3,3,5,1,6,3,7","0.000453948974609375","louvain","graph_2024M01.graphml"
"0.05","0.92","0.03","0.224685027072053","1,2,1,1,3,4,3,3,2,3,3,5,6,1,7,3,8","0.000741004943847656","louvain","graph_2024M01.graphml"
"0.04","0.93","0.03","0.222317618241964","1,2,1,1,3,4,3,3,2,3,3,5,6,1,7,3,8","0.000418901443481445","louvain","graph_2024M01.graphml"
"0.03","0.94","0.03","0.222308853741244","1,2,1,1,3,4,3,3,2,3,3,5,6,1,7,3,8","0.00043797492980957","louvain","graph_2024M01.graphml"
"0.02","0.95","0.03","0.225945985687678","1,2,1,1,3,4,3,3,2,3,3,5,6,1,7,3,8","0.000421047210693359","louvain","graph_2024M01.graphml"
"0.01","0.96","0.03","0.215889810538222","1,2,1,1,3,4,3,3,2,3,3,5,6,1,7,3,8","0.000413894653320312","louvain","graph_2024M01.graphml"
"0","0.97","0.03","0.210891272189349","1,2,1,1,3,4,3,3,2,3,3,5,6,1,7,3,8","0.000430107116699219","louvain","graph_2024M01.graphml"
"0.96","0","0.04","0.265930862140775","1,2,3,4,5,6,7,8,9,7,1,7,7,10,11,1,12","0.000411033630371094","louvain","graph_2024M01.graphml"
"0.95","0.01","0.04","0.274260724698043","1,2,3,4,5,6,7,7,8,7,1,9,7,10,11,1,12","0.000370025634765625","louvain","graph_2024M01.graphml"
"0.94","0.02","0.04","0.2554","1,2,3,4,5,6,7,7,8,7,1,7,7,9,10,1,11","0.000386953353881836","louvain","graph_2024M01.graphml"
"0.93","0.03","0.04","0.258276966892132","1,2,3,1,4,5,6,6,7,6,1,8,6,9,10,1,11","0.000379085540771484","louvain","graph_2024M01.graphml"
"0.92","0.04","0.04","0.235285374554102","1,2,3,1,4,5,6,6,7,6,6,6,6,8,9,1,10","0.000375032424926758","louvain","graph_2024M01.graphml"
"0.91","0.05","0.04","0.261805555555556","1,2,3,1,1,4,5,6,2,5,5,7,5,8,9,1,10","0.000380992889404297","louvain","graph_2024M01.graphml"
"0.9","0.06","0.04","0.269463340891912","1,2,3,1,1,4,5,5,2,5,5,2,5,6,7,1,8","0.000561952590942383","louvain","graph_2024M01.graphml"
"0.89","0.07","0.04","0.267102846648301","1,2,3,1,1,4,5,5,2,5,5,2,5,1,6,1,7","0.000382900238037109","louvain","graph_2024M01.graphml"
"0.88","0.08","0.04","0.269586221382063","1,2,3,1,1,4,5,5,2,5,5,2,5,1,6,1,7","0.000409841537475586","louvain","graph_2024M01.graphml"
"0.87","0.09","0.04","0.269586221382063","1,2,3,1,1,4,5,5,2,5,5,2,5,1,6,1,7","0.00044703483581543","louvain","graph_2024M01.graphml"
"0.86","0.1","0.04","0.269586221382063","1,2,3,1,1,4,5,5,2,5,5,2,5,1,6,1,7","0.000591039657592773","louvain","graph_2024M01.graphml"
"0.85","0.11","0.04","0.266316207101766","1,2,3,1,1,4,5,5,2,5,5,2,5,1,6,1,7","0.000393152236938477","louvain","graph_2024M01.graphml"
"0.84","0.12","0.04","0.260320216049383","1,2,3,1,4,5,6,4,2,6,4,2,4,1,7,1,8","0.000390052795410156","louvain","graph_2024M01.graphml"
"0.83","0.13","0.04","0.278488888888889","1,2,3,1,4,5,4,4,2,6,4,7,4,1,8,1,9","0.000412940979003906","louvain","graph_2024M01.graphml"
"0.82","0.14","0.04","0.275596859477648","1,2,3,1,4,5,4,4,2,6,4,7,4,1,8,1,9","0.00038909912109375","louvain","graph_2024M01.graphml"
"0.81","0.15","0.04","0.271452522481329","1,2,3,1,4,5,4,4,2,6,4,7,4,1,8,4,9","0.00038909912109375","louvain","graph_2024M01.graphml"
"0.8","0.16","0.04","0.271452522481329","1,2,3,1,4,5,4,4,2,6,4,7,4,1,8,4,9","0.000391960144042969","louvain","graph_2024M01.graphml"
"0.79","0.17","0.04","0.265318262938727","1,2,3,1,4,5,4,4,2,6,4,7,4,1,8,4,9","0.000393867492675781","louvain","graph_2024M01.graphml"
"0.78","0.18","0.04","0.269415009435332","1,2,3,1,4,5,4,4,2,6,4,7,4,1,8,4,9","0.000379085540771484","louvain","graph_2024M01.graphml"
"0.77","0.19","0.04","0.262506760411033","1,2,3,1,4,5,4,4,2,6,4,7,4,1,8,4,9","0.000390052795410156","louvain","graph_2024M01.graphml"
"0.76","0.2","0.04","0.262506760411033","1,2,3,1,4,5,4,4,2,6,4,7,4,1,8,4,9","0.000390052795410156","louvain","graph_2024M01.graphml"
"0.75","0.21","0.04","0.262506760411033","1,2,3,1,4,5,4,4,2,6,4,7,4,1,8,4,9","0.000401973724365234","louvain","graph_2024M01.graphml"
"0.74","0.22","0.04","0.258026159334126","1,2,3,1,4,5,4,4,2,6,4,7,4,1,8,4,9","0.000622034072875977","louvain","graph_2024M01.graphml"
"0.73","0.23","0.04","0.248520710059172","1,2,3,1,4,5,4,4,2,6,4,7,4,1,8,2,9","0.000409126281738281","louvain","graph_2024M01.graphml"
"0.72","0.24","0.04","0.240663196016297","1,2,3,1,4,5,4,4,2,6,4,7,4,1,8,2,9","0.000416994094848633","louvain","graph_2024M01.graphml"
"0.71","0.25","0.04","0.233600583090379","1,2,3,1,2,4,5,5,2,6,5,7,5,1,8,2,9","0.000418901443481445","louvain","graph_2024M01.graphml"
"0.7","0.26","0.04","0.233600583090379","1,2,3,1,2,4,5,5,2,6,5,7,5,1,8,2,9","0.000388860702514648","louvain","graph_2024M01.graphml"
"0.69","0.27","0.04","0.236863585348434","1,2,3,1,2,4,5,5,2,6,5,7,5,1,8,2,9","0.000404119491577148","louvain","graph_2024M01.graphml"
"0.68","0.28","0.04","0.236863585348434","1,2,3,1,2,4,5,5,2,6,5,7,5,1,8,2,9","0.000401973724365234","louvain","graph_2024M01.graphml"
"0.67","0.29","0.04","0.236790510734242","1,2,3,1,2,4,5,6,2,5,5,6,5,1,7,6,8","0.000394821166992188","louvain","graph_2024M01.graphml"
"0.66","0.3","0.04","0.236790510734242","1,2,3,1,2,4,5,6,2,5,5,6,5,1,7,6,8","0.000442981719970703","louvain","graph_2024M01.graphml"
"0.65","0.31","0.04","0.235507587897069","1,2,3,1,2,4,5,6,2,5,5,6,5,1,7,6,8","0.000401020050048828","louvain","graph_2024M01.graphml"
"0.64","0.32","0.04","0.235507587897069","1,2,3,1,2,4,5,6,2,5,5,6,5,1,7,6,8","0.000388860702514648","louvain","graph_2024M01.graphml"
"0.63","0.33","0.04","0.23374149659864","1,2,3,1,2,4,5,6,2,5,5,6,5,1,7,6,8","0.000409126281738281","louvain","graph_2024M01.graphml"
"0.62","0.34","0.04","0.226326094695621","1,2,3,1,4,5,4,6,2,2,4,6,4,1,7,6,8","0.000420093536376953","louvain","graph_2024M01.graphml"
"0.61","0.35","0.04","0.236385826108913","1,2,3,2,2,4,5,6,2,5,5,6,5,1,7,6,8","0.000406026840209961","louvain","graph_2024M01.graphml"
"0.6","0.36","0.04","0.238161670918367","1,2,3,2,2,4,5,6,2,5,1,6,5,1,7,6,8","0.000519990921020508","louvain","graph_2024M01.graphml"
"0.59","0.37","0.04","0.233456026313729","1,2,3,2,2,4,5,6,2,5,1,6,5,1,7,6,8","0.000416040420532227","louvain","graph_2024M01.graphml"
"0.58","0.38","0.04","0.233456026313729","1,2,3,2,2,4,5,6,2,5,1,6,5,1,7,6,8","0.000420808792114258","louvain","graph_2024M01.graphml"
"0.57","0.39","0.04","0.230964083175803","1,2,3,2,2,4,5,6,2,5,1,6,5,1,7,6,8","0.000397920608520508","louvain","graph_2024M01.graphml"
"0.56","0.4","0.04","0.227742271105826","1,2,3,2,2,4,5,6,2,5,1,6,5,1,7,6,8","0.000567913055419922","louvain","graph_2024M01.graphml"
"0.55","0.41","0.04","0.230739354565356","1,2,3,2,2,4,5,6,2,5,1,5,6,1,7,6,8","0.00041508674621582","louvain","graph_2024M01.graphml"
"0.54","0.42","0.04","0.222430555555556","1,2,3,4,2,5,6,2,4,6,1,6,2,1,7,2,8","0.000409841537475586","louvain","graph_2024M01.graphml"
"0.53","0.43","0.04","0.226684443288241","1,2,3,2,2,4,5,6,2,5,1,5,6,1,7,6,8","0.000381946563720703","louvain","graph_2024M01.graphml"
"0.52","0.44","0.04","0.215765936004031","1,2,3,4,5,6,2,5,4,2,1,7,5,1,8,5,9","0.000451087951660156","louvain","graph_2024M01.graphml"
"0.51","0.45","0.04","0.223045446090892","1,2,3,4,4,5,2,6,4,2,1,6,6,1,7,6,8","0.000514030456542969","louvain","graph_2024M01.graphml"
"0.5","0.46","0.04","0.213298479658674","1,2,3,4,2,5,6,7,4,6,1,6,2,1,8,7,9","0.000421047210693359","louvain","graph_2024M01.graphml"
"0.49","0.47","0.04","0.215710059171598","1,2,3,4,2,5,6,7,4,6,1,6,2,1,8,7,9","0.00043797492980957","louvain","graph_2024M01.graphml"
"0.48","0.48","0.04","0.220499970864169","1,2,3,4,2,5,6,6,4,6,1,6,2,1,7,1,8","0.000392913818359375","louvain","graph_2024M01.graphml"
"0.47","0.49","0.04","0.216741276400367","1,2,3,4,2,5,6,6,4,6,1,6,2,1,7,1,8","0.000483989715576172","louvain","graph_2024M01.graphml"
"0.46","0.5","0.04","0.218394965471152","1,2,3,4,2,5,6,6,4,6,1,6,2,1,7,1,8","0.000422000885009766","louvain","graph_2024M01.graphml"
"0.45","0.51","0.04","0.220842879215728","1,2,3,4,2,5,6,6,4,6,1,6,2,1,7,1,8","0.000442981719970703","louvain","graph_2024M01.graphml"
"0.44","0.52","0.04","0.220016803192607","1,2,3,1,4,5,6,6,2,6,1,6,4,1,7,1,8","0.000417947769165039","louvain","graph_2024M01.graphml"
"0.43","0.53","0.04","0.218877320054323","1,2,3,1,1,4,5,5,2,5,1,5,6,1,7,6,8","0.000512838363647461","louvain","graph_2024M01.graphml"
"0.42","0.54","0.04","0.217443395765074","1,2,3,1,1,4,5,5,2,5,1,5,6,1,7,6,8","0.000472784042358398","louvain","graph_2024M01.graphml"
"0.41","0.55","0.04","0.21906957633309","1,2,1,1,1,3,4,4,5,2,1,6,4,1,7,4,8","0.000401973724365234","louvain","graph_2024M01.graphml"
"0.4","0.56","0.04","0.219266666666667","1,2,1,1,1,3,4,5,2,4,1,4,5,1,6,5,7","0.000410079956054688","louvain","graph_2024M01.graphml"
"0.39","0.57","0.04","0.219266666666667","1,2,1,1,1,3,4,5,2,4,1,4,5,1,6,5,7","0.000419139862060547","louvain","graph_2024M01.graphml"
"0.38","0.58","0.04","0.221240296478225","1,2,1,1,1,3,4,5,2,4,1,4,5,1,6,5,7","0.000422000885009766","louvain","graph_2024M01.graphml"
"0.37","0.59","0.04","0.219360075184758","1,2,1,1,1,3,4,5,2,4,1,4,5,1,6,5,7","0.000425100326538086","louvain","graph_2024M01.graphml"
"0.36","0.6","0.04","0.217342722212852","1,2,1,1,1,3,4,5,2,4,1,4,5,1,6,5,7","0.000428915023803711","louvain","graph_2024M01.graphml"
"0.35","0.61","0.04","0.210408448389218","1,2,1,1,1,3,4,5,2,4,1,4,5,1,6,5,7","0.000416994094848633","louvain","graph_2024M01.graphml"
"0.34","0.62","0.04","0.215890882871335","1,2,1,1,1,3,4,5,2,4,1,4,5,1,6,5,7","0.000425100326538086","louvain","graph_2024M01.graphml"
"0.33","0.63","0.04","0.213559590206084","1,2,1,1,1,3,4,5,2,4,1,4,5,1,6,5,7","0.0004119873046875","louvain","graph_2024M01.graphml"
"0.32","0.64","0.04","0.21041015625","1,2,1,1,1,3,4,5,2,4,1,4,5,1,6,5,7","0.000406026840209961","louvain","graph_2024M01.graphml"
"0.31","0.65","0.04","0.214285714285714","1,2,1,1,1,3,4,4,2,2,1,5,4,1,6,4,7","0.000445127487182617","louvain","graph_2024M01.graphml"
"0.3","0.66","0.04","0.216335162322817","1,2,1,1,1,3,4,4,2,2,1,5,4,1,6,4,7","0.000427961349487305","louvain","graph_2024M01.graphml"
"0.29","0.67","0.04","0.212691482554857","1,2,1,1,1,3,4,4,2,2,1,5,4,1,6,4,7","0.000432014465332031","louvain","graph_2024M01.graphml"
"0.28","0.68","0.04","0.210229568411387","1,2,1,1,3,4,5,5,2,3,1,5,5,1,6,3,7","0.000433921813964844","louvain","graph_2024M01.graphml"
"0.27","0.69","0.04","0.210229568411387","1,2,1,1,3,4,5,5,2,3,1,5,5,1,6,3,7","0.00046992301940918","louvain","graph_2024M01.graphml"
"0.26","0.7","0.04","0.206986961451247","1,2,1,1,3,4,5,5,2,3,1,5,6,1,7,3,8","0.000418901443481445","louvain","graph_2024M01.graphml"
"0.25","0.71","0.04","0.205800028344671","1,2,1,1,2,3,4,4,2,2,1,5,4,1,6,2,7","0.000432014465332031","louvain","graph_2024M01.graphml"
"0.24","0.72","0.04","0.205413631544749","1,2,1,1,3,4,5,5,2,3,1,5,6,1,7,3,8","0.000574111938476562","louvain","graph_2024M01.graphml"
"0.23","0.73","0.04","0.203572877230936","1,2,1,1,3,4,5,5,2,3,1,5,6,1,7,3,8","0.000432014465332031","louvain","graph_2024M01.graphml"
"0.22","0.74","0.04","0.208995918367347","1,2,1,1,3,4,3,5,2,3,1,5,6,1,7,5,8","0.000416040420532227","louvain","graph_2024M01.graphml"
"0.21","0.75","0.04","0.212916666666667","1,2,1,1,3,4,5,5,2,5,1,5,3,1,6,5,7","0.000432014465332031","louvain","graph_2024M01.graphml"
"0.2","0.76","0.04","0.212916666666667","1,2,1,1,3,4,5,5,2,5,1,5,3,1,6,5,7","0.000431060791015625","louvain","graph_2024M01.graphml"
"0.19","0.77","0.04","0.215698544000488","1,2,1,1,3,4,5,5,2,5,1,5,3,1,6,5,7","0.000524044036865234","louvain","graph_2024M01.graphml"
"0.18","0.78","0.04","0.21747071609709","1,2,1,1,3,4,5,5,2,5,1,5,3,1,6,5,7","0.000464916229248047","louvain","graph_2024M01.graphml"
"0.17","0.79","0.04","0.214846666069456","1,2,1,1,3,4,5,5,2,5,1,5,3,1,6,5,7","0.000468969345092773","louvain","graph_2024M01.graphml"
"0.16","0.8","0.04","0.209539810080351","1,2,1,1,1,3,4,5,2,4,4,5,6,1,7,4,8","0.000435113906860352","louvain","graph_2024M01.graphml"
"0.15","0.81","0.04","0.211515914095342","1,2,1,1,1,3,4,4,2,4,4,4,5,1,6,4,7","0.000437021255493164","louvain","graph_2024M01.graphml"
"0.14","0.82","0.04","0.224664894054439","1,2,1,1,1,3,4,4,2,4,4,5,6,1,7,4,8","0.000428915023803711","louvain","graph_2024M01.graphml"
"0.13","0.83","0.04","0.224664894054439","1,2,1,1,1,3,4,4,2,4,4,5,6,1,7,4,8","0.000439882278442383","louvain","graph_2024M01.graphml"
"0.12","0.84","0.04","0.222032335069444","1,2,1,1,1,3,4,4,2,4,4,5,6,1,7,4,8","0.000411033630371094","louvain","graph_2024M01.graphml"
"0.11","0.85","0.04","0.216660092044707","1,2,1,1,3,4,3,3,2,3,3,5,6,1,7,3,8","0.000427007675170898","louvain","graph_2024M01.graphml"
"0.1","0.86","0.04","0.222128229085124","1,2,1,1,3,4,3,3,2,3,3,5,6,1,7,3,8","0.00041508674621582","louvain","graph_2024M01.graphml"
"0.09","0.87","0.04","0.217036707012203","1,2,1,1,3,4,3,3,2,3,3,5,6,1,7,3,8","0.000427007675170898","louvain","graph_2024M01.graphml"
"0.08","0.88","0.04","0.214328623606305","1,2,1,1,3,4,3,3,2,3,3,5,6,1,7,3,8","0.000422000885009766","louvain","graph_2024M01.graphml"
"0.07","0.89","0.04","0.209291639174286","1,2,1,1,3,4,3,3,2,3,3,5,6,1,7,3,8","0.000442981719970703","louvain","graph_2024M01.graphml"
"0.06","0.9","0.04","0.207676106316247","1,2,1,1,3,4,3,3,2,3,3,5,6,1,7,3,8","0.000439882278442383","louvain","graph_2024M01.graphml"
"0.05","0.91","0.04","0.209754947103614","1,2,1,1,2,3,2,2,4,2,2,5,6,1,7,4,8","0.000428199768066406","louvain","graph_2024M01.graphml"
"0.04","0.92","0.04","0.208837664649341","1,2,1,1,2,3,2,2,4,2,2,5,6,1,7,6,8","0.000430107116699219","louvain","graph_2024M01.graphml"
"0.03","0.93","0.04","0.201756706120919","1,2,1,1,3,4,3,3,2,3,3,3,5,1,6,5,7","0.000436067581176758","louvain","graph_2024M01.graphml"
"0.02","0.94","0.04","0.205678745267712","1,2,1,1,3,4,3,3,2,3,3,3,5,1,6,5,7","0.000442981719970703","louvain","graph_2024M01.graphml"
"0.01","0.95","0.04","0.208194015775034","1,2,1,1,2,3,2,2,4,2,2,5,6,1,7,6,8","0.000431060791015625","louvain","graph_2024M01.graphml"
"0","0.96","0.04","0.206890495867769","1,2,3,1,2,4,2,2,5,2,2,6,3,1,7,3,8","0.000437021255493164","louvain","graph_2024M01.graphml"
"0.95","0","0.05","0.257852528402762","1,2,3,1,4,5,4,4,2,4,4,2,4,1,6,1,7","0.000411033630371094","louvain","graph_2024M01.graphml"
"0.94","0.01","0.05","0.259591836734694","1,2,3,1,1,4,5,5,2,5,5,2,5,1,6,1,7","0.000387907028198242","louvain","graph_2024M01.graphml"
"0.93","0.02","0.05","0.259591836734694","1,2,3,1,4,5,4,4,2,4,4,2,4,1,6,1,7","0.000392913818359375","louvain","graph_2024M01.graphml"
"0.92","0.03","0.05","0.262244323512854","1,2,3,1,4,5,4,4,2,6,4,2,4,1,7,1,8","0.000409126281738281","louvain","graph_2024M01.graphml"
"0.91","0.04","0.05","0.262244323512854","1,2,3,1,4,5,4,4,2,6,4,2,4,1,7,1,8","0.000382900238037109","louvain","graph_2024M01.graphml"
"0.9","0.05","0.05","0.244977777777778","1,2,3,1,4,5,4,4,2,4,1,2,4,1,6,1,7","0.000392913818359375","louvain","graph_2024M01.graphml"
"0.89","0.06","0.05","0.245955555555556","1,2,3,1,4,5,4,4,2,6,4,2,4,1,7,1,8","0.000396966934204102","louvain","graph_2024M01.graphml"
"0.88","0.07","0.05","0.242958340360938","1,2,3,1,4,5,4,4,2,6,4,2,4,1,7,4,8","0.000384092330932617","louvain","graph_2024M01.graphml"
"0.87","0.08","0.05","0.244832558884794","1,2,3,1,4,5,4,4,2,6,4,2,4,1,7,4,8","0.000394105911254883","louvain","graph_2024M01.graphml"
"0.86","0.09","0.05","0.265318262938727","1,2,3,1,4,5,4,4,2,6,4,7,4,1,8,4,9","0.00039219856262207","louvain","graph_2024M01.graphml"
"0.85","0.1","0.05","0.259991496598639","1,2,3,1,1,4,5,5,2,5,1,6,5,1,7,1,8","0.000390052795410156","louvain","graph_2024M01.graphml"
"0.84","0.11","0.05","0.263598615916955","1,2,3,1,1,4,5,5,2,5,1,6,5,1,7,5,8","0.000396966934204102","louvain","graph_2024M01.graphml"
"0.83","0.12","0.05","0.266712802768166","1,2,3,1,4,5,4,4,2,6,4,7,4,1,8,4,9","0.000461101531982422","louvain","graph_2024M01.graphml"
"0.82","0.13","0.05","0.259396971335857","1,2,3,1,1,4,5,5,2,5,1,6,5,1,7,5,8","0.000382900238037109","louvain","graph_2024M01.graphml"
"0.81","0.14","0.05","0.250387396694215","1,2,3,1,4,5,4,4,2,6,4,7,4,1,8,4,9","0.000396966934204102","louvain","graph_2024M01.graphml"
"0.8","0.15","0.05","0.249135802469136","1,2,3,1,4,5,4,4,2,6,4,7,4,1,8,4,9","0.000395059585571289","louvain","graph_2024M01.graphml"
"0.79","0.16","0.05","0.241434310018904","1,2,3,1,4,5,4,4,2,6,4,7,4,1,8,2,9","0.00038909912109375","louvain","graph_2024M01.graphml"
"0.78","0.17","0.05","0.22421052631579","1,2,3,1,4,5,4,4,2,6,4,7,4,1,8,2,9","0.000517845153808594","louvain","graph_2024M01.graphml"
"0.77","0.18","0.05","0.220323350694445","1,2,3,1,2,4,5,5,2,5,1,6,5,1,7,2,8","0.000403881072998047","louvain","graph_2024M01.graphml"
"0.76","0.19","0.05","0.232351103706789","1,2,3,1,2,4,5,5,2,6,5,7,5,1,8,2,9","0.000410079956054688","louvain","graph_2024M01.graphml"
"0.75","0.2","0.05","0.23795","1,2,3,1,2,4,5,5,2,5,1,6,5,1,7,2,8","0.000407934188842773","louvain","graph_2024M01.graphml"
"0.74","0.21","0.05","0.23795","1,2,3,1,2,4,5,5,2,5,1,6,5,1,7,2,8","0.000396966934204102","louvain","graph_2024M01.graphml"
"0.73","0.22","0.05","0.232967356141555","1,2,3,1,2,4,5,5,2,5,1,6,5,1,7,2,8","0.00037693977355957","louvain","graph_2024M01.graphml"
"0.72","0.23","0.05","0.235507587897069","1,2,3,1,2,4,5,6,2,5,5,6,5,1,7,6,8","0.000406980514526367","louvain","graph_2024M01.graphml"
"0.71","0.24","0.05","0.229567307692308","1,2,3,1,2,4,5,6,2,5,5,6,5,1,7,6,8","0.000402927398681641","louvain","graph_2024M01.graphml"
"0.7","0.25","0.05","0.229567307692308","1,2,3,1,2,4,5,6,2,5,5,6,5,1,7,6,8","0.00049901008605957","louvain","graph_2024M01.graphml"
"0.69","0.26","0.05","0.229567307692308","1,2,3,1,2,4,5,6,2,5,5,6,5,1,7,6,8","0.000406980514526367","louvain","graph_2024M01.graphml"
"0.68","0.27","0.05","0.228417586329655","1,2,3,1,2,4,5,6,2,5,5,6,5,1,7,6,8","0.000473976135253906","louvain","graph_2024M01.graphml"
"0.67","0.28","0.05","0.223423954212608","1,2,3,2,2,4,5,6,2,5,1,6,5,1,7,6,8","0.000406980514526367","louvain","graph_2024M01.graphml"
"0.66","0.29","0.05","0.225062900738576","1,2,3,2,2,4,5,6,2,5,1,6,5,1,7,6,8","0.000396966934204102","louvain","graph_2024M01.graphml"
"0.65","0.3","0.05","0.229352678571429","1,2,3,2,2,4,5,6,2,5,1,6,5,1,7,6,8","0.000411033630371094","louvain","graph_2024M01.graphml"
"0.64","0.31","0.05","0.225293005671077","1,2,3,4,2,5,2,6,4,2,1,6,2,1,7,6,8","0.00040888786315918","louvain","graph_2024M01.graphml"
"0.63","0.32","0.05","0.225293005671077","1,2,3,4,2,5,2,6,4,2,1,6,2,1,7,6,8","0.000483989715576172","louvain","graph_2024M01.graphml"
"0.62","0.33","0.05","0.214988509049124","1,2,3,4,2,5,6,2,4,6,1,2,2,1,7,2,8","0.000422954559326172","louvain","graph_2024M01.graphml"
"0.61","0.34","0.05","0.220805802930193","1,2,3,2,2,4,5,6,2,5,1,6,6,1,7,6,8","0.000427961349487305","louvain","graph_2024M01.graphml"
"0.6","0.35","0.05","0.219657127245407","1,2,3,4,4,5,2,6,4,2,1,6,2,1,7,6,8","0.000416040420532227","louvain","graph_2024M01.graphml"
"0.59","0.36","0.05","0.211481261154075","1,2,3,2,2,4,5,6,2,5,1,5,6,1,7,6,8","0.000431060791015625","louvain","graph_2024M01.graphml"
"0.58","0.37","0.05","0.209970083246618","1,2,3,2,2,4,5,5,2,5,1,5,5,1,6,5,7","0.000413894653320312","louvain","graph_2024M01.graphml"
"0.57","0.38","0.05","0.206956413912828","1,2,3,4,4,5,2,6,4,2,1,2,2,1,7,6,8","0.000416994094848633","louvain","graph_2024M01.graphml"
"0.56","0.39","0.05","0.215710059171598","1,2,3,4,2,5,6,7,4,6,1,6,2,1,8,7,9","0.000474929809570312","louvain","graph_2024M01.graphml"
"0.55","0.4","0.05","0.214760212108851","1,2,3,4,4,5,2,6,4,2,1,2,2,1,7,6,8","0.000432014465332031","louvain","graph_2024M01.graphml"
"0.54","0.41","0.05","0.217860422405877","1,2,3,4,4,5,2,6,4,2,1,2,6,1,7,6,8","0.00040888786315918","louvain","graph_2024M01.graphml"
"0.53","0.42","0.05","0.21490756967607","1,2,3,4,4,5,2,6,4,2,1,2,6,1,7,6,8","0.000419855117797852","louvain","graph_2024M01.graphml"
"0.52","0.43","0.05","0.213305898491084","1,2,3,4,4,5,2,6,4,2,1,2,6,1,7,6,8","0.000425100326538086","louvain","graph_2024M01.graphml"
"0.51","0.44","0.05","0.21347238755758","1,2,3,1,4,5,6,6,4,2,1,6,6,1,7,6,8","0.0004119873046875","louvain","graph_2024M01.graphml"
"0.5","0.45","0.05","0.210548502281293","1,2,3,1,1,4,5,5,6,2,1,7,5,1,8,5,9","0.000416994094848633","louvain","graph_2024M01.graphml"
"0.49","0.46","0.05","0.210548502281293","1,2,3,1,1,4,5,5,6,2,1,7,5,1,8,5,9","0.000403165817260742","louvain","graph_2024M01.graphml"
"0.48","0.47","0.05","0.210991743291424","1,2,1,1,1,3,4,4,5,2,1,6,4,1,7,4,8","0.000665187835693359","louvain","graph_2024M01.graphml"
"0.47","0.48","0.05","0.210991743291424","1,2,1,1,1,3,4,4,5,2,1,6,4,1,7,4,8","0.000406026840209961","louvain","graph_2024M01.graphml"
"0.46","0.49","0.05","0.217051883689312","1,2,1,1,1,3,4,5,2,4,1,4,5,5,6,5,7","0.000472784042358398","louvain","graph_2024M01.graphml"
"0.45","0.5","0.05","0.217051883689312","1,2,1,1,1,3,4,5,2,4,1,4,5,5,6,5,7","0.000437021255493164","louvain","graph_2024M01.graphml"
"0.44","0.51","0.05","0.219360075184758","1,2,1,1,1,3,4,5,2,4,1,4,5,1,6,5,7","0.000521183013916016","louvain","graph_2024M01.graphml"
"0.43","0.52","0.05","0.212341311134235","1,2,1,1,1,3,4,5,2,4,1,4,5,1,6,5,7","0.000423192977905273","louvain","graph_2024M01.graphml"
"0.42","0.53","0.05","0.210408448389218","1,2,1,1,1,3,4,5,2,4,1,4,5,1,6,5,7","0.000433206558227539","louvain","graph_2024M01.graphml"
"0.41","0.54","0.05","0.208081463751065","1,2,1,1,1,3,4,5,2,4,1,4,5,1,6,5,7","0.000403881072998047","louvain","graph_2024M01.graphml"
"0.4","0.55","0.05","0.209982374619452","1,2,1,1,1,3,4,5,2,4,1,4,5,1,6,5,7","0.000450849533081055","louvain","graph_2024M01.graphml"
"0.39","0.56","0.05","0.211344335843615","1,2,1,1,1,3,4,4,2,2,1,5,4,1,6,4,7","0.000408172607421875","louvain","graph_2024M01.graphml"
"0.38","0.57","0.05","0.206815394960642","1,2,1,1,1,3,4,5,2,4,1,4,5,1,6,5,7","0.000432968139648438","louvain","graph_2024M01.graphml"
"0.37","0.58","0.05","0.206815394960642","1,2,1,1,1,3,4,5,2,4,1,4,5,1,6,5,7","0.000425815582275391","louvain","graph_2024M01.graphml"
"0.36","0.59","0.05","0.213049042116753","1,2,1,1,1,3,4,5,2,4,1,4,5,1,6,5,7","0.000529050827026367","louvain","graph_2024M01.graphml"
"0.35","0.6","0.05","0.213049042116753","1,2,1,1,1,3,4,5,2,4,1,4,5,1,6,5,7","0.000424861907958984","louvain","graph_2024M01.graphml"
"0.34","0.61","0.05","0.209566478286734","1,2,1,1,1,3,4,5,2,4,1,4,5,1,6,5,7","0.000419855117797852","louvain","graph_2024M01.graphml"
"0.33","0.62","0.05","0.205242210190398","1,2,1,1,3,4,5,5,2,3,1,5,6,1,7,3,8","0.000699043273925781","louvain","graph_2024M01.graphml"
"0.32","0.63","0.05","0.199498269896194","1,2,1,1,2,3,4,4,2,2,1,4,5,1,6,2,7","0.000429153442382812","louvain","graph_2024M01.graphml"
"0.31","0.64","0.05","0.201228373702422","1,2,1,1,3,4,5,5,2,3,1,5,6,1,7,3,8","0.00041508674621582","louvain","graph_2024M01.graphml"
"0.3","0.65","0.05","0.197240176464553","1,2,1,1,2,3,4,4,2,2,1,4,5,1,6,2,7","0.000514984130859375","louvain","graph_2024M01.graphml"
"0.29","0.66","0.05","0.19939468554427","1,2,1,1,3,4,5,5,2,3,1,5,6,1,7,3,8","0.000423908233642578","louvain","graph_2024M01.graphml"
"0.28","0.67","0.05","0.19810217514785","1,2,1,1,3,4,5,5,2,3,1,5,6,1,7,3,8","0.000437021255493164","louvain","graph_2024M01.graphml"
"0.27","0.68","0.05","0.204851028910491","1,2,1,1,3,4,3,5,2,3,1,5,6,1,7,5,8","0.00043797492980957","louvain","graph_2024M01.graphml"
"0.26","0.69","0.05","0.20899784650916","1,2,1,1,3,4,5,5,2,5,1,5,3,1,6,5,7","0.000452995300292969","louvain","graph_2024M01.graphml"
"0.25","0.7","0.05","0.212916666666667","1,2,1,1,3,4,5,5,2,5,1,5,3,1,6,5,7","0.000432014465332031","louvain","graph_2024M01.graphml"
"0.24","0.71","0.05","0.209367254919526","1,2,1,1,3,4,5,5,2,5,1,5,3,1,6,5,7","0.000447988510131836","louvain","graph_2024M01.graphml"
"0.23","0.72","0.05","0.209367254919526","1,2,1,1,3,4,5,5,2,5,1,5,3,1,6,5,7","0.000446796417236328","louvain","graph_2024M01.graphml"
"0.22","0.73","0.05","0.212178048204159","1,2,1,1,3,4,5,5,2,5,1,5,3,1,6,5,7","0.000510931015014648","louvain","graph_2024M01.graphml"
"0.21","0.74","0.05","0.212178048204159","1,2,1,1,3,4,5,5,2,5,1,5,3,1,6,5,7","0.000459194183349609","louvain","graph_2024M01.graphml"
"0.2","0.75","0.05","0.210884353741497","1,2,1,1,3,4,5,5,2,5,5,5,3,1,6,5,7","0.000442028045654297","louvain","graph_2024M01.graphml"
"0.19","0.76","0.05","0.210884353741497","1,2,1,1,3,4,5,5,2,5,5,5,3,1,6,5,7","0.000417947769165039","louvain","graph_2024M01.graphml"
"0.18","0.77","0.05","0.210666232638889","1,2,1,1,3,4,5,5,2,5,5,6,3,1,7,5,8","0.000416040420532227","louvain","graph_2024M01.graphml"
"0.17","0.78","0.05","0.217066106918907","1,2,1,1,1,3,4,4,2,4,4,5,6,1,7,4,8","0.000445842742919922","louvain","graph_2024M01.graphml"
"0.16","0.79","0.05","0.21329456177941","1,2,1,1,3,4,3,3,2,3,3,5,6,1,7,3,8","0.000440120697021484","louvain","graph_2024M01.graphml"
"0.15","0.8","0.05","0.209501519458877","1,2,1,1,3,4,3,3,2,3,3,5,6,1,7,3,8","0.000456094741821289","louvain","graph_2024M01.graphml"
"0.14","0.81","0.05","0.206983938132064","1,2,1,1,3,4,3,3,2,3,3,5,6,1,7,3,8","0.000439882278442383","louvain","graph_2024M01.graphml"
"0.13","0.82","0.05","0.200086349739784","1,2,3,1,4,5,4,4,2,4,4,4,3,1,6,4,7","0.000442028045654297","louvain","graph_2024M01.graphml"
"0.12","0.83","0.05","0.209393099974817","1,2,3,1,4,5,4,4,2,4,4,6,3,1,7,4,8","0.000425100326538086","louvain","graph_2024M01.graphml"
"0.11","0.84","0.05","0.202488713191528","1,2,3,1,4,5,4,4,2,4,4,4,3,1,6,3,7","0.000432968139648438","louvain","graph_2024M01.graphml"
"0.1","0.85","0.05","0.202197535762305","1,2,3,1,2,4,2,2,5,2,2,6,3,1,7,3,8","0.000533819198608398","louvain","graph_2024M01.graphml"
"0.09","0.86","0.05","0.202197535762305","1,2,3,1,2,4,2,2,5,2,2,6,3,1,7,3,8","0.000436782836914062","louvain","graph_2024M01.graphml"
"0.08","0.87","0.05","0.205401481356788","1,2,3,1,2,4,2,2,5,2,2,6,3,1,7,3,8","0.000458955764770508","louvain","graph_2024M01.graphml"
"0.07","0.88","0.05","0.201704545454545","1,2,3,1,2,4,2,2,5,2,2,6,3,1,7,3,8","0.000463962554931641","louvain","graph_2024M01.graphml"
"0.06","0.89","0.05","0.194600847648492","1,2,3,1,2,4,5,5,2,6,5,5,3,6,7,3,8","0.000429868698120117","louvain","graph_2024M01.graphml"
"0.05","0.9","0.05","0.197477883288694","1,2,3,1,2,4,5,5,2,6,5,5,3,6,7,3,8","0.000456094741821289","louvain","graph_2024M01.graphml"
"0.04","0.91","0.05","0.199189607673591","1,2,3,1,2,4,5,5,2,6,5,5,3,6,7,3,8","0.000436782836914062","louvain","graph_2024M01.graphml"
"0.03","0.92","0.05","0.199288888888889","1,2,3,1,2,1,4,4,2,5,4,4,3,5,6,3,7","0.00045013427734375","louvain","graph_2024M01.graphml"
"0.02","0.93","0.05","0.203720235207359","1,2,3,1,4,1,4,4,2,4,4,3,3,1,5,4,6","0.000432014465332031","louvain","graph_2024M01.graphml"
"0.01","0.94","0.05","0.203504924592182","1,2,3,1,2,1,2,2,3,2,2,4,5,1,6,5,7","0.000433921813964844","louvain","graph_2024M01.graphml"
"0","0.95","0.05","0.204639499628154","1,2,3,1,3,1,2,2,3,2,2,4,4,1,5,2,6","0.000447988510131836","louvain","graph_2024M01.graphml"
"0.94","0","0.06","0.236850756081525","1,2,3,1,4,5,4,4,2,6,4,2,4,1,7,4,8","0.000432014465332031","louvain","graph_2024M01.graphml"
"0.93","0.01","0.06","0.236850756081525","1,2,3,1,4,5,4,4,2,6,4,2,4,1,7,4,8","0.00038909912109375","louvain","graph_2024M01.graphml"
"0.92","0.02","0.06","0.230171446883512","1,2,3,1,4,5,4,4,2,6,4,2,4,1,7,4,8","0.000390052795410156","louvain","graph_2024M01.graphml"
"0.91","0.03","0.06","0.238046875","1,2,3,1,4,5,4,4,2,6,4,2,4,1,7,4,8","0.000418901443481445","louvain","graph_2024M01.graphml"
"0.9","0.04","0.06","0.257947452460444","1,2,3,1,4,5,4,4,2,6,4,7,4,1,8,4,9","0.00044703483581543","louvain","graph_2024M01.graphml"
"0.89","0.05","0.06","0.257854671280277","1,2,3,1,4,5,4,4,2,6,4,7,4,1,8,4,9","0.000406026840209961","louvain","graph_2024M01.graphml"
"0.88","0.06","0.06","0.249677169421488","1,2,3,1,4,5,4,4,2,6,4,7,4,1,8,4,9","0.000417947769165039","louvain","graph_2024M01.graphml"
"0.87","0.07","0.06","0.249677169421488","1,2,3,1,4,5,4,4,2,6,4,7,4,1,8,4,9","0.000414133071899414","louvain","graph_2024M01.graphml"
"0.86","0.08","0.06","0.243509238014733","1,2,3,1,4,5,4,4,2,6,4,7,4,1,8,4,9","0.000490188598632812","louvain","graph_2024M01.graphml"
"0.85","0.09","0.06","0.22","1,2,3,1,1,4,5,5,2,5,5,6,5,1,7,2,8","0.000369787216186523","louvain","graph_2024M01.graphml"
"0.84","0.1","0.06","0.22421052631579","1,2,3,1,4,5,4,4,2,6,4,7,4,1,8,2,9","0.000396013259887695","louvain","graph_2024M01.graphml"
"0.83","0.11","0.06","0.224093952598576","1,2,3,1,2,4,5,5,2,5,1,6,5,1,7,2,8","0.000396966934204102","louvain","graph_2024M01.graphml"
"0.82","0.12","0.06","0.227665556018326","1,2,3,1,2,4,5,5,2,5,1,6,5,1,7,2,8","0.000396013259887695","louvain","graph_2024M01.graphml"
"0.81","0.13","0.06","0.234414855626977","1,2,3,1,2,4,5,5,2,5,1,6,5,1,7,2,8","0.000404119491577148","louvain","graph_2024M01.graphml"
"0.8","0.14","0.06","0.22945","1,2,3,1,2,4,5,5,2,5,1,6,5,1,7,2,8","0.000399112701416016","louvain","graph_2024M01.graphml"
"0.79","0.15","0.06","0.223066366042545","1,2,3,1,2,4,5,5,2,5,1,6,5,1,7,2,8","0.000409841537475586","louvain","graph_2024M01.graphml"
"0.78","0.16","0.06","0.230040531624093","1,2,3,1,2,4,5,5,2,5,1,6,5,1,7,2,8","0.000470876693725586","louvain","graph_2024M01.graphml"
"0.77","0.17","0.06","0.230040531624093","1,2,3,1,2,4,5,5,2,5,1,6,5,1,7,2,8","0.000405073165893555","louvain","graph_2024M01.graphml"
"0.76","0.18","0.06","0.229567307692308","1,2,3,1,2,4,5,6,2,5,5,6,5,1,7,6,8","0.000400066375732422","louvain","graph_2024M01.graphml"
"0.75","0.19","0.06","0.224716553287982","1,2,3,1,2,4,5,6,2,5,5,6,5,1,7,6,8","0.000424861907958984","louvain","graph_2024M01.graphml"
"0.74","0.2","0.06","0.223643986374356","1,2,3,1,2,4,5,6,2,5,5,6,5,1,7,6,8","0.000542163848876953","louvain","graph_2024M01.graphml"
"0.73","0.21","0.06","0.219421487603306","1,2,3,2,2,4,5,6,2,5,1,6,5,1,7,6,8","0.000411033630371094","louvain","graph_2024M01.graphml"
"0.72","0.22","0.06","0.219421487603306","1,2,3,2,2,4,5,6,2,5,1,6,5,1,7,6,8","0.00041508674621582","louvain","graph_2024M01.graphml"
"0.71","0.23","0.06","0.219746492346939","1,2,3,2,2,4,5,6,2,5,1,6,5,1,7,6,8","0.000409841537475586","louvain","graph_2024M01.graphml"
"0.7","0.24","0.06","0.221799015081564","1,2,3,2,2,4,5,5,2,6,1,5,5,1,7,5,8","0.000426054000854492","louvain","graph_2024M01.graphml"
"0.69","0.25","0.06","0.214328922495274","1,2,3,2,2,4,5,6,2,5,1,6,5,1,7,6,8","0.000386953353881836","louvain","graph_2024M01.graphml"
"0.68","0.26","0.06","0.220805802930193","1,2,3,2,2,4,5,6,2,5,1,6,6,1,7,6,8","0.000416040420532227","louvain","graph_2024M01.graphml"
"0.67","0.27","0.06","0.215768660405339","1,2,3,2,2,4,5,6,2,5,1,6,5,1,7,6,8","0.000453948974609375","louvain","graph_2024M01.graphml"
"0.66","0.28","0.06","0.221882558452029","1,2,3,4,4,5,2,6,4,2,1,6,6,1,7,6,8","0.000544071197509766","louvain","graph_2024M01.graphml"
"0.65","0.29","0.06","0.218157181571816","1,2,3,4,4,5,2,6,4,2,1,6,6,1,7,6,8","0.000416994094848633","louvain","graph_2024M01.graphml"
"0.64","0.3","0.06","0.20944","1,2,3,4,4,5,2,6,4,2,1,6,6,1,7,6,8","0.000428915023803711","louvain","graph_2024M01.graphml"
"0.63","0.31","0.06","0.20068359375","1,2,3,2,2,4,5,6,2,5,1,5,6,1,7,6,8","0.000437021255493164","louvain","graph_2024M01.graphml"
"0.62","0.32","0.06","0.204134366925065","1,2,3,4,4,5,2,2,4,2,1,2,2,1,6,2,7","0.00042414665222168","louvain","graph_2024M01.graphml"
"0.61","0.33","0.06","0.210177514792899","1,2,3,4,4,5,2,2,4,2,1,2,2,1,6,2,7","0.000427007675170898","louvain","graph_2024M01.graphml"
"0.6","0.34","0.06","0.198739329526825","1,2,3,4,4,5,2,6,4,2,1,2,6,1,7,6,8","0.000422954559326172","louvain","graph_2024M01.graphml"
"0.59","0.35","0.06","0.207873799725652","1,2,3,4,4,5,2,6,4,2,1,2,6,1,7,6,8","0.000612974166870117","louvain","graph_2024M01.graphml"
"0.58","0.36","0.06","0.205471539592523","1,2,3,1,2,4,5,6,2,5,1,5,6,1,7,6,8","0.000411033630371094","louvain","graph_2024M01.graphml"
"0.57","0.37","0.06","0.203483256560219","1,2,3,1,1,4,5,6,2,5,1,5,6,1,7,6,8","0.000416040420532227","louvain","graph_2024M01.graphml"
"0.56","0.38","0.06","0.206632653061224","1,2,3,1,1,4,2,5,6,2,1,5,5,1,7,5,8","0.000414848327636719","louvain","graph_2024M01.graphml"
"0.55","0.39","0.06","0.206605832176155","1,2,1,1,1,3,2,4,5,2,1,6,4,1,7,4,8","0.000439882278442383","louvain","graph_2024M01.graphml"
"0.54","0.4","0.06","0.207714378268314","1,2,1,1,1,3,4,4,5,2,1,6,4,4,7,4,8","0.000422000885009766","louvain","graph_2024M01.graphml"
"0.53","0.41","0.06","0.204437545653762","1,2,1,1,1,3,2,4,5,2,1,6,4,4,7,4,8","0.000487089157104492","louvain","graph_2024M01.graphml"
"0.52","0.42","0.06","0.204437545653762","1,2,1,1,1,3,2,4,5,2,1,6,4,4,7,4,8","0.000450849533081055","louvain","graph_2024M01.graphml"
"0.51","0.43","0.06","0.206392832409972","1,2,1,1,1,3,4,5,2,4,1,4,5,5,6,5,7","0.000618934631347656","louvain","graph_2024M01.graphml"
"0.5","0.44","0.06","0.208614437510541","1,2,1,1,1,3,4,5,2,4,1,4,5,1,6,5,7","0.000441074371337891","louvain","graph_2024M01.graphml"
"0.49","0.45","0.06","0.209997534516765","1,2,1,1,1,3,4,5,2,4,1,4,5,1,6,5,7","0.000436067581176758","louvain","graph_2024M01.graphml"
"0.48","0.46","0.06","0.206600673455313","1,2,1,1,1,3,4,4,2,4,1,4,4,1,5,1,6","0.000427961349487305","louvain","graph_2024M01.graphml"
"0.47","0.47","0.06","0.208081463751065","1,2,1,1,1,3,4,5,2,4,1,4,5,1,6,5,7","0.000459909439086914","louvain","graph_2024M01.graphml"
"0.46","0.48","0.06","0.209982374619452","1,2,1,1,1,3,4,5,2,4,1,4,5,1,6,5,7","0.000427007675170898","louvain","graph_2024M01.graphml"
"0.45","0.49","0.06","0.206815394960642","1,2,1,1,1,3,4,5,2,4,1,4,5,1,6,5,7","0.000425100326538086","louvain","graph_2024M01.graphml"
"0.44","0.5","0.06","0.206815394960642","1,2,1,1,1,3,4,5,2,4,1,4,5,1,6,5,7","0.000427007675170898","louvain","graph_2024M01.graphml"
"0.43","0.51","0.06","0.20330078125","1,2,1,1,1,3,4,5,2,4,1,4,5,1,6,5,7","0.000432968139648438","louvain","graph_2024M01.graphml"
"0.42","0.52","0.06","0.205142548512789","1,2,1,1,1,3,4,5,2,4,1,4,5,1,6,5,7","0.000422954559326172","louvain","graph_2024M01.graphml"
"0.41","0.53","0.06","0.206048402273326","1,2,1,1,1,3,4,5,2,4,1,4,5,1,6,5,7","0.000482797622680664","louvain","graph_2024M01.graphml"
"0.4","0.54","0.06","0.200826446280992","1,2,1,1,1,3,4,5,2,4,1,4,5,1,6,5,7","0.00043797492980957","louvain","graph_2024M01.graphml"
"0.39","0.55","0.06","0.199485312138931","1,2,1,1,3,4,5,5,2,3,1,5,6,1,7,3,8","0.000430107116699219","louvain","graph_2024M01.graphml"
"0.38","0.56","0.06","0.200916955017301","1,2,1,1,3,4,5,5,2,3,1,5,5,1,6,3,7","0.000445842742919922","louvain","graph_2024M01.graphml"
"0.37","0.57","0.06","0.201228373702422","1,2,1,1,3,4,5,5,2,3,1,5,6,1,7,3,8","0.0004119873046875","louvain","graph_2024M01.graphml"
"0.36","0.58","0.06","0.198368728839643","1,2,1,1,3,4,5,6,2,3,1,5,6,1,7,6,8","0.00043797492980957","louvain","graph_2024M01.graphml"
"0.35","0.59","0.06","0.198539721623747","1,2,1,1,3,4,5,5,2,3,1,6,5,1,7,3,8","0.000451087951660156","louvain","graph_2024M01.graphml"
"0.34","0.6","0.06","0.200175056150086","1,2,1,1,3,4,5,5,2,5,1,6,3,1,7,5,8","0.000504970550537109","louvain","graph_2024M01.graphml"
"0.33","0.61","0.06","0.198969480776853","1,2,1,1,3,4,5,6,2,3,1,5,6,1,7,6,8","0.000451087951660156","louvain","graph_2024M01.graphml"
"0.32","0.62","0.06","0.19439243285124","1,2,1,1,3,4,5,5,2,3,1,5,6,1,7,3,8","0.000433921813964844","louvain","graph_2024M01.graphml"
"0.31","0.63","0.06","0.195124996098749","1,2,1,1,3,4,3,5,2,3,1,5,6,1,7,5,8","0.000610113143920898","louvain","graph_2024M01.graphml"
"0.3","0.64","0.06","0.209367254919526","1,2,1,1,3,4,5,5,2,5,1,5,3,1,6,5,7","0.000447988510131836","louvain","graph_2024M01.graphml"
"0.29","0.65","0.06","0.209367254919526","1,2,1,1,3,4,5,5,2,5,1,5,3,1,6,5,7","0.000470161437988281","louvain","graph_2024M01.graphml"
"0.28","0.66","0.06","0.206698960302457","1,2,1,1,3,4,5,5,2,5,1,5,3,1,6,5,7","0.000455141067504883","louvain","graph_2024M01.graphml"
"0.27","0.67","0.06","0.203520818115413","1,2,3,1,4,5,4,6,2,4,1,6,3,1,7,4,8","0.000421047210693359","louvain","graph_2024M01.graphml"
"0.26","0.68","0.06","0.202708112899997","1,2,3,1,4,5,4,6,2,4,1,6,3,1,7,4,8","0.000430107116699219","louvain","graph_2024M01.graphml"
"0.25","0.69","0.06","0.204711514235324","1,2,3,1,3,4,5,5,2,5,1,5,3,1,6,5,7","0.00046086311340332","louvain","graph_2024M01.graphml"
"0.24","0.7","0.06","0.202327579263873","1,2,3,1,1,4,5,5,2,5,5,6,3,1,7,5,8","0.000447988510131836","louvain","graph_2024M01.graphml"
"0.23","0.71","0.06","0.197015121630506","1,2,3,1,1,4,5,5,2,5,5,6,3,1,7,5,8","0.000432968139648438","louvain","graph_2024M01.graphml"
"0.22","0.72","0.06","0.193972553821039","1,2,3,1,3,4,5,5,2,5,5,6,3,1,7,5,8","0.000446081161499023","louvain","graph_2024M01.graphml"
"0.21","0.73","0.06","0.1969625","1,2,3,1,3,4,5,5,2,5,5,6,3,1,7,5,8","0.000432968139648438","louvain","graph_2024M01.graphml"
"0.2","0.74","0.06","0.203082288622867","1,2,3,1,4,5,4,4,2,4,4,6,3,1,7,4,8","0.000444889068603516","louvain","graph_2024M01.graphml"
"0.19","0.75","0.06","0.195578309911243","1,2,3,1,4,5,4,4,2,4,4,4,3,1,6,3,7","0.000458002090454102","louvain","graph_2024M01.graphml"
"0.18","0.76","0.06","0.201037064169776","1,2,3,1,4,5,4,4,2,4,4,6,3,1,7,4,8","0.000561952590942383","louvain","graph_2024M01.graphml"
"0.17","0.77","0.06","0.201623952741403","1,2,3,1,4,5,4,4,2,4,4,6,3,1,7,3,8","0.000456094741821289","louvain","graph_2024M01.graphml"
"0.16","0.78","0.06","0.197458085451595","1,2,3,1,4,5,4,4,2,4,4,6,3,1,7,3,8","0.000439882278442383","louvain","graph_2024M01.graphml"
"0.15","0.79","0.06","0.196330589849108","1,2,3,1,2,4,2,2,5,2,2,6,3,1,7,3,8","0.000435829162597656","louvain","graph_2024M01.graphml"
"0.14","0.8","0.06","0.200319838397441","1,2,3,1,2,4,2,2,5,2,2,6,3,1,7,3,8","0.000438928604125977","louvain","graph_2024M01.graphml"
"0.13","0.81","0.06","0.196446280991736","1,2,3,1,2,4,2,2,5,2,2,6,3,1,7,3,8","0.00046086311340332","louvain","graph_2024M01.graphml"
"0.12","0.82","0.06","0.195706476116378","1,2,3,1,2,4,2,2,5,2,2,6,3,1,7,3,8","0.00043797492980957","louvain","graph_2024M01.graphml"
"0.11","0.83","0.06","0.194774881759178","1,2,3,1,4,5,2,2,4,2,2,3,3,1,6,2,7","0.000425100326538086","louvain","graph_2024M01.graphml"
"0.1","0.84","0.06","0.205501234567901","1,2,3,1,2,1,2,2,4,2,2,5,3,1,6,3,7","0.000429153442382812","louvain","graph_2024M01.graphml"
"0.09","0.85","0.06","0.20418599235382","1,2,3,1,4,1,2,2,4,2,2,3,3,1,5,2,6","0.000432968139648438","louvain","graph_2024M01.graphml"
"0.08","0.86","0.06","0.203504924592182","1,2,3,1,2,1,2,2,3,2,2,4,5,1,6,5,7","0.000434160232543945","louvain","graph_2024M01.graphml"
"0.07","0.87","0.06","0.199517958412098","1,2,3,1,4,1,4,4,3,4,4,5,2,1,6,4,7","0.00044703483581543","louvain","graph_2024M01.graphml"
"0.06","0.88","0.06","0.198309049715412","1,2,3,1,2,1,2,2,4,2,2,5,3,1,6,4,7","0.000532865524291992","louvain","graph_2024M01.graphml"
"0.05","0.89","0.06","0.192589659046952","1,2,3,1,2,1,4,4,2,5,4,4,3,5,6,3,7","0.000441789627075195","louvain","graph_2024M01.graphml"
"0.04","0.9","0.06","0.191800129273197","1,2,3,1,4,1,4,4,3,4,4,5,2,1,6,4,7","0.000443935394287109","louvain","graph_2024M01.graphml"
"0.03","0.91","0.06","0.191638537776501","1,2,3,1,4,1,4,4,2,4,4,5,3,1,6,4,7","0.000463008880615234","louvain","graph_2024M01.graphml"
"0.02","0.92","0.06","0.193229361391515","1,2,3,1,4,1,2,2,4,2,2,5,3,1,6,2,7","0.000435829162597656","louvain","graph_2024M01.graphml"
"0.01","0.93","0.06","0.195155897130652","1,2,3,1,2,1,2,2,4,2,2,5,3,1,6,4,7","0.000548124313354492","louvain","graph_2024M01.graphml"
"0","0.94","0.06","0.194860474802166","1,2,3,1,4,1,5,5,2,5,5,4,3,1,6,5,7","0.000449895858764648","louvain","graph_2024M01.graphml"
"0.93","0","0.07","0.234641300039635","1,2,3,1,4,5,4,4,2,6,4,7,4,1,8,4,9","0.000424861907958984","louvain","graph_2024M01.graphml"
"0.92","0.01","0.07","0.218753773698829","1,2,3,1,4,5,4,4,2,6,4,7,4,1,8,4,9","0.000413894653320312","louvain","graph_2024M01.graphml"
"0.91","0.02","0.07","0.223347668628339","1,2,3,1,1,4,5,5,2,5,5,6,5,1,7,2,8","0.000391960144042969","louvain","graph_2024M01.graphml"
"0.9","0.03","0.07","0.223578559027778","1,2,3,1,4,5,4,4,2,4,1,6,4,1,7,2,8","0.000401020050048828","louvain","graph_2024M01.graphml"
"0.89","0.04","0.07","0.224093952598576","1,2,3,1,2,4,5,5,2,5,1,6,5,1,7,2,8","0.000404119491577148","louvain","graph_2024M01.graphml"
"0.88","0.05","0.07","0.227665556018326","1,2,3,1,2,4,5,5,2,5,1,6,5,1,7,2,8","0.000420808792114258","louvain","graph_2024M01.graphml"
"0.87","0.06","0.07","0.21635","1,2,3,1,2,4,5,5,2,5,1,6,5,1,7,2,8","0.000410079956054688","louvain","graph_2024M01.graphml"
"0.86","0.07","0.07","0.223066366042545","1,2,3,1,2,4,5,5,2,5,1,6,5,1,7,2,8","0.000426054000854492","louvain","graph_2024M01.graphml"
"0.85","0.08","0.07","0.223066366042545","1,2,3,1,2,4,5,5,2,5,1,6,5,1,7,2,8","0.000402927398681641","louvain","graph_2024M01.graphml"
"0.84","0.09","0.07","0.226595540176855","1,2,3,1,2,4,5,5,2,5,5,6,5,1,7,2,8","0.000524044036865234","louvain","graph_2024M01.graphml"
"0.83","0.1","0.07","0.221839947214629","1,2,3,1,2,4,5,5,2,5,5,6,5,1,7,2,8","0.000414848327636719","louvain","graph_2024M01.graphml"
"0.82","0.11","0.07","0.221839947214629","1,2,3,1,2,4,5,5,2,5,5,6,5,1,7,2,8","0.00043487548828125","louvain","graph_2024M01.graphml"
"0.81","0.12","0.07","0.224716553287982","1,2,3,1,2,4,5,6,2,5,5,6,5,1,7,6,8","0.000410079956054688","louvain","graph_2024M01.graphml"
"0.8","0.13","0.07","0.225094307270233","1,2,3,1,2,4,5,6,2,5,1,6,5,1,7,6,8","0.000420093536376953","louvain","graph_2024M01.graphml"
"0.79","0.14","0.07","0.217594068877551","1,2,3,2,2,4,5,5,2,5,1,6,5,1,7,5,8","0.000436067581176758","louvain","graph_2024M01.graphml"
"0.78","0.15","0.07","0.216265956613674","1,2,3,2,2,4,5,5,2,6,1,5,5,1,7,5,8","0.000409841537475586","louvain","graph_2024M01.graphml"
"0.77","0.16","0.07","0.210757156048015","1,2,3,2,2,4,5,5,2,6,1,5,5,1,7,5,8","0.000563144683837891","louvain","graph_2024M01.graphml"
"0.76","0.17","0.07","0.218527051129608","1,2,3,2,2,4,5,5,2,5,1,6,5,1,7,5,8","0.000411033630371094","louvain","graph_2024M01.graphml"
"0.75","0.18","0.07","0.215026663744612","1,2,3,2,2,4,5,5,2,6,1,7,5,1,8,5,9","0.000410795211791992","louvain","graph_2024M01.graphml"
"0.74","0.19","0.07","0.213054277156841","1,2,3,2,2,4,5,5,2,5,1,6,5,1,7,5,8","0.000423908233642578","louvain","graph_2024M01.graphml"
"0.73","0.2","0.07","0.215768660405339","1,2,3,2,2,4,5,6,2,5,1,6,6,1,7,6,8","0.000409126281738281","louvain","graph_2024M01.graphml"
"0.72","0.21","0.07","0.214944334403388","1,2,3,2,2,4,5,6,2,5,1,6,6,1,7,6,8","0.000421047210693359","louvain","graph_2024M01.graphml"
"0.71","0.22","0.07","0.205593348450491","1,2,3,4,4,5,2,6,4,2,1,6,6,1,7,6,8","0.000570058822631836","louvain","graph_2024M01.graphml"
"0.7","0.23","0.07","0.205593348450491","1,2,3,4,4,5,2,6,4,2,1,6,6,1,7,6,8","0.000403165817260742","louvain","graph_2024M01.graphml"
"0.69","0.24","0.07","0.205593348450491","1,2,3,4,4,5,2,6,4,2,1,6,6,1,7,6,8","0.000410079956054688","louvain","graph_2024M01.graphml"
"0.68","0.25","0.07","0.196346366761844","1,2,3,4,4,5,2,6,4,2,1,2,6,1,7,6,8","0.000420093536376953","louvain","graph_2024M01.graphml"
"0.67","0.26","0.07","0.193554866850321","1,2,3,4,4,5,2,6,4,2,1,2,6,1,7,6,8","0.000406980514526367","louvain","graph_2024M01.graphml"
"0.66","0.27","0.07","0.198739329526825","1,2,3,4,4,5,2,6,4,2,1,2,6,1,7,6,8","0.000428915023803711","louvain","graph_2024M01.graphml"
"0.65","0.28","0.07","0.195115838716863","1,2,3,4,4,5,2,6,4,2,1,2,6,1,7,6,8","0.000405073165893555","louvain","graph_2024M01.graphml"
"0.64","0.29","0.07","0.194149928072886","1,2,3,1,1,4,5,5,2,5,1,5,5,1,6,5,7","0.000432968139648438","louvain","graph_2024M01.graphml"
"0.63","0.3","0.07","0.194149928072886","1,2,3,1,1,4,5,5,2,5,1,5,5,1,6,5,7","0.000463008880615234","louvain","graph_2024M01.graphml"
"0.62","0.31","0.07","0.195965997686233","1,2,1,1,1,3,4,5,2,4,1,4,5,5,6,5,7","0.000406980514526367","louvain","graph_2024M01.graphml"
"0.61","0.32","0.07","0.202626045283388","1,2,1,1,1,3,2,4,5,2,1,4,4,4,6,4,7","0.000395059585571289","louvain","graph_2024M01.graphml"
"0.6","0.33","0.07","0.203063426534059","1,2,1,1,1,3,2,4,5,2,1,6,4,4,7,4,8","0.000422000885009766","louvain","graph_2024M01.graphml"
"0.59","0.34","0.07","0.199731593317599","1,2,1,1,1,3,2,4,5,2,1,6,4,4,7,4,8","0.000483989715576172","louvain","graph_2024M01.graphml"
"0.58","0.35","0.07","0.193617404621413","1,2,1,1,1,3,2,4,5,2,1,6,4,4,7,4,8","0.000433206558227539","louvain","graph_2024M01.graphml"
"0.57","0.36","0.07","0.197000519390582","1,2,1,1,1,3,2,2,4,2,1,5,2,1,6,2,7","0.000453948974609375","louvain","graph_2024M01.graphml"
"0.56","0.37","0.07","0.206472424557752","1,2,1,1,1,3,4,4,2,4,1,4,4,1,5,4,6","0.000428915023803711","louvain","graph_2024M01.graphml"
"0.55","0.38","0.07","0.206472424557752","1,2,1,1,1,3,4,4,2,4,1,4,4,1,5,4,6","0.000451087951660156","louvain","graph_2024M01.graphml"
"0.54","0.39","0.07","0.204388560157791","1,2,1,1,1,3,4,5,2,4,1,4,5,1,6,5,7","0.000422954559326172","louvain","graph_2024M01.graphml"
"0.53","0.4","0.07","0.2060322156476","1,2,1,1,1,3,4,4,2,4,1,5,4,1,6,4,7","0.000431060791015625","louvain","graph_2024M01.graphml"
"0.52","0.41","0.07","0.209982374619452","1,2,1,1,1,3,4,5,2,4,1,4,5,1,6,5,7","0.000468015670776367","louvain","graph_2024M01.graphml"
"0.51","0.42","0.07","0.206815394960642","1,2,1,1,1,3,4,5,2,4,1,4,5,1,6,5,7","0.0004119873046875","louvain","graph_2024M01.graphml"
"0.5","0.43","0.07","0.20330078125","1,2,1,1,1,3,4,5,2,4,1,4,5,1,6,5,7","0.000434160232543945","louvain","graph_2024M01.graphml"
"0.49","0.44","0.07","0.199818679834883","1,2,1,1,1,3,4,5,2,4,1,4,5,1,6,5,7","0.000432014465332031","louvain","graph_2024M01.graphml"
"0.48","0.45","0.07","0.201665142508764","1,2,1,1,1,3,4,5,2,4,1,4,5,1,6,5,7","0.000418901443481445","louvain","graph_2024M01.graphml"
"0.47","0.46","0.07","0.196386079714456","1,2,1,1,1,3,4,4,2,2,1,5,4,1,6,4,7","0.000421047210693359","louvain","graph_2024M01.graphml"
"0.46","0.47","0.07","0.193553719008264","1,2,1,1,1,3,4,5,2,4,1,4,5,1,6,5,7","0.000436067581176758","louvain","graph_2024M01.graphml"
"0.45","0.48","0.07","0.200520833333333","1,2,1,1,1,3,4,4,2,4,1,5,4,1,6,4,7","0.000468015670776367","louvain","graph_2024M01.graphml"
"0.44","0.49","0.07","0.200916955017301","1,2,1,1,3,4,5,5,2,3,1,5,5,1,6,3,7","0.000428199768066406","louvain","graph_2024M01.graphml"
"0.43","0.5","0.07","0.198539721623747","1,2,1,1,3,4,5,5,2,3,1,6,5,1,7,3,8","0.000432014465332031","louvain","graph_2024M01.graphml"
"0.42","0.51","0.07","0.201409545700379","1,2,1,1,3,4,5,5,2,3,1,6,5,1,7,3,8","0.00044703483581543","louvain","graph_2024M01.graphml"
"0.41","0.52","0.07","0.200488836041749","1,2,1,1,3,4,5,5,2,3,1,6,5,1,7,3,8","0.000443935394287109","louvain","graph_2024M01.graphml"
"0.4","0.53","0.07","0.195505761435092","1,2,3,1,4,5,3,3,2,4,1,6,3,1,7,3,8","0.000430107116699219","louvain","graph_2024M01.graphml"
"0.39","0.54","0.07","0.19386756722636","1,2,3,1,4,5,3,3,2,4,1,6,3,1,7,4,8","0.00043797492980957","louvain","graph_2024M01.graphml"
"0.38","0.55","0.07","0.191582659717237","1,2,3,1,4,5,3,3,2,4,1,6,3,1,7,4,8","0.000430107116699219","louvain","graph_2024M01.graphml"
"0.37","0.56","0.07","0.193410493827161","1,2,3,1,4,5,3,3,2,4,1,6,3,1,7,4,8","0.000432014465332031","louvain","graph_2024M01.graphml"
"0.36","0.57","0.07","0.19076035530051","1,2,3,1,4,5,3,3,2,4,1,6,3,1,7,4,8","0.000410079956054688","louvain","graph_2024M01.graphml"
"0.35","0.58","0.07","0.20036523009496","1,2,3,1,3,4,5,5,2,5,1,5,3,1,6,5,7","0.000438928604125977","louvain","graph_2024M01.graphml"
"0.34","0.59","0.07","0.197306046941843","1,2,3,1,3,4,5,5,2,5,1,5,3,1,6,5,7","0.000631093978881836","louvain","graph_2024M01.graphml"
"0.33","0.6","0.07","0.202976459936623","1,2,3,1,3,4,5,5,2,5,1,5,3,1,6,5,7","0.000418186187744141","louvain","graph_2024M01.graphml"
"0.32","0.61","0.07","0.200470311581423","1,2,3,1,4,5,4,3,2,4,1,3,3,1,6,4,7","0.000446081161499023","louvain","graph_2024M01.graphml"
"0.31","0.62","0.07","0.195019325128149","1,2,3,1,3,4,5,5,2,5,1,5,3,1,6,5,7","0.000479936599731445","louvain","graph_2024M01.graphml"
"0.3","0.63","0.07","0.192422149006271","1,2,3,1,3,4,5,5,2,5,1,5,3,1,6,5,7","0.000446081161499023","louvain","graph_2024M01.graphml"
"0.29","0.64","0.07","0.191261453561016","1,2,3,1,3,4,5,5,2,5,1,5,3,1,6,5,7","0.000607013702392578","louvain","graph_2024M01.graphml"
"0.28","0.65","0.07","0.184717557637433","1,2,3,1,3,4,5,5,2,5,1,5,3,1,6,5,7","0.000418186187744141","louvain","graph_2024M01.graphml"
"0.27","0.66","0.07","0.184537511447736","1,2,3,1,1,4,5,5,2,5,5,6,3,1,7,5,8","0.000430822372436523","louvain","graph_2024M01.graphml"
"0.26","0.67","0.07","0.185505593438327","1,2,3,1,1,4,5,5,2,5,5,6,3,1,7,5,8","0.000422954559326172","louvain","graph_2024M01.graphml"
"0.25","0.68","0.07","0.195506174003205","1,2,3,1,1,4,5,5,2,5,5,6,3,1,7,5,8","0.000520944595336914","louvain","graph_2024M01.graphml"
"0.24","0.69","0.07","0.189285714285714","1,2,3,1,4,5,4,4,2,4,4,6,3,1,7,4,8","0.000432014465332031","louvain","graph_2024M01.graphml"
"0.23","0.7","0.07","0.190704428334352","1,2,3,1,4,5,4,4,2,4,4,6,3,1,7,3,8","0.000455141067504883","louvain","graph_2024M01.graphml"
"0.22","0.71","0.07","0.190704428334352","1,2,3,1,4,5,4,4,2,4,4,6,3,1,7,3,8","0.000673055648803711","louvain","graph_2024M01.graphml"
"0.21","0.72","0.07","0.192794495529742","1,2,3,1,4,5,4,4,2,4,4,6,3,1,7,3,8","0.000458955764770508","louvain","graph_2024M01.graphml"
"0.2","0.73","0.07","0.189945997789871","1,2,3,1,4,5,4,4,2,4,4,4,3,1,6,3,7","0.000494956970214844","louvain","graph_2024M01.graphml"
"0.19","0.74","0.07","0.193866163460758","1,2,3,1,2,4,2,2,5,2,2,6,3,1,7,3,8","0.000448942184448242","louvain","graph_2024M01.graphml"
"0.18","0.75","0.07","0.192892216540865","1,2,3,1,4,5,4,4,2,4,4,3,3,1,6,4,7","0.000459194183349609","louvain","graph_2024M01.graphml"
"0.17","0.76","0.07","0.191854671556122","1,2,3,1,2,1,4,4,2,5,4,4,3,5,6,3,7","0.000426054000854492","louvain","graph_2024M01.graphml"
"0.16","0.77","0.07","0.189825147004599","1,2,2,1,3,1,4,4,3,5,4,4,2,5,6,3,7","0.00044703483581543","louvain","graph_2024M01.graphml"
"0.15","0.78","0.07","0.198051323484149","1,2,3,1,2,1,2,2,4,2,2,3,3,1,5,4,6","0.000452041625976562","louvain","graph_2024M01.graphml"
"0.14","0.79","0.07","0.19445179584121","1,2,3,1,2,1,2,2,3,2,2,4,5,1,6,5,7","0.000449895858764648","louvain","graph_2024M01.graphml"
"0.13","0.8","0.07","0.196973604229218","1,2,3,1,2,1,2,2,3,2,4,5,4,1,6,2,7","0.00104403495788574","louvain","graph_2024M01.graphml"
"0.12","0.81","0.07","0.192823542085608","1,2,3,1,2,1,2,2,4,2,2,5,3,1,6,4,7","0.000458002090454102","louvain","graph_2024M01.graphml"
"0.11","0.82","0.07","0.190469832113799","1,2,3,1,2,1,2,2,4,2,2,5,3,1,6,4,7","0.000445842742919922","louvain","graph_2024M01.graphml"
"0.1","0.83","0.07","0.190042550161121","1,2,3,1,4,1,4,4,2,4,4,5,3,1,6,4,7","0.000456094741821289","louvain","graph_2024M01.graphml"
"0.09","0.84","0.07","0.185247107018435","1,2,3,1,3,1,2,2,3,4,5,2,5,4,6,5,7","0.000640869140625","louvain","graph_2024M01.graphml"
"0.08","0.85","0.07","0.185124560144255","1,2,2,1,3,1,4,4,3,5,2,4,2,5,6,3,7","0.000468015670776367","louvain","graph_2024M01.graphml"
"0.07","0.86","0.07","0.185412540127041","1,2,3,1,2,1,2,2,4,2,2,5,3,1,6,4,7","0.000468015670776367","louvain","graph_2024M01.graphml"
"0.06","0.87","0.07","0.185412540127041","1,2,3,1,2,1,2,2,4,2,2,5,3,1,6,4,7","0.000674962997436523","louvain","graph_2024M01.graphml"
"0.05","0.88","0.07","0.18906900364204","1,2,2,1,3,1,3,3,2,4,5,3,5,1,6,5,7","0.000462055206298828","louvain","graph_2024M01.graphml"
"0.04","0.89","0.07","0.194956532959146","1,2,3,1,4,1,5,5,2,5,5,4,3,1,6,5,7","0.000491857528686523","louvain","graph_2024M01.graphml"
"0.03","0.9","0.07","0.194956532959146","1,2,3,1,4,1,5,5,2,5,5,4,3,1,6,5,7","0.000443935394287109","louvain","graph_2024M01.graphml"
"0.02","0.91","0.07","0.190208490803729","1,2,3,1,4,1,5,5,2,5,5,4,3,1,6,5,7","0.000437021255493164","louvain","graph_2024M01.graphml"
"0.01","0.92","0.07","0.184567518054778","1,2,3,1,4,1,5,5,2,5,5,4,3,1,6,5,7","0.000454902648925781","louvain","graph_2024M01.graphml"
"0","0.93","0.07","0.184567518054778","1,2,3,1,4,1,5,5,2,5,5,4,3,1,6,5,7","0.000456094741821289","louvain","graph_2024M01.graphml"
"0.92","0","0.08","0.21635","1,2,3,1,2,4,5,5,2,5,1,6,5,1,7,2,8","0.000402212142944336","louvain","graph_2024M01.graphml"
"0.91","0.01","0.08","0.230040531624093","1,2,3,1,2,4,5,5,2,5,1,6,5,1,7,2,8","0.000396013259887695","louvain","graph_2024M01.graphml"
"0.9","0.02","0.08","0.225268121301775","1,2,3,1,2,4,5,5,2,5,1,6,5,1,7,2,8","0.000421047210693359","louvain","graph_2024M01.graphml"
"0.89","0.03","0.08","0.225268121301775","1,2,3,1,2,4,5,5,2,5,5,6,5,1,7,2,8","0.000416994094848633","louvain","graph_2024M01.graphml"
"0.88","0.04","0.08","0.225268121301775","1,2,3,1,2,4,5,5,2,5,1,6,5,1,7,2,8","0.000417947769165039","louvain","graph_2024M01.graphml"
"0.87","0.05","0.08","0.228707482993197","1,2,3,1,2,4,5,5,2,5,5,6,5,1,7,2,8","0.000456094741821289","louvain","graph_2024M01.graphml"
"0.86","0.06","0.08","0.214132231404959","1,2,3,1,2,4,5,5,2,6,1,5,5,1,7,2,8","0.000420093536376953","louvain","graph_2024M01.graphml"
"0.85","0.07","0.08","0.207768815099068","1,2,3,2,2,4,5,5,2,6,1,7,5,1,8,5,9","0.000437021255493164","louvain","graph_2024M01.graphml"
"0.84","0.08","0.08","0.210757156048015","1,2,3,2,2,4,5,5,2,6,1,5,5,1,7,5,8","0.00053095817565918","louvain","graph_2024M01.graphml"
"0.83","0.09","0.08","0.217226516052319","1,2,3,2,2,4,5,5,2,6,1,5,5,1,7,5,8","0.000396966934204102","louvain","graph_2024M01.graphml"
"0.82","0.1","0.08","0.211812404120096","1,2,3,2,2,4,5,5,2,6,1,5,5,1,7,5,8","0.000409126281738281","louvain","graph_2024M01.graphml"
"0.81","0.11","0.08","0.21879488652686","1,2,3,2,2,4,5,5,2,6,1,7,5,1,8,5,9","0.000429153442382812","louvain","graph_2024M01.graphml"
"0.8","0.12","0.08","0.21599396725079","1,2,3,2,2,4,5,5,2,5,1,6,5,1,7,1,8","0.000425815582275391","louvain","graph_2024M01.graphml"
"0.79","0.13","0.08","0.218325251007445","1,2,3,2,2,4,5,5,2,6,1,6,5,1,7,5,8","0.000422000885009766","louvain","graph_2024M01.graphml"
"0.78","0.14","0.08","0.204441987513007","1,2,3,2,2,4,5,5,2,6,1,6,5,1,7,5,8","0.000419855117797852","louvain","graph_2024M01.graphml"
"0.77","0.15","0.08","0.198286722096246","1,2,3,2,2,4,5,5,2,6,1,6,5,1,7,5,8","0.000441074371337891","louvain","graph_2024M01.graphml"
"0.76","0.16","0.08","0.192657470703125","1,2,3,4,4,5,2,6,4,2,1,6,2,1,7,6,8","0.000401973724365234","louvain","graph_2024M01.graphml"
"0.75","0.17","0.08","0.196983354365723","1,2,3,4,4,5,6,6,4,2,1,7,6,1,8,6,9","0.000419855117797852","louvain","graph_2024M01.graphml"
"0.74","0.18","0.08","0.197278713361692","1,2,3,4,4,5,6,6,4,2,1,7,6,1,8,6,9","0.000468969345092773","louvain","graph_2024M01.graphml"
"0.73","0.19","0.08","0.193849284866301","1,2,3,4,4,5,2,2,4,2,1,6,2,1,7,2,8","0.000447988510131836","louvain","graph_2024M01.graphml"
"0.72","0.2","0.08","0.189463132100691","1,2,3,2,2,4,5,5,2,5,1,5,5,1,6,5,7","0.000414133071899414","louvain","graph_2024M01.graphml"
"0.71","0.21","0.08","0.198251417769376","1,2,3,1,1,4,2,2,5,2,1,2,2,1,6,5,7","0.00044703483581543","louvain","graph_2024M01.graphml"
"0.7","0.22","0.08","0.188341836734694","1,2,3,1,1,4,5,5,6,2,1,7,5,5,8,5,9","0.00042414665222168","louvain","graph_2024M01.graphml"
"0.69","0.23","0.08","0.191766007746089","1,2,1,1,1,3,2,2,4,2,1,2,2,1,5,4,6","0.000447988510131836","louvain","graph_2024M01.graphml"
"0.68","0.24","0.08","0.197083911922238","1,2,1,1,1,3,4,4,5,2,1,4,4,4,6,4,7","0.000427961349487305","louvain","graph_2024M01.graphml"
"0.67","0.25","0.08","0.196349344135802","1,2,1,1,1,3,4,4,5,2,1,4,4,4,6,4,7","0.000422000885009766","louvain","graph_2024M01.graphml"
"0.66","0.26","0.08","0.18809349890431","1,2,1,1,1,3,2,2,4,2,1,5,2,2,6,4,7","0.000443935394287109","louvain","graph_2024M01.graphml"
"0.65","0.27","0.08","0.187431519357195","1,2,1,1,1,3,2,2,4,2,1,5,2,2,6,2,7","0.000448942184448242","louvain","graph_2024M01.graphml"
"0.64","0.28","0.08","0.192977777777778","1,2,1,1,1,3,2,2,4,2,1,5,2,1,6,4,7","0.000406026840209961","louvain","graph_2024M01.graphml"
"0.63","0.29","0.08","0.197130367036011","1,2,1,1,1,3,2,2,4,2,1,5,2,1,6,2,7","0.00045013427734375","louvain","graph_2024M01.graphml"
"0.62","0.3","0.08","0.195442347645429","1,2,1,1,1,3,2,4,5,2,1,4,2,1,6,4,7","0.000427961349487305","louvain","graph_2024M01.graphml"
"0.61","0.31","0.08","0.208969823100937","1,2,1,1,1,3,4,5,2,4,1,6,4,1,7,5,8","0.00056910514831543","louvain","graph_2024M01.graphml"
"0.6","0.32","0.08","0.206600673455313","1,2,1,1,1,3,4,4,2,4,1,4,4,1,5,1,6","0.000430107116699219","louvain","graph_2024M01.graphml"
"0.59","0.33","0.08","0.211344335843615","1,2,1,1,1,3,4,4,2,2,1,5,4,1,6,4,7","0.000414848327636719","louvain","graph_2024M01.graphml"
"0.58","0.34","0.08","0.204877180491278","1,2,1,1,1,3,4,4,2,4,1,4,4,1,5,2,6","0.000424861907958984","louvain","graph_2024M01.graphml"
"0.57","0.35","0.08","0.200358782454381","1,2,1,1,1,3,4,4,2,2,1,5,4,1,6,4,7","0.000419855117797852","louvain","graph_2024M01.graphml"
"0.56","0.36","0.08","0.198468423286139","1,2,1,1,1,3,4,4,2,2,1,4,4,1,5,4,6","0.000427007675170898","louvain","graph_2024M01.graphml"
"0.55","0.37","0.08","0.200308596073766","1,2,1,1,1,3,4,4,2,2,1,4,4,1,5,4,6","0.000440835952758789","louvain","graph_2024M01.graphml"
"0.54","0.38","0.08","0.199449035812672","1,2,1,1,1,3,4,4,2,2,1,5,4,1,6,4,7","0.000546932220458984","louvain","graph_2024M01.graphml"
"0.53","0.39","0.08","0.193678511240991","1,2,3,1,1,4,3,3,2,2,1,5,3,1,6,3,7","0.000442028045654297","louvain","graph_2024M01.graphml"
"0.52","0.4","0.08","0.193678511240991","1,2,3,1,1,4,3,3,2,2,1,5,3,1,6,3,7","0.000459194183349609","louvain","graph_2024M01.graphml"
"0.51","0.41","0.08","0.194566016596058","1,2,3,1,1,4,3,3,2,5,1,6,3,1,7,5,8","0.00043487548828125","louvain","graph_2024M01.graphml"
"0.5","0.42","0.08","0.196035018929151","1,2,3,1,4,5,3,3,2,4,1,6,3,1,7,4,8","0.000447988510131836","louvain","graph_2024M01.graphml"
"0.49","0.43","0.08","0.196035018929151","1,2,3,1,4,5,3,3,2,4,1,6,3,1,7,4,8","0.000430107116699219","louvain","graph_2024M01.graphml"
"0.48","0.44","0.08","0.193274081994053","1,2,3,1,4,5,3,3,2,4,1,6,3,1,7,4,8","0.000422000885009766","louvain","graph_2024M01.graphml"
"0.47","0.45","0.08","0.19105301797057","1,2,3,1,4,5,3,3,2,4,1,6,3,1,7,4,8","0.000519037246704102","louvain","graph_2024M01.graphml"
"0.46","0.46","0.08","0.19105301797057","1,2,3,1,4,5,3,3,2,4,1,6,3,1,7,4,8","0.000444889068603516","louvain","graph_2024M01.graphml"
"0.45","0.47","0.08","0.196607471676914","1,2,3,1,4,5,3,3,2,4,1,6,3,1,7,4,8","0.000441074371337891","louvain","graph_2024M01.graphml"
"0.44","0.48","0.08","0.191706602362565","1,2,3,1,4,5,3,3,2,4,1,6,3,1,7,4,8","0.0004730224609375","louvain","graph_2024M01.graphml"
"0.43","0.49","0.08","0.193530370728173","1,2,3,1,4,5,3,3,2,4,1,6,3,1,7,4,8","0.000418901443481445","louvain","graph_2024M01.graphml"
"0.42","0.5","0.08","0.193530370728173","1,2,3,1,4,5,3,3,2,4,1,6,3,1,7,4,8","0.000427007675170898","louvain","graph_2024M01.graphml"
"0.41","0.51","0.08","0.191689808593867","1,2,3,1,4,5,3,3,2,4,1,6,3,1,7,4,8","0.000423192977905273","louvain","graph_2024M01.graphml"
"0.4","0.52","0.08","0.196106486298994","1,2,3,1,4,5,3,3,2,4,1,3,3,1,6,3,7","0.000436067581176758","louvain","graph_2024M01.graphml"
"0.39","0.53","0.08","0.195165308921923","1,2,3,1,4,5,4,3,2,4,1,3,3,1,6,4,7","0.000453948974609375","louvain","graph_2024M01.graphml"
"0.38","0.54","0.08","0.188742084920918","1,2,3,1,3,4,5,5,2,5,1,5,3,1,6,5,7","0.000438928604125977","louvain","graph_2024M01.graphml"
"0.37","0.55","0.08","0.185818142361111","1,2,3,1,3,4,5,6,2,5,1,6,3,1,7,5,8","0.000523090362548828","louvain","graph_2024M01.graphml"
"0.36","0.56","0.08","0.183588821176407","1,2,3,1,3,4,5,6,2,5,1,6,3,1,7,5,8","0.000424861907958984","louvain","graph_2024M01.graphml"
"0.35","0.57","0.08","0.189930170836662","1,2,3,1,3,4,5,5,2,5,1,5,3,1,6,5,7","0.000441074371337891","louvain","graph_2024M01.graphml"
"0.34","0.58","0.08","0.186232670892149","1,2,3,1,3,4,5,5,2,5,1,5,3,1,6,5,7","0.000442028045654297","louvain","graph_2024M01.graphml"
"0.33","0.59","0.08","0.1819125","1,2,3,1,2,4,3,3,2,2,1,5,3,1,6,3,7","0.000456094741821289","louvain","graph_2024M01.graphml"
"0.32","0.6","0.08","0.177643233274285","1,2,3,1,3,4,5,5,2,5,1,5,3,1,6,5,7","0.000443935394287109","louvain","graph_2024M01.graphml"
"0.31","0.61","0.08","0.180571088637716","1,2,3,1,1,4,5,5,2,5,5,6,3,1,7,5,8","0.000423908233642578","louvain","graph_2024M01.graphml"
"0.3","0.62","0.08","0.183558770854935","1,2,3,1,1,4,5,5,2,5,5,5,3,1,6,3,7","0.000416040420532227","louvain","graph_2024M01.graphml"
"0.29","0.63","0.08","0.179319871521305","1,2,3,1,4,5,4,4,2,4,4,4,3,1,6,3,7","0.000466108322143555","louvain","graph_2024M01.graphml"
"0.28","0.64","0.08","0.177690191283082","1,2,3,1,4,5,4,6,2,4,4,6,3,4,7,3,8","0.000467061996459961","louvain","graph_2024M01.graphml"
"0.27","0.65","0.08","0.181860465116279","1,2,3,1,4,5,6,4,2,6,6,4,3,1,7,3,8","0.00043797492980957","louvain","graph_2024M01.graphml"
"0.26","0.66","0.08","0.189101561685536","1,2,3,1,2,4,5,5,2,5,5,6,3,1,7,5,8","0.000450849533081055","louvain","graph_2024M01.graphml"
"0.25","0.67","0.08","0.191497933884298","1,2,3,1,2,4,5,5,2,5,5,6,3,1,7,5,8","0.000456809997558594","louvain","graph_2024M01.graphml"
"0.24","0.68","0.08","0.194644975768666","1,2,2,1,3,1,4,4,3,4,4,5,2,1,6,4,7","0.000672817230224609","louvain","graph_2024M01.graphml"
"0.23","0.69","0.08","0.192943982763927","1,2,3,1,4,1,4,4,2,4,4,5,3,1,6,3,7","0.000437021255493164","louvain","graph_2024M01.graphml"
"0.22","0.7","0.08","0.192943982763927","1,2,3,1,4,1,2,2,4,2,2,5,3,1,6,3,7","0.000662088394165039","louvain","graph_2024M01.graphml"
"0.21","0.71","0.08","0.185359168241966","1,2,2,1,2,1,3,3,2,4,5,3,5,4,6,5,7","0.000427961349487305","louvain","graph_2024M01.graphml"
"0.2","0.72","0.08","0.186868311533888","1,2,3,1,3,1,2,2,3,4,2,2,2,4,5,2,6","0.000681877136230469","louvain","graph_2024M01.graphml"
"0.19","0.73","0.08","0.188746038931643","1,2,3,1,2,1,2,2,3,2,2,4,2,1,5,2,6","0.000433921813964844","louvain","graph_2024M01.graphml"
"0.18","0.74","0.08","0.182733050847458","1,2,3,1,2,1,4,4,2,5,4,4,3,5,6,3,7","0.000418901443481445","louvain","graph_2024M01.graphml"
"0.17","0.75","0.08","0.180855988178533","1,2,3,1,4,1,2,2,3,5,4,2,4,5,6,3,7","0.000452041625976562","louvain","graph_2024M01.graphml"
"0.16","0.76","0.08","0.188881434926912","1,2,3,1,2,1,2,2,4,2,2,5,3,1,6,4,7","0.000478982925415039","louvain","graph_2024M01.graphml"
"0.15","0.77","0.08","0.187031903720666","1,2,3,1,4,1,2,2,4,2,2,5,3,1,6,2,7","0.000452995300292969","louvain","graph_2024M01.graphml"
"0.14","0.78","0.08","0.186661731030802","1,2,3,1,4,1,4,4,3,4,4,5,2,1,6,4,7","0.000467061996459961","louvain","graph_2024M01.graphml"
"0.13","0.79","0.08","0.185412540127041","1,2,3,1,2,1,2,2,4,2,2,5,3,1,6,4,7","0.000478029251098633","louvain","graph_2024M01.graphml"
"0.12","0.8","0.08","0.186692408000135","1,2,3,1,2,1,2,2,3,2,4,5,4,1,6,2,7","0.000457048416137695","louvain","graph_2024M01.graphml"
"0.11","0.81","0.08","0.180916284881299","1,2,2,1,3,1,4,4,2,5,3,4,3,1,6,4,7","0.000519990921020508","louvain","graph_2024M01.graphml"
"0.1","0.82","0.08","0.190214673956872","1,2,3,1,4,1,5,5,2,5,5,4,3,1,6,5,7","0.000454902648925781","louvain","graph_2024M01.graphml"
"0.09","0.83","0.08","0.186933540737449","1,2,3,1,4,1,5,5,2,5,5,4,3,1,6,5,7","0.000445842742919922","louvain","graph_2024M01.graphml"
"0.08","0.84","0.08","0.185429264298312","1,2,3,1,4,1,5,5,2,5,5,4,3,1,6,5,7","0.000454187393188477","louvain","graph_2024M01.graphml"
"0.07","0.85","0.08","0.186220684352172","1,2,3,1,4,1,5,5,2,5,5,4,3,1,1,5,6","0.000436782836914062","louvain","graph_2024M01.graphml"
"0.06","0.86","0.08","0.1870202425472","1,2,3,1,4,1,5,5,2,5,5,4,3,1,1,5,6","0.000715017318725586","louvain","graph_2024M01.graphml"
"0.05","0.87","0.08","0.1861555432984","1,2,3,1,4,1,4,4,2,5,1,4,3,1,1,3,6","0.000443935394287109","louvain","graph_2024M01.graphml"
"0.04","0.88","0.08","0.1861555432984","1,2,3,1,4,1,4,4,2,5,1,4,3,1,1,3,6","0.00045013427734375","louvain","graph_2024M01.graphml"
"0.03","0.89","0.08","0.187403846153846","1,2,3,1,4,1,4,4,2,5,1,4,3,1,1,3,6","0.000463008880615234","louvain","graph_2024M01.graphml"
"0.02","0.9","0.08","0.188977846648301","1,2,3,1,4,1,4,4,2,4,1,4,3,1,1,4,5","0.000448942184448242","louvain","graph_2024M01.graphml"
"0.01","0.91","0.08","0.187376290494838","1,2,3,1,4,1,4,4,2,4,1,4,3,1,1,4,5","0.000445842742919922","louvain","graph_2024M01.graphml"
"0","0.92","0.08","0.183190955126317","1,2,3,2,4,1,4,5,2,4,1,4,3,4,1,5,6","0.00053095817565918","louvain","graph_2024M01.graphml"
"0.91","0","0.09","0.210314041820033","1,2,3,2,2,4,5,5,2,5,1,6,5,1,7,2,8","0.000413894653320312","louvain","graph_2024M01.graphml"
"0.9","0.01","0.09","0.206465028355388","1,2,3,2,2,4,5,5,2,6,1,7,5,1,8,5,9","0.000443935394287109","louvain","graph_2024M01.graphml"
"0.89","0.02","0.09","0.20849435196195","1,2,3,2,2,4,5,5,2,6,1,5,5,1,7,5,8","0.000393867492675781","louvain","graph_2024M01.graphml"
"0.88","0.03","0.09","0.207008026159334","1,2,3,2,2,4,5,5,2,5,1,6,5,1,7,5,8","0.00041508674621582","louvain","graph_2024M01.graphml"
"0.87","0.04","0.09","0.20443421725473","1,2,3,2,2,4,5,5,2,6,1,5,5,1,7,5,8","0.000396013259887695","louvain","graph_2024M01.graphml"
"0.86","0.05","0.09","0.20043029847688","1,2,3,2,2,4,5,6,2,5,1,6,5,1,7,6,8","0.000407934188842773","louvain","graph_2024M01.graphml"
"0.85","0.06","0.09","0.200992","1,2,3,2,2,4,5,5,2,6,1,6,5,1,7,5,8","0.000456094741821289","louvain","graph_2024M01.graphml"
"0.84","0.07","0.09","0.200992","1,2,3,2,2,4,5,5,2,6,1,6,5,1,7,5,8","0.000431060791015625","louvain","graph_2024M01.graphml"
"0.83","0.08","0.09","0.196302595112119","1,2,3,2,2,4,5,5,2,6,1,6,5,1,7,5,8","0.000448942184448242","louvain","graph_2024M01.graphml"
"0.82","0.09","0.09","0.192944385888772","1,2,3,2,2,4,5,5,2,6,1,6,5,1,7,5,8","0.000427961349487305","louvain","graph_2024M01.graphml"
"0.81","0.1","0.09","0.193757396449704","1,2,3,4,4,5,6,6,4,2,1,7,6,1,8,6,9","0.000425100326538086","louvain","graph_2024M01.graphml"
"0.8","0.11","0.09","0.191247596293922","1,2,3,4,4,5,6,6,4,2,1,7,6,1,8,6,9","0.000432014465332031","louvain","graph_2024M01.graphml"
"0.79","0.12","0.09","0.191247596293922","1,2,3,4,4,5,6,6,4,2,1,7,6,1,8,6,9","0.000437021255493164","louvain","graph_2024M01.graphml"
"0.78","0.13","0.09","0.18400548696845","1,2,3,1,1,4,2,2,5,2,1,6,2,2,7,5,8","0.000419139862060547","louvain","graph_2024M01.graphml"
"0.77","0.14","0.09","0.184625078764965","1,2,3,1,1,4,5,5,6,2,1,7,5,5,8,5,9","0.000444889068603516","louvain","graph_2024M01.graphml"
"0.76","0.15","0.09","0.191766007746089","1,2,1,1,1,3,2,2,4,2,1,2,2,1,5,4,6","0.000483989715576172","louvain","graph_2024M01.graphml"
"0.75","0.16","0.09","0.187487601666336","1,2,1,1,1,3,4,4,5,2,1,4,4,4,6,4,7","0.000414848327636719","louvain","graph_2024M01.graphml"
"0.74","0.17","0.09","0.186824845679012","1,2,1,1,1,3,2,2,4,2,1,2,2,1,5,4,6","0.000416994094848633","louvain","graph_2024M01.graphml"
"0.73","0.18","0.09","0.187431519357195","1,2,1,1,1,3,2,2,4,2,1,5,2,2,6,2,7","0.000480890274047852","louvain","graph_2024M01.graphml"
"0.72","0.19","0.09","0.187431519357195","1,2,1,1,1,3,2,2,4,2,1,5,2,2,6,2,7","0.000425100326538086","louvain","graph_2024M01.graphml"
"0.71","0.2","0.09","0.188640151344534","1,2,1,1,1,3,2,2,4,2,1,2,2,1,5,4,6","0.000425100326538086","louvain","graph_2024M01.graphml"
"0.7","0.21","0.09","0.190396828971668","1,2,1,1,1,3,2,2,4,2,1,5,2,1,6,4,7","0.000434160232543945","louvain","graph_2024M01.graphml"
"0.69","0.22","0.09","0.189311111111111","1,2,1,1,1,3,2,2,4,2,1,2,2,1,5,2,6","0.000576972961425781","louvain","graph_2024M01.graphml"
"0.68","0.23","0.09","0.192711111111111","1,2,1,1,1,3,2,2,4,2,1,5,2,1,6,4,7","0.000426054000854492","louvain","graph_2024M01.graphml"
"0.67","0.24","0.09","0.195074543978812","1,2,3,1,1,4,3,3,2,3,1,5,3,1,6,3,7","0.000422000885009766","louvain","graph_2024M01.graphml"
"0.66","0.25","0.09","0.196399583766909","1,2,3,1,1,4,3,3,2,2,1,5,3,1,6,3,7","0.000433921813964844","louvain","graph_2024M01.graphml"
"0.65","0.26","0.09","0.195067441952454","1,2,3,1,1,4,3,3,2,2,1,5,3,1,6,3,7","0.000416994094848633","louvain","graph_2024M01.graphml"
"0.64","0.27","0.09","0.196250144670345","1,2,3,1,1,4,3,5,2,2,1,6,3,1,7,5,8","0.000439882278442383","louvain","graph_2024M01.graphml"
"0.63","0.28","0.09","0.19445594489819","1,2,3,1,1,4,3,3,2,2,1,5,3,1,6,3,7","0.000449180603027344","louvain","graph_2024M01.graphml"
"0.62","0.29","0.09","0.191682778108269","1,2,3,1,1,4,3,3,2,2,1,5,3,1,6,3,7","0.000617027282714844","louvain","graph_2024M01.graphml"
"0.61","0.3","0.09","0.190684424444767","1,2,3,1,1,4,3,3,2,2,1,5,3,1,6,3,7","0.000519990921020508","louvain","graph_2024M01.graphml"
"0.6","0.31","0.09","0.190684424444767","1,2,3,1,1,4,3,3,2,2,1,5,3,1,6,3,7","0.000422000885009766","louvain","graph_2024M01.graphml"
"0.59","0.32","0.09","0.190684424444767","1,2,3,1,1,4,3,3,2,2,1,5,3,1,6,3,7","0.000616073608398438","louvain","graph_2024M01.graphml"
"0.58","0.33","0.09","0.190684424444767","1,2,3,1,1,4,3,3,2,2,1,5,3,1,6,3,7","0.000448942184448242","louvain","graph_2024M01.graphml"
"0.57","0.34","0.09","0.198680018206645","1,2,3,1,1,4,3,3,2,2,1,5,3,1,6,3,7","0.000490903854370117","louvain","graph_2024M01.graphml"
"0.56","0.35","0.09","0.193888717896105","1,2,1,1,1,3,4,4,2,4,1,5,4,1,6,4,7","0.00043797492980957","louvain","graph_2024M01.graphml"
"0.55","0.36","0.09","0.192718367346939","1,2,3,1,4,5,3,3,2,4,1,6,3,1,7,4,8","0.000442981719970703","louvain","graph_2024M01.graphml"
"0.54","0.37","0.09","0.190034220041322","1,2,3,1,4,5,3,3,2,4,1,6,3,1,7,4,8","0.000427007675170898","louvain","graph_2024M01.graphml"
"0.53","0.38","0.09","0.19386756722636","1,2,3,1,4,5,3,3,2,4,1,6,3,1,7,4,8","0.000434160232543945","louvain","graph_2024M01.graphml"
"0.52","0.39","0.09","0.191192534565088","1,2,3,1,4,5,3,3,2,4,1,6,3,1,7,4,8","0.000464916229248047","louvain","graph_2024M01.graphml"
"0.51","0.4","0.09","0.191192534565088","1,2,3,1,4,5,3,3,2,4,1,6,3,1,7,4,8","0.000441074371337891","louvain","graph_2024M01.graphml"
"0.5","0.41","0.09","0.191192534565088","1,2,3,1,4,5,3,3,2,4,1,6,3,1,7,4,8","0.000416994094848633","louvain","graph_2024M01.graphml"
"0.49","0.42","0.09","0.188911363361913","1,2,3,1,4,5,3,3,2,4,1,6,3,1,7,4,8","0.000452041625976562","louvain","graph_2024M01.graphml"
"0.48","0.43","0.09","0.191689808593867","1,2,3,1,4,5,3,3,2,4,1,6,3,1,7,4,8","0.000422000885009766","louvain","graph_2024M01.graphml"
"0.47","0.44","0.09","0.191689808593867","1,2,3,1,4,5,3,3,2,4,1,6,3,1,7,4,8","0.000431060791015625","louvain","graph_2024M01.graphml"
"0.46","0.45","0.09","0.186384222059898","1,2,3,1,4,5,3,3,2,4,1,6,3,1,7,1,8","0.000422954559326172","louvain","graph_2024M01.graphml"
"0.45","0.46","0.09","0.191955732219966","1,2,3,1,4,5,3,3,2,4,1,6,3,1,7,4,8","0.000434160232543945","louvain","graph_2024M01.graphml"
"0.44","0.47","0.09","0.187323676215278","1,2,3,1,4,5,4,3,2,4,1,3,3,1,6,4,7","0.00044703483581543","louvain","graph_2024M01.graphml"
"0.43","0.48","0.09","0.183588821176407","1,2,3,1,3,4,5,6,2,5,1,6,3,1,7,5,8","0.00043487548828125","louvain","graph_2024M01.graphml"
"0.42","0.49","0.09","0.182086300350728","1,2,3,1,3,4,5,6,2,5,1,6,3,1,7,5,8","0.000472068786621094","louvain","graph_2024M01.graphml"
"0.41","0.5","0.09","0.182489067055394","1,2,3,1,3,4,5,6,2,5,1,6,3,1,7,5,8","0.000446081161499023","louvain","graph_2024M01.graphml"
"0.4","0.51","0.09","0.176641667285463","1,2,3,1,3,4,5,5,2,5,1,5,3,1,6,5,7","0.000431060791015625","louvain","graph_2024M01.graphml"
"0.39","0.52","0.09","0.178646568154254","1,2,1,1,1,3,4,4,2,4,1,5,4,1,6,4,7","0.000502109527587891","louvain","graph_2024M01.graphml"
"0.38","0.53","0.09","0.179972821471038","1,2,3,1,1,4,5,5,2,5,3,5,3,1,6,5,7","0.000456094741821289","louvain","graph_2024M01.graphml"
"0.37","0.54","0.09","0.181769031141869","1,2,3,1,1,4,5,5,2,5,3,5,3,1,6,5,7","0.000466108322143555","louvain","graph_2024M01.graphml"
"0.36","0.55","0.09","0.173608542899408","1,2,3,1,1,4,5,5,2,5,3,6,3,1,7,5,8","0.00043797492980957","louvain","graph_2024M01.graphml"
"0.35","0.56","0.09","0.176399901170234","1,2,3,1,1,4,5,5,2,5,5,3,3,1,6,5,7","0.000484943389892578","louvain","graph_2024M01.graphml"
"0.34","0.57","0.09","0.175074683857056","1,2,3,1,4,5,3,3,2,4,3,3,3,4,6,3,7","0.000455141067504883","louvain","graph_2024M01.graphml"
"0.33","0.58","0.09","0.175089237425635","1,2,3,1,4,5,4,4,2,4,4,3,3,1,6,4,7","0.000473976135253906","louvain","graph_2024M01.graphml"
"0.32","0.59","0.09","0.179988957081272","1,2,2,1,3,4,5,5,3,5,5,6,2,1,7,5,8","0.000462055206298828","louvain","graph_2024M01.graphml"
"0.31","0.6","0.09","0.181750273545998","1,2,2,1,3,1,4,4,3,4,4,5,2,1,6,4,7","0.000436067581176758","louvain","graph_2024M01.graphml"
"0.3","0.61","0.09","0.185083150676668","1,2,2,1,3,1,4,4,3,4,4,5,2,1,6,4,7","0.000427961349487305","louvain","graph_2024M01.graphml"
"0.29","0.62","0.09","0.192301668102436","1,2,2,1,3,1,4,4,3,4,4,5,2,1,6,4,7","0.000435829162597656","louvain","graph_2024M01.graphml"
"0.28","0.63","0.09","0.188960302457467","1,2,3,1,3,1,2,2,4,2,2,5,3,1,6,4,7","0.000471115112304688","louvain","graph_2024M01.graphml"
"0.27","0.64","0.09","0.184042807935309","1,2,3,1,2,1,2,2,3,2,2,4,4,1,5,3,6","0.000437021255493164","louvain","graph_2024M01.graphml"
"0.26","0.65","0.09","0.18407964781079","1,2,3,1,4,1,2,2,3,2,2,5,4,1,6,3,7","0.000438928604125977","louvain","graph_2024M01.graphml"
"0.25","0.66","0.09","0.188746038931643","1,2,3,1,2,1,2,2,4,2,2,5,3,1,6,4,7","0.000452995300292969","louvain","graph_2024M01.graphml"
"0.24","0.67","0.09","0.185796435756378","1,2,3,1,4,1,2,2,4,2,2,5,3,1,6,3,7","0.000465154647827148","louvain","graph_2024M01.graphml"
"0.23","0.68","0.09","0.185796435756378","1,2,3,1,4,1,2,2,4,2,2,5,3,1,6,3,7","0.000438928604125977","louvain","graph_2024M01.graphml"
"0.22","0.69","0.09","0.182314735386285","1,2,3,1,3,1,2,2,4,2,2,5,3,1,6,4,7","0.000431060791015625","louvain","graph_2024M01.graphml"
"0.21","0.7","0.09","0.183923611111111","1,2,3,1,4,1,2,2,4,2,2,5,3,1,6,3,7","0.000461101531982422","louvain","graph_2024M01.graphml"
"0.2","0.71","0.09","0.182546788106265","1,2,3,1,4,1,2,2,3,2,2,5,4,1,6,2,7","0.000432014465332031","louvain","graph_2024M01.graphml"
"0.19","0.72","0.09","0.187005707124591","1,2,3,1,4,1,2,2,4,2,2,5,3,1,6,2,7","0.000443935394287109","louvain","graph_2024M01.graphml"
"0.18","0.73","0.09","0.185274455791454","1,2,3,1,4,1,2,2,3,2,2,5,4,1,6,2,7","0.000540971755981445","louvain","graph_2024M01.graphml"
"0.17","0.74","0.09","0.183235260371421","1,2,3,1,4,1,2,2,4,2,2,5,3,1,6,2,7","0.000456094741821289","louvain","graph_2024M01.graphml"
"0.16","0.75","0.09","0.183900259673231","1,2,3,1,4,1,4,4,2,4,4,5,3,1,6,4,7","0.000463962554931641","louvain","graph_2024M01.graphml"
"0.15","0.76","0.09","0.186933540737449","1,2,3,1,4,1,5,5,2,5,5,4,3,1,6,5,7","0.000439882278442383","louvain","graph_2024M01.graphml"
"0.14","0.77","0.09","0.186903404208783","1,2,3,1,4,1,5,5,2,5,5,4,3,1,1,5,6","0.000444889068603516","louvain","graph_2024M01.graphml"
"0.13","0.78","0.09","0.186220684352172","1,2,3,1,4,1,5,5,2,5,5,4,3,1,1,5,6","0.000459909439086914","louvain","graph_2024M01.graphml"
"0.12","0.79","0.09","0.182001241502521","1,2,3,1,4,1,5,5,2,5,5,4,3,1,1,5,6","0.000472068786621094","louvain","graph_2024M01.graphml"
"0.11","0.8","0.09","0.180660717504958","1,2,3,1,4,1,5,5,2,5,5,4,3,1,1,5,6","0.000470161437988281","louvain","graph_2024M01.graphml"
"0.1","0.81","0.09","0.182190187981694","1,2,3,1,4,1,4,4,2,5,1,4,3,1,1,3,6","0.000481128692626953","louvain","graph_2024M01.graphml"
"0.09","0.82","0.09","0.184946972787134","1,2,3,1,4,1,4,4,2,5,1,4,3,1,1,3,6","0.000442981719970703","louvain","graph_2024M01.graphml"
"0.08","0.83","0.09","0.18011794077135","1,2,3,1,4,1,4,4,2,4,4,4,3,1,1,4,5","0.000528097152709961","louvain","graph_2024M01.graphml"
"0.07","0.84","0.09","0.181950872196511","1,2,3,1,4,1,4,4,2,4,1,4,3,1,1,3,5","0.000482082366943359","louvain","graph_2024M01.graphml"
"0.06","0.85","0.09","0.184290766317665","1,2,3,2,4,1,4,4,2,4,1,4,3,1,1,4,5","0.000444889068603516","louvain","graph_2024M01.graphml"
"0.05","0.86","0.09","0.181227107474027","1,2,3,2,4,1,4,3,2,4,1,4,3,4,1,3,5","0.000513076782226562","louvain","graph_2024M01.graphml"
"0.04","0.87","0.09","0.182023105100028","1,2,3,2,4,1,4,3,2,4,1,4,3,4,1,3,5","0.000479221343994141","louvain","graph_2024M01.graphml"
"0.03","0.88","0.09","0.179418181818182","1,2,3,2,4,1,5,5,2,5,1,4,3,5,1,5,6","0.000475883483886719","louvain","graph_2024M01.graphml"
"0.02","0.89","0.09","0.1783829552615","1,2,3,2,4,1,4,4,2,4,1,4,3,4,1,4,5","0.000905036926269531","louvain","graph_2024M01.graphml"
"0.01","0.9","0.09","0.178064023601263","1,2,3,2,4,1,4,5,2,4,1,4,3,4,1,5,6","0.000504970550537109","louvain","graph_2024M01.graphml"
"0","0.91","0.09","0.180178571428571","1,2,3,4,5,1,4,4,2,4,1,5,3,4,1,4,6","0.000486135482788086","louvain","graph_2024M01.graphml"
"0.9","0","0.1","0.19248","1,2,3,2,2,4,5,5,2,6,1,6,5,1,7,5,8","0.00045013427734375","louvain","graph_2024M01.graphml"
"0.89","0.01","0.1","0.192944385888772","1,2,3,2,2,4,5,5,2,6,1,6,5,1,7,5,8","0.0004119873046875","louvain","graph_2024M01.graphml"
"0.88","0.02","0.1","0.189910888671875","1,2,3,2,2,4,5,5,2,6,1,6,5,1,7,5,8","0.00041508674621582","louvain","graph_2024M01.graphml"
"0.87","0.03","0.1","0.189082840236686","1,2,3,2,2,4,5,5,2,6,1,6,5,5,7,5,8","0.000446796417236328","louvain","graph_2024M01.graphml"
"0.86","0.04","0.1","0.18758608815427","1,2,3,4,4,5,6,6,4,2,1,7,6,6,8,6,9","0.000420093536376953","louvain","graph_2024M01.graphml"
"0.85","0.05","0.1","0.184200267320116","1,2,3,1,1,4,5,5,2,2,1,6,5,5,7,5,8","0.000414848327636719","louvain","graph_2024M01.graphml"
"0.84","0.06","0.1","0.177640603566529","1,2,3,1,1,4,2,5,6,2,1,7,2,2,8,5,9","0.000419139862060547","louvain","graph_2024M01.graphml"
"0.83","0.07","0.1","0.181124165415869","1,2,1,1,1,3,2,2,4,2,1,5,2,2,6,2,7","0.000488996505737305","louvain","graph_2024M01.graphml"
"0.82","0.08","0.1","0.180071424978623","1,2,1,1,1,3,2,2,4,2,1,5,2,2,6,4,7","0.000532150268554688","louvain","graph_2024M01.graphml"
"0.81","0.09","0.1","0.176148081082441","1,2,1,1,1,3,2,2,4,2,1,2,2,1,5,4,6","0.00042414665222168","louvain","graph_2024M01.graphml"
"0.8","0.1","0.1","0.178152561456183","1,2,2,1,1,3,2,2,4,2,1,5,2,2,6,2,7","0.000439882278442383","louvain","graph_2024M01.graphml"
"0.79","0.11","0.1","0.183189946398811","1,2,3,1,1,4,3,3,5,2,1,6,3,3,7,3,8","0.0004119873046875","louvain","graph_2024M01.graphml"
"0.78","0.12","0.1","0.185711111111111","1,2,2,1,1,3,2,2,4,2,1,5,2,1,6,2,7","0.000462055206298828","louvain","graph_2024M01.graphml"
"0.77","0.13","0.1","0.184044444444444","1,2,2,1,1,3,2,4,5,2,1,4,2,1,6,4,7","0.000433921813964844","louvain","graph_2024M01.graphml"
"0.76","0.14","0.1","0.184377777777778","1,2,1,1,1,3,2,2,4,2,1,2,2,1,5,4,6","0.00040888786315918","louvain","graph_2024M01.graphml"
"0.75","0.15","0.1","0.188785579579843","1,2,2,1,1,3,2,2,4,2,1,5,2,1,6,4,7","0.000429153442382812","louvain","graph_2024M01.graphml"
"0.74","0.16","0.1","0.186943555107232","1,2,1,1,1,3,2,2,4,2,1,2,2,1,5,4,6","0.000427961349487305","louvain","graph_2024M01.graphml"
"0.73","0.17","0.1","0.188171571422306","1,2,2,1,1,3,2,2,4,2,1,5,2,1,6,2,7","0.000447988510131836","louvain","graph_2024M01.graphml"
"0.72","0.18","0.1","0.188495877653894","1,2,3,1,1,4,3,3,2,3,1,5,3,1,6,3,7","0.00111103057861328","louvain","graph_2024M01.graphml"
"0.71","0.19","0.1","0.177755968594776","1,2,3,1,1,4,3,3,2,2,1,5,3,1,6,3,7","0.000444173812866211","louvain","graph_2024M01.graphml"
"0.7","0.2","0.1","0.186586165657189","1,2,3,1,1,4,3,3,2,2,1,3,3,1,5,3,6","0.000381946563720703","louvain","graph_2024M01.graphml"
"0.69","0.21","0.1","0.185470964791952","1,2,3,1,1,4,3,3,2,2,1,5,3,1,6,3,7","0.000422000885009766","louvain","graph_2024M01.graphml"
"0.68","0.22","0.1","0.189972451790634","1,2,3,1,1,4,5,3,2,5,1,5,3,1,6,3,7","0.000614166259765625","louvain","graph_2024M01.graphml"
"0.67","0.23","0.1","0.191900130643054","1,2,3,1,1,4,5,3,2,5,1,5,3,1,6,3,7","0.000493049621582031","louvain","graph_2024M01.graphml"
"0.66","0.24","0.1","0.193678511240991","1,2,3,1,1,4,3,3,2,2,1,5,3,1,6,3,7","0.000452041625976562","louvain","graph_2024M01.graphml"
"0.65","0.25","0.1","0.193678511240991","1,2,3,1,1,4,3,3,2,2,1,5,3,1,6,3,7","0.000417947769165039","louvain","graph_2024M01.graphml"
"0.64","0.26","0.1","0.193678511240991","1,2,3,1,1,4,3,3,2,2,1,5,3,1,6,3,7","0.000414848327636719","louvain","graph_2024M01.graphml"
"0.63","0.27","0.1","0.186672822406894","1,2,3,1,1,4,3,3,2,2,1,5,3,1,6,3,7","0.000414848327636719","louvain","graph_2024M01.graphml"
"0.62","0.28","0.1","0.185302866414278","1,2,3,1,1,4,3,3,2,2,1,5,3,1,6,2,7","0.000397920608520508","louvain","graph_2024M01.graphml"
"0.61","0.29","0.1","0.183098824151143","1,2,3,1,4,5,3,3,2,4,1,6,3,1,7,4,8","0.000406026840209961","louvain","graph_2024M01.graphml"
"0.6","0.3","0.1","0.191978677902263","1,2,3,1,4,5,3,3,2,4,1,6,3,1,7,4,8","0.00044703483581543","louvain","graph_2024M01.graphml"
"0.59","0.31","0.1","0.191192534565088","1,2,3,1,4,5,3,3,2,4,1,6,3,1,7,4,8","0.00043797492980957","louvain","graph_2024M01.graphml"
"0.58","0.32","0.1","0.191192534565088","1,2,3,1,4,5,3,3,2,4,1,6,3,1,7,4,8","0.000451087951660156","louvain","graph_2024M01.graphml"
"0.57","0.33","0.1","0.191192534565088","1,2,3,1,4,5,3,3,2,4,1,6,3,1,7,4,8","0.00045323371887207","louvain","graph_2024M01.graphml"
"0.56","0.34","0.1","0.189336419753086","1,2,3,1,4,5,3,3,2,4,1,6,3,1,7,4,8","0.000577926635742188","louvain","graph_2024M01.graphml"
"0.55","0.35","0.1","0.188911363361913","1,2,3,1,4,5,3,3,2,4,1,6,3,1,7,4,8","0.000566005706787109","louvain","graph_2024M01.graphml"
"0.54","0.36","0.1","0.186732957090388","1,2,3,1,4,5,3,3,2,4,1,6,3,1,7,1,8","0.000422000885009766","louvain","graph_2024M01.graphml"
"0.53","0.37","0.1","0.183542060491493","1,2,3,1,4,5,3,3,2,4,1,6,3,1,7,1,8","0.000443935394287109","louvain","graph_2024M01.graphml"
"0.52","0.38","0.1","0.181402483564646","1,2,3,1,4,5,3,3,2,4,1,6,3,1,7,1,8","0.000442028045654297","louvain","graph_2024M01.graphml"
"0.51","0.39","0.1","0.182789157990041","1,2,3,1,4,5,3,3,2,4,1,6,3,1,7,4,8","0.000654935836791992","louvain","graph_2024M01.graphml"
"0.5","0.4","0.1","0.18060086072202","1,2,3,1,4,5,3,3,2,4,4,6,3,1,7,1,8","0.000434160232543945","louvain","graph_2024M01.graphml"
"0.49","0.41","0.1","0.180262984878369","1,2,3,1,3,4,5,5,2,3,3,5,3,1,6,5,7","0.000444889068603516","louvain","graph_2024M01.graphml"
"0.48","0.42","0.1","0.175361733289563","1,2,3,1,1,4,3,5,2,3,3,5,3,1,6,3,7","0.000459909439086914","louvain","graph_2024M01.graphml"
"0.47","0.43","0.1","0.1773125","1,2,3,1,1,4,3,5,2,3,3,5,3,1,6,3,7","0.000442981719970703","louvain","graph_2024M01.graphml"
"0.46","0.44","0.1","0.1773125","1,2,3,1,1,4,3,5,2,3,3,5,3,1,6,3,7","0.000458002090454102","louvain","graph_2024M01.graphml"
"0.45","0.45","0.1","0.174864714018782","1,2,3,1,1,4,5,5,2,5,3,6,3,1,7,5,8","0.000501155853271484","louvain","graph_2024M01.graphml"
"0.44","0.46","0.1","0.174312908982748","1,2,3,1,1,4,5,5,2,5,3,6,3,1,7,5,8","0.000674962997436523","louvain","graph_2024M01.graphml"
"0.43","0.47","0.1","0.174205829863177","1,2,3,1,1,4,5,5,2,5,3,5,3,1,6,5,7","0.000441074371337891","louvain","graph_2024M01.graphml"
"0.42","0.48","0.1","0.171517108115751","1,2,3,1,1,4,5,5,2,5,3,3,3,1,6,5,7","0.000453948974609375","louvain","graph_2024M01.graphml"
"0.41","0.49","0.1","0.173008243300914","1,2,3,1,3,4,5,5,2,5,3,6,3,1,7,5,8","0.000443935394287109","louvain","graph_2024M01.graphml"
"0.4","0.5","0.1","0.178238444753025","1,2,3,1,3,4,5,5,2,5,3,5,3,1,6,5,7","0.000567913055419922","louvain","graph_2024M01.graphml"
"0.39","0.51","0.1","0.178238444753025","1,2,3,1,3,4,5,5,2,5,3,5,3,1,6,5,7","0.000442028045654297","louvain","graph_2024M01.graphml"
"0.38","0.52","0.1","0.177557391322814","1,2,2,1,3,1,4,4,3,4,4,5,2,1,6,4,7","0.00043487548828125","louvain","graph_2024M01.graphml"
"0.37","0.53","0.1","0.174297867016951","1,2,3,1,2,1,4,4,2,4,4,3,3,1,5,4,6","0.000421047210693359","louvain","graph_2024M01.graphml"
"0.36","0.54","0.1","0.182248485331633","1,2,2,1,3,1,4,4,3,4,4,5,2,1,6,4,7","0.000458955764770508","louvain","graph_2024M01.graphml"
"0.35","0.55","0.1","0.177852611794189","1,2,3,1,3,1,4,4,2,4,4,5,3,1,6,4,7","0.000432014465332031","louvain","graph_2024M01.graphml"
"0.34","0.56","0.1","0.177862401127731","1,2,2,1,3,1,4,4,3,4,4,5,2,1,6,4,7","0.000613927841186523","louvain","graph_2024M01.graphml"
"0.33","0.57","0.1","0.179083948907356","1,2,3,1,3,1,4,4,2,4,4,5,3,1,6,4,7","0.000479936599731445","louvain","graph_2024M01.graphml"
"0.32","0.58","0.1","0.179975475624257","1,2,3,1,3,1,4,4,2,5,3,4,3,5,6,2,7","0.000523090362548828","louvain","graph_2024M01.graphml"
"0.31","0.59","0.1","0.179384336803984","1,2,2,1,2,1,3,3,2,4,5,3,5,4,6,5,7","0.000428915023803711","louvain","graph_2024M01.graphml"
"0.3","0.6","0.1","0.180784774519753","1,2,2,1,3,1,3,3,2,4,5,3,5,4,6,5,7","0.00045013427734375","louvain","graph_2024M01.graphml"
"0.29","0.61","0.1","0.177369093678332","1,2,2,1,3,1,4,4,3,5,2,4,2,5,6,3,7","0.000494003295898438","louvain","graph_2024M01.graphml"
"0.28","0.62","0.1","0.183923611111111","1,2,3,1,4,1,2,2,4,2,2,5,3,1,6,3,7","0.000458002090454102","louvain","graph_2024M01.graphml"
"0.27","0.63","0.1","0.183923611111111","1,2,3,1,3,1,2,2,4,2,2,5,3,1,6,2,7","0.000506877899169922","louvain","graph_2024M01.graphml"
"0.26","0.64","0.1","0.184148965234615","1,2,3,1,4,1,2,2,3,2,2,5,4,1,6,2,7","0.000443935394287109","louvain","graph_2024M01.graphml"
"0.25","0.65","0.1","0.180848562214458","1,2,3,1,2,1,2,2,4,2,2,5,3,1,6,3,7","0.000600099563598633","louvain","graph_2024M01.graphml"
"0.24","0.66","0.1","0.180596866944279","1,2,3,1,2,1,2,2,3,2,2,4,2,1,5,2,6","0.00046992301940918","louvain","graph_2024M01.graphml"
"0.23","0.67","0.1","0.176907193028096","1,2,3,1,2,1,2,2,4,2,2,5,3,1,6,4,7","0.000468969345092773","louvain","graph_2024M01.graphml"
"0.22","0.68","0.1","0.1789567910195","1,2,3,1,2,1,2,2,3,2,2,4,2,1,5,3,6","0.000455141067504883","louvain","graph_2024M01.graphml"
"0.21","0.69","0.1","0.183005031666164","1,2,2,1,3,1,3,3,2,3,3,4,3,1,1,3,5","0.000451087951660156","louvain","graph_2024M01.graphml"
"0.2","0.7","0.1","0.183458576137731","1,2,3,1,4,1,4,4,2,4,1,5,3,1,1,4,6","0.000447988510131836","louvain","graph_2024M01.graphml"
"0.19","0.71","0.1","0.182175354660934","1,2,2,1,3,1,4,4,2,5,4,3,4,1,1,4,6","0.000560998916625977","louvain","graph_2024M01.graphml"
"0.18","0.72","0.1","0.182750685097428","1,2,3,1,4,1,5,5,2,5,5,4,3,1,1,5,6","0.000494003295898438","louvain","graph_2024M01.graphml"
"0.17","0.73","0.1","0.180660717504958","1,2,3,1,4,1,5,5,2,5,5,4,3,1,1,5,6","0.000464200973510742","louvain","graph_2024M01.graphml"
"0.16","0.74","0.1","0.178990326037492","1,2,3,1,4,1,5,5,2,5,5,4,3,1,1,5,6","0.000458002090454102","louvain","graph_2024M01.graphml"
"0.15","0.75","0.1","0.17767758289144","1,2,3,1,4,1,5,5,2,5,5,4,3,1,1,5,6","0.000443935394287109","louvain","graph_2024M01.graphml"
"0.14","0.76","0.1","0.179668637684512","1,2,3,1,4,1,4,4,2,5,1,4,3,1,1,3,6","0.000696897506713867","louvain","graph_2024M01.graphml"
"0.13","0.77","0.1","0.177465290138839","1,2,3,1,4,1,4,4,2,4,1,4,3,1,1,3,5","0.000490188598632812","louvain","graph_2024M01.graphml"
"0.12","0.78","0.1","0.180048644988322","1,2,3,2,4,1,4,4,2,4,1,4,3,1,1,3,5","0.000477075576782227","louvain","graph_2024M01.graphml"
"0.11","0.79","0.1","0.180953360768176","1,2,3,2,4,1,4,4,2,4,1,4,3,1,1,4,5","0.000466108322143555","louvain","graph_2024M01.graphml"
"0.1","0.8","0.1","0.176427886408439","1,2,3,2,4,1,4,5,2,4,1,4,3,4,1,5,6","0.000456094741821289","louvain","graph_2024M01.graphml"
"0.09","0.81","0.1","0.177825036756984","1,2,3,2,4,1,4,5,2,4,1,4,3,4,1,5,6","0.000562906265258789","louvain","graph_2024M01.graphml"
"0.08","0.82","0.1","0.176905486825709","1,2,3,2,4,1,4,5,2,4,1,4,3,4,1,5,6","0.000478982925415039","louvain","graph_2024M01.graphml"
"0.07","0.83","0.1","0.175350765306122","1,2,3,2,4,1,4,5,2,4,1,4,3,4,1,5,6","0.000472068786621094","louvain","graph_2024M01.graphml"
"0.06","0.84","0.1","0.175350765306122","1,2,3,2,4,1,4,5,2,4,1,4,3,4,1,5,6","0.000474929809570312","louvain","graph_2024M01.graphml"
"0.05","0.85","0.1","0.17468750395765","1,2,3,4,5,1,4,4,2,4,1,5,3,4,1,4,6","0.000480890274047852","louvain","graph_2024M01.graphml"
"0.04","0.86","0.1","0.176391093037096","1,2,3,4,5,1,4,4,2,4,1,5,3,4,1,4,6","0.000450849533081055","louvain","graph_2024M01.graphml"
"0.03","0.87","0.1","0.174490612496153","1,2,3,4,5,1,4,4,2,4,1,5,3,4,1,4,6","0.000468969345092773","louvain","graph_2024M01.graphml"
"0.02","0.88","0.1","0.175136236496914","1,2,3,4,4,1,4,4,2,4,1,4,3,4,1,4,5","0.000465869903564453","louvain","graph_2024M01.graphml"
"0.01","0.89","0.1","0.173734749344476","1,2,3,4,4,1,4,4,2,4,1,4,3,4,1,4,5","0.000488042831420898","louvain","graph_2024M01.graphml"
"0","0.9","0.1","0.175225921521998","1,2,3,4,4,1,4,4,2,4,1,4,3,4,1,4,5","0.000480890274047852","louvain","graph_2024M01.graphml"
"0.89","0","0.11","0.172903777475982","1,2,3,1,1,4,3,3,5,2,1,6,3,3,7,3,8","0.000458955764770508","louvain","graph_2024M01.graphml"
"0.88","0.01","0.11","0.175783574687562","1,2,2,1,1,3,2,2,4,2,1,5,2,2,6,4,7","0.000406026840209961","louvain","graph_2024M01.graphml"
"0.87","0.02","0.11","0.175783574687562","1,2,2,1,1,3,2,2,4,2,1,5,2,2,6,4,7","0.000447988510131836","louvain","graph_2024M01.graphml"
"0.86","0.03","0.11","0.175612461419753","1,2,2,1,1,3,2,2,4,2,1,5,2,2,6,4,7","0.000424861907958984","louvain","graph_2024M01.graphml"
"0.85","0.04","0.11","0.181131300219138","1,2,2,1,1,3,2,2,4,2,1,5,2,1,6,4,7","0.00043797492980957","louvain","graph_2024M01.graphml"
"0.84","0.05","0.11","0.183798027115896","1,2,2,1,1,3,2,2,4,2,1,5,2,1,6,4,7","0.000590085983276367","louvain","graph_2024M01.graphml"
"0.83","0.06","0.11","0.183798027115896","1,2,2,1,1,3,2,2,4,2,1,5,2,1,6,4,7","0.000414133071899414","louvain","graph_2024M01.graphml"
"0.82","0.07","0.11","0.190508137119114","1,2,2,1,1,3,2,2,4,2,1,5,2,1,6,2,7","0.000427961349487305","louvain","graph_2024M01.graphml"
"0.81","0.08","0.11","0.187802977839335","1,2,3,1,1,4,3,3,5,2,1,3,3,1,6,3,7","0.00043487548828125","louvain","graph_2024M01.graphml"
"0.8","0.09","0.11","0.184971592122688","1,2,1,1,1,3,2,2,4,2,1,2,2,1,5,4,6","0.000429153442382812","louvain","graph_2024M01.graphml"
"0.79","0.1","0.11","0.179646201873049","1,2,2,1,1,3,2,2,4,2,1,5,2,1,6,2,7","0.000432968139648438","louvain","graph_2024M01.graphml"
"0.78","0.11","0.11","0.177999107468863","1,2,2,1,1,3,2,2,4,2,1,5,2,1,6,2,7","0.000442028045654297","louvain","graph_2024M01.graphml"
"0.77","0.12","0.11","0.181143942090898","1,2,3,1,1,4,3,3,2,2,1,5,3,1,6,3,7","0.000430822372436523","louvain","graph_2024M01.graphml"
"0.76","0.13","0.11","0.17658203125","1,2,3,1,1,4,5,3,2,5,1,5,3,1,6,3,7","0.000436067581176758","louvain","graph_2024M01.graphml"
"0.75","0.14","0.11","0.178478890413047","1,2,3,1,1,4,3,3,2,3,1,5,3,1,6,3,7","0.000438213348388672","louvain","graph_2024M01.graphml"
"0.74","0.15","0.11","0.181169784335127","1,2,3,1,1,4,3,3,2,2,1,5,3,1,6,3,7","0.000436067581176758","louvain","graph_2024M01.graphml"
"0.73","0.16","0.11","0.184432629387269","1,2,3,1,1,4,3,3,2,2,1,5,3,1,6,3,7","0.000428915023803711","louvain","graph_2024M01.graphml"
"0.72","0.17","0.11","0.184432629387269","1,2,3,1,1,4,3,3,2,2,1,5,3,1,6,3,7","0.000451087951660156","louvain","graph_2024M01.graphml"
"0.71","0.18","0.11","0.184188561474815","1,2,3,1,1,4,3,3,2,2,1,5,3,1,6,3,7","0.000420093536376953","louvain","graph_2024M01.graphml"
"0.7","0.19","0.11","0.186267987815553","1,2,3,1,1,4,3,3,2,2,1,5,3,1,6,3,7","0.000437021255493164","louvain","graph_2024M01.graphml"
"0.69","0.2","0.11","0.186672822406894","1,2,3,1,1,4,3,3,2,2,1,5,3,1,6,3,7","0.000428915023803711","louvain","graph_2024M01.graphml"
"0.68","0.21","0.11","0.183317184002138","1,2,3,1,1,4,3,3,2,5,1,6,3,1,7,5,8","0.00043487548828125","louvain","graph_2024M01.graphml"
"0.67","0.22","0.11","0.180803276522658","1,2,3,1,1,4,3,3,2,3,1,5,3,1,6,3,7","0.00044703483581543","louvain","graph_2024M01.graphml"
"0.66","0.23","0.11","0.184302084330812","1,2,3,1,4,5,3,3,2,4,1,6,3,1,7,4,8","0.000421047210693359","louvain","graph_2024M01.graphml"
"0.65","0.24","0.11","0.188360055548542","1,2,3,1,4,5,3,3,2,4,1,6,3,1,7,4,8","0.000446081161499023","louvain","graph_2024M01.graphml"
"0.64","0.25","0.11","0.186495427733217","1,2,3,1,4,5,3,3,2,4,1,6,3,1,7,4,8","0.000452041625976562","louvain","graph_2024M01.graphml"
"0.63","0.26","0.11","0.189336419753086","1,2,3,1,4,5,3,3,2,4,1,6,3,1,7,4,8","0.000446081161499023","louvain","graph_2024M01.graphml"
"0.62","0.27","0.11","0.18794529646178","1,2,3,1,4,5,3,3,2,4,1,6,3,1,7,4,8","0.000439882278442383","louvain","graph_2024M01.graphml"
"0.61","0.28","0.11","0.182582112476371","1,2,3,1,4,5,3,3,2,4,1,6,3,1,7,4,8","0.00043487548828125","louvain","graph_2024M01.graphml"
"0.6","0.29","0.11","0.175661066471877","1,2,3,1,4,5,6,6,2,4,3,6,3,1,7,1,8","0.000426054000854492","louvain","graph_2024M01.graphml"
"0.59","0.3","0.11","0.178272054572783","1,2,3,1,4,5,3,3,2,4,1,6,3,1,7,1,8","0.00043797492980957","louvain","graph_2024M01.graphml"
"0.58","0.31","0.11","0.176946582163875","1,2,3,1,4,5,3,3,2,4,4,6,3,1,7,1,8","0.000449895858764648","louvain","graph_2024M01.graphml"
"0.57","0.32","0.11","0.172340720221607","1,2,3,1,4,5,3,3,2,4,1,6,3,1,7,4,8","0.000461101531982422","louvain","graph_2024M01.graphml"
"0.56","0.33","0.11","0.1680908203125","1,2,3,1,4,5,3,3,2,4,4,6,3,1,7,1,8","0.000446081161499023","louvain","graph_2024M01.graphml"
"0.55","0.34","0.11","0.169770963970666","1,2,3,1,4,5,3,3,2,4,1,3,3,1,6,3,7","0.000417947769165039","louvain","graph_2024M01.graphml"
"0.54","0.35","0.11","0.173030813182328","1,2,3,1,3,4,5,5,2,3,3,5,3,1,6,5,7","0.000445127487182617","louvain","graph_2024M01.graphml"
"0.53","0.36","0.11","0.1747875","1,2,3,1,3,4,5,5,2,3,3,5,3,1,6,5,7","0.00045013427734375","louvain","graph_2024M01.graphml"
"0.52","0.37","0.11","0.175714043048849","1,2,3,1,3,4,5,6,2,5,3,6,3,1,7,5,8","0.000585079193115234","louvain","graph_2024M01.graphml"
"0.51","0.38","0.11","0.17433198769704","1,2,3,1,3,4,5,6,2,5,3,6,3,1,7,5,8","0.000449895858764648","louvain","graph_2024M01.graphml"
"0.5","0.39","0.11","0.175254965110038","1,2,3,1,3,4,5,5,2,5,3,6,3,1,7,5,8","0.000449895858764648","louvain","graph_2024M01.graphml"
"0.49","0.4","0.11","0.171378860374076","1,2,3,1,3,4,5,5,2,5,3,6,3,1,7,5,8","0.000570058822631836","louvain","graph_2024M01.graphml"
"0.48","0.41","0.11","0.169784580498866","1,2,3,1,3,4,5,5,2,5,3,6,3,1,7,5,8","0.000482797622680664","louvain","graph_2024M01.graphml"
"0.47","0.42","0.11","0.169784580498866","1,2,3,1,3,4,5,5,2,5,3,6,3,1,7,5,8","0.000448942184448242","louvain","graph_2024M01.graphml"
"0.46","0.43","0.11","0.171593180746165","1,2,3,1,3,4,5,5,2,5,3,6,3,1,7,5,8","0.000432968139648438","louvain","graph_2024M01.graphml"
"0.45","0.44","0.11","0.175921477858328","1,2,3,1,3,1,3,3,2,3,3,4,3,1,5,3,6","0.000506162643432617","louvain","graph_2024M01.graphml"
"0.44","0.45","0.11","0.173585977611312","1,2,3,1,2,1,3,3,2,4,1,3,3,4,5,3,6","0.00118422508239746","louvain","graph_2024M01.graphml"
"0.43","0.46","0.11","0.171996887860609","1,2,3,1,2,1,3,3,2,3,3,3,3,1,4,3,5","0.000460147857666016","louvain","graph_2024M01.graphml"
"0.42","0.47","0.11","0.173618861607143","1,2,1,1,2,1,3,3,2,3,3,3,3,1,4,3,5","0.000457048416137695","louvain","graph_2024M01.graphml"
"0.41","0.48","0.11","0.174984337066333","1,2,3,1,2,1,3,3,2,4,3,3,3,4,5,3,6","0.000502109527587891","louvain","graph_2024M01.graphml"
"0.4","0.49","0.11","0.175250829629917","1,2,2,1,2,1,3,3,2,4,3,3,3,4,5,3,6","0.000527143478393555","louvain","graph_2024M01.graphml"
"0.39","0.5","0.11","0.178949292089874","1,2,3,1,3,1,2,2,3,2,2,4,2,1,5,2,6","0.000524044036865234","louvain","graph_2024M01.graphml"
"0.38","0.51","0.11","0.180974809786236","1,2,3,1,3,1,2,2,3,2,2,4,2,1,5,2,6","0.000452041625976562","louvain","graph_2024M01.graphml"
"0.37","0.52","0.11","0.176392871198066","1,2,2,1,2,1,3,3,2,4,3,5,3,4,6,3,7","0.000542163848876953","louvain","graph_2024M01.graphml"
"0.36","0.53","0.11","0.174404708012675","1,2,3,1,2,1,2,2,3,2,2,4,2,1,5,2,6","0.000471830368041992","louvain","graph_2024M01.graphml"
"0.35","0.54","0.11","0.178577055723814","1,2,3,1,2,1,2,2,3,4,2,5,2,4,6,2,7","0.000468969345092773","louvain","graph_2024M01.graphml"
"0.34","0.55","0.11","0.185139334744894","1,2,3,1,2,1,2,2,3,4,2,5,2,4,6,2,7","0.000450849533081055","louvain","graph_2024M01.graphml"
"0.33","0.56","0.11","0.180865358774523","1,2,3,1,2,1,2,2,3,4,2,5,2,4,6,2,7","0.00044703483581543","louvain","graph_2024M01.graphml"
"0.32","0.57","0.11","0.18085856185153","1,2,3,1,2,1,2,2,3,2,2,4,2,1,5,2,6","0.000494956970214844","louvain","graph_2024M01.graphml"
"0.31","0.58","0.11","0.18085856185153","1,2,3,1,2,1,2,2,3,2,2,4,2,1,5,2,6","0.000470161437988281","louvain","graph_2024M01.graphml"
"0.3","0.59","0.11","0.182801118626431","1,2,3,1,2,1,2,2,3,2,2,4,2,1,5,2,6","0.000467061996459961","louvain","graph_2024M01.graphml"
"0.29","0.6","0.11","0.182184","1,2,3,1,2,1,2,2,3,2,2,4,2,1,1,2,5","0.000459194183349609","louvain","graph_2024M01.graphml"
"0.28","0.61","0.11","0.182184","1,2,3,1,2,1,2,2,3,2,2,4,2,1,1,2,5","0.000456094741821289","louvain","graph_2024M01.graphml"
"0.27","0.62","0.11","0.182184","1,2,3,1,2,1,2,2,3,2,2,4,2,1,1,2,5","0.000439882278442383","louvain","graph_2024M01.graphml"
"0.26","0.63","0.11","0.180738111476223","1,2,2,1,3,1,3,3,2,4,3,5,3,1,1,3,6","0.000463008880615234","louvain","graph_2024M01.graphml"
"0.25","0.64","0.11","0.181709289550781","1,2,2,1,3,1,3,3,2,4,3,5,3,1,1,3,6","0.000455141067504883","louvain","graph_2024M01.graphml"
"0.24","0.65","0.11","0.178522979681281","1,2,3,1,4,1,4,4,2,5,1,4,3,1,1,3,6","0.000462055206298828","louvain","graph_2024M01.graphml"
"0.23","0.66","0.11","0.17782328503692","1,2,2,1,3,1,4,4,2,4,4,3,4,1,1,4,5","0.000468015670776367","louvain","graph_2024M01.graphml"
"0.22","0.67","0.11","0.176365134670156","1,2,3,1,4,1,5,5,2,5,5,4,3,1,1,5,6","0.000488042831420898","louvain","graph_2024M01.graphml"
"0.21","0.68","0.11","0.176408976124885","1,2,2,1,3,1,4,4,2,4,4,3,4,1,1,4,5","0.000478029251098633","louvain","graph_2024M01.graphml"
"0.2","0.69","0.11","0.176408976124885","1,2,2,1,3,1,4,4,2,4,4,3,4,1,1,4,5","0.000477075576782227","louvain","graph_2024M01.graphml"
"0.19","0.7","0.11","0.176909932360271","1,2,2,1,3,1,4,4,2,3,4,3,4,1,1,4,5","0.000470161437988281","louvain","graph_2024M01.graphml"
"0.18","0.71","0.11","0.175681651718467","1,2,3,2,4,1,4,4,2,4,1,4,3,1,1,3,5","0.000458002090454102","louvain","graph_2024M01.graphml"
"0.17","0.72","0.11","0.172689642025572","1,2,3,2,4,1,4,4,2,4,1,4,3,1,1,3,5","0.000461101531982422","louvain","graph_2024M01.graphml"
"0.16","0.73","0.11","0.172689642025572","1,2,3,2,4,1,4,4,2,4,1,4,3,1,1,3,5","0.000455141067504883","louvain","graph_2024M01.graphml"
"0.15","0.74","0.11","0.176337190082645","1,2,3,2,4,1,4,5,2,4,1,4,3,1,1,5,6","0.000454902648925781","louvain","graph_2024M01.graphml"
"0.14","0.75","0.11","0.176288845210108","1,2,3,2,4,1,4,5,2,4,1,4,3,4,1,5,6","0.000495195388793945","louvain","graph_2024M01.graphml"
"0.13","0.76","0.11","0.175350765306122","1,2,3,2,4,1,4,5,2,4,1,4,3,4,1,5,6","0.00050806999206543","louvain","graph_2024M01.graphml"
"0.12","0.77","0.11","0.173642684363167","1,2,3,2,4,1,4,4,2,4,1,4,3,4,1,4,5","0.000516891479492188","louvain","graph_2024M01.graphml"
"0.11","0.78","0.11","0.173680677802966","1,2,3,2,4,1,4,5,2,4,1,4,3,4,1,5,6","0.000494003295898438","louvain","graph_2024M01.graphml"
"0.1","0.79","0.11","0.172646796270581","1,2,3,4,5,1,4,4,2,4,1,5,3,4,1,4,6","0.000498056411743164","louvain","graph_2024M01.graphml"
"0.09","0.8","0.11","0.171423715232672","1,2,3,4,5,1,4,4,2,4,1,5,3,4,1,4,6","0.000488042831420898","louvain","graph_2024M01.graphml"
"0.08","0.81","0.11","0.171423715232672","1,2,3,4,5,1,4,4,2,4,1,5,3,4,1,4,6","0.000547885894775391","louvain","graph_2024M01.graphml"
"0.07","0.82","0.11","0.170952690972222","1,2,3,4,4,1,4,4,2,4,1,4,3,4,1,4,5","0.000484943389892578","louvain","graph_2024M01.graphml"
"0.06","0.83","0.11","0.172453634415297","1,2,3,4,4,1,4,4,2,4,1,4,3,4,1,4,5","0.000463962554931641","louvain","graph_2024M01.graphml"
"0.05","0.84","0.11","0.173893789634038","1,2,3,4,4,1,4,4,2,4,1,4,3,4,1,4,5","0.000591039657592773","louvain","graph_2024M01.graphml"
"0.04","0.85","0.11","0.176481281666354","1,2,3,4,4,1,4,4,2,4,1,4,3,4,1,4,5","0.000468015670776367","louvain","graph_2024M01.graphml"
"0.03","0.86","0.11","0.176481281666354","1,2,3,4,4,1,4,4,2,4,1,4,3,4,1,4,5","0.000457048416137695","louvain","graph_2024M01.graphml"
"0.02","0.87","0.11","0.178819788232827","1,2,3,2,4,1,4,4,2,4,1,4,3,4,1,4,5","0.00056910514831543","louvain","graph_2024M01.graphml"
"0.01","0.88","0.11","0.179421768707483","1,2,3,4,4,1,4,4,2,4,1,4,3,4,1,4,5","0.000482082366943359","louvain","graph_2024M01.graphml"
"0","0.89","0.11","0.180035609934259","1,2,3,2,4,1,4,4,2,4,1,4,3,4,1,4,5","0.000461101531982422","louvain","graph_2024M01.graphml"
"0.88","0","0.12","0.186317228416421","1,2,2,1,1,3,2,2,4,2,1,5,2,1,6,2,7","0.000490188598632812","louvain","graph_2024M01.graphml"
"0.87","0.01","0.12","0.184411367852926","1,2,2,1,1,3,2,2,4,2,1,5,2,1,6,4,7","0.000566005706787109","louvain","graph_2024M01.graphml"
"0.86","0.02","0.12","0.178335067637877","1,2,1,1,1,3,2,2,4,2,1,2,2,1,5,4,6","0.000427007675170898","louvain","graph_2024M01.graphml"
"0.85","0.03","0.12","0.178242525051726","1,2,3,1,1,4,3,3,5,2,1,6,3,1,7,3,8","0.000422954559326172","louvain","graph_2024M01.graphml"
"0.84","0.04","0.12","0.181200929338247","1,2,2,1,1,3,2,2,4,2,1,5,2,1,6,4,7","0.000433921813964844","louvain","graph_2024M01.graphml"
"0.83","0.05","0.12","0.18172524208171","1,2,3,1,1,4,3,3,2,2,1,5,3,1,6,3,7","0.000479221343994141","louvain","graph_2024M01.graphml"
"0.82","0.06","0.12","0.176821368693797","1,2,3,1,1,4,3,3,2,2,1,3,3,1,5,3,6","0.000432014465332031","louvain","graph_2024M01.graphml"
"0.81","0.07","0.12","0.1785360463344","1,2,3,1,1,4,3,3,2,2,1,5,3,1,6,3,7","0.00043797492980957","louvain","graph_2024M01.graphml"
"0.8","0.08","0.12","0.184432629387269","1,2,3,1,1,4,3,3,2,2,1,5,3,1,6,3,7","0.000456094741821289","louvain","graph_2024M01.graphml"
"0.79","0.09","0.12","0.184432629387269","1,2,3,1,1,4,3,3,2,2,1,5,3,1,6,3,7","0.000437021255493164","louvain","graph_2024M01.graphml"
"0.78","0.1","0.12","0.175642328349543","1,2,1,1,1,3,4,4,2,4,1,4,4,1,5,2,6","0.000422000885009766","louvain","graph_2024M01.graphml"
"0.77","0.11","0.12","0.177892292059806","1,2,3,1,1,4,3,3,2,2,1,5,3,1,6,3,7","0.000441789627075195","louvain","graph_2024M01.graphml"
"0.76","0.12","0.12","0.180613423899723","1,2,3,1,1,4,3,3,2,2,1,5,3,1,6,3,7","0.000421047210693359","louvain","graph_2024M01.graphml"
"0.75","0.13","0.12","0.177473410622072","1,2,1,1,1,3,4,4,2,4,1,4,4,1,5,2,6","0.000426054000854492","louvain","graph_2024M01.graphml"
"0.74","0.14","0.12","0.178491214163033","1,2,3,1,1,4,3,5,2,5,3,6,3,1,7,5,8","0.000442028045654297","louvain","graph_2024M01.graphml"
"0.73","0.15","0.12","0.174938775510204","1,2,3,1,1,4,3,3,2,2,1,5,3,1,6,2,7","0.000435829162597656","louvain","graph_2024M01.graphml"
"0.72","0.16","0.12","0.183904996722949","1,2,3,1,4,5,3,3,2,4,1,6,3,1,7,4,8","0.000432014465332031","louvain","graph_2024M01.graphml"
"0.71","0.17","0.12","0.182083333333333","1,2,3,1,4,5,3,3,2,4,1,6,3,1,7,4,8","0.000428915023803711","louvain","graph_2024M01.graphml"
"0.7","0.18","0.12","0.18612069228656","1,2,3,1,4,5,3,3,2,4,1,6,3,1,7,4,8","0.000446081161499023","louvain","graph_2024M01.graphml"
"0.69","0.19","0.12","0.180820567947684","1,2,3,1,4,5,3,3,2,4,1,6,3,1,7,1,8","0.000787019729614258","louvain","graph_2024M01.graphml"
"0.68","0.2","0.12","0.180839437618147","1,2,3,1,4,5,3,3,2,4,1,3,3,1,6,4,7","0.000444173812866211","louvain","graph_2024M01.graphml"
"0.67","0.21","0.12","0.182582112476371","1,2,3,1,4,5,3,3,2,4,1,6,3,1,7,4,8","0.000435113906860352","louvain","graph_2024M01.graphml"
"0.66","0.22","0.12","0.181117561268552","1,2,3,1,4,5,3,3,2,4,1,6,3,1,7,1,8","0.000426054000854492","louvain","graph_2024M01.graphml"
"0.65","0.23","0.12","0.17960615663196","1,2,3,1,4,5,3,3,2,4,1,6,3,1,7,1,8","0.000442981719970703","louvain","graph_2024M01.graphml"
"0.64","0.24","0.12","0.170863647346237","1,2,3,1,4,5,3,3,2,4,1,6,3,1,7,1,8","0.000434160232543945","louvain","graph_2024M01.graphml"
"0.63","0.25","0.12","0.169452120310341","1,2,3,1,4,5,3,3,2,4,1,6,3,1,7,1,8","0.000428199768066406","louvain","graph_2024M01.graphml"
"0.62","0.26","0.12","0.170558842866535","1,2,3,1,3,4,3,3,2,3,1,5,3,1,6,3,7","0.000554084777832031","louvain","graph_2024M01.graphml"
"0.61","0.27","0.12","0.167370970651138","1,2,1,1,3,4,3,3,2,3,1,5,3,1,6,3,7","0.000439882278442383","louvain","graph_2024M01.graphml"
"0.6","0.28","0.12","0.1702125","1,2,3,1,3,4,3,3,2,3,1,5,3,1,6,3,7","0.000482082366943359","louvain","graph_2024M01.graphml"
"0.59","0.29","0.12","0.171716046632509","1,2,3,1,4,5,3,3,2,4,1,3,3,1,6,3,7","0.000586986541748047","louvain","graph_2024M01.graphml"
"0.58","0.3","0.12","0.171807129510544","1,2,3,1,4,5,3,3,2,4,1,3,3,1,6,3,7","0.000461101531982422","louvain","graph_2024M01.graphml"
"0.57","0.31","0.12","0.170826888756692","1,2,3,1,3,4,3,5,2,3,3,5,3,1,6,3,7","0.000463008880615234","louvain","graph_2024M01.graphml"
"0.56","0.32","0.12","0.174823216411118","1,2,3,1,3,4,3,5,2,3,3,5,3,1,6,3,7","0.000503063201904297","louvain","graph_2024M01.graphml"
"0.55","0.33","0.12","0.171378860374076","1,2,3,1,3,4,5,5,2,5,3,6,3,1,7,5,8","0.000439167022705078","louvain","graph_2024M01.graphml"
"0.54","0.34","0.12","0.169784580498866","1,2,3,1,3,4,5,5,2,5,3,6,3,1,7,5,8","0.000454902648925781","louvain","graph_2024M01.graphml"
"0.53","0.35","0.12","0.169784580498866","1,2,3,1,3,4,5,5,2,5,3,6,3,1,7,5,8","0.000456094741821289","louvain","graph_2024M01.graphml"
"0.52","0.36","0.12","0.171515792721903","1,2,1,1,3,1,3,3,2,3,1,3,3,1,4,3,5","0.000453948974609375","louvain","graph_2024M01.graphml"
"0.51","0.37","0.12","0.170571665647655","1,2,1,1,1,1,3,3,2,3,1,3,3,2,4,3,5","0.000433921813964844","louvain","graph_2024M01.graphml"
"0.5","0.38","0.12","0.168730843810596","1,2,2,1,3,1,4,4,3,4,2,4,2,1,5,4,6","0.000444889068603516","louvain","graph_2024M01.graphml"
"0.49","0.39","0.12","0.16995867768595","1,2,3,1,2,1,3,3,2,3,3,3,3,1,4,3,5","0.000455141067504883","louvain","graph_2024M01.graphml"
"0.48","0.4","0.12","0.171258219549961","1,2,1,1,2,1,3,3,2,4,4,3,3,4,5,3,6","0.000423908233642578","louvain","graph_2024M01.graphml"
"0.47","0.41","0.12","0.17678024691358","1,2,2,1,3,1,4,2,3,4,2,2,2,1,5,4,6","0.00042414665222168","louvain","graph_2024M01.graphml"
"0.46","0.42","0.12","0.176967913204063","1,2,2,1,2,1,3,3,2,4,3,3,3,4,5,3,6","0.000441789627075195","louvain","graph_2024M01.graphml"
"0.45","0.43","0.12","0.176967913204063","1,2,2,1,2,1,3,3,2,4,3,3,3,4,5,3,6","0.000438928604125977","louvain","graph_2024M01.graphml"
"0.44","0.44","0.12","0.17201701617286","1,2,3,1,3,1,4,2,3,4,4,2,2,1,5,4,6","0.000473976135253906","louvain","graph_2024M01.graphml"
"0.43","0.45","0.12","0.170383154357513","1,2,3,1,3,1,4,2,3,4,4,2,2,1,5,4,6","0.000437021255493164","louvain","graph_2024M01.graphml"
"0.42","0.46","0.12","0.17401745927387","1,2,2,1,2,1,3,3,2,4,3,5,3,4,6,3,7","0.000570774078369141","louvain","graph_2024M01.graphml"
"0.41","0.47","0.12","0.166537991956334","1,2,2,1,3,1,4,3,2,4,4,3,3,1,5,4,6","0.000443935394287109","louvain","graph_2024M01.graphml"
"0.4","0.48","0.12","0.171504350414033","1,2,3,1,2,1,2,2,3,2,2,4,2,1,5,2,6","0.000462055206298828","louvain","graph_2024M01.graphml"
"0.39","0.49","0.12","0.177522843321688","1,2,3,1,2,1,2,2,3,2,2,4,2,1,5,2,6","0.000452995300292969","louvain","graph_2024M01.graphml"
"0.38","0.5","0.12","0.17865889212828","1,2,3,1,2,1,2,2,3,2,2,4,2,1,5,2,6","0.000451087951660156","louvain","graph_2024M01.graphml"
"0.37","0.51","0.12","0.18085856185153","1,2,3,1,2,1,2,2,3,2,2,4,2,1,5,2,6","0.000452041625976562","louvain","graph_2024M01.graphml"
"0.36","0.52","0.12","0.18470669827906","1,2,3,1,2,1,2,2,3,2,2,4,2,1,1,2,5","0.000422000885009766","louvain","graph_2024M01.graphml"
"0.35","0.53","0.12","0.182184","1,2,3,1,2,1,2,2,3,2,2,4,2,1,1,2,5","0.000455856323242188","louvain","graph_2024M01.graphml"
"0.34","0.54","0.12","0.179790796971477","1,2,3,1,2,1,2,2,3,4,2,5,2,1,1,2,6","0.000466108322143555","louvain","graph_2024M01.graphml"
"0.33","0.55","0.12","0.177390400604686","1,2,3,1,2,1,2,2,3,4,2,5,2,1,1,2,6","0.00045013427734375","louvain","graph_2024M01.graphml"
"0.32","0.56","0.12","0.176956103912208","1,2,3,1,3,1,3,3,2,3,3,4,3,1,1,3,5","0.000508785247802734","louvain","graph_2024M01.graphml"
"0.31","0.57","0.12","0.173984466078215","1,2,3,1,3,1,3,3,2,3,3,4,3,1,1,3,5","0.000472068786621094","louvain","graph_2024M01.graphml"
"0.3","0.58","0.12","0.176959530045875","1,2,2,1,3,1,3,3,2,3,3,4,3,1,1,3,5","0.00046992301940918","louvain","graph_2024M01.graphml"
"0.29","0.59","0.12","0.177181952662722","1,2,2,1,3,1,4,4,2,4,4,3,4,1,1,4,5","0.000516176223754883","louvain","graph_2024M01.graphml"
"0.28","0.6","0.12","0.175157946478914","1,2,2,1,3,1,3,3,2,3,3,4,3,1,1,3,5","0.000472068786621094","louvain","graph_2024M01.graphml"
"0.27","0.61","0.12","0.176408976124885","1,2,2,1,3,1,4,4,2,4,4,3,4,1,1,4,5","0.000458955764770508","louvain","graph_2024M01.graphml"
"0.26","0.62","0.12","0.176408976124885","1,2,2,1,3,1,4,4,2,4,4,3,4,1,1,4,5","0.000441074371337891","louvain","graph_2024M01.graphml"
"0.25","0.63","0.12","0.174776697382554","1,2,2,1,3,1,4,4,2,3,4,3,4,1,1,4,5","0.000466108322143555","louvain","graph_2024M01.graphml"
"0.24","0.64","0.12","0.170879341081522","1,2,3,1,4,1,4,4,2,4,1,4,3,1,1,3,5","0.000632047653198242","louvain","graph_2024M01.graphml"
"0.23","0.65","0.12","0.172689642025572","1,2,3,2,4,1,4,4,2,4,1,4,3,1,1,3,5","0.000452995300292969","louvain","graph_2024M01.graphml"
"0.22","0.66","0.12","0.169155630694092","1,2,3,2,4,1,4,4,2,4,1,4,3,1,1,3,5","0.000464916229248047","louvain","graph_2024M01.graphml"
"0.21","0.67","0.12","0.169155630694092","1,2,3,2,4,1,4,4,2,4,1,4,3,1,1,3,5","0.000459909439086914","louvain","graph_2024M01.graphml"
"0.2","0.68","0.12","0.171021487603306","1,2,3,2,4,1,4,4,2,4,1,4,3,1,1,4,5","0.000650882720947266","louvain","graph_2024M01.graphml"
"0.19","0.69","0.12","0.171914543749438","1,2,3,2,4,1,4,5,2,4,1,4,3,4,1,5,6","0.000463008880615234","louvain","graph_2024M01.graphml"
"0.18","0.7","0.12","0.173642684363167","1,2,3,2,4,1,4,4,2,4,1,4,3,4,1,4,5","0.000442981719970703","louvain","graph_2024M01.graphml"
"0.17","0.71","0.12","0.168685528664947","1,2,3,2,4,1,4,4,2,4,1,4,3,4,1,4,5","0.000550031661987305","louvain","graph_2024M01.graphml"
"0.16","0.72","0.12","0.170187750076947","1,2,3,2,4,1,4,4,2,4,1,4,3,4,1,4,5","0.000496864318847656","louvain","graph_2024M01.graphml"
"0.15","0.73","0.12","0.170187750076947","1,2,3,2,4,1,4,4,2,4,1,4,3,4,1,4,5","0.000457048416137695","louvain","graph_2024M01.graphml"
"0.14","0.74","0.12","0.171423715232672","1,2,3,4,5,1,4,4,2,4,1,5,3,4,1,4,6","0.000497102737426758","louvain","graph_2024M01.graphml"
"0.13","0.75","0.12","0.169801606781528","1,2,3,4,5,3,4,4,2,4,1,5,3,4,1,4,6","0.000463962554931641","louvain","graph_2024M01.graphml"
"0.12","0.76","0.12","0.171083241813394","1,2,3,4,4,3,4,4,2,4,1,4,3,4,1,4,5","0.000572919845581055","louvain","graph_2024M01.graphml"
"0.11","0.77","0.12","0.171083241813394","1,2,3,4,4,3,4,4,2,4,1,4,3,4,1,4,5","0.000474929809570312","louvain","graph_2024M01.graphml"
"0.1","0.78","0.12","0.171083241813394","1,2,3,4,4,3,4,4,2,4,1,4,3,4,1,4,5","0.00051116943359375","louvain","graph_2024M01.graphml"
"0.09","0.79","0.12","0.173678222931131","1,2,3,4,4,3,4,4,2,4,1,4,3,4,1,4,5","0.000491857528686523","louvain","graph_2024M01.graphml"
"0.08","0.8","0.12","0.176817006607297","1,2,3,2,4,3,4,4,2,4,1,4,3,4,1,4,5","0.000487089157104492","louvain","graph_2024M01.graphml"
"0.07","0.81","0.12","0.175914966963516","1,2,3,4,4,3,4,4,2,4,1,4,3,4,1,4,5","0.000463962554931641","louvain","graph_2024M01.graphml"
"0.06","0.82","0.12","0.176817006607297","1,2,3,2,4,3,4,4,2,4,1,4,3,4,1,4,5","0.000496149063110352","louvain","graph_2024M01.graphml"
"0.05","0.83","0.12","0.173173939167205","1,2,3,4,4,3,4,4,2,4,1,4,3,4,1,4,5","0.00049591064453125","louvain","graph_2024M01.graphml"
"0.04","0.84","0.12","0.176857871325924","1,2,3,4,5,3,4,4,2,4,1,5,3,4,1,4,6","0.000455856323242188","louvain","graph_2024M01.graphml"
"0.03","0.85","0.12","0.169163223140496","1,2,3,2,4,3,4,4,2,2,1,4,3,1,1,4,5","0.000484943389892578","louvain","graph_2024M01.graphml"
"0.02","0.86","0.12","0.171823635765944","1,2,1,2,3,4,3,3,2,2,1,3,4,1,1,3,5","0.000456094741821289","louvain","graph_2024M01.graphml"
"0.01","0.87","0.12","0.168158226253464","1,2,1,1,3,4,3,3,2,3,4,3,4,3,1,3,5","0.000587940216064453","louvain","graph_2024M01.graphml"
"0","0.88","0.12","0.169529121935587","1,2,1,1,3,4,3,3,2,3,4,3,4,3,1,3,5","0.000500917434692383","louvain","graph_2024M01.graphml"
"0.87","0","0.13","0.177180172381347","1,2,3,1,1,4,3,3,2,2,3,5,3,1,6,3,7","0.000433921813964844","louvain","graph_2024M01.graphml"
"0.86","0.01","0.13","0.173102046741182","1,2,3,1,1,4,3,3,2,2,3,5,3,1,6,3,7","0.000430107116699219","louvain","graph_2024M01.graphml"
"0.85","0.02","0.13","0.171949514145362","1,2,1,1,1,3,4,4,2,4,2,4,4,1,5,1,6","0.000427961349487305","louvain","graph_2024M01.graphml"
"0.84","0.03","0.13","0.176808060525655","1,2,3,1,1,4,3,3,2,2,3,5,3,1,6,3,7","0.000418901443481445","louvain","graph_2024M01.graphml"
"0.83","0.04","0.13","0.171325821995465","1,2,3,1,1,4,3,3,2,2,3,3,3,1,5,3,6","0.000426054000854492","louvain","graph_2024M01.graphml"
"0.82","0.05","0.13","0.170570934256055","1,2,3,1,1,4,3,3,2,3,1,5,3,1,6,3,7","0.000440120697021484","louvain","graph_2024M01.graphml"
"0.81","0.06","0.13","0.170531103587429","1,2,3,1,1,4,3,3,2,2,3,5,3,1,6,3,7","0.00042414665222168","louvain","graph_2024M01.graphml"
"0.8","0.07","0.13","0.170531103587429","1,2,3,1,1,4,3,3,2,2,3,5,3,1,6,3,7","0.000430107116699219","louvain","graph_2024M01.graphml"
"0.79","0.08","0.13","0.173436734693878","1,2,3,1,1,4,3,3,2,3,1,5,3,1,6,3,7","0.000430107116699219","louvain","graph_2024M01.graphml"
"0.78","0.09","0.13","0.177806505154968","1,2,3,1,1,4,3,3,2,3,1,5,3,1,6,3,7","0.000432968139648438","louvain","graph_2024M01.graphml"
"0.77","0.1","0.13","0.17310633251147","1,2,3,1,4,5,3,3,2,4,1,6,3,1,7,4,8","0.000425100326538086","louvain","graph_2024M01.graphml"
"0.76","0.11","0.13","0.170910493827161","1,2,3,1,4,5,3,3,2,4,1,6,3,1,7,4,8","0.000425815582275391","louvain","graph_2024M01.graphml"
"0.75","0.12","0.13","0.177922352372902","1,2,3,1,4,5,3,3,2,4,1,6,3,1,7,1,8","0.000406026840209961","louvain","graph_2024M01.graphml"
"0.74","0.13","0.13","0.182582112476371","1,2,3,1,4,5,3,3,2,4,1,6,3,1,7,4,8","0.000418901443481445","louvain","graph_2024M01.graphml"
"0.73","0.14","0.13","0.179058594755355","1,2,3,1,3,4,3,3,2,3,1,5,3,1,6,1,7","0.000470876693725586","louvain","graph_2024M01.graphml"
"0.72","0.15","0.13","0.172461577223482","1,2,3,1,3,4,3,3,2,3,1,5,3,1,6,1,7","0.00043797492980957","louvain","graph_2024M01.graphml"
"0.71","0.16","0.13","0.165079752604167","1,2,3,1,3,4,3,3,2,3,1,5,3,1,6,1,7","0.00070500373840332","louvain","graph_2024M01.graphml"
"0.7","0.17","0.13","0.166429980276134","1,2,3,1,4,5,3,3,2,4,1,3,3,1,6,3,7","0.000526905059814453","louvain","graph_2024M01.graphml"
"0.69","0.18","0.13","0.168640670553936","1,2,3,1,4,5,3,3,2,4,1,3,3,1,6,3,7","0.000432968139648438","louvain","graph_2024M01.graphml"
"0.68","0.19","0.13","0.167035996804865","1,2,3,1,3,4,3,3,2,3,1,5,3,1,6,3,7","0.0004730224609375","louvain","graph_2024M01.graphml"
"0.67","0.2","0.13","0.163950107131925","1,2,3,1,3,4,3,3,2,3,1,5,3,1,6,3,7","0.000445127487182617","louvain","graph_2024M01.graphml"
"0.66","0.21","0.13","0.1637","1,2,3,1,4,5,3,3,2,4,1,3,3,1,6,3,7","0.000540971755981445","louvain","graph_2024M01.graphml"
"0.65","0.22","0.13","0.167619613375907","1,2,3,1,4,5,3,3,2,4,1,3,3,1,6,3,7","0.000431060791015625","louvain","graph_2024M01.graphml"
"0.64","0.23","0.13","0.167619613375907","1,2,3,1,4,5,3,3,2,4,1,3,3,1,6,3,7","0.000435829162597656","louvain","graph_2024M01.graphml"
"0.63","0.24","0.13","0.169052876798758","1,2,3,1,4,5,3,3,2,4,1,3,3,1,6,3,7","0.000435113906860352","louvain","graph_2024M01.graphml"
"0.62","0.25","0.13","0.170656989348666","1,2,3,1,3,4,3,3,2,2,1,3,3,2,5,3,6","0.000509977340698242","louvain","graph_2024M01.graphml"
"0.61","0.26","0.13","0.173273391272189","1,2,3,1,4,5,3,3,2,4,1,3,3,4,6,3,7","0.0004730224609375","louvain","graph_2024M01.graphml"
"0.6","0.27","0.13","0.164506637317221","1,2,3,1,3,4,3,3,2,3,3,5,3,1,6,3,7","0.000494003295898438","louvain","graph_2024M01.graphml"
"0.59","0.28","0.13","0.171681103837422","1,2,1,1,3,1,4,4,2,3,1,4,4,3,5,4,6","0.00042414665222168","louvain","graph_2024M01.graphml"
"0.58","0.29","0.13","0.169269875608437","1,2,3,1,3,1,3,3,2,3,1,3,3,1,4,3,5","0.000447988510131836","louvain","graph_2024M01.graphml"
"0.57","0.3","0.13","0.170219257638246","1,2,3,1,1,1,3,3,2,4,1,3,3,4,5,3,6","0.000449895858764648","louvain","graph_2024M01.graphml"
"0.56","0.31","0.13","0.170596943349805","1,2,3,1,2,1,3,3,2,4,1,3,3,4,5,3,6","0.000552892684936523","louvain","graph_2024M01.graphml"
"0.55","0.32","0.13","0.170346740059632","1,2,3,1,2,1,3,3,2,2,1,3,3,2,4,3,5","0.000422000885009766","louvain","graph_2024M01.graphml"
"0.54","0.33","0.13","0.174515263815237","1,2,3,1,2,1,3,3,2,3,1,3,3,1,4,3,5","0.000468015670776367","louvain","graph_2024M01.graphml"
"0.53","0.34","0.13","0.177425462372449","1,2,2,1,2,1,3,3,2,4,1,3,3,4,5,3,6","0.000488996505737305","louvain","graph_2024M01.graphml"
"0.52","0.35","0.13","0.174548148148148","1,2,3,1,3,1,4,2,3,4,2,2,2,1,5,4,6","0.000437021255493164","louvain","graph_2024M01.graphml"
"0.51","0.36","0.13","0.173652987704597","1,2,2,1,2,1,3,3,2,4,1,3,3,4,5,3,6","0.000452995300292969","louvain","graph_2024M01.graphml"
"0.5","0.37","0.13","0.170377241805813","1,2,2,1,3,1,4,3,2,4,3,3,3,1,5,4,6","0.00043797492980957","louvain","graph_2024M01.graphml"
"0.49","0.38","0.13","0.170043655252445","1,2,2,1,2,1,3,3,2,4,3,3,3,4,5,3,6","0.00045013427734375","louvain","graph_2024M01.graphml"
"0.48","0.39","0.13","0.164028972385695","1,2,3,1,3,1,4,2,3,4,4,2,2,1,5,4,6","0.000442981719970703","louvain","graph_2024M01.graphml"
"0.47","0.4","0.13","0.163413889686872","1,2,2,1,2,1,3,3,2,4,3,3,3,4,5,3,6","0.00044703483581543","louvain","graph_2024M01.graphml"
"0.46","0.41","0.13","0.17046875","1,2,3,1,2,1,2,2,3,2,2,4,2,1,5,2,6","0.000448942184448242","louvain","graph_2024M01.graphml"
"0.45","0.42","0.13","0.173077254179508","1,2,3,1,3,1,2,2,3,2,2,4,2,1,5,2,6","0.000834941864013672","louvain","graph_2024M01.graphml"
"0.44","0.43","0.13","0.176362611843453","1,2,3,1,3,1,2,2,3,2,2,4,2,1,5,2,6","0.000452995300292969","louvain","graph_2024M01.graphml"
"0.43","0.44","0.13","0.180191586838817","1,2,3,1,2,1,2,2,3,2,2,4,2,1,1,2,5","0.000527858734130859","louvain","graph_2024M01.graphml"
"0.42","0.45","0.13","0.181356996496794","1,2,3,1,2,1,2,2,3,2,2,4,2,1,1,2,5","0.000528097152709961","louvain","graph_2024M01.graphml"
"0.41","0.46","0.13","0.1774487508266","1,2,3,1,2,1,2,2,3,2,2,4,2,1,1,2,5","0.000468969345092773","louvain","graph_2024M01.graphml"
"0.4","0.47","0.13","0.179679687624006","1,2,3,1,2,1,2,2,3,2,2,4,2,1,1,2,5","0.000470161437988281","louvain","graph_2024M01.graphml"
"0.39","0.48","0.13","0.177685505574779","1,2,3,1,2,1,2,2,3,2,2,4,2,1,1,2,5","0.000470161437988281","louvain","graph_2024M01.graphml"
"0.38","0.49","0.13","0.177685505574779","1,2,3,1,2,1,2,2,3,2,2,4,2,1,1,2,5","0.000544071197509766","louvain","graph_2024M01.graphml"
"0.37","0.5","0.13","0.173984466078215","1,2,3,1,3,1,3,3,2,3,3,4,3,1,1,3,5","0.000462055206298828","louvain","graph_2024M01.graphml"
"0.36","0.51","0.13","0.17381225682384","1,2,2,1,3,1,3,3,2,3,3,4,3,1,1,3,5","0.000451087951660156","louvain","graph_2024M01.graphml"
"0.35","0.52","0.13","0.175613905325444","1,2,2,1,3,1,3,3,2,3,3,4,3,1,1,3,5","0.000451087951660156","louvain","graph_2024M01.graphml"
"0.34","0.53","0.13","0.175157946478914","1,2,2,1,3,1,3,3,2,3,3,4,3,1,1,3,5","0.00044703483581543","louvain","graph_2024M01.graphml"
"0.33","0.54","0.13","0.172843491735537","1,2,2,1,3,1,3,3,2,3,3,4,3,1,1,3,5","0.000503063201904297","louvain","graph_2024M01.graphml"
"0.32","0.55","0.13","0.172843491735537","1,2,2,1,3,1,3,3,2,3,3,4,3,1,1,3,5","0.000455856323242188","louvain","graph_2024M01.graphml"
"0.31","0.56","0.13","0.172932330827068","1,2,2,1,3,1,3,3,2,3,3,4,3,1,1,3,5","0.00051116943359375","louvain","graph_2024M01.graphml"
"0.3","0.57","0.13","0.168470507544582","1,2,3,1,4,1,5,5,2,4,1,4,3,1,1,5,6","0.000431060791015625","louvain","graph_2024M01.graphml"
"0.29","0.58","0.13","0.167171280276817","1,2,3,2,4,1,4,4,2,4,1,4,3,1,1,3,5","0.000421762466430664","louvain","graph_2024M01.graphml"
"0.28","0.59","0.13","0.166556282439446","1,2,3,2,4,1,5,5,2,4,1,4,3,1,1,5,6","0.000467061996459961","louvain","graph_2024M01.graphml"
"0.27","0.6","0.13","0.170307438016529","1,2,3,2,4,3,4,4,2,4,1,4,3,1,1,3,5","0.000447988510131836","louvain","graph_2024M01.graphml"
"0.26","0.61","0.13","0.168707992018483","1,2,3,2,4,3,4,4,2,4,3,4,3,1,1,1,5","0.00044703483581543","louvain","graph_2024M01.graphml"
"0.25","0.62","0.13","0.164330357142857","1,2,3,2,4,3,4,4,2,4,1,4,3,1,1,4,5","0.000480890274047852","louvain","graph_2024M01.graphml"
"0.24","0.63","0.13","0.166911513278707","1,2,3,2,4,3,4,4,2,4,1,4,3,1,1,4,5","0.000481128692626953","louvain","graph_2024M01.graphml"
"0.23","0.64","0.13","0.167331486611265","1,2,3,2,4,3,4,4,2,4,1,4,3,4,1,4,5","0.000573873519897461","louvain","graph_2024M01.graphml"
"0.22","0.65","0.13","0.167331486611265","1,2,3,2,4,3,4,4,2,4,1,4,3,4,1,4,5","0.00049901008605957","louvain","graph_2024M01.graphml"
"0.21","0.66","0.13","0.170112230426916","1,2,3,2,4,3,4,4,2,4,1,4,3,4,1,4,5","0.000483036041259766","louvain","graph_2024M01.graphml"
"0.2","0.67","0.13","0.170398099922839","1,2,3,2,4,3,4,4,2,4,1,4,3,4,1,4,5","0.000491142272949219","louvain","graph_2024M01.graphml"
"0.19","0.68","0.13","0.171189060642093","1,2,3,4,5,3,4,4,2,4,1,5,3,4,1,4,6","0.000475168228149414","louvain","graph_2024M01.graphml"
"0.18","0.69","0.13","0.171083241813394","1,2,3,4,4,3,4,4,2,4,1,4,3,4,1,4,5","0.000483989715576172","louvain","graph_2024M01.graphml"
"0.17","0.7","0.13","0.171083241813394","1,2,3,4,4,3,4,4,2,4,1,4,3,4,1,4,5","0.000483036041259766","louvain","graph_2024M01.graphml"
"0.16","0.71","0.13","0.169192156126853","1,2,3,4,5,3,4,4,2,4,1,5,3,4,1,4,6","0.000458002090454102","louvain","graph_2024M01.graphml"
"0.15","0.72","0.13","0.171679343964403","1,2,3,2,4,3,4,4,2,4,1,4,3,4,1,4,5","0.000458955764770508","louvain","graph_2024M01.graphml"
"0.14","0.73","0.13","0.171933352484918","1,2,3,4,4,3,4,4,2,4,1,4,3,4,1,4,5","0.000473976135253906","louvain","graph_2024M01.graphml"
"0.13","0.74","0.13","0.170562454346238","1,2,3,4,4,3,4,4,2,4,1,4,3,4,1,4,5","0.000491857528686523","louvain","graph_2024M01.graphml"
"0.12","0.75","0.13","0.170562454346238","1,2,3,4,4,3,4,4,2,4,1,4,3,4,1,4,5","0.000500917434692383","louvain","graph_2024M01.graphml"
"0.11","0.76","0.13","0.170228279461427","1,2,3,4,5,3,4,4,2,4,1,5,3,4,1,4,6","0.000470161437988281","louvain","graph_2024M01.graphml"
"0.1","0.77","0.13","0.168001623307275","1,2,3,4,5,3,4,4,2,4,1,5,3,4,1,4,6","0.000504970550537109","louvain","graph_2024M01.graphml"
"0.09","0.78","0.13","0.165431565188059","1,2,1,3,4,4,2,4,3,2,1,4,4,2,1,4,5","0.000716924667358398","louvain","graph_2024M01.graphml"
"0.08","0.79","0.13","0.162172640894945","1,2,1,1,3,4,3,3,2,3,4,3,4,3,1,3,5","0.000459909439086914","louvain","graph_2024M01.graphml"
"0.07","0.8","0.13","0.166583837072498","1,2,1,1,3,4,3,3,2,3,4,3,4,3,1,3,5","0.000486135482788086","louvain","graph_2024M01.graphml"
"0.06","0.81","0.13","0.166860278801474","1,2,1,1,3,4,3,3,2,3,4,3,4,3,1,3,5","0.000471830368041992","louvain","graph_2024M01.graphml"
"0.05","0.82","0.13","0.165644995969708","1,2,1,1,3,4,3,3,2,3,4,3,4,3,1,3,5","0.000444173812866211","louvain","graph_2024M01.graphml"
"0.04","0.83","0.13","0.1682958984375","1,2,1,1,3,4,3,3,2,5,4,3,4,5,1,3,6","0.000462055206298828","louvain","graph_2024M01.graphml"
"0.03","0.84","0.13","0.169621801030658","1,2,1,1,3,4,3,3,2,3,4,3,4,3,1,3,5","0.000471830368041992","louvain","graph_2024M01.graphml"
"0.02","0.85","0.13","0.16839145866286","1,2,1,1,3,4,3,3,2,3,4,3,4,3,1,3,5","0.000464916229248047","louvain","graph_2024M01.graphml"
"0.01","0.86","0.13","0.168326627218935","1,2,1,1,3,4,3,3,2,3,4,3,4,3,1,3,5","0.000507116317749023","louvain","graph_2024M01.graphml"
"0","0.87","0.13","0.167143618662851","1,2,3,1,4,4,5,3,2,5,1,3,4,5,1,3,6","0.000479936599731445","louvain","graph_2024M01.graphml"
"0.86","0","0.14","0.169044077879935","1,2,3,1,1,4,3,3,2,5,3,6,3,1,7,3,8","0.00046086311340332","louvain","graph_2024M01.graphml"
"0.85","0.01","0.14","0.173208163265306","1,2,3,1,1,4,3,3,2,3,1,5,3,1,6,3,7","0.000445842742919922","louvain","graph_2024M01.graphml"
"0.84","0.02","0.14","0.165709087426985","1,2,3,1,3,4,3,3,2,2,1,5,3,1,6,2,7","0.000418901443481445","louvain","graph_2024M01.graphml"
"0.83","0.03","0.14","0.165397459505009","1,2,1,1,3,4,3,3,2,3,1,5,3,1,6,3,7","0.000440120697021484","louvain","graph_2024M01.graphml"
"0.82","0.04","0.14","0.167484567901235","1,2,3,1,3,4,3,3,2,3,1,5,3,1,6,3,7","0.000453948974609375","louvain","graph_2024M01.graphml"
"0.81","0.05","0.14","0.170412925330813","1,2,3,1,3,4,3,3,2,3,1,5,3,1,6,1,7","0.000452995300292969","louvain","graph_2024M01.graphml"
"0.8","0.06","0.14","0.174828341855369","1,2,3,1,3,4,3,3,2,3,1,5,3,1,6,1,7","0.000421047210693359","louvain","graph_2024M01.graphml"
"0.79","0.07","0.14","0.169464382738997","1,2,3,1,3,4,3,5,2,3,1,6,3,1,7,5,8","0.000513076782226562","louvain","graph_2024M01.graphml"
"0.78","0.08","0.14","0.168157894736842","1,2,3,1,4,5,3,3,2,4,1,3,3,1,6,1,7","0.00043487548828125","louvain","graph_2024M01.graphml"
"0.77","0.09","0.14","0.16758711374096","1,2,1,1,3,4,3,3,2,3,1,5,3,1,6,3,7","0.000465154647827148","louvain","graph_2024M01.graphml"
"0.76","0.1","0.14","0.166429980276134","1,2,3,1,4,5,3,3,2,4,1,3,3,1,6,3,7","0.000428915023803711","louvain","graph_2024M01.graphml"
"0.75","0.11","0.14","0.161470277512948","1,2,3,1,4,5,3,3,2,4,1,3,3,1,6,3,7","0.000450849533081055","louvain","graph_2024M01.graphml"
"0.74","0.12","0.14","0.158389450056117","1,2,2,1,2,3,4,4,5,2,2,6,2,1,7,2,8","0.000429868698120117","louvain","graph_2024M01.graphml"
"0.73","0.13","0.14","0.16405","1,2,3,1,3,4,3,3,2,3,1,5,3,1,6,3,7","0.000436067581176758","louvain","graph_2024M01.graphml"
"0.72","0.14","0.14","0.165837479270315","1,2,3,1,4,5,3,3,2,4,1,3,3,1,6,3,7","0.000422954559326172","louvain","graph_2024M01.graphml"
"0.71","0.15","0.14","0.166307764659291","1,2,3,1,4,5,3,3,2,4,1,6,3,1,7,3,8","0.000437021255493164","louvain","graph_2024M01.graphml"
"0.7","0.16","0.14","0.170228408979512","1,2,1,1,3,4,3,3,2,3,1,5,3,1,6,3,7","0.000442028045654297","louvain","graph_2024M01.graphml"
"0.69","0.17","0.14","0.170235005767013","1,2,1,1,3,4,3,3,2,3,1,5,3,1,6,3,7","0.000478029251098633","louvain","graph_2024M01.graphml"
"0.68","0.18","0.14","0.170937478120843","1,2,3,1,4,5,3,3,2,4,1,3,3,4,6,3,7","0.000414848327636719","louvain","graph_2024M01.graphml"
"0.67","0.19","0.14","0.170937478120843","1,2,3,1,4,5,3,3,2,4,1,3,3,4,6,3,7","0.000463008880615234","louvain","graph_2024M01.graphml"
"0.66","0.2","0.14","0.170166887536219","1,2,3,1,2,1,3,3,2,2,1,3,3,2,4,3,5","0.000453948974609375","louvain","graph_2024M01.graphml"
"0.65","0.21","0.14","0.16860642850904","1,2,1,1,3,1,3,3,2,3,1,3,3,1,4,3,5","0.000444173812866211","louvain","graph_2024M01.graphml"
"0.64","0.22","0.14","0.168224001359128","1,2,3,1,1,1,3,3,2,4,1,3,3,4,5,3,6","0.00043797492980957","louvain","graph_2024M01.graphml"
"0.63","0.23","0.14","0.168224001359128","1,2,3,1,1,1,3,3,2,4,1,3,3,4,5,3,6","0.00044703483581543","louvain","graph_2024M01.graphml"
"0.62","0.24","0.14","0.170596943349805","1,2,3,1,2,1,3,3,2,4,1,3,3,4,5,3,6","0.000569820404052734","louvain","graph_2024M01.graphml"
"0.61","0.25","0.14","0.172438016528926","1,2,3,1,2,1,3,3,2,4,1,3,3,4,5,3,6","0.00045013427734375","louvain","graph_2024M01.graphml"
"0.6","0.26","0.14","0.172438016528926","1,2,3,1,2,1,3,3,2,4,1,3,3,4,5,3,6","0.000435113906860352","louvain","graph_2024M01.graphml"
"0.59","0.27","0.14","0.175878581283987","1,2,2,1,2,1,3,3,2,4,1,3,3,4,5,3,6","0.000452995300292969","louvain","graph_2024M01.graphml"
"0.58","0.28","0.14","0.171401440989897","1,2,2,1,2,1,3,3,2,3,3,3,3,1,4,3,5","0.00104308128356934","louvain","graph_2024M01.graphml"
"0.57","0.29","0.14","0.170372418527488","1,2,2,1,2,1,3,3,2,4,1,3,3,4,5,3,6","0.000449895858764648","louvain","graph_2024M01.graphml"
"0.56","0.3","0.14","0.166123198590731","1,2,3,1,3,1,4,2,3,4,2,2,2,1,5,4,6","0.000468969345092773","louvain","graph_2024M01.graphml"
"0.55","0.31","0.14","0.161763893238041","1,2,2,1,2,1,3,3,2,4,1,3,3,4,5,3,6","0.000454902648925781","louvain","graph_2024M01.graphml"
"0.54","0.32","0.14","0.161069106581927","1,2,3,1,2,1,2,2,3,2,2,4,2,1,5,2,6","0.000450849533081055","louvain","graph_2024M01.graphml"
"0.53","0.33","0.14","0.164624673398771","1,2,3,1,2,1,2,2,3,2,2,4,2,1,5,2,6","0.000466108322143555","louvain","graph_2024M01.graphml"
"0.52","0.34","0.14","0.165893454246249","1,2,3,1,2,1,2,2,3,2,2,4,2,1,5,2,6","0.000466108322143555","louvain","graph_2024M01.graphml"
"0.51","0.35","0.14","0.164116524570648","1,2,3,1,3,1,4,2,3,4,4,2,2,1,5,4,6","0.000464916229248047","louvain","graph_2024M01.graphml"
"0.5","0.36","0.14","0.174979509596339","1,2,3,1,3,1,2,2,3,2,2,4,2,1,1,2,5","0.000422954559326172","louvain","graph_2024M01.graphml"
"0.49","0.37","0.14","0.180101115291588","1,2,3,1,3,1,2,2,3,2,2,4,2,1,1,2,5","0.000449180603027344","louvain","graph_2024M01.graphml"
"0.48","0.38","0.14","0.177647233789411","1,2,3,1,2,1,2,2,3,2,2,4,2,1,1,2,5","0.000454902648925781","louvain","graph_2024M01.graphml"
"0.47","0.39","0.14","0.173915517689906","1,2,3,1,3,1,2,2,3,2,2,4,2,1,1,2,5","0.000442028045654297","louvain","graph_2024M01.graphml"
"0.46","0.4","0.14","0.172473452802336","1,2,3,1,2,1,2,2,3,2,2,4,2,1,1,2,5","0.000456094741821289","louvain","graph_2024M01.graphml"
"0.45","0.41","0.14","0.174335474930713","1,2,3,1,2,1,2,2,3,2,2,4,2,1,1,2,5","0.000437021255493164","louvain","graph_2024M01.graphml"
"0.44","0.42","0.14","0.174135098270197","1,2,3,1,2,1,2,2,3,2,2,4,2,1,1,2,5","0.000586986541748047","louvain","graph_2024M01.graphml"
"0.43","0.43","0.14","0.173576354980469","1,2,3,1,2,1,2,2,3,2,2,4,2,1,1,2,5","0.000530004501342773","louvain","graph_2024M01.graphml"
"0.42","0.44","0.14","0.165412234841656","1,2,3,1,3,1,3,3,2,4,1,3,3,1,1,3,5","0.000454902648925781","louvain","graph_2024M01.graphml"
"0.41","0.45","0.14","0.170762319989431","1,2,3,1,4,3,4,4,2,4,1,5,3,1,1,4,6","0.000471830368041992","louvain","graph_2024M01.graphml"
"0.4","0.46","0.14","0.16616892954956","1,2,2,1,3,3,3,3,2,4,1,3,3,1,1,3,5","0.000607967376708984","louvain","graph_2024M01.graphml"
"0.39","0.47","0.14","0.169486053719008","1,2,3,1,4,3,4,4,2,4,1,5,3,1,1,4,6","0.000442981719970703","louvain","graph_2024M01.graphml"
"0.38","0.48","0.14","0.16822601616824","1,2,3,1,4,3,4,4,2,5,1,4,3,1,1,3,6","0.000555992126464844","louvain","graph_2024M01.graphml"
"0.37","0.49","0.14","0.166484708613756","1,2,3,1,4,3,5,5,2,5,5,4,3,1,1,5,6","0.000464916229248047","louvain","graph_2024M01.graphml"
"0.36","0.5","0.14","0.164261107555725","1,2,3,1,4,3,4,4,2,4,1,4,3,1,1,3,5","0.000457048416137695","louvain","graph_2024M01.graphml"
"0.35","0.51","0.14","0.163596182958478","1,2,3,2,4,3,5,5,2,4,1,4,3,1,1,5,6","0.000444889068603516","louvain","graph_2024M01.graphml"
"0.34","0.52","0.14","0.163596182958478","1,2,3,2,4,3,5,5,2,4,1,4,3,1,1,5,6","0.000458955764770508","louvain","graph_2024M01.graphml"
"0.33","0.53","0.14","0.162552620260918","1,2,3,2,4,3,4,4,2,4,1,4,3,1,1,4,5","0.000466823577880859","louvain","graph_2024M01.graphml"
"0.32","0.54","0.14","0.160621862222452","1,2,3,2,4,3,4,4,2,4,1,4,3,1,1,4,5","0.00047612190246582","louvain","graph_2024M01.graphml"
"0.31","0.55","0.14","0.163641268740124","1,2,3,2,4,3,4,4,2,4,1,4,3,1,1,3,5","0.000485897064208984","louvain","graph_2024M01.graphml"
"0.3","0.56","0.14","0.163641268740124","1,2,3,2,4,3,4,4,2,4,1,4,3,1,1,3,5","0.000463962554931641","louvain","graph_2024M01.graphml"
"0.29","0.57","0.14","0.168345405160706","1,2,3,2,4,3,4,4,2,4,1,4,3,1,1,4,5","0.000473976135253906","louvain","graph_2024M01.graphml"
"0.28","0.58","0.14","0.164949215143121","1,2,3,4,5,3,5,4,2,4,1,5,3,1,1,4,6","0.000464916229248047","louvain","graph_2024M01.graphml"
"0.27","0.59","0.14","0.166883172067161","1,2,2,2,3,4,3,4,2,3,1,3,4,3,1,4,5","0.000513076782226562","louvain","graph_2024M01.graphml"
"0.26","0.6","0.14","0.166282217824667","1,2,3,2,4,3,4,3,2,4,1,4,3,4,1,3,5","0.000483989715576172","louvain","graph_2024M01.graphml"
"0.25","0.61","0.14","0.167867961351037","1,2,3,2,4,3,4,4,2,4,1,4,3,4,1,4,5","0.000494003295898438","louvain","graph_2024M01.graphml"
"0.24","0.62","0.14","0.165190249702735","1,2,2,3,4,5,3,5,2,3,1,4,5,3,1,5,6","0.000468969345092773","louvain","graph_2024M01.graphml"
"0.23","0.63","0.14","0.167992638236904","1,2,3,4,5,3,4,4,2,4,1,5,3,4,1,4,6","0.000494956970214844","louvain","graph_2024M01.graphml"
"0.22","0.64","0.14","0.167992638236904","1,2,3,4,5,3,4,4,2,4,1,5,3,4,1,4,6","0.000500917434692383","louvain","graph_2024M01.graphml"
"0.21","0.65","0.14","0.167986210858949","1,2,3,4,4,3,4,4,2,4,1,4,3,4,1,4,5","0.000490188598632812","louvain","graph_2024M01.graphml"
"0.2","0.66","0.14","0.167509359021183","1,2,3,4,3,3,4,4,2,4,1,3,3,4,1,4,5","0.000486850738525391","louvain","graph_2024M01.graphml"
"0.19","0.67","0.14","0.168477771271564","1,2,3,4,3,3,4,4,2,4,1,3,3,4,1,4,5","0.000586986541748047","louvain","graph_2024M01.graphml"
"0.18","0.68","0.14","0.16759320365544","1,2,3,4,5,3,4,4,2,4,1,5,3,4,1,4,6","0.000478029251098633","louvain","graph_2024M01.graphml"
"0.17","0.69","0.14","0.165501203585705","1,2,3,4,5,3,4,4,2,4,1,5,3,4,1,4,6","0.000482082366943359","louvain","graph_2024M01.graphml"
"0.16","0.7","0.14","0.159640951097624","1,2,1,3,4,4,3,4,2,3,1,4,4,3,1,4,5","0.000478982925415039","louvain","graph_2024M01.graphml"
"0.15","0.71","0.14","0.15968262226847","1,2,1,1,3,4,3,3,2,3,4,3,4,3,1,3,5","0.000452041625976562","louvain","graph_2024M01.graphml"
"0.14","0.72","0.14","0.159780134532352","1,2,1,1,3,4,3,3,2,3,4,3,4,3,1,3,5","0.000504016876220703","louvain","graph_2024M01.graphml"
"0.13","0.73","0.14","0.161167795853787","1,2,1,1,3,4,3,3,2,3,4,3,4,3,1,3,5","0.000484943389892578","louvain","graph_2024M01.graphml"
"0.12","0.74","0.14","0.162776518014613","1,2,1,1,3,4,5,3,2,5,4,3,4,5,1,3,6","0.000476837158203125","louvain","graph_2024M01.graphml"
"0.11","0.75","0.14","0.162776518014613","1,2,1,1,3,4,5,3,2,5,4,3,4,5,1,3,6","0.00056004524230957","louvain","graph_2024M01.graphml"
"0.1","0.76","0.14","0.163408290811281","1,2,1,1,3,4,5,3,2,5,4,3,4,5,1,3,6","0.000474929809570312","louvain","graph_2024M01.graphml"
"0.09","0.77","0.14","0.162151344469735","1,2,1,1,3,4,3,3,2,3,4,3,4,3,1,3,5","0.000478982925415039","louvain","graph_2024M01.graphml"
"0.08","0.78","0.14","0.163303993293705","1,2,1,1,3,4,3,3,2,3,4,3,4,3,1,3,5","0.0004730224609375","louvain","graph_2024M01.graphml"
"0.07","0.79","0.14","0.162125443786982","1,2,1,3,4,3,4,4,2,4,1,4,3,4,1,4,5","0.000483989715576172","louvain","graph_2024M01.graphml"
"0.06","0.8","0.14","0.164908490680732","1,2,1,3,4,3,4,4,2,4,1,4,3,4,1,4,5","0.000471830368041992","louvain","graph_2024M01.graphml"
"0.05","0.81","0.14","0.16577743902439","1,2,1,3,4,3,2,2,4,2,1,2,3,2,1,2,5","0.000512123107910156","louvain","graph_2024M01.graphml"
"0.04","0.82","0.14","0.166910009182736","1,2,1,3,4,3,4,4,2,4,1,4,3,4,1,4,5","0.000489950180053711","louvain","graph_2024M01.graphml"
"0.03","0.83","0.14","0.166204215003514","1,2,1,3,4,3,4,4,2,4,1,4,3,4,1,4,5","0.00049591064453125","louvain","graph_2024M01.graphml"
"0.02","0.84","0.14","0.166204215003514","1,2,1,3,4,3,4,4,2,4,1,4,3,4,1,4,5","0.000497102737426758","louvain","graph_2024M01.graphml"
"0.01","0.85","0.14","0.168368353114131","1,2,3,4,5,4,5,5,2,3,1,5,4,1,1,5,6","0.00047612190246582","louvain","graph_2024M01.graphml"
"0","0.86","0.14","0.166068771258503","1,2,3,4,5,4,5,5,2,3,1,5,4,1,1,5,6","0.000499963760375977","louvain","graph_2024M01.graphml"
"0.85","0","0.15","0.165602866661068","1,2,3,1,4,5,3,3,2,4,1,3,3,1,6,1,7","0.000492095947265625","louvain","graph_2024M01.graphml"
"0.84","0.01","0.15","0.163886176215278","1,2,3,1,4,5,3,3,2,4,1,3,3,1,6,3,7","0.000439882278442383","louvain","graph_2024M01.graphml"
"0.83","0.02","0.15","0.159217513536027","1,2,3,1,4,5,3,3,2,4,1,3,3,1,6,3,7","0.000422954559326172","louvain","graph_2024M01.graphml"
"0.82","0.03","0.15","0.1605190545606","1,2,1,1,3,4,3,3,2,3,1,5,3,1,6,3,7","0.000451087951660156","louvain","graph_2024M01.graphml"
"0.81","0.04","0.15","0.159524538312417","1,2,3,1,4,5,3,3,2,4,1,3,3,1,6,3,7","0.000430107116699219","louvain","graph_2024M01.graphml"
"0.8","0.05","0.15","0.160085705540251","1,2,3,1,3,4,3,3,2,3,1,5,3,1,6,3,7","0.000532150268554688","louvain","graph_2024M01.graphml"
"0.79","0.06","0.15","0.16435","1,2,1,1,3,4,3,3,2,3,1,5,3,1,6,3,7","0.000506162643432617","louvain","graph_2024M01.graphml"
"0.78","0.07","0.15","0.1637","1,2,3,1,4,5,3,3,2,4,1,3,3,1,6,3,7","0.000451803207397461","louvain","graph_2024M01.graphml"
"0.77","0.08","0.15","0.16405","1,2,3,1,3,4,3,3,2,3,1,5,3,1,6,3,7","0.000579118728637695","louvain","graph_2024M01.graphml"
"0.76","0.09","0.15","0.16166679042598","1,2,3,1,4,5,3,3,2,4,1,3,3,1,6,3,7","0.000427007675170898","louvain","graph_2024M01.graphml"
"0.75","0.1","0.15","0.16558001189768","1,2,3,1,2,4,3,3,2,2,1,3,3,2,5,3,6","0.000442028045654297","louvain","graph_2024M01.graphml"
"0.74","0.11","0.15","0.170820789283297","1,2,3,1,4,1,3,3,2,4,1,3,3,4,5,3,6","0.000443935394287109","louvain","graph_2024M01.graphml"
"0.73","0.12","0.15","0.170291431056981","1,2,3,1,2,1,3,3,2,2,1,4,3,2,5,3,6","0.000534772872924805","louvain","graph_2024M01.graphml"
"0.72","0.13","0.15","0.166539385907774","1,2,3,1,4,1,3,3,2,4,1,3,3,4,5,3,6","0.000416994094848633","louvain","graph_2024M01.graphml"
"0.71","0.14","0.15","0.171173607355327","1,2,3,1,1,1,3,3,2,2,1,3,3,2,4,3,5","0.000479936599731445","louvain","graph_2024M01.graphml"
"0.7","0.15","0.15","0.169645919067215","1,2,3,1,1,1,3,3,2,4,1,3,3,4,5,3,6","0.00043177604675293","louvain","graph_2024M01.graphml"
"0.69","0.16","0.15","0.167820469657436","1,2,1,1,2,1,3,3,2,3,1,3,3,1,4,3,5","0.000440120697021484","louvain","graph_2024M01.graphml"
"0.68","0.17","0.15","0.167820469657436","1,2,1,1,2,1,3,3,2,3,1,3,3,1,4,3,5","0.000490188598632812","louvain","graph_2024M01.graphml"
"0.67","0.18","0.15","0.169815058068014","1,2,1,1,2,1,3,3,2,3,1,3,3,1,4,3,5","0.000535964965820312","louvain","graph_2024M01.graphml"
"0.66","0.19","0.15","0.170568181818182","1,2,2,1,2,1,3,3,2,3,1,3,3,1,4,3,5","0.000444889068603516","louvain","graph_2024M01.graphml"
"0.65","0.2","0.15","0.167397293329848","1,2,2,1,2,1,3,3,2,3,1,3,3,1,4,3,5","0.000448226928710938","louvain","graph_2024M01.graphml"
"0.64","0.21","0.15","0.165387426900585","1,2,2,1,2,1,3,3,2,3,1,3,3,1,4,3,5","0.000497817993164062","louvain","graph_2024M01.graphml"
"0.63","0.22","0.15","0.170286607806869","1,2,2,1,2,1,3,3,2,4,1,3,3,4,5,3,6","0.000423908233642578","louvain","graph_2024M01.graphml"
"0.62","0.23","0.15","0.162086242148502","1,2,2,1,2,1,3,3,2,4,3,5,3,4,6,3,7","0.000442981719970703","louvain","graph_2024M01.graphml"
"0.61","0.24","0.15","0.162178341837205","1,2,3,1,3,1,4,2,3,4,2,2,2,1,5,4,6","0.000436067581176758","louvain","graph_2024M01.graphml"
"0.6","0.25","0.15","0.162621447877858","1,2,2,1,2,1,3,3,2,4,4,3,3,1,5,3,6","0.000445127487182617","louvain","graph_2024M01.graphml"
"0.59","0.26","0.15","0.163034770068899","1,2,3,1,3,1,4,2,3,4,2,2,2,1,5,4,6","0.000428199768066406","louvain","graph_2024M01.graphml"
"0.58","0.27","0.15","0.164704116940894","1,2,3,1,3,1,4,2,3,4,2,2,2,1,1,4,5","0.000453948974609375","louvain","graph_2024M01.graphml"
"0.57","0.28","0.15","0.167757917403407","1,2,3,1,3,1,2,2,3,2,2,4,2,1,1,2,5","0.000447988510131836","louvain","graph_2024M01.graphml"
"0.56","0.29","0.15","0.169140625","1,2,3,1,3,1,2,2,3,2,2,4,2,1,1,2,5","0.000484943389892578","louvain","graph_2024M01.graphml"
"0.55","0.3","0.15","0.166228765946196","1,2,3,1,3,1,2,2,3,2,2,4,2,1,1,2,5","0.000462055206298828","louvain","graph_2024M01.graphml"
"0.54","0.31","0.15","0.170826287721124","1,2,3,1,3,1,2,2,3,2,2,4,2,1,1,2,5","0.000448942184448242","louvain","graph_2024M01.graphml"
"0.53","0.32","0.15","0.172744","1,2,3,1,3,1,2,2,3,2,2,4,2,1,1,2,5","0.000468969345092773","louvain","graph_2024M01.graphml"
"0.52","0.33","0.15","0.168855505165029","1,2,3,1,3,1,2,2,3,2,2,4,2,1,1,2,5","0.000519037246704102","louvain","graph_2024M01.graphml"
"0.51","0.34","0.15","0.17066350044525","1,2,3,1,3,1,2,2,3,2,2,4,2,1,1,2,5","0.000456809997558594","louvain","graph_2024M01.graphml"
"0.5","0.35","0.15","0.161766073532147","1,2,3,1,2,2,2,2,3,4,1,2,2,1,1,3,5","0.000447988510131836","louvain","graph_2024M01.graphml"
"0.49","0.36","0.15","0.168367424185075","1,2,3,1,2,1,2,2,3,2,2,4,2,1,1,2,5","0.000473976135253906","louvain","graph_2024M01.graphml"
"0.48","0.37","0.15","0.169025298960399","1,2,2,1,3,1,3,3,2,3,3,4,3,1,1,3,5","0.000532865524291992","louvain","graph_2024M01.graphml"
"0.47","0.38","0.15","0.169720056957473","1,2,2,1,3,1,3,3,2,3,3,4,3,1,1,3,5","0.000454902648925781","louvain","graph_2024M01.graphml"
"0.46","0.39","0.15","0.170386341122312","1,2,2,1,3,3,3,3,2,4,3,5,3,1,1,3,6","0.000439167022705078","louvain","graph_2024M01.graphml"
"0.45","0.4","0.15","0.164407262370951","1,2,2,1,3,3,3,3,2,4,3,5,3,1,1,3,6","0.000452995300292969","louvain","graph_2024M01.graphml"
"0.44","0.41","0.15","0.168911052195991","1,2,2,1,3,1,3,3,2,3,3,4,3,1,1,3,5","0.000512123107910156","louvain","graph_2024M01.graphml"
"0.43","0.42","0.15","0.165813374000899","1,2,2,1,3,4,4,4,2,5,4,3,4,1,1,4,6","0.000472784042358398","louvain","graph_2024M01.graphml"
"0.42","0.43","0.15","0.166603589965398","1,2,2,1,3,4,4,4,2,3,4,3,4,1,1,4,5","0.000463008880615234","louvain","graph_2024M01.graphml"
"0.41","0.44","0.15","0.163768465966268","1,2,3,2,4,3,3,3,2,4,1,4,3,1,1,3,5","0.000470876693725586","louvain","graph_2024M01.graphml"
"0.4","0.45","0.15","0.161304085276202","1,2,2,2,3,4,4,4,2,3,4,3,4,1,1,4,5","0.000463008880615234","louvain","graph_2024M01.graphml"
"0.39","0.46","0.15","0.163287984481186","1,2,2,2,3,4,4,4,2,3,4,3,4,1,1,4,5","0.000448942184448242","louvain","graph_2024M01.graphml"
"0.38","0.47","0.15","0.163287984481186","1,2,2,2,3,4,4,4,2,3,4,3,4,1,1,4,5","0.000499963760375977","louvain","graph_2024M01.graphml"
"0.37","0.48","0.15","0.163287984481186","1,2,2,2,3,4,4,4,2,3,4,3,4,1,1,4,5","0.000456094741821289","louvain","graph_2024M01.graphml"
"0.36","0.49","0.15","0.16296019553957","1,2,2,2,3,4,4,4,2,3,4,3,4,1,1,4,5","0.000488042831420898","louvain","graph_2024M01.graphml"
"0.35","0.5","0.15","0.163287093108916","1,2,2,2,3,4,4,4,2,3,4,3,4,1,1,4,5","0.000465869903564453","louvain","graph_2024M01.graphml"
"0.34","0.51","0.15","0.165767928593413","1,2,3,2,4,3,4,3,2,4,1,4,3,1,1,3,5","0.000480890274047852","louvain","graph_2024M01.graphml"
"0.33","0.52","0.15","0.166151156535772","1,2,2,2,3,4,4,4,2,3,4,3,4,1,1,4,5","0.000464916229248047","louvain","graph_2024M01.graphml"
"0.32","0.53","0.15","0.165587625385803","1,2,2,2,3,4,3,4,2,3,1,3,4,3,1,4,5","0.000482797622680664","louvain","graph_2024M01.graphml"
"0.31","0.54","0.15","0.164833531510107","1,2,3,2,4,3,4,3,2,4,1,4,3,4,1,3,5","0.000487804412841797","louvain","graph_2024M01.graphml"
"0.3","0.55","0.15","0.165468050684333","1,2,3,2,4,3,5,5,2,5,1,4,3,5,1,5,6","0.000478982925415039","louvain","graph_2024M01.graphml"
"0.29","0.56","0.15","0.163583734231034","1,2,3,4,5,3,4,4,2,4,1,5,3,4,1,4,6","0.000472068786621094","louvain","graph_2024M01.graphml"
"0.28","0.57","0.15","0.162516518241885","1,2,3,4,3,3,4,4,2,4,1,3,3,4,1,4,5","0.000484943389892578","louvain","graph_2024M01.graphml"
"0.27","0.58","0.15","0.163965485756026","1,2,3,4,3,3,4,4,2,4,1,3,3,4,1,4,5","0.000512123107910156","louvain","graph_2024M01.graphml"
"0.26","0.59","0.15","0.163985861455688","1,2,3,4,5,3,4,4,2,4,1,5,3,4,1,4,6","0.000458955764770508","louvain","graph_2024M01.graphml"
"0.25","0.6","0.15","0.163985861455688","1,2,3,4,5,3,4,4,2,4,1,5,3,4,1,4,6","0.000468015670776367","louvain","graph_2024M01.graphml"
"0.24","0.61","0.15","0.165356894515513","1,2,3,4,5,3,4,4,2,4,1,5,3,4,1,4,6","0.000437021255493164","louvain","graph_2024M01.graphml"
"0.23","0.62","0.15","0.160686055024456","1,2,1,3,4,4,3,3,2,3,1,4,4,3,1,3,5","0.000510931015014648","louvain","graph_2024M01.graphml"
"0.22","0.63","0.15","0.156935483870968","1,2,1,1,3,4,3,3,2,3,4,3,4,3,1,3,5","0.000474929809570312","louvain","graph_2024M01.graphml"
"0.21","0.64","0.15","0.158491951075775","1,2,1,1,3,4,3,3,2,3,4,3,4,3,1,3,5","0.00054478645324707","louvain","graph_2024M01.graphml"
"0.2","0.65","0.15","0.158491951075775","1,2,1,1,3,4,3,3,2,3,4,3,4,3,1,3,5","0.000644922256469727","louvain","graph_2024M01.graphml"
"0.19","0.66","0.15","0.158687952311446","1,2,1,1,3,4,3,3,2,3,4,3,4,3,1,3,5","0.000507831573486328","louvain","graph_2024M01.graphml"
"0.18","0.67","0.15","0.158687952311446","1,2,1,1,3,4,3,3,2,3,4,3,4,3,1,3,5","0.000506162643432617","louvain","graph_2024M01.graphml"
"0.17","0.68","0.15","0.157469971837714","1,2,1,1,3,4,3,3,2,3,4,3,4,3,1,3,5","0.000505924224853516","louvain","graph_2024M01.graphml"
"0.16","0.69","0.15","0.15689453125","1,2,1,3,4,3,5,4,2,5,1,4,3,5,1,4,6","0.000443935394287109","louvain","graph_2024M01.graphml"
"0.15","0.7","0.15","0.15810211469221","1,2,1,1,3,4,5,3,2,5,4,3,4,5,1,3,6","0.000501155853271484","louvain","graph_2024M01.graphml"
"0.14","0.71","0.15","0.157849787948487","1,2,1,3,4,5,2,4,3,2,1,4,5,2,1,4,6","0.0004730224609375","louvain","graph_2024M01.graphml"
"0.13","0.72","0.15","0.162986982248521","1,2,1,3,4,3,5,4,2,5,1,4,3,5,1,4,6","0.000505924224853516","louvain","graph_2024M01.graphml"
"0.12","0.73","0.15","0.163465881290225","1,2,1,3,4,3,4,4,2,4,1,4,3,4,1,4,5","0.000499963760375977","louvain","graph_2024M01.graphml"
"0.11","0.74","0.15","0.164786914681705","1,2,1,3,4,3,4,4,2,4,1,4,3,4,1,4,5","0.000470876693725586","louvain","graph_2024M01.graphml"
"0.1","0.75","0.15","0.164786914681705","1,2,1,3,4,3,4,4,2,4,1,4,3,4,1,4,5","0.000504016876220703","louvain","graph_2024M01.graphml"
"0.09","0.76","0.15","0.164081090124926","1,2,1,3,4,3,4,4,2,4,1,4,3,4,1,4,5","0.000571012496948242","louvain","graph_2024M01.graphml"
"0.08","0.77","0.15","0.163244846857309","1,2,1,3,2,4,2,2,4,2,1,2,3,1,1,2,5","0.000503063201904297","louvain","graph_2024M01.graphml"
"0.07","0.78","0.15","0.164151077097506","1,2,1,3,4,5,4,4,3,2,1,4,5,1,1,4,6","0.000498056411743164","louvain","graph_2024M01.graphml"
"0.06","0.79","0.15","0.16418367704212","1,2,3,4,5,4,5,5,2,3,1,5,4,1,1,5,6","0.000480890274047852","louvain","graph_2024M01.graphml"
"0.05","0.8","0.15","0.160257916307724","1,2,3,4,3,4,2,3,4,2,1,3,3,1,1,3,5","0.000483989715576172","louvain","graph_2024M01.graphml"
"0.04","0.81","0.15","0.160464736285378","1,2,3,4,5,4,5,5,2,3,1,5,4,1,1,5,6","0.000519037246704102","louvain","graph_2024M01.graphml"
"0.03","0.82","0.15","0.162262540562466","1,2,3,4,5,4,5,5,2,3,1,5,4,1,1,5,6","0.000483036041259766","louvain","graph_2024M01.graphml"
"0.02","0.83","0.15","0.164070573408948","1,2,3,4,5,4,5,5,2,3,1,5,4,1,1,5,6","0.000473976135253906","louvain","graph_2024M01.graphml"
"0.01","0.84","0.15","0.159932785044259","1,2,3,4,5,4,5,5,2,3,1,5,4,1,1,5,6","0.000497817993164062","louvain","graph_2024M01.graphml"
"0","0.85","0.15","0.159932785044259","1,2,3,4,5,4,5,5,2,3,1,5,4,1,1,5,6","0.000484943389892578","louvain","graph_2024M01.graphml"
"0.84","0","0.16","0.16435","1,2,1,1,3,4,3,3,2,3,1,5,3,1,6,3,7","0.000447988510131836","louvain","graph_2024M01.graphml"
"0.83","0.01","0.16","0.16166679042598","1,2,3,1,4,5,3,3,2,4,1,3,3,1,6,3,7","0.000544071197509766","louvain","graph_2024M01.graphml"
"0.82","0.02","0.16","0.162458850028465","1,2,1,1,3,4,3,3,2,3,1,5,3,1,6,3,7","0.000433206558227539","louvain","graph_2024M01.graphml"
"0.81","0.03","0.16","0.164989631445","1,2,3,1,4,1,3,3,2,4,1,5,3,4,6,3,7","0.000461101531982422","louvain","graph_2024M01.graphml"
"0.8","0.04","0.16","0.165079698476044","1,2,3,1,2,1,3,3,2,2,1,3,3,2,4,3,5","0.000453948974609375","louvain","graph_2024M01.graphml"
"0.79","0.05","0.16","0.166353792266661","1,2,3,1,4,1,3,3,2,4,1,3,3,4,5,3,6","0.000473976135253906","louvain","graph_2024M01.graphml"
"0.78","0.06","0.16","0.167261786682537","1,2,3,1,1,1,3,3,2,4,1,3,3,4,5,3,6","0.000433921813964844","louvain","graph_2024M01.graphml"
"0.77","0.07","0.16","0.171173607355327","1,2,3,1,1,1,3,3,2,2,1,3,3,2,4,3,5","0.000452041625976562","louvain","graph_2024M01.graphml"
"0.76","0.08","0.16","0.171173607355327","1,2,3,1,1,1,3,3,2,2,1,3,3,2,4,3,5","0.000432968139648438","louvain","graph_2024M01.graphml"
"0.75","0.09","0.16","0.172512835619897","1,2,3,1,2,1,3,3,2,2,1,3,3,2,4,3,5","0.000432014465332031","louvain","graph_2024M01.graphml"
"0.74","0.1","0.16","0.170596943349805","1,2,3,1,2,1,3,3,2,4,1,3,3,4,5,3,6","0.000422000885009766","louvain","graph_2024M01.graphml"
"0.73","0.11","0.16","0.169417088102209","1,2,1,1,2,1,3,3,2,3,1,3,3,1,4,3,5","0.000434160232543945","louvain","graph_2024M01.graphml"
"0.72","0.12","0.16","0.163022222222222","1,2,2,1,2,1,3,3,2,3,1,3,3,1,4,3,5","0.000458955764770508","louvain","graph_2024M01.graphml"
"0.71","0.13","0.16","0.163022222222222","1,2,2,1,2,1,3,3,2,3,1,3,3,1,4,3,5","0.000458002090454102","louvain","graph_2024M01.graphml"
"0.7","0.14","0.16","0.157717013720429","1,2,2,1,2,1,3,3,2,3,1,3,3,1,4,3,5","0.000442981719970703","louvain","graph_2024M01.graphml"
"0.69","0.15","0.16","0.165439178426191","1,2,2,1,2,3,3,3,2,4,1,3,3,4,5,3,6","0.000564098358154297","louvain","graph_2024M01.graphml"
"0.68","0.16","0.16","0.165530770505996","1,2,2,1,2,3,3,3,2,4,1,3,3,4,5,3,6","0.000572919845581055","louvain","graph_2024M01.graphml"
"0.67","0.17","0.16","0.164952467179719","1,2,3,1,3,1,2,2,3,2,1,4,2,1,5,2,6","0.000409126281738281","louvain","graph_2024M01.graphml"
"0.66","0.18","0.16","0.163159393971764","1,2,3,1,3,1,2,2,3,2,2,4,2,1,5,2,6","0.0004730224609375","louvain","graph_2024M01.graphml"
"0.65","0.19","0.16","0.167022636158331","1,2,3,1,3,1,2,2,3,2,2,4,2,1,1,2,5","0.000442981719970703","louvain","graph_2024M01.graphml"
"0.64","0.2","0.16","0.161397569444444","1,2,2,1,3,3,3,4,2,3,3,4,3,1,1,3,5","0.000456094741821289","louvain","graph_2024M01.graphml"
"0.63","0.21","0.16","0.164119595656034","1,2,3,1,3,1,2,2,3,2,2,4,2,1,1,2,5","0.000456094741821289","louvain","graph_2024M01.graphml"
"0.62","0.22","0.16","0.159553929787126","1,2,3,1,2,2,2,2,3,2,2,4,2,1,1,2,5","0.000452041625976562","louvain","graph_2024M01.graphml"
"0.61","0.23","0.16","0.15919779629132","1,2,2,1,2,3,3,3,2,3,3,3,3,1,1,3,4","0.000513076782226562","louvain","graph_2024M01.graphml"
"0.6","0.24","0.16","0.163411329235244","1,2,3,1,3,1,2,2,3,2,2,4,2,1,1,2,5","0.000425100326538086","louvain","graph_2024M01.graphml"
"0.59","0.25","0.16","0.161836099417751","1,2,3,1,3,1,2,2,3,2,2,4,2,1,1,2,5","0.000440120697021484","louvain","graph_2024M01.graphml"
"0.58","0.26","0.16","0.164505325312297","1,2,3,1,3,1,2,2,3,2,2,4,2,1,1,2,5","0.000478982925415039","louvain","graph_2024M01.graphml"
"0.57","0.27","0.16","0.17066350044525","1,2,3,1,3,1,2,2,3,2,2,4,2,1,1,2,5","0.000507831573486328","louvain","graph_2024M01.graphml"
"0.56","0.28","0.16","0.168958087916176","1,2,3,1,3,1,2,2,3,2,2,4,2,1,1,2,5","0.000426054000854492","louvain","graph_2024M01.graphml"
"0.55","0.29","0.16","0.166574394463668","1,2,3,1,3,1,2,2,3,2,2,4,2,1,1,2,5","0.000450849533081055","louvain","graph_2024M01.graphml"
"0.54","0.3","0.16","0.164824599918243","1,2,3,1,2,1,2,2,3,2,2,4,2,1,1,2,5","0.000460147857666016","louvain","graph_2024M01.graphml"
"0.53","0.31","0.16","0.16450818716858","1,2,2,1,3,1,3,3,2,3,3,4,3,1,1,3,5","0.000463008880615234","louvain","graph_2024M01.graphml"
"0.52","0.32","0.16","0.165746215790311","1,2,2,1,3,1,3,3,2,3,3,4,3,1,1,3,5","0.000480890274047852","louvain","graph_2024M01.graphml"
"0.51","0.33","0.16","0.16345988292011","1,2,2,1,3,1,3,3,2,3,3,4,3,1,1,3,5","0.000676155090332031","louvain","graph_2024M01.graphml"
"0.5","0.34","0.16","0.160073784174277","1,2,2,1,3,3,3,3,2,4,3,5,3,1,1,3,6","0.000429868698120117","louvain","graph_2024M01.graphml"
"0.49","0.35","0.16","0.164501596163679","1,2,2,1,3,3,3,3,2,4,3,5,3,1,1,3,6","0.000488996505737305","louvain","graph_2024M01.graphml"
"0.48","0.36","0.16","0.163594224519154","1,2,2,1,3,4,4,4,2,3,4,3,4,1,1,4,5","0.000479936599731445","louvain","graph_2024M01.graphml"
"0.47","0.37","0.16","0.161304085276202","1,2,2,2,3,4,4,4,2,3,4,3,4,1,1,4,5","0.00046086311340332","louvain","graph_2024M01.graphml"
"0.46","0.38","0.16","0.161669944619844","1,2,2,2,3,4,4,4,2,3,4,3,4,1,1,4,5","0.000478029251098633","louvain","graph_2024M01.graphml"
"0.45","0.39","0.16","0.163287984481186","1,2,2,2,3,4,4,4,2,3,4,3,4,1,1,4,5","0.000463962554931641","louvain","graph_2024M01.graphml"
"0.44","0.4","0.16","0.161332908163265","1,2,2,2,3,4,4,4,2,3,4,3,4,1,1,4,5","0.000477075576782227","louvain","graph_2024M01.graphml"
"0.43","0.41","0.16","0.161332908163265","1,2,2,2,3,4,4,4,2,3,4,3,4,1,1,4,5","0.000471115112304688","louvain","graph_2024M01.graphml"
"0.42","0.42","0.16","0.162922202099771","1,2,2,2,3,4,4,4,2,3,4,3,4,1,1,4,5","0.000444173812866211","louvain","graph_2024M01.graphml"
"0.41","0.43","0.16","0.162922202099771","1,2,2,2,3,4,4,4,2,3,4,3,4,1,1,4,5","0.000459194183349609","louvain","graph_2024M01.graphml"
"0.4","0.44","0.16","0.161668175645088","1,2,2,2,3,4,4,4,2,3,4,3,4,1,1,4,5","0.000540018081665039","louvain","graph_2024M01.graphml"
"0.39","0.45","0.16","0.167417666974454","1,2,2,2,3,4,4,4,2,3,4,3,4,1,1,4,5","0.000451803207397461","louvain","graph_2024M01.graphml"
"0.38","0.46","0.16","0.164418161651235","1,2,2,3,4,5,5,3,2,3,5,4,5,1,1,3,6","0.000463008880615234","louvain","graph_2024M01.graphml"
"0.37","0.47","0.16","0.163109393579073","1,2,2,2,3,4,4,4,2,3,4,3,4,1,1,4,5","0.000488996505737305","louvain","graph_2024M01.graphml"
"0.36","0.48","0.16","0.16410791040082","1,2,3,2,3,3,4,4,2,4,1,3,3,4,1,4,5","0.000468015670776367","louvain","graph_2024M01.graphml"
"0.35","0.49","0.16","0.16410791040082","1,2,3,2,3,3,4,4,2,4,1,3,3,4,1,4,5","0.000482082366943359","louvain","graph_2024M01.graphml"
"0.34","0.5","0.16","0.163731510226443","1,2,3,4,3,3,4,4,2,4,1,3,3,4,1,4,5","0.000502824783325195","louvain","graph_2024M01.graphml"
"0.33","0.51","0.16","0.161451060763029","1,2,3,4,3,3,4,4,2,4,1,3,3,4,1,4,5","0.000510931015014648","louvain","graph_2024M01.graphml"
"0.32","0.52","0.16","0.161451060763029","1,2,3,4,3,3,4,4,2,4,1,3,3,4,1,4,5","0.000570058822631836","louvain","graph_2024M01.graphml"
"0.31","0.53","0.16","0.16027784924106","1,2,3,4,5,3,4,4,2,4,1,5,3,4,1,4,6","0.000506877899169922","louvain","graph_2024M01.graphml"
"0.3","0.54","0.16","0.156910058864266","1,2,1,3,4,4,3,3,2,3,1,4,4,3,1,3,5","0.000842094421386719","louvain","graph_2024M01.graphml"
"0.29","0.55","0.16","0.15328786473267","1,2,1,1,3,4,4,4,2,4,4,3,4,4,1,4,5","0.000466823577880859","louvain","graph_2024M01.graphml"
"0.28","0.56","0.16","0.156935483870968","1,2,1,1,3,4,3,3,2,3,4,3,4,3,1,3,5","0.000498056411743164","louvain","graph_2024M01.graphml"
"0.27","0.57","0.16","0.158491951075775","1,2,1,1,3,4,3,3,2,3,4,3,4,3,1,3,5","0.000503063201904297","louvain","graph_2024M01.graphml"
"0.26","0.58","0.16","0.159881451347797","1,2,1,1,3,4,3,3,2,3,4,3,4,3,1,3,5","0.000474929809570312","louvain","graph_2024M01.graphml"
"0.25","0.59","0.16","0.156094734189972","1,2,1,1,3,4,3,3,2,3,4,3,4,3,1,3,5","0.000573873519897461","louvain","graph_2024M01.graphml"
"0.24","0.6","0.16","0.153773049786544","1,2,1,3,4,3,4,4,2,4,1,4,3,4,1,4,5","0.000468969345092773","louvain","graph_2024M01.graphml"
"0.23","0.61","0.16","0.153773049786544","1,2,1,3,4,3,4,4,2,4,1,4,3,4,1,4,5","0.000486135482788086","louvain","graph_2024M01.graphml"
"0.22","0.62","0.16","0.154283075048398","1,2,1,1,3,4,5,5,2,5,4,3,4,5,1,5,6","0.000484943389892578","louvain","graph_2024M01.graphml"
"0.21","0.63","0.16","0.1558203125","1,2,1,3,4,3,5,4,2,5,1,4,3,5,1,4,6","0.000474929809570312","louvain","graph_2024M01.graphml"
"0.2","0.64","0.16","0.1558203125","1,2,1,1,3,4,5,3,2,5,4,3,4,5,1,3,6","0.000473976135253906","louvain","graph_2024M01.graphml"
"0.19","0.65","0.16","0.158474633131727","1,2,1,3,4,3,5,4,2,5,1,4,3,5,1,4,6","0.000504016876220703","louvain","graph_2024M01.graphml"
"0.18","0.66","0.16","0.161860355029586","1,2,1,3,4,3,5,4,2,5,1,4,3,5,1,4,6","0.000470876693725586","louvain","graph_2024M01.graphml"
"0.17","0.67","0.16","0.164152772027551","1,2,1,3,4,3,5,4,2,5,1,4,3,5,1,4,6","0.000488042831420898","louvain","graph_2024M01.graphml"
"0.16","0.68","0.16","0.164152772027551","1,2,1,3,4,3,5,4,2,5,1,4,3,5,1,4,6","0.000477075576782227","louvain","graph_2024M01.graphml"
"0.15","0.69","0.16","0.162872663778051","1,2,1,3,4,3,4,4,2,4,1,4,3,4,1,4,5","0.000506877899169922","louvain","graph_2024M01.graphml"
"0.14","0.7","0.16","0.161715769823878","1,2,1,3,4,3,4,4,2,5,1,4,3,1,1,4,6","0.000480890274047852","louvain","graph_2024M01.graphml"
"0.13","0.71","0.16","0.160173758075295","1,2,1,3,2,4,2,2,4,2,1,2,3,1,1,2,5","0.000551939010620117","louvain","graph_2024M01.graphml"
"0.12","0.72","0.16","0.157963911784362","1,2,1,3,3,4,3,3,2,3,1,3,4,1,1,4,5","0.000457048416137695","louvain","graph_2024M01.graphml"
"0.11","0.73","0.16","0.161072664359862","1,2,3,4,5,4,5,5,2,3,1,5,4,1,1,5,6","0.000586032867431641","louvain","graph_2024M01.graphml"
"0.1","0.74","0.16","0.162127332341806","1,2,3,4,5,4,5,5,2,3,1,5,4,1,1,5,6","0.0004730224609375","louvain","graph_2024M01.graphml"
"0.09","0.75","0.16","0.160684730098719","1,2,3,4,5,4,5,5,2,3,1,5,4,1,1,5,6","0.000509977340698242","louvain","graph_2024M01.graphml"
"0.08","0.76","0.16","0.161109459637997","1,2,3,1,4,5,4,4,2,3,5,4,5,1,1,4,6","0.000456094741821289","louvain","graph_2024M01.graphml"
"0.07","0.77","0.16","0.158771428571429","1,2,3,1,4,5,4,4,2,3,5,4,5,1,1,4,6","0.000524044036865234","louvain","graph_2024M01.graphml"
"0.06","0.78","0.16","0.158630875516529","1,2,3,1,4,5,4,4,2,3,5,4,5,1,1,4,6","0.000471830368041992","louvain","graph_2024M01.graphml"
"0.05","0.79","0.16","0.158507293561876","1,2,2,1,3,4,5,5,3,2,4,5,4,1,1,5,6","0.000579833984375","louvain","graph_2024M01.graphml"
"0.04","0.8","0.16","0.15821463995239","1,2,2,1,3,4,5,5,3,2,4,5,4,1,3,5,6","0.000499963760375977","louvain","graph_2024M01.graphml"
"0.03","0.81","0.16","0.157252083070319","1,2,3,1,4,5,2,3,4,2,5,3,5,1,4,3,6","0.000489950180053711","louvain","graph_2024M01.graphml"
"0.02","0.82","0.16","0.156956018518518","1,2,3,4,2,5,4,3,2,4,5,3,5,1,2,3,6","0.000493049621582031","louvain","graph_2024M01.graphml"
"0.01","0.83","0.16","0.156956018518518","1,2,3,4,2,5,4,3,2,4,5,3,5,1,2,3,6","0.000446081161499023","louvain","graph_2024M01.graphml"
"0","0.84","0.16","0.160423216629529","1,2,3,3,2,4,3,3,2,3,4,5,4,1,2,5,6","0.0004730224609375","louvain","graph_2024M01.graphml"
"0.83","0","0.17","0.166914140973011","1,2,3,1,1,3,3,3,2,2,1,3,3,2,4,2,5","0.000437021255493164","louvain","graph_2024M01.graphml"
"0.82","0.01","0.17","0.166673877771769","1,2,3,1,1,3,3,3,2,2,1,3,3,2,4,3,5","0.00045013427734375","louvain","graph_2024M01.graphml"
"0.81","0.02","0.17","0.167984825102881","1,2,3,1,2,3,3,3,2,2,1,3,3,2,4,3,5","0.000452995300292969","louvain","graph_2024M01.graphml"
"0.8","0.03","0.17","0.167792792792793","1,2,3,1,2,3,3,3,2,2,1,3,3,2,4,3,5","0.000434160232543945","louvain","graph_2024M01.graphml"
"0.79","0.04","0.17","0.162597530864198","1,2,2,1,2,3,3,3,2,4,1,3,3,4,5,3,6","0.000437021255493164","louvain","graph_2024M01.graphml"
"0.78","0.05","0.17","0.158735857478313","1,2,2,1,2,3,3,3,2,4,1,3,3,4,5,3,6","0.000467061996459961","louvain","graph_2024M01.graphml"
"0.77","0.06","0.17","0.156240381655894","1,2,2,1,2,3,3,3,2,4,1,3,3,4,5,3,6","0.000446081161499023","louvain","graph_2024M01.graphml"
"0.76","0.07","0.17","0.158082416429893","1,2,2,1,2,3,3,3,2,4,1,3,3,4,5,3,6","0.000449895858764648","louvain","graph_2024M01.graphml"
"0.75","0.08","0.17","0.162230623818525","1,2,2,1,2,3,3,3,2,4,1,3,3,4,5,3,6","0.000507831573486328","louvain","graph_2024M01.graphml"
"0.74","0.09","0.17","0.163653760404281","1,2,2,1,2,3,3,3,2,4,1,3,3,4,5,3,6","0.000468015670776367","louvain","graph_2024M01.graphml"
"0.73","0.1","0.17","0.163790086389508","1,2,2,1,2,3,3,3,2,4,1,3,3,1,5,3,6","0.000597953796386719","louvain","graph_2024M01.graphml"
"0.72","0.11","0.17","0.166915914472396","1,2,2,1,2,1,3,3,2,3,1,4,3,1,1,3,5","0.000468969345092773","louvain","graph_2024M01.graphml"
"0.71","0.12","0.17","0.168309378337214","1,2,3,1,3,1,2,2,3,2,1,4,2,1,1,2,5","0.000452995300292969","louvain","graph_2024M01.graphml"
"0.7","0.13","0.17","0.163385356191517","1,2,3,1,3,1,2,2,3,2,2,4,2,1,1,2,5","0.000646829605102539","louvain","graph_2024M01.graphml"
"0.69","0.14","0.17","0.1583481319582","1,2,3,1,3,2,2,2,3,2,2,2,2,1,1,2,4","0.000451803207397461","louvain","graph_2024M01.graphml"
"0.68","0.15","0.17","0.163758062348831","1,2,3,1,3,1,2,2,3,2,2,4,2,1,1,2,5","0.000527143478393555","louvain","graph_2024M01.graphml"
"0.67","0.16","0.17","0.160174927113703","1,2,3,1,2,2,2,2,3,2,2,4,2,1,1,2,5","0.00045013427734375","louvain","graph_2024M01.graphml"
"0.66","0.17","0.17","0.161532694710537","1,2,3,1,3,2,2,2,3,2,2,4,2,1,1,2,5","0.000442028045654297","louvain","graph_2024M01.graphml"
"0.65","0.18","0.17","0.158558573325247","1,2,3,1,3,1,2,2,3,2,1,4,2,1,1,2,5","0.000463008880615234","louvain","graph_2024M01.graphml"
"0.64","0.19","0.17","0.161672036951794","1,2,2,1,2,1,3,3,2,4,3,3,3,1,1,3,5","0.000483036041259766","louvain","graph_2024M01.graphml"
"0.63","0.2","0.17","0.162249622071051","1,2,3,1,3,1,2,2,3,2,2,2,2,1,1,2,4","0.000416040420532227","louvain","graph_2024M01.graphml"
"0.62","0.21","0.17","0.154450058900118","1,2,2,1,3,3,4,3,2,4,1,3,3,1,1,4,5","0.000434160232543945","louvain","graph_2024M01.graphml"
"0.61","0.22","0.17","0.161201477050781","1,2,3,1,3,1,2,2,3,2,2,4,2,1,1,2,5","0.000538110733032227","louvain","graph_2024M01.graphml"
"0.6","0.23","0.17","0.163971893491124","1,2,3,1,3,1,2,2,3,2,2,4,2,1,1,2,5","0.000461101531982422","louvain","graph_2024M01.graphml"
"0.59","0.24","0.17","0.163971893491124","1,2,3,1,3,1,2,2,3,2,2,4,2,1,1,2,5","0.000463008880615234","louvain","graph_2024M01.graphml"
"0.58","0.25","0.17","0.162218623950035","1,2,2,1,3,1,3,3,2,3,3,4,3,1,1,3,5","0.000554800033569336","louvain","graph_2024M01.graphml"
"0.57","0.26","0.17","0.16064079743681","1,2,2,1,3,3,3,3,2,4,3,5,3,1,1,3,6","0.000453948974609375","louvain","graph_2024M01.graphml"
"0.56","0.27","0.17","0.160273724660281","1,2,2,1,3,1,3,3,2,3,3,4,3,1,1,3,5","0.000464916229248047","louvain","graph_2024M01.graphml"
"0.55","0.28","0.17","0.156481481481481","1,2,2,1,3,1,3,3,2,3,3,4,3,1,1,3,5","0.000533103942871094","louvain","graph_2024M01.graphml"
"0.54","0.29","0.17","0.15723669982699","1,2,2,1,3,3,3,3,2,4,3,5,3,1,1,3,6","0.000467061996459961","louvain","graph_2024M01.graphml"
"0.53","0.3","0.17","0.158324144087377","1,2,2,2,3,4,4,4,2,3,4,3,4,1,1,4,5","0.000465154647827148","louvain","graph_2024M01.graphml"
"0.52","0.31","0.17","0.159946043868681","1,2,2,2,3,4,4,4,2,3,4,3,4,1,1,4,5","0.000494003295898438","louvain","graph_2024M01.graphml"
"0.51","0.32","0.17","0.159678061689855","1,2,2,2,3,4,4,4,2,3,4,3,4,1,1,4,5","0.000466823577880859","louvain","graph_2024M01.graphml"
"0.5","0.33","0.17","0.159678061689855","1,2,2,2,3,4,4,4,2,3,4,3,4,1,1,4,5","0.000476837158203125","louvain","graph_2024M01.graphml"
"0.49","0.34","0.17","0.159678061689855","1,2,2,2,3,4,4,4,2,3,4,3,4,1,1,4,5","0.000504970550537109","louvain","graph_2024M01.graphml"
"0.48","0.35","0.17","0.162922202099771","1,2,2,2,3,4,4,4,2,3,4,3,4,1,1,4,5","0.000468015670776367","louvain","graph_2024M01.graphml"
"0.47","0.36","0.17","0.162922202099771","1,2,2,2,3,4,4,4,2,3,4,3,4,1,1,4,5","0.000663042068481445","louvain","graph_2024M01.graphml"
"0.46","0.37","0.17","0.161636738594638","1,2,2,2,3,4,4,4,2,3,4,3,4,1,1,4,5","0.000462055206298828","louvain","graph_2024M01.graphml"
"0.45","0.38","0.17","0.160165565808039","1,2,2,2,3,4,4,4,2,3,4,3,4,1,1,4,5","0.000504970550537109","louvain","graph_2024M01.graphml"
"0.44","0.39","0.17","0.161802377107893","1,2,2,2,3,4,4,4,2,3,4,3,4,1,1,4,5","0.000478982925415039","louvain","graph_2024M01.graphml"
"0.43","0.4","0.17","0.162767447707762","1,2,2,3,4,4,4,3,2,3,1,4,4,1,1,3,5","0.000438928604125977","louvain","graph_2024M01.graphml"
"0.42","0.41","0.17","0.159967864514918","1,2,3,4,3,3,3,4,2,4,1,3,3,1,1,4,5","0.000479936599731445","louvain","graph_2024M01.graphml"
"0.41","0.42","0.17","0.160508567368286","1,2,3,2,3,3,4,4,2,4,1,3,3,4,1,4,5","0.000580072402954102","louvain","graph_2024M01.graphml"
"0.4","0.43","0.17","0.162926862673484","1,2,3,2,3,3,4,4,2,4,1,3,3,4,1,4,5","0.000513076782226562","louvain","graph_2024M01.graphml"
"0.39","0.44","0.17","0.161451060763029","1,2,3,4,3,3,4,4,2,4,1,3,3,4,1,4,5","0.000462055206298828","louvain","graph_2024M01.graphml"
"0.38","0.45","0.17","0.16027784924106","1,2,3,4,5,3,4,4,2,4,1,5,3,4,1,4,6","0.000478982925415039","louvain","graph_2024M01.graphml"
"0.37","0.46","0.17","0.157191570545152","1,2,1,3,4,4,3,3,2,3,1,4,4,3,1,3,5","0.000465869903564453","louvain","graph_2024M01.graphml"
"0.36","0.47","0.17","0.15305732686819","1,2,1,1,3,4,3,3,2,3,4,3,4,3,1,3,5","0.000474929809570312","louvain","graph_2024M01.graphml"
"0.35","0.48","0.17","0.15305732686819","1,2,1,1,3,4,3,3,2,3,4,3,4,3,1,3,5","0.000494003295898438","louvain","graph_2024M01.graphml"
"0.34","0.49","0.17","0.150621589635634","1,2,1,3,4,3,4,4,2,4,1,4,3,4,1,4,5","0.000473976135253906","louvain","graph_2024M01.graphml"
"0.33","0.5","0.17","0.151880150122517","1,2,1,1,3,4,3,3,2,3,4,3,4,3,1,3,5","0.000482082366943359","louvain","graph_2024M01.graphml"
"0.32","0.51","0.17","0.156094734189972","1,2,1,1,3,4,3,3,2,3,4,3,4,3,1,3,5","0.000488996505737305","louvain","graph_2024M01.graphml"
"0.31","0.52","0.17","0.156094734189972","1,2,1,1,3,4,3,3,2,3,4,3,4,3,1,3,5","0.00047612190246582","louvain","graph_2024M01.graphml"
"0.3","0.53","0.17","0.154933103669284","1,2,1,3,4,3,4,4,2,4,1,4,3,4,1,4,5","0.000465869903564453","louvain","graph_2024M01.graphml"
"0.29","0.54","0.17","0.153773049786544","1,2,1,1,3,4,3,3,2,3,4,3,4,3,1,3,5","0.000669956207275391","louvain","graph_2024M01.graphml"
"0.28","0.55","0.17","0.155141212768482","1,2,1,1,3,4,3,3,2,3,4,3,4,3,1,3,5","0.000599145889282227","louvain","graph_2024M01.graphml"
"0.27","0.56","0.17","0.154283075048398","1,2,1,1,3,4,5,5,2,5,4,3,4,5,1,5,6","0.000488042831420898","louvain","graph_2024M01.graphml"
"0.26","0.57","0.17","0.155074193767529","1,2,1,3,4,3,5,5,2,5,1,4,3,5,1,5,6","0.000494956970214844","louvain","graph_2024M01.graphml"
"0.25","0.58","0.17","0.156200570965626","1,2,1,3,4,3,5,4,2,5,1,4,3,5,1,4,6","0.000672101974487305","louvain","graph_2024M01.graphml"
"0.24","0.59","0.17","0.157381935990952","1,2,1,3,4,3,5,4,2,5,1,4,3,5,1,4,6","0.000496149063110352","louvain","graph_2024M01.graphml"
"0.23","0.6","0.17","0.158239053254438","1,2,1,3,4,3,5,4,2,5,1,4,3,5,1,4,6","0.00049591064453125","louvain","graph_2024M01.graphml"
"0.22","0.61","0.17","0.160418835514575","1,2,1,3,4,2,3,4,2,3,1,4,4,3,1,4,5","0.000471115112304688","louvain","graph_2024M01.graphml"
"0.21","0.62","0.17","0.156168709668586","1,2,1,3,3,4,2,3,4,2,1,3,3,1,1,3,5","0.0004730224609375","louvain","graph_2024M01.graphml"
"0.2","0.63","0.17","0.160687712585034","1,2,1,1,3,4,2,3,4,2,5,3,5,1,1,3,6","0.000463008880615234","louvain","graph_2024M01.graphml"
"0.19","0.64","0.17","0.15878893007775","1,2,1,1,3,4,3,5,2,3,4,5,4,1,1,5,6","0.000462055206298828","louvain","graph_2024M01.graphml"
"0.18","0.65","0.17","0.15753892733564","1,2,1,1,3,4,3,3,2,5,4,3,4,1,1,3,6","0.000471115112304688","louvain","graph_2024M01.graphml"
"0.17","0.66","0.17","0.15753892733564","1,2,1,1,3,4,3,3,2,5,4,3,4,1,1,3,6","0.000456809997558594","louvain","graph_2024M01.graphml"
"0.16","0.67","0.17","0.156233098972418","1,2,3,1,4,5,4,4,2,3,5,4,5,1,1,4,6","0.000462055206298828","louvain","graph_2024M01.graphml"
"0.15","0.68","0.17","0.15414397407197","1,2,3,1,4,5,4,4,2,3,5,4,5,1,1,4,6","0.000503778457641602","louvain","graph_2024M01.graphml"
"0.14","0.69","0.17","0.151489628748844","1,2,3,1,4,5,4,4,2,3,5,4,5,1,1,4,6","0.000468015670776367","louvain","graph_2024M01.graphml"
"0.13","0.7","0.17","0.157523072052987","1,2,3,1,4,5,4,4,2,3,5,4,5,1,1,4,6","0.000616073608398438","louvain","graph_2024M01.graphml"
"0.12","0.71","0.17","0.156971176864886","1,2,3,1,4,5,4,4,2,3,5,4,5,1,1,4,6","0.000502109527587891","louvain","graph_2024M01.graphml"
"0.11","0.72","0.17","0.157928982344773","1,2,2,1,3,4,5,5,3,2,4,5,4,1,1,5,6","0.000487804412841797","louvain","graph_2024M01.graphml"
"0.1","0.73","0.17","0.157252083070319","1,2,3,1,4,5,2,3,4,2,5,3,5,1,4,3,6","0.000477075576782227","louvain","graph_2024M01.graphml"
"0.09","0.74","0.17","0.155632626946725","1,2,2,1,3,4,5,5,3,2,4,5,4,1,3,5,6","0.000472784042358398","louvain","graph_2024M01.graphml"
"0.08","0.75","0.17","0.156153549382716","1,2,2,1,3,4,5,5,3,2,4,5,4,1,3,5,6","0.000494003295898438","louvain","graph_2024M01.graphml"
"0.07","0.76","0.17","0.157653025989672","1,2,3,1,4,2,5,5,2,3,4,5,4,1,2,5,6","0.000518083572387695","louvain","graph_2024M01.graphml"
"0.06","0.77","0.17","0.157653025989672","1,2,3,1,4,2,5,5,2,3,4,5,4,1,2,5,6","0.000491142272949219","louvain","graph_2024M01.graphml"
"0.05","0.78","0.17","0.155540544620215","1,2,3,1,4,2,5,5,2,3,4,5,4,1,2,5,6","0.0004730224609375","louvain","graph_2024M01.graphml"
"0.04","0.79","0.17","0.155401773716743","1,2,3,1,4,2,5,5,2,3,4,5,4,1,2,5,6","0.000482082366943359","louvain","graph_2024M01.graphml"
"0.03","0.8","0.17","0.160240450642989","1,2,3,1,4,2,3,3,2,3,4,3,4,1,2,3,5","0.000496149063110352","louvain","graph_2024M01.graphml"
"0.02","0.81","0.17","0.161107071775325","1,2,3,3,4,2,3,3,2,3,4,5,4,1,2,5,6","0.000482082366943359","louvain","graph_2024M01.graphml"
"0.01","0.82","0.17","0.161107071775325","1,2,3,3,4,2,3,3,2,3,4,5,4,1,2,5,6","0.000574111938476562","louvain","graph_2024M01.graphml"
"0","0.83","0.17","0.159711382818823","1,2,3,1,4,2,3,3,2,3,4,3,4,1,2,3,5","0.000515937805175781","louvain","graph_2024M01.graphml"
"0.82","0","0.18","0.158082416429893","1,2,2,1,2,3,3,3,2,4,1,3,3,4,5,3,6","0.000461101531982422","louvain","graph_2024M01.graphml"
"0.81","0.01","0.18","0.162230623818525","1,2,2,1,2,3,3,3,2,4,1,3,3,4,5,3,6","0.000460147857666016","louvain","graph_2024M01.graphml"
"0.8","0.02","0.18","0.163653298268683","1,2,2,1,2,1,3,3,2,3,1,4,3,1,1,3,5","0.000437021255493164","louvain","graph_2024M01.graphml"
"0.79","0.03","0.18","0.165173441539787","1,2,2,1,2,1,3,3,2,3,1,4,3,1,1,3,5","0.000454902648925781","louvain","graph_2024M01.graphml"
"0.78","0.04","0.18","0.163124073158675","1,2,2,1,2,1,3,3,2,3,1,3,3,1,1,3,4","0.000458002090454102","louvain","graph_2024M01.graphml"
"0.77","0.05","0.18","0.163567708333333","1,2,2,1,2,1,3,3,2,3,1,4,3,1,1,3,5","0.000454902648925781","louvain","graph_2024M01.graphml"
"0.76","0.06","0.18","0.161677822553104","1,2,3,1,3,1,2,2,3,2,1,4,2,1,1,2,5","0.000441789627075195","louvain","graph_2024M01.graphml"
"0.75","0.07","0.18","0.161677822553104","1,2,3,1,3,1,2,2,3,2,1,4,2,1,1,2,5","0.000452041625976562","louvain","graph_2024M01.graphml"
"0.74","0.08","0.18","0.159558922332706","1,2,2,1,2,3,3,3,2,3,3,3,3,1,1,3,4","0.000458002090454102","louvain","graph_2024M01.graphml"
"0.73","0.09","0.18","0.16027488546439","1,2,3,1,3,2,2,2,3,2,2,2,2,1,1,2,4","0.000447988510131836","louvain","graph_2024M01.graphml"
"0.72","0.1","0.18","0.161684513186595","1,2,2,1,2,3,3,3,2,4,1,3,3,1,1,3,5","0.000457048416137695","louvain","graph_2024M01.graphml"
"0.71","0.11","0.18","0.15881080905307","1,2,2,1,2,3,3,3,2,4,1,3,3,1,1,3,5","0.00044703483581543","louvain","graph_2024M01.graphml"
"0.7","0.12","0.18","0.158088","1,2,2,1,2,3,3,3,2,4,1,3,3,1,1,3,5","0.000448942184448242","louvain","graph_2024M01.graphml"
"0.69","0.13","0.18","0.159525384227765","1,2,2,1,2,3,3,3,2,4,1,3,3,1,1,3,5","0.000532865524291992","louvain","graph_2024M01.graphml"
"0.68","0.14","0.18","0.158573067146134","1,2,3,1,3,1,2,2,3,2,2,4,2,1,1,2,5","0.000464916229248047","louvain","graph_2024M01.graphml"
"0.67","0.15","0.18","0.158248901367188","1,2,3,1,3,1,2,2,3,2,2,4,2,1,1,2,5","0.000492095947265625","louvain","graph_2024M01.graphml"
"0.66","0.16","0.18","0.158426476774232","1,2,3,1,3,1,2,2,3,2,2,4,2,1,1,2,5","0.000455141067504883","louvain","graph_2024M01.graphml"
"0.65","0.17","0.18","0.156117231406807","1,2,3,1,3,1,2,2,3,2,2,4,2,1,1,2,5","0.000607013702392578","louvain","graph_2024M01.graphml"
"0.64","0.18","0.18","0.158011536960199","1,2,3,1,3,1,2,2,3,2,2,4,2,1,1,2,5","0.000458002090454102","louvain","graph_2024M01.graphml"
"0.63","0.19","0.18","0.155962976148095","1,2,2,1,3,1,3,3,2,3,3,4,3,1,1,3,5","0.000479936599731445","louvain","graph_2024M01.graphml"
"0.62","0.2","0.18","0.157426486968144","1,2,2,1,3,1,3,3,2,3,3,4,3,1,1,3,5","0.000458955764770508","louvain","graph_2024M01.graphml"
"0.61","0.21","0.18","0.152798353909465","1,2,2,1,3,3,3,3,2,4,3,5,3,1,1,3,6","0.00046086311340332","louvain","graph_2024M01.graphml"
"0.6","0.22","0.18","0.154436894922455","1,2,2,1,3,3,3,3,2,4,3,5,3,1,1,3,6","0.000466823577880859","louvain","graph_2024M01.graphml"
"0.59","0.23","0.18","0.155193388429752","1,2,2,2,3,1,3,3,2,4,3,4,3,1,1,3,5","0.000464200973510742","louvain","graph_2024M01.graphml"
"0.58","0.24","0.18","0.156827609745852","1,2,2,2,3,3,3,3,2,4,3,4,3,1,1,3,5","0.000566005706787109","louvain","graph_2024M01.graphml"
"0.57","0.25","0.18","0.156283804037587","1,2,2,2,3,4,4,4,2,3,4,3,4,1,1,4,5","0.000463962554931641","louvain","graph_2024M01.graphml"
"0.56","0.26","0.18","0.156283804037587","1,2,2,2,3,4,4,4,2,3,4,3,4,1,1,4,5","0.000456809997558594","louvain","graph_2024M01.graphml"
"0.55","0.27","0.18","0.157995186584545","1,2,2,2,3,4,4,4,2,3,4,3,4,1,1,4,5","0.000481128692626953","louvain","graph_2024M01.graphml"
"0.54","0.28","0.18","0.161269132653061","1,2,2,2,3,4,4,4,2,3,4,3,4,1,1,4,5","0.000496149063110352","louvain","graph_2024M01.graphml"
"0.53","0.29","0.18","0.158738242543132","1,2,2,2,3,4,4,4,2,3,4,3,4,1,1,4,5","0.000514030456542969","louvain","graph_2024M01.graphml"
"0.52","0.3","0.18","0.157275031527426","1,2,2,2,3,4,4,4,2,3,4,3,4,1,1,4,5","0.000455141067504883","louvain","graph_2024M01.graphml"
"0.51","0.31","0.18","0.157275031527426","1,2,2,2,3,4,4,4,2,3,4,3,4,1,1,4,5","0.000557899475097656","louvain","graph_2024M01.graphml"
"0.5","0.32","0.18","0.158583549317815","1,2,2,2,3,4,4,4,2,3,4,3,4,1,1,4,5","0.000494003295898438","louvain","graph_2024M01.graphml"
"0.49","0.33","0.18","0.158583549317815","1,2,2,2,3,4,4,4,2,3,4,3,4,1,1,4,5","0.000503063201904297","louvain","graph_2024M01.graphml"
"0.48","0.34","0.18","0.159024970273484","1,2,3,2,3,3,4,4,2,4,4,3,3,1,1,4,5","0.000470161437988281","louvain","graph_2024M01.graphml"
"0.47","0.35","0.18","0.157481469318822","1,2,3,4,3,3,3,4,2,4,1,3,3,1,1,4,5","0.000492095947265625","louvain","graph_2024M01.graphml"
"0.46","0.36","0.18","0.15740879057742","1,2,3,2,3,3,4,4,2,4,1,3,3,4,1,4,5","0.000514030456542969","louvain","graph_2024M01.graphml"
"0.45","0.37","0.18","0.157790021426385","1,2,3,2,3,3,4,4,2,4,1,3,3,4,1,4,5","0.000473976135253906","louvain","graph_2024M01.graphml"
"0.44","0.38","0.18","0.156763957721153","1,2,1,3,4,4,3,3,2,3,1,4,4,3,1,3,5","0.000579118728637695","louvain","graph_2024M01.graphml"
"0.43","0.39","0.18","0.150372948254093","1,2,1,3,4,3,4,4,2,4,1,4,3,4,1,4,5","0.000482082366943359","louvain","graph_2024M01.graphml"
"0.42","0.4","0.18","0.151790984989037","1,2,1,1,3,4,3,3,2,3,4,3,4,3,1,3,5","0.000524997711181641","louvain","graph_2024M01.graphml"
"0.41","0.41","0.18","0.149207695771934","1,2,1,1,3,4,4,4,2,4,4,3,4,4,1,4,5","0.000512838363647461","louvain","graph_2024M01.graphml"
"0.4","0.42","0.18","0.148121917680752","1,2,1,3,4,3,4,4,2,4,1,4,3,4,1,4,5","0.000580072402954102","louvain","graph_2024M01.graphml"
"0.39","0.43","0.18","0.148121917680752","1,2,1,3,4,3,4,4,2,4,1,4,3,4,1,4,5","0.000501155853271484","louvain","graph_2024M01.graphml"
"0.38","0.44","0.18","0.15360156598645","1,2,1,1,3,4,3,3,2,3,4,3,4,3,1,3,5","0.000494003295898438","louvain","graph_2024M01.graphml"
"0.37","0.45","0.18","0.15244142101285","1,2,1,3,4,3,4,4,2,4,1,4,3,4,1,4,5","0.000661134719848633","louvain","graph_2024M01.graphml"
"0.36","0.46","0.18","0.15244142101285","1,2,1,1,3,4,3,3,2,3,4,3,4,3,1,3,5","0.000479936599731445","louvain","graph_2024M01.graphml"
"0.35","0.47","0.18","0.153773049786544","1,2,1,1,3,4,3,3,2,3,4,3,4,3,1,3,5","0.00049591064453125","louvain","graph_2024M01.graphml"
"0.34","0.48","0.18","0.155141212768482","1,2,1,3,4,3,4,4,2,4,1,4,3,4,1,4,5","0.000497817993164062","louvain","graph_2024M01.graphml"
"0.33","0.49","0.18","0.156630859375","1,2,1,1,3,4,5,5,2,5,4,3,4,5,1,5,6","0.000510931015014648","louvain","graph_2024M01.graphml"
"0.32","0.5","0.18","0.154840669727248","1,2,1,1,3,4,5,5,2,5,4,3,4,5,1,5,6","0.000565052032470703","louvain","graph_2024M01.graphml"
"0.31","0.51","0.18","0.153523948279002","1,2,1,1,3,4,5,5,2,5,4,3,4,5,1,5,6","0.000483036041259766","louvain","graph_2024M01.graphml"
"0.3","0.52","0.18","0.153983431952663","1,2,1,1,3,4,5,4,2,5,4,3,4,5,1,4,6","0.000484943389892578","louvain","graph_2024M01.graphml"
"0.29","0.53","0.18","0.153057146044021","1,2,1,1,3,3,4,3,2,4,3,3,3,4,1,3,5","0.000483036041259766","louvain","graph_2024M01.graphml"
"0.28","0.54","0.18","0.154956758560362","1,2,1,3,4,5,3,4,2,3,5,4,5,1,1,4,6","0.000453948974609375","louvain","graph_2024M01.graphml"
"0.27","0.55","0.18","0.156732941303023","1,2,1,3,4,3,2,4,3,2,1,4,4,1,1,4,5","0.000531196594238281","louvain","graph_2024M01.graphml"
"0.26","0.56","0.18","0.154113358398859","1,2,1,1,2,3,2,4,3,2,4,2,4,1,1,4,5","0.000506877899169922","louvain","graph_2024M01.graphml"
"0.25","0.57","0.18","0.156231399460803","1,2,1,3,4,3,2,4,3,2,1,4,4,1,1,4,5","0.000473976135253906","louvain","graph_2024M01.graphml"
"0.24","0.58","0.18","0.157086172240061","1,2,1,3,4,5,3,4,2,3,5,4,5,1,1,4,6","0.000483036041259766","louvain","graph_2024M01.graphml"
"0.23","0.59","0.18","0.155223123296153","1,2,1,1,3,4,2,3,4,2,5,3,5,1,1,3,6","0.000513076782226562","louvain","graph_2024M01.graphml"
"0.22","0.6","0.18","0.153035076664566","1,2,1,1,3,4,2,3,4,2,5,3,5,1,1,3,6","0.000470161437988281","louvain","graph_2024M01.graphml"
"0.21","0.61","0.18","0.151246036464526","1,2,3,1,4,5,4,4,2,3,5,4,5,1,1,4,6","0.000515937805175781","louvain","graph_2024M01.graphml"
"0.2","0.62","0.18","0.1505077955025","1,2,3,1,4,5,4,4,2,3,5,4,5,1,1,4,6","0.000483036041259766","louvain","graph_2024M01.graphml"
"0.19","0.63","0.18","0.150733354437058","1,2,3,1,4,2,4,5,2,3,4,5,4,1,1,5,6","0.000656843185424805","louvain","graph_2024M01.graphml"
"0.18","0.64","0.18","0.153799195633439","1,2,3,1,4,2,4,4,2,3,4,4,4,1,1,4,5","0.000597000122070312","louvain","graph_2024M01.graphml"
"0.17","0.65","0.18","0.151768242646131","1,2,2,1,3,3,4,4,3,2,4,4,4,1,1,4,5","0.00049901008605957","louvain","graph_2024M01.graphml"
"0.16","0.66","0.18","0.150350336212917","1,2,3,1,4,5,2,3,4,2,5,3,5,1,4,3,6","0.000527858734130859","louvain","graph_2024M01.graphml"
"0.15","0.67","0.18","0.154778439025147","1,2,2,1,3,4,5,5,3,2,4,5,4,1,3,5,6","0.000529050827026367","louvain","graph_2024M01.graphml"
"0.14","0.68","0.18","0.155308814389085","1,2,2,1,3,4,5,5,3,2,4,5,4,1,3,5,6","0.000492095947265625","louvain","graph_2024M01.graphml"
"0.13","0.69","0.18","0.154741918744849","1,2,2,1,3,4,5,5,3,2,4,5,4,1,3,5,6","0.000492095947265625","louvain","graph_2024M01.graphml"
"0.12","0.7","0.18","0.152572715331207","1,2,3,1,4,2,5,3,2,5,4,3,4,1,2,3,6","0.000484943389892578","louvain","graph_2024M01.graphml"
"0.11","0.71","0.18","0.15403640457872","1,2,3,1,4,2,5,5,2,3,4,5,4,1,2,5,6","0.000486135482788086","louvain","graph_2024M01.graphml"
"0.1","0.72","0.18","0.154544914580998","1,2,3,1,4,2,5,5,2,3,4,5,4,1,2,5,6","0.000454902648925781","louvain","graph_2024M01.graphml"
"0.09","0.73","0.18","0.154544914580998","1,2,3,1,4,2,5,5,2,3,4,5,4,1,2,5,6","0.000475883483886719","louvain","graph_2024M01.graphml"
"0.08","0.74","0.18","0.155690689698225","1,2,3,1,4,2,5,5,2,3,4,5,4,1,2,5,6","0.00049591064453125","louvain","graph_2024M01.graphml"
"0.07","0.75","0.18","0.15654492330168","1,2,3,1,4,2,3,3,2,3,4,3,4,1,2,3,5","0.000597953796386719","louvain","graph_2024M01.graphml"
"0.06","0.76","0.18","0.157614601504189","1,2,3,1,4,2,3,3,2,3,4,3,4,1,2,3,5","0.000514030456542969","louvain","graph_2024M01.graphml"
"0.05","0.77","0.18","0.157500444444444","1,2,3,3,4,2,3,3,2,3,4,5,4,1,2,5,6","0.000576972961425781","louvain","graph_2024M01.graphml"
"0.04","0.78","0.18","0.15664","1,2,3,1,4,2,3,3,2,3,4,3,4,1,2,3,5","0.000489950180053711","louvain","graph_2024M01.graphml"
"0.03","0.79","0.18","0.154454755890775","1,2,3,1,4,2,3,3,2,3,4,3,4,1,2,3,5","0.00052189826965332","louvain","graph_2024M01.graphml"
"0.02","0.8","0.18","0.155084551068288","1,2,3,3,4,2,3,3,2,3,4,5,4,1,2,5,6","0.000478982925415039","louvain","graph_2024M01.graphml"
"0.01","0.81","0.18","0.153812326869806","1,2,3,3,4,2,3,3,2,3,4,5,4,1,2,5,6","0.00053095817565918","louvain","graph_2024M01.graphml"
"0","0.82","0.18","0.153057479224377","1,2,3,1,4,2,5,3,2,5,4,3,4,1,2,3,6","0.000494003295898438","louvain","graph_2024M01.graphml"
"0.81","0","0.19","0.161677822553104","1,2,3,1,3,1,2,2,3,2,1,4,2,1,1,2,5","0.000503063201904297","louvain","graph_2024M01.graphml"
"0.8","0.01","0.19","0.163415129807448","1,2,3,1,3,1,2,2,3,2,1,4,2,1,1,2,5","0.000455141067504883","louvain","graph_2024M01.graphml"
"0.79","0.02","0.19","0.160230784735286","1,2,2,1,2,1,3,3,2,3,3,3,3,1,1,3,4","0.000447988510131836","louvain","graph_2024M01.graphml"
"0.78","0.03","0.19","0.159825072886297","1,2,2,1,2,3,3,3,2,4,1,3,3,1,1,3,5","0.000478029251098633","louvain","graph_2024M01.graphml"
"0.77","0.04","0.19","0.156214656853907","1,2,2,1,2,3,3,3,2,4,1,3,3,1,1,3,5","0.000444889068603516","louvain","graph_2024M01.graphml"
"0.76","0.05","0.19","0.155799114299773","1,2,2,1,2,3,3,3,2,4,1,3,3,1,1,3,5","0.000463008880615234","louvain","graph_2024M01.graphml"
"0.75","0.06","0.19","0.154257999496095","1,2,2,1,2,3,3,3,2,4,1,3,3,1,1,3,5","0.000442981719970703","louvain","graph_2024M01.graphml"
"0.74","0.07","0.19","0.155705561411123","1,2,2,1,2,3,3,3,2,4,1,3,3,1,1,3,5","0.000418901443481445","louvain","graph_2024M01.graphml"
"0.73","0.08","0.19","0.155705561411123","1,2,2,1,2,3,3,3,2,4,1,3,3,1,1,3,5","0.00049901008605957","louvain","graph_2024M01.graphml"
"0.72","0.09","0.19","0.151242527690404","1,2,2,1,2,3,3,3,2,4,1,3,3,1,1,3,5","0.000442028045654297","louvain","graph_2024M01.graphml"
"0.71","0.1","0.19","0.149168391538586","1,2,3,1,3,2,2,2,3,4,1,2,2,1,1,2,5","0.000672101974487305","louvain","graph_2024M01.graphml"
"0.7","0.11","0.19","0.150209777984966","1,2,3,1,3,1,2,2,3,2,2,4,2,1,1,2,5","0.000454902648925781","louvain","graph_2024M01.graphml"
"0.69","0.12","0.19","0.148860766758494","1,2,2,1,3,1,3,3,2,3,3,4,3,1,1,3,5","0.000483036041259766","louvain","graph_2024M01.graphml"
"0.68","0.13","0.19","0.148376109446549","1,2,2,1,2,3,3,3,2,4,3,5,3,1,1,3,6","0.000470876693725586","louvain","graph_2024M01.graphml"
"0.67","0.14","0.19","0.15207777670292","1,2,2,1,2,3,3,3,2,4,3,5,3,1,1,3,6","0.000520229339599609","louvain","graph_2024M01.graphml"
"0.66","0.15","0.19","0.150712817091271","1,2,2,1,3,3,3,3,2,4,3,5,3,1,1,3,6","0.000430822372436523","louvain","graph_2024M01.graphml"
"0.65","0.16","0.19","0.150860738772827","1,2,2,2,3,3,3,3,2,4,3,4,3,1,1,3,5","0.000488042831420898","louvain","graph_2024M01.graphml"
"0.64","0.17","0.19","0.154161983471074","1,2,2,2,3,3,3,3,2,4,3,4,3,1,1,3,5","0.000488996505737305","louvain","graph_2024M01.graphml"
"0.63","0.18","0.19","0.156827609745852","1,2,2,2,3,3,3,3,2,4,3,4,3,1,1,3,5","0.000441074371337891","louvain","graph_2024M01.graphml"
"0.62","0.19","0.19","0.156283804037587","1,2,2,2,3,4,4,4,2,3,4,3,4,1,1,4,5","0.00046086311340332","louvain","graph_2024M01.graphml"
"0.61","0.2","0.19","0.15375573284002","1,2,2,2,3,4,4,4,2,3,4,3,4,1,1,4,5","0.000465154647827148","louvain","graph_2024M01.graphml"
"0.6","0.21","0.19","0.155588250088024","1,2,2,2,3,4,4,4,2,3,4,3,4,1,1,4,5","0.000550985336303711","louvain","graph_2024M01.graphml"
"0.59","0.22","0.19","0.155588250088024","1,2,2,2,3,4,4,4,2,3,4,3,4,1,1,4,5","0.000454902648925781","louvain","graph_2024M01.graphml"
"0.58","0.23","0.19","0.157275031527426","1,2,2,2,3,4,4,4,2,3,4,3,4,1,1,4,5","0.000437021255493164","louvain","graph_2024M01.graphml"
"0.57","0.24","0.19","0.157026777469991","1,2,2,2,3,4,4,4,2,3,4,3,4,1,1,4,5","0.000445842742919922","louvain","graph_2024M01.graphml"
"0.56","0.25","0.19","0.158583549317815","1,2,2,2,3,4,4,4,2,3,4,3,4,1,1,4,5","0.000488996505737305","louvain","graph_2024M01.graphml"
"0.55","0.26","0.19","0.156123408564815","1,2,2,2,3,1,3,3,2,3,3,4,3,1,1,3,5","0.000441789627075195","louvain","graph_2024M01.graphml"
"0.54","0.27","0.19","0.156123408564815","1,2,2,2,3,1,3,3,2,3,3,4,3,1,1,3,5","0.000461816787719727","louvain","graph_2024M01.graphml"
"0.53","0.28","0.19","0.15979381443299","1,2,2,2,3,1,3,3,2,3,1,3,3,1,1,3,4","0.000614166259765625","louvain","graph_2024M01.graphml"
"0.52","0.29","0.19","0.15932592220599","1,2,2,2,3,3,3,4,2,4,1,3,3,4,1,4,5","0.000451087951660156","louvain","graph_2024M01.graphml"
"0.51","0.3","0.19","0.153607576075319","1,2,1,2,3,4,4,4,2,4,4,3,4,4,1,4,5","0.000473976135253906","louvain","graph_2024M01.graphml"
"0.5","0.31","0.19","0.151875088498949","1,2,1,1,3,4,4,4,2,4,4,3,4,4,1,4,5","0.0004730224609375","louvain","graph_2024M01.graphml"
"0.49","0.32","0.19","0.149184606733228","1,2,1,3,4,1,3,3,2,3,3,4,3,3,1,3,5","0.000457048416137695","louvain","graph_2024M01.graphml"
"0.48","0.33","0.19","0.146550468262227","1,2,1,3,4,3,3,3,2,3,3,4,3,1,1,3,5","0.000555038452148438","louvain","graph_2024M01.graphml"
"0.47","0.34","0.19","0.148406240630266","1,2,1,1,3,4,4,4,2,4,4,3,4,4,1,4,5","0.000491142272949219","louvain","graph_2024M01.graphml"
"0.46","0.35","0.19","0.146978755752794","1,2,1,1,3,4,3,3,2,3,4,3,4,3,1,3,5","0.000561952590942383","louvain","graph_2024M01.graphml"
"0.45","0.36","0.19","0.149491165572783","1,2,1,1,3,4,3,3,2,3,4,3,4,3,1,3,5","0.000504016876220703","louvain","graph_2024M01.graphml"
"0.44","0.37","0.19","0.150883402977808","1,2,1,1,3,4,3,3,2,3,4,3,4,3,1,3,5","0.000488996505737305","louvain","graph_2024M01.graphml"
"0.43","0.38","0.19","0.152693722558443","1,2,1,1,3,4,3,4,2,3,4,3,4,3,1,4,5","0.000498056411743164","louvain","graph_2024M01.graphml"
"0.42","0.39","0.19","0.153168387326451","1,2,1,1,3,4,4,4,2,4,4,3,4,4,1,4,5","0.000557899475097656","louvain","graph_2024M01.graphml"
"0.41","0.4","0.19","0.155206808109197","1,2,1,1,3,1,4,4,2,4,4,3,4,4,1,4,5","0.000490903854370117","louvain","graph_2024M01.graphml"
"0.4","0.41","0.19","0.1540234375","1,2,1,1,3,4,5,4,2,5,4,3,4,5,1,4,6","0.000504016876220703","louvain","graph_2024M01.graphml"
"0.39","0.42","0.19","0.150823656494734","1,2,1,1,3,4,5,4,2,5,4,3,4,5,1,4,6","0.0004730224609375","louvain","graph_2024M01.graphml"
"0.38","0.43","0.19","0.15170650887574","1,2,1,1,3,4,5,4,2,5,4,3,4,5,1,4,6","0.000495195388793945","louvain","graph_2024M01.graphml"
"0.37","0.44","0.19","0.153396415823914","1,2,1,1,3,4,5,4,2,5,4,3,4,5,1,4,6","0.00052189826965332","louvain","graph_2024M01.graphml"
"0.36","0.45","0.19","0.153856749311295","1,2,1,1,3,4,5,4,2,5,4,3,4,5,1,4,6","0.000457048416137695","louvain","graph_2024M01.graphml"
"0.35","0.46","0.19","0.153020213383655","1,2,1,3,4,1,3,3,2,5,3,4,3,1,1,3,6","0.000519990921020508","louvain","graph_2024M01.graphml"
"0.34","0.47","0.19","0.149398561507936","1,2,1,3,4,2,3,4,2,5,3,4,3,1,1,4,6","0.00049591064453125","louvain","graph_2024M01.graphml"
"0.33","0.48","0.19","0.15285704282063","1,2,1,3,4,5,3,4,5,2,3,4,3,1,1,4,6","0.000462055206298828","louvain","graph_2024M01.graphml"
"0.32","0.49","0.19","0.151964216939183","1,2,1,3,4,5,3,4,2,3,5,4,5,1,1,4,6","0.000604152679443359","louvain","graph_2024M01.graphml"
"0.31","0.5","0.19","0.152585693778229","1,2,1,1,3,4,5,3,4,2,5,3,5,5,1,3,6","0.00047612190246582","louvain","graph_2024M01.graphml"
"0.3","0.51","0.19","0.154375614552606","1,2,1,1,3,4,3,3,4,2,3,3,3,1,1,3,5","0.000566005706787109","louvain","graph_2024M01.graphml"
"0.29","0.52","0.19","0.147699555614955","1,2,1,3,4,2,3,5,2,3,4,5,4,1,1,5,6","0.000535011291503906","louvain","graph_2024M01.graphml"
"0.28","0.53","0.19","0.149959720618891","1,2,1,1,3,4,3,5,4,2,3,5,3,1,1,5,6","0.000574827194213867","louvain","graph_2024M01.graphml"
"0.27","0.54","0.19","0.152014351277904","1,2,3,1,4,2,4,5,2,3,4,5,4,1,1,5,6","0.000478029251098633","louvain","graph_2024M01.graphml"
"0.26","0.55","0.19","0.152014351277904","1,2,3,1,4,2,4,5,2,3,4,5,4,1,1,5,6","0.000498056411743164","louvain","graph_2024M01.graphml"
"0.25","0.56","0.19","0.151910292935934","1,2,3,1,4,2,4,5,2,3,4,5,4,1,1,5,6","0.000514984130859375","louvain","graph_2024M01.graphml"
"0.24","0.57","0.19","0.151048392303719","1,2,3,1,4,2,4,5,2,3,4,5,4,1,1,5,6","0.00049591064453125","louvain","graph_2024M01.graphml"
"0.23","0.58","0.19","0.15129537790121","1,2,1,1,3,4,2,5,3,2,4,5,4,1,1,5,6","0.000552892684936523","louvain","graph_2024M01.graphml"
"0.22","0.59","0.19","0.150326924877501","1,2,2,1,3,4,5,5,3,2,4,5,4,1,3,5,6","0.000597953796386719","louvain","graph_2024M01.graphml"
"0.21","0.6","0.19","0.151601089377022","1,2,3,1,4,2,2,3,4,2,2,3,2,1,4,3,5","0.000510931015014648","louvain","graph_2024M01.graphml"
"0.2","0.61","0.19","0.149668894498968","1,2,2,1,3,4,5,5,3,2,4,5,4,1,3,5,6","0.000515222549438477","louvain","graph_2024M01.graphml"
"0.19","0.62","0.19","0.14865236103904","1,2,2,1,3,4,5,5,3,2,4,5,4,1,3,5,6","0.000468015670776367","louvain","graph_2024M01.graphml"
"0.18","0.63","0.19","0.152559322545586","1,2,3,1,4,2,4,4,2,3,4,4,4,1,2,4,5","0.000488996505737305","louvain","graph_2024M01.graphml"
"0.17","0.64","0.19","0.155129296186808","1,2,3,1,4,2,5,5,2,3,4,5,4,1,2,5,6","0.000478029251098633","louvain","graph_2024M01.graphml"
"0.16","0.65","0.19","0.155129296186808","1,2,3,1,4,2,5,5,2,3,4,5,4,1,2,5,6","0.000497102737426758","louvain","graph_2024M01.graphml"
"0.15","0.66","0.19","0.153082171550095","1,2,3,1,4,2,3,3,2,3,4,3,4,1,2,3,5","0.000520944595336914","louvain","graph_2024M01.graphml"
"0.14","0.67","0.19","0.151985517145144","1,2,3,1,4,2,3,3,2,3,4,3,4,1,2,3,5","0.000509977340698242","louvain","graph_2024M01.graphml"
"0.13","0.68","0.19","0.154736096658573","1,2,3,1,4,2,5,5,2,3,4,5,4,1,2,5,6","0.000512123107910156","louvain","graph_2024M01.graphml"
"0.12","0.69","0.19","0.153903930884287","1,2,3,1,4,2,5,5,2,3,4,5,4,1,2,5,6","0.000494003295898438","louvain","graph_2024M01.graphml"
"0.11","0.7","0.19","0.153578666666667","1,2,3,1,4,2,3,3,2,3,4,3,4,1,2,3,5","0.000500917434692383","louvain","graph_2024M01.graphml"
"0.1","0.71","0.19","0.153339322091444","1,2,3,3,4,2,3,3,2,3,4,5,4,1,2,5,6","0.000510931015014648","louvain","graph_2024M01.graphml"
"0.09","0.72","0.19","0.154249134996275","1,2,3,1,4,2,3,3,2,3,4,3,4,1,2,3,5","0.000506877899169922","louvain","graph_2024M01.graphml"
"0.08","0.73","0.19","0.152826861209278","1,2,3,1,4,2,3,3,2,3,4,5,4,3,2,5,6","0.000475168228149414","louvain","graph_2024M01.graphml"
"0.07","0.74","0.19","0.152275748995942","1,2,3,1,4,2,5,3,2,5,4,3,4,1,2,3,6","0.00086212158203125","louvain","graph_2024M01.graphml"
"0.06","0.75","0.19","0.153054194997279","1,2,3,3,4,2,3,3,2,3,4,5,4,1,2,5,6","0.000488996505737305","louvain","graph_2024M01.graphml"
"0.05","0.76","0.19","0.152553982204861","1,2,3,1,4,5,4,3,2,4,5,3,5,1,5,3,6","0.000506877899169922","louvain","graph_2024M01.graphml"
"0.04","0.77","0.19","0.152553982204861","1,2,3,1,4,5,4,3,2,4,5,3,5,1,5,3,6","0.000704050064086914","louvain","graph_2024M01.graphml"
"0.03","0.78","0.19","0.150788881544245","1,2,3,3,4,2,3,3,2,3,4,4,4,1,2,5,6","0.000528097152709961","louvain","graph_2024M01.graphml"
"0.02","0.79","0.19","0.150558842866535","1,2,3,1,3,4,3,3,2,3,4,3,4,1,4,3,5","0.000523090362548828","louvain","graph_2024M01.graphml"
"0.01","0.8","0.19","0.151807392731581","1,2,3,1,3,4,3,3,2,3,4,3,4,1,4,3,5","0.000524044036865234","louvain","graph_2024M01.graphml"
"0","0.81","0.19","0.153086268649025","1,2,3,1,3,4,3,3,2,3,4,3,4,1,4,3,5","0.000509977340698242","louvain","graph_2024M01.graphml"
"0.8","0","0.2","0.151071052142104","1,2,2,1,2,3,3,3,2,4,1,3,3,1,1,3,5","0.000447988510131836","louvain","graph_2024M01.graphml"
"0.79","0.01","0.2","0.15406001699438","1,2,3,1,3,1,2,2,3,2,1,4,2,1,1,2,5","0.0004730224609375","louvain","graph_2024M01.graphml"
"0.78","0.02","0.2","0.153054733727811","1,2,2,1,2,3,3,3,2,4,1,3,3,1,1,3,5","0.000459909439086914","louvain","graph_2024M01.graphml"
"0.77","0.03","0.2","0.153054733727811","1,2,2,1,2,3,3,3,2,4,1,3,3,1,1,3,5","0.000454902648925781","louvain","graph_2024M01.graphml"
"0.76","0.04","0.2","0.149337130795588","1,2,3,1,3,2,2,2,3,4,1,2,2,1,1,2,5","0.000441074371337891","louvain","graph_2024M01.graphml"
"0.75","0.05","0.2","0.147669455593872","1,2,3,1,3,2,2,2,3,4,4,2,2,1,1,2,5","0.000443935394287109","louvain","graph_2024M01.graphml"
"0.74","0.06","0.2","0.147520327467142","1,2,2,1,2,3,3,3,2,4,3,3,3,1,1,3,5","0.000514984130859375","louvain","graph_2024M01.graphml"
"0.73","0.07","0.2","0.148146858988639","1,2,2,1,2,3,3,3,2,4,3,5,3,1,1,3,6","0.000527858734130859","louvain","graph_2024M01.graphml"
"0.72","0.08","0.2","0.146107709954257","1,2,2,1,2,3,3,3,2,4,3,5,3,1,1,3,6","0.000462055206298828","louvain","graph_2024M01.graphml"
"0.71","0.09","0.2","0.148065798010381","1,2,2,2,3,1,4,4,2,3,4,4,4,1,1,4,5","0.000436067581176758","louvain","graph_2024M01.graphml"
"0.7","0.1","0.2","0.152518780968619","1,2,2,2,3,3,3,3,2,4,3,4,3,1,1,3,5","0.000482082366943359","louvain","graph_2024M01.graphml"
"0.69","0.11","0.2","0.151761393997055","1,2,2,2,3,3,3,3,2,4,3,4,3,1,1,3,5","0.000483989715576172","louvain","graph_2024M01.graphml"
"0.68","0.12","0.2","0.152965660770031","1,2,2,2,3,3,3,3,2,4,3,4,3,1,1,3,5","0.000505208969116211","louvain","graph_2024M01.graphml"
"0.67","0.13","0.2","0.155588250088024","1,2,2,2,3,4,4,4,2,3,4,3,4,1,1,4,5","0.00047612190246582","louvain","graph_2024M01.graphml"
"0.66","0.14","0.2","0.155588250088024","1,2,2,2,3,4,4,4,2,3,4,3,4,1,1,4,5","0.000482082366943359","louvain","graph_2024M01.graphml"
"0.65","0.15","0.2","0.153685275131416","1,2,2,2,3,4,4,4,2,3,4,3,4,1,1,4,5","0.000584840774536133","louvain","graph_2024M01.graphml"
"0.64","0.16","0.2","0.153685275131416","1,2,2,2,3,4,4,4,2,3,4,3,4,1,1,4,5","0.000461816787719727","louvain","graph_2024M01.graphml"
"0.63","0.17","0.2","0.155290858725762","1,2,2,2,3,1,3,3,2,3,3,4,3,1,1,3,5","0.000475883483886719","louvain","graph_2024M01.graphml"
"0.62","0.18","0.2","0.153766687857597","1,2,2,2,3,1,3,3,2,3,3,4,3,1,1,3,5","0.000471115112304688","louvain","graph_2024M01.graphml"
"0.61","0.19","0.2","0.154955140890384","1,2,2,2,3,1,3,3,2,3,3,4,3,1,1,3,5","0.000686883926391602","louvain","graph_2024M01.graphml"
"0.6","0.2","0.2","0.154601836663833","1,2,2,2,3,4,4,4,2,3,4,3,4,1,1,4,5","0.000463008880615234","louvain","graph_2024M01.graphml"
"0.59","0.21","0.2","0.15430852257295","1,2,2,2,3,1,3,3,2,3,3,4,3,1,1,3,5","0.000478982925415039","louvain","graph_2024M01.graphml"
"0.58","0.22","0.2","0.155296977720964","1,2,1,2,3,1,4,4,2,4,4,3,4,1,1,4,5","0.000478982925415039","louvain","graph_2024M01.graphml"
"0.57","0.23","0.2","0.152076663304241","1,2,1,1,3,3,3,4,2,4,3,3,3,4,1,4,5","0.000477075576782227","louvain","graph_2024M01.graphml"
"0.56","0.24","0.2","0.147503359312013","1,2,1,1,3,3,3,4,2,4,3,3,3,4,1,4,5","0.000526905059814453","louvain","graph_2024M01.graphml"
"0.55","0.25","0.2","0.151281406772028","1,2,1,1,3,4,4,4,2,4,4,3,4,4,1,4,5","0.000502109527587891","louvain","graph_2024M01.graphml"
"0.54","0.26","0.2","0.148969717021123","1,2,1,3,4,1,3,3,2,3,3,4,3,3,1,3,5","0.000513792037963867","louvain","graph_2024M01.graphml"
"0.53","0.27","0.2","0.149480193951348","1,2,1,1,3,4,4,4,2,4,4,3,4,4,1,4,5","0.000491142272949219","louvain","graph_2024M01.graphml"
"0.52","0.28","0.2","0.148164215210934","1,2,1,1,3,4,4,4,2,4,4,3,4,4,1,4,5","0.000499963760375977","louvain","graph_2024M01.graphml"
"0.51","0.29","0.2","0.149737311858493","1,2,1,1,3,4,4,4,2,4,4,3,4,4,1,4,5","0.000557184219360352","louvain","graph_2024M01.graphml"
"0.5","0.3","0.2","0.149485258772633","1,2,1,1,3,4,4,4,2,4,4,3,4,4,1,4,5","0.000520944595336914","louvain","graph_2024M01.graphml"
"0.49","0.31","0.2","0.1511210182209","1,2,1,1,3,4,5,4,2,5,4,3,4,5,1,4,6","0.000499963760375977","louvain","graph_2024M01.graphml"
"0.48","0.32","0.2","0.152693722558443","1,2,1,1,3,4,3,4,2,3,4,3,4,3,1,4,5","0.000526905059814453","louvain","graph_2024M01.graphml"
"0.47","0.33","0.2","0.155206808109197","1,2,1,1,3,1,4,4,2,4,4,3,4,4,1,4,5","0.000519990921020508","louvain","graph_2024M01.graphml"
"0.46","0.34","0.2","0.154904358459254","1,2,1,1,3,4,5,4,2,5,4,3,4,5,1,4,6","0.000472068786621094","louvain","graph_2024M01.graphml"
"0.45","0.35","0.2","0.151272671848804","1,2,1,1,3,4,5,4,2,5,4,3,4,5,1,4,6","0.00046086311340332","louvain","graph_2024M01.graphml"
"0.44","0.36","0.2","0.14979863750988","1,2,1,1,3,4,4,4,2,5,4,3,4,4,1,4,6","0.000555992126464844","louvain","graph_2024M01.graphml"
"0.43","0.37","0.2","0.151569183581083","1,2,1,1,3,4,4,4,2,5,4,3,4,4,1,4,6","0.00047612190246582","louvain","graph_2024M01.graphml"
"0.42","0.38","0.2","0.1500172376252","1,2,1,3,4,1,3,3,2,5,3,4,3,1,1,3,6","0.000477075576782227","louvain","graph_2024M01.graphml"
"0.41","0.39","0.2","0.14842058364892","1,2,1,1,3,2,3,3,2,4,3,5,3,1,1,3,6","0.000494003295898438","louvain","graph_2024M01.graphml"
"0.4","0.4","0.2","0.14945170776644","1,2,1,1,3,2,3,3,2,4,3,5,3,3,1,5,6","0.000448942184448242","louvain","graph_2024M01.graphml"
"0.39","0.41","0.2","0.151586260335127","1,2,1,3,4,2,4,4,2,3,1,4,4,1,1,4,5","0.000500202178955078","louvain","graph_2024M01.graphml"
"0.38","0.42","0.2","0.155163112050887","1,2,1,3,4,2,4,4,2,3,1,4,4,1,1,4,5","0.000496864318847656","louvain","graph_2024M01.graphml"
"0.37","0.43","0.2","0.149210788021998","1,2,1,1,3,4,3,5,4,2,3,5,3,1,1,5,6","0.000503778457641602","louvain","graph_2024M01.graphml"
"0.36","0.44","0.2","0.14772343158464","1,2,1,1,3,4,3,5,4,2,3,5,3,1,1,5,6","0.000574111938476562","louvain","graph_2024M01.graphml"
"0.35","0.45","0.2","0.148263390023055","1,2,1,3,4,3,4,5,3,2,4,5,4,1,1,5,6","0.000468969345092773","louvain","graph_2024M01.graphml"
"0.34","0.46","0.2","0.148263390023055","1,2,1,3,4,3,4,5,3,2,4,5,4,1,1,5,6","0.000500917434692383","louvain","graph_2024M01.graphml"
"0.33","0.47","0.2","0.147194146616947","1,2,1,1,2,3,2,4,3,2,2,4,2,1,1,4,5","0.000535011291503906","louvain","graph_2024M01.graphml"
"0.32","0.48","0.2","0.146762286959968","1,2,3,1,4,2,4,5,2,3,4,5,4,1,1,5,6","0.000588178634643555","louvain","graph_2024M01.graphml"
"0.31","0.49","0.2","0.151910292935934","1,2,3,1,4,2,4,5,2,3,4,5,4,1,1,5,6","0.000488042831420898","louvain","graph_2024M01.graphml"
"0.3","0.5","0.2","0.152039579805632","1,2,2,2,3,3,2,4,3,2,2,4,2,1,1,4,5","0.000497102737426758","louvain","graph_2024M01.graphml"
"0.29","0.51","0.2","0.152039579805632","1,2,2,2,3,3,2,4,3,2,2,4,2,1,1,4,5","0.00050806999206543","louvain","graph_2024M01.graphml"
"0.28","0.52","0.2","0.150291489144677","1,2,1,1,3,2,2,4,3,2,2,4,2,1,3,4,5","0.000503063201904297","louvain","graph_2024M01.graphml"
"0.27","0.53","0.2","0.149841820987654","1,2,2,1,3,4,5,5,3,2,4,5,4,1,3,5,6","0.000480175018310547","louvain","graph_2024M01.graphml"
"0.26","0.54","0.2","0.14865236103904","1,2,2,1,3,4,5,5,3,2,4,5,4,1,3,5,6","0.000538825988769531","louvain","graph_2024M01.graphml"
"0.25","0.55","0.2","0.14865236103904","1,2,2,1,3,4,5,5,3,2,4,5,4,1,3,5,6","0.000500917434692383","louvain","graph_2024M01.graphml"
"0.24","0.56","0.2","0.14865236103904","1,2,2,1,3,4,5,5,3,2,4,5,4,1,3,5,6","0.000483989715576172","louvain","graph_2024M01.graphml"
"0.23","0.57","0.2","0.152831028861249","1,2,3,1,4,2,4,4,2,3,4,4,4,1,2,4,5","0.000486135482788086","louvain","graph_2024M01.graphml"
"0.22","0.58","0.2","0.151694501782698","1,2,3,1,4,2,4,4,2,3,4,4,4,1,2,4,5","0.000604152679443359","louvain","graph_2024M01.graphml"
"0.21","0.59","0.2","0.14960390232313","1,2,3,4,5,2,4,3,2,4,5,3,5,1,2,3,6","0.000514030456542969","louvain","graph_2024M01.graphml"
"0.2","0.6","0.2","0.15085583057656","1,2,3,1,4,2,4,4,2,3,4,4,4,1,2,4,5","0.000512123107910156","louvain","graph_2024M01.graphml"
"0.19","0.61","0.2","0.153006734911836","1,2,3,3,4,2,3,3,2,3,4,5,4,1,2,5,6","0.000495195388793945","louvain","graph_2024M01.graphml"
"0.18","0.62","0.2","0.149064171122995","1,2,3,1,4,2,3,3,2,3,4,3,4,1,2,3,5","0.000483989715576172","louvain","graph_2024M01.graphml"
"0.17","0.63","0.2","0.151527111111111","1,2,3,1,4,2,5,5,2,3,4,5,4,1,2,5,6","0.000472068786621094","louvain","graph_2024M01.graphml"
"0.16","0.64","0.2","0.149533170570397","1,2,3,1,4,2,5,5,2,3,4,5,4,1,2,5,6","0.000493049621582031","louvain","graph_2024M01.graphml"
"0.15","0.65","0.2","0.150959141274238","1,2,3,1,4,2,3,3,2,3,4,5,4,3,2,5,6","0.00058293342590332","louvain","graph_2024M01.graphml"
"0.14","0.66","0.2","0.150432825484765","1,2,3,1,4,2,5,3,2,5,4,3,4,1,2,3,6","0.000483989715576172","louvain","graph_2024M01.graphml"
"0.13","0.67","0.2","0.150432825484765","1,2,3,1,4,2,5,3,2,5,4,3,4,1,2,3,6","0.000499963760375977","louvain","graph_2024M01.graphml"
"0.12","0.68","0.2","0.152137970942609","1,2,3,1,2,4,5,3,2,5,4,3,4,1,4,3,6","0.000498056411743164","louvain","graph_2024M01.graphml"
"0.11","0.69","0.2","0.15228271484375","1,2,3,3,4,4,3,3,2,3,1,5,4,3,4,5,6","0.000503063201904297","louvain","graph_2024M01.graphml"
"0.1","0.7","0.2","0.148551254118397","1,2,3,1,4,5,4,3,2,4,5,3,5,1,5,3,6","0.000503063201904297","louvain","graph_2024M01.graphml"
"0.09","0.71","0.2","0.146794871794872","1,2,3,1,4,5,4,3,2,4,5,3,5,1,5,3,6","0.000509977340698242","louvain","graph_2024M01.graphml"
"0.08","0.72","0.2","0.147793237192836","1,2,3,1,3,4,3,3,2,3,4,3,4,1,4,3,5","0.000511884689331055","louvain","graph_2024M01.graphml"
"0.07","0.73","0.2","0.152944548944832","1,2,3,1,4,2,3,3,2,3,4,4,4,1,2,3,5","0.000487089157104492","louvain","graph_2024M01.graphml"
"0.06","0.74","0.2","0.15367729530524","1,2,3,1,4,4,3,3,2,3,4,4,4,1,4,3,5","0.000517845153808594","louvain","graph_2024M01.graphml"
"0.05","0.75","0.2","0.152551567486628","1,2,3,1,4,2,3,3,2,3,1,4,4,3,2,3,5","0.000598907470703125","louvain","graph_2024M01.graphml"
"0.04","0.76","0.2","0.150917906113482","1,2,3,1,4,2,4,3,2,4,1,3,3,4,2,3,5","0.000480890274047852","louvain","graph_2024M01.graphml"
"0.03","0.77","0.2","0.150479582414683","1,2,3,1,4,5,4,3,2,4,1,3,5,5,5,3,6","0.000479221343994141","louvain","graph_2024M01.graphml"
"0.02","0.78","0.2","0.155466448850276","1,2,3,1,4,4,3,3,2,3,1,5,4,3,2,3,6","0.000489950180053711","louvain","graph_2024M01.graphml"
"0.01","0.79","0.2","0.155466448850276","1,2,3,1,4,2,3,3,2,3,1,5,4,3,4,3,6","0.000481843948364258","louvain","graph_2024M01.graphml"
"0","0.8","0.2","0.154618894273101","1,2,3,1,4,4,3,3,2,3,1,5,4,3,2,3,6","0.00056004524230957","louvain","graph_2024M01.graphml"
"0.79","0","0.21","0.147520327467142","1,2,2,1,2,1,3,3,2,4,3,3,3,1,1,3,5","0.000445842742919922","louvain","graph_2024M01.graphml"
"0.78","0.01","0.21","0.149161841323365","1,2,2,1,2,1,3,3,2,4,3,3,3,1,1,3,5","0.000468969345092773","louvain","graph_2024M01.graphml"
"0.77","0.02","0.21","0.148065798010381","1,2,2,2,3,1,4,4,2,3,4,4,4,1,1,4,5","0.000528097152709961","louvain","graph_2024M01.graphml"
"0.76","0.03","0.21","0.144099173553719","1,2,2,2,2,3,3,3,2,4,3,4,3,1,1,3,5","0.000451087951660156","louvain","graph_2024M01.graphml"
"0.75","0.04","0.21","0.143543801652893","1,2,2,2,3,4,4,4,2,3,4,5,4,1,1,4,6","0.000456809997558594","louvain","graph_2024M01.graphml"
"0.74","0.05","0.21","0.147323303927746","1,2,2,2,2,3,3,3,2,4,3,4,3,1,1,3,5","0.000454902648925781","louvain","graph_2024M01.graphml"
"0.73","0.06","0.21","0.150988520408163","1,2,2,2,3,3,3,3,2,4,3,4,3,1,1,3,5","0.000526905059814453","louvain","graph_2024M01.graphml"
"0.72","0.07","0.21","0.150684070217796","1,2,2,2,3,1,3,3,2,4,1,3,3,1,1,3,5","0.000449895858764648","louvain","graph_2024M01.graphml"
"0.71","0.08","0.21","0.153559561594922","1,2,2,2,3,1,3,3,2,3,3,4,3,1,1,3,5","0.000454902648925781","louvain","graph_2024M01.graphml"
"0.7","0.09","0.21","0.153559561594922","1,2,2,2,3,1,3,3,2,3,3,4,3,1,1,3,5","0.000444173812866211","louvain","graph_2024M01.graphml"
"0.69","0.1","0.21","0.152964650848765","1,2,2,2,3,4,4,4,2,3,4,3,4,1,1,4,5","0.000610113143920898","louvain","graph_2024M01.graphml"
"0.68","0.11","0.21","0.154601836663833","1,2,2,2,3,4,4,4,2,3,4,3,4,1,1,4,5","0.000458955764770508","louvain","graph_2024M01.graphml"
"0.67","0.12","0.21","0.154601836663833","1,2,2,2,3,1,3,3,2,3,3,4,3,1,1,3,5","0.000464916229248047","louvain","graph_2024M01.graphml"
"0.66","0.13","0.21","0.153376932223543","1,2,2,2,3,4,4,4,2,3,4,3,4,1,1,4,5","0.000538825988769531","louvain","graph_2024M01.graphml"
"0.65","0.14","0.21","0.151788606599102","1,2,1,2,3,4,4,4,2,3,4,3,4,1,1,4,5","0.000451087951660156","louvain","graph_2024M01.graphml"
"0.64","0.15","0.21","0.151515151515151","1,2,1,1,3,4,4,4,2,3,4,3,4,1,1,4,5","0.000458955764770508","louvain","graph_2024M01.graphml"
"0.63","0.16","0.21","0.150252153928264","1,2,1,1,3,1,4,4,2,4,4,3,4,1,1,4,5","0.000469207763671875","louvain","graph_2024M01.graphml"
"0.62","0.17","0.21","0.150163934426229","1,2,1,1,3,1,4,4,2,4,4,3,4,1,1,4,5","0.000465869903564453","louvain","graph_2024M01.graphml"
"0.61","0.18","0.21","0.150701864210761","1,2,1,1,3,1,4,4,2,4,4,3,4,1,1,4,5","0.00046086311340332","louvain","graph_2024M01.graphml"
"0.6","0.19","0.21","0.150188691178951","1,2,1,1,3,4,4,4,2,4,4,3,4,4,1,4,5","0.000500917434692383","louvain","graph_2024M01.graphml"
"0.59","0.2","0.21","0.149207695771934","1,2,1,1,3,4,4,4,2,4,4,3,4,4,1,4,5","0.000766992568969727","louvain","graph_2024M01.graphml"
"0.58","0.21","0.21","0.145919707199057","1,2,1,3,4,3,3,3,2,3,3,4,3,3,1,3,5","0.000524997711181641","louvain","graph_2024M01.graphml"
"0.57","0.22","0.21","0.148430335097002","1,2,1,1,3,4,4,4,2,4,4,3,4,4,1,4,5","0.000701189041137695","louvain","graph_2024M01.graphml"
"0.56","0.23","0.21","0.146752330561854","1,2,1,1,3,3,3,3,2,3,3,3,3,3,1,3,4","0.0005950927734375","louvain","graph_2024M01.graphml"
"0.55","0.24","0.21","0.149485258772633","1,2,1,1,3,4,4,4,2,4,4,3,4,4,1,4,5","0.00047612190246582","louvain","graph_2024M01.graphml"
"0.54","0.25","0.21","0.149504568648392","1,2,1,1,3,4,5,4,2,5,4,3,4,5,1,4,6","0.000523090362548828","louvain","graph_2024M01.graphml"
"0.53","0.26","0.21","0.152603101732186","1,2,1,3,4,1,3,3,2,5,3,4,3,1,1,3,6","0.000471115112304688","louvain","graph_2024M01.graphml"
"0.52","0.27","0.21","0.154228450382923","1,2,1,1,3,1,3,3,2,4,3,3,3,4,1,3,5","0.000519990921020508","louvain","graph_2024M01.graphml"
"0.51","0.28","0.21","0.154865632880425","1,2,1,1,3,1,3,3,2,4,1,3,3,3,1,3,5","0.000479936599731445","louvain","graph_2024M01.graphml"
"0.5","0.29","0.21","0.151414141414141","1,2,1,3,4,1,4,4,3,2,1,4,4,4,1,4,5","0.000497102737426758","louvain","graph_2024M01.graphml"
"0.49","0.3","0.21","0.147804690021155","1,2,1,1,3,3,3,3,2,4,3,5,3,3,1,5,6","0.000481128692626953","louvain","graph_2024M01.graphml"
"0.48","0.31","0.21","0.148154290221951","1,2,1,1,3,3,3,3,2,4,3,2,3,1,1,3,5","0.000504016876220703","louvain","graph_2024M01.graphml"
"0.47","0.32","0.21","0.149498774782802","1,2,1,3,4,3,4,4,3,2,1,4,4,1,1,4,5","0.000473976135253906","louvain","graph_2024M01.graphml"
"0.46","0.33","0.21","0.14842058364892","1,2,1,1,3,2,3,3,2,4,3,5,3,1,1,3,6","0.00049901008605957","louvain","graph_2024M01.graphml"
"0.45","0.34","0.21","0.146344010233117","1,2,1,3,4,3,4,4,3,2,4,5,4,1,1,4,6","0.000496149063110352","louvain","graph_2024M01.graphml"
"0.44","0.35","0.21","0.144723183391003","1,2,1,3,4,3,4,4,3,2,1,5,4,4,1,4,6","0.000672101974487305","louvain","graph_2024M01.graphml"
"0.43","0.36","0.21","0.149210788021998","1,2,1,1,3,4,3,5,4,2,3,5,3,1,1,5,6","0.000468969345092773","louvain","graph_2024M01.graphml"
"0.42","0.37","0.21","0.14772343158464","1,2,1,1,3,4,3,5,4,2,3,5,3,1,1,5,6","0.000600099563598633","louvain","graph_2024M01.graphml"
"0.41","0.38","0.21","0.147194146616947","1,2,1,1,2,3,2,4,3,2,2,4,2,1,1,4,5","0.000478029251098633","louvain","graph_2024M01.graphml"
"0.4","0.39","0.21","0.147194146616947","1,2,1,1,2,3,2,4,3,2,2,4,2,1,1,4,5","0.000587940216064453","louvain","graph_2024M01.graphml"
"0.39","0.4","0.21","0.147194146616947","1,2,1,1,2,3,2,4,3,2,2,4,2,1,1,4,5","0.000486850738525391","louvain","graph_2024M01.graphml"
"0.38","0.41","0.21","0.148479818998547","1,2,1,1,2,3,2,4,3,2,2,4,2,1,1,4,5","0.000505924224853516","louvain","graph_2024M01.graphml"
"0.37","0.42","0.21","0.147212244897959","1,2,3,1,4,2,4,5,2,3,4,5,4,1,1,5,6","0.000505924224853516","louvain","graph_2024M01.graphml"
"0.36","0.43","0.21","0.148590514687381","1,2,1,2,3,3,2,4,3,2,1,4,2,2,1,4,5","0.000501155853271484","louvain","graph_2024M01.graphml"
"0.35","0.44","0.21","0.14931907005112","1,2,2,1,3,3,2,4,3,2,2,4,2,2,1,4,5","0.000498056411743164","louvain","graph_2024M01.graphml"
"0.34","0.45","0.21","0.14774929579675","1,2,2,2,3,3,2,4,3,2,2,4,2,1,3,4,5","0.000491857528686523","louvain","graph_2024M01.graphml"
"0.33","0.46","0.21","0.149971679301061","1,2,1,1,3,2,2,4,3,2,2,4,2,1,3,4,5","0.000464916229248047","louvain","graph_2024M01.graphml"
"0.32","0.47","0.21","0.14954475308642","1,2,2,1,3,4,3,5,4,2,3,5,3,1,4,5,6","0.000473976135253906","louvain","graph_2024M01.graphml"
"0.31","0.48","0.21","0.15039737654321","1,2,2,1,3,3,2,4,3,2,2,4,2,1,3,4,5","0.000504970550537109","louvain","graph_2024M01.graphml"
"0.3","0.49","0.21","0.149285226479232","1,2,2,1,3,4,5,5,3,2,4,5,4,1,3,5,6","0.000496149063110352","louvain","graph_2024M01.graphml"
"0.29","0.5","0.21","0.146755488834678","1,2,3,1,4,5,2,3,4,2,5,3,5,1,4,3,6","0.000476837158203125","louvain","graph_2024M01.graphml"
"0.28","0.51","0.21","0.150691271760877","1,2,3,1,4,2,4,4,2,3,4,4,4,1,2,4,5","0.000735044479370117","louvain","graph_2024M01.graphml"
"0.27","0.52","0.21","0.150691271760877","1,2,3,1,4,2,4,4,2,3,4,4,4,1,2,4,5","0.000519037246704102","louvain","graph_2024M01.graphml"
"0.26","0.53","0.21","0.147024478374865","1,2,3,1,4,2,4,4,2,3,4,4,4,1,2,4,5","0.000500917434692383","louvain","graph_2024M01.graphml"
"0.25","0.54","0.21","0.145264466789814","1,2,3,1,4,2,4,4,2,3,4,4,4,1,2,4,5","0.000636100769042969","louvain","graph_2024M01.graphml"
"0.24","0.55","0.21","0.146797878120621","1,2,3,1,2,4,3,3,2,3,4,3,4,1,4,3,5","0.000458955764770508","louvain","graph_2024M01.graphml"
"0.23","0.56","0.21","0.145820444444444","1,2,3,1,4,2,5,5,2,3,4,5,4,1,2,5,6","0.000497817993164062","louvain","graph_2024M01.graphml"
"0.22","0.57","0.21","0.147682735645699","1,2,3,1,4,2,3,3,2,3,4,3,4,1,2,3,5","0.000489950180053711","louvain","graph_2024M01.graphml"
"0.21","0.58","0.21","0.148687673130194","1,2,3,1,4,2,4,4,2,3,4,4,4,1,2,4,5","0.00055384635925293","louvain","graph_2024M01.graphml"
"0.2","0.59","0.21","0.149754410619932","1,2,3,1,4,2,5,3,2,5,4,3,4,1,2,3,6","0.000610113143920898","louvain","graph_2024M01.graphml"
"0.19","0.6","0.21","0.151078643677531","1,2,3,1,4,2,3,3,2,3,4,4,4,1,2,3,5","0.000515222549438477","louvain","graph_2024M01.graphml"
"0.18","0.61","0.21","0.148116039804351","1,2,3,1,4,2,3,4,2,3,4,4,4,1,2,4,5","0.000494956970214844","louvain","graph_2024M01.graphml"
"0.17","0.62","0.21","0.147717484926787","1,2,3,1,3,2,4,3,2,4,3,3,3,4,2,3,5","0.000537872314453125","louvain","graph_2024M01.graphml"
"0.16","0.63","0.21","0.145112046576483","1,2,3,1,4,3,4,3,2,4,3,3,3,1,3,3,5","0.000485897064208984","louvain","graph_2024M01.graphml"
"0.15","0.64","0.21","0.147123602892834","1,2,3,1,4,2,3,3,2,3,4,4,4,3,2,5,6","0.000491142272949219","louvain","graph_2024M01.graphml"
"0.14","0.65","0.21","0.147793237192836","1,2,3,1,3,4,3,3,2,3,4,3,4,1,4,3,5","0.000494003295898438","louvain","graph_2024M01.graphml"
"0.13","0.66","0.21","0.1475817465021","1,2,3,1,3,4,3,3,2,3,4,3,4,1,4,3,5","0.000486850738525391","louvain","graph_2024M01.graphml"
"0.12","0.67","0.21","0.150451433611025","1,2,3,1,4,4,5,3,2,5,1,3,4,5,4,3,6","0.000604867935180664","louvain","graph_2024M01.graphml"
"0.11","0.68","0.21","0.150629088440381","1,2,3,1,3,4,3,3,2,3,1,3,4,4,4,3,5","0.000491142272949219","louvain","graph_2024M01.graphml"
"0.1","0.69","0.21","0.151255650109846","1,2,3,1,4,2,3,3,2,3,4,4,4,1,2,3,5","0.000473976135253906","louvain","graph_2024M01.graphml"
"0.09","0.7","0.21","0.149828125","1,2,3,1,3,4,3,3,2,3,1,3,4,4,4,3,5","0.000547170639038086","louvain","graph_2024M01.graphml"
"0.08","0.71","0.21","0.151096875","1,2,3,1,4,2,4,3,2,4,1,3,3,4,2,3,5","0.000623941421508789","louvain","graph_2024M01.graphml"
"0.07","0.72","0.21","0.150027052070572","1,2,3,1,4,4,3,3,2,3,1,5,4,3,4,3,6","0.000496149063110352","louvain","graph_2024M01.graphml"
"0.06","0.73","0.21","0.148781369473581","1,2,3,1,4,4,5,3,2,5,1,3,4,5,4,3,6","0.000680923461914062","louvain","graph_2024M01.graphml"
"0.05","0.74","0.21","0.152264728431805","1,2,3,1,4,4,3,3,2,3,1,5,4,3,2,3,6","0.000490903854370117","louvain","graph_2024M01.graphml"
"0.04","0.75","0.21","0.151447159746251","1,2,3,1,4,4,3,3,2,3,1,5,4,3,2,3,6","0.00045013427734375","louvain","graph_2024M01.graphml"
"0.03","0.76","0.21","0.150044454056132","1,2,3,1,4,5,4,3,2,4,1,3,5,5,5,3,6","0.000526905059814453","louvain","graph_2024M01.graphml"
"0.02","0.77","0.21","0.150176709822935","1,2,3,1,4,5,4,3,2,4,1,3,5,5,5,3,6","0.000486135482788086","louvain","graph_2024M01.graphml"
"0.01","0.78","0.21","0.15014661053854","1,2,3,1,4,4,3,5,2,3,3,5,4,1,4,5,6","0.000480175018310547","louvain","graph_2024M01.graphml"
"0","0.79","0.21","0.151560766457101","1,2,3,1,4,4,3,3,2,3,1,5,4,3,4,2,6","0.000531911849975586","louvain","graph_2024M01.graphml"
"0.78","0","0.22","0.151256726891333","1,2,2,3,2,3,3,3,2,3,3,4,3,1,1,3,5","0.00048518180847168","louvain","graph_2024M01.graphml"
"0.77","0.01","0.22","0.15302023408054","1,2,2,2,3,1,3,3,2,3,3,4,3,1,1,3,5","0.000472068786621094","louvain","graph_2024M01.graphml"
"0.76","0.02","0.22","0.15034965034965","1,2,2,3,4,1,3,3,2,3,3,4,3,1,1,3,5","0.000540971755981445","louvain","graph_2024M01.graphml"
"0.75","0.03","0.22","0.153260030864198","1,2,2,3,4,1,3,3,2,3,3,4,3,1,1,3,5","0.000648021697998047","louvain","graph_2024M01.graphml"
"0.74","0.04","0.22","0.153376932223543","1,2,2,2,3,4,4,4,2,3,4,3,4,1,1,4,5","0.000473976135253906","louvain","graph_2024M01.graphml"
"0.73","0.05","0.22","0.153376932223543","1,2,2,2,3,4,4,4,2,3,4,3,4,1,1,4,5","0.000458955764770508","louvain","graph_2024M01.graphml"
"0.72","0.06","0.22","0.148925216345041","1,2,1,2,3,4,4,4,2,3,4,3,4,1,1,4,5","0.000504016876220703","louvain","graph_2024M01.graphml"
"0.71","0.07","0.22","0.14800643925223","1,2,1,1,3,4,4,4,2,3,4,3,4,1,1,4,5","0.000559091567993164","louvain","graph_2024M01.graphml"
"0.7","0.08","0.22","0.14800643925223","1,2,1,1,3,4,4,4,2,3,4,3,4,1,1,4,5","0.000516891479492188","louvain","graph_2024M01.graphml"
"0.69","0.09","0.22","0.144981599758392","1,2,1,1,3,4,4,4,2,3,4,3,4,1,1,4,5","0.000520944595336914","louvain","graph_2024M01.graphml"
"0.68","0.1","0.22","0.146451910003947","1,2,1,1,3,1,4,4,2,4,4,3,4,1,1,4,5","0.000587224960327148","louvain","graph_2024M01.graphml"
"0.67","0.11","0.22","0.149184123961219","1,2,1,1,3,1,4,4,2,4,4,3,4,1,1,4,5","0.000463962554931641","louvain","graph_2024M01.graphml"
"0.66","0.12","0.22","0.148922332706262","1,2,1,1,3,4,4,4,2,4,4,3,4,4,1,4,5","0.000490903854370117","louvain","graph_2024M01.graphml"
"0.65","0.13","0.22","0.150701864210761","1,2,1,1,3,1,4,4,2,4,4,3,4,1,1,4,5","0.000483989715576172","louvain","graph_2024M01.graphml"
"0.64","0.14","0.22","0.148350676378772","1,2,1,1,3,1,4,4,2,4,4,3,4,4,1,4,5","0.00064396858215332","louvain","graph_2024M01.graphml"
"0.63","0.15","0.22","0.148657092466616","1,2,1,1,3,3,3,3,2,3,3,4,3,3,1,4,5","0.000489950180053711","louvain","graph_2024M01.graphml"
"0.62","0.16","0.22","0.148439132641384","1,2,1,3,3,1,3,3,2,3,3,4,3,3,1,4,5","0.000473976135253906","louvain","graph_2024M01.graphml"
"0.61","0.17","0.22","0.147442743562359","1,2,1,3,3,1,3,3,2,3,3,4,3,3,1,4,5","0.000733137130737305","louvain","graph_2024M01.graphml"
"0.6","0.18","0.22","0.148426214365032","1,2,1,3,3,1,3,3,2,3,3,4,3,3,1,4,5","0.000517129898071289","louvain","graph_2024M01.graphml"
"0.59","0.19","0.22","0.151522896493191","1,2,1,1,3,3,3,3,2,3,3,4,3,3,1,4,5","0.000456094741821289","louvain","graph_2024M01.graphml"
"0.58","0.2","0.22","0.15367100591716","1,2,1,1,3,1,3,3,2,4,1,3,3,3,1,3,5","0.000512123107910156","louvain","graph_2024M01.graphml"
"0.57","0.21","0.22","0.15160994678712","1,2,1,1,3,1,3,3,2,4,1,3,3,3,1,3,5","0.000486850738525391","louvain","graph_2024M01.graphml"
"0.56","0.22","0.22","0.148911845730028","1,2,1,1,3,1,3,3,2,3,3,4,3,3,1,4,5","0.00048518180847168","louvain","graph_2024M01.graphml"
"0.55","0.23","0.22","0.147800207967299","1,2,1,3,3,1,3,3,2,4,3,5,3,1,1,5,6","0.000479936599731445","louvain","graph_2024M01.graphml"
"0.54","0.24","0.22","0.146647360213856","1,2,1,1,3,3,3,3,2,4,3,5,3,3,1,5,6","0.00046992301940918","louvain","graph_2024M01.graphml"
"0.53","0.25","0.22","0.1476491638322","1,2,1,1,3,4,3,3,4,2,3,2,3,1,1,3,5","0.00049901008605957","louvain","graph_2024M01.graphml"
"0.52","0.26","0.22","0.144939778018977","1,2,1,3,3,4,3,3,4,2,1,5,3,1,1,3,6","0.000497817993164062","louvain","graph_2024M01.graphml"
"0.51","0.27","0.22","0.145445501730104","1,2,1,2,2,3,2,2,3,2,1,4,2,2,1,4,5","0.000555992126464844","louvain","graph_2024M01.graphml"
"0.5","0.28","0.22","0.144723183391003","1,2,1,3,4,3,4,4,3,2,1,5,4,4,1,4,6","0.000546932220458984","louvain","graph_2024M01.graphml"
"0.49","0.29","0.22","0.141735918744229","1,2,1,3,4,2,3,4,2,3,1,4,4,1,1,4,5","0.000483036041259766","louvain","graph_2024M01.graphml"
"0.48","0.3","0.22","0.144357368103426","1,2,1,3,4,3,4,4,3,2,4,2,4,1,1,4,5","0.000606060028076172","louvain","graph_2024M01.graphml"
"0.47","0.31","0.22","0.145707340706338","1,2,1,2,2,3,2,4,3,2,2,4,2,1,1,4,5","0.000514984130859375","louvain","graph_2024M01.graphml"
"0.46","0.32","0.22","0.148479818998547","1,2,1,1,2,3,2,4,3,2,2,4,2,1,1,4,5","0.000576019287109375","louvain","graph_2024M01.graphml"
"0.45","0.33","0.22","0.148479818998547","1,2,1,1,2,3,2,4,3,2,2,4,2,1,1,4,5","0.000491857528686523","louvain","graph_2024M01.graphml"
"0.44","0.34","0.22","0.148479818998547","1,2,1,1,2,3,2,4,3,2,2,4,2,1,1,4,5","0.00049901008605957","louvain","graph_2024M01.graphml"
"0.43","0.35","0.22","0.148195918367347","1,2,1,3,2,3,2,4,3,2,2,4,2,1,1,4,5","0.000523805618286133","louvain","graph_2024M01.graphml"
"0.42","0.36","0.22","0.144841974431818","1,2,3,1,4,2,4,5,2,3,4,5,4,1,1,5,6","0.000695943832397461","louvain","graph_2024M01.graphml"
"0.41","0.37","0.22","0.145290468585736","1,2,2,2,3,3,2,4,3,2,2,4,2,1,1,4,5","0.000504970550537109","louvain","graph_2024M01.graphml"
"0.4","0.38","0.22","0.146669220211306","1,2,2,1,3,3,2,4,3,2,2,4,2,1,1,4,5","0.000510931015014648","louvain","graph_2024M01.graphml"
"0.39","0.39","0.22","0.145053497033203","1,2,2,1,3,4,3,3,4,2,3,3,3,1,4,3,5","0.000571966171264648","louvain","graph_2024M01.graphml"
"0.38","0.4","0.22","0.146987453575107","1,2,1,1,3,3,2,4,3,2,2,4,2,2,3,4,5","0.000482082366943359","louvain","graph_2024M01.graphml"
"0.37","0.41","0.22","0.148078703703704","1,2,1,1,3,3,2,4,3,2,2,4,2,2,3,4,5","0.000519990921020508","louvain","graph_2024M01.graphml"
"0.36","0.42","0.22","0.148604755291457","1,2,2,1,3,4,3,5,4,2,3,5,3,1,4,5,6","0.000478982925415039","louvain","graph_2024M01.graphml"
"0.35","0.43","0.22","0.149507850860218","1,2,1,2,3,3,2,4,3,2,2,4,2,1,3,4,5","0.000494956970214844","louvain","graph_2024M01.graphml"
"0.34","0.44","0.22","0.146783435727788","1,2,1,3,4,2,3,4,2,3,4,4,4,1,2,4,5","0.00046992301940918","louvain","graph_2024M01.graphml"
"0.33","0.45","0.22","0.148064280496713","1,2,3,1,4,2,4,4,2,3,4,4,4,1,2,4,5","0.000504016876220703","louvain","graph_2024M01.graphml"
"0.32","0.46","0.22","0.14824329402243","1,2,3,1,4,2,4,4,2,3,4,4,4,1,2,4,5","0.000490903854370117","louvain","graph_2024M01.graphml"
"0.31","0.47","0.22","0.144028204040854","1,2,3,4,3,2,4,3,2,4,3,3,3,1,2,3,5","0.000518798828125","louvain","graph_2024M01.graphml"
"0.3","0.48","0.22","0.144785777777778","1,2,3,1,4,2,4,4,2,3,4,4,4,1,2,4,5","0.000514030456542969","louvain","graph_2024M01.graphml"
"0.29","0.49","0.22","0.141311113626075","1,2,3,1,4,2,3,3,2,3,4,3,4,1,2,3,5","0.000570058822631836","louvain","graph_2024M01.graphml"
"0.28","0.5","0.22","0.146591154336158","1,2,3,1,4,2,4,4,2,3,4,4,4,1,2,4,5","0.000519037246704102","louvain","graph_2024M01.graphml"
"0.27","0.51","0.22","0.149678632690599","1,2,3,1,4,2,4,4,2,3,4,4,4,1,2,4,5","0.000555992126464844","louvain","graph_2024M01.graphml"
"0.26","0.52","0.22","0.14872810504098","1,2,3,1,4,2,4,4,2,3,4,4,4,1,2,4,5","0.000484228134155273","louvain","graph_2024M01.graphml"
"0.25","0.53","0.22","0.144346201828358","1,2,3,3,3,2,3,3,2,3,1,4,3,3,2,4,5","0.000652074813842773","louvain","graph_2024M01.graphml"
"0.24","0.54","0.22","0.145419340342715","1,2,3,1,3,2,4,3,2,4,3,3,3,4,2,3,5","0.000505924224853516","louvain","graph_2024M01.graphml"
"0.23","0.55","0.22","0.145419340342715","1,2,3,1,3,2,4,3,2,4,3,3,3,4,2,3,5","0.000537872314453125","louvain","graph_2024M01.graphml"
"0.22","0.56","0.22","0.147123602892834","1,2,3,1,4,2,3,3,2,3,4,4,4,3,2,5,6","0.000482797622680664","louvain","graph_2024M01.graphml"
"0.21","0.57","0.22","0.145358154381512","1,2,3,1,4,3,4,3,2,4,3,3,3,1,3,3,5","0.000499963760375977","louvain","graph_2024M01.graphml"
"0.2","0.58","0.22","0.144699038882733","1,2,3,1,3,4,3,3,2,3,4,3,4,1,4,3,5","0.000491142272949219","louvain","graph_2024M01.graphml"
"0.19","0.59","0.22","0.147295086191347","1,2,3,1,4,2,3,3,2,3,4,4,4,1,2,3,5","0.000501871109008789","louvain","graph_2024M01.graphml"
"0.18","0.6","0.22","0.146601506168883","1,2,3,1,3,2,3,3,2,3,1,4,3,3,2,3,5","0.000503063201904297","louvain","graph_2024M01.graphml"
"0.17","0.61","0.22","0.150944403615555","1,2,3,1,4,2,3,3,2,3,1,4,4,3,2,3,5","0.000504016876220703","louvain","graph_2024M01.graphml"
"0.16","0.62","0.22","0.150084375","1,2,3,1,4,4,5,3,2,5,1,3,4,5,4,3,6","0.00053095817565918","louvain","graph_2024M01.graphml"
"0.15","0.63","0.22","0.148081111853667","1,2,3,1,4,5,4,3,2,4,1,3,5,5,5,3,6","0.000823020935058594","louvain","graph_2024M01.graphml"
"0.14","0.64","0.22","0.14699308535857","1,2,3,1,3,4,3,3,2,3,1,3,4,4,4,3,5","0.000564098358154297","louvain","graph_2024M01.graphml"
"0.13","0.65","0.22","0.145343697607072","1,2,3,1,4,5,4,3,2,4,1,3,5,5,5,3,6","0.000481128692626953","louvain","graph_2024M01.graphml"
"0.12","0.66","0.22","0.145518536181927","1,2,3,1,4,4,5,3,2,5,1,3,4,5,2,3,6","0.000501155853271484","louvain","graph_2024M01.graphml"
"0.11","0.67","0.22","0.146813442882239","1,2,3,1,4,2,3,3,2,3,1,4,4,3,2,3,5","0.000510215759277344","louvain","graph_2024M01.graphml"
"0.1","0.68","0.22","0.147317137639369","1,2,3,1,4,4,5,3,2,5,1,3,4,5,4,3,6","0.000513076782226562","louvain","graph_2024M01.graphml"
"0.09","0.69","0.22","0.150144150224069","1,2,3,1,4,2,3,3,2,3,1,4,3,3,2,3,5","0.000496149063110352","louvain","graph_2024M01.graphml"
"0.08","0.7","0.22","0.149861894415681","1,2,3,1,4,2,4,3,2,4,1,5,3,3,2,3,6","0.000510931015014648","louvain","graph_2024M01.graphml"
"0.07","0.71","0.22","0.15176348130129","1,2,3,1,3,2,4,4,2,4,1,5,3,4,3,4,6","0.000500917434692383","louvain","graph_2024M01.graphml"
"0.06","0.72","0.22","0.151634088412723","1,2,3,1,4,2,4,3,2,4,1,5,3,3,2,3,6","0.000465869903564453","louvain","graph_2024M01.graphml"
"0.05","0.73","0.22","0.149393424036281","1,2,3,1,4,3,4,5,2,4,1,5,3,1,3,5,6","0.000513076782226562","louvain","graph_2024M01.graphml"
"0.04","0.74","0.22","0.151901033370778","1,2,3,1,4,4,3,3,2,3,1,5,4,3,4,3,6","0.000498056411743164","louvain","graph_2024M01.graphml"
"0.03","0.75","0.22","0.152715045389818","1,2,3,1,4,4,3,3,2,3,1,5,4,1,4,3,6","0.000486850738525391","louvain","graph_2024M01.graphml"
"0.02","0.76","0.22","0.151835418392028","1,2,3,1,4,5,3,3,2,3,5,4,5,1,5,3,6","0.000512123107910156","louvain","graph_2024M01.graphml"
"0.01","0.77","0.22","0.152101421057539","1,2,3,1,4,4,3,3,2,3,1,5,4,1,4,3,6","0.00058293342590332","louvain","graph_2024M01.graphml"
"0","0.78","0.22","0.152452442662233","1,2,3,1,4,2,3,3,2,4,4,4,3,1,2,3,5","0.000482082366943359","louvain","graph_2024M01.graphml"
"0.77","0","0.23","0.14800643925223","1,2,1,1,3,4,4,4,2,3,4,3,4,1,1,4,5","0.000503063201904297","louvain","graph_2024M01.graphml"
"0.76","0.01","0.23","0.146164587180758","1,2,1,1,3,4,4,4,2,3,4,3,4,1,1,4,5","0.000454902648925781","louvain","graph_2024M01.graphml"
"0.75","0.02","0.23","0.144981599758392","1,2,1,1,3,4,4,4,2,3,4,3,4,1,1,4,5","0.000468969345092773","louvain","graph_2024M01.graphml"
"0.74","0.03","0.23","0.14635","1,2,1,1,3,4,4,4,2,3,4,3,4,1,1,4,5","0.000544071197509766","louvain","graph_2024M01.graphml"
"0.73","0.04","0.23","0.14818862534626","1,2,1,1,3,1,3,3,2,3,3,4,3,1,1,3,5","0.000522136688232422","louvain","graph_2024M01.graphml"
"0.72","0.05","0.23","0.149346949744692","1,2,1,1,3,1,3,3,2,3,3,4,3,1,1,3,5","0.000490903854370117","louvain","graph_2024M01.graphml"
"0.71","0.06","0.23","0.149168055021573","1,2,1,1,3,1,3,3,2,3,3,3,3,1,1,4,5","0.000468015670776367","louvain","graph_2024M01.graphml"
"0.7","0.07","0.23","0.150189720949949","1,2,1,1,3,1,3,3,2,3,3,3,3,1,1,4,5","0.000455141067504883","louvain","graph_2024M01.graphml"
"0.69","0.08","0.23","0.146389518770471","1,2,1,1,3,1,3,3,2,4,3,3,3,4,1,3,5","0.000494003295898438","louvain","graph_2024M01.graphml"
"0.68","0.09","0.23","0.144906407666511","1,2,1,1,3,3,3,4,2,4,3,3,3,4,1,4,5","0.000463008880615234","louvain","graph_2024M01.graphml"
"0.67","0.1","0.23","0.147442743562359","1,2,1,3,3,1,3,3,2,3,3,4,3,3,1,4,5","0.000502824783325195","louvain","graph_2024M01.graphml"
"0.66","0.11","0.23","0.151027260993197","1,2,1,3,3,1,3,3,2,3,3,4,3,3,1,4,5","0.000543117523193359","louvain","graph_2024M01.graphml"
"0.65","0.12","0.23","0.150448673982625","1,2,1,1,3,1,3,3,2,4,3,3,3,3,1,3,5","0.000530004501342773","louvain","graph_2024M01.graphml"
"0.64","0.13","0.23","0.145465682836275","1,2,1,1,3,3,3,3,2,4,3,5,3,3,1,5,6","0.000459909439086914","louvain","graph_2024M01.graphml"
"0.63","0.14","0.23","0.147536515738029","1,2,1,1,3,3,3,3,2,4,3,5,3,3,1,5,6","0.000598907470703125","louvain","graph_2024M01.graphml"
"0.62","0.15","0.23","0.146029902743504","1,2,1,3,3,3,3,3,2,4,3,5,3,1,1,5,6","0.000596046447753906","louvain","graph_2024M01.graphml"
"0.61","0.16","0.23","0.146923591000223","1,2,1,1,3,3,3,3,2,4,3,2,3,1,1,3,5","0.000489950180053711","louvain","graph_2024M01.graphml"
"0.6","0.17","0.23","0.145005426980848","1,2,1,3,4,3,4,4,3,2,4,5,4,1,1,4,6","0.000466823577880859","louvain","graph_2024M01.graphml"
"0.59","0.18","0.23","0.145965489336153","1,2,1,3,3,4,3,3,4,2,3,5,3,1,1,5,6","0.000460147857666016","louvain","graph_2024M01.graphml"
"0.58","0.19","0.23","0.14639106990824","1,2,1,2,2,3,2,2,3,2,1,4,2,2,1,4,5","0.000479936599731445","louvain","graph_2024M01.graphml"
"0.57","0.2","0.23","0.144792414760097","1,2,1,3,3,4,3,3,4,2,1,2,3,1,1,3,5","0.000488996505737305","louvain","graph_2024M01.graphml"
"0.56","0.21","0.23","0.143345884792901","1,2,1,3,4,3,4,4,3,2,4,2,4,1,1,4,5","0.000504970550537109","louvain","graph_2024M01.graphml"
"0.55","0.22","0.23","0.142954891244295","1,2,1,2,2,3,2,2,3,2,2,4,2,1,1,4,5","0.00049901008605957","louvain","graph_2024M01.graphml"
"0.54","0.23","0.23","0.144847721067003","1,2,1,3,2,3,2,2,3,2,1,4,2,2,1,2,5","0.000524997711181641","louvain","graph_2024M01.graphml"
"0.53","0.24","0.23","0.148066174455398","1,2,1,1,2,3,2,2,3,2,2,4,2,2,1,4,5","0.000468015670776367","louvain","graph_2024M01.graphml"
"0.52","0.25","0.23","0.148589391158468","1,2,1,2,2,3,2,2,3,2,1,4,2,2,1,4,5","0.000473976135253906","louvain","graph_2024M01.graphml"
"0.51","0.26","0.23","0.146878925460382","1,2,1,3,2,3,2,4,3,2,2,4,2,1,1,4,5","0.000502109527587891","louvain","graph_2024M01.graphml"
"0.5","0.27","0.23","0.148195918367347","1,2,1,3,2,3,2,4,3,2,2,4,2,1,1,4,5","0.000617027282714844","louvain","graph_2024M01.graphml"
"0.49","0.28","0.23","0.149446838905528","1,2,1,3,2,3,2,4,3,2,2,4,2,1,1,4,5","0.00050806999206543","louvain","graph_2024M01.graphml"
"0.48","0.29","0.23","0.148283831825952","1,2,1,2,3,3,2,4,3,2,2,4,2,1,1,4,5","0.000562906265258789","louvain","graph_2024M01.graphml"
"0.47","0.3","0.23","0.146733058827285","1,2,2,1,3,3,2,4,3,2,2,4,2,1,1,4,5","0.000497102737426758","louvain","graph_2024M01.graphml"
"0.46","0.31","0.23","0.146521114758238","1,2,2,3,4,4,3,3,4,2,3,5,3,3,1,5,6","0.00134396553039551","louvain","graph_2024M01.graphml"
"0.45","0.32","0.23","0.14620463838735","1,2,3,1,4,4,2,2,4,3,2,2,2,1,4,2,5","0.000502109527587891","louvain","graph_2024M01.graphml"
"0.44","0.33","0.23","0.144876880932467","1,2,2,1,3,4,3,3,4,2,3,3,3,1,4,3,5","0.000507831573486328","louvain","graph_2024M01.graphml"
"0.43","0.34","0.23","0.144876880932467","1,2,2,1,3,4,3,3,4,2,3,3,3,1,4,3,5","0.000504970550537109","louvain","graph_2024M01.graphml"
"0.42","0.35","0.23","0.147664158380364","1,2,2,1,3,4,3,3,4,2,3,3,3,1,4,3,5","0.000509977340698242","louvain","graph_2024M01.graphml"
"0.41","0.36","0.23","0.146103245253881","1,2,2,1,3,4,3,3,4,2,3,3,3,1,4,3,5","0.000483989715576172","louvain","graph_2024M01.graphml"
"0.4","0.37","0.23","0.146103245253881","1,2,2,1,3,4,3,3,4,2,3,3,3,1,4,3,5","0.000487089157104492","louvain","graph_2024M01.graphml"
"0.39","0.38","0.23","0.147797662527392","1,2,3,1,4,2,4,4,2,3,4,4,4,1,2,4,5","0.000735998153686523","louvain","graph_2024M01.graphml"
"0.38","0.39","0.23","0.147975922071916","1,2,3,1,4,2,4,4,2,3,4,4,4,1,2,4,5","0.00052189826965332","louvain","graph_2024M01.graphml"
"0.37","0.4","0.23","0.145911378649661","1,2,3,1,4,2,4,5,2,3,4,5,4,1,2,5,6","0.000487089157104492","louvain","graph_2024M01.graphml"
"0.36","0.41","0.23","0.147652359665007","1,2,3,1,4,2,4,4,2,3,4,4,4,1,2,4,5","0.000613927841186523","louvain","graph_2024M01.graphml"
"0.35","0.42","0.23","0.145310181685843","1,2,3,1,4,2,4,4,2,3,4,4,4,1,2,4,5","0.000519990921020508","louvain","graph_2024M01.graphml"
"0.34","0.43","0.23","0.146591154336158","1,2,3,1,4,2,4,4,2,3,4,4,4,1,2,4,5","0.000512838363647461","louvain","graph_2024M01.graphml"
"0.33","0.44","0.23","0.14564404432133","1,2,3,1,4,2,4,4,2,3,4,4,4,1,2,4,5","0.000541210174560547","louvain","graph_2024M01.graphml"
"0.32","0.45","0.23","0.145556244844535","1,2,3,1,4,2,4,4,2,3,4,4,4,1,2,4,5","0.0005340576171875","louvain","graph_2024M01.graphml"
"0.31","0.46","0.23","0.141558441558442","1,2,3,1,4,2,4,3,2,3,4,4,4,1,2,3,5","0.000481128692626953","louvain","graph_2024M01.graphml"
"0.3","0.47","0.23","0.145393906616189","1,2,3,1,4,2,4,4,2,3,4,4,4,1,2,4,5","0.0004730224609375","louvain","graph_2024M01.graphml"
"0.29","0.48","0.23","0.147187105557061","1,2,3,1,4,2,4,3,2,3,4,4,4,1,2,3,5","0.000477075576782227","louvain","graph_2024M01.graphml"
"0.28","0.49","0.23","0.146228112061015","1,2,3,1,4,2,3,3,2,3,4,4,4,3,2,5,6","0.000490903854370117","louvain","graph_2024M01.graphml"
"0.27","0.5","0.23","0.144181460849646","1,2,3,1,4,5,4,3,2,4,5,3,5,1,5,3,6","0.000483989715576172","louvain","graph_2024M01.graphml"
"0.26","0.51","0.23","0.147130820170579","1,2,3,1,4,3,4,3,2,4,3,3,3,1,3,3,5","0.000669002532958984","louvain","graph_2024M01.graphml"
"0.25","0.52","0.23","0.147775099479645","1,2,3,1,4,2,4,3,2,4,1,3,3,4,2,3,5","0.000472068786621094","louvain","graph_2024M01.graphml"
"0.24","0.53","0.23","0.145930752685443","1,2,3,1,3,4,3,3,2,3,1,3,4,4,4,3,5","0.000503778457641602","louvain","graph_2024M01.graphml"
"0.23","0.54","0.23","0.146346442547471","1,2,3,1,4,5,4,3,2,4,1,3,5,5,5,3,6","0.000500917434692383","louvain","graph_2024M01.graphml"
"0.22","0.55","0.23","0.149914721474795","1,2,3,1,3,2,4,4,2,4,1,5,3,4,3,4,6","0.000514984130859375","louvain","graph_2024M01.graphml"
"0.21","0.56","0.23","0.147675659198293","1,2,3,1,4,3,4,5,2,4,1,5,3,1,3,5,6","0.000484943389892578","louvain","graph_2024M01.graphml"
"0.2","0.57","0.23","0.148968602285556","1,2,3,1,4,2,4,3,2,4,1,3,3,1,2,3,5","0.000540971755981445","louvain","graph_2024M01.graphml"
"0.19","0.58","0.23","0.148968602285556","1,2,3,1,4,2,4,3,2,4,1,3,3,1,2,3,5","0.0004730224609375","louvain","graph_2024M01.graphml"
"0.18","0.59","0.23","0.149464749134948","1,2,3,1,4,3,4,5,2,4,1,5,3,4,3,5,6","0.000478982925415039","louvain","graph_2024M01.graphml"
"0.17","0.6","0.23","0.149443152539738","1,2,3,1,4,2,4,3,2,4,1,3,3,4,2,3,5","0.000479936599731445","louvain","graph_2024M01.graphml"
"0.16","0.61","0.23","0.14637315668271","1,2,3,1,3,2,3,3,2,3,1,4,3,3,2,3,5","0.000500917434692383","louvain","graph_2024M01.graphml"
"0.15","0.62","0.23","0.145111362557088","1,2,3,1,4,3,4,5,2,4,1,5,3,1,3,5,6","0.00050806999206543","louvain","graph_2024M01.graphml"
"0.14","0.63","0.23","0.146044831851385","1,2,3,1,4,3,4,5,2,4,1,5,3,4,3,5,6","0.000470876693725586","louvain","graph_2024M01.graphml"
"0.13","0.64","0.23","0.14695243158284","1,2,3,1,4,3,4,5,2,4,1,5,3,4,3,5,6","0.000619888305664062","louvain","graph_2024M01.graphml"
"0.12","0.65","0.23","0.149339521188804","1,2,3,1,3,2,3,3,2,3,1,4,3,3,2,3,5","0.000518083572387695","louvain","graph_2024M01.graphml"
"0.11","0.66","0.23","0.149339521188804","1,2,3,1,3,2,3,3,2,3,1,4,3,3,2,3,5","0.000519990921020508","louvain","graph_2024M01.graphml"
"0.1","0.67","0.23","0.150107025691755","1,2,3,1,4,2,4,3,2,4,1,5,3,1,2,3,6","0.000496864318847656","louvain","graph_2024M01.graphml"
"0.09","0.68","0.23","0.14966680758277","1,2,3,1,3,2,3,3,2,3,3,4,3,1,2,2,5","0.000729084014892578","louvain","graph_2024M01.graphml"
"0.08","0.69","0.23","0.15036955017301","1,2,3,1,3,3,4,4,2,4,5,5,3,1,2,4,6","0.000516891479492188","louvain","graph_2024M01.graphml"
"0.07","0.7","0.23","0.150703123278009","1,2,3,1,4,4,3,3,2,3,5,5,4,1,4,3,6","0.000459909439086914","louvain","graph_2024M01.graphml"
"0.06","0.71","0.23","0.151298694209101","1,2,3,1,4,2,3,3,2,4,4,4,3,1,2,3,5","0.000586986541748047","louvain","graph_2024M01.graphml"
"0.05","0.72","0.23","0.150941909683168","1,2,3,1,4,3,5,5,2,4,4,4,3,1,3,5,6","0.000498056411743164","louvain","graph_2024M01.graphml"
"0.04","0.73","0.23","0.150090556412894","1,2,3,2,4,4,3,3,2,3,1,5,4,1,4,3,6","0.000496864318847656","louvain","graph_2024M01.graphml"
"0.03","0.74","0.23","0.149002420947567","1,2,3,1,4,3,4,4,2,4,3,4,3,1,2,4,5","0.000524044036865234","louvain","graph_2024M01.graphml"
"0.02","0.75","0.23","0.153315459577209","1,2,3,2,4,3,4,4,2,4,1,4,3,1,3,4,5","0.000541925430297852","louvain","graph_2024M01.graphml"
"0.01","0.76","0.23","0.155196409582786","1,2,3,2,4,4,3,3,2,3,1,3,4,1,4,3,5","0.000485897064208984","louvain","graph_2024M01.graphml"
"0","0.77","0.23","0.152425103305785","1,2,3,1,4,3,5,5,2,4,4,5,3,1,3,5,6","0.000528097152709961","louvain","graph_2024M01.graphml"
"0.76","0","0.24","0.146808862604812","1,2,1,1,3,3,3,4,2,4,3,5,3,4,1,4,6","0.000490903854370117","louvain","graph_2024M01.graphml"
"0.75","0.01","0.24","0.148092764037604","1,2,1,1,3,3,3,4,2,4,3,5,3,4,1,4,6","0.000555038452148438","louvain","graph_2024M01.graphml"
"0.74","0.02","0.24","0.147877944239705","1,2,1,1,3,3,3,4,2,4,3,4,3,3,1,4,5","0.00047612190246582","louvain","graph_2024M01.graphml"
"0.73","0.03","0.24","0.146446084452786","1,2,1,3,3,1,3,3,2,3,3,4,3,3,1,4,5","0.0004730224609375","louvain","graph_2024M01.graphml"
"0.72","0.04","0.24","0.147174425714036","1,2,1,1,3,1,3,3,2,4,3,3,3,3,1,3,5","0.000478029251098633","louvain","graph_2024M01.graphml"
"0.71","0.05","0.24","0.147018114823855","1,2,1,1,3,1,3,3,2,4,1,3,3,3,1,3,5","0.000483036041259766","louvain","graph_2024M01.graphml"
"0.7","0.06","0.24","0.144422033016062","1,2,1,3,3,3,3,3,2,4,1,3,3,3,1,3,5","0.000486850738525391","louvain","graph_2024M01.graphml"
"0.69","0.07","0.24","0.143870523415978","1,2,1,2,3,1,3,3,2,4,1,3,3,1,1,3,5","0.000545024871826172","louvain","graph_2024M01.graphml"
"0.68","0.08","0.24","0.145032419807195","1,2,1,3,3,1,3,3,2,3,1,4,3,3,1,4,5","0.000475883483886719","louvain","graph_2024M01.graphml"
"0.67","0.09","0.24","0.143622933773172","1,2,1,1,3,3,3,3,2,4,3,5,3,1,1,3,6","0.000602006912231445","louvain","graph_2024M01.graphml"
"0.66","0.1","0.24","0.142622546645652","1,2,1,1,3,2,3,3,2,4,3,2,3,1,1,3,5","0.000487089157104492","louvain","graph_2024M01.graphml"
"0.65","0.11","0.24","0.14209326406836","1,2,1,2,2,3,2,2,3,2,1,4,2,2,1,4,5","0.000616073608398438","louvain","graph_2024M01.graphml"
"0.64","0.12","0.24","0.142478373702422","1,2,1,3,4,3,4,4,3,2,1,4,4,1,1,4,5","0.000463962554931641","louvain","graph_2024M01.graphml"
"0.63","0.13","0.24","0.143621915876196","1,2,1,3,4,3,4,4,3,2,4,2,4,1,1,4,5","0.000490903854370117","louvain","graph_2024M01.graphml"
"0.62","0.14","0.24","0.143235386616121","1,2,1,1,2,3,2,2,3,2,2,4,2,2,1,4,5","0.000533103942871094","louvain","graph_2024M01.graphml"
"0.61","0.15","0.24","0.144710823418064","1,2,1,2,2,3,2,2,3,2,1,4,2,2,1,4,5","0.000478029251098633","louvain","graph_2024M01.graphml"
"0.6","0.16","0.24","0.145360218441504","1,2,1,2,2,3,2,2,3,2,2,4,2,1,1,4,5","0.000519037246704102","louvain","graph_2024M01.graphml"
"0.59","0.17","0.24","0.143747560398309","1,2,1,3,3,4,3,3,4,2,1,2,3,1,1,3,5","0.000475883483886719","louvain","graph_2024M01.graphml"
"0.58","0.18","0.24","0.145325505350773","1,2,1,2,2,3,2,2,3,2,1,4,2,2,1,3,5","0.000566005706787109","louvain","graph_2024M01.graphml"
"0.57","0.19","0.24","0.144608829155754","1,2,1,3,4,3,4,4,3,2,4,2,4,1,1,4,5","0.000486850738525391","louvain","graph_2024M01.graphml"
"0.56","0.2","0.24","0.145487635588843","1,2,1,3,4,2,4,4,2,3,1,4,4,1,1,4,5","0.000494956970214844","louvain","graph_2024M01.graphml"
"0.55","0.21","0.24","0.146129261363636","1,2,1,3,4,3,4,4,3,2,1,4,4,1,1,4,5","0.000494003295898438","louvain","graph_2024M01.graphml"
"0.54","0.22","0.24","0.146799187859625","1,2,1,2,3,3,2,2,3,2,2,4,2,2,1,4,5","0.000509977340698242","louvain","graph_2024M01.graphml"
"0.53","0.23","0.24","0.145891187079064","1,2,1,2,3,3,2,2,3,2,2,4,2,2,1,4,5","0.000519990921020508","louvain","graph_2024M01.graphml"
"0.52","0.24","0.24","0.144767711005971","1,2,3,4,4,2,4,4,2,3,4,5,4,1,1,5,6","0.000495195388793945","louvain","graph_2024M01.graphml"
"0.51","0.25","0.24","0.143206018518519","1,2,2,3,4,4,3,3,4,2,3,5,3,1,4,3,6","0.000503063201904297","louvain","graph_2024M01.graphml"
"0.5","0.26","0.24","0.143011633995856","1,2,2,1,3,4,3,3,4,2,3,3,3,1,4,3,5","0.000483989715576172","louvain","graph_2024M01.graphml"
"0.49","0.27","0.24","0.141449553194059","1,2,2,1,3,4,3,3,4,2,3,3,3,1,4,3,5","0.000500917434692383","louvain","graph_2024M01.graphml"
"0.48","0.28","0.24","0.143185075696497","1,2,2,3,4,4,3,3,4,2,3,5,3,3,4,5,6","0.000561952590942383","louvain","graph_2024M01.graphml"
"0.47","0.29","0.24","0.14523457743394","1,2,2,3,4,4,3,3,4,2,3,5,3,3,4,5,6","0.000488042831420898","louvain","graph_2024M01.graphml"
"0.46","0.3","0.24","0.14656190926276","1,2,2,1,3,4,3,3,4,2,3,3,3,1,4,3,5","0.000478982925415039","louvain","graph_2024M01.graphml"
"0.45","0.31","0.24","0.14654127100073","1,2,2,1,3,4,3,3,4,2,3,3,3,1,4,3,5","0.000519037246704102","louvain","graph_2024M01.graphml"
"0.44","0.32","0.24","0.148563727873259","1,2,3,1,4,2,4,4,2,3,4,4,4,1,2,4,5","0.000617027282714844","louvain","graph_2024M01.graphml"
"0.43","0.33","0.24","0.148563727873259","1,2,3,1,4,2,4,4,2,3,4,4,4,1,2,4,5","0.000464916229248047","louvain","graph_2024M01.graphml"
"0.42","0.34","0.24","0.148069686509733","1,2,3,1,4,2,4,4,2,3,4,4,4,1,2,4,5","0.000519990921020508","louvain","graph_2024M01.graphml"
"0.41","0.35","0.24","0.147098762391912","1,2,3,1,4,2,4,4,2,3,4,4,4,1,2,4,5","0.000474214553833008","louvain","graph_2024M01.graphml"
"0.4","0.36","0.24","0.14588284732125","1,2,3,1,4,2,4,3,2,3,4,4,4,1,2,3,5","0.000504016876220703","louvain","graph_2024M01.graphml"
"0.39","0.37","0.24","0.145556244844535","1,2,3,1,4,2,4,4,2,3,4,4,4,1,2,4,5","0.000572919845581055","louvain","graph_2024M01.graphml"
"0.38","0.38","0.24","0.143143869117895","1,2,3,1,4,2,4,4,2,3,4,4,4,1,2,4,5","0.000532150268554688","louvain","graph_2024M01.graphml"
"0.37","0.39","0.24","0.145201884614352","1,2,3,1,4,2,4,4,2,3,4,4,4,1,2,4,5","0.000488042831420898","louvain","graph_2024M01.graphml"
"0.36","0.4","0.24","0.144414858645628","1,2,3,1,2,2,3,3,2,3,3,4,3,3,2,4,5","0.000602006912231445","louvain","graph_2024M01.graphml"
"0.35","0.41","0.24","0.145414201183432","1,2,3,1,4,2,4,4,2,3,4,4,4,1,2,4,5","0.000486135482788086","louvain","graph_2024M01.graphml"
"0.34","0.42","0.24","0.145414201183432","1,2,3,1,4,2,4,4,2,3,4,4,4,1,2,4,5","0.000485897064208984","louvain","graph_2024M01.graphml"
"0.33","0.43","0.24","0.143137472936467","1,2,3,1,2,3,4,4,2,4,3,5,3,4,3,5,6","0.000482082366943359","louvain","graph_2024M01.graphml"
"0.32","0.44","0.24","0.148444948336726","1,2,3,1,4,2,4,3,2,4,3,3,3,1,2,3,5","0.00061798095703125","louvain","graph_2024M01.graphml"
"0.31","0.45","0.24","0.14515351280701","1,2,3,1,4,3,4,5,2,4,1,5,3,4,3,5,6","0.000512838363647461","louvain","graph_2024M01.graphml"
"0.3","0.46","0.24","0.144003492440374","1,2,3,1,3,2,3,3,2,3,1,3,3,3,2,3,4","0.000488042831420898","louvain","graph_2024M01.graphml"
"0.29","0.47","0.24","0.143146875","1,2,3,1,4,3,5,5,2,5,1,4,3,5,3,5,6","0.000531911849975586","louvain","graph_2024M01.graphml"
"0.28","0.48","0.24","0.145956891481227","1,2,3,1,4,3,4,5,2,4,1,5,3,4,3,5,6","0.000492095947265625","louvain","graph_2024M01.graphml"
"0.27","0.49","0.24","0.146676090174476","1,2,3,1,4,3,4,5,2,4,1,5,3,4,3,5,6","0.00049901008605957","louvain","graph_2024M01.graphml"
"0.26","0.5","0.24","0.146676090174476","1,2,3,1,4,3,4,5,2,4,1,5,3,4,3,5,6","0.000528812408447266","louvain","graph_2024M01.graphml"
"0.25","0.51","0.24","0.14887827901672","1,2,3,1,3,2,3,3,2,3,1,4,3,3,2,4,5","0.000510215759277344","louvain","graph_2024M01.graphml"
"0.24","0.52","0.24","0.147628419127191","1,2,3,1,4,3,4,5,2,4,1,5,3,4,3,5,6","0.000505208969116211","louvain","graph_2024M01.graphml"
"0.23","0.53","0.24","0.1467105925255","1,2,3,1,4,2,4,5,2,4,1,5,3,3,3,5,6","0.00049591064453125","louvain","graph_2024M01.graphml"
"0.22","0.54","0.24","0.145851988877368","1,2,3,1,3,2,4,3,2,4,1,3,3,4,2,3,5","0.000783920288085938","louvain","graph_2024M01.graphml"
"0.21","0.55","0.24","0.144069873275922","1,2,3,1,4,3,4,5,2,4,1,5,3,4,3,5,6","0.000506877899169922","louvain","graph_2024M01.graphml"
"0.2","0.56","0.24","0.145007983742198","1,2,3,1,4,3,4,5,2,4,1,5,3,4,3,5,6","0.000506162643432617","louvain","graph_2024M01.graphml"
"0.19","0.57","0.24","0.14480766439251","1,2,3,1,4,2,4,3,2,4,1,5,3,3,2,3,6","0.000550985336303711","louvain","graph_2024M01.graphml"
"0.18","0.58","0.24","0.143953402366864","1,2,3,1,4,3,4,5,2,4,1,5,3,4,3,5,6","0.000489234924316406","louvain","graph_2024M01.graphml"
"0.17","0.59","0.24","0.145601813614641","1,2,3,1,3,2,4,5,2,4,4,5,3,1,3,5,6","0.000500917434692383","louvain","graph_2024M01.graphml"
"0.16","0.6","0.24","0.147374098105953","1,2,3,1,3,2,4,5,2,4,4,5,3,1,3,5,6","0.000525951385498047","louvain","graph_2024M01.graphml"
"0.15","0.61","0.24","0.147374098105953","1,2,3,1,3,3,4,5,2,4,4,5,3,1,2,5,6","0.000483989715576172","louvain","graph_2024M01.graphml"
"0.14","0.62","0.24","0.147374098105953","1,2,3,1,3,2,4,5,2,4,4,5,3,1,3,5,6","0.000540971755981445","louvain","graph_2024M01.graphml"
"0.13","0.63","0.24","0.149601049174547","1,2,3,1,3,2,4,4,2,4,5,5,3,1,3,4,6","0.000524997711181641","louvain","graph_2024M01.graphml"
"0.12","0.64","0.24","0.151129465455498","1,2,3,1,3,2,4,3,2,4,5,5,3,1,2,4,6","0.000524997711181641","louvain","graph_2024M01.graphml"
"0.11","0.65","0.24","0.149191454840454","1,2,3,1,3,2,4,3,2,4,5,5,3,1,2,4,6","0.000514984130859375","louvain","graph_2024M01.graphml"
"0.1","0.66","0.24","0.148038301611797","1,2,3,1,3,2,3,3,2,3,4,4,3,1,2,3,5","0.000504970550537109","louvain","graph_2024M01.graphml"
"0.09","0.67","0.24","0.148760857100384","1,2,3,4,3,4,2,3,4,2,1,5,3,1,4,2,6","0.000540018081665039","louvain","graph_2024M01.graphml"
"0.08","0.68","0.24","0.149710661910424","1,2,3,4,3,4,2,3,4,2,1,5,3,1,4,2,6","0.00061798095703125","louvain","graph_2024M01.graphml"
"0.07","0.69","0.24","0.151198369508559","1,2,3,2,4,2,4,3,2,4,1,4,3,1,2,4,5","0.000483989715576172","louvain","graph_2024M01.graphml"
"0.06","0.7","0.24","0.149674918664806","1,2,3,1,4,2,4,3,2,4,4,4,3,1,2,4,5","0.000573158264160156","louvain","graph_2024M01.graphml"
"0.05","0.71","0.24","0.14972882231405","1,2,3,1,4,3,5,5,2,4,4,5,3,1,3,5,6","0.000486135482788086","louvain","graph_2024M01.graphml"
"0.04","0.72","0.24","0.151284847311324","1,2,3,1,4,3,5,5,2,4,4,5,3,1,3,5,6","0.000501871109008789","louvain","graph_2024M01.graphml"
"0.03","0.73","0.24","0.153267287557828","1,2,3,2,4,4,3,3,2,3,1,3,4,1,4,3,5","0.000483989715576172","louvain","graph_2024M01.graphml"
"0.02","0.74","0.24","0.151821739679333","1,2,3,1,4,2,4,4,2,4,3,4,3,1,3,4,5","0.000529050827026367","louvain","graph_2024M01.graphml"
"0.01","0.75","0.24","0.152035456173332","1,2,3,2,4,3,4,4,2,4,1,4,3,1,3,4,1","0.000519990921020508","louvain","graph_2024M01.graphml"
"0","0.76","0.24","0.153143209876543","1,2,3,2,4,4,3,3,2,3,1,3,4,1,4,3,1","0.000496864318847656","louvain","graph_2024M01.graphml"
"0.75","0","0.25","0.137900347751481","1,2,1,3,2,2,2,2,3,4,2,5,2,1,1,5,6","0.000478982925415039","louvain","graph_2024M01.graphml"
"0.74","0.01","0.25","0.141132123114105","1,2,1,1,3,3,3,3,2,4,3,5,3,3,1,5,6","0.000471830368041992","louvain","graph_2024M01.graphml"
"0.73","0.02","0.25","0.143866921768707","1,2,1,3,3,2,3,3,2,3,1,4,3,3,1,4,5","0.000493049621582031","louvain","graph_2024M01.graphml"
"0.72","0.03","0.25","0.141968068344946","1,2,1,3,3,2,3,3,2,3,1,4,3,3,1,4,5","0.000509023666381836","louvain","graph_2024M01.graphml"
"0.71","0.04","0.25","0.142288062283737","1,2,1,3,4,3,4,4,3,2,1,5,4,4,1,4,6","0.000519990921020508","louvain","graph_2024M01.graphml"
"0.7","0.05","0.25","0.14548493553572","1,2,1,2,2,3,2,2,3,2,1,4,2,2,1,4,5","0.000624895095825195","louvain","graph_2024M01.graphml"
"0.69","0.06","0.25","0.143235386616121","1,2,1,1,2,3,2,2,3,2,2,4,2,2,1,4,5","0.000478029251098633","louvain","graph_2024M01.graphml"
"0.68","0.07","0.25","0.14154391452541","1,2,1,3,2,3,2,2,3,2,2,4,2,1,1,2,5","0.000498056411743164","louvain","graph_2024M01.graphml"
"0.67","0.08","0.25","0.145048843969713","1,2,1,3,3,2,3,3,2,3,1,4,3,3,1,4,5","0.0004730224609375","louvain","graph_2024M01.graphml"
"0.66","0.09","0.25","0.144773231236868","1,2,1,3,4,3,4,4,3,2,1,5,4,4,1,4,6","0.000495195388793945","louvain","graph_2024M01.graphml"
"0.65","0.1","0.25","0.144788776588717","1,2,1,1,2,3,2,2,3,2,2,4,2,2,1,3,5","0.000496149063110352","louvain","graph_2024M01.graphml"
"0.64","0.11","0.25","0.145438050590718","1,2,1,3,3,4,3,3,4,2,3,5,3,1,1,4,6","0.000494003295898438","louvain","graph_2024M01.graphml"
"0.63","0.12","0.25","0.144534693877551","1,2,1,1,3,4,3,3,4,2,3,5,3,3,1,4,6","0.000520944595336914","louvain","graph_2024M01.graphml"
"0.62","0.13","0.25","0.147569892820248","1,2,1,3,4,3,4,4,3,2,4,5,4,1,1,4,6","0.000484943389892578","louvain","graph_2024M01.graphml"
"0.61","0.14","0.25","0.146486208861318","1,2,1,3,4,3,4,4,3,2,1,5,4,4,1,4,6","0.000505208969116211","louvain","graph_2024M01.graphml"
"0.6","0.15","0.25","0.145175798510289","1,2,1,2,3,3,2,2,3,2,2,4,2,2,1,4,5","0.000674009323120117","louvain","graph_2024M01.graphml"
"0.59","0.16","0.25","0.144544565080167","1,2,1,3,4,4,3,3,4,2,3,5,3,1,1,3,6","0.000502109527587891","louvain","graph_2024M01.graphml"
"0.58","0.17","0.25","0.144724727692644","1,2,1,3,4,4,3,3,4,2,3,5,3,1,1,3,6","0.000514984130859375","louvain","graph_2024M01.graphml"
"0.57","0.18","0.25","0.142169805561491","1,2,2,3,4,4,3,3,4,2,1,5,3,3,4,3,6","0.000905990600585938","louvain","graph_2024M01.graphml"
"0.56","0.19","0.25","0.142981674918488","1,2,2,1,3,4,3,3,4,2,3,3,3,1,4,3,5","0.000497102737426758","louvain","graph_2024M01.graphml"
"0.55","0.2","0.25","0.144045787202102","1,2,2,1,3,4,3,3,4,2,3,3,3,1,4,3,5","0.000481843948364258","louvain","graph_2024M01.graphml"
"0.54","0.21","0.25","0.14534250052256","1,2,2,1,3,4,3,3,4,2,3,3,3,1,4,3,5","0.000482082366943359","louvain","graph_2024M01.graphml"
"0.53","0.22","0.25","0.14534250052256","1,2,2,1,3,4,3,3,4,2,3,3,3,1,4,3,5","0.000645875930786133","louvain","graph_2024M01.graphml"
"0.52","0.23","0.25","0.147604673878717","1,2,2,1,3,4,3,3,4,2,3,3,3,1,4,3,5","0.000499963760375977","louvain","graph_2024M01.graphml"
"0.51","0.24","0.25","0.145004032228769","1,2,2,1,3,4,3,3,4,2,3,3,3,1,4,3,5","0.000511884689331055","louvain","graph_2024M01.graphml"
"0.5","0.25","0.25","0.146284975141635","1,2,2,1,3,4,3,3,4,2,3,3,3,1,4,3,5","0.000502109527587891","louvain","graph_2024M01.graphml"
"0.49","0.26","0.25","0.145251848672685","1,2,3,1,4,2,4,4,2,3,4,4,4,1,2,4,5","0.000510931015014648","louvain","graph_2024M01.graphml"
"0.48","0.27","0.25","0.145251848672685","1,2,3,1,4,2,4,4,2,3,4,4,4,1,2,4,5","0.000486135482788086","louvain","graph_2024M01.graphml"
"0.47","0.28","0.25","0.143065002332203","1,2,3,1,4,2,4,4,2,3,4,4,4,1,2,4,5","0.000511884689331055","louvain","graph_2024M01.graphml"
"0.46","0.29","0.25","0.141419667590028","1,2,3,1,3,2,3,4,2,3,3,4,3,1,2,4,5","0.000493049621582031","louvain","graph_2024M01.graphml"
"0.45","0.3","0.25","0.14306798737465","1,2,3,1,4,2,4,4,2,3,4,4,4,1,2,4,5","0.000514984130859375","louvain","graph_2024M01.graphml"
"0.44","0.31","0.25","0.140836566031371","1,2,3,4,3,2,4,3,2,4,3,3,3,1,2,3,5","0.000504970550537109","louvain","graph_2024M01.graphml"
"0.43","0.32","0.25","0.142353730470826","1,2,3,1,4,2,4,4,2,3,4,4,4,1,2,4,5","0.000701904296875","louvain","graph_2024M01.graphml"
"0.42","0.33","0.25","0.145414201183432","1,2,3,1,4,2,4,4,2,3,4,4,4,1,2,4,5","0.000513076782226562","louvain","graph_2024M01.graphml"
"0.41","0.34","0.25","0.145414201183432","1,2,3,1,4,2,4,4,2,3,4,4,4,1,2,4,5","0.000504970550537109","louvain","graph_2024M01.graphml"
"0.4","0.35","0.25","0.144414858645628","1,2,3,1,2,2,3,3,2,3,3,4,3,3,2,4,5","0.000680923461914062","louvain","graph_2024M01.graphml"
"0.39","0.36","0.25","0.146627115207253","1,2,3,1,4,2,4,4,2,3,4,4,4,1,2,4,5","0.000607967376708984","louvain","graph_2024M01.graphml"
"0.38","0.37","0.25","0.14294778594021","1,2,3,1,4,2,3,3,2,4,1,5,3,3,2,3,6","0.000545024871826172","louvain","graph_2024M01.graphml"
"0.37","0.38","0.25","0.1404670824932","1,2,3,1,3,3,3,4,2,3,1,4,3,3,3,4,5","0.000530004501342773","louvain","graph_2024M01.graphml"
"0.36","0.39","0.25","0.14346329482855","1,2,3,1,3,3,3,3,2,3,1,4,3,3,2,3,5","0.000518083572387695","louvain","graph_2024M01.graphml"
"0.35","0.4","0.25","0.142313927873072","1,2,3,1,4,3,4,5,2,4,1,5,3,4,3,5,6","0.000492095947265625","louvain","graph_2024M01.graphml"
"0.34","0.41","0.25","0.146796051942934","1,2,3,1,3,2,3,3,2,3,1,4,3,3,2,3,5","0.000524044036865234","louvain","graph_2024M01.graphml"
"0.33","0.42","0.25","0.146796051942934","1,2,3,1,3,2,3,3,2,3,1,4,3,3,2,3,5","0.000513792037963867","louvain","graph_2024M01.graphml"
"0.32","0.43","0.25","0.147980490778845","1,2,3,1,3,2,3,3,2,3,1,4,3,3,2,4,5","0.000490903854370117","louvain","graph_2024M01.graphml"
"0.31","0.44","0.25","0.145832827780339","1,2,3,1,4,3,4,5,2,4,1,5,3,4,3,5,6","0.000486850738525391","louvain","graph_2024M01.graphml"
"0.3","0.45","0.25","0.145554486163999","1,2,3,1,4,3,4,5,2,4,1,5,3,3,2,5,6","0.00046992301940918","louvain","graph_2024M01.graphml"
"0.29","0.46","0.25","0.143857187679448","1,2,3,1,4,3,4,5,2,4,1,5,3,3,3,5,6","0.000530004501342773","louvain","graph_2024M01.graphml"
"0.28","0.47","0.25","0.14366929022528","1,2,3,1,4,2,4,3,2,4,1,3,3,4,2,3,5","0.000473976135253906","louvain","graph_2024M01.graphml"
"0.27","0.48","0.25","0.143874419473033","1,2,3,1,4,2,4,3,2,4,1,3,3,4,2,3,5","0.000513076782226562","louvain","graph_2024M01.graphml"
"0.26","0.49","0.25","0.143921620747041","1,2,3,1,4,3,4,5,2,4,1,5,3,3,2,5,6","0.000519990921020508","louvain","graph_2024M01.graphml"
"0.25","0.5","0.25","0.145503740892178","1,2,3,1,4,2,4,3,2,4,1,3,3,4,2,3,5","0.00050806999206543","louvain","graph_2024M01.graphml"
"0.24","0.51","0.25","0.145240115971087","1,2,3,1,4,2,4,3,2,4,5,5,3,1,2,3,6","0.000513076782226562","louvain","graph_2024M01.graphml"
"0.23","0.52","0.25","0.146612811791383","1,2,3,1,4,2,4,3,2,4,4,3,3,1,2,3,5","0.000500202178955078","louvain","graph_2024M01.graphml"
"0.22","0.53","0.25","0.148601221895285","1,2,3,1,4,2,4,3,2,4,4,4,3,1,2,3,5","0.000597953796386719","louvain","graph_2024M01.graphml"
"0.21","0.54","0.25","0.147843558059342","1,2,3,1,3,2,3,3,2,3,3,3,3,1,2,2,4","0.000509977340698242","louvain","graph_2024M01.graphml"
"0.2","0.55","0.25","0.149416496084016","1,2,3,1,4,2,4,3,2,4,4,4,3,1,2,3,5","0.000501871109008789","louvain","graph_2024M01.graphml"
"0.19","0.56","0.25","0.148561117540271","1,2,3,1,4,2,4,3,2,4,4,4,3,1,2,3,5","0.000702142715454102","louvain","graph_2024M01.graphml"
"0.18","0.57","0.25","0.147355752250857","1,2,3,1,4,2,4,3,2,4,1,4,3,1,2,4,5","0.000517129898071289","louvain","graph_2024M01.graphml"
"0.17","0.58","0.25","0.147790438000228","1,2,3,1,3,2,4,3,2,4,5,5,3,1,2,4,6","0.000514984130859375","louvain","graph_2024M01.graphml"
"0.16","0.59","0.25","0.14845688815198","1,2,3,1,4,2,5,3,2,4,4,4,3,1,2,5,6","0.000510215759277344","louvain","graph_2024M01.graphml"
"0.15","0.6","0.25","0.148552715092619","1,2,3,1,3,2,4,3,2,4,5,5,3,1,2,4,6","0.000507116317749023","louvain","graph_2024M01.graphml"
"0.14","0.61","0.25","0.147113224996697","1,2,3,4,3,4,2,3,4,2,1,5,3,1,4,2,6","0.00050806999206543","louvain","graph_2024M01.graphml"
"0.13","0.62","0.25","0.146349739079202","1,2,3,4,3,4,2,3,4,2,1,5,3,1,4,2,6","0.000517129898071289","louvain","graph_2024M01.graphml"
"0.12","0.63","0.25","0.148584266383103","1,2,3,2,4,2,4,3,2,4,1,4,3,1,2,4,5","0.000514030456542969","louvain","graph_2024M01.graphml"
"0.11","0.64","0.25","0.149580164643333","1,2,3,1,4,2,4,3,2,4,4,4,3,1,2,4,5","0.000502109527587891","louvain","graph_2024M01.graphml"
"0.1","0.65","0.25","0.14909348702934","1,2,3,2,4,2,4,3,2,4,1,4,3,1,2,4,5","0.00050806999206543","louvain","graph_2024M01.graphml"
"0.09","0.66","0.25","0.147534509729986","1,2,3,1,4,2,4,3,2,4,4,4,3,1,2,4,5","0.000513076782226562","louvain","graph_2024M01.graphml"
"0.08","0.67","0.25","0.148904703992313","1,2,3,1,4,4,3,3,2,3,5,5,4,1,4,3,1","0.000555038452148438","louvain","graph_2024M01.graphml"
"0.07","0.68","0.25","0.150228694993622","1,2,3,2,4,4,3,3,2,3,1,5,4,1,4,3,1","0.000609159469604492","louvain","graph_2024M01.graphml"
"0.06","0.69","0.25","0.153143209876543","1,2,3,2,4,4,3,3,2,3,1,3,4,1,4,3,1","0.000498056411743164","louvain","graph_2024M01.graphml"
"0.05","0.7","0.25","0.151627160493827","1,2,3,1,4,3,4,4,2,4,4,4,3,1,3,4,1","0.000535011291503906","louvain","graph_2024M01.graphml"
"0.04","0.71","0.25","0.152133585245517","1,2,3,2,4,1,3,3,2,3,1,3,4,1,4,3,1","0.000710010528564453","louvain","graph_2024M01.graphml"
"0.03","0.72","0.25","0.151911189423938","1,2,3,2,4,1,4,4,2,4,3,4,3,1,3,4,1","0.000547170639038086","louvain","graph_2024M01.graphml"
"0.02","0.73","0.25","0.151911189423938","1,2,3,2,4,1,4,4,2,4,3,4,3,1,3,4,1","0.000546932220458984","louvain","graph_2024M01.graphml"
"0.01","0.74","0.25","0.154634257479317","1,2,3,2,4,1,4,4,2,4,3,4,3,1,3,4,1","0.000771999359130859","louvain","graph_2024M01.graphml"
"0","0.75","0.25","0.153775992438563","1,2,3,2,4,1,4,4,2,4,3,4,3,1,3,4,1","0.000571966171264648","louvain","graph_2024M01.graphml"
"0.74","0","0.26","0.142188615837009","1,2,1,3,4,3,4,4,3,2,1,5,4,4,1,4,6","0.000577926635742188","louvain","graph_2024M01.graphml"
"0.73","0.01","0.26","0.143485415483311","1,2,1,3,4,3,4,4,3,2,4,5,4,1,1,4,6","0.000512838363647461","louvain","graph_2024M01.graphml"
"0.72","0.02","0.26","0.143485415483311","1,2,1,3,4,3,4,4,3,2,4,5,4,1,1,4,6","0.000484228134155273","louvain","graph_2024M01.graphml"
"0.71","0.03","0.26","0.14238553596492","1,2,1,3,4,3,4,4,3,2,1,5,4,4,1,4,6","0.000500917434692383","louvain","graph_2024M01.graphml"
"0.7","0.04","0.26","0.141915213370326","1,2,1,3,3,4,3,3,4,2,3,5,3,1,1,4,6","0.000476837158203125","louvain","graph_2024M01.graphml"
"0.69","0.05","0.26","0.141702040816327","1,2,1,3,4,3,4,4,3,2,4,5,4,1,1,4,6","0.000502109527587891","louvain","graph_2024M01.graphml"
"0.68","0.06","0.26","0.141867897727273","1,2,1,1,3,4,3,3,4,2,3,5,3,3,3,4,6","0.000510931015014648","louvain","graph_2024M01.graphml"
"0.67","0.07","0.26","0.145440326853714","1,2,1,1,3,4,3,3,4,2,3,5,3,3,3,5,6","0.000499963760375977","louvain","graph_2024M01.graphml"
"0.66","0.08","0.26","0.146070224161873","1,2,1,2,3,3,2,2,3,2,2,4,2,2,1,4,5","0.000520944595336914","louvain","graph_2024M01.graphml"
"0.65","0.09","0.26","0.144443323686191","1,2,1,3,4,3,4,4,3,2,1,4,4,1,1,4,5","0.000473976135253906","louvain","graph_2024M01.graphml"
"0.64","0.1","0.26","0.14233024691358","1,2,1,3,4,4,3,3,4,2,3,5,3,1,1,3,6","0.000487804412841797","louvain","graph_2024M01.graphml"
"0.63","0.11","0.26","0.141002258783309","1,2,3,1,4,4,3,3,4,2,3,5,3,1,4,3,6","0.000488996505737305","louvain","graph_2024M01.graphml"
"0.62","0.12","0.26","0.140804250694361","1,2,2,3,4,4,3,3,4,2,3,5,3,1,4,3,6","0.000478982925415039","louvain","graph_2024M01.graphml"
"0.61","0.13","0.26","0.142584026906429","1,2,3,1,4,4,3,3,4,2,3,3,3,1,4,3,5","0.000518798828125","louvain","graph_2024M01.graphml"
"0.6","0.14","0.26","0.144425305704252","1,2,2,1,3,4,3,3,4,2,3,3,3,1,4,3,5","0.000481128692626953","louvain","graph_2024M01.graphml"
"0.59","0.15","0.26","0.143375620274102","1,2,2,1,3,4,3,3,4,2,3,3,3,1,4,3,5","0.000502109527587891","louvain","graph_2024M01.graphml"
"0.58","0.16","0.26","0.140796201607012","1,2,2,1,3,4,3,3,4,2,3,3,3,1,4,3,5","0.00044703483581543","louvain","graph_2024M01.graphml"
"0.57","0.17","0.26","0.142479767794332","1,2,3,1,4,4,3,3,4,2,3,3,3,1,4,3,5","0.000509977340698242","louvain","graph_2024M01.graphml"
"0.56","0.18","0.26","0.142479767794332","1,2,3,1,4,4,3,3,4,2,3,3,3,1,4,3,5","0.000489950180053711","louvain","graph_2024M01.graphml"
"0.55","0.19","0.26","0.142718938429173","1,2,3,1,4,2,4,4,2,3,4,4,4,1,2,4,5","0.000445842742919922","louvain","graph_2024M01.graphml"
"0.54","0.2","0.26","0.142024299431707","1,2,3,1,4,2,4,4,2,3,4,4,4,1,2,4,5","0.000509977340698242","louvain","graph_2024M01.graphml"
"0.53","0.21","0.26","0.143287779951407","1,2,3,1,4,2,4,4,2,3,4,4,4,1,2,4,5","0.000498056411743164","louvain","graph_2024M01.graphml"
"0.52","0.22","0.26","0.141326177285319","1,2,3,3,2,2,3,4,2,3,3,4,3,1,2,4,5","0.000502824783325195","louvain","graph_2024M01.graphml"
"0.51","0.23","0.26","0.13816986958804","1,2,3,3,3,2,3,4,2,3,1,4,3,3,2,4,5","0.000504016876220703","louvain","graph_2024M01.graphml"
"0.5","0.24","0.26","0.138758643953449","1,2,3,1,3,2,3,4,2,4,3,3,3,1,2,4,5","0.000581979751586914","louvain","graph_2024M01.graphml"
"0.49","0.25","0.26","0.139899728851781","1,2,3,1,3,2,3,4,2,4,3,3,3,1,2,4,5","0.000499963760375977","louvain","graph_2024M01.graphml"
"0.48","0.26","0.26","0.142526437453502","1,2,3,1,4,2,4,3,2,3,4,4,4,1,2,3,5","0.000502109527587891","louvain","graph_2024M01.graphml"
"0.47","0.27","0.26","0.144477633639746","1,2,3,1,4,2,4,3,2,3,4,4,4,1,2,3,5","0.000637054443359375","louvain","graph_2024M01.graphml"
"0.46","0.28","0.26","0.1419208403922","1,2,3,1,4,2,4,4,2,3,4,4,4,1,2,4,5","0.000499963760375977","louvain","graph_2024M01.graphml"
"0.45","0.29","0.26","0.142445120974203","1,2,3,1,4,2,4,4,2,3,4,4,4,1,2,4,5","0.000524997711181641","louvain","graph_2024M01.graphml"
"0.44","0.3","0.26","0.143827798183859","1,2,3,1,3,2,3,3,2,3,1,4,3,3,2,4,5","0.000678062438964844","louvain","graph_2024M01.graphml"
"0.43","0.31","0.26","0.143441310042022","1,2,3,1,3,2,3,3,2,3,1,4,3,3,2,4,5","0.000509977340698242","louvain","graph_2024M01.graphml"
"0.42","0.32","0.26","0.143441310042022","1,2,3,1,3,2,3,3,2,3,1,4,3,3,2,4,5","0.000533103942871094","louvain","graph_2024M01.graphml"
"0.41","0.33","0.26","0.140736065074222","1,2,3,1,3,3,3,4,2,3,1,4,3,3,3,4,5","0.000518798828125","louvain","graph_2024M01.graphml"
"0.4","0.34","0.26","0.142270612113562","1,2,3,1,4,3,4,5,2,4,1,5,3,4,3,5,6","0.000477075576782227","louvain","graph_2024M01.graphml"
"0.39","0.35","0.26","0.142270612113562","1,2,3,1,4,3,4,5,2,4,1,5,3,4,3,5,6","0.000478029251098633","louvain","graph_2024M01.graphml"
"0.38","0.36","0.26","0.141975308641975","1,2,3,1,4,3,4,5,2,4,1,5,3,4,3,5,6","0.000503063201904297","louvain","graph_2024M01.graphml"
"0.37","0.37","0.26","0.14588327425111","1,2,3,1,4,2,4,3,2,4,1,3,3,4,2,3,5","0.000522136688232422","louvain","graph_2024M01.graphml"
"0.36","0.38","0.26","0.144619274241523","1,2,3,1,4,2,4,3,2,4,1,3,3,4,2,3,5","0.000531911849975586","louvain","graph_2024M01.graphml"
"0.35","0.39","0.26","0.1431037326798","1,2,3,1,4,2,4,3,2,4,1,3,3,4,2,3,5","0.000570058822631836","louvain","graph_2024M01.graphml"
"0.34","0.4","0.26","0.142564006355199","1,2,3,1,3,2,3,3,2,3,1,4,3,3,2,4,5","0.000730037689208984","louvain","graph_2024M01.graphml"
"0.33","0.41","0.26","0.145336967835803","1,2,3,1,3,2,3,3,2,3,1,4,3,3,2,4,5","0.000497817993164062","louvain","graph_2024M01.graphml"
"0.32","0.42","0.26","0.145336967835803","1,2,3,1,3,2,3,3,2,3,1,4,3,3,2,4,5","0.000721931457519531","louvain","graph_2024M01.graphml"
"0.31","0.43","0.26","0.144493601336966","1,2,3,1,3,2,3,3,2,3,1,4,3,3,2,4,5","0.000659942626953125","louvain","graph_2024M01.graphml"
"0.3","0.44","0.26","0.143747757189809","1,2,3,1,4,2,3,3,2,4,4,3,3,1,2,3,5","0.000484943389892578","louvain","graph_2024M01.graphml"
"0.29","0.45","0.26","0.145883288855287","1,2,3,1,4,2,3,3,2,4,4,3,3,1,2,3,5","0.000519990921020508","louvain","graph_2024M01.graphml"
"0.28","0.46","0.26","0.145883288855287","1,2,3,1,4,2,3,3,2,4,4,3,3,1,2,3,5","0.000504970550537109","louvain","graph_2024M01.graphml"
"0.27","0.47","0.26","0.147714377892488","1,2,3,1,4,2,3,3,2,4,4,4,3,1,2,3,5","0.000497102737426758","louvain","graph_2024M01.graphml"
"0.26","0.48","0.26","0.145618634446523","1,2,3,1,4,2,3,3,2,4,4,4,3,1,2,2,5","0.000482797622680664","louvain","graph_2024M01.graphml"
"0.25","0.49","0.26","0.146653091973098","1,2,3,1,4,2,3,3,2,4,4,4,3,1,2,2,5","0.000572919845581055","louvain","graph_2024M01.graphml"
"0.24","0.5","0.26","0.146653091973098","1,2,3,1,4,2,3,3,2,4,4,4,3,1,2,2,5","0.000488042831420898","louvain","graph_2024M01.graphml"
"0.23","0.51","0.26","0.148034072471606","1,2,3,1,3,2,3,3,2,3,4,4,3,1,2,3,5","0.00053095817565918","louvain","graph_2024M01.graphml"
"0.22","0.52","0.26","0.147414051783265","1,2,3,1,4,2,3,3,2,4,4,4,3,1,2,3,5","0.000514984130859375","louvain","graph_2024M01.graphml"
"0.21","0.53","0.26","0.146658739595719","1,2,3,1,4,2,3,3,2,4,4,4,3,1,2,3,5","0.000617027282714844","louvain","graph_2024M01.graphml"
"0.2","0.54","0.26","0.146658739595719","1,2,3,1,4,2,3,3,2,4,4,4,3,1,2,3,5","0.000501871109008789","louvain","graph_2024M01.graphml"
"0.19","0.55","0.26","0.146947933957868","1,2,3,1,4,2,3,3,2,4,4,4,3,1,2,3,5","0.000517845153808594","louvain","graph_2024M01.graphml"
"0.18","0.56","0.26","0.144578407456058","1,2,3,4,3,4,2,3,4,2,1,5,3,1,4,2,6","0.000552892684936523","louvain","graph_2024M01.graphml"
"0.17","0.57","0.26","0.145513462466467","1,2,3,4,3,4,2,3,4,2,1,5,3,1,4,2,6","0.000505924224853516","louvain","graph_2024M01.graphml"
"0.16","0.58","0.26","0.149758868829693","1,2,3,1,4,2,3,3,2,4,4,4,3,1,2,3,1","0.000507116317749023","louvain","graph_2024M01.graphml"
"0.15","0.59","0.26","0.147783633369868","1,2,3,1,4,2,3,3,2,4,4,4,3,1,2,3,1","0.000505924224853516","louvain","graph_2024M01.graphml"
"0.14","0.6","0.26","0.147783633369868","1,2,3,1,4,2,3,3,2,4,4,4,3,1,2,3,1","0.000509977340698242","louvain","graph_2024M01.graphml"
"0.13","0.61","0.26","0.14835491887441","1,2,3,1,4,2,4,3,2,4,3,4,3,1,2,4,1","0.000507116317749023","louvain","graph_2024M01.graphml"
"0.12","0.62","0.26","0.148571049306542","1,2,3,2,3,1,3,3,2,3,4,3,4,1,4,3,1","0.000521183013916016","louvain","graph_2024M01.graphml"
"0.11","0.63","0.26","0.149813513196022","1,2,3,2,4,1,4,4,2,4,3,4,3,1,3,4,1","0.000514030456542969","louvain","graph_2024M01.graphml"
"0.1","0.64","0.26","0.149839391377853","1,2,3,1,3,1,3,3,2,3,3,3,3,1,2,3,1","0.000543117523193359","louvain","graph_2024M01.graphml"
"0.09","0.65","0.26","0.151110295379569","1,2,3,2,4,1,4,4,2,4,3,4,3,1,3,4,1","0.000538110733032227","louvain","graph_2024M01.graphml"
"0.08","0.66","0.26","0.150253226441872","1,2,3,2,4,1,4,4,2,4,3,4,3,1,3,4,1","0.000519990921020508","louvain","graph_2024M01.graphml"
"0.07","0.67","0.26","0.151363421550095","1,2,3,2,4,1,4,4,2,4,3,4,3,1,3,4,1","0.000641107559204102","louvain","graph_2024M01.graphml"
"0.06","0.68","0.26","0.152452165439178","1,2,3,1,4,1,4,4,2,4,3,4,3,1,2,4,1","0.000503778457641602","louvain","graph_2024M01.graphml"
"0.05","0.69","0.26","0.149254453019949","1,2,3,2,3,1,3,3,2,3,1,3,3,1,2,3,1","0.000520944595336914","louvain","graph_2024M01.graphml"
"0.04","0.7","0.26","0.150233450475312","1,2,3,2,4,1,4,4,2,4,3,4,3,1,3,4,1","0.000652074813842773","louvain","graph_2024M01.graphml"
"0.03","0.71","0.26","0.150121032631479","1,2,3,2,3,1,3,3,2,3,4,3,4,1,4,3,1","0.000480175018310547","louvain","graph_2024M01.graphml"
"0.02","0.72","0.26","0.14928136670497","1,2,3,1,2,1,3,3,2,3,4,3,4,1,4,2,1","0.000483036041259766","louvain","graph_2024M01.graphml"
"0.01","0.73","0.26","0.152702493074792","1,2,3,1,4,1,4,4,2,4,3,4,3,1,2,4,1","0.000515937805175781","louvain","graph_2024M01.graphml"
"0","0.74","0.26","0.154942886401294","1,2,3,1,3,1,3,3,2,3,4,3,4,1,4,3,1","0.000767946243286133","louvain","graph_2024M01.graphml"
"0.73","0","0.27","0.137016464987106","1,2,1,1,3,3,4,4,3,2,4,5,4,4,4,4,6","0.00048518180847168","louvain","graph_2024M01.graphml"
"0.72","0.01","0.27","0.137698216541519","1,2,3,3,4,4,3,3,4,2,3,5,3,1,3,5,6","0.000475168228149414","louvain","graph_2024M01.graphml"
"0.71","0.02","0.27","0.139824755781655","1,2,1,2,3,3,2,2,3,2,1,4,2,2,1,4,5","0.000488996505737305","louvain","graph_2024M01.graphml"
"0.7","0.03","0.27","0.142843440427867","1,2,3,3,4,4,3,3,4,2,1,5,3,3,3,5,6","0.00055384635925293","louvain","graph_2024M01.graphml"
"0.69","0.04","0.27","0.14411755826591","1,2,1,3,4,3,4,4,3,2,1,4,4,1,3,4,5","0.000528097152709961","louvain","graph_2024M01.graphml"
"0.68","0.05","0.27","0.142161756427097","1,2,3,1,4,4,3,3,4,2,3,3,3,1,4,3,5","0.000475883483886719","louvain","graph_2024M01.graphml"
"0.67","0.06","0.27","0.143685757325142","1,2,3,1,4,4,3,3,4,2,3,3,3,1,4,3,5","0.000525951385498047","louvain","graph_2024M01.graphml"
"0.66","0.07","0.27","0.145472737476371","1,2,2,1,3,4,3,3,4,2,3,3,3,1,4,3,5","0.000689983367919922","louvain","graph_2024M01.graphml"
"0.65","0.08","0.27","0.140930309862412","1,2,2,1,3,4,3,3,4,2,3,3,3,1,4,3,5","0.000494003295898438","louvain","graph_2024M01.graphml"
"0.64","0.09","0.27","0.140930309862412","1,2,2,1,3,4,3,3,4,2,3,3,3,1,4,3,5","0.000497102737426758","louvain","graph_2024M01.graphml"
"0.63","0.1","0.27","0.14069961966313","1,2,2,1,3,4,3,3,4,2,3,3,3,1,4,3,5","0.000652074813842773","louvain","graph_2024M01.graphml"
"0.62","0.11","0.27","0.13950387618832","1,2,3,1,4,4,3,3,4,2,3,3,3,1,4,3,5","0.0005340576171875","louvain","graph_2024M01.graphml"
"0.61","0.12","0.27","0.138757748242793","1,2,3,1,4,4,3,3,4,2,3,3,3,1,4,3,5","0.000492095947265625","louvain","graph_2024M01.graphml"
"0.6","0.13","0.27","0.143065002332203","1,2,3,1,4,2,4,4,2,3,4,4,4,1,2,4,5","0.00050806999206543","louvain","graph_2024M01.graphml"
"0.59","0.14","0.27","0.144328254847645","1,2,3,1,4,2,4,4,2,3,4,4,4,1,2,4,5","0.000725030899047852","louvain","graph_2024M01.graphml"
"0.58","0.15","0.27","0.140422935598443","1,2,3,1,4,2,4,4,2,3,4,4,4,1,2,4,5","0.000519037246704102","louvain","graph_2024M01.graphml"
"0.57","0.16","0.27","0.137382489484556","1,2,3,3,2,2,3,4,2,3,3,4,3,1,2,4,5","0.000497817993164062","louvain","graph_2024M01.graphml"
"0.56","0.17","0.27","0.142698600101198","1,2,3,1,4,2,4,4,2,3,4,4,4,1,2,4,5","0.000494956970214844","louvain","graph_2024M01.graphml"
"0.55","0.18","0.27","0.141287582877632","1,2,3,1,3,2,3,4,2,4,3,3,3,1,2,4,5","0.000711917877197266","louvain","graph_2024M01.graphml"
"0.54","0.19","0.27","0.143140436271859","1,2,3,1,4,2,4,4,2,3,4,4,4,1,2,4,5","0.000535011291503906","louvain","graph_2024M01.graphml"
"0.53","0.2","0.27","0.138758249880626","1,2,3,1,3,2,3,4,2,3,3,4,3,1,2,4,5","0.000501871109008789","louvain","graph_2024M01.graphml"
"0.52","0.21","0.27","0.140732377134527","1,2,3,1,3,2,3,4,2,3,3,4,3,1,2,4,5","0.000494003295898438","louvain","graph_2024M01.graphml"
"0.51","0.22","0.27","0.143266630956025","1,2,3,1,3,2,3,4,2,3,1,4,3,3,2,4,5","0.000486135482788086","louvain","graph_2024M01.graphml"
"0.5","0.23","0.27","0.141574707709401","1,2,3,1,3,2,3,4,2,3,1,4,3,3,2,4,5","0.00048518180847168","louvain","graph_2024M01.graphml"
"0.49","0.24","0.27","0.14510901313434","1,2,3,1,3,2,3,3,2,3,1,4,3,3,2,4,5","0.000488042831420898","louvain","graph_2024M01.graphml"
"0.48","0.25","0.27","0.143814404139278","1,2,3,1,3,2,3,3,2,3,1,3,3,1,2,3,4","0.000520944595336914","louvain","graph_2024M01.graphml"
"0.47","0.26","0.27","0.145073760550481","1,2,3,1,3,2,3,3,2,3,1,3,3,1,2,3,4","0.000483036041259766","louvain","graph_2024M01.graphml"
"0.46","0.27","0.27","0.146493898665875","1,2,3,1,3,2,3,3,2,3,1,4,3,3,2,4,5","0.000554800033569336","louvain","graph_2024M01.graphml"
"0.45","0.28","0.27","0.146877000457247","1,2,3,1,3,2,3,3,2,3,1,4,3,3,2,4,5","0.000522851943969727","louvain","graph_2024M01.graphml"
"0.44","0.29","0.27","0.14403648678833","1,2,3,1,3,2,3,3,2,3,1,4,3,3,2,4,5","0.000511884689331055","louvain","graph_2024M01.graphml"
"0.43","0.3","0.27","0.143805931337091","1,2,3,1,3,2,3,3,2,3,1,4,3,3,2,4,5","0.000544071197509766","louvain","graph_2024M01.graphml"
"0.42","0.31","0.27","0.144946454259683","1,2,3,1,3,2,3,3,2,3,1,4,3,3,2,4,5","0.000518083572387695","louvain","graph_2024M01.graphml"
"0.41","0.32","0.27","0.142194100212374","1,2,3,1,4,2,3,3,2,4,1,3,3,1,2,3,5","0.000512123107910156","louvain","graph_2024M01.graphml"
"0.4","0.33","0.27","0.142194100212374","1,2,3,1,4,2,3,3,2,4,1,3,3,1,2,3,5","0.000523090362548828","louvain","graph_2024M01.graphml"
"0.39","0.34","0.27","0.143563355214497","1,2,3,1,4,2,3,3,2,3,1,4,3,3,2,3,5","0.000522136688232422","louvain","graph_2024M01.graphml"
"0.38","0.35","0.27","0.143605978526531","1,2,3,1,3,2,3,3,2,3,1,4,3,3,2,4,5","0.000680208206176758","louvain","graph_2024M01.graphml"
"0.37","0.36","0.27","0.142713651244248","1,2,3,1,3,2,3,3,2,3,3,3,3,1,2,3,4","0.000562906265258789","louvain","graph_2024M01.graphml"
"0.36","0.37","0.27","0.143812527185733","1,2,3,1,3,2,3,3,2,3,4,4,3,1,2,3,5","0.000524044036865234","louvain","graph_2024M01.graphml"
"0.35","0.38","0.27","0.143533381102567","1,2,3,1,4,2,3,3,2,4,4,3,3,1,2,3,5","0.000482082366943359","louvain","graph_2024M01.graphml"
"0.34","0.39","0.27","0.143533381102567","1,2,3,1,4,2,3,3,2,4,4,3,3,1,2,3,5","0.00049591064453125","louvain","graph_2024M01.graphml"
"0.33","0.4","0.27","0.142997396760413","1,2,3,1,4,2,3,3,2,4,4,4,3,1,2,3,5","0.000500917434692383","louvain","graph_2024M01.graphml"
"0.32","0.41","0.27","0.142668512110727","1,2,3,1,4,2,3,3,2,4,4,4,3,1,2,2,5","0.000519990921020508","louvain","graph_2024M01.graphml"
"0.31","0.42","0.27","0.146653091973098","1,2,3,1,4,2,3,3,2,4,4,4,3,1,2,2,5","0.000524044036865234","louvain","graph_2024M01.graphml"
"0.3","0.43","0.27","0.145657761042376","1,2,3,1,4,2,3,3,2,4,4,4,3,1,2,2,5","0.000501155853271484","louvain","graph_2024M01.graphml"
"0.29","0.44","0.27","0.143910723994811","1,2,3,1,4,2,3,3,2,4,4,4,3,1,2,2,5","0.000549077987670898","louvain","graph_2024M01.graphml"
"0.28","0.45","0.27","0.143910723994811","1,2,3,1,4,2,3,3,2,4,4,4,3,1,2,2,5","0.000514030456542969","louvain","graph_2024M01.graphml"
"0.27","0.46","0.27","0.144997355591745","1,2,3,1,4,2,3,3,2,4,4,4,3,1,2,3,5","0.000510931015014648","louvain","graph_2024M01.graphml"
"0.26","0.47","0.27","0.144997355591745","1,2,3,1,4,2,3,3,2,4,4,4,3,1,2,3,5","0.000523090362548828","louvain","graph_2024M01.graphml"
"0.25","0.48","0.27","0.143705302224724","1,2,3,1,4,2,4,3,2,4,3,5,3,1,2,4,6","0.00051116943359375","louvain","graph_2024M01.graphml"
"0.24","0.49","0.27","0.143801734742812","1,2,3,1,4,2,3,3,2,4,4,4,3,1,2,3,5","0.000514984130859375","louvain","graph_2024M01.graphml"
"0.23","0.5","0.27","0.144685084918321","1,2,3,1,3,2,3,3,2,3,3,4,3,1,2,3,1","0.000514984130859375","louvain","graph_2024M01.graphml"
"0.22","0.51","0.27","0.145200753465326","1,2,3,2,4,3,4,4,2,4,3,4,3,1,3,4,1","0.000520944595336914","louvain","graph_2024M01.graphml"
"0.21","0.52","0.27","0.146586620404188","1,2,3,1,4,2,4,3,2,4,3,5,3,1,2,4,1","0.000490903854370117","louvain","graph_2024M01.graphml"
"0.2","0.53","0.27","0.14735071993754","1,2,3,1,4,3,4,4,2,4,3,4,3,1,2,4,1","0.000535011291503906","louvain","graph_2024M01.graphml"
"0.19","0.54","0.27","0.147523456790123","1,2,3,2,4,1,4,4,2,4,3,4,3,1,3,4,1","0.000513076782226562","louvain","graph_2024M01.graphml"
"0.18","0.55","0.27","0.147691675150756","1,2,3,2,3,1,3,3,2,3,4,3,4,1,4,3,1","0.000811100006103516","louvain","graph_2024M01.graphml"
"0.17","0.56","0.27","0.146901451690715","1,2,3,2,3,1,3,3,2,3,4,3,4,1,4,3,1","0.000519037246704102","louvain","graph_2024M01.graphml"
"0.16","0.57","0.27","0.146065807603485","1,2,3,2,3,1,3,3,2,3,4,3,4,1,4,3,1","0.000503063201904297","louvain","graph_2024M01.graphml"
"0.15","0.58","0.27","0.145739554478301","1,2,3,2,3,1,3,3,2,3,3,3,3,1,3,3,1","0.00050806999206543","louvain","graph_2024M01.graphml"
"0.14","0.59","0.27","0.148597948170325","1,2,3,2,4,1,4,4,2,4,3,4,3,1,3,4,1","0.000551939010620117","louvain","graph_2024M01.graphml"
"0.13","0.6","0.27","0.148060337666899","1,2,3,2,4,1,4,4,2,4,3,4,3,1,3,4,1","0.000494956970214844","louvain","graph_2024M01.graphml"
"0.12","0.61","0.27","0.148003214179548","1,2,3,2,4,1,4,4,2,4,3,4,3,1,3,4,1","0.000517129898071289","louvain","graph_2024M01.graphml"
"0.11","0.62","0.27","0.147873941289592","1,2,3,2,4,1,4,4,2,4,3,4,3,1,3,4,1","0.000513076782226562","louvain","graph_2024M01.graphml"
"0.1","0.63","0.27","0.146598008148483","1,2,3,1,2,1,3,3,2,3,4,3,4,1,4,2,1","0.000501155853271484","louvain","graph_2024M01.graphml"
"0.09","0.64","0.27","0.149474378770468","1,2,3,2,3,1,3,3,2,3,1,3,3,1,2,3,1","0.000498056411743164","louvain","graph_2024M01.graphml"
"0.08","0.65","0.27","0.149998891966759","1,2,3,1,4,1,3,3,2,3,1,3,4,1,2,4,1","0.000509023666381836","louvain","graph_2024M01.graphml"
"0.07","0.66","0.27","0.148432494628249","1,2,3,1,4,1,3,3,2,3,4,3,4,1,4,2,1","0.000514984130859375","louvain","graph_2024M01.graphml"
"0.06","0.67","0.27","0.148123046883513","1,2,3,1,4,1,3,3,2,3,1,3,4,1,2,4,1","0.00049901008605957","louvain","graph_2024M01.graphml"
"0.05","0.68","0.27","0.149001736111111","1,2,3,1,4,1,3,3,2,3,4,3,4,1,2,3,1","0.00056004524230957","louvain","graph_2024M01.graphml"
"0.04","0.69","0.27","0.150116052402955","1,2,3,1,4,1,3,3,2,3,4,3,4,1,2,3,1","0.000509023666381836","louvain","graph_2024M01.graphml"
"0.03","0.7","0.27","0.149761372174032","1,2,3,1,4,1,3,3,2,3,4,3,4,1,2,3,1","0.00053095817565918","louvain","graph_2024M01.graphml"
"0.02","0.71","0.27","0.151324582892368","1,2,3,1,4,1,3,3,2,3,4,3,4,1,2,3,1","0.000591039657592773","louvain","graph_2024M01.graphml"
"0.01","0.72","0.27","0.150391362239247","1,2,3,1,4,1,3,3,2,3,4,3,4,1,2,3,1","0.000488042831420898","louvain","graph_2024M01.graphml"
"0","0.73","0.27","0.151466141185802","1,2,3,1,4,1,3,3,2,3,4,3,4,1,2,3,1","0.00049901008605957","louvain","graph_2024M01.graphml"
"0.72","0","0.28","0.140121766043548","1,2,3,1,4,4,3,3,4,2,3,3,3,1,4,3,5","0.000512123107910156","louvain","graph_2024M01.graphml"
"0.71","0.01","0.28","0.13905870620881","1,2,3,1,4,4,3,3,4,2,3,3,3,1,4,3,5","0.000681877136230469","louvain","graph_2024M01.graphml"
"0.7","0.02","0.28","0.137566574905304","1,2,3,1,4,4,3,3,4,2,3,3,3,1,4,3,5","0.000519037246704102","louvain","graph_2024M01.graphml"
"0.69","0.03","0.28","0.138847979639109","1,2,3,1,4,4,3,3,4,2,3,3,3,1,4,3,5","0.000531911849975586","louvain","graph_2024M01.graphml"
"0.68","0.04","0.28","0.136617954956994","1,2,3,1,4,4,3,3,4,2,3,3,3,1,4,3,5","0.000506877899169922","louvain","graph_2024M01.graphml"
"0.67","0.05","0.28","0.140671502649002","1,2,2,1,3,4,3,3,4,2,3,3,3,1,4,3,5","0.000504016876220703","louvain","graph_2024M01.graphml"
"0.66","0.06","0.28","0.139175834943031","1,2,2,1,3,4,3,3,4,2,3,3,3,1,4,3,5","0.000502109527587891","louvain","graph_2024M01.graphml"
"0.65","0.07","0.28","0.140326947320561","1,2,3,1,4,2,4,4,2,3,4,4,4,1,2,4,5","0.000478029251098633","louvain","graph_2024M01.graphml"
"0.64","0.08","0.28","0.139377347112195","1,2,3,1,4,2,4,4,2,3,4,4,4,1,2,4,5","0.000528097152709961","louvain","graph_2024M01.graphml"
"0.63","0.09","0.28","0.141665988498264","1,2,3,1,4,2,4,4,2,3,4,4,4,1,2,4,5","0.00049901008605957","louvain","graph_2024M01.graphml"
"0.62","0.1","0.28","0.142698600101198","1,2,3,1,4,2,4,4,2,3,4,4,4,1,2,4,5","0.000477075576782227","louvain","graph_2024M01.graphml"
"0.61","0.11","0.28","0.13787246978278","1,2,3,1,4,2,3,3,2,3,3,4,3,3,2,5,6","0.00049591064453125","louvain","graph_2024M01.graphml"
"0.6","0.12","0.28","0.138954480936153","1,2,3,1,4,2,4,4,2,3,4,4,4,1,2,4,5","0.000504970550537109","louvain","graph_2024M01.graphml"
"0.59","0.13","0.28","0.137924302374011","1,2,3,1,3,2,3,4,2,3,3,4,3,1,2,4,5","0.000482082366943359","louvain","graph_2024M01.graphml"
"0.58","0.14","0.28","0.137381918950592","1,2,3,1,3,2,3,3,2,3,4,4,3,3,2,5,6","0.000490188598632812","louvain","graph_2024M01.graphml"
"0.57","0.15","0.28","0.141130369350066","1,2,3,1,4,2,4,4,2,3,1,4,4,1,2,4,5","0.000522136688232422","louvain","graph_2024M01.graphml"
"0.56","0.16","0.28","0.142265457606367","1,2,3,1,3,2,3,3,2,3,1,4,3,3,2,4,5","0.000552892684936523","louvain","graph_2024M01.graphml"
"0.55","0.17","0.28","0.143224688945428","1,2,3,1,3,2,3,3,2,3,1,4,3,3,2,4,5","0.00053095817565918","louvain","graph_2024M01.graphml"
"0.54","0.18","0.28","0.143441310042022","1,2,3,1,3,2,3,3,2,3,1,4,3,3,2,4,5","0.000539064407348633","louvain","graph_2024M01.graphml"
"0.53","0.19","0.28","0.145571234009739","1,2,3,1,3,2,3,3,2,3,1,4,3,3,2,4,5","0.000518083572387695","louvain","graph_2024M01.graphml"
"0.52","0.2","0.28","0.142713765862729","1,2,3,1,3,2,3,3,2,3,1,4,3,3,2,4,5","0.000464916229248047","louvain","graph_2024M01.graphml"
"0.51","0.21","0.28","0.143133174791914","1,2,3,1,3,2,3,3,2,3,1,4,3,3,2,4,5","0.000512123107910156","louvain","graph_2024M01.graphml"
"0.5","0.22","0.28","0.143181108227605","1,2,3,1,3,2,3,3,2,3,1,4,3,3,2,4,5","0.000467061996459961","louvain","graph_2024M01.graphml"
"0.49","0.23","0.28","0.142953599048186","1,2,3,1,3,2,3,3,2,3,1,4,3,3,2,4,5","0.00067901611328125","louvain","graph_2024M01.graphml"
"0.48","0.24","0.28","0.13913599302479","1,2,3,1,3,2,3,3,2,4,1,3,3,1,2,4,5","0.000509977340698242","louvain","graph_2024M01.graphml"
"0.47","0.25","0.28","0.139171340371383","1,2,3,1,4,2,3,3,2,4,1,3,3,1,2,3,5","0.000669002532958984","louvain","graph_2024M01.graphml"
"0.46","0.26","0.28","0.142398305678079","1,2,3,1,3,2,3,3,2,3,1,4,3,3,2,4,5","0.000518083572387695","louvain","graph_2024M01.graphml"
"0.45","0.27","0.28","0.142708140717456","1,2,3,1,3,2,3,3,2,3,1,4,3,3,2,4,5","0.000520944595336914","louvain","graph_2024M01.graphml"
"0.44","0.28","0.28","0.143812527185733","1,2,3,1,3,2,3,3,2,3,4,4,3,1,2,3,5","0.000516891479492188","louvain","graph_2024M01.graphml"
"0.43","0.29","0.28","0.142713651244248","1,2,3,1,3,2,3,3,2,3,3,3,3,1,2,3,4","0.00053095817565918","louvain","graph_2024M01.graphml"
"0.42","0.3","0.28","0.142619047619048","1,2,3,1,3,2,3,3,2,3,3,3,3,1,2,3,4","0.000520944595336914","louvain","graph_2024M01.graphml"
"0.41","0.31","0.28","0.143616780045351","1,2,3,1,3,2,3,3,2,3,4,4,3,1,2,3,5","0.000519037246704102","louvain","graph_2024M01.graphml"
"0.4","0.32","0.28","0.141617910077239","1,2,3,1,3,2,3,3,2,3,3,3,3,1,2,3,4","0.000516891479492188","louvain","graph_2024M01.graphml"
"0.39","0.33","0.28","0.141965557137771","1,2,3,1,3,2,3,3,2,3,3,3,3,1,2,3,4","0.000622987747192383","louvain","graph_2024M01.graphml"
"0.38","0.34","0.28","0.142572571579713","1,2,3,1,3,2,3,3,2,3,3,3,3,1,2,3,4","0.000609159469604492","louvain","graph_2024M01.graphml"
"0.37","0.35","0.28","0.14374890820159","1,2,3,1,3,2,3,3,2,3,3,3,3,1,2,2,4","0.000520944595336914","louvain","graph_2024M01.graphml"
"0.36","0.36","0.28","0.144286100594916","1,2,3,1,3,2,3,3,2,3,3,3,3,1,2,2,4","0.000513076782226562","louvain","graph_2024M01.graphml"
"0.35","0.37","0.28","0.143264732640328","1,2,3,1,3,2,3,3,2,3,3,3,3,1,2,2,4","0.00049901008605957","louvain","graph_2024M01.graphml"
"0.34","0.38","0.28","0.144245471341502","1,2,3,1,4,2,3,3,2,4,3,4,3,1,2,2,5","0.000528097152709961","louvain","graph_2024M01.graphml"
"0.33","0.39","0.28","0.142093994613248","1,2,3,1,4,2,3,3,2,4,3,4,3,1,2,2,5","0.000515937805175781","louvain","graph_2024M01.graphml"
"0.32","0.4","0.28","0.141962831663778","1,2,3,1,4,2,3,3,2,4,4,4,3,1,2,3,5","0.00048518180847168","louvain","graph_2024M01.graphml"
"0.31","0.41","0.28","0.142983361481203","1,2,3,1,4,2,3,3,2,4,4,4,3,1,2,3,1","0.000760078430175781","louvain","graph_2024M01.graphml"
"0.3","0.42","0.28","0.144685084918321","1,2,3,1,3,2,3,3,2,3,3,4,3,1,2,3,1","0.000526905059814453","louvain","graph_2024M01.graphml"
"0.29","0.43","0.28","0.144631095068413","1,2,3,1,4,2,3,3,2,4,4,4,3,1,2,3,1","0.000555038452148438","louvain","graph_2024M01.graphml"
"0.28","0.44","0.28","0.142668242895505","1,2,3,1,4,2,3,3,2,4,4,4,3,1,2,3,1","0.000522851943969727","louvain","graph_2024M01.graphml"
"0.27","0.45","0.28","0.144125575162166","1,2,3,1,3,2,3,3,2,3,3,4,3,1,2,3,1","0.000510931015014648","louvain","graph_2024M01.graphml"
"0.26","0.46","0.28","0.146447357226151","1,2,3,2,3,1,3,3,2,3,3,4,3,1,2,3,1","0.0004730224609375","louvain","graph_2024M01.graphml"
"0.25","0.47","0.28","0.147286419753086","1,2,3,2,3,1,3,3,2,3,3,4,3,1,2,3,1","0.00049591064453125","louvain","graph_2024M01.graphml"
"0.24","0.48","0.28","0.145552381748369","1,2,3,2,3,1,3,3,2,3,3,3,3,1,2,3,1","0.000514030456542969","louvain","graph_2024M01.graphml"
"0.23","0.49","0.28","0.146166986451562","1,2,3,2,3,1,3,3,2,3,3,3,3,1,2,3,1","0.0004730224609375","louvain","graph_2024M01.graphml"
"0.22","0.5","0.28","0.147076440043473","1,2,3,2,3,1,3,3,2,3,4,3,4,1,4,3,1","0.000497102737426758","louvain","graph_2024M01.graphml"
"0.21","0.51","0.28","0.145739554478301","1,2,3,2,3,1,3,3,2,3,3,3,3,1,3,3,1","0.000550985336303711","louvain","graph_2024M01.graphml"
"0.2","0.52","0.28","0.14476625799194","1,2,3,2,3,1,3,3,2,3,3,3,3,1,2,3,1","0.000612020492553711","louvain","graph_2024M01.graphml"
"0.19","0.53","0.28","0.14529153002533","1,2,3,2,3,1,3,3,2,3,3,3,3,1,2,3,1","0.00100994110107422","louvain","graph_2024M01.graphml"
"0.18","0.54","0.28","0.143954115935088","1,2,3,2,3,1,3,3,2,3,3,3,3,1,3,3,1","0.000535011291503906","louvain","graph_2024M01.graphml"
"0.17","0.55","0.28","0.145180436847103","1,2,3,2,3,1,3,3,2,3,3,3,3,1,2,3,1","0.000524997711181641","louvain","graph_2024M01.graphml"
"0.16","0.56","0.28","0.146489424734272","1,2,2,3,2,1,2,2,3,2,1,2,2,1,3,2,1","0.000487089157104492","louvain","graph_2024M01.graphml"
"0.15","0.57","0.28","0.145854847645429","1,2,3,1,4,1,3,3,2,3,4,3,4,1,4,2,1","0.00050806999206543","louvain","graph_2024M01.graphml"
"0.14","0.58","0.28","0.146492998199973","1,2,3,1,4,1,3,3,2,3,4,3,4,1,4,2,1","0.000545024871826172","louvain","graph_2024M01.graphml"
"0.13","0.59","0.28","0.146492998199973","1,2,3,1,4,1,3,3,2,3,4,3,4,1,4,2,1","0.000513076782226562","louvain","graph_2024M01.graphml"
"0.12","0.6","0.28","0.147727864583333","1,2,3,1,4,1,3,3,2,3,4,3,4,1,4,2,1","0.000542163848876953","louvain","graph_2024M01.graphml"
"0.11","0.61","0.28","0.147727864583333","1,2,3,1,4,1,3,3,2,3,4,3,4,1,4,2,1","0.000507831573486328","louvain","graph_2024M01.graphml"
"0.1","0.62","0.28","0.149653070711592","1,2,3,1,3,1,3,3,2,3,3,3,3,1,2,3,1","0.000621795654296875","louvain","graph_2024M01.graphml"
"0.09","0.63","0.28","0.147379362748446","1,2,3,1,2,1,4,4,2,4,3,4,3,1,3,4,1","0.000730037689208984","louvain","graph_2024M01.graphml"
"0.08","0.64","0.28","0.148240140419242","1,2,3,1,4,1,3,3,2,3,4,3,4,1,2,3,1","0.000602960586547852","louvain","graph_2024M01.graphml"
"0.07","0.65","0.28","0.146476468138276","1,2,3,1,4,1,3,3,2,3,4,3,4,1,2,3,1","0.000506162643432617","louvain","graph_2024M01.graphml"
"0.06","0.66","0.28","0.148931687487607","1,2,3,1,4,1,3,3,2,3,4,3,4,1,2,3,1","0.000490903854370117","louvain","graph_2024M01.graphml"
"0.05","0.67","0.28","0.149615220705142","1,2,3,1,4,1,3,3,2,3,4,3,4,1,2,3,1","0.000514030456542969","louvain","graph_2024M01.graphml"
"0.04","0.68","0.28","0.149615220705142","1,2,3,1,4,1,3,3,2,3,4,3,4,1,2,3,1","0.000615835189819336","louvain","graph_2024M01.graphml"
"0.03","0.69","0.28","0.147770876690947","1,2,3,1,4,1,3,3,2,3,4,3,4,1,2,3,1","0.000528812408447266","louvain","graph_2024M01.graphml"
"0.02","0.7","0.28","0.14799","1,2,3,1,4,1,3,3,2,3,4,3,4,1,2,3,1","0.000554084777832031","louvain","graph_2024M01.graphml"
"0.01","0.71","0.28","0.147274313648153","1,2,3,1,4,1,3,3,2,3,4,3,4,1,2,3,1","0.000504016876220703","louvain","graph_2024M01.graphml"
"0","0.72","0.28","0.145725072436382","1,2,3,1,4,1,3,3,2,3,3,3,4,1,4,3,1","0.000495195388793945","louvain","graph_2024M01.graphml"
"0.71","0","0.29","0.140422935598443","1,2,3,1,4,2,4,4,2,3,4,4,4,1,2,4,5","0.000477075576782227","louvain","graph_2024M01.graphml"
"0.7","0.01","0.29","0.141665988498264","1,2,3,1,4,2,4,4,2,3,4,4,4,1,2,4,5","0.000490903854370117","louvain","graph_2024M01.graphml"
"0.69","0.02","0.29","0.138489941176078","1,2,3,1,4,2,4,4,2,3,4,4,4,1,2,4,5","0.000442028045654297","louvain","graph_2024M01.graphml"
"0.68","0.03","0.29","0.139716627696886","1,2,3,1,4,2,4,4,2,3,4,4,4,1,2,4,5","0.000543117523193359","louvain","graph_2024M01.graphml"
"0.67","0.04","0.29","0.138691919826065","1,2,3,1,4,2,4,4,2,3,4,4,4,1,2,4,5","0.000484943389892578","louvain","graph_2024M01.graphml"
"0.66","0.05","0.29","0.139723865877712","1,2,3,1,4,2,4,4,2,3,4,4,4,1,2,4,5","0.000483989715576172","louvain","graph_2024M01.graphml"
"0.65","0.06","0.29","0.137524078508955","1,2,3,1,4,2,4,4,2,3,4,4,4,1,2,4,5","0.000515937805175781","louvain","graph_2024M01.graphml"
"0.64","0.07","0.29","0.137993120152542","1,2,3,1,4,2,4,4,2,3,1,4,4,1,2,4,5","0.00050806999206543","louvain","graph_2024M01.graphml"
"0.63","0.08","0.29","0.139102707899375","1,2,3,1,4,2,4,4,2,3,1,4,4,1,2,4,5","0.000702857971191406","louvain","graph_2024M01.graphml"
"0.62","0.09","0.29","0.141130369350066","1,2,3,1,4,2,4,4,2,3,1,4,4,1,2,4,5","0.000497102737426758","louvain","graph_2024M01.graphml"
"0.61","0.1","0.29","0.142265457606367","1,2,3,1,3,2,3,3,2,3,1,4,3,3,2,4,5","0.000487089157104492","louvain","graph_2024M01.graphml"
"0.6","0.11","0.29","0.142392321656271","1,2,3,1,3,2,3,3,2,3,1,3,3,3,2,3,4","0.000634908676147461","louvain","graph_2024M01.graphml"
"0.59","0.12","0.29","0.141370263112299","1,2,3,1,3,2,3,3,2,3,1,4,3,3,2,3,5","0.000519990921020508","louvain","graph_2024M01.graphml"
"0.58","0.13","0.29","0.140358600816457","1,2,3,1,3,2,3,3,2,3,1,4,3,3,2,4,5","0.000497102737426758","louvain","graph_2024M01.graphml"
"0.57","0.14","0.29","0.139486937555142","1,2,3,1,3,2,3,3,2,3,1,4,3,3,2,4,5","0.000514984130859375","louvain","graph_2024M01.graphml"
"0.56","0.15","0.29","0.142533308380974","1,2,3,1,3,2,3,3,2,3,1,4,3,3,2,4,5","0.000511884689331055","louvain","graph_2024M01.graphml"
"0.55","0.16","0.29","0.139725970074306","1,2,3,1,3,2,3,3,2,3,1,4,3,3,2,4,5","0.000509023666381836","louvain","graph_2024M01.graphml"
"0.54","0.17","0.29","0.139171340371383","1,2,3,1,4,2,3,3,2,4,1,3,3,1,2,3,5","0.000535964965820312","louvain","graph_2024M01.graphml"
"0.53","0.18","0.29","0.13913599302479","1,2,3,1,3,2,3,3,2,4,1,3,3,1,2,4,5","0.000496864318847656","louvain","graph_2024M01.graphml"
"0.52","0.19","0.29","0.141003490199704","1,2,3,1,3,2,3,3,2,3,3,4,3,3,2,4,5","0.000576972961425781","louvain","graph_2024M01.graphml"
"0.51","0.2","0.29","0.142713651244248","1,2,3,1,3,2,3,3,2,3,3,3,3,1,2,3,4","0.000513076782226562","louvain","graph_2024M01.graphml"
"0.5","0.21","0.29","0.141318402150819","1,2,3,1,3,2,3,3,2,3,3,3,3,1,2,3,4","0.000529050827026367","louvain","graph_2024M01.graphml"
"0.49","0.22","0.29","0.141318402150819","1,2,3,1,3,2,3,3,2,3,3,3,3,1,2,3,4","0.000504016876220703","louvain","graph_2024M01.graphml"
"0.48","0.23","0.29","0.143710317460317","1,2,3,1,3,2,3,3,2,3,3,4,3,1,2,4,5","0.000504016876220703","louvain","graph_2024M01.graphml"
"0.47","0.24","0.29","0.142362592933672","1,2,3,1,3,2,3,3,2,3,3,3,3,1,2,4,5","0.000496149063110352","louvain","graph_2024M01.graphml"
"0.46","0.25","0.29","0.140633343716625","1,2,3,1,3,2,3,3,2,3,3,3,3,1,2,4,5","0.000500917434692383","louvain","graph_2024M01.graphml"
"0.45","0.26","0.29","0.140633343716625","1,2,3,1,3,2,3,3,2,3,3,3,3,1,2,4,5","0.000492095947265625","louvain","graph_2024M01.graphml"
"0.44","0.27","0.29","0.142572571579713","1,2,3,1,3,2,3,3,2,3,3,3,3,1,2,3,4","0.000488042831420898","louvain","graph_2024M01.graphml"
"0.43","0.28","0.29","0.14120353865814","1,2,3,1,3,2,3,3,2,3,3,3,3,1,2,3,4","0.000478029251098633","louvain","graph_2024M01.graphml"
"0.42","0.29","0.29","0.139321254732288","1,2,3,1,3,2,3,3,2,3,3,3,3,1,2,2,4","0.000590801239013672","louvain","graph_2024M01.graphml"
"0.41","0.3","0.29","0.139874828532236","1,2,3,1,3,2,3,3,2,3,3,3,3,1,2,2,4","0.00049901008605957","louvain","graph_2024M01.graphml"
"0.4","0.31","0.29","0.14111227858701","1,2,3,1,3,2,3,3,2,3,3,3,3,1,2,2,4","0.000496149063110352","louvain","graph_2024M01.graphml"
"0.39","0.32","0.29","0.14109922050469","1,2,3,1,3,2,3,3,2,3,3,3,3,1,2,2,4","0.00055694580078125","louvain","graph_2024M01.graphml"
"0.38","0.33","0.29","0.142320196111438","1,2,3,1,3,2,3,3,2,3,3,3,3,1,2,2,1","0.000498771667480469","louvain","graph_2024M01.graphml"
"0.37","0.34","0.29","0.141388328205022","1,2,3,4,5,4,2,3,4,2,3,5,3,1,4,2,1","0.000506877899169922","louvain","graph_2024M01.graphml"
"0.36","0.35","0.29","0.142965122556959","1,2,3,1,3,2,3,3,2,3,3,3,3,1,2,3,1","0.000505924224853516","louvain","graph_2024M01.graphml"
"0.35","0.36","0.29","0.142965122556959","1,2,3,1,3,2,3,3,2,3,3,3,3,1,2,3,1","0.000519990921020508","louvain","graph_2024M01.graphml"
"0.34","0.37","0.29","0.143380711792874","1,2,3,1,3,2,3,3,2,3,3,4,3,1,2,3,1","0.000517129898071289","louvain","graph_2024M01.graphml"
"0.33","0.38","0.29","0.143479358666835","1,2,3,2,3,1,3,3,2,3,3,4,3,1,2,3,1","0.000483036041259766","louvain","graph_2024M01.graphml"
"0.32","0.39","0.29","0.143909933986958","1,2,3,2,4,1,3,3,2,4,4,4,3,1,2,3,1","0.000473976135253906","louvain","graph_2024M01.graphml"
"0.31","0.4","0.29","0.145907014350127","1,2,3,2,3,1,3,3,2,3,3,4,3,1,2,3,1","0.000486135482788086","louvain","graph_2024M01.graphml"
"0.3","0.41","0.29","0.146641975308642","1,2,3,2,3,1,3,3,2,3,3,4,3,1,2,3,1","0.00052189826965332","louvain","graph_2024M01.graphml"
"0.29","0.42","0.29","0.146009606639102","1,2,3,2,3,1,3,3,2,3,3,4,3,1,2,3,1","0.000499963760375977","louvain","graph_2024M01.graphml"
"0.28","0.43","0.29","0.147885813975021","1,2,3,2,3,1,3,3,2,3,3,4,3,1,2,3,1","0.00049901008605957","louvain","graph_2024M01.graphml"
"0.27","0.44","0.29","0.145959693395006","1,2,3,2,3,1,3,3,2,3,3,3,3,1,2,3,1","0.000517129898071289","louvain","graph_2024M01.graphml"
"0.26","0.45","0.29","0.144703060287476","1,2,3,2,3,1,3,3,2,3,3,3,3,1,2,3,1","0.000524044036865234","louvain","graph_2024M01.graphml"
"0.25","0.46","0.29","0.14529153002533","1,2,3,2,3,1,3,3,2,3,3,3,3,1,2,3,1","0.000649929046630859","louvain","graph_2024M01.graphml"
"0.24","0.47","0.29","0.144682774490467","1,2,3,2,3,1,3,3,2,3,1,4,3,1,2,3,1","0.000532150268554688","louvain","graph_2024M01.graphml"
"0.23","0.48","0.29","0.144868863116643","1,2,2,3,2,1,2,2,3,2,1,2,2,1,3,2,1","0.00055384635925293","louvain","graph_2024M01.graphml"
"0.22","0.49","0.29","0.141768591215795","1,2,3,1,3,1,3,3,2,3,3,3,3,1,2,2,1","0.000535011291503906","louvain","graph_2024M01.graphml"
"0.21","0.5","0.29","0.141910249307479","1,2,3,1,3,1,3,3,2,3,3,3,3,1,3,2,1","0.000514030456542969","louvain","graph_2024M01.graphml"
"0.2","0.51","0.29","0.146418698275824","1,2,3,1,3,1,3,3,2,3,1,3,3,1,2,3,1","0.000494003295898438","louvain","graph_2024M01.graphml"
"0.19","0.52","0.29","0.146959962185536","1,2,3,1,3,1,3,3,2,3,3,3,3,1,2,2,1","0.000520944595336914","louvain","graph_2024M01.graphml"
"0.18","0.53","0.29","0.146492998199973","1,2,3,1,4,1,3,3,2,3,4,3,4,1,4,2,1","0.000514030456542969","louvain","graph_2024M01.graphml"
"0.17","0.54","0.29","0.146484375","1,2,3,1,3,1,3,3,2,3,1,3,3,1,2,3,1","0.000520944595336914","louvain","graph_2024M01.graphml"
"0.16","0.55","0.29","0.14673002156124","1,2,3,1,4,1,3,3,2,3,4,3,4,1,4,2,1","0.000537872314453125","louvain","graph_2024M01.graphml"
"0.15","0.56","0.29","0.146742480603677","1,2,3,1,4,1,3,3,2,3,4,3,4,1,2,3,1","0.000483989715576172","louvain","graph_2024M01.graphml"
"0.14","0.57","0.29","0.144278251814028","1,2,3,1,4,1,3,3,2,3,4,3,4,1,2,3,1","0.000484943389892578","louvain","graph_2024M01.graphml"
"0.13","0.58","0.29","0.145650217146934","1,2,3,1,4,1,3,3,2,3,4,3,4,1,2,3,1","0.00051116943359375","louvain","graph_2024M01.graphml"
"0.12","0.59","0.29","0.146541823649944","1,2,3,1,4,1,3,3,2,3,4,3,4,1,2,3,1","0.000514030456542969","louvain","graph_2024M01.graphml"
"0.11","0.6","0.29","0.146258545046424","1,2,3,1,4,1,3,3,2,3,4,3,4,1,2,3,1","0.00053095817565918","louvain","graph_2024M01.graphml"
"0.1","0.61","0.29","0.145224294354839","1,2,3,1,4,1,3,3,2,3,4,3,4,1,2,3,1","0.000494003295898438","louvain","graph_2024M01.graphml"
"0.09","0.62","0.29","0.145224294354839","1,2,3,1,4,1,3,3,2,3,4,3,4,1,2,3,1","0.000507831573486328","louvain","graph_2024M01.graphml"
"0.08","0.63","0.29","0.147127923181031","1,2,3,1,4,1,3,3,2,3,4,3,4,1,2,3,1","0.000487804412841797","louvain","graph_2024M01.graphml"
"0.07","0.64","0.29","0.146434","1,2,3,1,4,1,3,3,2,3,4,3,4,1,2,3,1","0.000612974166870117","louvain","graph_2024M01.graphml"
"0.06","0.65","0.29","0.145380628878907","1,2,3,1,4,1,3,3,2,3,4,3,4,1,2,4,1","0.000527858734130859","louvain","graph_2024M01.graphml"
"0.05","0.66","0.29","0.144020455404384","1,2,3,1,4,1,3,3,2,3,3,3,4,1,4,3,1","0.000546932220458984","louvain","graph_2024M01.graphml"
"0.04","0.67","0.29","0.145895499070443","1,2,3,1,4,1,3,3,2,3,3,3,4,1,4,3,1","0.000542879104614258","louvain","graph_2024M01.graphml"
"0.03","0.68","0.29","0.143520752197189","1,2,3,1,4,1,3,3,2,3,4,3,4,1,2,4,1","0.000623941421508789","louvain","graph_2024M01.graphml"
"0.02","0.69","0.29","0.143043060361399","1,2,3,1,4,1,3,3,2,3,3,3,4,1,4,3,1","0.000494003295898438","louvain","graph_2024M01.graphml"
"0.01","0.7","0.29","0.143316268920898","1,2,3,1,4,1,3,3,2,3,3,3,4,1,4,3,1","0.000564098358154297","louvain","graph_2024M01.graphml"
"0","0.71","0.29","0.14431224085091","1,2,3,1,4,4,4,4,2,4,4,3,4,1,4,4,1","0.000530004501342773","louvain","graph_2024M01.graphml"
"0.7","0","0.3","0.137401342838089","1,2,3,1,4,2,3,3,2,3,1,4,3,3,2,3,5","0.000535964965820312","louvain","graph_2024M01.graphml"
"0.69","0.01","0.3","0.137993120152542","1,2,3,1,4,2,4,4,2,3,1,4,4,1,2,4,5","0.000514030456542969","louvain","graph_2024M01.graphml"
"0.68","0.02","0.3","0.139236388466593","1,2,3,1,3,2,3,3,2,3,1,4,3,3,2,4,5","0.000503063201904297","louvain","graph_2024M01.graphml"
"0.67","0.03","0.3","0.137336700315337","1,2,3,1,3,2,3,3,2,3,1,4,3,3,2,4,5","0.000487089157104492","louvain","graph_2024M01.graphml"
"0.66","0.04","0.3","0.138453740959322","1,2,3,1,3,2,3,3,2,3,1,4,3,3,2,4,5","0.000521183013916016","louvain","graph_2024M01.graphml"
"0.65","0.05","0.3","0.138166604067509","1,2,3,1,3,2,3,4,2,3,1,4,3,3,2,4,5","0.000499963760375977","louvain","graph_2024M01.graphml"
"0.64","0.06","0.3","0.137039260856779","1,2,3,1,3,2,3,4,2,3,3,4,3,3,2,4,5","0.000700950622558594","louvain","graph_2024M01.graphml"
"0.63","0.07","0.3","0.137039260856779","1,2,3,1,3,2,3,4,2,3,3,4,3,3,2,4,5","0.000466108322143555","louvain","graph_2024M01.graphml"
"0.62","0.08","0.3","0.140921466474292","1,2,3,1,4,2,3,3,2,4,3,3,3,1,2,3,5","0.000483989715576172","louvain","graph_2024M01.graphml"
"0.61","0.09","0.3","0.139162221261053","1,2,3,1,4,2,3,3,2,4,3,5,3,3,2,5,6","0.000570058822631836","louvain","graph_2024M01.graphml"
"0.6","0.1","0.3","0.138497917906008","1,2,3,1,4,2,3,3,2,4,3,3,3,1,2,3,5","0.000627040863037109","louvain","graph_2024M01.graphml"
"0.59","0.11","0.3","0.138281765482138","1,2,3,1,4,2,3,3,2,4,3,5,3,3,2,5,6","0.000483989715576172","louvain","graph_2024M01.graphml"
"0.58","0.12","0.3","0.139706939484384","1,2,3,1,3,2,3,3,2,3,3,4,3,1,2,4,5","0.000505208969116211","louvain","graph_2024M01.graphml"
"0.57","0.13","0.3","0.139328312080767","1,2,3,1,3,2,3,3,2,3,3,3,3,1,2,4,5","0.000488996505737305","louvain","graph_2024M01.graphml"
"0.56","0.14","0.3","0.141318402150819","1,2,3,1,3,2,3,3,2,3,3,3,3,1,2,3,4","0.000489950180053711","louvain","graph_2024M01.graphml"
"0.55","0.15","0.3","0.14156179138322","1,2,3,1,3,2,3,3,2,3,3,4,3,1,2,4,5","0.000499963760375977","louvain","graph_2024M01.graphml"
"0.54","0.16","0.3","0.141913366725815","1,2,3,1,3,2,3,3,2,3,3,4,3,1,2,4,5","0.000507116317749023","louvain","graph_2024M01.graphml"
"0.53","0.17","0.3","0.140944173387209","1,2,3,1,3,2,3,3,2,3,3,4,3,1,2,4,5","0.000532150268554688","louvain","graph_2024M01.graphml"
"0.52","0.18","0.3","0.140944173387209","1,2,3,1,3,2,3,3,2,3,3,4,3,1,2,4,5","0.000583171844482422","louvain","graph_2024M01.graphml"
"0.51","0.19","0.3","0.13992980455935","1,2,3,1,3,2,3,3,2,3,3,3,3,1,2,3,4","0.000519990921020508","louvain","graph_2024M01.graphml"
"0.5","0.2","0.3","0.14124193079543","1,2,3,1,3,2,3,3,2,3,3,3,3,1,2,4,5","0.000611066818237305","louvain","graph_2024M01.graphml"
"0.49","0.21","0.3","0.139189093734548","1,2,3,1,4,2,3,3,2,4,3,4,3,1,2,4,5","0.000516176223754883","louvain","graph_2024M01.graphml"
"0.48","0.22","0.3","0.137999903101297","1,2,3,1,3,2,3,3,2,3,3,3,3,1,2,2,4","0.000527858734130859","louvain","graph_2024M01.graphml"
"0.47","0.23","0.3","0.137999903101297","1,2,3,1,3,2,3,3,2,3,3,3,3,1,2,2,4","0.00049591064453125","louvain","graph_2024M01.graphml"
"0.46","0.24","0.3","0.14111227858701","1,2,3,1,3,2,3,3,2,3,3,3,3,1,2,2,4","0.000478029251098633","louvain","graph_2024M01.graphml"
"0.45","0.25","0.3","0.14066323160259","1,2,3,4,2,4,3,3,4,2,3,2,3,1,4,2,1","0.00052189826965332","louvain","graph_2024M01.graphml"
"0.44","0.26","0.3","0.141009797401673","1,2,3,1,3,2,3,3,2,3,3,3,3,1,2,2,1","0.000477075576782227","louvain","graph_2024M01.graphml"
"0.43","0.27","0.3","0.141009797401673","1,2,3,1,3,2,3,3,2,3,3,3,3,1,2,2,1","0.000710964202880859","louvain","graph_2024M01.graphml"
"0.42","0.28","0.3","0.141455783230681","1,2,3,1,3,2,3,3,2,3,3,3,3,1,2,2,1","0.000543117523193359","louvain","graph_2024M01.graphml"
"0.41","0.29","0.3","0.141716885804724","1,2,3,4,3,4,3,3,4,3,3,2,3,1,4,2,1","0.000494956970214844","louvain","graph_2024M01.graphml"
"0.4","0.3","0.3","0.14262553037463","1,2,3,2,3,1,3,3,2,3,3,4,3,1,2,4,1","0.000507116317749023","louvain","graph_2024M01.graphml"
"0.39","0.31","0.3","0.141935387436224","1,2,3,2,3,1,3,3,2,3,3,4,3,1,2,3,1","0.000535011291503906","louvain","graph_2024M01.graphml"
"0.38","0.32","0.3","0.143837037037037","1,2,3,2,3,1,3,3,2,3,3,4,3,1,2,3,1","0.000514984130859375","louvain","graph_2024M01.graphml"
"0.37","0.33","0.3","0.146297215844563","1,2,3,2,3,1,3,3,2,3,3,4,3,1,2,3,1","0.000517129898071289","louvain","graph_2024M01.graphml"
"0.36","0.34","0.3","0.147452109800252","1,2,3,2,3,1,3,3,2,3,3,4,3,1,2,3,1","0.000802040100097656","louvain","graph_2024M01.graphml"
"0.35","0.35","0.3","0.145757758724792","1,2,3,1,3,1,3,3,2,3,3,4,3,1,2,3,1","0.000504970550537109","louvain","graph_2024M01.graphml"
"0.34","0.36","0.3","0.145116806879612","1,2,3,2,3,1,3,3,2,3,3,3,3,1,2,3,1","0.000621795654296875","louvain","graph_2024M01.graphml"
"0.33","0.37","0.3","0.142741187929663","1,2,1,2,3,1,3,3,2,3,3,3,3,1,2,3,1","0.000514984130859375","louvain","graph_2024M01.graphml"
"0.32","0.38","0.3","0.143164014917262","1,2,3,1,3,1,3,3,2,3,3,3,3,1,2,3,1","0.000580072402954102","louvain","graph_2024M01.graphml"
"0.31","0.39","0.3","0.142121762008499","1,2,1,2,3,1,3,3,2,3,3,3,3,1,2,3,1","0.00062108039855957","louvain","graph_2024M01.graphml"
"0.3","0.4","0.3","0.142018357799792","1,2,3,2,3,1,3,3,2,3,1,3,3,1,2,3,1","0.000506162643432617","louvain","graph_2024M01.graphml"
"0.29","0.41","0.3","0.141443646575701","1,2,3,2,3,1,3,3,2,3,1,3,3,1,2,3,1","0.000501871109008789","louvain","graph_2024M01.graphml"
"0.28","0.42","0.3","0.14234459833795","1,2,3,1,3,1,3,3,2,3,1,3,3,1,2,3,1","0.000470876693725586","louvain","graph_2024M01.graphml"
"0.27","0.43","0.3","0.14234459833795","1,2,3,1,3,1,3,3,2,3,1,3,3,1,2,3,1","0.000483036041259766","louvain","graph_2024M01.graphml"
"0.26","0.44","0.3","0.14524522148825","1,2,3,1,3,1,3,3,2,3,1,3,3,1,2,3,1","0.000494003295898438","louvain","graph_2024M01.graphml"
"0.25","0.45","0.3","0.145752066980182","1,2,3,1,3,1,3,3,2,3,3,3,3,1,2,2,1","0.000667095184326172","louvain","graph_2024M01.graphml"
"0.24","0.46","0.3","0.145577730222584","1,2,3,1,3,1,3,3,2,3,3,3,3,1,2,3,1","0.000540971755981445","louvain","graph_2024M01.graphml"
"0.23","0.47","0.3","0.144594184027778","1,2,3,1,3,1,3,3,2,3,1,3,3,1,2,3,1","0.000531911849975586","louvain","graph_2024M01.graphml"
"0.22","0.48","0.3","0.146280625333586","1,2,3,1,3,1,3,3,2,3,1,3,3,1,2,3,1","0.000728845596313477","louvain","graph_2024M01.graphml"
"0.21","0.49","0.3","0.143889831362537","1,2,3,1,2,1,3,3,2,3,4,3,4,1,4,2,1","0.000516891479492188","louvain","graph_2024M01.graphml"
"0.2","0.5","0.3","0.143732670907198","1,2,3,1,2,1,3,3,2,3,3,3,3,1,2,2,1","0.000519037246704102","louvain","graph_2024M01.graphml"
"0.19","0.51","0.3","0.143030355608434","1,2,3,1,4,1,3,3,2,3,4,3,4,1,2,3,1","0.000579833984375","louvain","graph_2024M01.graphml"
"0.18","0.52","0.3","0.141861034588307","1,2,3,1,4,1,3,3,2,3,4,3,4,1,2,3,1","0.000544071197509766","louvain","graph_2024M01.graphml"
"0.17","0.53","0.3","0.142952084417274","1,2,3,1,4,1,3,3,2,3,4,3,4,1,2,3,1","0.000564813613891602","louvain","graph_2024M01.graphml"
"0.16","0.54","0.3","0.144510928751584","1,2,3,1,4,1,3,3,2,3,4,3,4,1,2,3,1","0.000564098358154297","louvain","graph_2024M01.graphml"
"0.15","0.55","0.3","0.144031951097563","1,2,3,1,4,1,3,3,2,3,4,3,4,1,2,3,1","0.000544071197509766","louvain","graph_2024M01.graphml"
"0.14","0.56","0.3","0.144913072638263","1,2,3,1,4,1,3,3,2,3,4,3,4,1,2,3,1","0.000529050827026367","louvain","graph_2024M01.graphml"
"0.13","0.57","0.3","0.144913072638263","1,2,3,1,4,1,3,3,2,3,4,3,4,1,2,3,1","0.000533819198608398","louvain","graph_2024M01.graphml"
"0.12","0.58","0.3","0.143531300672109","1,2,3,1,4,1,3,3,2,3,4,3,4,1,2,3,1","0.000520944595336914","louvain","graph_2024M01.graphml"
"0.11","0.59","0.3","0.143082050779335","1,2,3,1,4,1,3,3,2,3,4,3,4,1,2,4,1","0.000633001327514648","louvain","graph_2024M01.graphml"
"0.1","0.6","0.3","0.141222243236671","1,2,3,1,2,1,3,3,2,3,4,3,4,1,4,2,1","0.000512123107910156","louvain","graph_2024M01.graphml"
"0.09","0.61","0.3","0.142057889231553","1,2,3,1,4,1,3,3,2,3,3,3,4,1,4,3,1","0.000550031661987305","louvain","graph_2024M01.graphml"
"0.08","0.62","0.3","0.142057889231553","1,2,3,1,4,1,3,3,2,3,3,3,4,1,4,3,1","0.00051116943359375","louvain","graph_2024M01.graphml"
"0.07","0.63","0.3","0.140096664428711","1,2,3,1,4,1,4,4,2,4,4,3,4,1,4,4,1","0.00054478645324707","louvain","graph_2024M01.graphml"
"0.06","0.64","0.3","0.142824017343765","1,2,3,1,4,1,3,4,2,3,4,4,4,1,4,4,1","0.000588893890380859","louvain","graph_2024M01.graphml"
"0.05","0.65","0.3","0.147133689122106","1,2,3,1,3,4,3,3,2,4,3,3,3,1,1,3,1","0.000535011291503906","louvain","graph_2024M01.graphml"
"0.04","0.66","0.3","0.146340606508876","1,2,3,1,3,4,3,3,2,4,3,3,3,1,1,3,1","0.000602960586547852","louvain","graph_2024M01.graphml"
"0.03","0.67","0.3","0.145465976331361","1,2,3,1,4,4,4,4,2,4,4,3,4,1,1,4,1","0.000592947006225586","louvain","graph_2024M01.graphml"
"0.02","0.68","0.3","0.144592025522988","1,2,3,1,3,4,3,3,2,4,3,3,3,1,1,3,1","0.000597953796386719","louvain","graph_2024M01.graphml"
"0.01","0.69","0.3","0.144204773814859","1,2,3,1,3,4,3,3,2,4,3,3,3,1,1,3,1","0.000577926635742188","louvain","graph_2024M01.graphml"
"0","0.7","0.3","0.142355730601469","1,2,3,1,3,4,3,3,2,4,3,3,3,1,1,3,1","0.000532150268554688","louvain","graph_2024M01.graphml"
"0.69","0","0.31","0.138363054412437","1,2,3,1,4,2,3,4,2,4,3,4,3,3,2,4,5","0.000502109527587891","louvain","graph_2024M01.graphml"
"0.68","0.01","0.31","0.139955185505575","1,2,3,1,4,2,3,4,2,4,3,4,3,3,2,4,5","0.000517845153808594","louvain","graph_2024M01.graphml"
"0.67","0.02","0.31","0.139510763326379","1,2,3,1,4,2,3,5,2,4,3,5,3,3,2,5,6","0.000746011734008789","louvain","graph_2024M01.graphml"
"0.66","0.03","0.31","0.13679128570082","1,2,3,1,3,2,4,3,2,3,4,3,4,4,2,3,5","0.000503063201904297","louvain","graph_2024M01.graphml"
"0.65","0.04","0.31","0.138524236271558","1,2,3,1,3,2,3,3,2,4,3,3,3,1,2,4,5","0.000503063201904297","louvain","graph_2024M01.graphml"
"0.64","0.05","0.31","0.138556305473373","1,2,3,1,4,2,3,3,2,4,3,3,3,1,2,3,5","0.000747919082641602","louvain","graph_2024M01.graphml"
"0.63","0.06","0.31","0.138536652692235","1,2,3,1,3,2,3,3,2,3,3,3,3,1,2,3,4","0.000514984130859375","louvain","graph_2024M01.graphml"
"0.62","0.07","0.31","0.138676303854875","1,2,3,1,3,2,3,4,2,3,3,4,3,1,2,4,5","0.000640153884887695","louvain","graph_2024M01.graphml"
"0.61","0.08","0.31","0.139626271573733","1,2,3,1,3,2,3,3,2,3,3,3,3,1,2,3,4","0.000472068786621094","louvain","graph_2024M01.graphml"
"0.6","0.09","0.31","0.141606447250027","1,2,3,1,3,2,3,3,2,3,3,3,3,1,2,3,4","0.000525951385498047","louvain","graph_2024M01.graphml"
"0.59","0.1","0.31","0.140633343716625","1,2,3,1,3,2,3,3,2,3,3,3,3,1,2,4,5","0.000507116317749023","louvain","graph_2024M01.graphml"
"0.58","0.11","0.31","0.139413148788927","1,2,3,1,4,2,3,3,2,4,3,3,3,1,2,3,5","0.000529050827026367","louvain","graph_2024M01.graphml"
"0.57","0.12","0.31","0.139927593731402","1,2,3,1,3,2,3,3,2,3,3,4,3,1,2,4,5","0.000505924224853516","louvain","graph_2024M01.graphml"
"0.56","0.13","0.31","0.138808743703849","1,2,3,1,4,2,3,3,2,4,3,4,3,1,2,4,5","0.000463962554931641","louvain","graph_2024M01.graphml"
"0.55","0.14","0.31","0.137988101676582","1,2,3,1,4,2,3,3,2,4,3,4,3,1,2,4,5","0.000501155853271484","louvain","graph_2024M01.graphml"
"0.54","0.15","0.31","0.137988101676582","1,2,3,1,4,2,3,3,2,4,3,4,3,1,2,4,5","0.000861883163452148","louvain","graph_2024M01.graphml"
"0.53","0.16","0.31","0.140194891433631","1,2,3,1,4,2,3,3,2,4,3,4,3,1,2,2,1","0.00053095817565918","louvain","graph_2024M01.graphml"
"0.52","0.17","0.31","0.143421183542879","1,2,3,1,3,2,3,3,2,3,3,3,3,1,2,2,1","0.000699996948242188","louvain","graph_2024M01.graphml"
"0.51","0.18","0.31","0.143525309917355","1,2,3,1,3,2,3,3,2,3,3,4,3,1,2,2,1","0.000586032867431641","louvain","graph_2024M01.graphml"
"0.5","0.19","0.31","0.142700315197886","1,2,3,1,3,2,3,3,2,3,3,4,3,1,2,2,1","0.000633955001831055","louvain","graph_2024M01.graphml"
"0.49","0.2","0.31","0.142571767936199","1,2,3,4,3,4,3,3,4,3,3,2,3,1,4,2,1","0.0005340576171875","louvain","graph_2024M01.graphml"
"0.48","0.21","0.31","0.142545949278722","1,2,3,1,3,2,3,3,2,3,3,4,3,1,2,2,1","0.000514984130859375","louvain","graph_2024M01.graphml"
"0.47","0.22","0.31","0.141222067920717","1,2,3,4,3,1,3,3,4,3,3,2,3,1,4,2,1","0.000509023666381836","louvain","graph_2024M01.graphml"
"0.46","0.23","0.31","0.141199845852789","1,2,3,2,3,1,3,3,2,3,3,4,3,1,2,3,1","0.000505208969116211","louvain","graph_2024M01.graphml"
"0.45","0.24","0.31","0.141162310006056","1,2,3,2,3,1,3,3,2,3,3,3,3,1,2,3,1","0.000501155853271484","louvain","graph_2024M01.graphml"
"0.44","0.25","0.31","0.143671604938272","1,2,3,2,3,1,3,3,2,3,3,3,3,1,2,3,1","0.000489950180053711","louvain","graph_2024M01.graphml"
"0.43","0.26","0.31","0.143638891064296","1,2,3,2,3,1,3,3,2,3,3,3,3,1,2,3,1","0.000650882720947266","louvain","graph_2024M01.graphml"
"0.42","0.27","0.31","0.142676490797187","1,2,3,2,3,1,3,3,2,3,3,3,3,1,2,3,1","0.000516176223754883","louvain","graph_2024M01.graphml"
"0.41","0.28","0.31","0.144159627009401","1,2,3,2,3,1,3,3,2,3,3,3,3,1,2,3,1","0.000496149063110352","louvain","graph_2024M01.graphml"
"0.4","0.29","0.31","0.143453847285707","1,2,3,2,3,1,3,3,2,3,3,4,3,1,2,3,1","0.000527858734130859","louvain","graph_2024M01.graphml"
"0.39","0.3","0.31","0.141049149338374","1,2,2,3,2,1,2,2,3,2,2,2,2,1,3,2,1","0.000504016876220703","louvain","graph_2024M01.graphml"
"0.38","0.31","0.31","0.140186653173666","1,2,1,2,3,1,3,3,2,3,3,3,3,1,2,3,1","0.000545024871826172","louvain","graph_2024M01.graphml"
"0.37","0.32","0.31","0.140669634873836","1,2,3,2,3,1,3,3,2,3,1,3,3,1,2,3,1","0.000491857528686523","louvain","graph_2024M01.graphml"
"0.36","0.33","0.31","0.138799857549858","1,2,3,2,3,1,3,3,2,3,3,3,3,1,2,3,1","0.000486850738525391","louvain","graph_2024M01.graphml"
"0.35","0.34","0.31","0.140495699411498","1,2,3,1,3,1,3,3,2,3,1,3,3,1,2,3,1","0.000518083572387695","louvain","graph_2024M01.graphml"
"0.34","0.35","0.31","0.139192952187691","1,2,3,1,3,1,3,3,2,3,3,3,3,1,2,2,1","0.000519037246704102","louvain","graph_2024M01.graphml"
"0.33","0.36","0.31","0.140817728531856","1,2,3,1,3,1,3,3,2,3,1,3,3,1,2,3,1","0.000504970550537109","louvain","graph_2024M01.graphml"
"0.32","0.37","0.31","0.141488948520585","1,2,3,1,3,1,3,3,2,3,1,3,3,1,2,3,1","0.000540018081665039","louvain","graph_2024M01.graphml"
"0.31","0.38","0.31","0.144056038934893","1,2,3,1,3,1,3,3,2,3,3,3,3,1,2,2,1","0.000517129898071289","louvain","graph_2024M01.graphml"
"0.3","0.39","0.31","0.144348958333333","1,2,3,1,3,1,3,3,2,3,3,3,3,1,2,3,1","0.000524044036865234","louvain","graph_2024M01.graphml"
"0.29","0.4","0.31","0.145627396147147","1,2,3,1,3,1,3,3,2,3,1,3,3,1,2,3,1","0.000555038452148438","louvain","graph_2024M01.graphml"
"0.28","0.41","0.31","0.144393175048639","1,2,3,1,3,1,3,3,2,3,1,3,3,1,2,3,1","0.000490903854370117","louvain","graph_2024M01.graphml"
"0.27","0.42","0.31","0.140838389502844","1,2,3,1,2,1,3,3,2,3,3,3,3,1,2,2,1","0.000541925430297852","louvain","graph_2024M01.graphml"
"0.26","0.43","0.31","0.140039381200747","1,2,3,1,3,1,3,3,2,3,1,3,3,1,2,3,1","0.000641107559204102","louvain","graph_2024M01.graphml"
"0.25","0.44","0.31","0.14071442384046","1,2,3,1,2,1,3,3,2,3,4,3,4,1,4,2,1","0.000519037246704102","louvain","graph_2024M01.graphml"
"0.24","0.45","0.31","0.141257847202872","1,2,3,1,3,1,3,3,2,3,1,3,3,1,2,3,1","0.000587940216064453","louvain","graph_2024M01.graphml"
"0.23","0.46","0.31","0.141918171615141","1,2,3,1,2,1,4,4,2,4,3,4,3,1,3,4,1","0.000519990921020508","louvain","graph_2024M01.graphml"
"0.22","0.47","0.31","0.141505024063476","1,2,2,1,3,1,4,4,2,4,3,4,3,1,2,4,1","0.000499963760375977","louvain","graph_2024M01.graphml"
"0.21","0.48","0.31","0.143362607054725","1,2,3,1,4,1,3,3,2,3,4,3,4,1,2,3,1","0.000527143478393555","louvain","graph_2024M01.graphml"
"0.2","0.49","0.31","0.144913072638263","1,2,3,1,4,1,3,3,2,3,4,3,4,1,2,3,1","0.000536203384399414","louvain","graph_2024M01.graphml"
"0.19","0.5","0.31","0.14271202044412","1,2,3,1,4,1,3,3,2,3,4,3,4,1,2,3,1","0.000510931015014648","louvain","graph_2024M01.graphml"
"0.18","0.51","0.31","0.14271202044412","1,2,3,1,4,1,3,3,2,3,4,3,4,1,2,3,1","0.000514984130859375","louvain","graph_2024M01.graphml"
"0.17","0.52","0.31","0.143415351436134","1,2,3,1,3,1,3,3,2,3,3,3,3,1,2,3,1","0.000523090362548828","louvain","graph_2024M01.graphml"
"0.16","0.53","0.31","0.142581511974879","1,2,3,1,3,1,3,3,2,3,3,3,3,1,2,3,1","0.000506877899169922","louvain","graph_2024M01.graphml"
"0.15","0.54","0.31","0.140870094240188","1,2,3,1,3,1,3,3,2,3,3,3,3,1,2,3,1","0.000507831573486328","louvain","graph_2024M01.graphml"
"0.14","0.55","0.31","0.141307189542484","1,2,3,1,4,1,3,3,2,3,3,3,4,1,4,3,1","0.000533103942871094","louvain","graph_2024M01.graphml"
"0.13","0.56","0.31","0.142309694530891","1,2,3,1,3,1,3,3,2,3,3,3,3,1,1,3,1","0.000548124313354492","louvain","graph_2024M01.graphml"
"0.12","0.57","0.31","0.143607397538191","1,2,3,1,2,4,3,3,2,4,3,3,3,1,1,3,1","0.000528812408447266","louvain","graph_2024M01.graphml"
"0.11","0.58","0.31","0.144124799698369","1,2,3,1,3,4,3,3,2,4,3,3,3,1,1,3,1","0.000537872314453125","louvain","graph_2024M01.graphml"
"0.1","0.59","0.31","0.14562864311039","1,2,3,1,3,1,3,3,2,3,3,3,3,1,1,3,1","0.000698089599609375","louvain","graph_2024M01.graphml"
"0.09","0.6","0.31","0.145196670188536","1,2,3,1,3,4,3,3,2,4,3,3,3,1,1,3,1","0.000554084777832031","louvain","graph_2024M01.graphml"
"0.08","0.61","0.31","0.145196670188536","1,2,3,1,3,4,3,3,2,4,3,3,3,1,1,3,1","0.000576019287109375","louvain","graph_2024M01.graphml"
"0.07","0.62","0.31","0.144204773814859","1,2,3,1,3,4,3,3,2,4,3,3,3,1,1,3,1","0.000550985336303711","louvain","graph_2024M01.graphml"
"0.06","0.63","0.31","0.14115049644169","1,2,3,1,4,4,4,4,2,4,4,3,4,1,1,4,1","0.000555038452148438","louvain","graph_2024M01.graphml"
"0.05","0.64","0.31","0.142118202836611","1,2,3,1,4,4,4,4,2,4,4,3,4,1,1,4,1","0.000571966171264648","louvain","graph_2024M01.graphml"
"0.04","0.65","0.31","0.141964668872646","1,2,3,1,4,4,4,4,2,4,4,3,4,1,1,4,1","0.000546932220458984","louvain","graph_2024M01.graphml"
"0.03","0.66","0.31","0.141440301882526","1,2,3,1,4,4,2,4,5,2,4,3,4,1,1,4,1","0.000535011291503906","louvain","graph_2024M01.graphml"
"0.02","0.67","0.31","0.140823826336113","1,2,3,1,4,4,2,4,5,2,4,3,4,1,1,4,1","0.000571966171264648","louvain","graph_2024M01.graphml"
"0.01","0.68","0.31","0.141554096704961","1,2,3,1,4,4,4,4,2,4,4,3,4,1,1,4,1","0.000632047653198242","louvain","graph_2024M01.graphml"
"0","0.69","0.31","0.142614150619519","1,2,3,1,2,2,2,2,4,2,2,3,2,1,1,2,1","0.000555992126464844","louvain","graph_2024M01.graphml"
"0.68","0","0.32","0.136847256244134","1,2,3,1,4,2,4,3,2,3,4,4,4,1,2,3,5","0.000515937805175781","louvain","graph_2024M01.graphml"
"0.67","0.01","0.32","0.138160430839002","1,2,3,1,3,2,3,3,2,3,3,3,3,1,2,3,4","0.000598907470703125","louvain","graph_2024M01.graphml"
"0.66","0.02","0.32","0.140944173387209","1,2,3,1,3,2,3,3,2,3,3,4,3,1,2,4,5","0.000576019287109375","louvain","graph_2024M01.graphml"
"0.65","0.03","0.32","0.139413148788927","1,2,3,1,4,2,3,3,2,4,3,3,3,1,2,3,5","0.000517845153808594","louvain","graph_2024M01.graphml"
"0.64","0.04","0.32","0.138592873322401","1,2,3,1,3,2,3,3,2,3,3,4,3,1,2,4,5","0.000509977340698242","louvain","graph_2024M01.graphml"
"0.63","0.05","0.32","0.139747467027688","1,2,3,1,3,2,3,3,2,3,3,4,3,1,2,4,5","0.000589847564697266","louvain","graph_2024M01.graphml"
"0.62","0.06","0.32","0.139818565672154","1,2,3,1,3,2,3,3,2,3,3,4,3,1,2,4,5","0.000494003295898438","louvain","graph_2024M01.graphml"
"0.61","0.07","0.32","0.139818565672154","1,2,3,1,3,2,3,3,2,3,3,4,3,1,2,4,5","0.000473976135253906","louvain","graph_2024M01.graphml"
"0.6","0.08","0.32","0.141797978296417","1,2,3,1,3,2,3,3,2,3,3,4,3,1,2,4,1","0.000493049621582031","louvain","graph_2024M01.graphml"
"0.59","0.09","0.32","0.141615289117078","1,2,3,1,3,2,3,3,2,3,3,4,3,1,2,4,1","0.000519990921020508","louvain","graph_2024M01.graphml"
"0.58","0.1","0.32","0.140913971768729","1,2,3,1,3,2,3,3,2,3,3,4,3,1,2,2,1","0.000504016876220703","louvain","graph_2024M01.graphml"
"0.57","0.11","0.32","0.140091116173121","1,2,3,1,3,2,3,3,2,3,3,4,3,1,2,2,1","0.000507116317749023","louvain","graph_2024M01.graphml"
"0.56","0.12","0.32","0.141856921487603","1,2,3,1,3,2,3,3,2,3,3,4,3,1,2,2,1","0.000602006912231445","louvain","graph_2024M01.graphml"
"0.55","0.13","0.32","0.143826395855941","1,2,3,1,3,2,3,3,2,3,3,4,3,1,2,2,1","0.00052189826965332","louvain","graph_2024M01.graphml"
"0.54","0.14","0.32","0.140546763457942","1,2,3,2,3,1,3,3,2,3,3,4,3,1,2,4,1","0.00048518180847168","louvain","graph_2024M01.graphml"
"0.53","0.15","0.32","0.140546763457942","1,2,3,2,3,1,3,3,2,3,3,4,3,1,2,4,1","0.000488042831420898","louvain","graph_2024M01.graphml"
"0.52","0.16","0.32","0.141162310006056","1,2,3,2,3,1,3,3,2,3,3,3,3,1,2,3,1","0.000474929809570312","louvain","graph_2024M01.graphml"
"0.51","0.17","0.32","0.14239012345679","1,2,3,2,3,1,3,3,2,3,3,3,3,1,2,3,1","0.000470876693725586","louvain","graph_2024M01.graphml"
"0.5","0.18","0.32","0.141427524938422","1,2,3,2,3,1,3,3,2,3,3,3,3,1,2,3,1","0.000479936599731445","louvain","graph_2024M01.graphml"
"0.49","0.19","0.32","0.139197111237811","1,2,3,2,3,1,3,3,2,3,3,3,3,1,2,3,1","0.000518798828125","louvain","graph_2024M01.graphml"
"0.48","0.2","0.32","0.139197111237811","1,2,3,2,3,1,3,3,2,3,3,3,3,1,2,3,1","0.000476837158203125","louvain","graph_2024M01.graphml"
"0.47","0.21","0.32","0.139215070643642","1,2,1,2,3,1,3,3,2,3,3,3,3,1,2,3,1","0.000509977340698242","louvain","graph_2024M01.graphml"
"0.46","0.22","0.32","0.141718996966978","1,2,1,2,3,1,3,3,2,3,3,3,3,1,2,3,1","0.000524044036865234","louvain","graph_2024M01.graphml"
"0.45","0.23","0.32","0.138286857442702","1,2,1,2,3,1,3,3,2,3,3,3,3,1,2,3,1","0.000531196594238281","louvain","graph_2024M01.graphml"
"0.44","0.24","0.32","0.138107535671819","1,2,3,2,3,1,3,3,2,3,3,4,3,1,2,3,1","0.000586986541748047","louvain","graph_2024M01.graphml"
"0.43","0.25","0.32","0.137670859144661","1,2,3,3,4,1,3,3,2,4,1,4,3,1,2,3,1","0.000529050827026367","louvain","graph_2024M01.graphml"
"0.42","0.26","0.32","0.138589859665007","1,2,3,1,3,1,3,3,2,3,3,3,3,1,2,3,1","0.000490903854370117","louvain","graph_2024M01.graphml"
"0.41","0.27","0.32","0.13924161899739","1,2,3,1,3,1,3,3,2,3,1,3,3,1,2,3,1","0.000647783279418945","louvain","graph_2024M01.graphml"
"0.4","0.28","0.32","0.138403116920425","1,2,3,1,3,1,3,3,2,3,1,3,3,1,2,3,1","0.000491857528686523","louvain","graph_2024M01.graphml"
"0.39","0.29","0.32","0.139613103352717","1,2,3,1,3,1,3,3,2,3,3,3,3,1,2,2,1","0.000498771667480469","louvain","graph_2024M01.graphml"
"0.38","0.3","0.32","0.139613103352717","1,2,3,1,3,1,3,3,2,3,3,3,3,1,2,2,1","0.000542879104614258","louvain","graph_2024M01.graphml"
"0.37","0.31","0.32","0.138896398891967","1,2,3,1,3,1,3,3,2,3,1,3,3,1,2,3,1","0.000519037246704102","louvain","graph_2024M01.graphml"
"0.36","0.32","0.32","0.140864100139034","1,2,3,1,3,1,3,3,2,3,1,3,3,1,2,3,1","0.000535011291503906","louvain","graph_2024M01.graphml"
"0.35","0.33","0.32","0.143732089678036","1,2,3,1,3,1,3,3,2,3,1,3,3,1,2,3,1","0.000515937805175781","louvain","graph_2024M01.graphml"
"0.34","0.34","0.32","0.140715761486223","1,2,3,1,3,1,3,3,2,3,3,3,3,1,2,3,1","0.00049901008605957","louvain","graph_2024M01.graphml"
"0.33","0.35","0.32","0.139688591776404","1,2,3,1,2,1,3,3,2,3,3,3,3,1,2,2,1","0.000666141510009766","louvain","graph_2024M01.graphml"
"0.32","0.36","0.32","0.137472242086642","1,2,3,1,3,1,3,3,2,3,3,3,3,1,2,3,1","0.000519990921020508","louvain","graph_2024M01.graphml"
"0.31","0.37","0.32","0.138586005830904","1,2,3,1,3,1,3,3,2,3,3,3,3,1,2,3,1","0.000524997711181641","louvain","graph_2024M01.graphml"
"0.3","0.38","0.32","0.140291022519402","1,2,3,1,3,1,3,3,2,4,4,3,3,1,2,3,1","0.000474929809570312","louvain","graph_2024M01.graphml"
"0.29","0.39","0.32","0.139493763215263","1,2,3,1,3,1,3,3,2,3,3,3,3,1,2,3,1","0.000497817993164062","louvain","graph_2024M01.graphml"
"0.28","0.4","0.32","0.139869401081522","1,2,3,1,2,1,4,4,2,4,3,4,3,1,3,4,1","0.000528097152709961","louvain","graph_2024M01.graphml"
"0.27","0.41","0.32","0.14173775044634","1,2,3,1,3,1,3,3,2,3,3,3,3,1,2,3,1","0.000518798828125","louvain","graph_2024M01.graphml"
"0.26","0.42","0.32","0.141121923205128","1,2,3,1,3,1,3,3,2,3,3,3,3,1,2,3,1","0.000655174255371094","louvain","graph_2024M01.graphml"
"0.25","0.43","0.32","0.14311082363772","1,2,3,1,3,1,3,3,2,3,1,3,3,1,2,3,1","0.000489950180053711","louvain","graph_2024M01.graphml"
"0.24","0.44","0.32","0.14271202044412","1,2,3,1,4,1,3,3,2,3,4,3,4,1,2,3,1","0.0004730224609375","louvain","graph_2024M01.graphml"
"0.23","0.45","0.32","0.14368591314577","1,2,3,1,3,1,3,3,2,3,3,3,3,1,2,3,1","0.000516891479492188","louvain","graph_2024M01.graphml"
"0.22","0.46","0.32","0.142852958177756","1,2,3,1,3,1,3,3,2,3,3,3,3,1,2,3,1","0.00052189826965332","louvain","graph_2024M01.graphml"
"0.21","0.47","0.32","0.142021560091656","1,2,3,1,3,1,3,3,2,3,3,3,3,1,2,3,1","0.000887870788574219","louvain","graph_2024M01.graphml"
"0.2","0.48","0.32","0.140373087953188","1,2,3,1,2,4,3,3,2,4,3,3,3,1,1,3,1","0.000520944595336914","louvain","graph_2024M01.graphml"
"0.19","0.49","0.32","0.142818873043558","1,2,3,1,2,4,3,3,2,4,3,3,3,1,1,3,1","0.000533103942871094","louvain","graph_2024M01.graphml"
"0.18","0.5","0.32","0.143607397538191","1,2,3,1,2,4,3,3,2,4,3,3,3,1,1,3,1","0.000578165054321289","louvain","graph_2024M01.graphml"
"0.17","0.51","0.32","0.142766735773091","1,2,3,1,3,1,3,3,2,3,3,3,3,1,1,3,1","0.00055694580078125","louvain","graph_2024M01.graphml"
"0.16","0.52","0.32","0.141711140263264","1,2,3,1,2,4,3,3,2,4,3,3,3,1,1,3,1","0.000526189804077148","louvain","graph_2024M01.graphml"
"0.15","0.53","0.32","0.142663422439483","1,2,3,1,3,1,3,3,2,3,3,3,3,1,1,3,1","0.000557184219360352","louvain","graph_2024M01.graphml"
"0.14","0.54","0.32","0.142304862770235","1,2,3,1,3,4,3,3,2,4,3,3,3,1,1,3,1","0.000555992126464844","louvain","graph_2024M01.graphml"
"0.13","0.55","0.32","0.142304862770235","1,2,3,1,3,4,3,3,2,4,3,3,3,1,1,3,1","0.00052189826965332","louvain","graph_2024M01.graphml"
"0.12","0.56","0.32","0.1419295493646","1,2,3,1,3,4,3,3,2,4,3,3,3,1,1,3,1","0.000560998916625977","louvain","graph_2024M01.graphml"
"0.11","0.57","0.32","0.142906150278194","1,2,3,1,3,4,3,3,2,4,3,3,3,1,1,3,1","0.00049901008605957","louvain","graph_2024M01.graphml"
"0.1","0.58","0.32","0.142315770736917","1,2,3,1,3,4,3,3,2,4,3,3,3,1,1,3,1","0.000665903091430664","louvain","graph_2024M01.graphml"
"0.09","0.59","0.32","0.139922762733902","1,2,3,1,2,2,2,2,4,2,2,3,2,1,1,2,1","0.000622034072875977","louvain","graph_2024M01.graphml"
"0.08","0.6","0.32","0.13885261308956","1,2,3,1,4,4,2,4,5,2,4,3,4,1,1,4,1","0.000536203384399414","louvain","graph_2024M01.graphml"
"0.07","0.61","0.32","0.14135557690628","1,2,3,1,3,4,3,3,2,4,3,3,3,1,1,3,1","0.000552892684936523","louvain","graph_2024M01.graphml"
"0.06","0.62","0.32","0.140656825923661","1,2,3,1,4,4,2,4,5,2,4,3,4,1,1,4,1","0.000562906265258789","louvain","graph_2024M01.graphml"
"0.05","0.63","0.32","0.142614150619519","1,2,3,1,2,2,2,2,4,2,2,3,2,1,1,2,1","0.000603914260864258","louvain","graph_2024M01.graphml"
"0.04","0.64","0.32","0.141517875651249","1,2,3,1,2,2,2,2,4,2,2,3,2,1,1,2,1","0.000568151473999023","louvain","graph_2024M01.graphml"
"0.03","0.65","0.32","0.143151577503429","1,2,3,1,4,4,4,4,2,4,4,3,4,1,1,4,1","0.000567913055419922","louvain","graph_2024M01.graphml"
"0.02","0.66","0.32","0.141637504935935","1,2,3,1,3,4,3,3,2,4,3,3,3,1,1,3,1","0.000527858734130859","louvain","graph_2024M01.graphml"
"0.01","0.67","0.32","0.141647180471453","1,2,3,1,4,5,4,4,2,5,4,3,4,1,1,4,1","0.000679969787597656","louvain","graph_2024M01.graphml"
"0","0.68","0.32","0.139766064216614","1,2,3,1,3,4,3,3,2,4,3,3,3,1,1,3,1","0.000550985336303711","louvain","graph_2024M01.graphml"
"0.67","0","0.33","0.140965603315395","1,2,3,1,3,2,3,3,2,3,3,4,3,1,2,4,1","0.000509023666381836","louvain","graph_2024M01.graphml"
"0.66","0.01","0.33","0.138863786497556","1,2,3,1,3,2,3,3,2,3,3,4,3,1,2,4,1","0.00067591667175293","louvain","graph_2024M01.graphml"
"0.65","0.02","0.33","0.140831758034026","1,2,3,1,3,2,3,3,2,3,3,4,3,1,2,4,1","0.000501155853271484","louvain","graph_2024M01.graphml"
"0.64","0.03","0.33","0.140913971768729","1,2,3,1,3,2,3,3,2,3,3,4,3,1,2,2,1","0.000552892684936523","louvain","graph_2024M01.graphml"
"0.63","0.04","0.33","0.140091116173121","1,2,3,1,3,2,3,3,2,3,3,4,3,1,2,2,1","0.000531911849975586","louvain","graph_2024M01.graphml"
"0.62","0.05","0.33","0.138595041322314","1,2,3,1,3,2,3,3,2,3,3,3,3,1,2,2,1","0.000507116317749023","louvain","graph_2024M01.graphml"
"0.61","0.06","0.33","0.139878803181416","1,2,3,2,3,1,3,3,2,3,3,3,3,1,2,3,1","0.000519990921020508","louvain","graph_2024M01.graphml"
"0.6","0.07","0.33","0.140524140843371","1,2,3,2,3,1,3,3,2,3,3,3,3,1,2,3,1","0.000524044036865234","louvain","graph_2024M01.graphml"
"0.59","0.08","0.33","0.139863569709072","1,2,3,2,3,1,3,3,2,3,3,3,3,1,2,3,1","0.000509023666381836","louvain","graph_2024M01.graphml"
"0.58","0.09","0.33","0.139347027048477","1,2,3,4,3,1,3,3,4,3,3,3,3,1,4,2,1","0.000509023666381836","louvain","graph_2024M01.graphml"
"0.57","0.1","0.33","0.140792592592593","1,2,3,2,3,1,3,3,2,3,3,3,3,1,2,3,1","0.000504970550537109","louvain","graph_2024M01.graphml"
"0.56","0.11","0.33","0.139197111237811","1,2,3,2,3,1,3,3,2,3,3,3,3,1,2,3,1","0.000500202178955078","louvain","graph_2024M01.graphml"
"0.55","0.12","0.33","0.139197111237811","1,2,3,2,3,1,3,3,2,3,3,3,3,1,2,3,1","0.000545024871826172","louvain","graph_2024M01.graphml"
"0.54","0.13","0.33","0.137352976693636","1,2,1,2,3,1,3,3,2,3,3,3,3,1,2,3,1","0.000762939453125","louvain","graph_2024M01.graphml"
"0.53","0.14","0.33","0.13728339613788","1,2,1,2,3,1,3,3,2,3,3,3,3,1,2,3,1","0.000509023666381836","louvain","graph_2024M01.graphml"
"0.52","0.15","0.33","0.135111851567061","1,2,1,2,3,1,3,3,2,3,3,3,3,1,2,3,1","0.000523090362548828","louvain","graph_2024M01.graphml"
"0.51","0.16","0.33","0.134801165645321","1,2,1,2,3,1,3,3,2,3,3,3,3,1,2,3,1","0.000553131103515625","louvain","graph_2024M01.graphml"
"0.5","0.17","0.33","0.133920949391003","1,2,3,2,3,1,3,3,2,3,1,3,3,1,2,3,1","0.000512838363647461","louvain","graph_2024M01.graphml"
"0.49","0.18","0.33","0.135412186379928","1,2,3,1,3,1,3,3,2,3,3,3,3,1,2,3,1","0.000505924224853516","louvain","graph_2024M01.graphml"
"0.48","0.19","0.33","0.13792780699832","1,2,3,1,3,1,3,3,2,3,1,4,3,1,2,3,1","0.000505208969116211","louvain","graph_2024M01.graphml"
"0.47","0.2","0.33","0.13796763971795","1,2,3,1,3,1,3,3,2,3,3,3,3,1,2,3,1","0.000518083572387695","louvain","graph_2024M01.graphml"
"0.46","0.21","0.33","0.138403116920425","1,2,3,1,3,1,3,3,2,3,1,3,3,1,2,3,1","0.000634908676147461","louvain","graph_2024M01.graphml"
"0.45","0.22","0.33","0.138403745838452","1,2,3,1,3,1,3,3,2,3,3,3,3,1,2,2,1","0.00064396858215332","louvain","graph_2024M01.graphml"
"0.44","0.23","0.33","0.138403745838452","1,2,3,1,3,1,3,3,2,3,3,3,3,1,2,2,1","0.000559091567993164","louvain","graph_2024M01.graphml"
"0.43","0.24","0.33","0.137198891966759","1,2,3,1,3,1,3,3,2,3,3,3,3,1,2,2,1","0.000545024871826172","louvain","graph_2024M01.graphml"
"0.42","0.25","0.33","0.136512693312619","1,2,3,1,3,1,3,3,2,3,3,3,3,1,2,2,1","0.000483036041259766","louvain","graph_2024M01.graphml"
"0.41","0.26","0.33","0.138631824520928","1,2,3,1,3,1,3,3,2,3,3,3,3,1,2,2,1","0.00053095817565918","louvain","graph_2024M01.graphml"
"0.4","0.27","0.33","0.137060492728814","1,2,3,1,2,1,3,3,2,3,3,3,3,1,2,2,1","0.000527858734130859","louvain","graph_2024M01.graphml"
"0.39","0.28","0.33","0.137801078339156","1,2,2,1,3,1,3,3,2,3,1,3,3,1,2,3,1","0.000490903854370117","louvain","graph_2024M01.graphml"
"0.38","0.29","0.33","0.137801078339156","1,2,2,1,3,1,3,3,2,3,1,3,3,1,2,3,1","0.000528097152709961","louvain","graph_2024M01.graphml"
"0.37","0.3","0.33","0.137744160676287","1,2,3,1,3,1,3,3,2,3,3,3,3,1,2,3,1","0.000504970550537109","louvain","graph_2024M01.graphml"
"0.36","0.31","0.33","0.139444527067222","1,2,3,1,2,1,3,3,2,3,3,3,3,1,2,2,1","0.000539064407348633","louvain","graph_2024M01.graphml"
"0.35","0.32","0.33","0.139159181893363","1,2,3,1,3,1,3,3,2,3,1,3,3,1,2,3,1","0.000522851943969727","louvain","graph_2024M01.graphml"
"0.34","0.33","0.33","0.139030716779492","1,2,3,1,2,1,3,3,2,3,3,3,3,1,2,2,1","0.000535964965820312","louvain","graph_2024M01.graphml"
"0.33","0.34","0.33","0.139992874753551","1,2,3,1,3,1,3,3,2,3,3,3,3,1,2,3,1","0.000525951385498047","louvain","graph_2024M01.graphml"
"0.32","0.35","0.33","0.139726346480536","1,2,3,1,3,1,3,3,2,3,3,3,3,1,2,3,1","0.000559091567993164","louvain","graph_2024M01.graphml"
"0.31","0.36","0.33","0.139575141134896","1,2,2,1,3,1,3,3,2,3,3,3,3,1,2,3,1","0.000520944595336914","louvain","graph_2024M01.graphml"
"0.3","0.37","0.33","0.14204435415341","1,2,3,1,3,1,3,3,2,3,3,3,3,1,2,3,1","0.000540971755981445","louvain","graph_2024M01.graphml"
"0.29","0.38","0.33","0.14368591314577","1,2,3,1,3,1,3,3,2,3,3,3,3,1,2,3,1","0.000524044036865234","louvain","graph_2024M01.graphml"
"0.28","0.39","0.33","0.143398729425129","1,2,3,1,3,1,3,3,2,3,3,3,3,1,2,3,1","0.00052189826965332","louvain","graph_2024M01.graphml"
"0.27","0.4","0.33","0.143481849463699","1,2,3,1,3,1,3,3,2,3,3,3,3,1,1,3,1","0.000539064407348633","louvain","graph_2024M01.graphml"
"0.26","0.41","0.33","0.143729334871203","1,2,3,1,3,1,3,3,2,3,3,3,3,1,1,3,1","0.0005340576171875","louvain","graph_2024M01.graphml"
"0.25","0.42","0.33","0.141677012521007","1,2,3,1,3,1,3,3,2,3,3,3,3,1,1,3,1","0.000567913055419922","louvain","graph_2024M01.graphml"
"0.24","0.43","0.33","0.141731896016594","1,2,3,1,2,4,3,3,2,4,3,3,3,1,1,3,1","0.000498056411743164","louvain","graph_2024M01.graphml"
"0.23","0.44","0.33","0.138866545200139","1,2,3,1,3,4,3,3,2,4,3,3,3,1,1,3,1","0.000533103942871094","louvain","graph_2024M01.graphml"
"0.22","0.45","0.33","0.139851448249132","1,2,3,1,2,4,3,3,2,4,3,3,3,1,1,3,1","0.000535964965820312","louvain","graph_2024M01.graphml"
"0.21","0.46","0.33","0.140772049405816","1,2,3,1,2,4,3,3,2,4,3,3,3,1,1,3,1","0.000516891479492188","louvain","graph_2024M01.graphml"
"0.2","0.47","0.33","0.141753277256646","1,2,3,1,3,4,3,3,2,4,3,3,3,1,1,3,1","0.000519037246704102","louvain","graph_2024M01.graphml"
"0.19","0.48","0.33","0.14164716553288","1,2,3,1,3,4,3,3,2,4,3,3,3,1,1,3,1","0.000507116317749023","louvain","graph_2024M01.graphml"
"0.18","0.49","0.33","0.140565137561624","1,2,3,1,3,4,3,3,2,4,3,3,3,1,1,3,1","0.000725984573364258","louvain","graph_2024M01.graphml"
"0.17","0.5","0.33","0.140730816689623","1,2,3,1,3,4,3,3,2,4,3,3,3,1,1,3,1","0.000607967376708984","louvain","graph_2024M01.graphml"
"0.16","0.51","0.33","0.141442819315254","1,2,3,1,3,4,3,3,2,4,3,3,3,1,1,3,1","0.000555038452148438","louvain","graph_2024M01.graphml"
"0.15","0.52","0.33","0.140368458526166","1,2,3,1,3,4,3,3,2,4,3,3,3,1,1,3,1","0.000505924224853516","louvain","graph_2024M01.graphml"
"0.14","0.53","0.33","0.140368458526166","1,2,3,1,3,4,3,3,2,4,3,3,3,1,1,3,1","0.000586986541748047","louvain","graph_2024M01.graphml"
"0.13","0.54","0.33","0.140658095919427","1,2,3,1,3,4,3,3,2,4,3,3,3,1,1,3,1","0.000543832778930664","louvain","graph_2024M01.graphml"
"0.12","0.55","0.33","0.139805930788761","1,2,3,1,2,2,2,2,4,2,2,3,2,1,1,2,1","0.000550985336303711","louvain","graph_2024M01.graphml"
"0.11","0.56","0.33","0.139805930788761","1,2,3,1,2,2,2,2,4,2,2,3,2,1,1,2,1","0.000528097152709961","louvain","graph_2024M01.graphml"
"0.1","0.57","0.33","0.14125357582123","1,2,3,1,3,4,3,3,2,4,3,3,3,1,1,3,1","0.000748872756958008","louvain","graph_2024M01.graphml"
"0.09","0.58","0.33","0.140318418866846","1,2,3,1,2,2,2,2,4,2,2,3,2,1,1,2,1","0.000753879547119141","louvain","graph_2024M01.graphml"
"0.08","0.59","0.33","0.139235676566649","1,2,3,1,2,2,2,2,4,2,2,3,2,1,1,2,1","0.000565052032470703","louvain","graph_2024M01.graphml"
"0.07","0.6","0.33","0.138194528304418","1,2,3,1,2,2,2,2,4,2,2,3,2,1,1,2,1","0.000583171844482422","louvain","graph_2024M01.graphml"
"0.06","0.61","0.33","0.137123214876558","1,2,3,1,2,2,2,2,4,2,2,3,2,1,1,2,1","0.000525951385498047","louvain","graph_2024M01.graphml"
"0.05","0.62","0.33","0.140039669421488","1,2,3,1,4,5,4,4,2,5,4,3,4,1,1,4,1","0.000567913055419922","louvain","graph_2024M01.graphml"
"0.04","0.63","0.33","0.138654022878713","1,2,3,1,3,4,3,3,2,4,3,3,3,1,1,3,1","0.000565052032470703","louvain","graph_2024M01.graphml"
"0.03","0.64","0.33","0.139036103306643","1,2,3,1,4,5,4,4,2,5,4,3,4,1,1,4,1","0.000650167465209961","louvain","graph_2024M01.graphml"
"0.02","0.65","0.33","0.13748072396721","1,2,3,4,3,4,3,3,2,4,3,3,3,1,1,3,1","0.000555038452148438","louvain","graph_2024M01.graphml"
"0.01","0.66","0.33","0.138406720666632","1,2,3,4,3,4,3,3,2,4,3,3,3,1,1,3,1","0.000559091567993164","louvain","graph_2024M01.graphml"
"0","0.67","0.33","0.139244260204082","1,2,3,1,4,4,4,4,2,4,4,3,4,1,1,4,1","0.000535011291503906","louvain","graph_2024M01.graphml"
"0.66","0","0.34","0.138659418845663","1,2,3,4,3,1,3,3,4,3,3,3,3,1,4,2,1","0.000506877899169922","louvain","graph_2024M01.graphml"
"0.65","0.01","0.34","0.138659418845663","1,2,3,4,3,1,3,3,4,3,3,3,3,1,4,2,1","0.000516891479492188","louvain","graph_2024M01.graphml"
"0.64","0.02","0.34","0.137739892163233","1,2,3,4,3,1,3,3,4,3,3,3,3,1,4,2,1","0.000519037246704102","louvain","graph_2024M01.graphml"
"0.63","0.03","0.34","0.137917217712794","1,2,3,2,3,1,3,3,2,3,3,3,3,1,2,3,1","0.000464916229248047","louvain","graph_2024M01.graphml"
"0.62","0.04","0.34","0.137263587594957","1,2,3,2,3,1,3,3,2,3,3,3,3,1,2,3,1","0.000514984130859375","louvain","graph_2024M01.graphml"
"0.61","0.05","0.34","0.135505373747132","1,2,3,4,3,1,3,3,4,3,3,3,3,1,4,2,1","0.000540018081665039","louvain","graph_2024M01.graphml"
"0.6","0.06","0.34","0.135169428630254","1,2,1,2,3,1,3,3,2,3,3,3,3,1,2,3,1","0.000512838363647461","louvain","graph_2024M01.graphml"
"0.59","0.07","0.34","0.133865784499055","1,2,1,2,3,1,3,3,2,3,3,3,3,1,2,3,1","0.000550985336303711","louvain","graph_2024M01.graphml"
"0.58","0.08","0.34","0.133865784499055","1,2,1,2,3,1,3,3,2,3,3,3,3,1,2,3,1","0.000531911849975586","louvain","graph_2024M01.graphml"
"0.57","0.09","0.34","0.132958625265268","1,2,1,2,3,1,3,3,2,3,3,3,3,1,2,3,1","0.000512838363647461","louvain","graph_2024M01.graphml"
"0.56","0.1","0.34","0.134259345273484","1,2,3,1,3,1,3,3,2,3,3,3,3,1,2,3,1","0.000578880310058594","louvain","graph_2024M01.graphml"
"0.55","0.11","0.34","0.135412186379928","1,2,3,1,3,1,3,3,2,3,3,3,3,1,2,3,1","0.000543117523193359","louvain","graph_2024M01.graphml"
"0.54","0.12","0.34","0.135412186379928","1,2,3,1,3,1,3,3,2,3,3,3,3,1,2,3,1","0.000538825988769531","louvain","graph_2024M01.graphml"
"0.53","0.13","0.34","0.135412186379928","1,2,3,1,3,1,3,3,2,3,3,3,3,1,2,3,1","0.000558137893676758","louvain","graph_2024M01.graphml"
"0.52","0.14","0.34","0.135873698506111","1,2,3,1,3,1,3,3,2,3,1,4,3,1,2,3,1","0.00049901008605957","louvain","graph_2024M01.graphml"
"0.51","0.15","0.34","0.136432916608933","1,2,3,1,3,1,3,3,2,3,1,4,3,1,2,3,1","0.000539064407348633","louvain","graph_2024M01.graphml"
"0.5","0.16","0.34","0.136415595650025","1,2,3,1,3,1,3,3,2,3,3,3,3,1,2,3,1","0.000545024871826172","louvain","graph_2024M01.graphml"
"0.49","0.17","0.34","0.136512693312619","1,2,3,1,3,1,3,3,2,3,3,3,3,1,2,2,1","0.00056004524230957","louvain","graph_2024M01.graphml"
"0.48","0.18","0.34","0.135316816757424","1,2,3,1,3,1,3,3,2,3,3,3,3,1,2,2,1","0.00065302848815918","louvain","graph_2024M01.graphml"
"0.47","0.19","0.34","0.133053971931311","1,2,3,1,3,1,3,3,2,3,3,3,3,1,2,3,1","0.000524044036865234","louvain","graph_2024M01.graphml"
"0.46","0.2","0.34","0.134397838262414","1,2,2,1,3,1,3,3,2,3,3,3,3,1,2,3,1","0.000547170639038086","louvain","graph_2024M01.graphml"
"0.45","0.21","0.34","0.137102656755309","1,2,2,1,3,1,3,3,2,3,1,3,3,1,2,3,1","0.000502109527587891","louvain","graph_2024M01.graphml"
"0.44","0.22","0.34","0.137212959129478","1,2,2,1,3,1,3,3,2,3,3,3,3,1,2,3,1","0.000519037246704102","louvain","graph_2024M01.graphml"
"0.43","0.23","0.34","0.139444527067222","1,2,3,1,2,1,3,3,2,3,3,3,3,1,2,2,1","0.000501155853271484","louvain","graph_2024M01.graphml"
"0.42","0.24","0.34","0.138979494828632","1,2,2,1,3,1,3,3,2,3,3,3,3,1,2,3,1","0.000509023666381836","louvain","graph_2024M01.graphml"
"0.41","0.25","0.34","0.139581675339251","1,2,2,1,3,1,3,3,2,3,3,3,3,1,2,3,1","0.000658035278320312","louvain","graph_2024M01.graphml"
"0.4","0.26","0.34","0.140276265237299","1,2,3,1,3,1,3,3,2,3,1,3,3,1,2,3,1","0.000510215759277344","louvain","graph_2024M01.graphml"
"0.39","0.27","0.34","0.138828759723857","1,2,3,1,3,1,3,3,2,4,4,3,3,1,2,3,1","0.00051116943359375","louvain","graph_2024M01.graphml"
"0.38","0.28","0.34","0.139726534954044","1,2,3,1,3,1,3,3,2,3,3,3,3,1,2,3,1","0.000560998916625977","louvain","graph_2024M01.graphml"
"0.37","0.29","0.34","0.139726534954044","1,2,3,1,3,1,3,3,2,3,3,3,3,1,2,3,1","0.000527858734130859","louvain","graph_2024M01.graphml"
"0.36","0.3","0.34","0.141134664529134","1,2,3,1,3,1,3,3,2,3,1,3,3,1,2,3,1","0.000526905059814453","louvain","graph_2024M01.graphml"
"0.35","0.31","0.34","0.141815508283502","1,2,3,1,3,1,3,3,2,3,3,3,3,1,1,3,1","0.000509977340698242","louvain","graph_2024M01.graphml"
"0.34","0.32","0.34","0.143481849463699","1,2,3,1,3,1,3,3,2,3,3,3,3,1,1,3,1","0.000522136688232422","louvain","graph_2024M01.graphml"
"0.33","0.33","0.34","0.144547458130855","1,2,3,1,3,1,3,3,2,3,3,3,3,1,1,3,1","0.000500917434692383","louvain","graph_2024M01.graphml"
"0.32","0.34","0.34","0.144990921020508","1,2,3,1,3,1,3,3,2,3,3,3,3,1,1,3,1","0.000506162643432617","louvain","graph_2024M01.graphml"
"0.31","0.35","0.34","0.141084144582657","1,2,3,1,3,1,3,3,2,3,3,3,3,1,1,3,1","0.000585794448852539","louvain","graph_2024M01.graphml"
"0.3","0.36","0.34","0.139851448249132","1,2,3,1,2,4,3,3,2,4,3,3,3,1,1,3,1","0.000545978546142578","louvain","graph_2024M01.graphml"
"0.29","0.37","0.34","0.139851448249132","1,2,3,1,2,4,3,3,2,4,3,3,3,1,1,3,1","0.000544071197509766","louvain","graph_2024M01.graphml"
"0.28","0.38","0.34","0.140772049405816","1,2,3,1,2,4,3,3,2,4,3,3,3,1,1,3,1","0.000520944595336914","louvain","graph_2024M01.graphml"
"0.27","0.39","0.34","0.13819393533033","1,2,3,1,3,1,3,3,2,3,3,3,3,1,1,3,1","0.000528097152709961","louvain","graph_2024M01.graphml"
"0.26","0.4","0.34","0.139773344489952","1,2,3,1,2,4,3,3,2,4,3,3,3,1,1,3,1","0.000540018081665039","louvain","graph_2024M01.graphml"
"0.25","0.41","0.34","0.141268384705095","1,2,3,1,2,4,3,3,2,4,3,3,3,1,1,3,1","0.000545978546142578","louvain","graph_2024M01.graphml"
"0.24","0.42","0.34","0.140730816689623","1,2,3,1,3,4,3,3,2,4,3,3,3,1,1,3,1","0.000576972961425781","louvain","graph_2024M01.graphml"
"0.23","0.43","0.34","0.139656090422776","1,2,3,1,3,4,3,3,2,4,3,3,3,1,1,3,1","0.000526905059814453","louvain","graph_2024M01.graphml"
"0.22","0.44","0.34","0.140368458526166","1,2,3,1,3,4,3,3,2,4,3,3,3,1,1,3,1","0.000726938247680664","louvain","graph_2024M01.graphml"
"0.21","0.45","0.34","0.140368458526166","1,2,3,1,3,4,3,3,2,4,3,3,3,1,1,3,1","0.000633001327514648","louvain","graph_2024M01.graphml"
"0.2","0.46","0.34","0.141254805246198","1,2,3,1,3,2,3,3,2,2,3,3,3,1,1,3,1","0.000760078430175781","louvain","graph_2024M01.graphml"
"0.19","0.47","0.34","0.141254805246198","1,2,3,1,3,2,3,3,2,2,3,3,3,1,1,3,1","0.000538110733032227","louvain","graph_2024M01.graphml"
"0.18","0.48","0.34","0.141239189127351","1,2,3,1,3,4,3,3,2,4,3,3,3,1,1,3,1","0.000607013702392578","louvain","graph_2024M01.graphml"
"0.17","0.49","0.34","0.139594724430081","1,2,3,1,3,4,3,3,2,4,3,3,3,1,1,3,1","0.000545978546142578","louvain","graph_2024M01.graphml"
"0.16","0.5","0.34","0.138973341993615","1,2,3,1,3,4,3,3,2,4,3,3,3,1,1,3,1","0.000558137893676758","louvain","graph_2024M01.graphml"
"0.15","0.51","0.34","0.138687080990484","1,2,3,1,4,4,4,4,2,4,4,3,4,1,1,4,1","0.000596046447753906","louvain","graph_2024M01.graphml"
"0.14","0.52","0.34","0.13677226314589","1,2,3,1,4,5,4,4,2,5,4,3,4,1,1,4,1","0.000531911849975586","louvain","graph_2024M01.graphml"
"0.13","0.53","0.34","0.136092163003118","1,2,3,1,4,4,3,4,2,4,3,3,3,1,1,4,1","0.00053715705871582","louvain","graph_2024M01.graphml"
"0.12","0.54","0.34","0.138128363258565","1,2,3,1,4,4,4,4,2,4,4,3,4,1,1,4,1","0.000558853149414062","louvain","graph_2024M01.graphml"
"0.11","0.55","0.34","0.137690909090909","1,2,3,1,4,4,4,4,2,4,4,3,4,1,1,4,1","0.000523090362548828","louvain","graph_2024M01.graphml"
"0.1","0.56","0.34","0.138093034551565","1,2,3,1,3,4,3,3,2,4,3,3,3,1,1,3,1","0.000551939010620117","louvain","graph_2024M01.graphml"
"0.09","0.57","0.34","0.137067581398847","1,2,3,1,3,4,3,3,2,4,3,3,3,1,1,3,1","0.000543117523193359","louvain","graph_2024M01.graphml"
"0.08","0.58","0.34","0.138406720666632","1,2,3,4,3,4,3,3,2,4,3,3,3,1,1,3,1","0.000594854354858398","louvain","graph_2024M01.graphml"
"0.07","0.59","0.34","0.139054436920022","1,2,3,1,3,4,3,3,2,4,3,3,3,1,1,3,1","0.000586986541748047","louvain","graph_2024M01.graphml"
"0.06","0.6","0.34","0.136847869374751","1,2,3,1,2,2,2,2,4,2,2,3,2,1,1,2,1","0.00056910514831543","louvain","graph_2024M01.graphml"
"0.05","0.61","0.34","0.138778473632201","1,2,3,1,3,4,3,3,2,4,3,3,3,1,1,3,1","0.000612974166870117","louvain","graph_2024M01.graphml"
"0.04","0.62","0.34","0.136931631294541","1,2,3,1,3,4,3,3,2,4,3,3,3,1,1,3,1","0.00058293342590332","louvain","graph_2024M01.graphml"
"0.03","0.63","0.34","0.137004687563183","1,2,3,1,3,4,3,3,2,4,3,3,3,1,1,3,1","0.000550031661987305","louvain","graph_2024M01.graphml"
"0.02","0.64","0.34","0.135318954413904","1,2,3,1,3,4,3,3,2,4,3,3,3,1,1,3,1","0.000558137893676758","louvain","graph_2024M01.graphml"
"0.01","0.65","0.34","0.134222466572564","1,2,3,1,3,4,3,4,2,4,4,3,3,1,1,4,1","0.000528812408447266","louvain","graph_2024M01.graphml"
"0","0.66","0.34","0.135274374179558","1,2,3,1,2,2,2,2,4,2,2,3,2,1,1,2,1","0.000530004501342773","louvain","graph_2024M01.graphml"
"0.65","0","0.35","0.133865784499055","1,2,1,2,3,1,3,3,2,3,3,3,3,1,2,3,1","0.000498056411743164","louvain","graph_2024M01.graphml"
"0.64","0.01","0.35","0.133629898240288","1,2,1,2,3,1,3,3,2,3,3,3,3,1,2,3,1","0.000539064407348633","louvain","graph_2024M01.graphml"
"0.63","0.02","0.35","0.132991323573127","1,2,3,1,3,1,3,3,2,3,3,3,3,1,2,3,1","0.00050806999206543","louvain","graph_2024M01.graphml"
"0.62","0.03","0.35","0.134149612671985","1,2,3,1,3,1,3,3,2,3,3,3,3,1,2,3,1","0.000535011291503906","louvain","graph_2024M01.graphml"
"0.61","0.04","0.35","0.134149612671985","1,2,3,1,3,1,3,3,2,3,3,3,3,1,2,3,1","0.000524997711181641","louvain","graph_2024M01.graphml"
"0.6","0.05","0.35","0.136061172613237","1,2,3,1,3,1,3,3,2,3,3,3,3,1,2,3,1","0.000512123107910156","louvain","graph_2024M01.graphml"
"0.59","0.06","0.35","0.132873566367156","1,2,2,3,2,1,2,2,3,2,1,2,2,1,3,2,1","0.000498056411743164","louvain","graph_2024M01.graphml"
"0.58","0.07","0.35","0.133889776644642","1,2,3,1,3,1,3,3,2,3,3,3,3,1,2,3,1","0.000529050827026367","louvain","graph_2024M01.graphml"
"0.57","0.08","0.35","0.13516574979081","1,2,3,1,3,1,3,3,2,3,3,3,3,1,2,3,1","0.000619888305664062","louvain","graph_2024M01.graphml"
"0.56","0.09","0.35","0.13516574979081","1,2,3,1,3,1,3,3,2,3,3,3,3,1,2,3,1","0.000536918640136719","louvain","graph_2024M01.graphml"
"0.55","0.1","0.35","0.135316816757424","1,2,3,1,3,1,3,3,2,3,3,3,3,1,2,2,1","0.000546932220458984","louvain","graph_2024M01.graphml"
"0.54","0.11","0.35","0.133673232210189","1,2,3,1,3,1,3,3,2,3,3,3,3,1,2,3,1","0.000535011291503906","louvain","graph_2024M01.graphml"
"0.53","0.12","0.35","0.13409762140521","1,2,2,1,3,1,3,3,2,3,3,3,3,1,2,3,1","0.000533819198608398","louvain","graph_2024M01.graphml"
"0.52","0.13","0.35","0.133890955468169","1,2,3,1,2,1,3,3,2,3,3,3,3,1,2,2,1","0.000686883926391602","louvain","graph_2024M01.graphml"
"0.51","0.14","0.35","0.135340382289707","1,2,3,1,2,1,3,3,2,3,3,3,3,1,2,2,1","0.000494003295898438","louvain","graph_2024M01.graphml"
"0.5","0.15","0.35","0.138934631928688","1,2,2,1,3,1,3,3,2,3,3,3,3,1,2,3,1","0.000528097152709961","louvain","graph_2024M01.graphml"
"0.49","0.16","0.35","0.137756956837861","1,2,2,1,3,1,3,3,2,3,3,3,3,1,2,3,1","0.000581026077270508","louvain","graph_2024M01.graphml"
"0.48","0.17","0.35","0.138307501779477","1,2,3,1,2,1,3,3,2,3,3,3,3,1,2,2,1","0.000519037246704102","louvain","graph_2024M01.graphml"
"0.47","0.18","0.35","0.139192578144208","1,2,2,1,3,1,3,3,2,4,4,3,3,1,2,3,1","0.000506162643432617","louvain","graph_2024M01.graphml"
"0.46","0.19","0.35","0.139464506373569","1,2,2,1,3,1,3,3,2,3,3,3,3,1,2,3,1","0.000524044036865234","louvain","graph_2024M01.graphml"
"0.45","0.2","0.35","0.138620455125117","1,2,2,1,3,1,3,3,2,3,3,3,3,1,2,3,1","0.000543117523193359","louvain","graph_2024M01.graphml"
"0.44","0.21","0.35","0.139205416041677","1,2,3,1,2,1,3,3,2,3,3,3,3,1,2,2,1","0.000541925430297852","louvain","graph_2024M01.graphml"
"0.43","0.22","0.35","0.138591812884286","1,2,3,1,3,1,3,3,2,3,3,3,3,1,2,3,1","0.00051116943359375","louvain","graph_2024M01.graphml"
"0.42","0.23","0.35","0.140868506653913","1,2,3,1,3,1,3,3,2,3,3,3,3,1,1,3,1","0.000514984130859375","louvain","graph_2024M01.graphml"
"0.41","0.24","0.35","0.140197861552028","1,2,3,1,3,1,3,3,2,3,1,3,3,1,1,3,1","0.00050806999206543","louvain","graph_2024M01.graphml"
"0.4","0.25","0.35","0.142280597061194","1,2,3,1,3,1,3,3,2,3,3,3,3,1,1,3,1","0.000515937805175781","louvain","graph_2024M01.graphml"
"0.39","0.26","0.35","0.141243472118758","1,2,3,1,3,1,3,3,2,3,3,4,3,1,1,3,1","0.0004730224609375","louvain","graph_2024M01.graphml"
"0.38","0.27","0.35","0.140436373585035","1,2,3,1,3,1,3,3,2,3,3,3,3,1,1,3,1","0.00053095817565918","louvain","graph_2024M01.graphml"
"0.37","0.28","0.35","0.140194174757282","1,2,3,1,3,1,3,3,2,3,3,3,3,1,1,3,1","0.000564813613891602","louvain","graph_2024M01.graphml"
"0.36","0.29","0.35","0.139397797608317","1,2,3,1,3,1,3,3,2,3,3,3,3,1,1,3,1","0.000558853149414062","louvain","graph_2024M01.graphml"
"0.35","0.3","0.35","0.139404227724691","1,2,3,1,3,1,3,3,2,3,3,3,3,1,1,3,1","0.000519037246704102","louvain","graph_2024M01.graphml"
"0.34","0.31","0.35","0.140057322485207","1,2,3,1,2,4,3,3,2,4,3,3,3,1,1,3,1","0.000575065612792969","louvain","graph_2024M01.graphml"
"0.33","0.32","0.35","0.138987846345983","1,2,3,1,2,4,3,3,2,4,3,3,3,1,1,3,1","0.000524997711181641","louvain","graph_2024M01.graphml"
"0.32","0.33","0.35","0.138987846345983","1,2,3,1,2,4,3,3,2,4,3,3,3,1,1,3,1","0.000509977340698242","louvain","graph_2024M01.graphml"
"0.31","0.34","0.35","0.137668623623332","1,2,3,1,3,4,3,3,2,4,3,3,3,1,1,3,1","0.000551939010620117","louvain","graph_2024M01.graphml"
"0.3","0.35","0.35","0.139202751951331","1,2,3,1,4,2,3,3,4,2,3,3,3,1,1,3,1","0.000499963760375977","louvain","graph_2024M01.graphml"
"0.29","0.36","0.35","0.139202751951331","1,2,3,1,4,2,3,3,4,2,3,3,3,1,1,3,1","0.000555992126464844","louvain","graph_2024M01.graphml"
"0.28","0.37","0.35","0.139656090422776","1,2,3,1,3,4,3,3,2,4,3,3,3,1,1,3,1","0.000544071197509766","louvain","graph_2024M01.graphml"
"0.27","0.38","0.35","0.136981357270736","1,2,3,1,3,3,3,3,2,3,3,3,3,1,1,3,1","0.000557899475097656","louvain","graph_2024M01.graphml"
"0.26","0.39","0.35","0.140571377714489","1,2,3,1,3,4,3,3,2,4,3,3,3,1,1,3,1","0.000549077987670898","louvain","graph_2024M01.graphml"
"0.25","0.4","0.35","0.141283723635538","1,2,3,1,3,4,3,3,2,4,3,3,3,1,1,3,1","0.000562191009521484","louvain","graph_2024M01.graphml"
"0.24","0.41","0.35","0.1402124908135","1,2,3,1,3,4,3,3,2,4,3,3,3,1,1,3,1","0.000545978546142578","louvain","graph_2024M01.graphml"
"0.23","0.42","0.35","0.138151940855424","1,2,3,1,3,4,3,3,2,4,3,3,3,1,1,3,1","0.000581026077270508","louvain","graph_2024M01.graphml"
"0.22","0.43","0.35","0.136659024671912","1,2,3,1,3,4,3,3,2,4,3,3,3,1,1,3,1","0.000715017318725586","louvain","graph_2024M01.graphml"
"0.21","0.44","0.35","0.135615664274724","1,2,3,1,3,4,3,3,2,4,3,3,3,1,1,3,1","0.000536203384399414","louvain","graph_2024M01.graphml"
"0.2","0.45","0.35","0.136028953791768","1,2,3,1,3,4,3,3,2,4,3,3,3,1,1,3,1","0.000522136688232422","louvain","graph_2024M01.graphml"
"0.19","0.46","0.35","0.136728655959425","1,2,3,1,3,4,3,3,2,4,3,3,3,1,1,3,1","0.000522851943969727","louvain","graph_2024M01.graphml"
"0.18","0.47","0.35","0.136341617977379","1,2,3,1,4,2,2,2,4,2,2,3,2,1,1,2,1","0.000612020492553711","louvain","graph_2024M01.graphml"
"0.17","0.48","0.35","0.136560330578512","1,2,3,1,4,4,4,4,2,4,4,3,4,1,1,4,1","0.0005340576171875","louvain","graph_2024M01.graphml"
"0.16","0.49","0.35","0.135516681433856","1,2,3,1,4,4,4,4,2,4,4,3,4,1,1,4,1","0.000538825988769531","louvain","graph_2024M01.graphml"
"0.15","0.5","0.35","0.13578915931527","1,2,3,1,4,4,3,4,2,4,3,3,3,1,1,4,1","0.000519037246704102","louvain","graph_2024M01.graphml"
"0.14","0.51","0.35","0.138377607266705","1,2,3,1,3,4,3,3,2,4,3,3,3,1,1,3,1","0.000589132308959961","louvain","graph_2024M01.graphml"
"0.13","0.52","0.35","0.135942177001837","1,2,3,1,4,4,4,4,2,4,4,3,4,1,1,4,1","0.000586986541748047","louvain","graph_2024M01.graphml"
"0.12","0.53","0.35","0.136417410714286","1,2,3,1,3,4,3,3,2,4,3,3,3,1,1,3,1","0.000596046447753906","louvain","graph_2024M01.graphml"
"0.11","0.54","0.35","0.134986386681347","1,2,3,1,3,4,3,3,2,4,3,3,3,1,1,3,1","0.000527858734130859","louvain","graph_2024M01.graphml"
"0.1","0.55","0.35","0.137672646796271","1,2,3,1,3,4,3,3,2,4,3,3,3,1,1,3,1","0.000546932220458984","louvain","graph_2024M01.graphml"
"0.09","0.56","0.35","0.136108116789854","1,2,3,1,4,4,4,4,2,4,4,3,4,1,1,4,1","0.000559091567993164","louvain","graph_2024M01.graphml"
"0.08","0.57","0.35","0.136108116789854","1,2,3,1,4,4,4,4,2,4,4,3,4,1,1,4,1","0.00102877616882324","louvain","graph_2024M01.graphml"
"0.07","0.58","0.35","0.135297401247082","1,2,3,1,3,4,3,3,2,4,3,3,3,1,1,3,1","0.000555038452148438","louvain","graph_2024M01.graphml"
"0.06","0.59","0.35","0.136818556996184","1,2,3,1,3,4,3,3,2,4,3,3,3,1,1,3,1","0.000622987747192383","louvain","graph_2024M01.graphml"
"0.05","0.6","0.35","0.136383226699365","1,2,3,1,3,4,3,3,2,4,3,3,3,1,1,3,1","0.000684976577758789","louvain","graph_2024M01.graphml"
"0.04","0.61","0.35","0.137597354841821","1,2,3,1,3,4,3,3,2,4,3,3,3,1,1,3,1","0.000531911849975586","louvain","graph_2024M01.graphml"
"0.03","0.62","0.35","0.137269369380156","1,2,3,1,3,4,3,3,2,4,3,3,3,1,1,3,1","0.000548839569091797","louvain","graph_2024M01.graphml"
"0.02","0.63","0.35","0.138117056088008","1,2,3,1,3,4,3,3,2,4,3,3,3,1,1,3,1","0.000538825988769531","louvain","graph_2024M01.graphml"
"0.01","0.64","0.35","0.136035969084423","1,2,3,1,4,4,4,4,2,4,4,3,4,1,1,4,1","0.000523090362548828","louvain","graph_2024M01.graphml"
"0","0.65","0.35","0.13631950430876","1,2,3,1,4,4,4,4,2,4,5,3,5,1,1,4,5","0.000540018081665039","louvain","graph_2024M01.graphml"
"0.64","0","0.36","0.135261060040218","1,2,3,1,3,1,3,3,2,3,3,3,3,1,2,2,1","0.00067901611328125","louvain","graph_2024M01.graphml"
"0.63","0.01","0.36","0.133305292955189","1,2,3,1,3,1,3,3,2,3,3,3,3,1,2,3,1","0.000497102737426758","louvain","graph_2024M01.graphml"
"0.62","0.02","0.36","0.133941274238227","1,2,3,1,3,1,3,3,2,3,3,3,3,1,2,3,1","0.000503063201904297","louvain","graph_2024M01.graphml"
"0.61","0.03","0.36","0.132721470941318","1,2,3,1,3,1,3,3,2,3,3,3,3,1,2,3,1","0.00050806999206543","louvain","graph_2024M01.graphml"
"0.6","0.04","0.36","0.131796409534477","1,2,3,1,3,1,3,3,2,3,3,3,3,1,2,3,1","0.000590085983276367","louvain","graph_2024M01.graphml"
"0.59","0.05","0.36","0.13409762140521","1,2,2,1,3,1,3,3,2,3,3,3,3,1,2,3,1","0.00049591064453125","louvain","graph_2024M01.graphml"
"0.58","0.06","0.36","0.132249973429695","1,2,3,1,2,1,3,3,2,3,3,3,3,1,2,2,1","0.000525951385498047","louvain","graph_2024M01.graphml"
"0.57","0.07","0.36","0.133641830153185","1,2,2,1,3,1,3,3,2,3,3,3,3,1,2,3,1","0.000524997711181641","louvain","graph_2024M01.graphml"
"0.56","0.08","0.36","0.134523943944697","1,2,3,1,2,1,3,3,2,3,3,3,3,1,2,2,1","0.000512123107910156","louvain","graph_2024M01.graphml"
"0.55","0.09","0.36","0.137136481099713","1,2,2,1,3,1,3,3,2,3,3,3,3,1,2,3,1","0.000566005706787109","louvain","graph_2024M01.graphml"
"0.54","0.1","0.36","0.137147241914182","1,2,2,1,3,1,3,3,2,3,3,3,3,1,2,3,1","0.000732898712158203","louvain","graph_2024M01.graphml"
"0.53","0.11","0.36","0.137588306643282","1,2,3,1,2,1,3,3,2,3,3,3,3,1,2,2,1","0.000517129898071289","louvain","graph_2024M01.graphml"
"0.52","0.12","0.36","0.138486856754207","1,2,3,1,2,1,3,3,2,3,3,3,3,1,2,2,1","0.000519990921020508","louvain","graph_2024M01.graphml"
"0.51","0.13","0.36","0.138620455125117","1,2,2,1,3,1,3,3,2,3,3,3,3,1,2,3,1","0.000495195388793945","louvain","graph_2024M01.graphml"
"0.5","0.14","0.36","0.138486856754207","1,2,3,1,2,1,3,3,2,3,3,3,3,1,2,2,1","0.000497102737426758","louvain","graph_2024M01.graphml"
"0.49","0.15","0.36","0.138763890904985","1,2,3,1,2,1,3,3,2,3,3,3,3,1,1,2,1","0.000547885894775391","louvain","graph_2024M01.graphml"
"0.48","0.16","0.36","0.138606","1,2,2,1,3,1,3,3,2,3,3,3,3,1,1,3,1","0.000521183013916016","louvain","graph_2024M01.graphml"
"0.47","0.17","0.36","0.138896186648368","1,2,2,1,3,1,3,3,2,3,3,3,3,1,1,3,1","0.000518083572387695","louvain","graph_2024M01.graphml"
"0.46","0.18","0.36","0.138800384362515","1,2,3,1,3,1,3,3,2,3,3,3,3,1,1,3,1","0.000504016876220703","louvain","graph_2024M01.graphml"
"0.45","0.19","0.36","0.138964311564371","1,2,3,1,3,1,3,3,2,3,3,4,3,1,1,3,1","0.000509023666381836","louvain","graph_2024M01.graphml"
"0.44","0.2","0.36","0.139875411987305","1,2,3,1,3,1,3,3,2,3,3,3,3,1,1,3,1","0.000524997711181641","louvain","graph_2024M01.graphml"
"0.43","0.21","0.36","0.138524050326273","1,2,3,1,3,1,3,3,2,3,3,3,3,1,1,3,1","0.000514030456542969","louvain","graph_2024M01.graphml"
"0.42","0.22","0.36","0.139087567159959","1,2,3,1,3,1,3,3,2,3,3,3,3,1,1,3,1","0.000518798828125","louvain","graph_2024M01.graphml"
"0.41","0.23","0.36","0.139087567159959","1,2,3,1,3,1,3,3,2,3,3,3,3,1,1,3,1","0.000504970550537109","louvain","graph_2024M01.graphml"
"0.4","0.24","0.36","0.138765448598721","1,2,3,1,3,1,3,3,2,3,3,3,3,1,1,3,1","0.000527858734130859","louvain","graph_2024M01.graphml"
"0.39","0.25","0.36","0.138195266272189","1,2,3,1,2,4,3,3,2,4,3,3,3,1,1,3,1","0.000510931015014648","louvain","graph_2024M01.graphml"
"0.38","0.26","0.36","0.137153647328071","1,2,3,1,2,4,3,3,2,4,3,3,3,1,1,3,1","0.000560998916625977","louvain","graph_2024M01.graphml"
"0.37","0.27","0.36","0.137153647328071","1,2,3,1,2,4,3,3,2,4,3,3,3,1,1,3,1","0.000719070434570312","louvain","graph_2024M01.graphml"
"0.36","0.28","0.36","0.137006802721088","1,2,3,1,2,4,3,3,2,4,3,3,3,1,1,3,1","0.000541925430297852","louvain","graph_2024M01.graphml"
"0.35","0.29","0.36","0.139202751951331","1,2,3,1,4,2,3,3,4,2,3,3,3,1,1,3,1","0.000519037246704102","louvain","graph_2024M01.graphml"
"0.34","0.3","0.36","0.139202751951331","1,2,3,1,4,2,3,3,4,2,3,3,3,1,1,3,1","0.000531911849975586","louvain","graph_2024M01.graphml"
"0.33","0.31","0.36","0.138937313475666","1,2,3,1,3,4,3,3,2,4,3,3,3,1,1,3,1","0.000506877899169922","louvain","graph_2024M01.graphml"
"0.32","0.32","0.36","0.140571377714489","1,2,3,1,3,4,3,3,2,4,3,3,3,1,1,3,1","0.000553131103515625","louvain","graph_2024M01.graphml"
"0.31","0.33","0.36","0.138852182147097","1,2,3,1,3,4,3,3,2,4,3,3,3,1,1,3,1","0.000528097152709961","louvain","graph_2024M01.graphml"
"0.3","0.34","0.36","0.136726914390719","1,2,3,1,3,4,3,3,2,4,3,3,3,1,1,3,1","0.000627040863037109","louvain","graph_2024M01.graphml"
"0.29","0.35","0.36","0.134730154766983","1,2,3,1,3,4,3,3,2,4,3,3,3,1,1,3,1","0.000554084777832031","louvain","graph_2024M01.graphml"
"0.28","0.36","0.36","0.13562585733882","1,2,3,1,3,4,3,3,2,4,3,3,3,1,1,3,1","0.000548124313354492","louvain","graph_2024M01.graphml"
"0.27","0.37","0.36","0.137043681322422","1,2,3,1,3,4,3,3,2,4,3,3,3,1,1,3,1","0.000540971755981445","louvain","graph_2024M01.graphml"
"0.26","0.38","0.36","0.135760772599481","1,2,3,1,3,4,3,3,2,4,3,3,3,1,1,3,1","0.000515937805175781","louvain","graph_2024M01.graphml"
"0.25","0.39","0.36","0.13555909080275","1,2,3,1,4,1,2,2,4,2,2,3,2,1,1,2,1","0.000610113143920898","louvain","graph_2024M01.graphml"
"0.24","0.4","0.36","0.136341617977379","1,2,3,1,4,2,2,2,4,2,2,3,2,1,1,2,1","0.000524044036865234","louvain","graph_2024M01.graphml"
"0.23","0.41","0.36","0.135699487155839","1,2,3,1,3,4,3,3,2,4,3,3,3,1,1,3,1","0.000533103942871094","louvain","graph_2024M01.graphml"
"0.22","0.42","0.36","0.136386460302457","1,2,3,1,3,4,3,3,2,4,3,3,3,1,1,3,1","0.000518798828125","louvain","graph_2024M01.graphml"
"0.21","0.43","0.36","0.135448421394367","1,2,3,1,4,4,4,4,2,4,4,3,4,1,1,4,1","0.000540018081665039","louvain","graph_2024M01.graphml"
"0.2","0.44","0.36","0.134912202661922","1,2,3,1,4,4,4,4,2,4,4,3,4,1,1,4,1","0.000509977340698242","louvain","graph_2024M01.graphml"
"0.19","0.45","0.36","0.135135522959184","1,2,3,1,3,4,3,3,2,4,3,3,3,1,1,3,1","0.000623941421508789","louvain","graph_2024M01.graphml"
"0.18","0.46","0.36","0.134850726727219","1,2,3,1,4,4,4,4,2,4,4,3,4,1,1,4,1","0.000601768493652344","louvain","graph_2024M01.graphml"
"0.17","0.47","0.36","0.134662072206124","1,2,3,1,3,4,3,3,2,4,3,3,3,1,1,3,1","0.000555992126464844","louvain","graph_2024M01.graphml"
"0.16","0.48","0.36","0.134704828378429","1,2,3,1,4,4,4,4,2,4,4,3,4,1,1,4,1","0.000490903854370117","louvain","graph_2024M01.graphml"
"0.15","0.49","0.36","0.13550913757191","1,2,3,1,3,4,3,3,2,4,3,3,3,1,1,3,1","0.000552892684936523","louvain","graph_2024M01.graphml"
"0.14","0.5","0.36","0.136286549707602","1,2,3,1,3,4,3,3,2,4,3,3,3,1,1,3,1","0.000552892684936523","louvain","graph_2024M01.graphml"
"0.13","0.51","0.36","0.134862951733581","1,2,3,1,3,4,3,3,2,4,3,3,3,1,1,3,1","0.000562191009521484","louvain","graph_2024M01.graphml"
"0.12","0.52","0.36","0.135720572961877","1,2,3,1,3,4,3,3,2,4,3,3,3,1,1,3,1","0.000567913055419922","louvain","graph_2024M01.graphml"
"0.11","0.53","0.36","0.135720572961877","1,2,3,1,3,4,3,3,2,4,3,3,3,1,1,3,1","0.000574111938476562","louvain","graph_2024M01.graphml"
"0.1","0.54","0.36","0.135822060667438","1,2,3,1,4,4,4,4,2,5,4,3,4,1,1,4,1","0.00056910514831543","louvain","graph_2024M01.graphml"
"0.09","0.55","0.36","0.135787388774046","1,2,3,1,4,4,2,4,5,2,4,3,4,1,1,4,4","0.000552177429199219","louvain","graph_2024M01.graphml"
"0.08","0.56","0.36","0.135898400585376","1,2,3,1,4,4,2,4,5,2,4,3,4,1,1,4,4","0.000607013702392578","louvain","graph_2024M01.graphml"
"0.07","0.57","0.36","0.135728498718721","1,2,3,1,4,4,2,4,5,2,4,3,4,1,1,4,4","0.000612020492553711","louvain","graph_2024M01.graphml"
"0.06","0.58","0.36","0.136806194754913","1,2,3,1,4,4,4,4,2,4,4,3,4,1,1,4,4","0.000550985336303711","louvain","graph_2024M01.graphml"
"0.05","0.59","0.36","0.138464460515743","1,2,3,1,4,4,4,4,2,3,4,3,4,3,1,4,1","0.000561952590942383","louvain","graph_2024M01.graphml"
"0.04","0.6","0.36","0.140662682945941","1,2,3,1,4,4,4,4,2,3,4,3,4,3,1,4,1","0.000602960586547852","louvain","graph_2024M01.graphml"
"0.03","0.61","0.36","0.140662682945941","1,2,3,1,4,4,4,4,2,3,4,3,4,3,1,4,1","0.000545024871826172","louvain","graph_2024M01.graphml"
"0.02","0.62","0.36","0.139746459808413","1,2,3,1,4,4,4,4,2,3,4,3,4,3,1,4,1","0.000584125518798828","louvain","graph_2024M01.graphml"
"0.01","0.63","0.36","0.138539212869865","1,2,3,1,4,4,4,4,2,3,4,3,4,3,1,4,1","0.000524997711181641","louvain","graph_2024M01.graphml"
"0","0.64","0.36","0.138986603118451","1,2,3,1,4,4,4,4,2,3,4,3,4,3,1,4,2","0.000581979751586914","louvain","graph_2024M01.graphml"
"0.63","0","0.37","0.130358167711765","1,2,3,1,2,1,2,2,3,2,1,2,2,1,3,2,1","0.000504016876220703","louvain","graph_2024M01.graphml"
"0.62","0.01","0.37","0.133081159747576","1,2,3,1,2,1,3,3,2,3,3,4,3,1,2,2,1","0.000511884689331055","louvain","graph_2024M01.graphml"
"0.61","0.02","0.37","0.133081159747576","1,2,3,1,2,1,3,3,2,3,3,4,3,1,2,2,1","0.000551939010620117","louvain","graph_2024M01.graphml"
"0.6","0.03","0.37","0.13589416005409","1,2,2,1,3,1,3,3,2,3,3,3,3,1,2,3,1","0.000497817993164062","louvain","graph_2024M01.graphml"
"0.59","0.04","0.37","0.13652381188446","1,2,2,1,3,1,3,3,2,3,3,3,3,1,2,3,1","0.000524997711181641","louvain","graph_2024M01.graphml"
"0.58","0.05","0.37","0.137392102846648","1,2,2,1,3,1,3,3,2,3,3,3,3,1,2,3,1","0.000543117523193359","louvain","graph_2024M01.graphml"
"0.57","0.06","0.37","0.138009316467222","1,2,2,1,3,1,3,3,2,3,3,3,3,1,2,3,1","0.000802040100097656","louvain","graph_2024M01.graphml"
"0.56","0.07","0.37","0.136741746100869","1,2,3,1,2,1,3,3,2,3,3,4,3,3,1,2,1","0.000513076782226562","louvain","graph_2024M01.graphml"
"0.55","0.08","0.37","0.136512","1,2,3,1,2,1,3,3,2,3,3,3,3,1,1,2,1","0.000535964965820312","louvain","graph_2024M01.graphml"
"0.54","0.09","0.37","0.137439691475333","1,2,3,1,2,1,3,3,2,3,3,4,3,3,1,2,1","0.000519037246704102","louvain","graph_2024M01.graphml"
"0.53","0.1","0.37","0.137700635155271","1,2,3,1,2,1,3,3,2,3,3,3,3,1,1,2,1","0.000501871109008789","louvain","graph_2024M01.graphml"
"0.52","0.11","0.37","0.135057179459139","1,2,3,1,2,1,4,4,2,3,4,4,4,1,1,4,1","0.000498056411743164","louvain","graph_2024M01.graphml"
"0.51","0.12","0.37","0.136615575823777","1,2,2,1,3,1,3,3,2,3,3,3,3,1,1,3,1","0.000484943389892578","louvain","graph_2024M01.graphml"
"0.5","0.13","0.37","0.139959335327148","1,2,2,1,3,1,3,3,2,3,3,3,3,1,1,3,1","0.000570058822631836","louvain","graph_2024M01.graphml"
"0.49","0.14","0.37","0.138524050326273","1,2,3,1,3,1,3,3,2,3,3,3,3,1,1,3,1","0.000520944595336914","louvain","graph_2024M01.graphml"
"0.48","0.15","0.37","0.138524050326273","1,2,3,1,3,1,3,3,2,3,3,3,3,1,1,3,1","0.000540971755981445","louvain","graph_2024M01.graphml"
"0.47","0.16","0.37","0.137951820804038","1,2,3,1,3,1,3,3,2,3,3,3,3,1,1,3,1","0.000533819198608398","louvain","graph_2024M01.graphml"
"0.46","0.17","0.37","0.137078121925594","1,2,3,1,3,1,3,3,2,3,3,3,3,1,1,3,1","0.000638961791992188","louvain","graph_2024M01.graphml"
"0.45","0.18","0.37","0.136296227810651","1,2,3,1,3,1,3,3,2,3,3,3,3,1,1,3,1","0.000531911849975586","louvain","graph_2024M01.graphml"
"0.44","0.19","0.37","0.135563529459441","1,2,3,1,2,4,3,3,2,4,3,3,3,1,1,3,1","0.000501155853271484","louvain","graph_2024M01.graphml"
"0.43","0.2","0.37","0.136362135024442","1,2,3,1,2,4,3,3,2,4,3,3,3,1,1,3,1","0.000552892684936523","louvain","graph_2024M01.graphml"
"0.42","0.21","0.37","0.135658251267409","1,2,3,1,3,1,3,3,2,3,3,3,3,1,1,3,1","0.00056004524230957","louvain","graph_2024M01.graphml"
"0.41","0.22","0.37","0.135658251267409","1,2,3,1,3,1,3,3,2,3,3,3,3,1,1,3,1","0.000555992126464844","louvain","graph_2024M01.graphml"
"0.4","0.23","0.37","0.138428107975761","1,2,3,1,4,2,3,3,4,2,3,3,3,1,1,3,1","0.000597000122070312","louvain","graph_2024M01.graphml"
"0.39","0.24","0.37","0.138130805324141","1,2,3,1,3,4,3,3,2,4,3,3,3,1,1,3,1","0.000543832778930664","louvain","graph_2024M01.graphml"
"0.38","0.25","0.37","0.13732050992142","1,2,3,1,4,2,3,3,4,2,3,3,3,1,1,3,1","0.000545024871826172","louvain","graph_2024M01.graphml"
"0.37","0.26","0.37","0.136726914390719","1,2,3,1,3,4,3,3,2,4,3,3,3,1,1,3,1","0.000518083572387695","louvain","graph_2024M01.graphml"
"0.36","0.27","0.37","0.135200281243038","1,2,3,1,3,4,3,3,2,4,3,3,3,1,1,3,1","0.000515937805175781","louvain","graph_2024M01.graphml"
"0.35","0.28","0.37","0.136337855890885","1,2,3,1,3,4,3,3,2,4,3,3,3,1,1,3,1","0.000503063201904297","louvain","graph_2024M01.graphml"
"0.34","0.29","0.37","0.13648172454375","1,2,3,1,3,4,3,3,2,4,3,3,3,1,1,3,1","0.000525951385498047","louvain","graph_2024M01.graphml"
"0.33","0.3","0.37","0.13648172454375","1,2,3,1,3,4,3,3,2,4,3,3,3,1,1,3,1","0.000514984130859375","louvain","graph_2024M01.graphml"
"0.32","0.31","0.37","0.135441446799308","1,2,3,1,3,4,3,3,2,4,3,3,3,1,1,3,1","0.000602006912231445","louvain","graph_2024M01.graphml"
"0.31","0.32","0.37","0.13597665568462","1,2,3,1,3,4,3,3,2,4,3,3,3,1,1,3,1","0.000545024871826172","louvain","graph_2024M01.graphml"
"0.3","0.33","0.37","0.135421487603306","1,2,3,1,3,4,3,3,2,4,3,3,3,1,1,3,1","0.000543832778930664","louvain","graph_2024M01.graphml"
"0.29","0.34","0.37","0.13547081758034","1,2,3,1,3,1,3,3,2,3,3,3,3,1,1,3,1","0.000529050827026367","louvain","graph_2024M01.graphml"
"0.28","0.35","0.37","0.136747119934338","1,2,3,1,4,2,3,3,4,2,3,3,3,1,1,3,1","0.000518083572387695","louvain","graph_2024M01.graphml"
"0.27","0.36","0.37","0.13418539073239","1,2,3,1,3,3,3,3,2,3,3,3,3,1,1,3,1","0.000526905059814453","louvain","graph_2024M01.graphml"
"0.26","0.37","0.37","0.133212691326531","1,2,3,1,4,2,3,3,4,2,3,3,3,1,1,3,1","0.000565052032470703","louvain","graph_2024M01.graphml"
"0.25","0.38","0.37","0.132776332052834","1,2,3,1,4,3,3,3,4,2,3,3,3,1,1,3,1","0.000737190246582031","louvain","graph_2024M01.graphml"
"0.24","0.39","0.37","0.133216404370856","1,2,3,1,3,4,3,3,2,4,3,3,3,1,1,3,1","0.000520944595336914","louvain","graph_2024M01.graphml"
"0.23","0.4","0.37","0.132643918816961","1,2,3,1,3,3,3,3,2,4,3,3,3,4,1,3,1","0.000583887100219727","louvain","graph_2024M01.graphml"
"0.22","0.41","0.37","0.133449355965523","1,2,3,1,4,4,4,4,2,5,4,3,4,5,1,4,1","0.00055694580078125","louvain","graph_2024M01.graphml"
"0.21","0.42","0.37","0.133226361420925","1,2,3,1,2,2,2,2,4,2,2,3,2,1,1,2,1","0.000524997711181641","louvain","graph_2024M01.graphml"
"0.2","0.43","0.37","0.133180978762696","1,2,3,1,3,4,3,3,2,4,3,3,3,1,1,3,1","0.000479936599731445","louvain","graph_2024M01.graphml"
"0.19","0.44","0.37","0.136038851274179","1,2,3,1,4,4,4,4,2,5,4,3,4,5,1,4,1","0.000566005706787109","louvain","graph_2024M01.graphml"
"0.18","0.45","0.37","0.133201316550926","1,2,3,1,4,4,4,4,2,5,4,3,4,5,1,4,1","0.000523090362548828","louvain","graph_2024M01.graphml"
"0.17","0.46","0.37","0.133201316550926","1,2,3,1,4,4,4,4,2,5,4,3,4,5,1,4,1","0.000762939453125","louvain","graph_2024M01.graphml"
"0.16","0.47","0.37","0.133034035011574","1,2,3,1,3,4,3,3,2,4,3,3,3,1,1,3,3","0.000571012496948242","louvain","graph_2024M01.graphml"
"0.15","0.48","0.37","0.135053588314079","1,2,3,1,4,4,4,4,2,5,4,3,4,5,1,4,1","0.000610113143920898","louvain","graph_2024M01.graphml"
"0.14","0.49","0.37","0.135053588314079","1,2,3,1,4,4,4,4,2,5,4,3,4,5,1,4,1","0.00060582160949707","louvain","graph_2024M01.graphml"
"0.13","0.5","0.37","0.135728498718721","1,2,3,1,4,4,2,4,5,2,4,3,4,1,1,4,4","0.000531196594238281","louvain","graph_2024M01.graphml"
"0.12","0.51","0.37","0.135728498718721","1,2,3,1,4,4,2,4,5,2,4,3,4,1,1,4,4","0.000509023666381836","louvain","graph_2024M01.graphml"
"0.11","0.52","0.37","0.139025494922931","1,2,3,1,4,4,3,4,2,3,4,3,4,1,1,4,4","0.000837087631225586","louvain","graph_2024M01.graphml"
"0.1","0.53","0.37","0.139296905030926","1,2,3,1,4,4,4,4,2,3,4,3,4,3,1,4,1","0.000554800033569336","louvain","graph_2024M01.graphml"
"0.09","0.54","0.37","0.140311096223385","1,2,3,1,4,4,4,4,2,3,4,3,4,3,1,4,1","0.000568151473999023","louvain","graph_2024M01.graphml"
"0.08","0.55","0.37","0.140018660975164","1,2,3,1,4,4,4,4,2,3,4,3,4,3,1,4,1","0.000570058822631836","louvain","graph_2024M01.graphml"
"0.07","0.56","0.37","0.140281887335759","1,2,3,1,4,4,4,4,2,3,4,3,4,3,1,4,1","0.000545978546142578","louvain","graph_2024M01.graphml"
"0.06","0.57","0.37","0.138921856631005","1,2,3,1,4,4,4,4,2,3,4,3,4,3,1,4,2","0.000786066055297852","louvain","graph_2024M01.graphml"
"0.05","0.58","0.37","0.138626805069295","1,2,3,1,4,4,4,4,2,3,4,3,4,3,1,4,2","0.000599861145019531","louvain","graph_2024M01.graphml"
"0.04","0.59","0.37","0.136271950640721","1,2,3,1,4,4,4,4,2,5,4,3,4,5,1,4,2","0.00079798698425293","louvain","graph_2024M01.graphml"
"0.03","0.6","0.37","0.135817225599344","1,2,3,1,4,4,4,4,2,3,4,3,4,3,1,4,2","0.000554084777832031","louvain","graph_2024M01.graphml"
"0.02","0.61","0.37","0.135960472141328","1,2,3,1,4,4,4,4,2,3,4,3,4,3,1,4,2","0.000604152679443359","louvain","graph_2024M01.graphml"
"0.01","0.62","0.37","0.135872422690836","1,2,3,1,4,4,4,4,2,5,4,3,4,1,1,4,2","0.000571966171264648","louvain","graph_2024M01.graphml"
"0","0.63","0.37","0.135872422690836","1,2,3,1,4,4,4,4,2,5,4,3,4,1,1,4,2","0.000540018081665039","louvain","graph_2024M01.graphml"
"0.62","0","0.38","0.135140965468299","1,2,2,1,3,1,3,3,2,3,3,3,3,1,1,3,1","0.000563144683837891","louvain","graph_2024M01.graphml"
"0.61","0.01","0.38","0.136071742683764","1,2,3,1,2,1,3,3,2,3,3,3,3,1,1,2,1","0.000530004501342773","louvain","graph_2024M01.graphml"
"0.6","0.02","0.38","0.136093083294489","1,2,2,1,3,1,3,3,2,3,3,3,3,1,1,3,1","0.000521183013916016","louvain","graph_2024M01.graphml"
"0.59","0.03","0.38","0.135710224487795","1,2,2,1,3,1,3,3,2,4,4,3,3,1,1,3,1","0.000522851943969727","louvain","graph_2024M01.graphml"
"0.58","0.04","0.38","0.13478378040588","1,2,2,1,3,1,3,3,2,3,3,3,3,1,1,3,1","0.000504970550537109","louvain","graph_2024M01.graphml"
"0.57","0.05","0.38","0.136440960381921","1,2,2,1,3,1,3,3,2,3,3,3,3,1,1,3,1","0.000492095947265625","louvain","graph_2024M01.graphml"
"0.56","0.06","0.38","0.137051732855748","1,2,2,1,3,1,3,3,2,3,3,3,3,1,1,3,1","0.000482082366943359","louvain","graph_2024M01.graphml"
"0.55","0.07","0.38","0.138555526733398","1,2,2,1,3,1,3,3,2,3,3,3,3,1,1,3,1","0.000782012939453125","louvain","graph_2024M01.graphml"
"0.54","0.08","0.38","0.137421200825325","1,2,2,1,3,1,3,3,2,3,3,3,3,1,1,3,1","0.000535011291503906","louvain","graph_2024M01.graphml"
"0.53","0.09","0.38","0.137123113932859","1,2,2,1,3,1,3,3,2,3,3,3,3,1,1,3,1","0.000647068023681641","louvain","graph_2024M01.graphml"
"0.52","0.1","0.38","0.136512201666642","1,2,3,1,3,1,3,3,2,3,3,3,3,1,1,3,1","0.000547885894775391","louvain","graph_2024M01.graphml"
"0.51","0.11","0.38","0.137078121925594","1,2,3,1,3,1,3,3,2,3,3,3,3,1,1,3,1","0.000555992126464844","louvain","graph_2024M01.graphml"
"0.5","0.12","0.38","0.136296227810651","1,2,3,1,3,1,3,3,2,3,3,3,3,1,1,3,1","0.000926971435546875","louvain","graph_2024M01.graphml"
"0.49","0.13","0.38","0.136475903172296","1,2,3,1,2,4,3,3,2,4,3,3,3,1,1,3,1","0.000580072402954102","louvain","graph_2024M01.graphml"
"0.48","0.14","0.38","0.138065599324049","1,2,3,1,2,4,3,3,2,4,3,3,3,1,1,3,1","0.000484943389892578","louvain","graph_2024M01.graphml"
"0.47","0.15","0.38","0.13630564270121","1,2,3,1,2,4,3,3,2,4,3,3,3,1,1,3,1","0.00053095817565918","louvain","graph_2024M01.graphml"
"0.46","0.16","0.38","0.136636518594488","1,2,3,1,4,1,4,4,2,4,4,3,4,1,1,4,1","0.000632047653198242","louvain","graph_2024M01.graphml"
"0.45","0.17","0.38","0.138090527968348","1,2,3,1,4,2,3,3,4,2,3,3,3,1,1,3,1","0.000500202178955078","louvain","graph_2024M01.graphml"
"0.44","0.18","0.38","0.137042531105781","1,2,3,1,4,2,3,3,4,2,3,3,3,1,1,3,1","0.000567913055419922","louvain","graph_2024M01.graphml"
"0.43","0.19","0.38","0.138781595058111","1,2,3,1,4,2,3,3,4,2,3,3,3,1,1,3,1","0.00053095817565918","louvain","graph_2024M01.graphml"
"0.42","0.2","0.38","0.135927138791683","1,2,3,1,2,4,3,3,2,4,3,3,3,1,1,3,1","0.000528097152709961","louvain","graph_2024M01.graphml"
"0.41","0.21","0.38","0.137179998378028","1,2,3,1,3,4,3,3,2,4,3,3,3,1,1,3,1","0.000528812408447266","louvain","graph_2024M01.graphml"
"0.4","0.22","0.38","0.137179998378028","1,2,3,1,3,4,3,3,2,4,3,3,3,1,1,3,1","0.000520229339599609","louvain","graph_2024M01.graphml"
"0.39","0.23","0.38","0.135579774316038","1,2,3,1,3,4,3,3,2,4,3,3,3,1,1,3,1","0.000514030456542969","louvain","graph_2024M01.graphml"
"0.38","0.24","0.38","0.134546420729323","1,2,3,1,3,4,3,3,2,4,3,3,3,1,1,3,1","0.000592947006225586","louvain","graph_2024M01.graphml"
"0.37","0.25","0.38","0.135441086365816","1,2,3,1,3,4,3,3,2,4,3,3,3,1,1,3,1","0.000545024871826172","louvain","graph_2024M01.graphml"
"0.36","0.26","0.38","0.133488276415805","1,2,3,1,4,4,4,4,2,4,4,3,4,1,1,4,1","0.000561952590942383","louvain","graph_2024M01.graphml"
"0.35","0.27","0.38","0.132086629566396","1,2,3,1,3,3,3,3,2,3,3,3,3,1,1,3,1","0.000538110733032227","louvain","graph_2024M01.graphml"
"0.34","0.28","0.38","0.135399308297529","1,2,3,1,4,2,2,2,4,2,2,3,2,1,1,2,1","0.000523090362548828","louvain","graph_2024M01.graphml"
"0.33","0.29","0.38","0.132229816249948","1,2,3,1,2,3,3,3,2,3,3,4,3,3,1,2,1","0.000748872756958008","louvain","graph_2024M01.graphml"
"0.32","0.3","0.38","0.13444129880116","1,2,3,1,3,4,3,3,2,4,3,3,3,1,1,3,1","0.000555992126464844","louvain","graph_2024M01.graphml"
"0.31","0.31","0.38","0.133901546333","1,2,3,1,3,4,3,3,2,4,3,3,3,1,1,3,1","0.000558137893676758","louvain","graph_2024M01.graphml"
"0.3","0.32","0.38","0.132850531124495","1,2,3,1,4,4,4,4,2,4,4,3,4,4,1,4,1","0.000514030456542969","louvain","graph_2024M01.graphml"
"0.29","0.33","0.38","0.132950530035336","1,2,3,1,3,4,3,3,2,4,3,3,3,1,1,3,1","0.000661849975585938","louvain","graph_2024M01.graphml"
"0.28","0.34","0.38","0.132265800696136","1,2,3,1,3,4,3,3,2,4,3,3,3,1,1,3,1","0.000716209411621094","louvain","graph_2024M01.graphml"
"0.27","0.35","0.38","0.130841886453279","1,2,3,1,3,4,3,3,2,4,3,3,3,1,1,3,1","0.00056004524230957","louvain","graph_2024M01.graphml"
"0.26","0.36","0.38","0.13054033081729","1,2,3,1,3,4,3,3,2,4,3,3,3,1,1,3,1","0.000528097152709961","louvain","graph_2024M01.graphml"
"0.25","0.37","0.38","0.131224326372928","1,2,3,1,4,4,4,4,2,5,4,3,4,5,1,4,1","0.000542163848876953","louvain","graph_2024M01.graphml"
"0.24","0.38","0.38","0.133201316550926","1,2,3,1,4,4,4,4,2,5,4,3,4,5,1,4,1","0.000508785247802734","louvain","graph_2024M01.graphml"
"0.23","0.39","0.38","0.133330240298847","1,2,3,1,4,4,4,4,2,5,4,3,4,5,1,4,1","0.000545978546142578","louvain","graph_2024M01.graphml"
"0.22","0.4","0.38","0.133330240298847","1,2,3,1,4,4,4,4,2,5,4,3,4,5,1,4,1","0.000562906265258789","louvain","graph_2024M01.graphml"
"0.21","0.41","0.38","0.135804102259215","1,2,3,1,4,4,4,4,2,5,4,3,4,5,1,4,1","0.000552892684936523","louvain","graph_2024M01.graphml"
"0.2","0.42","0.38","0.136548653428565","1,2,3,1,4,4,4,4,2,5,4,3,4,5,1,4,1","0.000581979751586914","louvain","graph_2024M01.graphml"
"0.19","0.43","0.38","0.137693482283922","1,2,3,1,4,4,4,4,2,3,4,3,4,3,1,4,1","0.000567913055419922","louvain","graph_2024M01.graphml"
"0.18","0.44","0.38","0.137693482283922","1,2,3,1,4,4,4,4,2,3,4,3,4,3,1,4,1","0.000677824020385742","louvain","graph_2024M01.graphml"
"0.17","0.45","0.38","0.137003634288111","1,2,3,1,4,4,4,4,2,3,4,3,4,3,1,4,1","0.000641107559204102","louvain","graph_2024M01.graphml"
"0.16","0.46","0.38","0.137465870702022","1,2,3,1,4,4,4,4,2,3,4,3,4,3,1,4,1","0.000539064407348633","louvain","graph_2024M01.graphml"
"0.15","0.47","0.38","0.136649265971215","1,2,3,1,4,4,4,4,2,5,4,3,4,1,1,4,1","0.000539064407348633","louvain","graph_2024M01.graphml"
"0.14","0.48","0.38","0.138723235482104","1,2,3,1,4,4,4,4,2,3,4,3,4,3,1,4,1","0.000535011291503906","louvain","graph_2024M01.graphml"
"0.13","0.49","0.38","0.138001553562601","1,2,3,1,4,4,4,4,2,3,4,3,4,3,1,4,1","0.000638008117675781","louvain","graph_2024M01.graphml"
"0.12","0.5","0.38","0.13768495628496","1,2,3,1,4,4,4,4,2,3,4,3,4,3,1,4,2","0.000550031661987305","louvain","graph_2024M01.graphml"
"0.11","0.51","0.38","0.136847627775117","1,2,3,1,4,4,4,4,2,3,4,3,4,3,1,4,2","0.000555992126464844","louvain","graph_2024M01.graphml"
"0.1","0.52","0.38","0.136212624584718","1,2,3,1,4,4,4,4,2,3,4,3,4,3,1,4,2","0.000540018081665039","louvain","graph_2024M01.graphml"
"0.09","0.53","0.38","0.135817225599344","1,2,3,1,4,4,4,4,2,3,4,3,4,3,1,4,2","0.000546932220458984","louvain","graph_2024M01.graphml"
"0.08","0.54","0.38","0.13576098727368","1,2,3,1,4,4,4,4,2,5,4,3,4,1,1,4,2","0.00056004524230957","louvain","graph_2024M01.graphml"
"0.07","0.55","0.38","0.134249260544487","1,2,3,1,4,4,4,4,2,5,4,3,4,1,1,4,2","0.00055384635925293","louvain","graph_2024M01.graphml"
"0.06","0.56","0.38","0.134249260544487","1,2,3,1,4,4,4,4,2,5,4,3,4,1,1,4,2","0.00069880485534668","louvain","graph_2024M01.graphml"
"0.05","0.57","0.38","0.13560046180097","1,2,3,1,4,4,4,4,2,3,4,3,4,1,1,4,2","0.000574111938476562","louvain","graph_2024M01.graphml"
"0.04","0.58","0.38","0.13745013558862","1,2,3,1,4,4,4,4,2,4,4,3,4,1,1,4,2","0.000564098358154297","louvain","graph_2024M01.graphml"
"0.03","0.59","0.38","0.135851675589927","1,2,3,1,4,4,4,4,2,4,4,3,4,1,1,4,2","0.000609874725341797","louvain","graph_2024M01.graphml"
"0.02","0.6","0.38","0.133373829903862","1,2,3,3,3,4,3,3,2,3,4,3,4,1,1,4,2","0.000610828399658203","louvain","graph_2024M01.graphml"
"0.01","0.61","0.38","0.135193808532778","1,2,3,1,4,4,4,4,2,4,4,3,4,1,1,4,2","0.000545978546142578","louvain","graph_2024M01.graphml"
"0","0.62","0.38","0.135227871920266","1,2,3,1,4,4,4,4,2,4,4,3,4,1,1,4,2","0.0005950927734375","louvain","graph_2024M01.graphml"
"0.61","0","0.39","0.13563346862793","1,2,3,1,2,1,4,4,2,3,4,4,4,1,1,4,1","0.000532150268554688","louvain","graph_2024M01.graphml"
"0.6","0.01","0.39","0.136706778438796","1,2,2,1,3,1,3,3,2,4,3,3,3,1,1,3,1","0.000545024871826172","louvain","graph_2024M01.graphml"
"0.59","0.02","0.39","0.138303243602452","1,2,2,1,3,1,3,3,2,3,3,3,3,1,1,3,1","0.000533103942871094","louvain","graph_2024M01.graphml"
"0.58","0.03","0.39","0.138303243602452","1,2,2,1,3,1,3,3,2,3,3,3,3,1,1,3,1","0.000587940216064453","louvain","graph_2024M01.graphml"
"0.57","0.04","0.39","0.138303243602452","1,2,2,1,3,1,3,3,2,3,3,3,3,1,1,3,1","0.000501871109008789","louvain","graph_2024M01.graphml"
"0.56","0.05","0.39","0.138884985207101","1,2,2,1,3,1,3,3,2,3,3,3,3,1,1,3,1","0.000515222549438477","louvain","graph_2024M01.graphml"
"0.55","0.06","0.39","0.138459863945578","1,2,3,1,3,1,3,3,2,3,3,3,3,1,1,3,1","0.000532865524291992","louvain","graph_2024M01.graphml"
"0.54","0.07","0.39","0.13709227340321","1,2,3,1,2,4,3,3,2,4,3,3,3,1,1,3,1","0.000502824783325195","louvain","graph_2024M01.graphml"
"0.53","0.08","0.39","0.133344606621574","1,2,3,1,3,3,3,3,2,3,3,3,3,1,1,3,1","0.000510931015014648","louvain","graph_2024M01.graphml"
"0.52","0.09","0.39","0.133220150941263","1,2,3,1,4,4,4,4,2,4,4,3,4,1,1,4,1","0.000568866729736328","louvain","graph_2024M01.graphml"
"0.51","0.1","0.39","0.134598254990251","1,2,3,1,2,4,3,3,2,4,3,3,3,1,1,3,1","0.000535011291503906","louvain","graph_2024M01.graphml"
"0.5","0.11","0.39","0.132025854867454","1,2,2,1,3,2,2,2,3,2,2,2,2,1,1,2,1","0.000529050827026367","louvain","graph_2024M01.graphml"
"0.49","0.12","0.39","0.135079736060388","1,2,3,1,2,4,3,3,2,4,3,3,3,1,1,3,1","0.0005340576171875","louvain","graph_2024M01.graphml"
"0.48","0.13","0.39","0.134626775234542","1,2,3,1,2,4,3,3,2,4,3,3,3,1,1,3,1","0.000504970550537109","louvain","graph_2024M01.graphml"
"0.47","0.14","0.39","0.133968573744527","1,2,3,1,4,4,4,4,2,4,4,3,4,1,1,4,1","0.00065302848815918","louvain","graph_2024M01.graphml"
"0.46","0.15","0.39","0.134598359104671","1,2,3,1,4,4,4,4,2,4,4,3,4,1,1,4,1","0.000617027282714844","louvain","graph_2024M01.graphml"
"0.45","0.16","0.39","0.134546420729323","1,2,3,1,3,4,3,3,2,4,3,3,3,1,1,3,1","0.000555038452148438","louvain","graph_2024M01.graphml"
"0.44","0.17","0.39","0.133935944909159","1,2,3,1,3,4,3,3,2,4,3,3,3,1,1,3,1","0.000598907470703125","louvain","graph_2024M01.graphml"
"0.43","0.18","0.39","0.133192907796746","1,2,3,1,3,4,3,3,2,4,3,3,3,1,1,3,1","0.000558137893676758","louvain","graph_2024M01.graphml"
"0.42","0.19","0.39","0.132802654379332","1,2,3,1,4,4,4,4,2,4,4,3,4,1,1,4,1","0.000545024871826172","louvain","graph_2024M01.graphml"
"0.41","0.2","0.39","0.134076021319051","1,2,3,1,3,4,3,3,2,4,3,3,3,1,1,3,1","0.000741004943847656","louvain","graph_2024M01.graphml"
"0.4","0.21","0.39","0.1318188458729","1,2,3,1,3,4,3,3,2,4,3,3,3,1,1,3,1","0.000509023666381836","louvain","graph_2024M01.graphml"
"0.39","0.22","0.39","0.133062490199404","1,2,3,1,3,4,3,3,2,4,3,3,3,1,1,3,1","0.000518083572387695","louvain","graph_2024M01.graphml"
"0.38","0.23","0.39","0.133754783163265","1,2,3,1,3,4,3,3,2,4,3,3,3,1,1,3,1","0.000519990921020508","louvain","graph_2024M01.graphml"
"0.37","0.24","0.39","0.133754783163265","1,2,3,1,3,4,3,3,2,4,3,3,3,1,1,3,1","0.000500202178955078","louvain","graph_2024M01.graphml"
"0.36","0.25","0.39","0.131751106584176","1,2,3,1,3,4,3,3,2,4,3,3,3,1,1,3,1","0.000550985336303711","louvain","graph_2024M01.graphml"
"0.35","0.26","0.39","0.131051936619718","1,2,3,1,4,4,4,4,2,5,4,3,4,5,1,4,1","0.000565052032470703","louvain","graph_2024M01.graphml"
"0.34","0.27","0.39","0.130841886453279","1,2,3,1,3,4,3,3,2,4,3,3,3,1,1,3,1","0.000565052032470703","louvain","graph_2024M01.graphml"
"0.33","0.28","0.39","0.129416743613419","1,2,3,1,4,3,3,3,4,2,3,3,3,1,1,3,1","0.000523090362548828","louvain","graph_2024M01.graphml"
"0.32","0.29","0.39","0.129610649430594","1,2,3,1,4,4,4,4,2,5,4,3,4,5,1,4,1","0.000588893890380859","louvain","graph_2024M01.graphml"
"0.31","0.3","0.39","0.1300415056971","1,2,3,1,4,4,4,4,2,4,4,3,4,1,1,4,1","0.000547885894775391","louvain","graph_2024M01.graphml"
"0.3","0.31","0.39","0.131364651750052","1,2,3,1,4,4,4,4,2,5,4,3,4,5,1,4,1","0.000597953796386719","louvain","graph_2024M01.graphml"
"0.29","0.32","0.39","0.131816345968364","1,2,3,1,4,4,4,4,2,5,4,3,4,5,1,4,1","0.000535011291503906","louvain","graph_2024M01.graphml"
"0.28","0.33","0.39","0.13257631507018","1,2,3,1,4,4,4,4,2,5,4,3,4,5,1,4,1","0.000549077987670898","louvain","graph_2024M01.graphml"
"0.27","0.34","0.39","0.135804102259215","1,2,3,1,4,4,4,4,2,5,4,3,4,5,1,4,1","0.000555992126464844","louvain","graph_2024M01.graphml"
"0.26","0.35","0.39","0.137287289946977","1,2,3,1,4,4,4,4,2,5,4,3,4,1,1,4,1","0.000535964965820312","louvain","graph_2024M01.graphml"
"0.25","0.36","0.39","0.137287289946977","1,2,3,1,4,4,4,4,2,5,4,3,4,1,1,4,1","0.000545978546142578","louvain","graph_2024M01.graphml"
"0.24","0.37","0.39","0.135856527138578","1,2,3,1,4,4,4,4,2,3,4,3,4,3,1,4,1","0.000550031661987305","louvain","graph_2024M01.graphml"
"0.23","0.38","0.39","0.136689128586239","1,2,3,1,4,4,4,4,2,3,4,3,4,3,1,4,1","0.000555992126464844","louvain","graph_2024M01.graphml"
"0.22","0.39","0.39","0.136649265971215","1,2,3,1,4,4,4,4,2,5,4,3,4,1,1,4,1","0.000539064407348633","louvain","graph_2024M01.graphml"
"0.21","0.4","0.39","0.136617351335823","1,2,3,1,4,4,4,4,2,3,4,3,4,3,1,4,1","0.000545978546142578","louvain","graph_2024M01.graphml"
"0.2","0.41","0.39","0.134750845303129","1,2,3,1,4,4,4,4,2,3,4,3,4,3,1,4,1","0.000586986541748047","louvain","graph_2024M01.graphml"
"0.19","0.42","0.39","0.136028500968425","1,2,3,1,4,4,4,4,2,3,4,3,4,3,1,4,1","0.000530004501342773","louvain","graph_2024M01.graphml"
"0.18","0.43","0.39","0.135659836019731","1,2,3,1,4,4,4,4,2,3,4,3,4,3,1,4,2","0.000532865524291992","louvain","graph_2024M01.graphml"
"0.17","0.44","0.39","0.135524264882988","1,2,3,1,4,4,4,4,2,3,4,3,4,3,1,4,2","0.000533103942871094","louvain","graph_2024M01.graphml"
"0.16","0.45","0.39","0.134892274919703","1,2,3,1,4,4,4,4,2,3,4,3,4,3,1,4,2","0.000536918640136719","louvain","graph_2024M01.graphml"
"0.15","0.46","0.39","0.135286023303089","1,2,3,1,4,4,4,4,2,5,4,3,4,1,1,4,2","0.000491142272949219","louvain","graph_2024M01.graphml"
"0.14","0.47","0.39","0.136009998268698","1,2,3,1,4,4,4,4,2,5,4,3,4,1,1,4,2","0.000549077987670898","louvain","graph_2024M01.graphml"
"0.13","0.48","0.39","0.13482800322494","1,2,3,1,4,4,4,4,2,3,4,3,4,1,1,4,2","0.00053095817565918","louvain","graph_2024M01.graphml"
"0.12","0.49","0.39","0.134973125503897","1,2,3,1,4,4,4,4,2,5,4,3,4,1,1,4,2","0.000535011291503906","louvain","graph_2024M01.graphml"
"0.11","0.5","0.39","0.135731716137051","1,2,3,1,4,4,4,4,2,5,4,3,4,1,1,4,2","0.000546932220458984","louvain","graph_2024M01.graphml"
"0.1","0.51","0.39","0.135731716137051","1,2,3,1,4,4,4,4,2,5,4,3,4,1,1,4,2","0.000606060028076172","louvain","graph_2024M01.graphml"
"0.09","0.52","0.39","0.134923416680722","1,2,3,1,4,4,4,4,2,4,4,3,4,1,1,4,2","0.000515937805175781","louvain","graph_2024M01.graphml"
"0.08","0.53","0.39","0.134411553788","1,2,3,1,4,4,4,4,2,4,4,3,4,1,1,4,2","0.000563144683837891","louvain","graph_2024M01.graphml"
"0.07","0.54","0.39","0.135141779396462","1,2,3,1,4,4,4,4,2,4,4,3,4,1,1,4,2","0.000586986541748047","louvain","graph_2024M01.graphml"
"0.06","0.55","0.39","0.132164370489652","1,2,3,3,4,5,4,3,2,4,5,3,5,1,1,4,5","0.000600099563598633","louvain","graph_2024M01.graphml"
"0.05","0.56","0.39","0.13456530448718","1,2,3,1,3,3,3,3,2,3,3,3,3,1,1,3,2","0.000576019287109375","louvain","graph_2024M01.graphml"
"0.04","0.57","0.39","0.13408195449581","1,2,3,1,3,3,3,3,2,3,3,3,3,1,1,3,2","0.000576972961425781","louvain","graph_2024M01.graphml"
"0.03","0.58","0.39","0.135427654265893","1,2,3,1,3,3,3,3,2,3,3,3,3,1,1,3,2","0.000602960586547852","louvain","graph_2024M01.graphml"
"0.02","0.59","0.39","0.1340249296139","1,2,3,1,3,3,3,3,2,3,3,3,3,1,1,3,2","0.000574111938476562","louvain","graph_2024M01.graphml"
"0.01","0.6","0.39","0.133209296985942","1,2,3,2,4,3,4,4,2,4,4,4,3,1,1,4,3","0.000548839569091797","louvain","graph_2024M01.graphml"
"0","0.61","0.39","0.132893898834698","1,2,3,1,3,3,3,3,2,3,3,3,3,1,1,3,2","0.000568151473999023","louvain","graph_2024M01.graphml"
"0.6","0","0.4","0.134121751779612","1,2,2,1,3,1,3,3,2,3,3,3,3,1,1,3,1","0.000493049621582031","louvain","graph_2024M01.graphml"
"0.59","0.01","0.4","0.134398496240602","1,2,3,1,4,4,4,4,2,4,4,3,4,1,1,4,1","0.000522851943969727","louvain","graph_2024M01.graphml"
"0.58","0.02","0.4","0.133153431805748","1,2,3,1,2,4,3,3,2,4,3,3,3,1,1,3,1","0.000579118728637695","louvain","graph_2024M01.graphml"
"0.57","0.03","0.4","0.133749672460477","1,2,3,1,4,4,4,4,2,4,4,3,4,1,1,4,1","0.000735998153686523","louvain","graph_2024M01.graphml"
"0.56","0.04","0.4","0.132520118623301","1,2,3,1,3,3,3,3,2,3,3,3,3,1,1,3,1","0.000532150268554688","louvain","graph_2024M01.graphml"
"0.55","0.05","0.4","0.130150660365344","1,2,3,1,4,4,4,4,2,4,4,3,4,1,1,4,1","0.000500917434692383","louvain","graph_2024M01.graphml"
"0.54","0.06","0.4","0.131304869684499","1,2,3,1,3,3,3,3,2,3,3,3,3,1,1,3,1","0.00076603889465332","louvain","graph_2024M01.graphml"
"0.53","0.07","0.4","0.132096036298906","1,2,3,1,2,4,4,3,2,4,4,3,4,4,1,3,1","0.000577926635742188","louvain","graph_2024M01.graphml"
"0.52","0.08","0.4","0.133275302231346","1,2,3,1,4,2,3,3,4,2,3,3,3,1,1,3,1","0.000526189804077148","louvain","graph_2024M01.graphml"
"0.51","0.09","0.4","0.130719664181225","1,2,3,1,4,4,4,4,2,4,4,3,4,1,1,4,1","0.000538110733032227","louvain","graph_2024M01.graphml"
"0.5","0.1","0.4","0.131600426010531","1,2,3,1,3,4,3,3,2,4,3,3,3,1,1,3,1","0.00051116943359375","louvain","graph_2024M01.graphml"
"0.49","0.11","0.4","0.134076021319051","1,2,3,1,3,4,3,3,2,4,3,3,3,1,1,3,1","0.000574111938476562","louvain","graph_2024M01.graphml"
"0.48","0.12","0.4","0.133436055975635","1,2,3,1,4,2,3,3,4,2,3,3,3,1,1,3,1","0.000516891479492188","louvain","graph_2024M01.graphml"
"0.47","0.13","0.4","0.131570686278036","1,2,3,1,3,3,3,3,2,3,3,3,3,1,1,3,1","0.000561952590942383","louvain","graph_2024M01.graphml"
"0.46","0.14","0.4","0.129618527544996","1,2,3,1,2,3,3,3,2,3,3,4,3,3,1,2,1","0.000559091567993164","louvain","graph_2024M01.graphml"
"0.45","0.15","0.4","0.130544957027787","1,2,3,1,4,4,4,4,2,4,4,3,4,1,1,4,1","0.000607013702392578","louvain","graph_2024M01.graphml"
"0.44","0.16","0.4","0.131388711734694","1,2,3,1,4,4,4,4,2,4,4,3,4,1,1,4,1","0.000822067260742188","louvain","graph_2024M01.graphml"
"0.43","0.17","0.4","0.131370324827387","1,2,3,1,3,4,3,3,2,4,3,3,3,1,1,3,1","0.000535964965820312","louvain","graph_2024M01.graphml"
"0.42","0.18","0.4","0.130259773501979","1,2,3,1,4,2,3,3,4,2,3,3,3,1,1,3,1","0.000544071197509766","louvain","graph_2024M01.graphml"
"0.41","0.19","0.4","0.130384759127875","1,2,3,1,3,4,3,3,2,4,3,3,3,1,1,3,1","0.000677108764648438","louvain","graph_2024M01.graphml"
"0.4","0.2","0.4","0.128605668996575","1,2,3,1,3,3,3,3,2,4,3,3,3,4,1,3,3","0.00053095817565918","louvain","graph_2024M01.graphml"
"0.39","0.21","0.4","0.128911701289102","1,2,3,1,4,4,4,4,2,5,4,3,4,5,1,4,4","0.000634908676147461","louvain","graph_2024M01.graphml"
"0.38","0.22","0.4","0.130635734278727","1,2,3,1,3,4,3,3,2,4,3,3,3,1,1,3,3","0.000535964965820312","louvain","graph_2024M01.graphml"
"0.37","0.23","0.4","0.130596139847531","1,2,3,1,4,4,4,4,2,5,4,3,4,5,1,4,1","0.000623941421508789","louvain","graph_2024M01.graphml"
"0.36","0.24","0.4","0.130596139847531","1,2,3,1,4,4,4,4,2,5,4,3,4,5,1,4,1","0.000566005706787109","louvain","graph_2024M01.graphml"
"0.35","0.25","0.4","0.130424196597353","1,2,3,1,4,4,4,4,2,5,4,3,4,5,1,4,1","0.000540018081665039","louvain","graph_2024M01.graphml"
"0.34","0.26","0.4","0.133405071778355","1,2,3,1,4,4,4,4,2,5,4,3,4,5,1,4,1","0.000538110733032227","louvain","graph_2024M01.graphml"
"0.33","0.27","0.4","0.133405071778355","1,2,3,1,4,4,4,4,2,5,4,3,4,5,1,4,1","0.000540971755981445","louvain","graph_2024M01.graphml"
"0.32","0.28","0.4","0.134115636147444","1,2,3,1,4,4,4,4,2,5,4,3,4,5,1,4,1","0.0005340576171875","louvain","graph_2024M01.graphml"
"0.31","0.29","0.4","0.133180373325118","1,2,3,1,4,4,4,4,2,5,4,3,4,5,1,4,1","0.000540971755981445","louvain","graph_2024M01.graphml"
"0.3","0.3","0.4","0.135372863982108","1,2,3,1,4,4,4,4,2,3,4,3,4,3,1,4,1","0.000540971755981445","louvain","graph_2024M01.graphml"
"0.29","0.31","0.4","0.134737889943669","1,2,3,1,4,4,4,4,2,3,4,3,4,3,1,4,1","0.000580072402954102","louvain","graph_2024M01.graphml"
"0.28","0.32","0.4","0.134573398448722","1,2,3,1,4,4,4,4,2,3,4,3,4,3,1,4,1","0.000544071197509766","louvain","graph_2024M01.graphml"
"0.27","0.33","0.4","0.135342003743608","1,2,3,1,4,4,4,4,2,3,4,3,4,3,1,4,1","0.00058293342590332","louvain","graph_2024M01.graphml"
"0.26","0.34","0.4","0.135423235439845","1,2,3,1,4,4,4,4,2,3,4,3,4,3,1,4,1","0.000542163848876953","louvain","graph_2024M01.graphml"
"0.25","0.35","0.4","0.134288207067035","1,2,3,1,4,4,4,4,2,3,4,3,4,3,1,4,1","0.000562906265258789","louvain","graph_2024M01.graphml"
"0.24","0.36","0.4","0.135524264882988","1,2,3,1,4,4,4,4,2,3,4,3,4,3,1,4,2","0.000638961791992188","louvain","graph_2024M01.graphml"
"0.23","0.37","0.4","0.134892274919703","1,2,3,1,4,4,4,4,2,3,4,3,4,3,1,4,2","0.00056004524230957","louvain","graph_2024M01.graphml"
"0.22","0.38","0.4","0.135202513489516","1,2,3,1,4,4,4,4,2,4,4,3,4,1,1,4,2","0.000542879104614258","louvain","graph_2024M01.graphml"
"0.21","0.39","0.4","0.134556524959427","1,2,3,1,4,4,4,4,2,5,4,3,4,1,1,4,2","0.000549077987670898","louvain","graph_2024M01.graphml"
"0.2","0.4","0.4","0.135286023303089","1,2,3,1,4,4,4,4,2,5,4,3,4,1,1,4,2","0.000539064407348633","louvain","graph_2024M01.graphml"
"0.19","0.41","0.4","0.134673649584488","1,2,3,1,4,4,4,4,2,5,4,3,4,1,1,4,2","0.00055694580078125","louvain","graph_2024M01.graphml"
"0.18","0.42","0.4","0.136203160282974","1,2,3,1,3,3,3,3,2,4,3,5,3,1,1,3,2","0.000659942626953125","louvain","graph_2024M01.graphml"
"0.17","0.43","0.4","0.134643890262369","1,2,3,4,3,3,3,3,2,4,3,4,3,1,1,3,2","0.000567913055419922","louvain","graph_2024M01.graphml"
"0.16","0.44","0.4","0.133517086390376","1,2,3,2,3,4,3,3,2,4,3,3,3,1,1,3,2","0.000563859939575195","louvain","graph_2024M01.graphml"
"0.15","0.45","0.4","0.133115220035252","1,2,3,1,3,3,3,3,2,3,3,4,3,1,1,3,2","0.000524044036865234","louvain","graph_2024M01.graphml"
"0.14","0.46","0.4","0.134820610657139","1,2,3,1,3,3,3,3,2,3,3,3,3,1,1,3,2","0.000554084777832031","louvain","graph_2024M01.graphml"
"0.13","0.47","0.4","0.133774676447784","1,2,3,1,3,3,3,3,2,3,3,4,3,1,1,3,2","0.000581979751586914","louvain","graph_2024M01.graphml"
"0.12","0.48","0.4","0.13348295435392","1,2,3,1,3,4,3,3,2,4,3,3,3,1,1,3,2","0.000684022903442383","louvain","graph_2024M01.graphml"
"0.11","0.49","0.4","0.134301237580257","1,2,3,1,3,3,3,3,2,3,3,4,3,1,1,3,2","0.000529050827026367","louvain","graph_2024M01.graphml"
"0.1","0.5","0.4","0.132654206943013","1,2,3,3,4,3,4,3,2,4,4,3,3,1,1,4,3","0.000542879104614258","louvain","graph_2024M01.graphml"
"0.09","0.51","0.4","0.133157332025751","1,2,3,2,3,3,3,3,2,3,3,3,3,1,1,3,2","0.000592947006225586","louvain","graph_2024M01.graphml"
"0.08","0.52","0.4","0.13211649775677","1,2,3,1,3,3,3,3,2,4,4,3,3,1,1,4,2","0.000640153884887695","louvain","graph_2024M01.graphml"
"0.07","0.53","0.4","0.132106197075537","1,2,3,2,4,3,4,4,2,4,4,4,3,1,1,4,3","0.000548839569091797","louvain","graph_2024M01.graphml"
"0.06","0.54","0.4","0.13248930497861","1,2,3,2,3,3,3,3,2,3,3,3,3,1,1,3,2","0.000530004501342773","louvain","graph_2024M01.graphml"
"0.05","0.55","0.4","0.130698747316823","1,2,3,2,4,3,4,4,2,4,4,4,3,1,1,4,3","0.000586032867431641","louvain","graph_2024M01.graphml"
"0.04","0.56","0.4","0.13034912109375","1,2,3,2,4,3,4,4,2,4,4,4,3,1,1,4,3","0.000550031661987305","louvain","graph_2024M01.graphml"
"0.03","0.57","0.4","0.131546603517807","1,2,3,2,4,3,4,4,2,4,4,4,3,1,1,4,3","0.000572919845581055","louvain","graph_2024M01.graphml"
"0.02","0.58","0.4","0.132764863380973","1,2,3,2,3,3,3,3,2,3,3,3,3,1,1,3,2","0.000551223754882812","louvain","graph_2024M01.graphml"
"0.01","0.59","0.4","0.132245658313803","1,2,3,2,4,3,4,4,2,4,4,4,3,1,1,4,3","0.00055384635925293","louvain","graph_2024M01.graphml"
"0","0.6","0.4","0.132076711203056","1,2,3,1,4,3,4,4,2,4,4,4,3,1,1,4,3","0.0005340576171875","louvain","graph_2024M01.graphml"
"0.59","0","0.41","0.131115225991078","1,2,3,1,4,2,3,3,4,2,3,3,3,1,1,3,1","0.000566005706787109","louvain","graph_2024M01.graphml"
"0.58","0.01","0.41","0.128936387178145","1,2,3,1,4,3,3,3,4,2,3,3,3,1,1,3,1","0.000517845153808594","louvain","graph_2024M01.graphml"
"0.57","0.02","0.41","0.128458385326517","1,2,3,1,2,4,4,3,2,4,4,3,4,4,1,2,1","0.000544071197509766","louvain","graph_2024M01.graphml"
"0.56","0.03","0.41","0.132600754476594","1,2,3,1,4,2,3,3,4,2,3,3,3,1,1,3,1","0.000528097152709961","louvain","graph_2024M01.graphml"
"0.55","0.04","0.41","0.130821374106146","1,2,3,1,4,4,4,4,2,4,4,3,4,1,1,4,1","0.000529050827026367","louvain","graph_2024M01.graphml"
"0.54","0.05","0.41","0.131657341674051","1,2,3,1,3,4,3,3,2,4,3,3,3,1,1,3,1","0.00063014030456543","louvain","graph_2024M01.graphml"
"0.53","0.06","0.41","0.130643237889194","1,2,3,1,3,4,3,3,2,4,3,3,3,1,1,3,1","0.000643014907836914","louvain","graph_2024M01.graphml"
"0.52","0.07","0.41","0.131570125931107","1,2,3,1,4,4,4,4,2,4,4,3,4,1,1,4,1","0.000539064407348633","louvain","graph_2024M01.graphml"
"0.51","0.08","0.41","0.132287290759368","1,2,3,1,3,4,3,3,2,4,3,3,3,1,1,3,3","0.000616788864135742","louvain","graph_2024M01.graphml"
"0.5","0.09","0.41","0.131248405612245","1,2,3,1,3,4,3,3,2,4,3,3,3,1,1,3,1","0.000529050827026367","louvain","graph_2024M01.graphml"
"0.49","0.1","0.41","0.130130526633469","1,2,3,1,3,4,3,3,2,4,3,3,3,1,1,3,3","0.000774145126342773","louvain","graph_2024M01.graphml"
"0.48","0.11","0.41","0.129643626998124","1,2,3,1,3,4,3,3,2,4,3,3,3,1,1,3,3","0.000573873519897461","louvain","graph_2024M01.graphml"
"0.47","0.12","0.41","0.128933070999904","1,2,3,1,3,4,3,3,2,4,3,3,3,1,1,3,3","0.000531911849975586","louvain","graph_2024M01.graphml"
"0.46","0.13","0.41","0.129109126794148","1,2,3,1,3,4,3,3,2,4,3,3,3,1,1,3,1","0.000803947448730469","louvain","graph_2024M01.graphml"
"0.45","0.14","0.41","0.129616805170822","1,2,3,1,3,4,3,3,2,4,3,3,3,1,1,3,3","0.00055384635925293","louvain","graph_2024M01.graphml"
"0.44","0.15","0.41","0.13048205593775","1,2,3,1,3,4,3,3,2,4,3,3,3,1,1,3,3","0.000535011291503906","louvain","graph_2024M01.graphml"
"0.43","0.16","0.41","0.13048205593775","1,2,3,1,3,4,3,3,2,4,3,3,3,1,1,3,3","0.000598907470703125","louvain","graph_2024M01.graphml"
"0.42","0.17","0.41","0.131495162014836","1,2,3,1,3,4,3,3,2,4,3,3,3,1,1,3,1","0.00055694580078125","louvain","graph_2024M01.graphml"
"0.41","0.18","0.41","0.131364651750052","1,2,3,1,4,4,4,4,2,5,4,3,4,5,1,4,1","0.000641107559204102","louvain","graph_2024M01.graphml"
"0.4","0.19","0.41","0.131371768904321","1,2,3,1,3,4,3,3,2,4,3,3,3,1,1,3,1","0.000583171844482422","louvain","graph_2024M01.graphml"
"0.39","0.2","0.41","0.132467389131998","1,2,3,1,4,4,4,4,2,5,4,3,4,5,1,4,1","0.000555992126464844","louvain","graph_2024M01.graphml"
"0.38","0.21","0.41","0.13393057474522","1,2,3,1,4,4,4,4,2,5,4,3,4,5,1,4,1","0.000543117523193359","louvain","graph_2024M01.graphml"
"0.37","0.22","0.41","0.132860879151811","1,2,3,1,4,4,4,4,2,5,4,3,4,5,1,4,1","0.000540018081665039","louvain","graph_2024M01.graphml"
"0.36","0.23","0.41","0.13397797295251","1,2,3,1,4,4,4,4,2,3,4,3,4,3,1,4,1","0.000728130340576172","louvain","graph_2024M01.graphml"
"0.35","0.24","0.41","0.132747061409598","1,2,3,1,4,4,4,4,2,3,4,3,4,3,1,4,1","0.000554084777832031","louvain","graph_2024M01.graphml"
"0.34","0.25","0.41","0.132463875060893","1,2,3,1,4,4,4,4,2,3,4,3,4,3,1,4,1","0.000601053237915039","louvain","graph_2024M01.graphml"
"0.33","0.26","0.41","0.132083466490139","1,2,3,1,4,4,4,4,2,3,4,3,4,3,1,4,1","0.000978946685791016","louvain","graph_2024M01.graphml"
"0.32","0.27","0.41","0.134128248727535","1,2,3,1,4,4,4,4,2,3,4,3,4,3,1,4,1","0.000501871109008789","louvain","graph_2024M01.graphml"
"0.31","0.28","0.41","0.13497611883536","1,2,3,1,3,3,3,3,2,4,3,4,3,4,1,3,1","0.000514984130859375","louvain","graph_2024M01.graphml"
"0.3","0.29","0.41","0.132808868867382","1,2,3,1,3,3,3,3,2,4,3,4,3,4,1,3,2","0.000555038452148438","louvain","graph_2024M01.graphml"
"0.29","0.3","0.41","0.134492179495936","1,2,3,1,3,3,3,3,2,4,3,5,3,1,1,3,2","0.000613927841186523","louvain","graph_2024M01.graphml"
"0.28","0.31","0.41","0.135308085263972","1,2,3,1,3,3,3,3,2,3,3,4,3,1,1,3,2","0.000522851943969727","louvain","graph_2024M01.graphml"
"0.27","0.32","0.41","0.134636001183339","1,2,3,1,3,3,3,3,2,3,3,4,3,1,1,3,2","0.000519037246704102","louvain","graph_2024M01.graphml"
"0.26","0.33","0.41","0.134636001183339","1,2,3,1,3,3,3,3,2,3,3,4,3,1,1,3,2","0.00055384635925293","louvain","graph_2024M01.graphml"
"0.25","0.34","0.41","0.134128559989612","1,2,3,1,3,3,3,3,2,3,3,4,3,1,1,3,2","0.000594854354858398","louvain","graph_2024M01.graphml"
"0.24","0.35","0.41","0.133233865761637","1,2,3,4,3,3,3,3,2,4,3,4,3,1,1,3,2","0.000555992126464844","louvain","graph_2024M01.graphml"
"0.23","0.36","0.41","0.134095059592464","1,2,3,2,3,3,3,3,2,3,3,4,3,1,1,3,2","0.000560998916625977","louvain","graph_2024M01.graphml"
"0.22","0.37","0.41","0.132901940604144","1,2,3,2,3,4,3,3,2,4,3,3,3,1,1,3,2","0.000689029693603516","louvain","graph_2024M01.graphml"
"0.21","0.38","0.41","0.132466396454849","1,2,3,1,3,4,3,3,2,4,3,3,3,1,1,3,2","0.000584125518798828","louvain","graph_2024M01.graphml"
"0.2","0.39","0.41","0.133078523127354","1,2,3,2,3,3,3,3,2,3,3,4,3,1,1,3,2","0.000557184219360352","louvain","graph_2024M01.graphml"
"0.19","0.4","0.41","0.133774676447784","1,2,3,1,3,3,3,3,2,3,3,4,3,1,1,3,2","0.000812053680419922","louvain","graph_2024M01.graphml"
"0.18","0.41","0.41","0.13322364582604","1,2,3,1,3,3,3,3,2,3,3,3,3,1,1,3,2","0.000564813613891602","louvain","graph_2024M01.graphml"
"0.17","0.42","0.41","0.132748390354753","1,2,3,1,3,3,3,3,2,3,3,3,3,1,1,3,2","0.000595808029174805","louvain","graph_2024M01.graphml"
"0.16","0.43","0.41","0.1333248","1,2,3,2,3,3,3,3,2,3,3,4,3,1,1,3,2","0.000568866729736328","louvain","graph_2024M01.graphml"
"0.15","0.44","0.41","0.132054059109142","1,2,3,1,3,3,3,3,2,3,3,3,3,1,1,3,2","0.00061798095703125","louvain","graph_2024M01.graphml"
"0.14","0.45","0.41","0.131583706088743","1,2,3,1,3,3,3,3,2,3,3,3,3,1,1,3,2","0.000622987747192383","louvain","graph_2024M01.graphml"
"0.13","0.46","0.41","0.132812480502335","1,2,3,1,3,3,3,3,2,4,4,3,3,1,1,4,2","0.000645875930786133","louvain","graph_2024M01.graphml"
"0.12","0.47","0.41","0.131829728481442","1,2,3,1,3,3,3,3,2,3,3,3,3,1,1,3,2","0.000890970230102539","louvain","graph_2024M01.graphml"
"0.11","0.48","0.41","0.130054931640625","1,2,3,2,3,3,3,3,2,3,3,3,3,1,1,3,2","0.000570058822631836","louvain","graph_2024M01.graphml"
"0.1","0.49","0.41","0.130481818336696","1,2,3,2,3,3,3,3,2,3,3,3,3,1,1,3,2","0.00064396858215332","louvain","graph_2024M01.graphml"
"0.09","0.5","0.41","0.130481818336696","1,2,3,2,3,3,3,3,2,3,3,3,3,1,1,3,2","0.000972986221313477","louvain","graph_2024M01.graphml"
"0.08","0.51","0.41","0.133191958257783","1,2,3,1,3,3,3,3,2,3,3,3,3,1,1,3,2","0.000563144683837891","louvain","graph_2024M01.graphml"
"0.07","0.52","0.41","0.133096981663775","1,2,3,1,3,3,3,3,2,4,4,3,3,1,4,4,2","0.000609874725341797","louvain","graph_2024M01.graphml"
"0.06","0.53","0.41","0.132263042600613","1,2,3,1,3,3,3,3,2,4,4,3,3,1,4,4,2","0.000560998916625977","louvain","graph_2024M01.graphml"
"0.05","0.54","0.41","0.131431231900625","1,2,3,1,3,3,3,3,2,4,4,3,3,1,4,4,2","0.000823020935058594","louvain","graph_2024M01.graphml"
"0.04","0.55","0.41","0.132850887573964","1,2,3,1,3,3,3,3,2,4,4,3,3,1,4,4,2","0.000576019287109375","louvain","graph_2024M01.graphml"
"0.03","0.56","0.41","0.132850887573964","1,2,3,1,3,3,3,3,2,4,4,3,3,1,4,4,2","0.000529050827026367","louvain","graph_2024M01.graphml"
"0.02","0.57","0.41","0.131848438300051","1,2,3,1,4,4,4,4,2,4,4,3,4,1,1,4,2","0.00108194351196289","louvain","graph_2024M01.graphml"
"0.01","0.58","0.41","0.131848438300051","1,2,3,1,4,4,4,4,2,4,4,3,4,1,1,4,2","0.000530004501342773","louvain","graph_2024M01.graphml"
"0","0.59","0.41","0.13006285199317","1,2,3,1,3,3,3,3,2,3,3,3,3,1,1,3,2","0.000608921051025391","louvain","graph_2024M01.graphml"
"0.58","0","0.42","0.132040590549143","1,2,3,1,3,4,3,3,2,4,3,3,3,1,1,3,3","0.000545978546142578","louvain","graph_2024M01.graphml"
"0.57","0.01","0.42","0.129902298059722","1,2,3,1,3,4,3,3,2,4,3,3,3,1,1,3,3","0.00055694580078125","louvain","graph_2024M01.graphml"
"0.56","0.02","0.42","0.127182716836735","1,2,3,1,4,4,4,4,2,4,4,3,4,1,1,4,1","0.000654935836791992","louvain","graph_2024M01.graphml"
"0.55","0.03","0.42","0.127369410290547","1,2,3,1,3,4,3,3,2,4,3,3,3,1,1,3,3","0.000524997711181641","louvain","graph_2024M01.graphml"
"0.54","0.04","0.42","0.129909576999524","1,2,3,1,3,4,3,3,2,4,3,3,3,1,1,3,1","0.000525951385498047","louvain","graph_2024M01.graphml"
"0.53","0.05","0.42","0.129616805170822","1,2,3,1,3,4,3,3,2,4,3,3,3,1,1,3,3","0.000547170639038086","louvain","graph_2024M01.graphml"
"0.52","0.06","0.42","0.128044013542628","1,2,3,1,3,3,3,3,2,4,3,3,3,4,1,3,3","0.000564098358154297","louvain","graph_2024M01.graphml"
"0.51","0.07","0.42","0.13048205593775","1,2,3,1,3,4,3,3,2,4,3,3,3,1,1,3,1","0.000562906265258789","louvain","graph_2024M01.graphml"
"0.5","0.08","0.42","0.131160142305247","1,2,3,1,3,4,3,3,2,4,3,3,3,1,1,3,3","0.000715970993041992","louvain","graph_2024M01.graphml"
"0.49","0.09","0.42","0.13269100025495","1,2,3,1,3,4,3,3,2,4,3,3,3,1,1,3,1","0.000542879104614258","louvain","graph_2024M01.graphml"
"0.48","0.1","0.42","0.13269100025495","1,2,3,1,3,4,3,3,2,4,3,3,3,1,1,3,1","0.000524044036865234","louvain","graph_2024M01.graphml"
"0.47","0.11","0.42","0.131712665406427","1,2,3,1,3,4,3,3,2,4,3,3,3,1,1,3,1","0.000546932220458984","louvain","graph_2024M01.graphml"
"0.46","0.12","0.42","0.131894488013961","1,2,3,1,3,4,3,3,2,4,3,3,3,1,1,3,1","0.000550031661987305","louvain","graph_2024M01.graphml"
"0.45","0.13","0.42","0.129802670871961","1,2,3,1,3,4,3,3,2,4,3,3,3,1,1,3,1","0.000541925430297852","louvain","graph_2024M01.graphml"
"0.44","0.14","0.42","0.131233580409082","1,2,3,1,3,3,3,3,2,4,3,5,3,4,1,3,1","0.000560998916625977","louvain","graph_2024M01.graphml"
"0.43","0.15","0.42","0.132418548847395","1,2,3,1,3,4,3,3,2,4,3,3,3,1,1,3,1","0.000596046447753906","louvain","graph_2024M01.graphml"
"0.42","0.16","0.42","0.132452045444028","1,2,3,1,3,3,3,3,2,4,3,5,3,4,1,3,1","0.000581026077270508","louvain","graph_2024M01.graphml"
"0.41","0.17","0.42","0.132765419558072","1,2,3,1,3,3,3,3,2,4,3,4,3,4,1,3,1","0.000705957412719727","louvain","graph_2024M01.graphml"
"0.4","0.18","0.42","0.132238396810456","1,2,3,1,3,3,3,3,2,4,3,4,3,4,1,3,1","0.000535011291503906","louvain","graph_2024M01.graphml"
"0.39","0.19","0.42","0.131335804736478","1,2,3,1,3,3,3,3,2,4,3,4,3,4,1,3,1","0.000524044036865234","louvain","graph_2024M01.graphml"
"0.38","0.2","0.42","0.131268017206432","1,2,3,1,3,3,3,3,2,4,3,4,3,4,1,3,1","0.000877857208251953","louvain","graph_2024M01.graphml"
"0.37","0.21","0.42","0.133358407624076","1,2,3,1,3,3,3,3,2,4,3,4,3,4,1,3,1","0.000516891479492188","louvain","graph_2024M01.graphml"
"0.36","0.22","0.42","0.132667129935964","1,2,3,1,3,3,3,3,2,4,3,4,3,4,1,3,2","0.000524997711181641","louvain","graph_2024M01.graphml"
"0.35","0.23","0.42","0.13364355667764","1,2,3,1,3,3,3,3,2,4,3,5,3,1,1,3,2","0.000617027282714844","louvain","graph_2024M01.graphml"
"0.34","0.24","0.42","0.135308085263972","1,2,3,1,3,3,3,3,2,3,3,4,3,1,1,3,2","0.000564098358154297","louvain","graph_2024M01.graphml"
"0.33","0.25","0.42","0.135172751471607","1,2,3,1,3,3,3,3,2,3,3,4,3,1,1,3,2","0.000509023666381836","louvain","graph_2024M01.graphml"
"0.32","0.26","0.42","0.133830959419511","1,2,3,1,3,3,3,3,2,4,3,5,3,1,1,3,2","0.000650882720947266","louvain","graph_2024M01.graphml"
"0.31","0.27","0.42","0.133233865761637","1,2,3,1,3,3,3,3,2,4,3,5,3,1,1,3,2","0.000601053237915039","louvain","graph_2024M01.graphml"
"0.3","0.28","0.42","0.134095059592464","1,2,3,2,3,3,3,3,2,3,3,4,3,1,1,3,2","0.000514984130859375","louvain","graph_2024M01.graphml"
"0.29","0.29","0.42","0.133178894480386","1,2,3,2,3,3,3,3,2,3,3,4,3,1,1,3,2","0.000656843185424805","louvain","graph_2024M01.graphml"
"0.28","0.3","0.42","0.13226532907511","1,2,3,2,3,3,3,3,2,3,3,4,3,1,1,3,2","0.000528812408447266","louvain","graph_2024M01.graphml"
"0.27","0.31","0.42","0.131227443981757","1,2,3,2,3,4,3,3,2,4,3,3,3,1,1,3,2","0.000559091567993164","louvain","graph_2024M01.graphml"
"0.26","0.32","0.42","0.131807516944574","1,2,3,4,3,3,3,4,2,3,3,4,3,1,1,2,2","0.000677824020385742","louvain","graph_2024M01.graphml"
"0.25","0.33","0.42","0.132390738813736","1,2,3,2,3,3,3,3,2,3,3,4,3,1,1,3,2","0.000522851943969727","louvain","graph_2024M01.graphml"
"0.24","0.34","0.42","0.131425376614476","1,2,3,2,3,3,3,3,2,4,3,5,3,1,1,3,2","0.000593185424804688","louvain","graph_2024M01.graphml"
"0.23","0.35","0.42","0.13241472","1,2,3,1,4,3,3,3,2,4,3,3,3,1,1,4,2","0.000579833984375","louvain","graph_2024M01.graphml"
"0.22","0.36","0.42","0.131719339526958","1,2,3,1,4,3,3,3,2,4,3,3,3,1,1,4,2","0.000555038452148438","louvain","graph_2024M01.graphml"
"0.21","0.37","0.42","0.132054059109142","1,2,3,1,3,3,3,3,2,3,3,3,3,1,1,3,2","0.00061798095703125","louvain","graph_2024M01.graphml"
"0.2","0.38","0.42","0.131515894324155","1,2,3,1,4,4,4,4,2,4,4,3,4,1,1,4,2","0.000542879104614258","louvain","graph_2024M01.graphml"
"0.19","0.39","0.42","0.128931665206682","1,2,3,2,3,3,3,3,2,3,3,3,3,1,1,3,2","0.000624179840087891","louvain","graph_2024M01.graphml"
"0.18","0.4","0.42","0.12922313066892","1,2,3,2,3,3,3,3,2,4,4,3,3,1,1,4,2","0.000613927841186523","louvain","graph_2024M01.graphml"
"0.17","0.41","0.42","0.130054931640625","1,2,3,2,3,3,3,3,2,3,3,3,3,1,1,3,2","0.000597953796386719","louvain","graph_2024M01.graphml"
"0.16","0.42","0.42","0.12907265120558","1,2,3,2,3,3,3,3,2,3,3,3,3,1,1,3,3","0.000601053237915039","louvain","graph_2024M01.graphml"
"0.15","0.43","0.42","0.130481818336696","1,2,3,2,3,3,3,3,2,3,3,3,3,1,1,3,2","0.000551939010620117","louvain","graph_2024M01.graphml"
"0.14","0.44","0.42","0.132242428933194","1,2,3,1,3,3,3,3,2,3,3,3,3,1,1,3,2","0.000559091567993164","louvain","graph_2024M01.graphml"
"0.13","0.45","0.42","0.132749233820083","1,2,3,1,3,3,3,3,2,3,3,3,3,1,1,3,2","0.000532865524291992","louvain","graph_2024M01.graphml"
"0.12","0.46","0.42","0.13158254176691","1,2,3,1,3,3,3,3,2,4,4,3,3,1,4,4,2","0.00154018402099609","louvain","graph_2024M01.graphml"
"0.11","0.47","0.42","0.132263042600613","1,2,3,1,3,3,3,3,2,4,4,3,3,1,4,4,2","0.000663995742797852","louvain","graph_2024M01.graphml"
"0.1","0.48","0.42","0.132271765736549","1,2,3,1,3,3,3,3,2,3,3,3,3,1,1,3,2","0.000568866729736328","louvain","graph_2024M01.graphml"
"0.09","0.49","0.42","0.129927810650888","1,2,3,1,3,3,3,3,2,3,3,3,3,1,1,3,3","0.000581979751586914","louvain","graph_2024M01.graphml"
"0.08","0.5","0.42","0.130526091147232","1,2,3,1,3,3,3,3,2,3,3,3,3,1,1,3,2","0.00056004524230957","louvain","graph_2024M01.graphml"
"0.07","0.51","0.42","0.128750072839578","1,2,3,3,3,3,3,3,2,4,4,3,3,1,1,4,2","0.000592947006225586","louvain","graph_2024M01.graphml"
"0.06","0.52","0.42","0.130540091602205","1,2,3,1,3,3,3,3,2,3,3,3,3,1,1,3,2","0.000535964965820312","louvain","graph_2024M01.graphml"
"0.05","0.53","0.42","0.130782235936475","1,2,3,3,3,3,3,3,2,4,4,3,3,1,1,4,2","0.000721931457519531","louvain","graph_2024M01.graphml"
"0.04","0.54","0.42","0.129379017447199","1,2,3,3,3,3,3,3,2,4,4,3,3,1,1,4,2","0.000975847244262695","louvain","graph_2024M01.graphml"
"0.03","0.55","0.42","0.129803260284225","1,2,3,3,3,3,3,3,2,4,4,3,3,1,1,4,2","0.000730037689208984","louvain","graph_2024M01.graphml"
"0.02","0.56","0.42","0.129994375090724","1,2,3,3,3,3,3,3,2,4,4,3,3,1,1,4,2","0.000579118728637695","louvain","graph_2024M01.graphml"
"0.01","0.57","0.42","0.130106846062525","1,2,3,2,3,3,3,3,2,4,4,3,3,3,1,4,2","0.00059199333190918","louvain","graph_2024M01.graphml"
"0","0.58","0.42","0.132398084205836","1,2,3,2,3,3,3,3,2,4,4,3,3,1,1,4,2","0.000615119934082031","louvain","graph_2024M01.graphml"
"0.57","0","0.43","0.131832704391022","1,2,3,1,3,4,3,3,2,4,3,3,3,1,1,3,1","0.000542879104614258","louvain","graph_2024M01.graphml"
"0.56","0.01","0.43","0.13269100025495","1,2,3,1,3,4,3,3,2,4,3,3,3,1,1,3,1","0.000541925430297852","louvain","graph_2024M01.graphml"
"0.55","0.02","0.43","0.131712665406427","1,2,3,1,3,4,3,3,2,4,3,3,3,1,1,3,1","0.000639915466308594","louvain","graph_2024M01.graphml"
"0.54","0.03","0.43","0.131041726948302","1,2,3,1,3,4,3,3,2,4,3,3,3,1,1,3,1","0.000547885894775391","louvain","graph_2024M01.graphml"
"0.53","0.04","0.43","0.130736581219095","1,2,3,1,3,4,3,3,2,4,3,3,3,1,1,3,1","0.000567913055419922","louvain","graph_2024M01.graphml"
"0.52","0.05","0.43","0.130619797859691","1,2,3,1,3,4,3,3,2,4,3,3,3,1,1,3,1","0.00053095817565918","louvain","graph_2024M01.graphml"
"0.51","0.06","0.43","0.129085922461945","1,2,3,1,3,4,3,3,2,4,3,3,3,1,1,3,1","0.000824928283691406","louvain","graph_2024M01.graphml"
"0.5","0.07","0.43","0.128577270814884","1,2,3,1,3,4,3,3,2,4,3,3,3,1,1,3,1","0.000541210174560547","louvain","graph_2024M01.graphml"
"0.49","0.08","0.43","0.130378821077926","1,2,3,1,3,3,3,3,2,4,3,5,3,4,1,3,1","0.000566005706787109","louvain","graph_2024M01.graphml"
"0.48","0.09","0.43","0.131733697213444","1,2,3,1,3,3,3,3,2,4,3,5,3,4,1,3,1","0.000623941421508789","louvain","graph_2024M01.graphml"
"0.47","0.1","0.43","0.13150708774653","1,2,3,1,3,3,3,3,2,4,3,4,3,4,1,3,1","0.000706911087036133","louvain","graph_2024M01.graphml"
"0.46","0.11","0.43","0.129804151298596","1,2,3,1,3,3,3,3,4,2,3,5,3,4,1,3,1","0.000564098358154297","louvain","graph_2024M01.graphml"
"0.45","0.12","0.43","0.130435703693242","1,2,3,1,3,3,3,3,2,4,3,4,3,4,1,3,1","0.000526905059814453","louvain","graph_2024M01.graphml"
"0.44","0.13","0.43","0.131268017206432","1,2,3,1,3,3,3,3,2,4,3,4,3,4,1,3,1","0.000545978546142578","louvain","graph_2024M01.graphml"
"0.43","0.14","0.43","0.132004955201843","1,2,3,1,3,3,3,3,2,4,3,4,3,4,1,3,1","0.000694036483764648","louvain","graph_2024M01.graphml"
"0.42","0.15","0.43","0.132208936298626","1,2,3,1,3,3,3,3,2,4,3,5,3,1,1,3,2","0.000576972961425781","louvain","graph_2024M01.graphml"
"0.41","0.16","0.43","0.132984183397534","1,2,3,1,3,3,3,3,2,4,3,5,3,1,1,3,2","0.000549077987670898","louvain","graph_2024M01.graphml"
"0.4","0.17","0.43","0.133704061230608","1,2,3,1,3,3,3,3,2,4,3,5,3,1,1,3,2","0.000528097152709961","louvain","graph_2024M01.graphml"
"0.39","0.18","0.43","0.131228473954333","1,2,3,1,3,3,3,3,2,3,3,4,3,1,1,3,2","0.000524997711181641","louvain","graph_2024M01.graphml"
"0.38","0.19","0.43","0.133188273327563","1,2,3,1,3,3,3,3,2,3,3,4,3,1,1,3,2","0.000677108764648438","louvain","graph_2024M01.graphml"
"0.37","0.2","0.43","0.133562001601839","1,2,3,2,3,3,3,3,2,3,3,4,3,1,1,3,2","0.000651121139526367","louvain","graph_2024M01.graphml"
"0.36","0.21","0.43","0.132362285872955","1,2,3,4,3,3,3,3,2,4,3,4,3,1,1,3,2","0.000535964965820312","louvain","graph_2024M01.graphml"
"0.35","0.22","0.43","0.13226532907511","1,2,3,2,3,3,3,3,2,3,3,4,3,1,1,3,2","0.000537872314453125","louvain","graph_2024M01.graphml"
"0.34","0.23","0.43","0.13226532907511","1,2,3,2,3,3,3,3,2,3,3,4,3,1,1,3,2","0.000658988952636719","louvain","graph_2024M01.graphml"
"0.33","0.24","0.43","0.132472539635689","1,2,3,2,3,3,3,3,2,3,3,4,3,1,1,3,2","0.000563144683837891","louvain","graph_2024M01.graphml"
"0.32","0.25","0.43","0.132859936329904","1,2,3,2,3,3,3,3,2,4,3,5,3,1,1,3,2","0.000611066818237305","louvain","graph_2024M01.graphml"
"0.31","0.26","0.43","0.130505983350676","1,2,3,2,3,3,3,3,2,3,3,4,3,1,1,3,2","0.000655889511108398","louvain","graph_2024M01.graphml"
"0.3","0.27","0.43","0.130063971413828","1,2,3,2,3,3,3,3,2,3,3,4,3,1,1,3,2","0.000535011291503906","louvain","graph_2024M01.graphml"
"0.29","0.28","0.43","0.12997888","1,2,3,2,4,4,4,4,2,4,4,3,4,1,1,4,2","0.000550985336303711","louvain","graph_2024M01.graphml"
"0.28","0.29","0.43","0.130731723396487","1,2,3,1,3,3,3,3,2,3,3,3,3,1,1,3,2","0.000735998153686523","louvain","graph_2024M01.graphml"
"0.27","0.3","0.43","0.131003538769493","1,2,3,1,4,3,3,3,2,4,3,3,3,1,1,4,2","0.000691890716552734","louvain","graph_2024M01.graphml"
"0.26","0.31","0.43","0.131165127784009","1,2,3,1,3,3,3,3,2,3,3,3,3,1,1,3,2","0.000608921051025391","louvain","graph_2024M01.graphml"
"0.25","0.32","0.43","0.128754291234668","1,2,3,2,3,3,3,3,2,3,3,3,3,1,1,3,2","0.000564813613891602","louvain","graph_2024M01.graphml"
"0.24","0.33","0.43","0.128754291234668","1,2,3,2,3,3,3,3,2,3,3,3,3,1,1,3,2","0.000669002532958984","louvain","graph_2024M01.graphml"
"0.23","0.34","0.43","0.128754291234668","1,2,3,2,3,3,3,3,2,3,3,3,3,1,1,3,2","0.000600814819335938","louvain","graph_2024M01.graphml"
"0.22","0.35","0.43","0.130054931640625","1,2,3,2,3,3,3,3,2,3,3,3,3,1,1,3,2","0.000753164291381836","louvain","graph_2024M01.graphml"
"0.21","0.36","0.43","0.130910946694756","1,2,3,1,3,3,3,3,2,3,3,3,3,1,1,3,2","0.000536918640136719","louvain","graph_2024M01.graphml"
"0.2","0.37","0.43","0.130910946694756","1,2,3,1,3,3,3,3,2,3,3,3,3,1,1,3,2","0.00053095817565918","louvain","graph_2024M01.graphml"
"0.19","0.38","0.43","0.131346205779098","1,2,3,1,3,3,3,3,2,3,3,3,3,1,1,3,2","0.000658988952636719","louvain","graph_2024M01.graphml"
"0.18","0.39","0.43","0.13158254176691","1,2,3,1,3,3,3,3,2,4,4,3,3,1,4,4,2","0.00052189826965332","louvain","graph_2024M01.graphml"
"0.17","0.4","0.43","0.131345562130177","1,2,3,1,3,3,3,3,2,4,4,3,3,1,4,4,2","0.000676870346069336","louvain","graph_2024M01.graphml"
"0.16","0.41","0.43","0.130298703376115","1,2,3,1,3,3,3,3,2,4,4,3,3,1,4,4,2","0.000550985336303711","louvain","graph_2024M01.graphml"
"0.15","0.42","0.43","0.1310250259518","1,2,3,1,4,4,4,4,2,4,4,3,4,1,1,4,2","0.000533819198608398","louvain","graph_2024M01.graphml"
"0.14","0.43","0.43","0.128611131766805","1,2,3,3,3,3,3,3,2,3,3,3,3,1,1,3,2","0.000578880310058594","louvain","graph_2024M01.graphml"
"0.13","0.44","0.43","0.130540091602205","1,2,3,1,3,3,3,3,2,3,3,3,3,1,1,3,2","0.000649929046630859","louvain","graph_2024M01.graphml"
"0.12","0.45","0.43","0.130158994924117","1,2,3,3,3,3,3,3,2,4,4,3,3,1,1,4,2","0.000550985336303711","louvain","graph_2024M01.graphml"
"0.11","0.46","0.43","0.130953230742307","1,2,3,3,3,3,3,3,2,4,4,3,3,1,1,4,2","0.000552892684936523","louvain","graph_2024M01.graphml"
"0.1","0.47","0.43","0.128934063595021","1,2,3,1,4,4,4,4,2,4,4,3,4,1,1,4,2","0.000578880310058594","louvain","graph_2024M01.graphml"
"0.09","0.48","0.43","0.130356138409058","1,2,3,1,3,3,3,3,2,4,4,3,3,3,1,4,2","0.000748157501220703","louvain","graph_2024M01.graphml"
"0.08","0.49","0.43","0.130774919063207","1,2,3,1,3,3,3,3,2,4,4,3,3,3,1,4,2","0.000550985336303711","louvain","graph_2024M01.graphml"
"0.07","0.5","0.43","0.130774919063207","1,2,3,1,3,3,3,3,2,4,4,3,3,3,1,4,2","0.000590085983276367","louvain","graph_2024M01.graphml"
"0.06","0.51","0.43","0.131786505079755","1,2,3,2,3,3,3,3,2,4,4,3,3,3,1,4,2","0.000550985336303711","louvain","graph_2024M01.graphml"
"0.05","0.52","0.43","0.1318016351243","1,2,3,2,3,3,3,3,2,4,4,3,3,3,1,4,2","0.000628948211669922","louvain","graph_2024M01.graphml"
"0.04","0.53","0.43","0.131899260148942","1,2,3,2,3,3,3,3,2,4,4,3,3,3,1,4,2","0.000593900680541992","louvain","graph_2024M01.graphml"
"0.03","0.54","0.43","0.131286926890261","1,2,3,2,3,4,3,3,2,4,3,3,3,1,4,3,2","0.000588893890380859","louvain","graph_2024M01.graphml"
"0.02","0.55","0.43","0.130408606221768","1,2,3,3,3,3,3,3,2,4,4,3,3,1,4,3,2","0.000844955444335938","louvain","graph_2024M01.graphml"
"0.01","0.56","0.43","0.132288159815329","1,2,3,2,3,3,3,3,2,3,3,3,3,1,1,3,2","0.00058293342590332","louvain","graph_2024M01.graphml"
"0","0.57","0.43","0.133985726643599","1,2,3,2,3,3,4,3,2,4,4,3,3,1,1,4,2","0.000582218170166016","louvain","graph_2024M01.graphml"
"0.56","0","0.44","0.127921807562394","1,2,3,1,3,4,3,3,2,4,3,3,3,1,1,3,1","0.000516891479492188","louvain","graph_2024M01.graphml"
"0.55","0.01","0.44","0.128767623639419","1,2,3,1,3,4,3,3,2,4,3,3,3,1,1,3,1","0.000509023666381836","louvain","graph_2024M01.graphml"
"0.54","0.02","0.44","0.131261872299457","1,2,3,1,3,4,3,3,2,4,3,3,3,4,1,3,1","0.000524044036865234","louvain","graph_2024M01.graphml"
"0.53","0.03","0.44","0.129867832359386","1,2,3,1,3,3,3,3,2,4,3,4,3,4,1,3,1","0.000549077987670898","louvain","graph_2024M01.graphml"
"0.52","0.04","0.44","0.128968090340083","1,2,3,1,3,3,3,3,2,4,3,4,3,4,1,3,1","0.000508785247802734","louvain","graph_2024M01.graphml"
"0.51","0.05","0.44","0.130537391427159","1,2,3,1,3,3,3,3,2,4,3,4,3,4,1,3,1","0.000592947006225586","louvain","graph_2024M01.graphml"
"0.5","0.06","0.44","0.129911096347011","1,2,3,1,3,3,3,3,2,4,3,4,3,4,1,3,1","0.000523805618286133","louvain","graph_2024M01.graphml"
"0.49","0.07","0.44","0.130699041397747","1,2,3,1,3,3,3,3,2,4,3,5,3,1,1,3,1","0.000540018081665039","louvain","graph_2024M01.graphml"
"0.48","0.08","0.44","0.132208936298626","1,2,3,1,3,3,3,3,2,4,3,5,3,1,1,3,2","0.000514984130859375","louvain","graph_2024M01.graphml"
"0.47","0.09","0.44","0.130763179246524","1,2,3,1,3,4,3,3,2,4,3,3,3,1,1,3,2","0.000647068023681641","louvain","graph_2024M01.graphml"
"0.46","0.1","0.44","0.13078784921714","1,2,3,1,3,3,3,3,2,3,3,4,3,1,1,3,2","0.000539064407348633","louvain","graph_2024M01.graphml"
"0.45","0.11","0.44","0.130840789563554","1,2,3,1,3,3,3,3,2,4,3,5,3,1,1,3,2","0.000529050827026367","louvain","graph_2024M01.graphml"
"0.44","0.12","0.44","0.130657160149709","1,2,3,1,3,3,3,3,2,4,3,5,3,1,1,3,2","0.000515937805175781","louvain","graph_2024M01.graphml"
"0.43","0.13","0.44","0.13210748926527","1,2,3,2,3,3,3,3,2,3,3,4,3,1,1,3,2","0.000525951385498047","louvain","graph_2024M01.graphml"
"0.42","0.14","0.44","0.131192863855782","1,2,3,2,3,3,3,3,2,3,3,4,3,1,1,3,2","0.000550985336303711","louvain","graph_2024M01.graphml"
"0.41","0.15","0.44","0.131731196559589","1,2,3,2,3,3,3,3,2,3,3,4,3,1,1,3,2","0.000590801239013672","louvain","graph_2024M01.graphml"
"0.4","0.16","0.44","0.130765177542586","1,2,3,2,3,4,3,3,2,4,3,3,3,1,1,3,2","0.000518798828125","louvain","graph_2024M01.graphml"
"0.39","0.17","0.44","0.131938660850023","1,2,3,2,3,3,3,3,2,3,3,4,3,1,1,3,2","0.0005340576171875","louvain","graph_2024M01.graphml"
"0.38","0.18","0.44","0.130869292256934","1,2,3,2,3,3,3,3,2,4,3,5,3,1,1,3,2","0.000622987747192383","louvain","graph_2024M01.graphml"
"0.37","0.19","0.44","0.129824111025539","1,2,3,2,3,3,3,3,2,3,3,4,3,1,1,3,2","0.000706911087036133","louvain","graph_2024M01.graphml"
"0.36","0.2","0.44","0.128495938206112","1,2,3,2,4,4,4,4,2,4,4,3,4,1,1,4,2","0.0005340576171875","louvain","graph_2024M01.graphml"
"0.35","0.21","0.44","0.129655809490757","1,2,3,2,3,4,3,3,2,4,3,3,3,1,1,3,2","0.000560998916625977","louvain","graph_2024M01.graphml"
"0.34","0.22","0.44","0.128449683557142","1,2,3,2,3,3,3,3,2,3,3,3,3,1,1,3,2","0.000578165054321289","louvain","graph_2024M01.graphml"
"0.33","0.23","0.44","0.129826029152691","1,2,3,2,3,3,3,3,2,3,3,3,3,1,1,3,2","0.000540971755981445","louvain","graph_2024M01.graphml"
"0.32","0.24","0.44","0.128488773834321","1,2,3,2,3,3,3,3,2,3,3,3,3,1,1,3,2","0.000584125518798828","louvain","graph_2024M01.graphml"
"0.31","0.25","0.44","0.127678095356191","1,2,3,3,3,3,3,3,2,4,4,3,3,1,1,4,2","0.000547170639038086","louvain","graph_2024M01.graphml"
"0.3","0.26","0.44","0.129202822295444","1,2,3,2,4,3,4,3,2,4,4,3,3,1,1,4,2","0.000594139099121094","louvain","graph_2024M01.graphml"
"0.29","0.27","0.44","0.12919119308969","1,2,3,2,3,3,3,3,2,3,3,3,3,1,1,3,2","0.000625133514404297","louvain","graph_2024M01.graphml"
"0.28","0.28","0.44","0.1291455078125","1,2,3,1,3,3,3,3,2,3,3,3,3,1,1,3,2","0.000540018081665039","louvain","graph_2024M01.graphml"
"0.27","0.29","0.44","0.131346205779098","1,2,3,1,3,3,3,3,2,3,3,3,3,1,1,3,2","0.000555038452148438","louvain","graph_2024M01.graphml"
"0.26","0.3","0.44","0.130452496845142","1,2,3,1,3,3,3,3,2,3,3,3,3,1,1,3,2","0.000545024871826172","louvain","graph_2024M01.graphml"
"0.25","0.31","0.44","0.129561291683041","1,2,3,1,3,3,3,3,2,3,3,3,3,1,1,3,2","0.000543832778930664","louvain","graph_2024M01.graphml"
"0.24","0.32","0.44","0.129592716430422","1,2,3,1,3,3,3,3,2,3,3,3,3,1,1,3,2","0.000571966171264648","louvain","graph_2024M01.graphml"
"0.23","0.33","0.44","0.130977746631084","1,2,3,1,3,3,3,3,2,3,3,3,3,1,1,3,2","0.000538825988769531","louvain","graph_2024M01.graphml"
"0.22","0.34","0.44","0.13012372695901","1,2,3,1,3,3,3,3,2,3,3,3,3,1,1,3,2","0.000577926635742188","louvain","graph_2024M01.graphml"
"0.21","0.35","0.44","0.130657887069518","1,2,3,1,3,3,3,3,2,4,4,3,3,1,4,4,2","0.000545978546142578","louvain","graph_2024M01.graphml"
"0.2","0.36","0.44","0.130657887069518","1,2,3,1,3,3,3,3,2,4,4,3,3,1,4,4,2","0.000593185424804688","louvain","graph_2024M01.graphml"
"0.19","0.37","0.44","0.130914238188899","1,2,3,3,3,3,3,3,2,4,4,3,3,1,1,4,2","0.000593900680541992","louvain","graph_2024M01.graphml"
"0.18","0.38","0.44","0.130953230742307","1,2,3,3,3,3,3,3,2,4,4,3,3,1,1,4,2","0.00061798095703125","louvain","graph_2024M01.graphml"
"0.17","0.39","0.44","0.129553168650626","1,2,3,3,3,3,3,3,2,4,4,3,3,1,1,4,2","0.000569820404052734","louvain","graph_2024M01.graphml"
"0.16","0.4","0.44","0.128741066620422","1,2,3,3,3,3,3,3,2,4,4,3,3,1,1,4,2","0.000542879104614258","louvain","graph_2024M01.graphml"
"0.15","0.41","0.44","0.129515502685585","1,2,3,3,3,3,3,3,2,4,4,3,3,1,1,4,2","0.000584840774536133","louvain","graph_2024M01.graphml"
"0.14","0.42","0.44","0.129515502685585","1,2,3,3,3,3,3,3,2,4,4,3,3,1,1,4,2","0.000585079193115234","louvain","graph_2024M01.graphml"
"0.13","0.43","0.44","0.129361750240262","1,2,3,1,3,3,3,3,2,3,3,3,3,1,1,3,2","0.000562906265258789","louvain","graph_2024M01.graphml"
"0.12","0.44","0.44","0.129080870022943","1,2,3,2,3,3,3,3,2,4,3,3,3,1,4,3,2","0.00058293342590332","louvain","graph_2024M01.graphml"
"0.11","0.45","0.44","0.129881705286281","1,2,3,2,3,3,3,3,2,4,3,3,3,1,4,3,2","0.000568866729736328","louvain","graph_2024M01.graphml"
"0.1","0.46","0.44","0.131286759495465","1,2,3,2,3,3,3,3,2,4,4,3,3,3,1,4,2","0.00104498863220215","louvain","graph_2024M01.graphml"
"0.09","0.47","0.44","0.131286759495465","1,2,3,2,3,3,3,3,2,4,4,3,3,3,1,4,2","0.00058293342590332","louvain","graph_2024M01.graphml"
"0.08","0.48","0.44","0.131143842069579","1,2,3,2,3,3,3,3,2,4,4,3,3,3,4,3,2","0.000579118728637695","louvain","graph_2024M01.graphml"
"0.07","0.49","0.44","0.13119670781893","1,2,3,3,3,3,3,3,2,4,4,3,3,1,4,3,2","0.000702857971191406","louvain","graph_2024M01.graphml"
"0.06","0.5","0.44","0.131537607264651","1,2,3,2,3,3,3,3,2,4,4,3,3,1,4,3,2","0.000563859939575195","louvain","graph_2024M01.graphml"
"0.05","0.51","0.44","0.13192365916955","1,2,3,2,4,3,4,4,2,4,3,4,3,4,1,4,3","0.00059199333190918","louvain","graph_2024M01.graphml"
"0.04","0.52","0.44","0.13192365916955","1,2,3,2,4,3,4,4,2,4,3,4,3,4,1,4,3","0.000571966171264648","louvain","graph_2024M01.graphml"
"0.03","0.53","0.44","0.133067446392091","1,2,3,2,4,3,4,4,2,4,3,4,3,4,1,4,3","0.000545024871826172","louvain","graph_2024M01.graphml"
"0.02","0.54","0.44","0.133838239375891","1,2,3,2,4,3,4,4,2,4,3,4,3,4,1,4,3","0.000586986541748047","louvain","graph_2024M01.graphml"
"0.01","0.55","0.44","0.132769563596302","1,2,3,2,4,3,4,4,2,4,3,4,3,4,1,4,3","0.000562906265258789","louvain","graph_2024M01.graphml"
"0","0.56","0.44","0.132039576998897","1,2,3,2,4,4,4,4,2,4,3,4,3,4,1,4,3","0.000638961791992188","louvain","graph_2024M01.graphml"
"0.55","0","0.45","0.128537432467198","1,2,3,1,3,3,3,3,2,4,3,5,3,1,1,3,1","0.000570058822631836","louvain","graph_2024M01.graphml"
"0.54","0.01","0.45","0.127890277777778","1,2,3,1,3,3,3,3,2,4,3,5,3,1,1,3,2","0.00055694580078125","louvain","graph_2024M01.graphml"
"0.53","0.02","0.45","0.131467643962984","1,2,3,1,3,3,3,3,2,4,3,5,3,1,1,3,2","0.00055694580078125","louvain","graph_2024M01.graphml"
"0.52","0.03","0.45","0.129936879826597","1,2,3,1,3,3,3,3,2,4,3,5,3,1,1,3,2","0.000546932220458984","louvain","graph_2024M01.graphml"
"0.51","0.04","0.45","0.129936879826597","1,2,3,1,3,3,3,3,2,4,3,5,3,1,1,3,2","0.000564098358154297","louvain","graph_2024M01.graphml"
"0.5","0.05","0.45","0.129936879826597","1,2,3,1,3,3,3,3,2,4,3,5,3,1,1,3,2","0.000566959381103516","louvain","graph_2024M01.graphml"
"0.49","0.06","0.45","0.130170911963296","1,2,3,4,3,3,3,3,2,4,3,4,3,1,1,3,2","0.000543117523193359","louvain","graph_2024M01.graphml"
"0.48","0.07","0.45","0.131319963248786","1,2,3,2,3,3,3,3,2,4,3,5,3,1,1,3,2","0.000570058822631836","louvain","graph_2024M01.graphml"
"0.47","0.08","0.45","0.131192863855782","1,2,3,2,3,3,3,3,2,3,3,4,3,1,1,3,2","0.000584125518798828","louvain","graph_2024M01.graphml"
"0.46","0.09","0.45","0.131192863855782","1,2,3,2,3,3,3,3,2,3,3,4,3,1,1,3,2","0.000758171081542969","louvain","graph_2024M01.graphml"
"0.45","0.1","0.45","0.130163971580368","1,2,3,2,3,3,3,3,2,4,3,5,3,1,1,3,2","0.000586986541748047","louvain","graph_2024M01.graphml"
"0.44","0.11","0.45","0.128981529656608","1,2,3,2,3,3,3,3,2,4,3,5,3,1,1,3,2","0.000647068023681641","louvain","graph_2024M01.graphml"
"0.43","0.12","0.45","0.128060348838411","1,2,3,2,3,4,3,3,2,4,3,3,3,1,1,3,2","0.00053095817565918","louvain","graph_2024M01.graphml"
"0.42","0.13","0.45","0.127328","1,2,3,2,3,4,3,3,2,4,3,3,3,1,1,3,2","0.000571966171264648","louvain","graph_2024M01.graphml"
"0.41","0.14","0.45","0.128039226694158","1,2,3,2,4,4,4,4,2,4,4,3,4,1,1,4,2","0.000515937805175781","louvain","graph_2024M01.graphml"
"0.4","0.15","0.45","0.127999969475668","1,2,3,2,3,3,3,3,2,3,3,3,3,1,1,3,2","0.000502109527587891","louvain","graph_2024M01.graphml"
"0.39","0.16","0.45","0.127185987577889","1,2,3,2,3,4,3,3,2,4,3,3,3,1,1,3,2","0.000544071197509766","louvain","graph_2024M01.graphml"
"0.38","0.17","0.45","0.128262794932779","1,2,3,1,3,3,3,3,2,3,3,3,3,1,1,3,2","0.000602960586547852","louvain","graph_2024M01.graphml"
"0.37","0.18","0.45","0.129198338396677","1,2,3,2,3,3,3,3,2,3,3,3,3,1,1,3,2","0.000566959381103516","louvain","graph_2024M01.graphml"
"0.36","0.19","0.45","0.127552868750447","1,2,3,2,4,3,4,3,2,4,4,3,3,1,1,4,2","0.000541925430297852","louvain","graph_2024M01.graphml"
"0.35","0.2","0.45","0.12765569245765","1,2,3,3,4,3,4,3,2,4,4,3,3,1,1,4,2","0.000593900680541992","louvain","graph_2024M01.graphml"
"0.34","0.21","0.45","0.128519287109375","1,2,3,3,4,3,4,3,2,4,4,3,3,1,1,4,2","0.000571966171264648","louvain","graph_2024M01.graphml"
"0.33","0.22","0.45","0.128350608010404","1,2,3,1,4,3,4,3,2,4,4,3,3,3,1,4,2","0.00055694580078125","louvain","graph_2024M01.graphml"
"0.32","0.23","0.45","0.129592716430422","1,2,3,1,3,3,3,3,2,3,3,3,3,1,1,3,2","0.000550031661987305","louvain","graph_2024M01.graphml"
"0.31","0.24","0.45","0.130024620074501","1,2,3,1,3,3,3,3,2,3,3,3,3,1,1,3,2","0.000561952590942383","louvain","graph_2024M01.graphml"
"0.3","0.25","0.45","0.129623668639053","1,2,3,1,3,3,3,3,2,3,3,3,3,1,1,3,2","0.000567913055419922","louvain","graph_2024M01.graphml"
"0.29","0.26","0.45","0.128733211541032","1,2,3,1,3,3,3,3,2,3,3,3,3,1,1,3,2","0.000540018081665039","louvain","graph_2024M01.graphml"
"0.28","0.27","0.45","0.129977601960179","1,2,3,1,3,3,3,3,2,4,4,3,3,1,4,4,2","0.000579118728637695","louvain","graph_2024M01.graphml"
"0.27","0.28","0.45","0.129977601960179","1,2,3,1,3,3,3,3,2,4,4,3,3,1,4,4,2","0.000562906265258789","louvain","graph_2024M01.graphml"
"0.26","0.29","0.45","0.129977601960179","1,2,3,1,3,3,3,3,2,4,4,3,3,1,4,4,2","0.000529050827026367","louvain","graph_2024M01.graphml"
"0.25","0.3","0.45","0.131391517325996","1,2,3,1,3,3,3,3,2,4,4,3,3,1,4,4,2","0.000559091567993164","louvain","graph_2024M01.graphml"
"0.24","0.31","0.45","0.128929063360882","1,2,3,3,3,3,3,3,2,4,4,3,3,1,1,4,2","0.000658988952636719","louvain","graph_2024M01.graphml"
"0.23","0.32","0.45","0.12757111697538","1,2,3,1,3,3,3,3,2,3,3,3,3,1,1,3,2","0.00055694580078125","louvain","graph_2024M01.graphml"
"0.22","0.33","0.45","0.128741066620422","1,2,3,3,3,3,3,3,2,4,4,3,3,1,1,4,2","0.000539064407348633","louvain","graph_2024M01.graphml"
"0.21","0.34","0.45","0.129515502685585","1,2,3,3,3,3,3,3,2,4,4,3,3,1,1,4,2","0.00061798095703125","louvain","graph_2024M01.graphml"
"0.2","0.35","0.45","0.129631974673526","1,2,3,3,3,3,3,3,2,4,4,3,3,1,1,4,2","0.000599145889282227","louvain","graph_2024M01.graphml"
"0.19","0.36","0.45","0.129427851274698","1,2,3,3,3,3,3,3,2,4,4,3,3,1,1,4,2","0.00059199333190918","louvain","graph_2024M01.graphml"
"0.18","0.37","0.45","0.129042745011295","1,2,3,3,3,3,3,3,2,4,4,3,3,1,1,4,2","0.000529050827026367","louvain","graph_2024M01.graphml"
"0.17","0.38","0.45","0.130776567629805","1,2,3,2,3,3,3,3,2,4,4,3,3,3,1,4,2","0.000691890716552734","louvain","graph_2024M01.graphml"
"0.16","0.39","0.45","0.1304365584893","1,2,3,2,3,3,3,3,2,4,3,3,3,1,4,3,2","0.000567913055419922","louvain","graph_2024M01.graphml"
"0.15","0.4","0.45","0.130718990217401","1,2,3,2,4,4,4,4,2,4,4,3,4,1,1,4,2","0.00056910514831543","louvain","graph_2024M01.graphml"
"0.14","0.41","0.45","0.130725683624523","1,2,3,2,3,3,3,3,2,4,3,3,3,1,4,3,2","0.000572919845581055","louvain","graph_2024M01.graphml"
"0.13","0.42","0.45","0.131184683391199","1,2,3,2,3,3,3,3,2,4,3,3,3,1,4,3,2","0.000603914260864258","louvain","graph_2024M01.graphml"
"0.12","0.43","0.45","0.131184683391199","1,2,3,2,3,3,3,3,2,4,3,3,3,1,4,3,2","0.000551939010620117","louvain","graph_2024M01.graphml"
"0.11","0.44","0.45","0.130923442906574","1,2,3,2,3,3,3,3,2,4,3,3,3,1,4,3,2","0.00067901611328125","louvain","graph_2024M01.graphml"
"0.1","0.45","0.45","0.130657631083324","1,2,3,2,4,3,4,4,2,4,3,4,3,4,1,4,3","0.000560998916625977","louvain","graph_2024M01.graphml"
"0.09","0.46","0.45","0.131794104469773","1,2,3,2,3,3,3,3,2,4,3,3,3,1,4,3,2","0.000594139099121094","louvain","graph_2024M01.graphml"
"0.08","0.47","0.45","0.131976259891712","1,2,3,2,3,4,3,3,2,4,3,3,3,1,4,3,2","0.000576972961425781","louvain","graph_2024M01.graphml"
"0.07","0.48","0.45","0.131045683085118","1,2,3,2,3,1,3,3,2,3,3,3,3,1,1,3,2","0.000568866729736328","louvain","graph_2024M01.graphml"
"0.06","0.49","0.45","0.130586175880149","1,2,3,2,3,1,3,3,2,4,3,3,3,1,4,3,2","0.000583171844482422","louvain","graph_2024M01.graphml"
"0.05","0.5","0.45","0.131307668031459","1,2,3,2,4,3,3,4,2,5,3,4,3,1,5,4,2","0.000643014907836914","louvain","graph_2024M01.graphml"
"0.04","0.51","0.45","0.131812341442189","1,2,3,2,4,3,3,4,2,5,3,4,3,1,5,4,2","0.000617027282714844","louvain","graph_2024M01.graphml"
"0.03","0.52","0.45","0.130788775510204","1,2,3,2,4,3,3,4,2,5,3,4,3,1,5,4,2","0.000566959381103516","louvain","graph_2024M01.graphml"
"0.02","0.53","0.45","0.130809030187633","1,2,3,2,4,3,3,4,2,4,3,4,3,1,1,4,2","0.000550031661987305","louvain","graph_2024M01.graphml"
"0.01","0.54","0.45","0.131279110708717","1,2,3,3,4,3,3,4,2,5,3,4,3,1,5,4,2","0.00062108039855957","louvain","graph_2024M01.graphml"
"0","0.55","0.45","0.1306564056134","1,2,3,2,4,4,4,4,2,4,3,4,3,1,1,4,3","0.000570774078369141","louvain","graph_2024M01.graphml"
"0.54","0","0.46","0.130770837965183","1,2,3,2,3,3,3,3,2,4,3,5,3,1,1,3,2","0.000565052032470703","louvain","graph_2024M01.graphml"
"0.53","0.01","0.46","0.131606119717167","1,2,3,2,3,3,3,3,2,4,3,5,3,1,1,3,2","0.000546932220458984","louvain","graph_2024M01.graphml"
"0.52","0.02","0.46","0.130122281710622","1,2,3,4,3,3,3,3,2,4,3,4,3,1,1,3,2","0.000807046890258789","louvain","graph_2024M01.graphml"
"0.51","0.03","0.46","0.130216963445277","1,2,3,2,3,4,3,3,2,4,3,3,3,1,1,3,2","0.000627994537353516","louvain","graph_2024M01.graphml"
"0.5","0.04","0.46","0.127565643491124","1,2,3,2,3,3,3,3,2,4,3,5,3,1,1,3,2","0.000544071197509766","louvain","graph_2024M01.graphml"
"0.49","0.05","0.46","0.127565643491124","1,2,3,2,3,3,3,3,2,4,3,5,3,1,1,3,2","0.000543117523193359","louvain","graph_2024M01.graphml"
"0.48","0.06","0.46","0.127328","1,2,3,2,3,4,3,3,2,4,3,3,3,1,1,3,2","0.000550031661987305","louvain","graph_2024M01.graphml"
"0.47","0.07","0.46","0.128600281332591","1,2,3,2,4,4,4,4,2,5,4,3,4,1,1,4,2","0.000546932220458984","louvain","graph_2024M01.graphml"
"0.46","0.08","0.46","0.127886139201953","1,2,3,2,4,3,3,3,2,4,3,3,3,1,1,4,2","0.000540018081665039","louvain","graph_2024M01.graphml"
"0.45","0.09","0.46","0.125994258603932","1,2,3,2,3,3,3,3,2,3,3,3,3,1,1,3,2","0.000531196594238281","louvain","graph_2024M01.graphml"
"0.44","0.1","0.46","0.126318666097647","1,2,3,2,4,3,3,3,2,4,3,3,3,1,1,4,2","0.000574111938476562","louvain","graph_2024M01.graphml"
"0.43","0.11","0.46","0.128572095400006","1,2,3,2,4,4,4,4,2,4,4,3,4,1,1,4,2","0.000589847564697266","louvain","graph_2024M01.graphml"
"0.42","0.12","0.46","0.1298095703125","1,2,3,1,3,3,3,3,2,4,4,3,3,1,1,4,2","0.000574111938476562","louvain","graph_2024M01.graphml"
"0.41","0.13","0.46","0.128970431828194","1,2,3,1,3,3,3,3,2,4,4,3,3,1,1,4,2","0.00059199333190918","louvain","graph_2024M01.graphml"
"0.4","0.14","0.46","0.128277146806081","1,2,3,1,3,3,3,3,2,3,3,3,3,1,1,3,2","0.000555992126464844","louvain","graph_2024M01.graphml"
"0.39","0.15","0.46","0.128277146806081","1,2,3,1,3,3,3,3,2,3,3,3,3,1,1,3,2","0.000604867935180664","louvain","graph_2024M01.graphml"
"0.38","0.16","0.46","0.127869528127366","1,2,3,1,3,3,3,3,2,3,3,3,3,1,1,3,2","0.000663995742797852","louvain","graph_2024M01.graphml"
"0.37","0.17","0.46","0.128753238835543","1,2,3,1,3,3,3,3,2,3,3,3,3,1,1,3,2","0.000539064407348633","louvain","graph_2024M01.graphml"
"0.36","0.18","0.46","0.129179732940696","1,2,3,1,3,3,3,3,2,3,3,3,3,1,1,3,2","0.000522851943969727","louvain","graph_2024M01.graphml"
"0.35","0.19","0.46","0.130045332063817","1,2,3,1,3,3,3,3,2,3,3,3,3,1,1,3,2","0.000610828399658203","louvain","graph_2024M01.graphml"
"0.34","0.2","0.46","0.129411805964706","1,2,3,1,3,3,3,3,2,4,4,3,3,1,4,4,2","0.000571966171264648","louvain","graph_2024M01.graphml"
"0.33","0.21","0.46","0.130657887069518","1,2,3,1,3,3,3,3,2,4,4,3,3,1,4,4,2","0.000610113143920898","louvain","graph_2024M01.graphml"
"0.32","0.22","0.46","0.131418240630577","1,2,3,1,3,3,3,3,2,3,3,3,3,1,1,3,2","0.00055694580078125","louvain","graph_2024M01.graphml"
"0.31","0.23","0.46","0.128438934802571","1,2,3,1,3,3,3,3,2,3,3,3,3,1,1,3,2","0.00055694580078125","louvain","graph_2024M01.graphml"
"0.3","0.24","0.46","0.126879017447199","1,2,3,1,3,3,3,3,2,3,3,3,3,3,1,2,2","0.00054478645324707","louvain","graph_2024M01.graphml"
"0.29","0.25","0.46","0.128000611531476","1,2,3,1,3,3,3,3,2,3,3,3,3,1,1,3,2","0.000554084777832031","louvain","graph_2024M01.graphml"
"0.28","0.26","0.46","0.127878229786616","1,2,3,3,3,3,3,3,2,4,4,3,3,1,1,4,2","0.000651836395263672","louvain","graph_2024M01.graphml"
"0.27","0.27","0.46","0.128892532082085","1,2,3,1,3,3,3,3,2,3,3,3,3,1,1,3,2","0.000524044036865234","louvain","graph_2024M01.graphml"
"0.26","0.28","0.46","0.128502459155407","1,2,3,3,3,3,3,3,2,4,4,3,3,1,1,4,2","0.000568866729736328","louvain","graph_2024M01.graphml"
"0.25","0.29","0.46","0.127402380867009","1,2,3,1,3,3,3,3,2,4,3,3,3,1,4,3,2","0.000667095184326172","louvain","graph_2024M01.graphml"
"0.24","0.3","0.46","0.128882990251608","1,2,3,3,3,3,3,3,2,4,4,3,3,1,1,4,2","0.000566005706787109","louvain","graph_2024M01.graphml"
"0.23","0.31","0.46","0.130725787043886","1,2,3,2,3,4,3,3,2,4,3,3,3,1,4,3,2","0.000572919845581055","louvain","graph_2024M01.graphml"
"0.22","0.32","0.46","0.129996962199192","1,2,3,2,3,3,3,3,2,4,4,3,3,3,1,4,2","0.000553131103515625","louvain","graph_2024M01.graphml"
"0.21","0.33","0.46","0.129393804647395","1,2,3,2,4,4,4,4,2,4,4,3,4,1,1,4,2","0.000535964965820312","louvain","graph_2024M01.graphml"
"0.2","0.34","0.46","0.129650134799202","1,2,3,2,4,3,3,3,2,4,3,3,3,3,1,4,2","0.000568151473999023","louvain","graph_2024M01.graphml"
"0.19","0.35","0.46","0.130920146881389","1,2,3,2,3,4,3,3,2,4,3,3,3,1,4,3,2","0.000673055648803711","louvain","graph_2024M01.graphml"
"0.18","0.36","0.46","0.130378860014619","1,2,3,2,3,3,3,3,2,4,3,3,3,1,4,3,2","0.00056910514831543","louvain","graph_2024M01.graphml"
"0.17","0.37","0.46","0.130378860014619","1,2,3,2,3,3,3,3,2,4,3,3,3,1,4,3,2","0.000583887100219727","louvain","graph_2024M01.graphml"
"0.16","0.38","0.46","0.130961853195935","1,2,3,2,3,4,3,3,2,4,3,3,3,1,4,3,2","0.000530004501342773","louvain","graph_2024M01.graphml"
"0.15","0.39","0.46","0.131321389487364","1,2,3,2,3,3,3,3,2,4,4,3,3,1,4,3,2","0.000586986541748047","louvain","graph_2024M01.graphml"
"0.14","0.4","0.46","0.130701280928865","1,2,3,2,3,1,3,3,2,4,4,3,3,1,4,3,2","0.000586986541748047","louvain","graph_2024M01.graphml"
"0.13","0.41","0.46","0.131299937072138","1,2,3,2,3,1,3,3,2,4,4,3,3,1,4,3,2","0.000610113143920898","louvain","graph_2024M01.graphml"
"0.12","0.42","0.46","0.130311567541005","1,2,3,2,3,1,3,3,2,4,3,3,3,1,4,3,2","0.000563859939575195","louvain","graph_2024M01.graphml"
"0.11","0.43","0.46","0.13047668340148","1,2,3,2,3,1,3,3,2,4,3,3,3,1,4,3,2","0.000565052032470703","louvain","graph_2024M01.graphml"
"0.1","0.44","0.46","0.129565290989563","1,2,3,2,4,3,4,3,2,4,3,4,3,1,1,4,2","0.000564813613891602","louvain","graph_2024M01.graphml"
"0.09","0.45","0.46","0.129987643779608","1,2,3,2,4,3,4,4,2,4,3,4,3,1,1,4,3","0.000540018081665039","louvain","graph_2024M01.graphml"
"0.08","0.46","0.46","0.132559730395855","1,2,3,2,4,3,3,3,2,5,3,4,3,1,5,3,2","0.000566005706787109","louvain","graph_2024M01.graphml"
"0.07","0.47","0.46","0.132354971201303","1,2,3,2,4,3,3,3,2,3,3,4,3,1,1,3,2","0.000561952590942383","louvain","graph_2024M01.graphml"
"0.06","0.48","0.46","0.13284516741677","1,2,3,2,4,3,3,3,2,3,3,4,3,1,1,3,2","0.000620126724243164","louvain","graph_2024M01.graphml"
"0.05","0.49","0.46","0.131608807776235","1,2,3,2,4,3,3,3,2,3,3,4,3,1,1,3,2","0.00100612640380859","louvain","graph_2024M01.graphml"
"0.04","0.5","0.46","0.130590361065522","1,2,3,3,4,3,3,4,2,5,3,4,3,1,5,4,2","0.000624179840087891","louvain","graph_2024M01.graphml"
"0.03","0.51","0.46","0.129243854404507","1,2,3,3,4,3,3,4,2,5,3,4,3,1,5,4,2","0.000581979751586914","louvain","graph_2024M01.graphml"
"0.02","0.52","0.46","0.131180008802386","1,2,3,2,4,3,3,3,2,3,3,4,3,1,1,3,2","0.000683069229125977","louvain","graph_2024M01.graphml"
"0.01","0.53","0.46","0.13211525630776","1,2,3,2,4,3,3,3,2,5,3,4,3,1,5,3,2","0.000612974166870117","louvain","graph_2024M01.graphml"
"0","0.54","0.46","0.131124978480001","1,2,3,3,3,2,3,3,2,3,3,3,3,1,1,3,2","0.000576972961425781","louvain","graph_2024M01.graphml"
"0.53","0","0.47","0.127918475394539","1,2,3,2,3,4,3,3,2,4,3,3,3,1,1,3,2","0.000549077987670898","louvain","graph_2024M01.graphml"
"0.52","0.01","0.47","0.126713816772612","1,2,3,3,4,3,3,3,2,4,3,3,3,1,1,4,2","0.000543117523193359","louvain","graph_2024M01.graphml"
"0.51","0.02","0.47","0.125267975911492","1,2,3,3,4,3,3,3,2,4,3,3,3,1,1,4,2","0.000552892684936523","louvain","graph_2024M01.graphml"
"0.5","0.03","0.47","0.126077232333887","1,2,3,3,4,3,3,3,2,4,3,3,3,1,1,4,2","0.000575065612792969","louvain","graph_2024M01.graphml"
"0.49","0.04","0.47","0.128255238818145","1,2,3,2,4,4,4,4,2,4,4,3,4,1,1,4,2","0.000596046447753906","louvain","graph_2024M01.graphml"
"0.48","0.05","0.47","0.127841102085578","1,2,3,1,3,3,3,3,2,3,3,3,3,1,1,3,2","0.000545978546142578","louvain","graph_2024M01.graphml"
"0.47","0.06","0.47","0.127841102085578","1,2,3,1,3,3,3,3,2,3,3,3,3,1,1,3,2","0.000548124313354492","louvain","graph_2024M01.graphml"
"0.46","0.07","0.47","0.127422630851511","1,2,3,1,3,3,3,3,2,3,3,3,3,1,1,3,2","0.000567913055419922","louvain","graph_2024M01.graphml"
"0.45","0.08","0.47","0.127422630851511","1,2,3,1,3,3,3,3,2,3,3,3,3,1,1,3,2","0.000519990921020508","louvain","graph_2024M01.graphml"
"0.44","0.09","0.47","0.12698365300316","1,2,3,1,3,3,3,3,2,3,3,3,3,1,1,3,2","0.000531196594238281","louvain","graph_2024M01.graphml"
"0.43","0.1","0.47","0.12698365300316","1,2,3,1,3,3,3,3,2,3,3,3,3,1,1,3,2","0.000576019287109375","louvain","graph_2024M01.graphml"
"0.42","0.11","0.47","0.128300977443074","1,2,3,1,3,3,3,3,2,3,3,3,3,1,1,3,2","0.000541925430297852","louvain","graph_2024M01.graphml"
"0.41","0.12","0.47","0.129179732940696","1,2,3,1,3,3,3,3,2,3,3,3,3,1,1,3,2","0.000545024871826172","louvain","graph_2024M01.graphml"
"0.4","0.13","0.47","0.128733211541032","1,2,3,1,3,3,3,3,2,3,3,3,3,1,1,3,2","0.000637054443359375","louvain","graph_2024M01.graphml"
"0.39","0.14","0.47","0.127468096264786","1,2,3,1,3,4,3,3,2,4,3,3,3,1,4,3,2","0.000515222549438477","louvain","graph_2024M01.graphml"
"0.38","0.15","0.47","0.129293270415568","1,2,3,1,3,3,3,3,2,3,3,3,3,1,1,3,2","0.000577926635742188","louvain","graph_2024M01.graphml"
"0.37","0.16","0.47","0.129293270415568","1,2,3,1,3,3,3,3,2,3,3,3,3,1,1,3,2","0.000591039657592773","louvain","graph_2024M01.graphml"
"0.36","0.17","0.47","0.128900127170023","1,2,3,1,3,3,3,3,2,3,3,3,3,1,1,3,2","0.000571012496948242","louvain","graph_2024M01.graphml"
"0.35","0.18","0.47","0.128283614176614","1,2,3,1,4,3,3,3,2,4,3,3,3,1,4,4,2","0.000589132308959961","louvain","graph_2024M01.graphml"
"0.34","0.19","0.47","0.128502459155407","1,2,3,3,4,3,3,3,2,4,3,3,3,1,1,4,2","0.000586032867431641","louvain","graph_2024M01.graphml"
"0.33","0.2","0.47","0.128502459155407","1,2,3,3,4,3,3,3,2,4,3,3,3,1,1,4,2","0.000633001327514648","louvain","graph_2024M01.graphml"
"0.32","0.21","0.47","0.127696390083778","1,2,3,3,4,3,3,3,2,4,3,3,3,1,1,4,2","0.000584125518798828","louvain","graph_2024M01.graphml"
"0.31","0.22","0.47","0.127494723402916","1,2,3,3,3,3,3,3,2,4,4,3,3,1,1,4,2","0.000588893890380859","louvain","graph_2024M01.graphml"
"0.3","0.23","0.47","0.128882990251608","1,2,3,3,4,3,3,3,2,4,3,3,3,1,1,4,2","0.000576019287109375","louvain","graph_2024M01.graphml"
"0.29","0.24","0.47","0.12869663135965","1,2,3,3,4,3,3,3,2,4,3,3,3,1,1,4,2","0.000558137893676758","louvain","graph_2024M01.graphml"
"0.28","0.25","0.47","0.131146043374512","1,2,3,2,4,3,3,3,2,5,3,4,3,1,5,3,2","0.000643014907836914","louvain","graph_2024M01.graphml"
"0.27","0.26","0.47","0.130132654668954","1,2,3,2,3,4,3,3,2,4,3,3,3,1,4,3,2","0.00055694580078125","louvain","graph_2024M01.graphml"
"0.26","0.27","0.47","0.130920146881389","1,2,3,2,3,4,3,3,2,4,3,3,3,1,4,3,2","0.000540971755981445","louvain","graph_2024M01.graphml"
"0.25","0.28","0.47","0.129919683956805","1,2,3,2,4,3,3,3,2,5,3,4,3,1,5,3,2","0.000576019287109375","louvain","graph_2024M01.graphml"
"0.24","0.29","0.47","0.129890787197232","1,2,3,2,3,3,3,3,2,4,3,3,3,1,4,3,2","0.000559091567993164","louvain","graph_2024M01.graphml"
"0.23","0.3","0.47","0.129890787197232","1,2,3,2,3,3,3,3,2,4,3,3,3,1,4,3,2","0.000580072402954102","louvain","graph_2024M01.graphml"
"0.22","0.31","0.47","0.13067614568711","1,2,3,2,3,3,3,3,2,4,3,3,3,1,4,3,2","0.000555992126464844","louvain","graph_2024M01.graphml"
"0.21","0.32","0.47","0.130503489797006","1,2,3,2,4,1,3,3,2,5,3,4,3,3,5,4,2","0.000802040100097656","louvain","graph_2024M01.graphml"
"0.2","0.33","0.47","0.129754609048951","1,2,3,2,4,1,3,3,2,5,3,4,3,3,5,4,2","0.000599145889282227","louvain","graph_2024M01.graphml"
"0.19","0.34","0.47","0.128829027515228","1,2,3,2,3,1,3,3,2,4,3,3,3,1,4,3,2","0.000577926635742188","louvain","graph_2024M01.graphml"
"0.18","0.35","0.47","0.129336262239534","1,2,3,2,4,3,4,3,2,4,3,4,3,1,1,4,2","0.000748157501220703","louvain","graph_2024M01.graphml"
"0.17","0.36","0.47","0.130463824260152","1,2,3,2,4,3,4,3,2,4,3,4,3,1,1,4,2","0.000609874725341797","louvain","graph_2024M01.graphml"
"0.16","0.37","0.47","0.130028694345695","1,2,3,2,3,2,3,3,2,4,3,3,3,1,4,3,2","0.000605106353759766","louvain","graph_2024M01.graphml"
"0.15","0.38","0.47","0.129652040816327","1,2,3,2,4,2,3,3,2,3,3,4,3,1,1,3,2","0.000601053237915039","louvain","graph_2024M01.graphml"
"0.14","0.39","0.47","0.130832299695068","1,2,3,2,4,2,3,3,2,3,3,4,3,1,1,3,2","0.000657796859741211","louvain","graph_2024M01.graphml"
"0.13","0.4","0.47","0.130904469179594","1,2,3,2,4,3,3,3,2,3,3,4,3,1,1,3,2","0.000602960586547852","louvain","graph_2024M01.graphml"
"0.12","0.41","0.47","0.129000513606561","1,2,3,2,3,3,3,3,2,3,3,3,3,1,1,3,2","0.000570058822631836","louvain","graph_2024M01.graphml"
"0.11","0.42","0.47","0.128463893447797","1,2,3,2,4,3,3,3,2,5,3,4,3,1,5,3,2","0.000562906265258789","louvain","graph_2024M01.graphml"
"0.1","0.43","0.47","0.129550582352582","1,2,3,2,4,3,3,3,2,3,3,4,3,1,1,3,2","0.000645875930786133","louvain","graph_2024M01.graphml"
"0.09","0.44","0.47","0.129654193065135","1,2,3,3,3,2,3,3,2,4,3,3,3,1,4,3,2","0.000580072402954102","louvain","graph_2024M01.graphml"
"0.08","0.45","0.47","0.128713016135576","1,2,3,3,3,3,3,4,2,3,3,4,3,1,1,4,2","0.000601053237915039","louvain","graph_2024M01.graphml"
"0.07","0.46","0.47","0.131106676081379","1,2,3,2,4,3,3,3,2,5,3,4,3,1,5,3,2","0.000573873519897461","louvain","graph_2024M01.graphml"
"0.06","0.47","0.47","0.131001178038575","1,2,3,3,3,2,3,3,2,4,3,3,3,1,4,3,2","0.000622987747192383","louvain","graph_2024M01.graphml"
"0.05","0.48","0.47","0.130385739827042","1,2,3,3,4,3,3,3,2,3,3,4,3,1,1,3,2","0.000638961791992188","louvain","graph_2024M01.graphml"
"0.04","0.49","0.47","0.129720808561237","1,2,3,4,3,2,3,3,2,4,4,3,3,1,4,3,2","0.000584125518798828","louvain","graph_2024M01.graphml"
"0.03","0.5","0.47","0.13003757431629","1,2,3,4,4,4,4,4,2,4,4,3,4,1,1,4,2","0.000550031661987305","louvain","graph_2024M01.graphml"
"0.02","0.51","0.47","0.130528315380991","1,2,3,2,2,3,3,3,2,3,3,4,3,1,3,3,3","0.000607013702392578","louvain","graph_2024M01.graphml"
"0.01","0.52","0.47","0.129503275875298","1,2,3,2,2,4,4,4,2,4,3,5,3,1,4,4,3","0.000576972961425781","louvain","graph_2024M01.graphml"
"0","0.53","0.47","0.129866336707576","1,2,3,1,4,3,3,3,2,3,3,4,3,1,3,3,2","0.000584840774536133","louvain","graph_2024M01.graphml"
"0.52","0","0.48","0.128812328449699","1,2,3,1,4,4,4,4,2,4,4,3,4,1,1,4,2","0.000586986541748047","louvain","graph_2024M01.graphml"
"0.51","0.01","0.48","0.127937576207895","1,2,3,1,4,4,4,4,2,4,4,3,4,1,1,4,2","0.000558853149414062","louvain","graph_2024M01.graphml"
"0.5","0.02","0.48","0.127501762307575","1,2,3,1,4,3,3,3,2,4,3,3,3,1,1,4,2","0.000555992126464844","louvain","graph_2024M01.graphml"
"0.49","0.03","0.48","0.127501762307575","1,2,3,1,4,3,3,3,2,4,3,3,3,1,1,4,2","0.000499963760375977","louvain","graph_2024M01.graphml"
"0.48","0.04","0.48","0.128300977443074","1,2,3,1,3,3,3,3,2,3,3,3,3,1,1,3,2","0.000670909881591797","louvain","graph_2024M01.graphml"
"0.47","0.05","0.48","0.127859537849132","1,2,3,1,3,3,3,3,2,3,3,3,3,1,1,3,2","0.000599145889282227","louvain","graph_2024M01.graphml"
"0.46","0.06","0.48","0.128263847973889","1,2,3,1,4,3,3,3,2,3,3,4,3,1,1,3,2","0.000561952590942383","louvain","graph_2024M01.graphml"
"0.45","0.07","0.48","0.126546466017252","1,2,3,1,4,3,3,3,2,3,3,4,3,1,1,3,2","0.000559806823730469","louvain","graph_2024M01.graphml"
"0.44","0.08","0.48","0.125694444444444","1,2,3,1,4,3,3,3,2,4,3,3,3,1,4,4,2","0.000577926635742188","louvain","graph_2024M01.graphml"
"0.43","0.09","0.48","0.128472951141373","1,2,3,1,3,3,3,3,2,3,3,3,3,1,1,3,2","0.000566005706787109","louvain","graph_2024M01.graphml"
"0.42","0.1","0.48","0.127610417940691","1,2,3,1,4,3,3,3,2,4,3,3,3,1,4,4,2","0.000550031661987305","louvain","graph_2024M01.graphml"
"0.41","0.11","0.48","0.128900127170023","1,2,3,1,3,3,3,3,2,3,3,3,3,1,1,3,2","0.000576019287109375","louvain","graph_2024M01.graphml"
"0.4","0.12","0.48","0.129013418130353","1,2,3,1,4,3,3,3,2,4,3,3,3,1,4,4,2","0.000531911849975586","louvain","graph_2024M01.graphml"
"0.39","0.13","0.48","0.128502459155407","1,2,3,3,4,3,3,3,2,4,3,3,3,1,1,4,2","0.000666141510009766","louvain","graph_2024M01.graphml"
"0.38","0.14","0.48","0.127696390083778","1,2,3,3,4,3,3,3,2,4,3,3,3,1,1,4,2","0.000546932220458984","louvain","graph_2024M01.graphml"
"0.37","0.15","0.48","0.12669309584424","1,2,3,3,4,3,3,3,2,4,3,3,3,1,1,4,2","0.000564098358154297","louvain","graph_2024M01.graphml"
"0.36","0.16","0.48","0.127460837740554","1,2,3,3,4,3,3,3,2,4,3,3,3,1,1,4,2","0.000573873519897461","louvain","graph_2024M01.graphml"
"0.35","0.17","0.48","0.127029405212742","1,2,3,3,3,3,3,3,2,4,4,3,3,1,1,4,2","0.000577926635742188","louvain","graph_2024M01.graphml"
"0.34","0.18","0.48","0.128426826459751","1,2,3,2,4,3,3,3,2,4,3,3,3,1,1,4,2","0.000745058059692383","louvain","graph_2024M01.graphml"
"0.33","0.19","0.48","0.128657338820302","1,2,3,2,3,3,3,3,2,4,3,3,3,1,4,3,2","0.000564813613891602","louvain","graph_2024M01.graphml"
"0.32","0.2","0.48","0.130042171280277","1,2,3,2,4,3,3,3,2,5,3,4,3,1,5,3,2","0.0005340576171875","louvain","graph_2024M01.graphml"
"0.31","0.21","0.48","0.130042171280277","1,2,3,2,4,3,3,3,2,5,3,4,3,1,5,3,2","0.000574111938476562","louvain","graph_2024M01.graphml"
"0.3","0.22","0.48","0.129177119377163","1,2,3,3,4,3,3,3,2,5,3,4,3,1,5,2,2","0.000585079193115234","louvain","graph_2024M01.graphml"
"0.29","0.23","0.48","0.130737599755046","1,2,3,2,3,4,3,3,2,4,3,3,3,1,4,3,2","0.000567197799682617","louvain","graph_2024M01.graphml"
"0.28","0.24","0.48","0.129029783153072","1,2,3,2,4,3,3,3,2,5,3,4,3,1,5,4,2","0.000533819198608398","louvain","graph_2024M01.graphml"
"0.27","0.25","0.48","0.128606065499919","1,2,3,2,4,3,3,3,2,5,3,4,3,1,5,4,2","0.000586032867431641","louvain","graph_2024M01.graphml"
"0.26","0.26","0.48","0.128058198737629","1,2,3,2,4,3,3,3,2,5,3,4,3,1,5,4,2","0.000843048095703125","louvain","graph_2024M01.graphml"
"0.25","0.27","0.48","0.127857329975662","1,2,3,2,4,1,3,3,2,5,3,4,3,3,5,4,2","0.000583171844482422","louvain","graph_2024M01.graphml"
"0.24","0.28","0.48","0.129000091884126","1,2,3,2,3,1,3,3,2,4,3,3,3,1,4,3,2","0.00058293342590332","louvain","graph_2024M01.graphml"
"0.23","0.29","0.48","0.128532684643652","1,2,3,2,3,1,3,3,2,4,3,3,3,1,4,3,2","0.000628948211669922","louvain","graph_2024M01.graphml"
"0.22","0.3","0.48","0.130252496413229","1,2,3,2,4,2,3,3,2,3,3,4,3,1,1,3,2","0.000555038452148438","louvain","graph_2024M01.graphml"
"0.21","0.31","0.48","0.129088775510204","1,2,3,2,4,3,4,3,2,4,3,4,3,1,1,4,2","0.000559091567993164","louvain","graph_2024M01.graphml"
"0.2","0.32","0.48","0.129063629907025","1,2,3,2,4,2,3,3,2,3,3,4,3,1,1,3,2","0.00055694580078125","louvain","graph_2024M01.graphml"
"0.19","0.33","0.48","0.129056975206512","1,2,3,2,3,2,3,3,2,4,4,3,3,1,4,3,2","0.000864028930664062","louvain","graph_2024M01.graphml"
"0.18","0.34","0.48","0.128282504584379","1,2,3,2,3,2,3,3,2,4,4,3,3,1,4,3,2","0.000562191009521484","louvain","graph_2024M01.graphml"
"0.17","0.35","0.48","0.128399215858491","1,2,3,4,4,2,4,4,2,4,4,3,4,1,1,4,2","0.000607013702392578","louvain","graph_2024M01.graphml"
"0.16","0.36","0.48","0.128968328123863","1,2,3,2,3,2,3,3,2,4,3,3,3,1,4,3,2","0.000562906265258789","louvain","graph_2024M01.graphml"
"0.15","0.37","0.48","0.129424689546373","1,2,3,4,3,2,3,3,2,4,4,3,3,1,4,3,2","0.000610828399658203","louvain","graph_2024M01.graphml"
"0.14","0.38","0.48","0.129417575431561","1,2,3,2,4,3,3,3,2,5,3,4,3,1,5,3,2","0.000542879104614258","louvain","graph_2024M01.graphml"
"0.13","0.39","0.48","0.129733483299917","1,2,3,2,3,3,3,3,2,4,4,3,3,1,4,3,2","0.000765800476074219","louvain","graph_2024M01.graphml"
"0.12","0.4","0.48","0.12848861882716","1,2,3,3,3,3,3,4,2,3,3,4,3,1,1,4,2","0.000597953796386719","louvain","graph_2024M01.graphml"
"0.11","0.41","0.48","0.129001944825437","1,2,3,3,3,3,3,3,2,4,3,3,3,1,4,3,2","0.000599145889282227","louvain","graph_2024M01.graphml"
"0.1","0.42","0.48","0.129035909631391","1,2,3,3,3,2,3,3,2,4,3,3,3,1,4,3,2","0.000612020492553711","louvain","graph_2024M01.graphml"
"0.09","0.43","0.48","0.127852019472914","1,2,3,3,3,2,3,3,2,4,3,3,3,1,4,3,2","0.000627994537353516","louvain","graph_2024M01.graphml"
"0.08","0.44","0.48","0.127411133126725","1,2,3,3,3,3,3,3,2,4,3,3,3,1,4,3,2","0.000602006912231445","louvain","graph_2024M01.graphml"
"0.07","0.45","0.48","0.127916333714474","1,2,3,4,4,4,4,4,2,4,4,3,4,1,1,4,2","0.000573158264160156","louvain","graph_2024M01.graphml"
"0.06","0.46","0.48","0.128302459197936","1,2,3,1,4,3,3,3,2,3,3,4,3,1,3,3,2","0.000602960586547852","louvain","graph_2024M01.graphml"
"0.05","0.47","0.48","0.128302459197936","1,2,3,1,4,3,3,3,2,3,3,4,3,1,3,3,2","0.000633955001831055","louvain","graph_2024M01.graphml"
"0.04","0.48","0.48","0.128271207466919","1,2,3,1,3,4,4,4,2,4,1,3,3,4,4,4,2","0.000571012496948242","louvain","graph_2024M01.graphml"
"0.03","0.49","0.48","0.128190305411391","1,2,3,1,4,3,3,3,2,3,3,4,3,1,3,3,2","0.000696182250976562","louvain","graph_2024M01.graphml"
"0.02","0.5","0.48","0.127799488677867","1,2,3,1,4,2,3,3,2,4,3,3,3,1,4,3,2","0.000588893890380859","louvain","graph_2024M01.graphml"
"0.01","0.51","0.48","0.127321950328707","1,2,3,3,3,4,4,4,2,4,3,3,3,1,4,4,2","0.000566005706787109","louvain","graph_2024M01.graphml"
"0","0.52","0.48","0.128000559426334","1,2,3,1,4,3,3,3,2,3,3,4,3,1,3,3,2","0.000628948211669922","louvain","graph_2024M01.graphml"
"0.51","0","0.49","0.124926734453225","1,2,3,1,3,3,3,3,2,3,3,3,3,1,1,3,2","0.000574111938476562","louvain","graph_2024M01.graphml"
"0.5","0.01","0.49","0.124706673072126","1,2,3,1,3,3,3,3,2,3,3,3,3,1,3,3,2","0.000550985336303711","louvain","graph_2024M01.graphml"
"0.49","0.02","0.49","0.125792213671344","1,2,3,1,3,3,3,3,2,3,3,3,3,1,1,3,2","0.000672101974487305","louvain","graph_2024M01.graphml"
"0.48","0.03","0.49","0.126944001318316","1,2,3,1,3,3,3,3,2,3,3,3,3,1,3,3,2","0.000571012496948242","louvain","graph_2024M01.graphml"
"0.47","0.04","0.49","0.128042598089815","1,2,3,1,3,3,3,3,2,3,3,3,3,1,1,3,2","0.000717878341674805","louvain","graph_2024M01.graphml"
"0.46","0.05","0.49","0.12975735774423","1,2,3,1,3,3,3,3,2,3,3,3,3,1,1,3,2","0.000567913055419922","louvain","graph_2024M01.graphml"
"0.45","0.06","0.49","0.128030057084111","1,2,3,1,3,3,3,3,2,3,3,3,3,1,1,3,2","0.000567913055419922","louvain","graph_2024M01.graphml"
"0.44","0.07","0.49","0.127512191186489","1,2,3,3,4,3,3,3,2,4,3,3,3,1,1,4,2","0.000591039657592773","louvain","graph_2024M01.graphml"
"0.43","0.08","0.49","0.127313371808536","1,2,3,3,4,3,3,3,2,4,3,3,3,1,1,4,2","0.000619888305664062","louvain","graph_2024M01.graphml"
"0.42","0.09","0.49","0.127650524941087","1,2,3,3,3,3,3,3,2,4,4,3,3,1,1,4,2","0.000567913055419922","louvain","graph_2024M01.graphml"
"0.41","0.1","0.49","0.126984215120347","1,2,3,1,3,3,3,3,2,4,3,3,3,1,4,3,2","0.000792026519775391","louvain","graph_2024M01.graphml"
"0.4","0.11","0.49","0.128073021687256","1,2,3,3,3,3,3,3,2,4,4,3,3,1,1,4,2","0.000537872314453125","louvain","graph_2024M01.graphml"
"0.39","0.12","0.49","0.12886015895802","1,2,3,2,4,3,3,3,2,4,3,3,3,1,1,4,2","0.000602006912231445","louvain","graph_2024M01.graphml"
"0.38","0.13","0.49","0.128408275270474","1,2,3,2,3,3,3,3,2,4,3,3,3,1,4,3,2","0.000724077224731445","louvain","graph_2024M01.graphml"
"0.37","0.14","0.49","0.129859773219674","1,2,3,2,3,4,3,3,2,4,3,3,3,1,4,3,2","0.000563859939575195","louvain","graph_2024M01.graphml"
"0.36","0.15","0.49","0.129271327256928","1,2,3,2,4,3,3,3,2,5,3,4,3,1,5,3,2","0.000558137893676758","louvain","graph_2024M01.graphml"
"0.35","0.16","0.49","0.12913909408023","1,2,3,2,3,1,3,3,2,4,3,3,3,1,4,3,2","0.000576972961425781","louvain","graph_2024M01.graphml"
"0.34","0.17","0.49","0.128606065499919","1,2,3,2,4,3,3,3,2,5,3,4,3,1,5,4,2","0.000837087631225586","louvain","graph_2024M01.graphml"
"0.33","0.18","0.49","0.128058198737629","1,2,3,2,4,3,3,3,2,5,3,4,3,1,5,4,2","0.000555992126464844","louvain","graph_2024M01.graphml"
"0.32","0.19","0.49","0.128058198737629","1,2,3,2,4,3,3,3,2,5,3,4,3,1,5,4,2","0.000580787658691406","louvain","graph_2024M01.graphml"
"0.31","0.2","0.49","0.128085427177654","1,2,3,2,4,3,3,3,2,5,3,4,3,1,5,4,2","0.00055694580078125","louvain","graph_2024M01.graphml"
"0.3","0.21","0.49","0.127699380946134","1,2,3,2,3,3,3,3,2,4,3,3,3,1,4,3,2","0.000581979751586914","louvain","graph_2024M01.graphml"
"0.29","0.22","0.49","0.128360850887635","1,2,3,2,4,4,4,4,2,4,4,3,4,1,1,4,2","0.000905990600585938","louvain","graph_2024M01.graphml"
"0.28","0.23","0.49","0.126663678543433","1,2,3,2,3,2,3,3,2,4,4,3,3,1,4,3,2","0.000537872314453125","louvain","graph_2024M01.graphml"
"0.27","0.24","0.49","0.127389388073149","1,2,3,2,3,3,3,3,2,3,3,3,3,1,1,3,2","0.000551939010620117","louvain","graph_2024M01.graphml"
"0.26","0.25","0.49","0.126947338096105","1,2,3,2,4,3,3,3,2,3,3,4,3,3,1,4,2","0.000573873519897461","louvain","graph_2024M01.graphml"
"0.25","0.26","0.49","0.127984745793058","1,2,3,4,4,2,4,4,2,4,4,3,4,1,1,4,2","0.000588178634643555","louvain","graph_2024M01.graphml"
"0.24","0.27","0.49","0.12719599285856","1,2,3,4,4,2,4,4,2,4,4,3,4,1,1,4,2","0.000704050064086914","louvain","graph_2024M01.graphml"
"0.23","0.28","0.49","0.129497877582405","1,2,3,2,3,2,3,3,2,4,3,3,3,1,4,3,2","0.000568866729736328","louvain","graph_2024M01.graphml"
"0.22","0.29","0.49","0.129741112131127","1,2,3,3,3,2,3,3,2,4,3,3,3,1,4,3,2","0.000576972961425781","louvain","graph_2024M01.graphml"
"0.21","0.3","0.49","0.130168734160331","1,2,3,2,3,2,3,3,2,4,4,3,3,1,4,3,2","0.000575065612792969","louvain","graph_2024M01.graphml"
"0.2","0.31","0.49","0.129741112131127","1,2,3,3,3,2,3,3,2,4,3,3,3,1,4,3,2","0.000619173049926758","louvain","graph_2024M01.graphml"
"0.19","0.32","0.49","0.128590521488815","1,2,3,3,3,2,3,3,2,4,3,3,3,1,4,3,2","0.000663042068481445","louvain","graph_2024M01.graphml"
"0.18","0.33","0.49","0.129076468050781","1,2,3,3,3,2,3,3,2,4,3,3,3,1,4,3,2","0.000579833984375","louvain","graph_2024M01.graphml"
"0.17","0.34","0.49","0.128288017765026","1,2,3,3,3,3,3,3,2,4,3,3,3,1,4,3,2","0.000584840774536133","louvain","graph_2024M01.graphml"
"0.16","0.35","0.49","0.128487163141558","1,2,3,3,3,3,3,3,2,4,4,3,3,1,4,3,2","0.000633001327514648","louvain","graph_2024M01.graphml"
"0.15","0.36","0.49","0.127411133126725","1,2,3,3,3,3,3,3,2,4,3,3,3,1,4,3,2","0.000591039657592773","louvain","graph_2024M01.graphml"
"0.14","0.37","0.49","0.128249202477013","1,2,3,4,3,3,3,3,2,4,4,3,3,1,4,3,2","0.000607013702392578","louvain","graph_2024M01.graphml"
"0.13","0.38","0.49","0.12749615545403","1,2,3,3,4,3,3,3,2,3,3,4,3,1,1,3,2","0.000669956207275391","louvain","graph_2024M01.graphml"
"0.12","0.39","0.49","0.12749615545403","1,2,3,3,4,3,3,3,2,3,3,4,3,1,1,3,2","0.000571966171264648","louvain","graph_2024M01.graphml"
"0.11","0.4","0.49","0.129018516731136","1,2,3,1,4,3,3,3,2,3,3,4,3,1,3,3,2","0.000623941421508789","louvain","graph_2024M01.graphml"
"0.1","0.41","0.49","0.128261977197543","1,2,3,1,4,3,3,3,2,4,1,3,3,3,4,3,2","0.000587940216064453","louvain","graph_2024M01.graphml"
"0.09","0.42","0.49","0.12742910965695","1,2,3,1,4,3,3,3,2,5,3,4,3,1,5,3,2","0.000604867935180664","louvain","graph_2024M01.graphml"
"0.08","0.43","0.49","0.127238286020864","1,2,3,1,4,3,3,3,2,4,1,3,3,3,4,3,2","0.000659942626953125","louvain","graph_2024M01.graphml"
"0.07","0.44","0.49","0.128538408728211","1,2,3,1,4,3,3,3,2,5,3,4,3,1,5,3,2","0.000602960586547852","louvain","graph_2024M01.graphml"
"0.06","0.45","0.49","0.128473197125617","1,2,3,1,4,3,3,3,2,3,3,4,3,1,3,3,2","0.000599861145019531","louvain","graph_2024M01.graphml"
"0.05","0.46","0.49","0.127508418603307","1,2,3,3,3,2,3,3,2,4,3,3,3,1,4,3,2","0.000617027282714844","louvain","graph_2024M01.graphml"
"0.04","0.47","0.49","0.126619899517714","1,2,3,1,4,3,3,4,2,4,3,4,3,1,4,4,2","0.000699996948242188","louvain","graph_2024M01.graphml"
"0.03","0.48","0.49","0.127345827733135","1,2,3,1,4,3,3,3,2,3,3,4,3,1,3,3,2","0.000603914260864258","louvain","graph_2024M01.graphml"
"0.02","0.49","0.49","0.127530075703965","1,2,3,3,4,3,3,4,2,4,3,4,3,1,4,4,2","0.000680923461914062","louvain","graph_2024M01.graphml"
"0.01","0.5","0.49","0.127273777777778","1,2,2,3,3,3,3,4,2,4,3,4,3,1,4,4,2","0.000587940216064453","louvain","graph_2024M01.graphml"
"0","0.51","0.49","0.126630265128067","1,2,3,4,4,4,4,4,2,3,4,4,4,1,3,4,2","0.000565052032470703","louvain","graph_2024M01.graphml"
"0.5","0","0.5","0.127263524786047","1,2,3,1,3,4,3,3,2,4,3,3,3,1,4,3,2","0.000609159469604492","louvain","graph_2024M01.graphml"
"0.49","0.01","0.5","0.126714190242816","1,2,3,1,3,4,3,3,2,4,3,3,3,1,4,3,2","0.000886917114257812","louvain","graph_2024M01.graphml"
"0.48","0.02","0.5","0.126725160014042","1,2,3,3,4,3,3,3,2,4,3,3,3,1,1,4,2","0.000597000122070312","louvain","graph_2024M01.graphml"
"0.47","0.03","0.5","0.127344389754246","1,2,3,3,3,3,3,3,2,4,4,3,3,1,1,4,2","0.00061798095703125","louvain","graph_2024M01.graphml"
"0.46","0.04","0.5","0.127344389754246","1,2,3,3,4,3,3,3,2,4,3,3,3,1,1,4,2","0.00063014030456543","louvain","graph_2024M01.graphml"
"0.45","0.05","0.5","0.128963037468718","1,2,3,2,3,3,3,3,2,4,3,3,3,1,4,3,2","0.000539064407348633","louvain","graph_2024M01.graphml"
"0.44","0.06","0.5","0.129518315445891","1,2,3,2,4,3,3,3,2,4,3,3,3,1,1,4,2","0.000596046447753906","louvain","graph_2024M01.graphml"
"0.43","0.07","0.5","0.128158691622941","1,2,3,2,3,3,3,3,2,4,3,3,3,1,4,3,2","0.000566959381103516","louvain","graph_2024M01.graphml"
"0.42","0.08","0.5","0.12862552047283","1,2,3,2,4,1,3,3,2,4,3,3,3,1,4,4,2","0.00062108039855957","louvain","graph_2024M01.graphml"
"0.41","0.09","0.5","0.129331344237839","1,2,3,2,3,1,3,3,2,4,4,3,3,3,1,4,2","0.000584125518798828","louvain","graph_2024M01.graphml"
"0.4","0.1","0.5","0.127312387042369","1,2,3,2,3,1,3,3,2,4,3,3,3,1,4,3,2","0.00071406364440918","louvain","graph_2024M01.graphml"
"0.39","0.11","0.5","0.128375788774841","1,2,3,2,3,1,3,3,2,4,4,3,3,1,4,3,2","0.00056004524230957","louvain","graph_2024M01.graphml"
"0.38","0.12","0.5","0.129115991179124","1,2,3,2,3,1,3,3,2,4,4,3,3,1,4,3,2","0.000607967376708984","louvain","graph_2024M01.graphml"
"0.37","0.13","0.5","0.129279165178683","1,2,3,2,3,1,3,3,2,4,4,3,3,1,4,3,2","0.000528097152709961","louvain","graph_2024M01.graphml"
"0.36","0.14","0.5","0.12800361672612","1,2,3,2,3,1,3,3,2,4,4,3,3,1,4,3,2","0.000558853149414062","louvain","graph_2024M01.graphml"
"0.35","0.15","0.5","0.126701028593542","1,2,3,2,4,2,3,3,2,5,3,4,3,3,5,4,2","0.000588893890380859","louvain","graph_2024M01.graphml"
"0.34","0.16","0.5","0.126496486576136","1,2,3,2,3,2,3,3,2,4,4,3,3,1,4,3,2","0.000550031661987305","louvain","graph_2024M01.graphml"
"0.33","0.17","0.5","0.126872436560241","1,2,3,2,3,2,3,3,2,4,4,3,3,1,4,3,2","0.00102996826171875","louvain","graph_2024M01.graphml"
"0.32","0.18","0.5","0.127260198179166","1,2,3,2,3,2,3,3,2,4,3,3,3,1,4,3,2","0.000684976577758789","louvain","graph_2024M01.graphml"
"0.31","0.19","0.5","0.126743401879124","1,2,3,4,4,2,4,4,2,4,4,3,4,1,1,4,2","0.000536918640136719","louvain","graph_2024M01.graphml"
"0.3","0.2","0.5","0.126743401879124","1,2,3,4,4,2,4,4,2,4,4,3,4,1,1,4,2","0.000540971755981445","louvain","graph_2024M01.graphml"
"0.29","0.21","0.5","0.129633199506658","1,2,3,4,4,2,4,4,2,4,4,3,4,1,1,4,2","0.000622987747192383","louvain","graph_2024M01.graphml"
"0.28","0.22","0.5","0.129741112131127","1,2,3,3,3,2,3,3,2,4,3,3,3,1,4,3,2","0.000587940216064453","louvain","graph_2024M01.graphml"
"0.27","0.23","0.5","0.129741112131127","1,2,3,3,3,2,3,3,2,4,3,3,3,1,4,3,2","0.000603914260864258","louvain","graph_2024M01.graphml"
"0.26","0.24","0.5","0.128883325649839","1,2,3,3,3,2,3,3,2,4,3,3,3,1,4,3,2","0.000579833984375","louvain","graph_2024M01.graphml"
"0.25","0.25","0.5","0.12807858556751","1,2,3,3,3,2,3,3,2,4,3,3,3,1,4,3,2","0.00061798095703125","louvain","graph_2024M01.graphml"
"0.24","0.26","0.5","0.127315436499106","1,2,3,3,3,2,3,3,2,4,3,3,3,1,4,3,2","0.000677108764648438","louvain","graph_2024M01.graphml"
"0.23","0.27","0.5","0.128047283246752","1,2,3,4,3,2,3,3,2,4,4,3,3,1,4,3,2","0.000725030899047852","louvain","graph_2024M01.graphml"
"0.22","0.28","0.5","0.128366235768139","1,2,3,3,3,2,3,3,2,4,3,3,3,1,4,3,2","0.000586032867431641","louvain","graph_2024M01.graphml"
"0.21","0.29","0.5","0.128556413116894","1,2,3,3,3,2,3,3,2,4,3,3,3,1,4,3,2","0.000607967376708984","louvain","graph_2024M01.graphml"
"0.2","0.3","0.5","0.125013135672734","1,2,2,2,2,3,2,2,3,2,2,2,2,1,1,2,3","0.000578165054321289","louvain","graph_2024M01.graphml"
"0.19","0.31","0.5","0.127936919049107","1,2,3,2,4,3,3,3,2,3,3,4,3,1,1,3,2","0.000622987747192383","louvain","graph_2024M01.graphml"
"0.18","0.32","0.5","0.126159094694411","1,2,3,3,3,2,3,3,2,3,3,3,3,1,1,3,2","0.000655889511108398","louvain","graph_2024M01.graphml"
"0.17","0.33","0.5","0.126290008835168","1,2,3,3,4,3,3,3,2,3,3,4,3,1,1,3,2","0.000599861145019531","louvain","graph_2024M01.graphml"
"0.16","0.34","0.5","0.125700402610024","1,2,3,3,3,2,3,4,2,4,3,3,3,1,4,4,2","0.000615119934082031","louvain","graph_2024M01.graphml"
"0.15","0.35","0.5","0.12551250163393","1,2,3,1,4,3,3,4,2,4,3,4,3,1,4,4,2","0.000808954238891602","louvain","graph_2024M01.graphml"
"0.14","0.36","0.5","0.125015335429328","1,2,3,1,3,3,3,3,2,4,3,3,3,1,4,3,2","0.000592947006225586","louvain","graph_2024M01.graphml"
"0.13","0.37","0.5","0.126431259581084","1,2,3,1,4,3,3,3,2,3,3,4,3,1,3,3,2","0.000640869140625","louvain","graph_2024M01.graphml"
"0.12","0.38","0.5","0.128814566712915","1,2,3,1,3,2,3,3,2,4,4,3,3,1,4,3,2","0.000586986541748047","louvain","graph_2024M01.graphml"
"0.11","0.39","0.5","0.127326696995631","1,2,3,1,4,3,3,3,2,5,3,4,3,1,5,3,2","0.000567913055419922","louvain","graph_2024M01.graphml"
"0.1","0.4","0.5","0.127588900168721","1,2,3,1,4,3,3,3,2,5,3,4,3,1,5,3,2","0.000577926635742188","louvain","graph_2024M01.graphml"
"0.09","0.41","0.5","0.128209218878398","1,2,3,2,2,3,3,3,2,4,3,5,3,1,4,3,2","0.000730991363525391","louvain","graph_2024M01.graphml"
"0.08","0.42","0.5","0.127524596587595","1,2,2,1,3,4,4,4,2,5,4,3,4,1,5,4,2","0.000573158264160156","louvain","graph_2024M01.graphml"
"0.07","0.43","0.5","0.127740033669081","1,2,3,1,3,2,3,3,2,4,4,3,3,1,4,3,2","0.000601053237915039","louvain","graph_2024M01.graphml"
"0.06","0.44","0.5","0.125607648787334","1,2,2,3,3,3,3,3,2,4,3,3,3,1,4,3,2","0.000646114349365234","louvain","graph_2024M01.graphml"
"0.05","0.45","0.5","0.127319827798321","1,2,3,2,2,4,4,4,2,3,4,4,4,1,3,4,2","0.000821113586425781","louvain","graph_2024M01.graphml"
"0.04","0.46","0.5","0.127608791124859","1,2,3,2,2,4,4,4,2,3,4,4,4,1,3,4,2","0.000586032867431641","louvain","graph_2024M01.graphml"
"0.03","0.47","0.5","0.127419581621334","1,2,3,1,2,3,3,3,2,3,4,4,3,3,3,3,2","0.000592947006225586","louvain","graph_2024M01.graphml"
"0.02","0.48","0.5","0.129874413119193","1,2,3,2,2,4,4,4,2,3,4,4,4,1,3,4,2","0.000644922256469727","louvain","graph_2024M01.graphml"
"0.01","0.49","0.5","0.128220143500898","1,2,3,1,2,4,4,4,2,3,4,4,4,4,3,4,2","0.000624895095825195","louvain","graph_2024M01.graphml"
"0","0.5","0.5","0.128203415510999","1,2,3,1,2,4,4,4,2,3,1,4,4,1,3,4,2","0.000653982162475586","louvain","graph_2024M01.graphml"
"0.49","0","0.51","0.127995885811873","1,2,3,2,3,1,3,3,2,4,3,3,3,1,4,3,2","0.000597953796386719","louvain","graph_2024M01.graphml"
"0.48","0.01","0.51","0.127109106538418","1,2,3,2,3,1,3,3,2,4,4,3,3,1,1,4,2","0.000560998916625977","louvain","graph_2024M01.graphml"
"0.47","0.02","0.51","0.128532754209556","1,2,3,2,3,1,3,3,2,4,4,3,3,1,4,4,2","0.000698089599609375","louvain","graph_2024M01.graphml"
"0.46","0.03","0.51","0.126048920024337","1,2,3,2,4,1,3,3,2,4,3,3,3,3,1,4,2","0.000602006912231445","louvain","graph_2024M01.graphml"
"0.45","0.04","0.51","0.127916404116782","1,2,3,2,3,1,3,3,2,4,4,3,3,1,4,3,2","0.000584840774536133","louvain","graph_2024M01.graphml"
"0.44","0.05","0.51","0.124746745958867","1,2,3,2,3,1,3,3,2,4,3,3,3,3,4,3,2","0.000650882720947266","louvain","graph_2024M01.graphml"
"0.43","0.06","0.51","0.126441695564412","1,2,3,2,3,3,3,3,2,4,3,3,3,1,4,3,2","0.000590085983276367","louvain","graph_2024M01.graphml"
"0.42","0.07","0.51","0.126394323695115","1,2,3,2,4,1,3,3,2,5,3,4,3,3,5,4,2","0.000581979751586914","louvain","graph_2024M01.graphml"
"0.41","0.08","0.51","0.126480502495902","1,2,3,2,3,2,3,3,2,4,4,3,3,1,4,3,2","0.00062108039855957","louvain","graph_2024M01.graphml"
"0.4","0.09","0.51","0.125535967570274","1,2,3,2,3,2,3,3,2,4,4,3,3,1,4,3,2","0.000701189041137695","louvain","graph_2024M01.graphml"
"0.39","0.1","0.51","0.126280427918605","1,2,3,2,3,2,3,3,2,4,4,3,3,1,4,3,2","0.000528097152709961","louvain","graph_2024M01.graphml"
"0.38","0.11","0.51","0.125914861687358","1,2,3,2,3,2,3,3,2,4,3,3,3,1,4,3,2","0.000766992568969727","louvain","graph_2024M01.graphml"
"0.37","0.12","0.51","0.126453325991892","1,2,3,2,3,2,3,3,2,4,3,3,3,1,4,3,2","0.000568151473999023","louvain","graph_2024M01.graphml"
"0.36","0.13","0.51","0.127051813016694","1,2,3,2,3,2,3,3,2,4,4,3,3,1,4,3,2","0.00060582160949707","louvain","graph_2024M01.graphml"
"0.35","0.14","0.51","0.127126271707802","1,2,3,4,4,2,4,4,2,4,4,3,4,1,1,4,2","0.000577926635742188","louvain","graph_2024M01.graphml"
"0.34","0.15","0.51","0.129019181605858","1,2,3,2,3,2,3,3,2,4,4,3,3,1,4,3,2","0.000665903091430664","louvain","graph_2024M01.graphml"
"0.33","0.16","0.51","0.128091741830779","1,2,3,2,3,2,3,3,2,4,4,3,3,1,4,3,2","0.000543117523193359","louvain","graph_2024M01.graphml"
"0.32","0.17","0.51","0.12655311912681","1,2,3,3,3,2,3,3,2,4,3,3,3,1,4,3,2","0.000594139099121094","louvain","graph_2024M01.graphml"
"0.31","0.18","0.51","0.127315436499106","1,2,3,3,3,2,3,3,2,4,3,3,3,1,4,3,2","0.000573873519897461","louvain","graph_2024M01.graphml"
"0.3","0.19","0.51","0.128173893693265","1,2,3,2,3,2,3,3,2,4,4,3,3,1,4,3,2","0.000555992126464844","louvain","graph_2024M01.graphml"
"0.29","0.2","0.51","0.127315436499106","1,2,3,3,3,2,3,3,2,4,3,3,3,1,4,3,2","0.000586032867431641","louvain","graph_2024M01.graphml"
"0.28","0.21","0.51","0.126654024602424","1,2,3,3,3,2,3,3,2,4,3,3,3,1,4,3,2","0.000580787658691406","louvain","graph_2024M01.graphml"
"0.27","0.22","0.51","0.127236859980679","1,2,3,3,3,2,3,3,2,4,3,3,3,1,4,3,2","0.00133395195007324","louvain","graph_2024M01.graphml"
"0.26","0.23","0.51","0.128253871814998","1,2,3,1,3,2,3,3,2,4,1,3,3,3,4,3,2","0.00061798095703125","louvain","graph_2024M01.graphml"
"0.25","0.24","0.51","0.126571905441996","1,2,3,3,4,2,3,3,2,3,3,4,3,1,1,3,2","0.000542163848876953","louvain","graph_2024M01.graphml"
"0.24","0.25","0.51","0.126505158410224","1,2,3,1,4,2,3,3,2,4,3,3,3,1,4,3,2","0.000551939010620117","louvain","graph_2024M01.graphml"
"0.23","0.26","0.51","0.125699477069739","1,2,3,3,3,2,3,3,2,4,3,3,3,1,4,3,2","0.000571012496948242","louvain","graph_2024M01.graphml"
"0.22","0.27","0.51","0.12748017338138","1,2,3,1,3,2,3,3,2,4,4,3,3,1,4,3,2","0.000567913055419922","louvain","graph_2024M01.graphml"
"0.21","0.28","0.51","0.126775460307934","1,2,3,4,3,2,3,3,2,4,4,3,3,1,4,3,2","0.000566005706787109","louvain","graph_2024M01.graphml"
"0.2","0.29","0.51","0.12579172014993","1,2,3,4,3,2,3,3,2,4,4,3,3,1,4,3,2","0.000605106353759766","louvain","graph_2024M01.graphml"
"0.19","0.3","0.51","0.126443093095554","1,2,3,1,3,2,3,3,2,4,1,3,3,3,4,3,2","0.000604867935180664","louvain","graph_2024M01.graphml"
"0.18","0.31","0.51","0.125603017996091","1,2,3,4,3,2,3,3,2,4,4,3,3,1,4,3,2","0.000584125518798828","louvain","graph_2024M01.graphml"
"0.17","0.32","0.51","0.126796991126526","1,2,3,1,3,2,3,3,2,4,4,3,3,1,4,3,2","0.000579118728637695","louvain","graph_2024M01.graphml"
"0.16","0.33","0.51","0.126894906712974","1,2,3,1,3,2,3,3,2,4,4,3,3,1,4,3,2","0.000574827194213867","louvain","graph_2024M01.graphml"
"0.15","0.34","0.51","0.127146832180335","1,2,3,1,3,2,3,3,2,4,4,3,3,1,4,3,2","0.000693082809448242","louvain","graph_2024M01.graphml"
"0.14","0.35","0.51","0.127373887634951","1,2,2,1,3,4,4,4,2,4,4,3,4,1,4,4,2","0.000540018081665039","louvain","graph_2024M01.graphml"
"0.13","0.36","0.51","0.127122320809723","1,2,2,1,3,4,4,4,2,4,4,3,4,1,4,4,2","0.000638008117675781","louvain","graph_2024M01.graphml"
"0.12","0.37","0.51","0.12638518528942","1,2,2,1,3,4,4,4,2,4,4,3,4,1,4,4,2","0.000593900680541992","louvain","graph_2024M01.graphml"
"0.11","0.38","0.51","0.126944953042655","1,2,3,1,2,3,3,3,2,3,4,4,3,3,3,3,2","0.000797033309936523","louvain","graph_2024M01.graphml"
"0.1","0.39","0.51","0.127608791124859","1,2,3,2,2,4,4,4,2,3,4,4,4,1,3,4,2","0.000580072402954102","louvain","graph_2024M01.graphml"
"0.09","0.4","0.51","0.127174515235457","1,2,3,2,2,3,3,3,2,3,3,3,3,1,3,3,2","0.000581979751586914","louvain","graph_2024M01.graphml"
"0.08","0.41","0.51","0.126864840601957","1,2,3,2,2,4,4,4,2,3,4,4,4,1,3,4,2","0.000567197799682617","louvain","graph_2024M01.graphml"
"0.07","0.42","0.51","0.126329343031857","1,2,3,2,2,3,3,3,2,3,1,3,3,1,3,3,2","0.000545978546142578","louvain","graph_2024M01.graphml"
"0.06","0.43","0.51","0.126367357042101","1,2,3,4,4,4,4,4,2,3,4,4,4,1,3,4,2","0.00064396858215332","louvain","graph_2024M01.graphml"
"0.05","0.44","0.51","0.12737143639841","1,2,3,1,2,4,4,4,2,3,4,4,4,4,3,4,2","0.000657081604003906","louvain","graph_2024M01.graphml"
"0.04","0.45","0.51","0.126405801990218","1,2,3,1,2,4,4,4,2,3,1,4,4,1,3,4,2","0.000578165054321289","louvain","graph_2024M01.graphml"
"0.03","0.46","0.51","0.12667471383975","1,2,3,1,2,4,4,4,2,3,4,4,4,4,2,4,2","0.000615119934082031","louvain","graph_2024M01.graphml"
"0.02","0.47","0.51","0.126194003082155","1,2,3,4,2,4,4,4,2,3,5,5,4,1,2,4,2","0.000748157501220703","louvain","graph_2024M01.graphml"
"0.01","0.48","0.51","0.12652862286109","1,2,3,1,2,4,4,4,2,3,4,4,4,4,2,4,2","0.000603199005126953","louvain","graph_2024M01.graphml"
"0","0.49","0.51","0.125870216603807","1,2,3,4,4,4,4,4,2,3,4,4,4,1,2,4,2","0.000577926635742188","louvain","graph_2024M01.graphml"
"0.48","0","0.52","0.124638489612173","1,2,3,2,3,2,3,3,2,4,1,3,3,3,4,3,2","0.000560998916625977","louvain","graph_2024M01.graphml"
"0.47","0.01","0.52","0.124510471999409","1,2,3,2,3,2,3,3,2,4,4,3,3,3,1,4,2","0.000544071197509766","louvain","graph_2024M01.graphml"
"0.46","0.02","0.52","0.124939795918367","1,2,3,2,3,2,3,3,2,4,4,3,3,1,4,3,2","0.000647068023681641","louvain","graph_2024M01.graphml"
"0.45","0.03","0.52","0.126280427918605","1,2,3,2,3,2,3,3,2,4,4,3,3,1,4,3,2","0.000597000122070312","louvain","graph_2024M01.graphml"
"0.44","0.04","0.52","0.125547004677833","1,2,3,2,3,2,3,3,2,4,4,3,3,1,4,3,2","0.000563859939575195","louvain","graph_2024M01.graphml"
"0.43","0.05","0.52","0.126535119218615","1,2,3,2,3,2,3,3,2,4,4,3,3,1,4,3,2","0.000688076019287109","louvain","graph_2024M01.graphml"
"0.42","0.06","0.52","0.127900720247032","1,2,2,2,2,3,2,2,3,4,4,2,2,1,4,2,3","0.000601053237915039","louvain","graph_2024M01.graphml"
"0.41","0.07","0.52","0.127447015843959","1,2,3,4,3,2,3,3,2,4,4,3,3,1,4,3,2","0.00119590759277344","louvain","graph_2024M01.graphml"
"0.4","0.08","0.52","0.125941610836716","1,2,3,2,3,2,3,3,2,4,4,3,3,1,4,3,2","0.000627994537353516","louvain","graph_2024M01.graphml"
"0.39","0.09","0.52","0.125722565777733","1,2,3,2,3,2,3,3,2,4,4,3,3,1,4,3,2","0.000676155090332031","louvain","graph_2024M01.graphml"
"0.38","0.1","0.52","0.126454413389018","1,2,3,2,3,2,3,3,2,4,4,3,3,1,4,3,2","0.000754833221435547","louvain","graph_2024M01.graphml"
"0.37","0.11","0.52","0.127481287547539","1,2,3,4,3,2,3,3,2,4,4,3,3,1,4,3,2","0.00059199333190918","louvain","graph_2024M01.graphml"
"0.36","0.12","0.52","0.128173893693265","1,2,3,2,3,2,3,3,2,4,4,3,3,1,4,3,2","0.00056910514831543","louvain","graph_2024M01.graphml"
"0.35","0.13","0.52","0.128175460150789","1,2,3,2,3,2,3,3,2,4,4,3,3,1,4,3,2","0.000636816024780273","louvain","graph_2024M01.graphml"
"0.34","0.14","0.52","0.128219075963665","1,2,3,4,3,2,3,3,2,4,4,3,3,1,4,3,2","0.000602006912231445","louvain","graph_2024M01.graphml"
"0.33","0.15","0.52","0.12657834953508","1,2,3,3,3,2,3,3,2,4,3,3,3,1,4,3,2","0.000571966171264648","louvain","graph_2024M01.graphml"
"0.32","0.16","0.52","0.128041846500281","1,2,3,1,3,2,3,3,2,4,1,3,3,3,4,3,2","0.000580072402954102","louvain","graph_2024M01.graphml"
"0.31","0.17","0.52","0.12630359968945","1,2,3,2,2,4,3,3,2,4,3,3,3,1,4,3,2","0.000561952590942383","louvain","graph_2024M01.graphml"
"0.3","0.18","0.52","0.127203223722798","1,2,3,4,3,2,3,3,2,4,4,3,3,1,4,3,2","0.000586032867431641","louvain","graph_2024M01.graphml"
"0.29","0.19","0.52","0.12511175898931","1,2,3,3,4,2,3,3,2,3,3,4,3,1,1,3,2","0.000546932220458984","louvain","graph_2024M01.graphml"
"0.28","0.2","0.52","0.125878106344579","1,2,3,2,2,2,3,3,2,4,3,3,3,1,4,3,2","0.000777006149291992","louvain","graph_2024M01.graphml"
"0.27","0.21","0.52","0.12696469063816","1,2,3,1,3,2,3,3,2,4,4,3,3,1,4,3,2","0.000570058822631836","louvain","graph_2024M01.graphml"
"0.26","0.22","0.52","0.125405358885668","1,2,3,1,3,3,3,3,2,4,4,3,3,3,4,3,2","0.000540018081665039","louvain","graph_2024M01.graphml"
"0.25","0.23","0.52","0.125470426689722","1,2,3,1,4,3,3,3,2,3,1,4,3,3,3,3,2","0.000643014907836914","louvain","graph_2024M01.graphml"
"0.24","0.24","0.52","0.124926410517907","1,2,3,1,4,3,3,3,2,3,3,4,3,1,3,3,2","0.000584125518798828","louvain","graph_2024M01.graphml"
"0.23","0.25","0.52","0.124070521158515","1,2,3,2,2,3,3,3,2,4,3,3,3,1,4,3,2","0.000592947006225586","louvain","graph_2024M01.graphml"
"0.22","0.26","0.52","0.125731335666899","1,2,3,2,2,3,3,3,2,3,3,4,3,1,3,3,2","0.000604867935180664","louvain","graph_2024M01.graphml"
"0.21","0.27","0.52","0.124785777777778","1,2,2,3,3,3,3,3,2,3,3,4,3,1,3,3,2","0.000726222991943359","louvain","graph_2024M01.graphml"
"0.2","0.28","0.52","0.126154918165039","1,2,2,1,3,4,4,4,2,4,4,3,4,4,4,4,2","0.000604152679443359","louvain","graph_2024M01.graphml"
"0.19","0.29","0.52","0.124505078402636","1,2,3,4,3,2,3,3,2,4,4,3,3,1,4,3,2","0.000677108764648438","louvain","graph_2024M01.graphml"
"0.18","0.3","0.52","0.125476679636105","1,2,3,4,2,3,2,2,3,2,4,2,2,1,2,2,3","0.000581026077270508","louvain","graph_2024M01.graphml"
"0.17","0.31","0.52","0.126418508713914","1,2,3,1,2,3,3,3,2,3,4,4,3,3,3,3,2","0.000550031661987305","louvain","graph_2024M01.graphml"
"0.16","0.32","0.52","0.126548515048451","1,2,3,2,2,4,4,4,2,4,4,3,4,1,4,4,2","0.000564098358154297","louvain","graph_2024M01.graphml"
"0.15","0.33","0.52","0.126264113639338","1,2,3,2,2,4,4,4,2,3,4,4,4,1,3,4,2","0.000597000122070312","louvain","graph_2024M01.graphml"
"0.14","0.34","0.52","0.12630890052356","1,2,3,1,2,4,4,4,2,3,1,4,4,4,3,4,2","0.000601053237915039","louvain","graph_2024M01.graphml"
"0.13","0.35","0.52","0.127560340040155","1,2,3,2,2,4,4,4,2,3,4,4,4,1,3,4,2","0.000640869140625","louvain","graph_2024M01.graphml"
"0.12","0.36","0.52","0.126720030461219","1,2,3,1,2,4,4,4,2,3,4,4,4,4,3,4,2","0.000619888305664062","louvain","graph_2024M01.graphml"
"0.11","0.37","0.52","0.126675662000337","1,2,3,1,2,4,4,4,2,3,4,4,4,4,3,4,2","0.000564813613891602","louvain","graph_2024M01.graphml"
"0.1","0.38","0.52","0.125793894522274","1,2,3,2,2,4,4,4,2,3,5,5,4,1,3,4,2","0.000579118728637695","louvain","graph_2024M01.graphml"
"0.09","0.39","0.52","0.125767954358701","1,2,3,2,2,4,4,4,2,3,1,4,4,1,3,4,2","0.000602960586547852","louvain","graph_2024M01.graphml"
"0.08","0.4","0.52","0.126333402705515","1,2,3,4,4,2,4,4,2,3,4,4,4,1,2,4,2","0.000633955001831055","louvain","graph_2024M01.graphml"
"0.07","0.41","0.52","0.125482417100648","1,2,3,1,2,4,4,4,2,3,4,4,4,4,2,4,2","0.000597953796386719","louvain","graph_2024M01.graphml"
"0.06","0.42","0.52","0.126343171139498","1,2,3,1,2,4,4,4,2,3,1,4,4,1,2,4,2","0.000620841979980469","louvain","graph_2024M01.graphml"
"0.05","0.43","0.52","0.125133957922419","1,2,3,4,4,4,4,4,3,2,4,4,4,1,3,4,3","0.000598907470703125","louvain","graph_2024M01.graphml"
"0.04","0.44","0.52","0.125179775354019","1,2,3,2,2,4,4,4,2,3,4,4,4,4,1,4,2","0.000654935836791992","louvain","graph_2024M01.graphml"
"0.03","0.45","0.52","0.125179775354019","1,2,3,2,2,4,4,4,2,3,4,4,4,4,1,4,2","0.000633001327514648","louvain","graph_2024M01.graphml"
"0.02","0.46","0.52","0.123897870251821","1,2,3,2,2,3,3,3,2,3,4,3,4,4,1,3,4","0.000610113143920898","louvain","graph_2024M01.graphml"
"0.01","0.47","0.52","0.125607274475244","1,2,3,2,2,3,3,3,2,3,4,4,3,1,3,3,2","0.000602006912231445","louvain","graph_2024M01.graphml"
"0","0.48","0.52","0.12491828903227","1,2,3,2,2,3,3,4,2,3,5,4,5,5,5,4,5","0.000653982162475586","louvain","graph_2024M01.graphml"
"0.47","0","0.53","0.12695975353318","1,2,3,2,3,2,3,3,2,4,4,3,3,1,4,3,2","0.000559091567993164","louvain","graph_2024M01.graphml"
"0.46","0.01","0.53","0.126218165787585","1,2,3,2,3,2,3,3,2,4,4,3,3,1,4,3,2","0.000576019287109375","louvain","graph_2024M01.graphml"
"0.45","0.02","0.53","0.126736097640459","1,2,3,2,3,2,3,3,2,4,4,3,3,1,4,3,2","0.000586986541748047","louvain","graph_2024M01.graphml"
"0.44","0.03","0.53","0.125274884259259","1,2,3,2,4,3,3,3,2,3,3,4,3,1,1,3,2","0.000663995742797852","louvain","graph_2024M01.graphml"
"0.43","0.04","0.53","0.126911651234568","1,2,3,4,3,2,3,3,2,4,4,3,3,1,4,3,2","0.000586032867431641","louvain","graph_2024M01.graphml"
"0.42","0.05","0.53","0.127041113864995","1,2,3,2,3,2,3,3,2,4,4,3,3,1,4,3,2","0.000560998916625977","louvain","graph_2024M01.graphml"
"0.41","0.06","0.53","0.126618731113214","1,2,3,1,3,2,3,3,2,4,4,3,3,1,4,3,2","0.000559091567993164","louvain","graph_2024M01.graphml"
"0.4","0.07","0.53","0.127878142810524","1,2,3,1,3,2,3,3,2,4,4,3,3,1,4,3,2","0.000690937042236328","louvain","graph_2024M01.graphml"
"0.39","0.08","0.53","0.127129258754014","1,2,3,1,3,2,3,3,2,4,4,3,3,1,4,3,2","0.000612974166870117","louvain","graph_2024M01.graphml"
"0.38","0.09","0.53","0.126063653597474","1,2,3,1,3,2,3,3,2,4,4,3,3,1,4,3,2","0.0005950927734375","louvain","graph_2024M01.graphml"
"0.37","0.1","0.53","0.1267102062391","1,2,3,1,3,2,3,3,2,4,4,3,3,1,4,3,2","0.000814914703369141","louvain","graph_2024M01.graphml"
"0.36","0.11","0.53","0.127384196185286","1,2,3,1,3,2,3,3,2,4,4,3,3,1,4,3,2","0.000751018524169922","louvain","graph_2024M01.graphml"
"0.35","0.12","0.53","0.12696469063816","1,2,3,1,3,2,3,3,2,4,4,3,3,1,4,3,2","0.000576019287109375","louvain","graph_2024M01.graphml"
"0.34","0.13","0.53","0.125878106344579","1,2,3,2,2,2,3,3,2,4,3,3,3,1,4,3,2","0.000559091567993164","louvain","graph_2024M01.graphml"
"0.33","0.14","0.53","0.124536746390166","1,2,3,3,3,2,3,3,2,4,3,3,3,1,4,3,2","0.000596046447753906","louvain","graph_2024M01.graphml"
"0.32","0.15","0.53","0.12637980038337","1,2,3,1,3,2,3,3,2,4,4,3,3,1,4,3,2","0.000590085983276367","louvain","graph_2024M01.graphml"
"0.31","0.16","0.53","0.124189921607661","1,2,3,3,3,2,3,3,2,4,3,3,3,1,4,3,2","0.000613927841186523","louvain","graph_2024M01.graphml"
"0.3","0.17","0.53","0.124960827752609","1,2,3,1,4,2,3,3,2,3,3,4,3,3,1,3,2","0.000590801239013672","louvain","graph_2024M01.graphml"
"0.29","0.18","0.53","0.123212090937188","1,2,3,3,4,3,3,3,2,3,3,4,3,1,3,3,2","0.000576972961425781","louvain","graph_2024M01.graphml"
"0.28","0.19","0.53","0.122604127941891","1,2,3,3,3,2,3,4,2,4,4,3,3,1,4,4,2","0.000581026077270508","louvain","graph_2024M01.graphml"
"0.27","0.2","0.53","0.122447477930004","1,2,2,3,4,3,3,4,2,4,3,4,3,1,4,4,2","0.000884056091308594","louvain","graph_2024M01.graphml"
"0.26","0.21","0.53","0.125420863512902","1,2,2,1,3,4,4,4,2,4,4,3,4,4,4,4,2","0.000637054443359375","louvain","graph_2024M01.graphml"
"0.25","0.22","0.53","0.125014770488652","1,2,2,1,3,4,4,4,2,4,4,3,4,4,4,4,2","0.000567913055419922","louvain","graph_2024M01.graphml"
"0.24","0.23","0.53","0.125747560314925","1,2,2,1,3,4,4,4,2,4,4,3,4,4,4,4,2","0.000572919845581055","louvain","graph_2024M01.graphml"
"0.23","0.24","0.53","0.126417262400772","1,2,3,2,2,4,4,4,2,4,4,3,4,1,4,4,2","0.000613927841186523","louvain","graph_2024M01.graphml"
"0.22","0.25","0.53","0.125756578947368","1,2,3,2,2,4,4,4,2,4,4,3,4,1,4,4,2","0.000658988952636719","louvain","graph_2024M01.graphml"
"0.21","0.26","0.53","0.125699983250478","1,2,3,1,2,3,3,3,2,3,1,4,3,3,3,3,2","0.000611066818237305","louvain","graph_2024M01.graphml"
"0.2","0.27","0.53","0.12560553633218","1,2,3,1,2,4,4,4,2,3,1,4,4,4,3,4,2","0.000983953475952148","louvain","graph_2024M01.graphml"
"0.19","0.28","0.53","0.126895165963365","1,2,3,1,2,4,4,4,2,3,1,4,4,4,3,4,2","0.000555992126464844","louvain","graph_2024M01.graphml"
"0.18","0.29","0.53","0.126701794673643","1,2,3,1,2,4,4,4,2,3,4,4,4,4,3,4,2","0.000617027282714844","louvain","graph_2024M01.graphml"
"0.17","0.3","0.53","0.125796087029853","1,2,3,1,2,4,4,4,2,3,1,4,4,1,3,4,2","0.000646829605102539","louvain","graph_2024M01.graphml"
"0.16","0.31","0.53","0.126458913393292","1,2,3,2,2,4,4,4,2,3,5,5,4,1,3,4,2","0.00058293342590332","louvain","graph_2024M01.graphml"
"0.15","0.32","0.53","0.126458913393292","1,2,3,2,2,4,4,4,2,3,5,5,4,1,3,4,2","0.000581979751586914","louvain","graph_2024M01.graphml"
"0.14","0.33","0.53","0.125327977202678","1,2,3,1,2,3,3,3,2,3,4,4,3,3,2,3,2","0.000599861145019531","louvain","graph_2024M01.graphml"
"0.13","0.34","0.53","0.125869013553968","1,2,3,4,4,2,4,4,2,3,4,4,4,1,2,4,2","0.000597000122070312","louvain","graph_2024M01.graphml"
"0.12","0.35","0.53","0.12623899835377","1,2,3,1,2,4,4,4,2,3,4,4,4,4,2,4,2","0.000612974166870117","louvain","graph_2024M01.graphml"
"0.11","0.36","0.53","0.125871981979176","1,2,3,2,2,3,3,3,2,3,3,3,3,3,1,3,2","0.000634908676147461","louvain","graph_2024M01.graphml"
"0.1","0.37","0.53","0.124396121546513","1,2,3,2,2,4,4,4,2,3,4,4,4,4,1,4,2","0.000607967376708984","louvain","graph_2024M01.graphml"
"0.09","0.38","0.53","0.124359630527198","1,2,3,2,2,4,4,4,2,3,4,4,4,4,1,4,2","0.000680923461914062","louvain","graph_2024M01.graphml"
"0.08","0.39","0.53","0.124919480627963","1,2,3,2,2,4,4,4,2,3,5,5,4,4,1,4,2","0.000833988189697266","louvain","graph_2024M01.graphml"
"0.07","0.4","0.53","0.124525919607531","1,2,3,2,2,4,4,4,2,3,4,4,4,4,1,4,2","0.000719785690307617","louvain","graph_2024M01.graphml"
"0.06","0.41","0.53","0.126119306860629","1,2,3,2,2,3,3,3,2,3,4,4,3,1,3,3,2","0.000602960586547852","louvain","graph_2024M01.graphml"
"0.05","0.42","0.53","0.125002186534446","1,2,3,2,2,3,3,3,2,3,4,3,3,1,3,3,2","0.000578880310058594","louvain","graph_2024M01.graphml"
"0.04","0.43","0.53","0.125340769748032","1,2,3,2,2,4,4,4,2,3,4,4,4,1,3,4,2","0.000924110412597656","louvain","graph_2024M01.graphml"
"0.03","0.44","0.53","0.127341552150552","1,2,3,2,2,4,4,4,2,3,5,5,4,1,4,4,2","0.000622034072875977","louvain","graph_2024M01.graphml"
"0.02","0.45","0.53","0.125885672828688","1,2,3,2,2,4,4,4,2,3,4,4,4,1,3,4,2","0.000606775283813477","louvain","graph_2024M01.graphml"
"0.01","0.46","0.53","0.12286841822254","1,2,3,2,2,3,3,4,2,3,4,4,4,1,4,4,4","0.000620126724243164","louvain","graph_2024M01.graphml"
"0","0.47","0.53","0.125521666105777","1,2,3,2,2,4,4,4,2,3,5,5,4,1,4,4,2","0.000591039657592773","louvain","graph_2024M01.graphml"
"0.46","0","0.54","0.126011165867895","1,2,3,1,3,2,3,3,2,4,4,3,3,1,4,3,2","0.0005950927734375","louvain","graph_2024M01.graphml"
"0.45","0.01","0.54","0.126011165867895","1,2,3,1,3,2,3,3,2,4,4,3,3,1,4,3,2","0.00061798095703125","louvain","graph_2024M01.graphml"
"0.44","0.02","0.54","0.122672687565148","1,2,3,2,4,3,3,3,2,3,3,4,3,1,1,3,2","0.000576972961425781","louvain","graph_2024M01.graphml"
"0.43","0.03","0.54","0.125595344740064","1,2,3,1,3,2,3,3,2,4,4,3,3,1,4,3,2","0.000576972961425781","louvain","graph_2024M01.graphml"
"0.42","0.04","0.54","0.126270964043559","1,2,3,1,3,2,3,3,2,4,4,3,3,1,4,3,2","0.000611066818237305","louvain","graph_2024M01.graphml"
"0.41","0.05","0.54","0.125633763709565","1,2,3,1,3,2,3,3,2,4,3,3,3,1,4,3,2","0.000720977783203125","louvain","graph_2024M01.graphml"
"0.4","0.06","0.54","0.125762884111575","1,2,3,2,2,3,3,3,2,3,3,4,3,1,1,3,2","0.000559806823730469","louvain","graph_2024M01.graphml"
"0.39","0.07","0.54","0.124184623813002","1,2,3,3,3,2,3,3,2,4,3,3,3,1,4,3,2","0.000586986541748047","louvain","graph_2024M01.graphml"
"0.38","0.08","0.54","0.124927833962567","1,2,3,3,3,2,3,3,2,4,3,3,3,1,4,3,2","0.000553131103515625","louvain","graph_2024M01.graphml"
"0.37","0.09","0.54","0.123453715159343","1,2,3,3,3,2,3,3,2,4,3,3,3,1,4,3,2","0.000589847564697266","louvain","graph_2024M01.graphml"
"0.36","0.1","0.54","0.124606692521859","1,2,3,1,3,2,3,3,2,4,4,3,3,1,4,3,2","0.000612020492553711","louvain","graph_2024M01.graphml"
"0.35","0.11","0.54","0.124462546248121","1,2,3,1,3,2,3,3,2,4,4,3,3,1,4,3,2","0.000563859939575195","louvain","graph_2024M01.graphml"
"0.34","0.12","0.54","0.123980346878664","1,2,2,1,3,2,4,4,2,4,4,3,4,4,4,4,2","0.000578880310058594","louvain","graph_2024M01.graphml"
"0.33","0.13","0.54","0.123176","1,2,2,1,3,2,4,4,2,4,4,3,4,4,4,4,2","0.000645160675048828","louvain","graph_2024M01.graphml"
"0.32","0.14","0.54","0.123442157017452","1,2,2,1,3,4,4,4,2,4,4,3,4,4,4,4,2","0.000546932220458984","louvain","graph_2024M01.graphml"
"0.31","0.15","0.54","0.125014770488652","1,2,2,1,3,4,4,4,2,4,4,3,4,4,4,4,2","0.000620841979980469","louvain","graph_2024M01.graphml"
"0.3","0.16","0.54","0.125747560314925","1,2,2,1,3,4,4,4,2,4,4,3,4,4,4,4,2","0.000606060028076172","louvain","graph_2024M01.graphml"
"0.29","0.17","0.54","0.124163902214296","1,2,3,2,2,3,3,3,2,4,4,3,3,1,4,3,2","0.000793933868408203","louvain","graph_2024M01.graphml"
"0.28","0.18","0.54","0.124533559359793","1,2,3,2,2,3,3,3,2,4,3,3,3,1,4,3,2","0.00056910514831543","louvain","graph_2024M01.graphml"
"0.27","0.19","0.54","0.122828081717451","1,2,3,2,2,3,3,3,2,3,3,3,3,1,3,3,2","0.000573873519897461","louvain","graph_2024M01.graphml"
"0.26","0.2","0.54","0.123855809062355","1,2,3,2,2,3,3,3,2,4,3,3,3,1,4,3,2","0.000562191009521484","louvain","graph_2024M01.graphml"
"0.25","0.21","0.54","0.125436370626682","1,2,3,2,2,4,4,4,2,3,5,5,4,1,3,4,2","0.000596046447753906","louvain","graph_2024M01.graphml"
"0.24","0.22","0.54","0.125689188639323","1,2,3,1,2,4,4,4,2,3,1,4,4,4,3,4,2","0.000666141510009766","louvain","graph_2024M01.graphml"
"0.23","0.23","0.54","0.125188336735091","1,2,3,2,2,4,4,4,2,3,1,4,4,1,3,4,2","0.000639915466308594","louvain","graph_2024M01.graphml"
"0.22","0.24","0.54","0.125305118590407","1,2,3,2,2,4,4,4,2,3,1,4,4,1,3,4,2","0.000755071640014648","louvain","graph_2024M01.graphml"
"0.21","0.25","0.54","0.125666597294485","1,2,3,4,4,4,4,4,2,3,4,4,4,1,3,4,2","0.000616788864135742","louvain","graph_2024M01.graphml"
"0.2","0.26","0.54","0.125261860548106","1,2,3,1,2,4,4,4,2,3,1,4,4,1,2,4,2","0.000600814819335938","louvain","graph_2024M01.graphml"
"0.19","0.27","0.54","0.12527746147673","1,2,3,2,2,4,4,4,2,3,4,4,4,4,1,4,2","0.000623941421508789","louvain","graph_2024M01.graphml"
"0.18","0.28","0.54","0.124585461895199","1,2,3,1,2,4,4,4,2,3,4,4,4,4,2,4,2","0.000583887100219727","louvain","graph_2024M01.graphml"
"0.17","0.29","0.54","0.124940617190754","1,2,3,2,2,4,4,4,2,3,4,4,4,4,1,4,2","0.000606775283813477","louvain","graph_2024M01.graphml"
"0.16","0.3","0.54","0.124391253194856","1,2,3,2,2,4,4,4,2,3,5,5,4,1,4,4,2","0.0006561279296875","louvain","graph_2024M01.graphml"
"0.15","0.31","0.54","0.125038038446348","1,2,3,2,2,4,4,4,2,3,5,5,4,1,4,4,2","0.000605106353759766","louvain","graph_2024M01.graphml"
"0.14","0.32","0.54","0.124240788664158","1,2,3,2,2,3,3,3,2,4,4,3,3,1,1,3,2","0.000601053237915039","louvain","graph_2024M01.graphml"
"0.13","0.33","0.54","0.12524433377392","1,2,3,2,2,4,4,4,2,3,5,5,4,1,4,4,2","0.000602006912231445","louvain","graph_2024M01.graphml"
"0.12","0.34","0.54","0.12524433377392","1,2,3,2,2,4,4,4,2,3,5,5,4,1,4,4,2","0.000699996948242188","louvain","graph_2024M01.graphml"
"0.11","0.35","0.54","0.126116055535778","1,2,3,2,2,4,4,4,2,3,4,4,4,1,3,4,2","0.000588893890380859","louvain","graph_2024M01.graphml"
"0.1","0.36","0.54","0.1258974503929","1,2,3,2,2,4,4,4,2,3,5,5,4,1,4,4,2","0.000586986541748047","louvain","graph_2024M01.graphml"
"0.09","0.37","0.54","0.12507421875","1,2,3,2,2,4,4,4,2,3,5,5,4,1,4,4,2","0.000590085983276367","louvain","graph_2024M01.graphml"
"0.08","0.38","0.54","0.124128547181192","1,2,3,2,2,4,4,4,2,3,4,4,4,1,3,4,2","0.000611066818237305","louvain","graph_2024M01.graphml"
"0.07","0.39","0.54","0.124658739684455","1,2,3,2,2,4,4,4,2,3,4,4,4,1,3,4,2","0.000627040863037109","louvain","graph_2024M01.graphml"
"0.06","0.4","0.54","0.125703890609467","1,2,3,2,2,4,4,4,2,3,5,5,4,1,4,4,2","0.0005950927734375","louvain","graph_2024M01.graphml"
"0.05","0.41","0.54","0.124644337265777","1,2,3,2,2,3,3,3,2,3,4,4,3,1,3,3,2","0.000605106353759766","louvain","graph_2024M01.graphml"
"0.04","0.42","0.54","0.122164034163317","1,2,3,2,2,3,3,4,2,3,3,4,3,3,1,4,2","0.000663995742797852","louvain","graph_2024M01.graphml"
"0.03","0.43","0.54","0.121955494589239","1,2,3,2,2,4,4,4,2,3,4,4,4,4,1,4,2","0.000798940658569336","louvain","graph_2024M01.graphml"
"0.02","0.44","0.54","0.123797031328247","1,2,3,2,2,4,4,4,2,3,4,4,4,1,3,4,2","0.000598907470703125","louvain","graph_2024M01.graphml"
"0.01","0.45","0.54","0.12523166095826","1,2,3,2,2,4,4,4,2,3,4,4,4,1,3,4,2","0.000817060470581055","louvain","graph_2024M01.graphml"
"0","0.46","0.54","0.12523166095826","1,2,3,2,2,4,4,4,2,3,4,4,4,1,3,4,2","0.00059199333190918","louvain","graph_2024M01.graphml"
"0.45","0","0.55","0.125048295158033","1,2,3,1,4,2,3,3,2,3,3,4,3,3,1,3,2","0.000594854354858398","louvain","graph_2024M01.graphml"
"0.44","0.01","0.55","0.124289819167254","1,2,3,1,4,2,3,3,2,3,3,4,3,3,1,3,2","0.000610828399658203","louvain","graph_2024M01.graphml"
"0.43","0.02","0.55","0.124606692521859","1,2,3,1,3,2,3,3,2,4,4,3,3,1,4,3,2","0.000605106353759766","louvain","graph_2024M01.graphml"
"0.42","0.03","0.55","0.124015420857903","1,2,3,1,4,2,3,3,2,3,3,4,3,3,1,3,2","0.000599145889282227","louvain","graph_2024M01.graphml"
"0.41","0.04","0.55","0.124074599831811","1,2,3,4,4,2,3,3,2,3,3,4,3,1,1,3,2","0.000571012496948242","louvain","graph_2024M01.graphml"
"0.4","0.05","0.55","0.123689017415425","1,2,2,1,3,2,4,4,2,4,4,3,4,4,1,4,2","0.000620126724243164","louvain","graph_2024M01.graphml"
"0.39","0.06","0.55","0.123437008493237","1,2,3,1,3,2,3,3,2,4,4,3,3,1,4,3,2","0.000615119934082031","louvain","graph_2024M01.graphml"
"0.38","0.07","0.55","0.122620444444444","1,2,2,3,3,2,3,3,2,3,3,4,3,1,3,3,2","0.000539064407348633","louvain","graph_2024M01.graphml"
"0.37","0.08","0.55","0.121769672086334","1,2,2,3,3,2,3,3,2,4,3,3,3,1,4,3,2","0.000584840774536133","louvain","graph_2024M01.graphml"
"0.36","0.09","0.55","0.122667611817433","1,2,2,3,3,2,3,3,2,3,3,3,3,1,3,3,2","0.000557899475097656","louvain","graph_2024M01.graphml"
"0.35","0.1","0.55","0.12294676100893","1,2,3,1,2,4,3,3,2,4,1,3,3,3,4,3,2","0.000576972961425781","louvain","graph_2024M01.graphml"
"0.34","0.11","0.55","0.123815921719342","1,2,3,1,2,3,3,3,2,3,1,3,3,3,3,3,2","0.000597000122070312","louvain","graph_2024M01.graphml"
"0.33","0.12","0.55","0.12410187162959","1,2,3,2,2,4,4,4,2,4,4,3,4,1,4,4,2","0.000581979751586914","louvain","graph_2024M01.graphml"
"0.32","0.13","0.55","0.123165829664993","1,2,3,2,2,3,3,3,2,4,3,3,3,1,4,3,2","0.000611066818237305","louvain","graph_2024M01.graphml"
"0.31","0.14","0.55","0.123398016727102","1,2,3,1,2,3,3,3,2,3,1,4,3,3,3,3,2","0.000748872756958008","louvain","graph_2024M01.graphml"
"0.3","0.15","0.55","0.124547823486693","1,2,3,1,2,4,4,4,2,3,1,5,4,4,3,4,2","0.000646114349365234","louvain","graph_2024M01.graphml"
"0.29","0.16","0.55","0.12412130661305","1,2,3,2,2,3,3,3,2,4,1,3,3,1,4,3,2","0.000610113143920898","louvain","graph_2024M01.graphml"
"0.28","0.17","0.55","0.125177018174985","1,2,3,2,2,4,4,4,2,3,4,4,4,4,3,4,2","0.000616788864135742","louvain","graph_2024M01.graphml"
"0.27","0.18","0.55","0.12361453304756","1,2,3,2,2,3,3,3,2,3,3,3,3,3,3,2,2","0.000620841979980469","louvain","graph_2024M01.graphml"
"0.26","0.19","0.55","0.123939891238948","1,2,3,2,2,4,4,4,2,3,4,4,4,4,1,4,2","0.000620126724243164","louvain","graph_2024M01.graphml"
"0.25","0.2","0.55","0.124653325135236","1,2,3,2,2,4,4,4,2,3,4,4,4,4,1,4,2","0.000679969787597656","louvain","graph_2024M01.graphml"
"0.24","0.21","0.55","0.125606843502707","1,2,3,1,2,4,4,4,2,3,4,4,4,4,2,4,2","0.000580072402954102","louvain","graph_2024M01.graphml"
"0.23","0.22","0.55","0.125408278425301","1,2,3,2,2,4,4,4,2,3,4,4,4,4,1,4,2","0.000576972961425781","louvain","graph_2024M01.graphml"
"0.22","0.23","0.55","0.125408278425301","1,2,3,2,2,4,4,4,2,3,4,4,4,4,1,4,2","0.000584125518798828","louvain","graph_2024M01.graphml"
"0.21","0.24","0.55","0.126116042670515","1,2,3,2,2,4,4,4,2,3,4,4,4,4,1,4,2","0.000616073608398438","louvain","graph_2024M01.graphml"
"0.2","0.25","0.55","0.124953767472707","1,2,3,2,2,4,4,4,2,3,4,4,4,1,3,4,2","0.000584125518798828","louvain","graph_2024M01.graphml"
"0.19","0.26","0.55","0.124932245434139","1,2,3,2,2,4,4,4,2,3,5,5,4,1,4,4,2","0.000601053237915039","louvain","graph_2024M01.graphml"
"0.18","0.27","0.55","0.124583962127633","1,2,3,2,2,4,4,4,2,3,5,5,4,1,4,4,2","0.000693082809448242","louvain","graph_2024M01.graphml"
"0.17","0.28","0.55","0.123885209435005","1,2,3,2,2,4,4,4,2,3,5,5,4,1,4,4,2","0.000630855560302734","louvain","graph_2024M01.graphml"
"0.16","0.29","0.55","0.124144542380103","1,2,3,2,2,4,4,4,2,3,5,5,4,1,4,4,2","0.000588178634643555","louvain","graph_2024M01.graphml"
"0.15","0.3","0.55","0.1235953125","1,2,3,2,2,4,4,4,2,3,4,4,4,1,3,4,2","0.000581026077270508","louvain","graph_2024M01.graphml"
"0.14","0.31","0.55","0.124128547181192","1,2,3,2,2,4,4,4,2,3,4,4,4,1,3,4,2","0.000578880310058594","louvain","graph_2024M01.graphml"
"0.13","0.32","0.55","0.125553458465995","1,2,3,2,2,3,3,3,2,3,4,4,3,1,3,3,2","0.000597000122070312","louvain","graph_2024M01.graphml"
"0.12","0.33","0.55","0.125121438825772","1,2,3,2,2,3,3,3,2,3,4,4,3,1,3,3,2","0.000617027282714844","louvain","graph_2024M01.graphml"
"0.11","0.34","0.55","0.124084801735124","1,2,3,2,2,3,3,3,2,3,4,4,3,1,3,3,2","0.000597953796386719","louvain","graph_2024M01.graphml"
"0.1","0.35","0.55","0.124084801735124","1,2,3,2,2,3,3,3,2,3,4,4,3,1,3,3,2","0.000576972961425781","louvain","graph_2024M01.graphml"
"0.09","0.36","0.55","0.12289329366099","1,2,3,2,2,3,3,3,2,3,3,3,3,1,3,3,2","0.000563859939575195","louvain","graph_2024M01.graphml"
"0.08","0.37","0.55","0.123635249596714","1,2,3,2,2,4,4,4,2,3,4,4,4,1,3,4,2","0.000624179840087891","louvain","graph_2024M01.graphml"
"0.07","0.38","0.55","0.123157248157248","1,2,3,2,2,4,4,4,2,3,4,4,4,1,3,4,2","0.000586032867431641","louvain","graph_2024M01.graphml"
"0.06","0.39","0.55","0.121667173541437","1,2,3,1,4,3,3,3,2,3,4,3,4,4,2,3,2","0.000600099563598633","louvain","graph_2024M01.graphml"
"0.05","0.4","0.55","0.12350375170888","1,2,3,2,2,4,3,3,2,3,4,3,4,1,4,3,4","0.000758886337280273","louvain","graph_2024M01.graphml"
"0.04","0.41","0.55","0.124046891742294","1,2,3,2,2,3,3,3,2,3,3,3,3,1,3,3,2","0.000644922256469727","louvain","graph_2024M01.graphml"
"0.03","0.42","0.55","0.123589127292645","1,2,3,1,4,4,4,4,2,3,4,4,4,4,2,4,2","0.000644922256469727","louvain","graph_2024M01.graphml"
"0.02","0.43","0.55","0.12368066331133","1,2,3,1,4,3,3,3,2,3,4,3,3,4,2,3,2","0.000627994537353516","louvain","graph_2024M01.graphml"
"0.01","0.44","0.55","0.123457235601847","1,2,3,1,3,3,3,3,2,3,3,3,3,3,2,3,2","0.000661849975585938","louvain","graph_2024M01.graphml"
"0","0.45","0.55","0.124361593089341","1,2,3,2,2,4,4,4,2,3,4,4,4,4,1,4,2","0.000618934631347656","louvain","graph_2024M01.graphml"
"0.44","0","0.56","0.12157336600467","1,2,2,1,3,2,4,4,2,5,4,3,4,4,5,4,2","0.000645875930786133","louvain","graph_2024M01.graphml"
"0.43","0.01","0.56","0.121911256675274","1,2,2,1,3,2,4,4,2,4,4,3,4,4,4,4,2","0.000641107559204102","louvain","graph_2024M01.graphml"
"0.42","0.02","0.56","0.121367736352187","1,2,2,3,3,2,3,3,2,3,3,4,3,1,3,3,2","0.000581979751586914","louvain","graph_2024M01.graphml"
"0.41","0.03","0.56","0.123111230088743","1,2,3,1,2,4,4,4,2,4,4,3,4,4,4,4,2","0.000606060028076172","louvain","graph_2024M01.graphml"
"0.4","0.04","0.56","0.123770371969006","1,2,3,1,2,4,4,4,2,4,1,3,4,4,4,4,2","0.000564098358154297","louvain","graph_2024M01.graphml"
"0.39","0.05","0.56","0.123458655445062","1,2,3,2,2,4,3,3,2,4,3,3,3,1,4,3,2","0.00059199333190918","louvain","graph_2024M01.graphml"
"0.38","0.06","0.56","0.122891995783992","1,2,3,1,2,4,3,3,2,4,1,3,3,3,4,3,2","0.000563859939575195","louvain","graph_2024M01.graphml"
"0.37","0.07","0.56","0.122958697678243","1,2,3,1,2,3,3,3,2,3,1,4,3,3,3,3,2","0.000586032867431641","louvain","graph_2024M01.graphml"
"0.36","0.08","0.56","0.124340481228299","1,2,3,2,2,4,4,4,2,4,4,3,4,1,4,4,2","0.000725030899047852","louvain","graph_2024M01.graphml"
"0.35","0.09","0.56","0.125254651008258","1,2,3,1,2,4,4,4,2,3,4,3,4,4,4,4,2","0.000561952590942383","louvain","graph_2024M01.graphml"
"0.34","0.1","0.56","0.124717274289243","1,2,3,2,2,4,4,4,2,3,4,3,4,4,4,4,2","0.000623941421508789","louvain","graph_2024M01.graphml"
"0.33","0.11","0.56","0.123615853172494","1,2,3,2,2,4,4,4,2,3,4,4,4,4,1,4,2","0.00065302848815918","louvain","graph_2024M01.graphml"
"0.32","0.12","0.56","0.122913376200263","1,2,3,1,2,4,4,4,2,3,4,4,4,4,2,4,2","0.000565052032470703","louvain","graph_2024M01.graphml"
"0.31","0.13","0.56","0.12494603645973","1,2,3,4,4,2,4,4,2,3,4,4,4,1,2,4,2","0.000576019287109375","louvain","graph_2024M01.graphml"
"0.3","0.14","0.56","0.123906153918925","1,2,3,1,2,4,4,4,2,3,4,4,4,4,2,4,2","0.000583171844482422","louvain","graph_2024M01.graphml"
"0.29","0.15","0.56","0.124396121546513","1,2,3,2,2,4,4,4,2,3,4,4,4,4,1,4,2","0.000592947006225586","louvain","graph_2024M01.graphml"
"0.28","0.16","0.56","0.124621187046817","1,2,3,2,2,4,4,4,2,3,4,4,4,4,1,4,2","0.000574827194213867","louvain","graph_2024M01.graphml"
"0.27","0.17","0.56","0.125938952091011","1,2,3,2,2,4,4,4,2,3,4,4,4,1,3,4,2","0.000574111938476562","louvain","graph_2024M01.graphml"
"0.26","0.18","0.56","0.125411351791088","1,2,3,2,2,4,4,4,2,3,4,4,4,1,3,4,2","0.000573158264160156","louvain","graph_2024M01.graphml"
"0.25","0.19","0.56","0.124078415572715","1,2,3,2,2,4,4,4,2,3,5,5,4,1,4,4,2","0.000587940216064453","louvain","graph_2024M01.graphml"
"0.24","0.2","0.56","0.122643098570707","1,2,3,2,2,4,4,4,2,3,5,5,4,1,4,4,2","0.000612974166870117","louvain","graph_2024M01.graphml"
"0.23","0.21","0.56","0.123262416693362","1,2,3,2,2,4,4,4,2,3,5,5,4,1,4,4,2","0.000633001327514648","louvain","graph_2024M01.graphml"
"0.22","0.22","0.56","0.122947802400059","1,2,3,2,2,3,3,3,2,3,4,4,3,1,3,3,2","0.000606060028076172","louvain","graph_2024M01.graphml"
"0.21","0.23","0.56","0.1238984375","1,2,3,2,2,3,3,3,2,3,4,4,3,1,3,3,2","0.000661134719848633","louvain","graph_2024M01.graphml"
"0.2","0.24","0.56","0.1235953125","1,2,3,2,2,4,4,4,2,3,4,4,4,1,3,4,2","0.00064396858215332","louvain","graph_2024M01.graphml"
"0.19","0.25","0.56","0.124636132560185","1,2,3,2,2,3,3,3,2,3,4,4,3,1,3,3,2","0.000581026077270508","louvain","graph_2024M01.graphml"
"0.18","0.26","0.56","0.123198991435204","1,2,3,2,2,3,3,3,2,3,4,4,3,1,3,3,2","0.000555992126464844","louvain","graph_2024M01.graphml"
"0.17","0.27","0.56","0.12296052470346","1,2,3,2,2,4,4,4,2,3,4,4,4,1,3,4,2","0.000555038452148438","louvain","graph_2024M01.graphml"
"0.16","0.28","0.56","0.12296052470346","1,2,3,2,2,4,4,4,2,3,4,4,4,1,3,4,2","0.000573158264160156","louvain","graph_2024M01.graphml"
"0.15","0.29","0.56","0.121735253772291","1,2,3,2,2,3,3,4,2,3,4,4,4,1,4,4,4","0.000581026077270508","louvain","graph_2024M01.graphml"
"0.14","0.3","0.56","0.12299421849596","1,2,3,2,2,4,4,4,2,3,4,4,4,1,3,4,2","0.000745058059692383","louvain","graph_2024M01.graphml"
"0.13","0.31","0.56","0.121507675868855","1,2,3,2,2,3,3,3,2,3,3,3,3,1,3,3,2","0.000576972961425781","louvain","graph_2024M01.graphml"
"0.12","0.32","0.56","0.122472806654372","1,2,3,1,2,3,3,3,2,3,4,4,3,2,3,3,2","0.000600099563598633","louvain","graph_2024M01.graphml"
"0.11","0.33","0.56","0.123143712887303","1,2,3,1,2,4,4,4,2,3,4,4,4,2,3,4,2","0.000588893890380859","louvain","graph_2024M01.graphml"
"0.1","0.34","0.56","0.122129811094577","1,2,3,1,4,4,4,4,2,3,4,4,4,4,2,4,2","0.000627040863037109","louvain","graph_2024M01.graphml"
"0.09","0.35","0.56","0.122868650242349","1,2,3,2,2,4,4,4,2,3,4,4,4,4,1,4,2","0.000610113143920898","louvain","graph_2024M01.graphml"
"0.08","0.36","0.56","0.122151125966849","1,2,3,4,4,4,4,4,2,3,4,4,4,1,2,4,2","0.000586986541748047","louvain","graph_2024M01.graphml"
"0.07","0.37","0.56","0.124032323232323","1,2,3,2,2,4,4,4,2,3,4,4,4,4,1,4,2","0.000731945037841797","louvain","graph_2024M01.graphml"
"0.06","0.38","0.56","0.123161176086991","1,2,3,1,4,2,4,4,2,3,4,4,4,4,2,4,2","0.000576019287109375","louvain","graph_2024M01.graphml"
"0.05","0.39","0.56","0.121866175406661","1,2,3,1,4,3,3,3,2,3,4,3,3,4,2,3,2","0.000608921051025391","louvain","graph_2024M01.graphml"
"0.04","0.4","0.56","0.122589635651038","1,2,3,2,2,4,4,4,2,3,4,4,4,4,1,4,2","0.000661134719848633","louvain","graph_2024M01.graphml"
"0.03","0.41","0.56","0.123263549490921","1,2,3,2,2,4,4,4,2,3,4,4,4,4,1,4,2","0.000595808029174805","louvain","graph_2024M01.graphml"
"0.02","0.42","0.56","0.12253905163506","1,2,3,4,4,4,4,4,2,3,4,4,4,1,2,4,2","0.000617027282714844","louvain","graph_2024M01.graphml"
"0.01","0.43","0.56","0.122230987127541","1,2,3,1,4,2,4,4,2,3,4,4,4,4,2,4,2","0.000624895095825195","louvain","graph_2024M01.graphml"
"0","0.44","0.56","0.121988120826059","1,2,3,4,4,4,4,4,2,3,4,4,4,1,2,4,2","0.000594139099121094","louvain","graph_2024M01.graphml"
"0.43","0","0.57","0.122680165748216","1,2,3,2,2,1,3,3,2,3,3,3,3,1,3,3,2","0.000566005706787109","louvain","graph_2024M01.graphml"
"0.42","0.01","0.57","0.122618650946217","1,2,3,2,2,4,3,3,2,4,3,3,3,1,4,3,2","0.000587940216064453","louvain","graph_2024M01.graphml"
"0.41","0.02","0.57","0.123391633875078","1,2,3,2,2,4,3,3,2,4,3,3,3,1,4,3,2","0.000597000122070312","louvain","graph_2024M01.graphml"
"0.4","0.03","0.57","0.122707302579305","1,2,3,2,2,4,4,4,2,3,4,3,4,4,1,4,2","0.000946044921875","louvain","graph_2024M01.graphml"
"0.39","0.04","0.57","0.123308220603538","1,2,3,2,2,4,4,4,2,3,4,3,4,4,1,4,2","0.000584840774536133","louvain","graph_2024M01.graphml"
"0.38","0.05","0.57","0.122588943052264","1,2,3,2,2,4,4,4,2,3,4,3,4,4,1,4,2","0.000604867935180664","louvain","graph_2024M01.graphml"
"0.37","0.06","0.57","0.123055555555556","1,2,3,2,2,4,4,4,2,3,4,4,4,4,1,4,2","0.000633955001831055","louvain","graph_2024M01.graphml"
"0.36","0.07","0.57","0.123906153918925","1,2,3,1,2,4,4,4,2,3,4,4,4,4,2,4,2","0.000581979751586914","louvain","graph_2024M01.graphml"
"0.35","0.08","0.57","0.124112975804311","1,2,3,2,2,4,4,4,2,3,4,4,4,4,1,4,2","0.000567913055419922","louvain","graph_2024M01.graphml"
"0.34","0.09","0.57","0.124358235203175","1,2,3,2,2,4,4,4,2,3,5,5,4,1,4,4,2","0.000638961791992188","louvain","graph_2024M01.graphml"
"0.33","0.1","0.57","0.12428617778069","1,2,3,2,2,4,4,4,2,3,5,5,4,1,4,4,2","0.000586986541748047","louvain","graph_2024M01.graphml"
"0.32","0.11","0.57","0.122989486640991","1,2,3,2,2,4,4,4,2,3,5,5,4,1,4,4,2","0.000610113143920898","louvain","graph_2024M01.graphml"
"0.31","0.12","0.57","0.12314477538446","1,2,3,2,2,4,4,4,2,3,5,5,4,1,4,4,2","0.000627040863037109","louvain","graph_2024M01.graphml"
"0.3","0.13","0.57","0.122952501640818","1,2,3,2,2,4,4,4,2,3,5,5,4,1,4,4,2","0.000808000564575195","louvain","graph_2024M01.graphml"
"0.29","0.14","0.57","0.1231984375","1,2,3,2,2,4,4,4,2,3,4,4,4,1,3,4,2","0.000608921051025391","louvain","graph_2024M01.graphml"
"0.28","0.15","0.57","0.123571875","1,2,3,2,2,4,4,4,2,3,5,5,4,1,4,4,2","0.000577926635742188","louvain","graph_2024M01.graphml"
"0.27","0.16","0.57","0.123571875","1,2,3,2,2,4,4,4,2,3,5,5,4,1,4,4,2","0.000648021697998047","louvain","graph_2024M01.graphml"
"0.26","0.17","0.57","0.123645916852898","1,2,3,2,2,4,4,4,2,3,5,5,4,1,4,4,2","0.000713825225830078","louvain","graph_2024M01.graphml"
"0.25","0.18","0.57","0.124222830909301","1,2,3,2,2,4,4,4,2,3,4,4,4,1,3,4,2","0.000558137893676758","louvain","graph_2024M01.graphml"
"0.24","0.19","0.57","0.123773159122955","1,2,3,2,2,4,4,4,2,3,4,4,4,1,3,4,2","0.000544071197509766","louvain","graph_2024M01.graphml"
"0.23","0.2","0.57","0.123408250914781","1,2,3,2,2,4,4,4,2,3,4,4,4,1,3,4,2","0.000585079193115234","louvain","graph_2024M01.graphml"
"0.22","0.21","0.57","0.122318294954323","1,2,3,2,2,4,4,4,2,3,4,4,4,1,3,4,2","0.000564098358154297","louvain","graph_2024M01.graphml"
"0.21","0.22","0.57","0.122528397299159","1,2,3,2,2,4,4,4,2,3,4,4,4,1,3,4,2","0.000588893890380859","louvain","graph_2024M01.graphml"
"0.2","0.23","0.57","0.122210723952258","1,2,3,1,2,4,4,4,2,3,4,4,4,2,3,4,2","0.000579833984375","louvain","graph_2024M01.graphml"
"0.19","0.24","0.57","0.12146712333923","1,2,3,1,2,4,2,2,4,3,2,2,2,2,4,2,4","0.00056910514831543","louvain","graph_2024M01.graphml"
"0.18","0.25","0.57","0.121831970264679","1,2,3,2,2,4,4,4,2,3,4,4,4,1,3,4,2","0.000602006912231445","louvain","graph_2024M01.graphml"
"0.17","0.26","0.57","0.120775580011898","1,2,3,4,4,4,4,4,2,3,4,4,4,1,2,4,2","0.000639915466308594","louvain","graph_2024M01.graphml"
"0.16","0.27","0.57","0.121384404544136","1,2,3,2,2,4,4,4,2,3,4,4,4,1,3,4,2","0.000587940216064453","louvain","graph_2024M01.graphml"
"0.15","0.28","0.57","0.123170774813837","1,2,3,2,2,3,3,3,2,3,3,3,3,1,1,3,2","0.000572919845581055","louvain","graph_2024M01.graphml"
"0.14","0.29","0.57","0.123609182736455","1,2,3,2,2,3,3,3,2,3,4,3,3,1,1,3,2","0.000645160675048828","louvain","graph_2024M01.graphml"
"0.13","0.3","0.57","0.122761762234825","1,2,3,1,4,3,3,3,2,3,4,3,3,4,2,3,2","0.00068211555480957","louvain","graph_2024M01.graphml"
"0.12","0.31","0.57","0.122601096267539","1,2,3,2,2,3,3,3,2,3,4,4,3,1,3,4,2","0.000721931457519531","louvain","graph_2024M01.graphml"
"0.11","0.32","0.57","0.121590216286834","1,2,3,2,2,3,3,3,2,3,3,3,3,1,3,3,2","0.000636816024780273","louvain","graph_2024M01.graphml"
"0.1","0.33","0.57","0.120160526072485","1,2,3,3,3,2,3,4,2,4,3,3,3,1,4,4,2","0.000552892684936523","louvain","graph_2024M01.graphml"
"0.09","0.34","0.57","0.122644255781544","1,2,3,2,2,3,3,3,2,3,3,3,3,1,1,3,2","0.000782012939453125","louvain","graph_2024M01.graphml"
"0.08","0.35","0.57","0.121640409438613","1,2,3,4,4,4,4,4,2,3,4,4,4,1,2,4,2","0.000624179840087891","louvain","graph_2024M01.graphml"
"0.07","0.36","0.57","0.121328911318573","1,2,3,1,4,4,4,4,2,3,4,4,4,4,2,4,2","0.000637054443359375","louvain","graph_2024M01.graphml"
"0.06","0.37","0.57","0.122558815192744","1,2,3,1,4,2,4,4,2,3,4,4,4,4,2,4,2","0.00061488151550293","louvain","graph_2024M01.graphml"
"0.05","0.38","0.57","0.122944888598011","1,2,3,1,3,3,3,3,2,3,3,3,3,3,2,3,2","0.000784873962402344","louvain","graph_2024M01.graphml"
"0.04","0.39","0.57","0.124053079373972","1,2,3,1,4,4,4,4,2,3,4,4,4,4,2,4,2","0.000570058822631836","louvain","graph_2024M01.graphml"
"0.03","0.4","0.57","0.122212581526751","1,2,3,2,3,3,3,3,2,3,3,3,3,1,2,3,2","0.000603914260864258","louvain","graph_2024M01.graphml"
"0.02","0.41","0.57","0.122784743236027","1,2,3,1,4,4,4,4,2,3,4,4,4,4,2,4,2","0.00072789192199707","louvain","graph_2024M01.graphml"
"0.01","0.42","0.57","0.12290993798683","1,2,3,1,4,3,3,3,2,4,3,3,3,3,2,3,2","0.000603914260864258","louvain","graph_2024M01.graphml"
"0","0.43","0.57","0.12246591835835","1,2,3,2,4,3,3,3,2,4,3,3,3,1,2,3,2","0.000598907470703125","louvain","graph_2024M01.graphml"
"0.42","0","0.58","0.123137440231291","1,2,3,1,2,4,4,4,2,3,4,4,4,4,2,4,2","0.000629901885986328","louvain","graph_2024M01.graphml"
"0.41","0.01","0.58","0.123670219206967","1,2,3,2,2,4,4,4,2,3,4,4,4,4,1,4,2","0.000599145889282227","louvain","graph_2024M01.graphml"
"0.4","0.02","0.58","0.123826344814071","1,2,3,2,2,4,4,4,2,3,5,5,4,1,4,4,2","0.000610113143920898","louvain","graph_2024M01.graphml"
"0.39","0.03","0.58","0.12173797181633","1,2,3,2,2,4,4,4,2,3,4,4,4,1,3,4,2","0.000585794448852539","louvain","graph_2024M01.graphml"
"0.38","0.04","0.58","0.121706419840987","1,2,3,2,2,3,3,3,2,3,4,4,3,1,3,3,2","0.000566959381103516","louvain","graph_2024M01.graphml"
"0.37","0.05","0.58","0.121369407855702","1,2,3,2,2,4,4,4,2,3,4,4,4,1,3,4,2","0.000622987747192383","louvain","graph_2024M01.graphml"
"0.36","0.06","0.58","0.122889474173067","1,2,3,2,2,3,3,3,2,3,4,4,3,1,3,3,2","0.000577211380004883","louvain","graph_2024M01.graphml"
"0.35","0.07","0.58","0.122456831301311","1,2,3,2,2,3,3,3,2,3,4,4,3,1,3,3,2","0.000606060028076172","louvain","graph_2024M01.graphml"
"0.34","0.08","0.58","0.122664281540912","1,2,3,2,2,4,4,4,2,3,4,4,4,1,3,4,2","0.00064396858215332","louvain","graph_2024M01.graphml"
"0.33","0.09","0.58","0.122169385646219","1,2,3,2,2,3,3,3,2,3,4,4,3,1,3,3,2","0.000616073608398438","louvain","graph_2024M01.graphml"
"0.32","0.1","0.58","0.123295988960669","1,2,3,2,2,4,4,4,2,3,4,4,4,1,3,4,2","0.000613927841186523","louvain","graph_2024M01.graphml"
"0.31","0.11","0.58","0.123773159122955","1,2,3,2,2,4,4,4,2,3,4,4,4,1,3,4,2","0.000668048858642578","louvain","graph_2024M01.graphml"
"0.3","0.12","0.58","0.123128020158188","1,2,3,2,2,4,4,4,2,3,4,4,4,1,3,4,2","0.000586986541748047","louvain","graph_2024M01.graphml"
"0.29","0.13","0.58","0.122680221301833","1,2,3,2,2,4,4,4,2,3,4,4,4,1,3,4,2","0.000560998916625977","louvain","graph_2024M01.graphml"
"0.28","0.14","0.58","0.122528397299159","1,2,3,2,2,4,4,4,2,3,4,4,4,1,3,4,2","0.000503063201904297","louvain","graph_2024M01.graphml"
"0.27","0.15","0.58","0.122907428336276","1,2,3,2,2,3,3,3,2,3,4,4,3,1,3,3,2","0.000633955001831055","louvain","graph_2024M01.graphml"
"0.26","0.16","0.58","0.121146448868983","1,2,3,2,2,3,3,3,2,3,3,3,3,1,1,3,2","0.000694036483764648","louvain","graph_2024M01.graphml"
"0.25","0.17","0.58","0.121146448868983","1,2,3,2,2,3,3,3,2,3,3,3,3,1,1,3,2","0.00066685676574707","louvain","graph_2024M01.graphml"
"0.24","0.18","0.58","0.120543559519333","1,2,3,4,4,4,4,4,2,3,4,4,4,1,2,4,2","0.000606060028076172","louvain","graph_2024M01.graphml"
"0.23","0.19","0.58","0.12040749553837","1,2,3,2,2,3,3,3,2,3,3,3,3,1,1,3,2","0.00061488151550293","louvain","graph_2024M01.graphml"
"0.22","0.2","0.58","0.121561596401406","1,2,3,2,2,3,3,3,2,3,4,4,3,1,3,3,2","0.000749111175537109","louvain","graph_2024M01.graphml"
"0.21","0.21","0.58","0.120997649401452","1,2,3,2,2,3,3,3,2,3,4,4,3,1,3,4,2","0.000671863555908203","louvain","graph_2024M01.graphml"
"0.2","0.22","0.58","0.122592563420383","1,2,3,2,2,3,3,3,2,3,2,3,3,2,1,3,2","0.000653982162475586","louvain","graph_2024M01.graphml"
"0.19","0.23","0.58","0.122320113646731","1,2,3,1,4,3,3,3,2,3,4,3,3,4,2,3,2","0.000612020492553711","louvain","graph_2024M01.graphml"
"0.18","0.24","0.58","0.12217660173313","1,2,3,1,4,2,4,4,2,3,4,4,4,4,2,4,2","0.000568866729736328","louvain","graph_2024M01.graphml"
"0.17","0.25","0.58","0.121504304002513","1,2,3,4,4,4,4,4,2,3,4,4,4,1,2,4,2","0.000587940216064453","louvain","graph_2024M01.graphml"
"0.16","0.26","0.58","0.122159107246577","1,2,3,1,4,3,3,3,2,3,4,3,3,4,2,3,2","0.000560998916625977","louvain","graph_2024M01.graphml"
"0.15","0.27","0.58","0.121605650973502","1,2,3,2,2,3,3,3,2,3,3,3,3,1,1,3,2","0.000782012939453125","louvain","graph_2024M01.graphml"
"0.14","0.28","0.58","0.121337080195051","1,2,3,2,2,3,3,3,2,3,4,4,3,1,3,4,2","0.000607967376708984","louvain","graph_2024M01.graphml"
"0.13","0.29","0.58","0.121565296392707","1,2,3,2,2,3,3,3,2,3,4,4,3,1,3,4,2","0.000606060028076172","louvain","graph_2024M01.graphml"
"0.12","0.3","0.58","0.123209162977657","1,2,3,1,4,2,4,4,2,3,4,4,4,4,2,4,2","0.000595808029174805","louvain","graph_2024M01.graphml"
"0.11","0.31","0.58","0.122365709440489","1,2,3,1,4,2,4,4,2,3,4,4,4,4,2,4,2","0.000604152679443359","louvain","graph_2024M01.graphml"
"0.1","0.32","0.58","0.120658892633391","1,2,3,2,2,3,3,3,2,3,4,4,3,1,3,3,2","0.000692844390869141","louvain","graph_2024M01.graphml"
"0.09","0.33","0.58","0.12278891509434","1,2,3,1,4,4,4,4,2,3,4,4,4,4,2,4,2","0.000581026077270508","louvain","graph_2024M01.graphml"
"0.08","0.34","0.58","0.121827365607062","1,2,3,1,4,3,3,3,2,4,3,3,3,3,2,3,2","0.000603914260864258","louvain","graph_2024M01.graphml"
"0.07","0.35","0.58","0.122429408410096","1,2,3,1,4,4,4,4,2,3,4,4,4,4,2,4,2","0.000627040863037109","louvain","graph_2024M01.graphml"
"0.06","0.36","0.58","0.121456142961053","1,2,3,1,4,3,3,3,2,4,3,3,3,3,2,3,2","0.000648975372314453","louvain","graph_2024M01.graphml"
"0.05","0.37","0.58","0.121587014260839","1,2,3,2,4,3,3,3,2,4,3,3,3,1,2,3,2","0.00058293342590332","louvain","graph_2024M01.graphml"
"0.04","0.38","0.58","0.122574201884678","1,2,3,2,3,3,3,3,2,3,3,3,3,1,2,3,2","0.000594854354858398","louvain","graph_2024M01.graphml"
"0.03","0.39","0.58","0.12139882722869","1,2,3,3,3,3,3,3,2,3,3,3,3,1,2,3,2","0.000608921051025391","louvain","graph_2024M01.graphml"
"0.02","0.4","0.58","0.121955263981181","1,2,3,2,4,3,3,3,2,4,4,3,3,1,2,3,2","0.000602960586547852","louvain","graph_2024M01.graphml"
"0.01","0.41","0.58","0.122100453317901","1,2,3,2,3,3,3,3,2,3,3,3,3,1,2,3,2","0.000601053237915039","louvain","graph_2024M01.graphml"
"0","0.42","0.58","0.123813263711471","1,2,3,2,3,3,3,3,2,3,3,3,3,1,2,3,2","0.00068211555480957","louvain","graph_2024M01.graphml"
"0.41","0","0.59","0.121906137365073","1,2,3,2,2,3,3,3,2,4,3,3,3,1,4,3,2","0.000622034072875977","louvain","graph_2024M01.graphml"
"0.4","0.01","0.59","0.12146328125","1,2,3,2,2,3,3,3,2,4,3,3,3,1,4,3,2","0.000605106353759766","louvain","graph_2024M01.graphml"
"0.39","0.02","0.59","0.121509661009571","1,2,3,2,2,3,3,3,2,3,4,4,3,1,3,3,2","0.00061798095703125","louvain","graph_2024M01.graphml"
"0.38","0.03","0.59","0.120910458701439","1,2,3,2,2,3,3,3,2,4,3,3,3,1,4,3,2","0.000602960586547852","louvain","graph_2024M01.graphml"
"0.37","0.04","0.59","0.120471310087495","1,2,3,2,2,3,3,3,2,4,3,3,3,1,4,3,2","0.000591039657592773","louvain","graph_2024M01.graphml"
"0.36","0.05","0.59","0.120679888429828","1,2,3,2,2,3,3,3,2,3,4,4,3,1,3,3,2","0.000574111938476562","louvain","graph_2024M01.graphml"
"0.35","0.06","0.59","0.121918152720622","1,2,3,2,2,3,3,3,2,4,3,3,3,1,4,3,2","0.000962018966674805","louvain","graph_2024M01.graphml"
"0.34","0.07","0.59","0.121706918176193","1,2,3,2,2,3,3,3,2,4,3,3,3,1,4,3,2","0.000622987747192383","louvain","graph_2024M01.graphml"
"0.33","0.08","0.59","0.121252618488491","1,2,3,2,2,3,3,3,2,3,4,4,3,1,3,3,2","0.000623226165771484","louvain","graph_2024M01.graphml"
"0.32","0.09","0.59","0.119821596597539","1,2,2,2,2,3,2,2,3,2,2,2,2,1,3,2,3","0.000615835189819336","louvain","graph_2024M01.graphml"
"0.31","0.1","0.59","0.122220870578624","1,2,3,2,2,3,3,3,2,3,4,4,3,1,3,3,2","0.000618934631347656","louvain","graph_2024M01.graphml"
"0.3","0.11","0.59","0.12128463044214","1,2,3,4,4,3,4,4,3,2,4,4,4,1,3,4,3","0.000628948211669922","louvain","graph_2024M01.graphml"
"0.29","0.12","0.59","0.121356119286512","1,2,3,2,2,4,2,2,4,3,2,2,2,2,4,2,4","0.0006561279296875","louvain","graph_2024M01.graphml"
"0.28","0.13","0.59","0.120025866307216","1,2,3,2,2,4,2,2,4,3,2,2,2,2,4,2,4","0.000863075256347656","louvain","graph_2024M01.graphml"
"0.27","0.14","0.59","0.119979203977755","1,2,3,2,2,3,3,3,2,3,4,4,3,1,3,4,2","0.000607967376708984","louvain","graph_2024M01.graphml"
"0.26","0.15","0.59","0.120239820215256","1,2,3,2,2,4,2,2,4,3,2,2,2,2,4,2,4","0.000737190246582031","louvain","graph_2024M01.graphml"
"0.25","0.16","0.59","0.122534432150092","1,2,3,2,2,3,3,3,2,3,4,4,3,1,3,4,2","0.000601053237915039","louvain","graph_2024M01.graphml"
"0.24","0.17","0.59","0.121686609817997","1,2,3,2,2,3,3,3,2,3,4,4,3,1,3,4,2","0.000612974166870117","louvain","graph_2024M01.graphml"
"0.23","0.18","0.59","0.121839372003303","1,2,3,1,4,4,4,4,2,3,4,4,4,4,2,4,2","0.000632047653198242","louvain","graph_2024M01.graphml"
"0.22","0.19","0.59","0.122829793718982","1,2,3,1,4,2,4,4,2,3,4,4,4,4,2,4,2","0.000565052032470703","louvain","graph_2024M01.graphml"
"0.21","0.2","0.59","0.121206159428585","1,2,3,4,4,4,4,4,2,3,4,4,4,1,2,4,2","0.000584840774536133","louvain","graph_2024M01.graphml"
"0.2","0.21","0.59","0.121169363760029","1,2,3,2,2,3,3,3,2,3,1,3,3,1,3,3,2","0.000561952590942383","louvain","graph_2024M01.graphml"
"0.19","0.22","0.59","0.120940418029864","1,2,3,2,2,3,3,3,2,3,1,3,3,1,2,3,2","0.00061798095703125","louvain","graph_2024M01.graphml"
"0.18","0.23","0.59","0.121034638283794","1,2,3,1,4,2,4,4,2,3,4,4,4,4,2,4,2","0.00062108039855957","louvain","graph_2024M01.graphml"
"0.17","0.24","0.59","0.11974195418554","1,2,3,1,4,3,3,3,2,3,4,3,3,4,2,3,2","0.000581979751586914","louvain","graph_2024M01.graphml"
"0.16","0.25","0.59","0.120107139105774","1,2,3,1,3,3,3,3,2,4,3,3,3,3,2,3,2","0.000586986541748047","louvain","graph_2024M01.graphml"
"0.15","0.26","0.59","0.122065097677109","1,2,3,1,4,2,4,4,2,3,4,4,4,4,2,4,2","0.000650167465209961","louvain","graph_2024M01.graphml"
"0.14","0.27","0.59","0.121973733811469","1,2,3,1,4,2,4,4,2,3,4,4,4,4,2,4,2","0.000628948211669922","louvain","graph_2024M01.graphml"
"0.13","0.28","0.59","0.121719907257882","1,2,3,1,3,3,3,3,2,3,3,3,3,3,2,3,2","0.000607013702392578","louvain","graph_2024M01.graphml"
"0.12","0.29","0.59","0.121234142676151","1,2,3,1,3,3,3,3,2,3,3,3,3,3,2,3,2","0.000606060028076172","louvain","graph_2024M01.graphml"
"0.11","0.3","0.59","0.12119232266946","1,2,3,2,3,3,3,3,2,3,3,3,3,1,2,3,2","0.000575065612792969","louvain","graph_2024M01.graphml"
"0.1","0.31","0.59","0.121495161679027","1,2,3,3,4,3,3,3,2,4,3,3,3,1,2,3,2","0.000574827194213867","louvain","graph_2024M01.graphml"
"0.09","0.32","0.59","0.12157382368848","1,2,3,1,3,3,3,3,2,3,3,3,3,3,2,3,2","0.000622987747192383","louvain","graph_2024M01.graphml"
"0.08","0.33","0.59","0.121619118442401","1,2,3,2,3,3,3,3,2,3,3,3,3,1,2,3,2","0.000717878341674805","louvain","graph_2024M01.graphml"
"0.07","0.34","0.59","0.121123642794417","1,2,3,2,3,3,3,3,2,3,3,3,3,1,2,3,2","0.000829935073852539","louvain","graph_2024M01.graphml"
"0.06","0.35","0.59","0.121814450445816","1,2,3,1,2,2,2,2,3,2,2,2,2,2,3,2,3","0.000626802444458008","louvain","graph_2024M01.graphml"
"0.05","0.36","0.59","0.122684381439665","1,2,3,4,4,4,4,4,2,3,4,4,4,1,2,4,2","0.000684022903442383","louvain","graph_2024M01.graphml"
"0.04","0.37","0.59","0.123286359119263","1,2,3,1,3,3,3,3,2,3,3,3,3,3,2,3,2","0.000588178634643555","louvain","graph_2024M01.graphml"
"0.03","0.38","0.59","0.123101563772494","1,2,3,1,3,3,3,3,2,3,3,3,3,3,2,3,2","0.000605106353759766","louvain","graph_2024M01.graphml"
"0.02","0.39","0.59","0.124506189357021","1,2,3,1,2,4,2,2,3,2,2,4,2,2,3,2,3","0.000667095184326172","louvain","graph_2024M01.graphml"
"0.01","0.4","0.59","0.122430061052656","1,2,3,2,3,3,3,3,2,3,3,3,3,1,2,3,2","0.000623941421508789","louvain","graph_2024M01.graphml"
"0","0.41","0.59","0.122784006797189","1,2,3,4,4,3,3,3,2,4,4,3,3,1,2,3,2","0.00061488151550293","louvain","graph_2024M01.graphml"
"0.4","0","0.6","0.120405948722902","1,2,3,2,2,3,3,3,2,4,3,3,3,1,4,3,2","0.000588178634643555","louvain","graph_2024M01.graphml"
"0.39","0.01","0.6","0.120405948722902","1,2,3,2,2,3,3,3,2,4,3,3,3,1,4,3,2","0.000599861145019531","louvain","graph_2024M01.graphml"
"0.38","0.02","0.6","0.120920621777259","1,2,3,2,2,3,3,3,2,4,3,3,3,1,4,3,2","0.000622987747192383","louvain","graph_2024M01.graphml"
"0.37","0.03","0.6","0.121432411812764","1,2,3,2,2,3,3,3,2,4,3,3,3,1,4,3,2","0.000671863555908203","louvain","graph_2024M01.graphml"
"0.36","0.04","0.6","0.119981381829376","1,2,3,1,4,2,4,4,2,3,4,4,4,4,2,4,2","0.00062108039855957","louvain","graph_2024M01.graphml"
"0.35","0.05","0.6","0.119158511967133","1,2,2,1,2,3,2,2,3,2,2,2,2,2,3,2,3","0.000607013702392578","louvain","graph_2024M01.graphml"
"0.34","0.06","0.6","0.11996658201171","1,2,3,2,4,3,3,3,2,3,4,4,3,4,3,4,2","0.000572919845581055","louvain","graph_2024M01.graphml"
"0.33","0.07","0.6","0.118525619834711","1,2,3,2,2,3,3,3,2,3,4,4,3,1,3,4,2","0.000632047653198242","louvain","graph_2024M01.graphml"
"0.32","0.08","0.6","0.119783632511562","1,2,2,1,2,3,2,2,3,2,2,2,2,2,3,2,3","0.000615835189819336","louvain","graph_2024M01.graphml"
"0.31","0.09","0.6","0.120206276692572","1,2,3,1,2,3,3,3,2,3,4,4,3,2,3,4,2","0.00064396858215332","louvain","graph_2024M01.graphml"
"0.3","0.1","0.6","0.120814341704166","1,2,3,1,4,2,4,4,2,3,4,4,4,4,2,4,2","0.000600099563598633","louvain","graph_2024M01.graphml"
"0.29","0.11","0.6","0.120788025967293","1,2,3,2,4,3,3,3,2,3,4,4,3,4,3,4,2","0.000589132308959961","louvain","graph_2024M01.graphml"
"0.28","0.12","0.6","0.122347161963498","1,2,3,1,4,2,4,4,2,3,4,4,4,4,2,4,2","0.000626087188720703","louvain","graph_2024M01.graphml"
"0.27","0.13","0.6","0.120559145494591","1,2,3,4,4,4,4,4,2,3,4,4,4,1,2,4,2","0.000870943069458008","louvain","graph_2024M01.graphml"
"0.26","0.14","0.6","0.121026365174501","1,2,3,1,4,2,4,4,2,3,4,4,4,4,2,4,2","0.000578165054321289","louvain","graph_2024M01.graphml"
"0.25","0.15","0.6","0.119677327681643","1,2,3,2,2,3,3,3,2,3,4,4,3,1,3,3,2","0.000639915466308594","louvain","graph_2024M01.graphml"
"0.24","0.16","0.6","0.120396989230971","1,2,3,1,4,2,4,4,2,3,4,4,4,4,2,4,2","0.000590801239013672","louvain","graph_2024M01.graphml"
"0.23","0.17","0.6","0.119758793603019","1,2,3,1,4,2,4,4,2,3,4,4,4,4,2,4,2","0.000580072402954102","louvain","graph_2024M01.graphml"
"0.22","0.18","0.6","0.119384475333497","1,2,3,1,4,2,4,4,2,3,4,4,4,4,2,4,2","0.000589847564697266","louvain","graph_2024M01.graphml"
"0.21","0.19","0.6","0.119004344295123","1,2,3,1,4,2,4,4,2,3,4,4,4,4,2,4,2","0.000643014907836914","louvain","graph_2024M01.graphml"
"0.2","0.2","0.6","0.120615224913495","1,2,3,1,4,2,4,4,2,3,4,4,4,4,2,4,2","0.000653982162475586","louvain","graph_2024M01.graphml"
"0.19","0.21","0.6","0.121119997141322","1,2,3,1,3,2,3,3,2,3,3,3,3,3,2,3,2","0.000670194625854492","louvain","graph_2024M01.graphml"
"0.18","0.22","0.6","0.121119997141322","1,2,3,1,3,2,3,3,2,3,3,3,3,3,2,3,2","0.000564098358154297","louvain","graph_2024M01.graphml"
"0.17","0.23","0.6","0.120549228822544","1,2,3,2,3,3,3,3,2,3,3,3,3,1,2,3,2","0.000612974166870117","louvain","graph_2024M01.graphml"
"0.16","0.24","0.6","0.120657799248144","1,2,3,1,3,3,3,3,2,3,3,3,3,3,2,3,2","0.000782012939453125","louvain","graph_2024M01.graphml"
"0.15","0.25","0.6","0.12157382368848","1,2,3,1,3,3,3,3,2,3,3,3,3,3,2,3,2","0.000649929046630859","louvain","graph_2024M01.graphml"
"0.14","0.26","0.6","0.121619118442401","1,2,3,2,3,3,3,3,2,3,3,3,3,1,2,3,2","0.000612974166870117","louvain","graph_2024M01.graphml"
"0.13","0.27","0.6","0.121123642794417","1,2,3,2,3,3,3,3,2,3,3,3,3,1,2,3,2","0.000620841979980469","louvain","graph_2024M01.graphml"
"0.12","0.28","0.6","0.121344336297563","1,2,3,2,3,3,3,3,2,3,3,3,3,1,2,3,2","0.000636100769042969","louvain","graph_2024M01.graphml"
"0.11","0.29","0.6","0.121535670791883","1,2,3,1,2,2,2,2,3,2,2,2,2,2,3,2,3","0.000763177871704102","louvain","graph_2024M01.graphml"
"0.1","0.3","0.6","0.121545130647665","1,2,3,2,3,3,3,3,2,3,3,3,3,1,2,3,2","0.000564813613891602","louvain","graph_2024M01.graphml"
"0.09","0.31","0.6","0.121972650923454","1,2,3,1,4,3,3,3,2,4,4,3,3,4,2,3,2","0.000626087188720703","louvain","graph_2024M01.graphml"
"0.08","0.32","0.6","0.122289664873007","1,2,3,2,3,3,3,3,2,3,3,3,3,1,2,3,2","0.000597953796386719","louvain","graph_2024M01.graphml"
"0.07","0.33","0.6","0.121799873277862","1,2,3,2,3,3,3,3,2,3,3,3,3,1,2,3,2","0.000585079193115234","louvain","graph_2024M01.graphml"
"0.06","0.34","0.6","0.122784006797189","1,2,3,4,4,3,3,3,2,4,4,3,3,1,2,3,2","0.0006561279296875","louvain","graph_2024M01.graphml"
"0.05","0.35","0.6","0.122784006797189","1,2,3,4,4,3,3,3,2,4,4,3,3,1,2,3,2","0.00061798095703125","louvain","graph_2024M01.graphml"
"0.04","0.36","0.6","0.12165353822314","1,2,3,1,4,4,4,4,2,3,4,4,4,4,2,4,2","0.000634908676147461","louvain","graph_2024M01.graphml"
"0.03","0.37","0.6","0.123180413510831","1,2,3,4,4,3,3,3,2,4,4,3,3,1,2,3,2","0.000600814819335938","louvain","graph_2024M01.graphml"
"0.02","0.38","0.6","0.123927990041176","1,2,3,4,4,3,3,3,2,4,4,3,3,1,2,3,2","0.000669002532958984","louvain","graph_2024M01.graphml"
"0.01","0.39","0.6","0.123927990041176","1,2,3,4,4,3,3,3,2,4,4,3,3,1,2,3,2","0.000573873519897461","louvain","graph_2024M01.graphml"
"0","0.4","0.6","0.125918781957633","1,2,3,4,4,3,3,3,2,4,4,3,3,1,2,3,2","0.000585794448852539","louvain","graph_2024M01.graphml"
"0.39","0","0.61","0.120191095685617","1,2,3,2,2,3,3,3,2,3,4,4,3,1,3,4,2","0.000638008117675781","louvain","graph_2024M01.graphml"
"0.38","0.01","0.61","0.120329010759889","1,2,3,2,2,4,2,2,4,3,2,2,2,2,4,2,4","0.0005950927734375","louvain","graph_2024M01.graphml"
"0.37","0.02","0.61","0.119363199841303","1,2,2,2,2,3,2,2,3,2,2,2,2,1,3,2,3","0.000711202621459961","louvain","graph_2024M01.graphml"
"0.36","0.03","0.61","0.120283059950646","1,2,3,1,4,2,4,4,2,3,4,4,4,4,2,4,2","0.000652790069580078","louvain","graph_2024M01.graphml"
"0.35","0.04","0.61","0.12113392776078","1,2,3,1,4,4,4,4,2,3,4,4,4,4,2,4,2","0.00058293342590332","louvain","graph_2024M01.graphml"
"0.34","0.05","0.61","0.120052196607221","1,2,3,2,2,3,3,3,2,3,3,3,3,1,1,3,2","0.00084686279296875","louvain","graph_2024M01.graphml"
"0.33","0.06","0.61","0.120516515627047","1,2,3,2,2,3,3,3,2,3,1,3,3,1,3,3,2","0.000629901885986328","louvain","graph_2024M01.graphml"
"0.32","0.07","0.61","0.119342241626737","1,2,3,4,4,4,4,4,2,3,4,4,4,1,2,4,2","0.000559091567993164","louvain","graph_2024M01.graphml"
"0.31","0.08","0.61","0.120844657577323","1,2,3,1,4,2,4,4,2,3,4,4,4,4,2,4,2","0.000627994537353516","louvain","graph_2024M01.graphml"
"0.3","0.09","0.61","0.119578855300147","1,2,3,2,2,3,3,3,2,4,1,3,3,1,4,3,2","0.000599145889282227","louvain","graph_2024M01.graphml"
"0.29","0.1","0.61","0.119508443841225","1,2,3,2,2,3,3,3,2,3,4,4,3,1,3,3,2","0.000661849975585938","louvain","graph_2024M01.graphml"
"0.28","0.11","0.61","0.119508443841225","1,2,3,2,2,3,3,3,2,3,4,4,3,1,3,3,2","0.000645160675048828","louvain","graph_2024M01.graphml"
"0.27","0.12","0.61","0.11999913984581","1,2,3,2,4,3,3,3,2,3,4,4,3,4,3,3,2","0.000624895095825195","louvain","graph_2024M01.graphml"
"0.26","0.13","0.61","0.119897863626715","1,2,3,2,2,3,3,3,2,3,1,3,3,1,2,3,2","0.000597000122070312","louvain","graph_2024M01.graphml"
"0.25","0.14","0.61","0.119620565441054","1,2,3,2,2,3,3,3,2,3,4,4,3,1,3,3,2","0.000616073608398438","louvain","graph_2024M01.graphml"
"0.24","0.15","0.61","0.120015695242912","1,2,3,2,4,3,3,3,2,4,3,3,3,1,2,3,2","0.000784873962402344","louvain","graph_2024M01.graphml"
"0.23","0.16","0.61","0.12100064977258","1,2,3,1,3,3,3,3,2,3,3,3,3,3,2,3,2","0.000633001327514648","louvain","graph_2024M01.graphml"
"0.22","0.17","0.61","0.121289882785978","1,2,3,2,3,3,3,3,2,3,3,3,3,1,2,3,2","0.000629901885986328","louvain","graph_2024M01.graphml"
"0.21","0.18","0.61","0.12203893996755","1,2,3,1,4,3,3,3,2,4,3,3,3,3,2,3,2","0.000581979751586914","louvain","graph_2024M01.graphml"
"0.2","0.19","0.61","0.121955263981181","1,2,3,2,4,3,3,3,2,4,4,3,3,1,2,3,2","0.000590801239013672","louvain","graph_2024M01.graphml"
"0.19","0.2","0.61","0.12256261252572","1,2,3,1,4,3,3,3,2,4,4,3,3,4,2,3,2","0.00060582160949707","louvain","graph_2024M01.graphml"
"0.18","0.21","0.61","0.122173811353537","1,2,3,1,4,3,3,3,2,4,4,3,3,4,2,3,2","0.000613927841186523","louvain","graph_2024M01.graphml"
"0.17","0.22","0.61","0.121973155758471","1,2,3,2,4,3,3,3,2,4,4,3,3,1,2,3,2","0.000683069229125977","louvain","graph_2024M01.graphml"
"0.16","0.23","0.61","0.120961769202999","1,2,3,1,4,3,3,3,2,4,4,3,3,4,2,3,2","0.000606060028076172","louvain","graph_2024M01.graphml"
"0.15","0.24","0.61","0.122095299357667","1,2,3,2,4,3,3,3,2,4,4,3,3,1,2,3,2","0.000589132308959961","louvain","graph_2024M01.graphml"
"0.14","0.25","0.61","0.121646431276829","1,2,3,2,4,3,3,3,2,4,4,3,3,1,2,3,2","0.000766992568969727","louvain","graph_2024M01.graphml"
"0.13","0.26","0.61","0.121151944280784","1,2,3,2,3,3,3,3,2,3,3,3,3,1,2,3,2","0.000607967376708984","louvain","graph_2024M01.graphml"
"0.12","0.27","0.61","0.122278530612245","1,2,3,4,4,3,3,3,2,4,4,3,3,1,2,3,2","0.000584125518798828","louvain","graph_2024M01.graphml"
"0.11","0.28","0.61","0.122792145121704","1,2,3,4,4,3,3,3,2,4,4,3,3,1,2,3,2","0.000627994537353516","louvain","graph_2024M01.graphml"
"0.1","0.29","0.61","0.122833406986437","1,2,3,1,4,4,4,4,2,3,4,4,4,4,2,4,2","0.000593900680541992","louvain","graph_2024M01.graphml"
"0.09","0.3","0.61","0.123430493847382","1,2,3,4,4,3,3,3,2,4,4,3,3,1,2,3,2","0.000615119934082031","louvain","graph_2024M01.graphml"
"0.08","0.31","0.61","0.123927990041176","1,2,3,4,4,3,3,3,2,4,4,3,3,1,2,3,2","0.000595808029174805","louvain","graph_2024M01.graphml"
"0.07","0.32","0.61","0.124518468883918","1,2,3,4,4,3,3,3,2,4,4,3,3,1,2,3,2","0.000603914260864258","louvain","graph_2024M01.graphml"
"0.06","0.33","0.61","0.123211328055309","1,2,3,4,4,3,3,3,2,4,4,3,3,1,2,3,2","0.000607013702392578","louvain","graph_2024M01.graphml"
"0.05","0.34","0.61","0.123211328055309","1,2,3,4,4,3,3,3,2,4,4,3,3,1,2,3,2","0.000624179840087891","louvain","graph_2024M01.graphml"
"0.04","0.35","0.61","0.124611245262199","1,2,3,4,4,3,3,3,2,4,4,3,3,1,2,3,2","0.000596046447753906","louvain","graph_2024M01.graphml"
"0.03","0.36","0.61","0.123152835429606","1,2,3,3,3,3,3,3,2,3,3,3,3,1,2,3,2","0.000703096389770508","louvain","graph_2024M01.graphml"
"0.02","0.37","0.61","0.122630385263072","1,2,3,3,3,3,3,3,2,3,3,3,3,1,2,3,2","0.000576019287109375","louvain","graph_2024M01.graphml"
"0.01","0.38","0.61","0.123408938890196","1,2,3,4,4,3,3,3,2,4,4,3,3,1,2,3,2","0.000591039657592773","louvain","graph_2024M01.graphml"
"0","0.39","0.61","0.122439477445376","1,2,3,2,4,3,3,3,2,4,4,3,3,4,1,3,2","0.000603914260864258","louvain","graph_2024M01.graphml"
"0.38","0","0.62","0.118673483382135","1,2,3,2,2,3,3,3,2,3,4,4,3,1,3,3,2","0.000607967376708984","louvain","graph_2024M01.graphml"
"0.37","0.01","0.62","0.117476065925591","1,2,3,4,4,4,4,4,2,3,4,4,4,1,2,4,2","0.000607967376708984","louvain","graph_2024M01.graphml"
"0.36","0.02","0.62","0.119508443841225","1,2,3,2,2,3,3,3,2,3,4,4,3,1,3,3,2","0.000607013702392578","louvain","graph_2024M01.graphml"
"0.35","0.03","0.62","0.119508443841225","1,2,3,2,2,3,3,3,2,3,4,4,3,1,3,3,2","0.000651836395263672","louvain","graph_2024M01.graphml"
"0.34","0.04","0.62","0.119972086609203","1,2,3,2,2,3,3,3,2,3,4,4,3,1,3,3,2","0.000690937042236328","louvain","graph_2024M01.graphml"
"0.33","0.05","0.62","0.120000524716204","1,2,3,2,2,3,3,3,2,3,4,4,3,1,3,3,2","0.000582218170166016","louvain","graph_2024M01.graphml"
"0.32","0.06","0.62","0.119686385409576","1,2,3,2,2,3,3,3,2,3,1,3,3,1,2,3,2","0.000587940216064453","louvain","graph_2024M01.graphml"
"0.31","0.07","0.62","0.119118172993409","1,2,3,1,4,4,4,4,2,3,4,4,4,4,2,4,2","0.000616788864135742","louvain","graph_2024M01.graphml"
"0.3","0.08","0.62","0.120657523477582","1,2,3,2,4,3,3,3,2,4,1,3,3,1,2,3,2","0.000578165054321289","louvain","graph_2024M01.graphml"
"0.29","0.09","0.62","0.120370092366145","1,2,3,1,4,3,3,3,2,4,3,3,3,3,2,3,2","0.000575065612792969","louvain","graph_2024M01.graphml"
"0.28","0.1","0.62","0.120130161214077","1,2,3,2,3,3,3,3,2,3,3,3,3,1,2,3,2","0.000627040863037109","louvain","graph_2024M01.graphml"
"0.27","0.11","0.62","0.119821806010617","1,2,3,4,4,4,4,4,2,3,4,4,4,1,2,4,2","0.000600099563598633","louvain","graph_2024M01.graphml"
"0.26","0.12","0.62","0.121125476490026","1,2,3,1,3,3,3,3,2,3,3,3,3,3,2,3,2","0.000707149505615234","louvain","graph_2024M01.graphml"
"0.25","0.13","0.62","0.121864685142318","1,2,3,2,3,3,3,3,2,3,3,3,3,1,2,3,2","0.000586032867431641","louvain","graph_2024M01.graphml"
"0.24","0.14","0.62","0.121669137922758","1,2,3,1,3,3,3,3,2,3,3,3,3,3,2,3,2","0.000589847564697266","louvain","graph_2024M01.graphml"
"0.23","0.15","0.62","0.121379320437042","1,2,3,2,4,3,3,3,2,4,4,3,3,1,2,3,2","0.000597000122070312","louvain","graph_2024M01.graphml"
"0.22","0.16","0.62","0.120496821207663","1,2,3,4,4,4,4,4,2,3,4,4,4,1,2,4,2","0.000597000122070312","louvain","graph_2024M01.graphml"
"0.21","0.17","0.62","0.121724900183354","1,2,3,1,4,3,3,3,2,4,4,3,3,4,2,3,2","0.000607967376708984","louvain","graph_2024M01.graphml"
"0.2","0.18","0.62","0.122220122840097","1,2,3,1,4,3,3,3,2,4,4,3,3,4,2,3,2","0.000604867935180664","louvain","graph_2024M01.graphml"
"0.19","0.19","0.62","0.122157797433243","1,2,3,2,4,3,3,3,2,4,4,3,3,1,2,3,2","0.00106096267700195","louvain","graph_2024M01.graphml"
"0.18","0.2","0.62","0.122081959183673","1,2,3,4,4,3,3,3,2,4,4,3,3,1,2,3,2","0.000579118728637695","louvain","graph_2024M01.graphml"
"0.17","0.21","0.62","0.122679103855216","1,2,3,4,4,3,3,3,2,4,4,3,3,1,2,3,2","0.000603914260864258","louvain","graph_2024M01.graphml"
"0.16","0.22","0.62","0.122695404463392","1,2,3,4,4,3,3,3,2,4,4,3,3,1,2,3,2","0.000614166259765625","louvain","graph_2024M01.graphml"
"0.15","0.23","0.62","0.122427769293659","1,2,3,4,4,3,3,3,2,4,4,3,3,1,2,3,2","0.0005950927734375","louvain","graph_2024M01.graphml"
"0.14","0.24","0.62","0.121966229372147","1,2,3,4,4,3,3,3,2,4,4,3,3,1,2,3,2","0.000607013702392578","louvain","graph_2024M01.graphml"
"0.13","0.25","0.62","0.123211328055309","1,2,3,4,4,3,3,3,2,4,4,3,3,1,2,3,2","0.000627994537353516","louvain","graph_2024M01.graphml"
"0.12","0.26","0.62","0.123211328055309","1,2,3,4,4,3,3,3,2,4,4,3,3,1,2,3,2","0.000605106353759766","louvain","graph_2024M01.graphml"
"0.11","0.27","0.62","0.123211328055309","1,2,3,4,4,3,3,3,2,4,4,3,3,1,2,3,2","0.000603914260864258","louvain","graph_2024M01.graphml"
"0.1","0.28","0.62","0.123211328055309","1,2,3,4,4,3,3,3,2,4,4,3,3,1,2,3,2","0.000655174255371094","louvain","graph_2024M01.graphml"
"0.09","0.29","0.62","0.124190476905445","1,2,3,4,4,3,3,3,2,4,4,3,3,1,2,3,2","0.000600099563598633","louvain","graph_2024M01.graphml"
"0.08","0.3","0.62","0.122624639758731","1,2,3,4,4,3,3,3,2,4,4,3,3,1,2,3,2","0.000690937042236328","louvain","graph_2024M01.graphml"
"0.07","0.31","0.62","0.121667283950617","1,2,3,4,4,3,3,3,2,4,4,3,3,1,2,3,2","0.000607967376708984","louvain","graph_2024M01.graphml"
"0.06","0.32","0.62","0.121445860090845","1,2,3,1,4,3,3,3,2,4,4,3,3,4,2,3,2","0.000637054443359375","louvain","graph_2024M01.graphml"
"0.05","0.33","0.62","0.12067504880301","1,2,3,4,4,4,4,4,2,3,4,4,4,1,2,3,2","0.000600099563598633","louvain","graph_2024M01.graphml"
"0.04","0.34","0.62","0.120882747576177","1,2,3,1,4,3,3,3,2,4,4,3,3,4,2,3,2","0.000657081604003906","louvain","graph_2024M01.graphml"
"0.03","0.35","0.62","0.120253948330255","1,2,3,2,2,4,2,2,3,2,2,4,2,2,3,2,3","0.000669956207275391","louvain","graph_2024M01.graphml"
"0.02","0.36","0.62","0.120496746453179","1,2,3,1,3,3,3,3,2,3,3,3,3,3,2,3,2","0.000694036483764648","louvain","graph_2024M01.graphml"
"0.01","0.37","0.62","0.121464479128926","1,2,3,1,3,3,3,3,2,3,3,3,3,3,2,3,2","0.000592947006225586","louvain","graph_2024M01.graphml"
"0","0.38","0.62","0.120872671660588","1,2,3,1,4,3,3,3,2,4,4,3,3,4,2,3,2","0.000602006912231445","louvain","graph_2024M01.graphml"
"0.37","0","0.63","0.119831372781866","1,2,3,2,4,3,3,3,2,3,4,4,3,4,3,3,2","0.000588893890380859","louvain","graph_2024M01.graphml"
"0.36","0.01","0.63","0.118942316546387","1,2,3,1,4,3,3,3,2,4,4,3,3,4,2,3,2","0.000584125518798828","louvain","graph_2024M01.graphml"
"0.35","0.02","0.63","0.120404548171486","1,2,3,2,4,3,3,3,2,3,4,4,3,4,3,3,2","0.000817060470581055","louvain","graph_2024M01.graphml"
"0.34","0.03","0.63","0.120036432099369","1,2,3,2,4,3,3,3,2,3,4,4,3,4,3,3,2","0.000627040863037109","louvain","graph_2024M01.graphml"
"0.33","0.04","0.63","0.120128448896231","1,2,3,2,4,3,3,3,2,4,3,3,3,1,2,3,2","0.00065922737121582","louvain","graph_2024M01.graphml"
"0.32","0.05","0.63","0.121150987755935","1,2,3,2,3,3,3,3,2,3,3,3,3,1,2,3,2","0.000783920288085938","louvain","graph_2024M01.graphml"
"0.31","0.06","0.63","0.120863757340431","1,2,3,2,4,3,3,3,2,4,4,3,3,1,2,3,2","0.000598907470703125","louvain","graph_2024M01.graphml"
"0.3","0.07","0.63","0.120079132069061","1,2,3,4,4,4,4,4,2,3,4,4,4,1,2,4,2","0.000623941421508789","louvain","graph_2024M01.graphml"
"0.29","0.08","0.63","0.121052687464164","1,2,3,2,4,3,3,3,2,4,4,3,3,1,2,3,2","0.000602006912231445","louvain","graph_2024M01.graphml"
"0.28","0.09","0.63","0.121052687464164","1,2,3,2,4,3,3,3,2,4,4,3,3,1,2,3,2","0.000722885131835938","louvain","graph_2024M01.graphml"
"0.27","0.1","0.63","0.122169375082574","1,2,3,2,4,3,3,3,2,4,4,3,3,1,2,3,2","0.000558137893676758","louvain","graph_2024M01.graphml"
"0.26","0.11","0.63","0.121720945743771","1,2,3,2,4,3,3,3,2,4,4,3,3,1,2,3,2","0.000597953796386719","louvain","graph_2024M01.graphml"
"0.25","0.12","0.63","0.120703319254352","1,2,3,1,4,3,3,3,2,4,4,3,3,4,2,3,2","0.000639915466308594","louvain","graph_2024M01.graphml"
"0.24","0.13","0.63","0.122081959183673","1,2,3,4,4,3,3,3,2,4,4,3,3,1,2,3,2","0.000604867935180664","louvain","graph_2024M01.graphml"
"0.23","0.14","0.63","0.122679103855216","1,2,3,4,4,3,3,3,2,4,4,3,3,1,2,3,2","0.000633955001831055","louvain","graph_2024M01.graphml"
"0.22","0.15","0.63","0.121767906400863","1,2,3,4,4,3,3,3,2,4,4,3,3,1,2,3,2","0.000607967376708984","louvain","graph_2024M01.graphml"
"0.21","0.16","0.63","0.121344115877644","1,2,3,4,4,3,3,3,2,4,4,3,3,1,2,3,2","0.000614166259765625","louvain","graph_2024M01.graphml"
"0.2","0.17","0.63","0.120998885453046","1,2,3,4,4,3,3,3,2,4,4,3,3,1,2,3,2","0.000609874725341797","louvain","graph_2024M01.graphml"
"0.19","0.18","0.63","0.121202081138881","1,2,3,4,4,3,3,3,2,4,4,3,3,1,2,3,2","0.000605106353759766","louvain","graph_2024M01.graphml"
"0.18","0.19","0.63","0.122211856339027","1,2,3,4,4,3,3,3,2,4,4,3,3,1,2,3,2","0.000663995742797852","louvain","graph_2024M01.graphml"
"0.17","0.2","0.63","0.123707233935109","1,2,3,4,4,3,3,3,2,4,4,3,3,1,2,3,2","0.000688076019287109","louvain","graph_2024M01.graphml"
"0.16","0.21","0.63","0.122703176215086","1,2,3,4,4,3,3,3,2,4,4,3,3,1,2,3,2","0.000576972961425781","louvain","graph_2024M01.graphml"
"0.15","0.22","0.63","0.122109549386161","1,2,3,4,4,3,3,3,2,4,4,3,3,1,2,3,2","0.000628948211669922","louvain","graph_2024M01.graphml"
"0.14","0.23","0.63","0.121475308641975","1,2,3,4,4,3,3,3,2,4,4,3,3,1,2,3,2","0.000627040863037109","louvain","graph_2024M01.graphml"
"0.13","0.24","0.63","0.121332368080786","1,2,3,1,4,3,3,3,2,4,4,3,3,4,2,3,2","0.00059819221496582","louvain","graph_2024M01.graphml"
"0.12","0.25","0.63","0.120383105568173","1,2,3,1,4,3,3,3,2,4,4,3,3,4,2,3,2","0.000590085983276367","louvain","graph_2024M01.graphml"
"0.11","0.26","0.63","0.120173366770032","1,2,3,1,4,3,3,3,2,4,4,3,3,4,2,3,2","0.000597000122070312","louvain","graph_2024M01.graphml"
"0.1","0.27","0.63","0.119805716198645","1,2,3,1,4,3,3,3,2,4,4,3,3,4,2,3,2","0.000725030899047852","louvain","graph_2024M01.graphml"
"0.09","0.28","0.63","0.120035131001847","1,2,3,1,4,3,3,3,2,4,4,3,3,4,2,3,2","0.00062108039855957","louvain","graph_2024M01.graphml"
"0.08","0.29","0.63","0.120216202857832","1,2,3,1,3,3,3,3,2,3,3,3,3,3,2,3,2","0.000672101974487305","louvain","graph_2024M01.graphml"
"0.07","0.3","0.63","0.121185463883663","1,2,3,1,3,3,3,3,2,3,3,3,3,3,2,3,2","0.000585079193115234","louvain","graph_2024M01.graphml"
"0.06","0.31","0.63","0.121062174567237","1,2,3,1,3,3,3,3,2,3,3,3,3,3,2,3,1","0.000593900680541992","louvain","graph_2024M01.graphml"
"0.05","0.32","0.63","0.121341146465442","1,2,3,1,3,3,3,3,2,3,3,3,3,3,2,3,1","0.000598907470703125","louvain","graph_2024M01.graphml"
"0.04","0.33","0.63","0.122010883630324","1,2,3,1,3,3,3,3,2,3,3,3,3,3,2,3,1","0.000670909881591797","louvain","graph_2024M01.graphml"
"0.03","0.34","0.63","0.122357341124909","1,2,3,1,3,3,3,3,2,3,3,3,3,3,2,3,1","0.000611066818237305","louvain","graph_2024M01.graphml"
"0.02","0.35","0.63","0.122357341124909","1,2,3,1,3,3,3,3,2,3,3,3,3,3,2,3,1","0.000645875930786133","louvain","graph_2024M01.graphml"
"0.01","0.36","0.63","0.122357341124909","1,2,3,1,3,3,3,3,2,3,3,3,3,3,2,3,1","0.000598907470703125","louvain","graph_2024M01.graphml"
"0","0.37","0.63","0.122357341124909","1,2,3,1,3,3,3,3,2,3,3,3,3,3,2,3,1","0.000643014907836914","louvain","graph_2024M01.graphml"
"0.36","0","0.64","0.120536551685604","1,2,3,2,4,3,3,3,2,4,4,3,3,1,2,3,2","0.000563859939575195","louvain","graph_2024M01.graphml"
"0.35","0.01","0.64","0.121052687464164","1,2,3,2,4,3,3,3,2,4,4,3,3,1,2,3,2","0.000565052032470703","louvain","graph_2024M01.graphml"
"0.34","0.02","0.64","0.121656176629884","1,2,3,2,4,3,3,3,2,4,4,3,3,1,2,3,2","0.00056004524230957","louvain","graph_2024M01.graphml"
"0.33","0.03","0.64","0.121642272310143","1,2,3,1,4,3,3,3,2,4,4,3,3,4,2,3,2","0.000566959381103516","louvain","graph_2024M01.graphml"
"0.32","0.04","0.64","0.12061963431979","1,2,3,1,4,3,3,3,2,4,4,3,3,4,2,3,2","0.0005950927734375","louvain","graph_2024M01.graphml"
"0.31","0.05","0.64","0.12061963431979","1,2,3,1,4,3,3,3,2,4,4,3,3,4,2,3,2","0.000597000122070312","louvain","graph_2024M01.graphml"
"0.3","0.06","0.64","0.121801795918367","1,2,3,4,4,3,3,3,2,4,4,3,3,1,2,3,2","0.000567913055419922","louvain","graph_2024M01.graphml"
"0.29","0.07","0.64","0.12229936024622","1,2,3,4,4,3,3,3,2,4,4,3,3,1,2,3,2","0.000653982162475586","louvain","graph_2024M01.graphml"
"0.28","0.08","0.64","0.121344115877644","1,2,3,4,4,3,3,3,2,4,4,3,3,1,2,3,2","0.000607013702392578","louvain","graph_2024M01.graphml"
"0.27","0.09","0.64","0.120998885453046","1,2,3,4,4,3,3,3,2,4,4,3,3,1,2,3,2","0.000597953796386719","louvain","graph_2024M01.graphml"
"0.26","0.1","0.64","0.122094544990265","1,2,3,4,4,3,3,3,2,4,4,3,3,1,2,3,2","0.000602006912231445","louvain","graph_2024M01.graphml"
"0.25","0.11","0.64","0.121511447192088","1,2,3,4,4,3,3,3,2,4,4,3,3,1,2,3,2","0.000593185424804688","louvain","graph_2024M01.graphml"
"0.24","0.12","0.64","0.121511447192088","1,2,3,4,4,3,3,3,2,4,4,3,3,1,2,3,2","0.000607967376708984","louvain","graph_2024M01.graphml"
"0.23","0.13","0.64","0.120706644144144","1,2,3,4,4,3,3,3,2,4,4,3,3,1,2,3,2","0.000615835189819336","louvain","graph_2024M01.graphml"
"0.22","0.14","0.64","0.120220227249642","1,2,3,4,4,3,3,3,2,4,4,3,3,1,2,3,2","0.000607967376708984","louvain","graph_2024M01.graphml"
"0.21","0.15","0.64","0.119628912925409","1,2,3,4,4,3,3,3,2,4,4,3,3,1,2,3,2","0.000587940216064453","louvain","graph_2024M01.graphml"
"0.2","0.16","0.64","0.118522032831697","1,2,3,1,2,4,4,4,2,3,4,4,4,3,2,3,2","0.000646829605102539","louvain","graph_2024M01.graphml"
"0.19","0.17","0.64","0.120383105568173","1,2,3,1,4,3,3,3,2,4,4,3,3,4,2,3,2","0.000631093978881836","louvain","graph_2024M01.graphml"
"0.18","0.18","0.64","0.119705366444255","1,2,3,1,2,3,3,3,2,3,3,4,3,3,2,3,2","0.000636100769042969","louvain","graph_2024M01.graphml"
"0.17","0.19","0.64","0.120076194958179","1,2,3,1,4,3,3,3,2,4,3,3,3,4,2,3,2","0.000599145889282227","louvain","graph_2024M01.graphml"
"0.16","0.2","0.64","0.119619717747352","1,2,3,1,2,3,3,3,2,3,3,4,3,3,2,3,2","0.000644922256469727","louvain","graph_2024M01.graphml"
"0.15","0.21","0.64","0.11971532686822","1,2,3,1,4,3,3,3,2,4,3,3,3,4,2,3,2","0.00059199333190918","louvain","graph_2024M01.graphml"
"0.14","0.22","0.64","0.120389807440751","1,2,3,1,4,3,3,3,2,4,3,3,3,4,2,3,2","0.000580072402954102","louvain","graph_2024M01.graphml"
"0.13","0.23","0.64","0.120827128691064","1,2,3,1,3,3,3,3,2,3,3,3,3,3,2,3,1","0.000650167465209961","louvain","graph_2024M01.graphml"
"0.12","0.24","0.64","0.12049970442974","1,2,3,1,3,3,3,3,2,3,3,3,3,3,2,3,1","0.000620126724243164","louvain","graph_2024M01.graphml"
"0.11","0.25","0.64","0.119242084120983","1,2,3,3,3,3,3,3,2,3,3,3,3,1,2,3,1","0.000622034072875977","louvain","graph_2024M01.graphml"
"0.1","0.26","0.64","0.120524709369153","1,2,3,1,3,3,3,3,2,3,3,3,3,3,2,3,1","0.000528097152709961","louvain","graph_2024M01.graphml"
"0.09","0.27","0.64","0.122081201626656","1,2,3,1,3,3,3,3,2,3,3,3,3,3,2,3,1","0.000599861145019531","louvain","graph_2024M01.graphml"
"0.08","0.28","0.64","0.122357341124909","1,2,3,1,3,3,3,3,2,3,3,3,3,3,2,3,1","0.000761985778808594","louvain","graph_2024M01.graphml"
"0.07","0.29","0.64","0.122357341124909","1,2,3,1,3,3,3,3,2,3,3,3,3,3,2,3,1","0.000589847564697266","louvain","graph_2024M01.graphml"
"0.06","0.3","0.64","0.12305906751635","1,2,3,1,3,3,3,3,2,3,3,3,3,3,2,3,1","0.000620841979980469","louvain","graph_2024M01.graphml"
"0.05","0.31","0.64","0.12305906751635","1,2,3,1,3,3,3,3,2,3,3,3,3,3,2,3,1","0.000699043273925781","louvain","graph_2024M01.graphml"
"0.04","0.32","0.64","0.122454784882758","1,2,3,1,3,3,3,3,2,3,3,3,3,3,2,3,1","0.000713109970092773","louvain","graph_2024M01.graphml"
"0.03","0.33","0.64","0.122454784882758","1,2,3,1,3,3,3,3,2,3,3,3,3,3,2,3,1","0.000626802444458008","louvain","graph_2024M01.graphml"
"0.02","0.34","0.64","0.121038314633017","1,2,3,1,3,3,3,3,2,3,3,3,3,3,2,3,1","0.000668764114379883","louvain","graph_2024M01.graphml"
"0.01","0.35","0.64","0.121243567976718","1,2,3,2,2,3,3,3,2,4,3,3,3,1,4,3,1","0.000627040863037109","louvain","graph_2024M01.graphml"
"0","0.36","0.64","0.121534476325277","1,2,3,1,3,3,3,3,2,3,3,3,3,3,2,3,1","0.000628948211669922","louvain","graph_2024M01.graphml"
"0.35","0","0.65","0.121457313940878","1,2,3,4,4,3,3,3,2,4,4,3,3,1,2,3,2","0.000599861145019531","louvain","graph_2024M01.graphml"
"0.34","0.01","0.65","0.119969628916145","1,2,3,2,2,2,2,2,3,2,2,2,2,1,3,2,3","0.000597953796386719","louvain","graph_2024M01.graphml"
"0.33","0.02","0.65","0.121427370330549","1,2,3,4,4,3,3,3,2,4,4,3,3,1,2,3,2","0.000692129135131836","louvain","graph_2024M01.graphml"
"0.32","0.03","0.65","0.122015483579043","1,2,3,4,4,3,3,3,2,4,4,3,3,1,2,3,2","0.000648975372314453","louvain","graph_2024M01.graphml"
"0.31","0.04","0.65","0.122015483579043","1,2,3,4,4,3,3,3,2,4,4,3,3,1,2,3,2","0.000592947006225586","louvain","graph_2024M01.graphml"
"0.3","0.05","0.65","0.120018954323623","1,2,3,1,4,4,4,4,2,3,4,4,4,4,2,4,2","0.000546932220458984","louvain","graph_2024M01.graphml"
"0.29","0.06","0.65","0.119057770465572","1,2,3,4,4,3,3,3,2,4,4,3,3,1,2,3,2","0.000619888305664062","louvain","graph_2024M01.graphml"
"0.28","0.07","0.65","0.117542185086172","1,2,3,2,2,4,2,2,3,2,2,4,2,2,3,2,3","0.000631093978881836","louvain","graph_2024M01.graphml"
"0.27","0.08","0.65","0.119034714172562","1,2,3,1,4,3,3,3,2,4,3,3,3,4,2,3,2","0.000586986541748047","louvain","graph_2024M01.graphml"
"0.26","0.09","0.65","0.118678742975698","1,2,3,1,4,3,3,3,2,4,3,3,3,4,2,3,2","0.000832080841064453","louvain","graph_2024M01.graphml"
"0.25","0.1","0.65","0.11676532881045","1,2,3,2,2,4,4,4,2,3,4,4,4,1,1,3,2","0.000603199005126953","louvain","graph_2024M01.graphml"
"0.24","0.11","0.65","0.119625137816979","1,2,3,1,4,3,3,3,2,4,3,3,3,4,2,3,2","0.000591039657592773","louvain","graph_2024M01.graphml"
"0.23","0.12","0.65","0.120524978790508","1,2,3,1,4,3,3,3,2,4,3,3,3,4,2,3,2","0.000602006912231445","louvain","graph_2024M01.graphml"
"0.22","0.13","0.65","0.120524978790508","1,2,3,1,4,3,3,3,2,4,3,3,3,4,2,3,2","0.000689029693603516","louvain","graph_2024M01.graphml"
"0.21","0.14","0.65","0.120629754860524","1,2,3,1,4,3,3,3,2,4,3,3,3,4,2,3,1","0.000616073608398438","louvain","graph_2024M01.graphml"
"0.2","0.15","0.65","0.1208484822253","1,2,3,1,2,3,3,3,2,3,3,4,3,3,2,3,1","0.000631093978881836","louvain","graph_2024M01.graphml"
"0.19","0.16","0.65","0.120094541989667","1,2,3,1,2,3,3,3,2,3,3,3,3,3,2,3,1","0.000695943832397461","louvain","graph_2024M01.graphml"
"0.18","0.17","0.65","0.119535577484443","1,2,3,1,2,3,3,3,2,3,3,3,3,3,2,3,1","0.000688791275024414","louvain","graph_2024M01.graphml"
"0.17","0.18","0.65","0.119263735834357","1,2,2,1,2,2,2,2,3,2,2,2,2,2,3,2,1","0.000633955001831055","louvain","graph_2024M01.graphml"
"0.16","0.19","0.65","0.120243383742911","1,2,3,1,3,3,3,3,2,3,3,3,3,3,2,3,1","0.000588893890380859","louvain","graph_2024M01.graphml"
"0.15","0.2","0.65","0.120243383742911","1,2,3,1,3,3,3,3,2,3,3,3,3,3,2,3,1","0.000735998153686523","louvain","graph_2024M01.graphml"
"0.14","0.21","0.65","0.121275951399706","1,2,3,1,3,3,3,3,2,3,3,3,3,3,2,3,1","0.000616073608398438","louvain","graph_2024M01.graphml"
"0.13","0.22","0.65","0.122386769211792","1,2,3,1,3,3,3,3,2,3,3,3,3,3,2,3,1","0.000663995742797852","louvain","graph_2024M01.graphml"
"0.12","0.23","0.65","0.122454784882758","1,2,3,1,3,3,3,3,2,3,3,3,3,3,2,3,1","0.000633955001831055","louvain","graph_2024M01.graphml"
"0.11","0.24","0.65","0.121533623547433","1,2,3,2,2,3,3,3,2,4,3,3,3,1,4,3,1","0.000653982162475586","louvain","graph_2024M01.graphml"
"0.1","0.25","0.65","0.122286304990649","1,2,3,1,3,3,3,3,2,3,3,3,3,3,2,3,1","0.000632047653198242","louvain","graph_2024M01.graphml"
"0.09","0.26","0.65","0.121084815546204","1,2,3,1,3,3,3,3,2,3,3,3,3,3,2,3,1","0.00061798095703125","louvain","graph_2024M01.graphml"
"0.08","0.27","0.65","0.120715652165973","1,2,3,1,3,3,3,3,2,3,3,3,3,3,2,3,1","0.00064396858215332","louvain","graph_2024M01.graphml"
"0.07","0.28","0.65","0.121017559719483","1,2,3,1,4,3,3,3,2,4,4,3,3,4,2,3,1","0.000802993774414062","louvain","graph_2024M01.graphml"
"0.06","0.29","0.65","0.121699627207794","1,2,3,1,3,3,3,3,2,3,3,3,3,3,2,3,1","0.000651836395263672","louvain","graph_2024M01.graphml"
"0.05","0.3","0.65","0.121260700760589","1,2,3,1,3,3,3,3,2,3,3,3,3,3,2,3,1","0.000578880310058594","louvain","graph_2024M01.graphml"
"0.04","0.31","0.65","0.123462276435067","1,2,3,1,4,3,3,3,2,4,4,3,3,4,3,3,1","0.000703811645507812","louvain","graph_2024M01.graphml"
"0.03","0.32","0.65","0.122682735656717","1,2,3,1,3,3,3,3,2,3,3,3,3,3,2,3,1","0.000761985778808594","louvain","graph_2024M01.graphml"
"0.02","0.33","0.65","0.122955979783108","1,2,3,1,3,3,3,3,2,3,3,3,3,3,2,3,1","0.000620841979980469","louvain","graph_2024M01.graphml"
"0.01","0.34","0.65","0.123224176781097","1,2,3,1,4,3,3,3,2,4,4,3,3,4,3,3,1","0.000658988952636719","louvain","graph_2024M01.graphml"
"0","0.35","0.65","0.124146278639041","1,2,3,1,4,3,3,3,2,4,4,3,3,4,3,3,1","0.000704765319824219","louvain","graph_2024M01.graphml"
"0.34","0","0.66","0.118368450422605","1,2,3,1,4,3,3,3,2,4,4,3,3,4,2,3,2","0.00061798095703125","louvain","graph_2024M01.graphml"
"0.33","0.01","0.66","0.118194444444444","1,2,3,1,4,3,3,3,2,4,4,3,3,4,2,3,2","0.000720024108886719","louvain","graph_2024M01.graphml"
"0.32","0.02","0.66","0.118694729373332","1,2,3,1,4,3,3,3,2,4,4,3,3,4,2,3,2","0.00110507011413574","louvain","graph_2024M01.graphml"
"0.31","0.03","0.66","0.118694729373332","1,2,3,1,4,3,3,3,2,4,4,3,3,4,2,3,2","0.000663042068481445","louvain","graph_2024M01.graphml"
"0.3","0.04","0.66","0.11690424590214","1,2,3,2,2,4,4,4,2,3,4,4,4,1,1,3,2","0.000680923461914062","louvain","graph_2024M01.graphml"
"0.29","0.05","0.66","0.119171795584014","1,2,3,1,4,3,3,3,2,4,3,3,3,4,2,3,2","0.000586986541748047","louvain","graph_2024M01.graphml"
"0.28","0.06","0.66","0.119273833676331","1,2,3,1,4,3,3,3,2,4,3,3,3,4,2,3,1","0.000574827194213867","louvain","graph_2024M01.graphml"
"0.27","0.07","0.66","0.119728090007569","1,2,3,1,4,3,3,3,2,4,3,3,3,4,2,3,1","0.000668048858642578","louvain","graph_2024M01.graphml"
"0.26","0.08","0.66","0.121075159944768","1,2,3,1,4,3,3,3,2,4,3,3,3,4,2,3,1","0.000586032867431641","louvain","graph_2024M01.graphml"
"0.25","0.09","0.66","0.119977903192093","1,2,3,1,4,3,3,3,2,4,4,3,3,4,2,3,1","0.000874042510986328","louvain","graph_2024M01.graphml"
"0.24","0.1","0.66","0.119282232379759","1,2,3,1,3,3,3,3,2,3,3,3,3,3,2,3,1","0.000624895095825195","louvain","graph_2024M01.graphml"
"0.23","0.11","0.66","0.119565075820456","1,2,3,1,3,3,3,3,2,3,3,3,3,3,2,3,1","0.000680923461914062","louvain","graph_2024M01.graphml"
"0.22","0.12","0.66","0.120227034533818","1,2,3,1,2,3,3,3,2,3,3,3,3,3,2,3,1","0.000619888305664062","louvain","graph_2024M01.graphml"
"0.21","0.13","0.66","0.120278113692294","1,2,3,1,3,3,3,3,2,3,3,3,3,3,2,3,1","0.000708103179931641","louvain","graph_2024M01.graphml"
"0.2","0.14","0.66","0.120278113692294","1,2,3,1,3,3,3,3,2,3,3,3,3,3,2,3,1","0.000615119934082031","louvain","graph_2024M01.graphml"
"0.19","0.15","0.66","0.12046016753809","1,2,2,1,2,2,2,2,3,2,2,2,2,2,3,2,1","0.000837087631225586","louvain","graph_2024M01.graphml"
"0.18","0.16","0.66","0.121622645998255","1,2,3,1,3,3,3,3,2,3,3,3,3,3,2,3,1","0.000641107559204102","louvain","graph_2024M01.graphml"
"0.17","0.17","0.66","0.120855787847854","1,2,3,1,3,3,3,3,2,3,3,3,3,3,2,3,1","0.000671148300170898","louvain","graph_2024M01.graphml"
"0.16","0.18","0.66","0.120532649715435","1,2,3,1,3,3,3,3,2,3,3,3,3,3,2,3,1","0.000593900680541992","louvain","graph_2024M01.graphml"
"0.15","0.19","0.66","0.120210019885375","1,2,3,1,3,3,3,3,2,3,3,3,3,3,2,3,1","0.000708818435668945","louvain","graph_2024M01.graphml"
"0.14","0.2","0.66","0.121017559719483","1,2,3,1,4,3,3,3,2,4,4,3,3,4,2,3,1","0.000604152679443359","louvain","graph_2024M01.graphml"
"0.13","0.21","0.66","0.121017559719483","1,2,3,1,4,3,3,3,2,4,4,3,3,4,2,3,1","0.000612020492553711","louvain","graph_2024M01.graphml"
"0.12","0.22","0.66","0.121017559719483","1,2,3,1,4,3,3,3,2,4,4,3,3,4,2,3,1","0.000607967376708984","louvain","graph_2024M01.graphml"
"0.11","0.23","0.66","0.121455621678388","1,2,3,1,3,3,3,3,2,3,3,3,3,3,2,3,1","0.000684022903442383","louvain","graph_2024M01.graphml"
"0.1","0.24","0.66","0.121071485441246","1,2,3,1,3,3,3,3,2,3,3,3,3,3,3,3,1","0.000643014907836914","louvain","graph_2024M01.graphml"
"0.09","0.25","0.66","0.122121812469291","1,2,3,1,3,4,3,3,2,3,3,4,3,3,3,3,1","0.000676155090332031","louvain","graph_2024M01.graphml"
"0.08","0.26","0.66","0.122307756456201","1,2,3,1,4,3,3,3,2,4,4,3,3,4,3,3,1","0.000624179840087891","louvain","graph_2024M01.graphml"
"0.07","0.27","0.66","0.121822457378013","1,2,3,2,2,3,3,3,2,3,3,3,3,1,3,3,1","0.000633001327514648","louvain","graph_2024M01.graphml"
"0.06","0.28","0.66","0.124105934768289","1,2,3,4,4,3,3,3,2,4,4,3,3,1,3,3,1","0.00070500373840332","louvain","graph_2024M01.graphml"
"0.05","0.29","0.66","0.124045498505998","1,2,3,1,4,3,3,3,2,4,4,3,3,4,3,3,1","0.000596046447753906","louvain","graph_2024M01.graphml"
"0.04","0.3","0.66","0.121599375044135","1,2,3,1,4,4,4,3,2,3,4,3,4,4,2,3,1","0.000571966171264648","louvain","graph_2024M01.graphml"
"0.03","0.31","0.66","0.122703325018503","1,2,3,2,2,3,3,3,2,4,4,3,3,4,3,3,1","0.000613927841186523","louvain","graph_2024M01.graphml"
"0.02","0.32","0.66","0.12265574394706","1,2,3,2,3,4,3,3,2,3,3,4,3,3,3,3,1","0.00067591667175293","louvain","graph_2024M01.graphml"
"0.01","0.33","0.66","0.122295215419898","1,2,3,2,2,3,3,3,2,3,3,3,3,1,3,3,1","0.000608921051025391","louvain","graph_2024M01.graphml"
"0","0.34","0.66","0.122752768196504","1,2,3,2,2,3,3,3,2,4,4,3,3,4,3,3,1","0.000598907470703125","louvain","graph_2024M01.graphml"
"0.33","0","0.67","0.119144472787169","1,2,3,1,4,3,3,3,2,4,3,3,3,4,2,3,1","0.00056910514831543","louvain","graph_2024M01.graphml"
"0.32","0.01","0.67","0.118563524353647","1,2,3,1,4,3,3,3,2,4,3,3,3,4,2,3,1","0.000918865203857422","louvain","graph_2024M01.graphml"
"0.31","0.02","0.67","0.117921251869971","1,2,3,1,2,3,3,3,2,3,3,3,3,3,2,3,1","0.000627994537353516","louvain","graph_2024M01.graphml"
"0.3","0.03","0.67","0.118663484144047","1,2,3,1,4,3,3,3,2,4,3,3,3,4,2,3,1","0.000607967376708984","louvain","graph_2024M01.graphml"
"0.29","0.04","0.67","0.119441934922404","1,2,3,1,4,3,3,3,2,4,4,3,3,4,2,3,1","0.000622034072875977","louvain","graph_2024M01.graphml"
"0.28","0.05","0.67","0.119908435727788","1,2,3,1,2,3,3,3,2,3,3,3,3,3,2,3,1","0.000609159469604492","louvain","graph_2024M01.graphml"
"0.27","0.06","0.67","0.120227034533818","1,2,3,1,2,3,3,3,2,3,3,3,3,3,2,3,1","0.000643014907836914","louvain","graph_2024M01.graphml"
"0.26","0.07","0.67","0.119630530629914","1,2,3,1,2,3,3,3,2,3,3,3,3,3,2,3,1","0.00064396858215332","louvain","graph_2024M01.graphml"
"0.25","0.08","0.67","0.119755650193962","1,2,3,3,3,3,3,3,2,3,3,3,3,1,2,3,1","0.000584125518798828","louvain","graph_2024M01.graphml"
"0.24","0.09","0.67","0.119693352407848","1,2,3,1,3,3,3,3,2,3,3,3,3,3,2,3,1","0.000607013702392578","louvain","graph_2024M01.graphml"
"0.23","0.1","0.67","0.119106369835018","1,2,3,3,3,3,3,3,2,3,3,3,3,1,2,3,1","0.000620126724243164","louvain","graph_2024M01.graphml"
"0.22","0.11","0.67","0.11937391605966","1,2,3,1,3,3,3,3,2,3,3,3,3,3,2,3,1","0.000706911087036133","louvain","graph_2024M01.graphml"
"0.21","0.12","0.67","0.120041741610432","1,2,3,1,3,3,3,3,2,3,3,3,3,3,2,3,1","0.000674962997436523","louvain","graph_2024M01.graphml"
"0.2","0.13","0.67","0.11929788888774","1,2,3,3,3,3,3,3,2,3,3,3,3,1,2,3,1","0.000624895095825195","louvain","graph_2024M01.graphml"
"0.19","0.14","0.67","0.12016252539101","1,2,3,1,3,3,3,3,2,3,3,3,3,3,2,3,1","0.000634193420410156","louvain","graph_2024M01.graphml"
"0.18","0.15","0.67","0.11967467035576","1,2,3,1,3,3,3,3,2,3,3,3,3,3,2,3,1","0.000684976577758789","louvain","graph_2024M01.graphml"
"0.17","0.16","0.67","0.121872453598914","1,2,3,1,3,3,3,3,2,3,3,3,3,3,2,3,1","0.00060582160949707","louvain","graph_2024M01.graphml"
"0.16","0.17","0.67","0.121872453598914","1,2,3,1,3,3,3,3,2,3,3,3,3,3,2,3,1","0.000718116760253906","louvain","graph_2024M01.graphml"
"0.15","0.18","0.67","0.121277023448273","1,2,3,1,3,3,3,3,2,3,3,3,3,3,2,3,1","0.000612020492553711","louvain","graph_2024M01.graphml"
"0.14","0.19","0.67","0.121497167660155","1,2,3,2,2,3,3,3,2,3,3,3,3,1,3,3,1","0.000604867935180664","louvain","graph_2024M01.graphml"
"0.13","0.2","0.67","0.122761960751379","1,2,3,1,4,3,3,3,2,4,4,3,3,4,3,3,1","0.000777959823608398","louvain","graph_2024M01.graphml"
"0.12","0.21","0.67","0.122120297673094","1,2,3,3,3,3,3,3,2,3,3,3,3,1,2,3,1","0.000599145889282227","louvain","graph_2024M01.graphml"
"0.11","0.22","0.67","0.122687534626039","1,2,3,1,3,4,3,3,2,3,3,4,3,3,3,3,1","0.000602960586547852","louvain","graph_2024M01.graphml"
"0.1","0.23","0.67","0.122011563417672","1,2,3,1,4,3,3,3,2,4,3,3,3,4,3,3,1","0.000646114349365234","louvain","graph_2024M01.graphml"
"0.09","0.24","0.67","0.122295215419898","1,2,3,2,2,3,3,3,2,3,3,3,3,1,3,3,1","0.000607967376708984","louvain","graph_2024M01.graphml"
"0.08","0.25","0.67","0.122431208638105","1,2,3,2,4,4,4,3,2,4,4,3,4,4,4,3,1","0.00067901611328125","louvain","graph_2024M01.graphml"
"0.07","0.26","0.67","0.121981426168421","1,2,3,2,4,3,3,3,2,4,4,3,3,4,3,3,1","0.000725030899047852","louvain","graph_2024M01.graphml"
"0.06","0.27","0.67","0.1212451171875","1,2,3,2,4,4,4,3,2,4,4,3,4,4,4,3,1","0.000639915466308594","louvain","graph_2024M01.graphml"
"0.05","0.28","0.67","0.121815854755874","1,2,3,2,4,4,4,3,2,4,4,3,4,4,4,3,1","0.000618934631347656","louvain","graph_2024M01.graphml"
"0.04","0.29","0.67","0.121411992513864","1,2,3,2,4,4,4,3,2,4,4,3,4,4,4,3,1","0.000664949417114258","louvain","graph_2024M01.graphml"
"0.03","0.3","0.67","0.122191921446587","1,2,3,2,3,3,3,3,2,3,3,3,3,3,2,3,1","0.000669956207275391","louvain","graph_2024M01.graphml"
"0.02","0.31","0.67","0.121740005337374","1,2,3,2,3,3,3,3,2,3,3,3,3,3,2,3,1","0.000699043273925781","louvain","graph_2024M01.graphml"
"0.01","0.32","0.67","0.121130835496209","1,2,3,2,4,3,3,3,2,4,4,3,3,4,3,3,1","0.000815868377685547","louvain","graph_2024M01.graphml"
"0","0.33","0.67","0.121462960994792","1,2,3,2,4,4,4,3,2,4,4,3,4,4,4,3,1","0.00065302848815918","louvain","graph_2024M01.graphml"
"0.32","0","0.68","0.11826125418194","1,2,3,3,2,3,3,3,2,3,3,4,3,1,2,3,1","0.000852108001708984","louvain","graph_2024M01.graphml"
"0.31","0.01","0.68","0.118642970765363","1,2,3,1,2,3,3,3,2,3,3,3,3,3,2,3,1","0.000643014907836914","louvain","graph_2024M01.graphml"
"0.3","0.02","0.68","0.118642970765363","1,2,3,1,2,3,3,3,2,3,3,3,3,3,2,3,1","0.000919103622436523","louvain","graph_2024M01.graphml"
"0.29","0.03","0.68","0.119106369835018","1,2,3,3,3,3,3,3,2,3,3,3,3,1,2,3,1","0.000580072402954102","louvain","graph_2024M01.graphml"
"0.28","0.04","0.68","0.1185065367694","1,2,3,3,3,3,3,3,2,3,3,3,3,1,2,3,1","0.00067591667175293","louvain","graph_2024M01.graphml"
"0.27","0.05","0.68","0.120041741610432","1,2,3,1,3,3,3,3,2,3,3,3,3,3,2,3,1","0.000640869140625","louvain","graph_2024M01.graphml"
"0.26","0.06","0.68","0.1191124953574","1,2,3,1,3,3,3,3,2,3,3,3,3,3,2,3,1","0.00056004524230957","louvain","graph_2024M01.graphml"
"0.25","0.07","0.68","0.118534749574715","1,2,3,3,3,3,3,3,2,3,3,3,3,1,2,3,1","0.000636100769042969","louvain","graph_2024M01.graphml"
"0.24","0.08","0.68","0.119394320684034","1,2,3,1,3,3,3,3,2,3,3,3,3,3,2,3,1","0.000636816024780273","louvain","graph_2024M01.graphml"
"0.23","0.09","0.68","0.11974111319734","1,2,3,1,3,3,3,3,2,3,3,3,3,3,2,3,1","0.000586032867431641","louvain","graph_2024M01.graphml"
"0.22","0.1","0.68","0.120999886826618","1,2,3,1,3,3,3,3,2,3,3,3,3,3,2,3,1","0.000684022903442383","louvain","graph_2024M01.graphml"
"0.21","0.11","0.68","0.121277023448273","1,2,3,1,3,3,3,3,2,3,3,3,3,3,2,3,1","0.000659942626953125","louvain","graph_2024M01.graphml"
"0.2","0.12","0.68","0.121097690298218","1,2,3,1,4,3,3,3,2,4,4,3,3,4,2,3,1","0.000600099563598633","louvain","graph_2024M01.graphml"
"0.19","0.13","0.68","0.121466778321805","1,2,3,1,4,4,4,3,2,4,4,3,4,4,4,3,1","0.00061798095703125","louvain","graph_2024M01.graphml"
"0.18","0.14","0.68","0.122108458684812","1,2,3,1,3,3,3,3,2,3,3,3,3,3,2,3,1","0.00127601623535156","louvain","graph_2024M01.graphml"
"0.17","0.15","0.68","0.121765434114822","1,2,3,1,4,4,4,3,2,4,4,3,4,4,4,3,1","0.000606060028076172","louvain","graph_2024M01.graphml"
"0.16","0.16","0.68","0.121400470596526","1,2,3,1,4,4,4,3,2,4,4,3,4,4,4,3,1","0.000622034072875977","louvain","graph_2024M01.graphml"
"0.15","0.17","0.68","0.122216435286497","1,2,3,2,3,3,3,3,2,3,3,3,3,3,3,3,1","0.000637054443359375","louvain","graph_2024M01.graphml"
"0.14","0.18","0.68","0.121533422535641","1,2,3,2,4,3,3,3,2,4,4,3,3,4,3,3,1","0.000663995742797852","louvain","graph_2024M01.graphml"
"0.13","0.19","0.68","0.121895982874239","1,2,3,2,4,3,3,3,2,4,4,3,3,4,3,3,1","0.00062108039855957","louvain","graph_2024M01.graphml"
"0.12","0.2","0.68","0.121895982874239","1,2,3,2,4,3,3,3,2,4,4,3,3,4,3,3,1","0.000673055648803711","louvain","graph_2024M01.graphml"
"0.11","0.21","0.68","0.121868425621301","1,2,3,2,4,4,4,3,2,4,4,3,4,4,4,3,1","0.000979900360107422","louvain","graph_2024M01.graphml"
"0.1","0.22","0.68","0.122051200762587","1,2,3,2,3,4,3,3,2,3,3,4,3,3,3,3,1","0.000598907470703125","louvain","graph_2024M01.graphml"
"0.09","0.23","0.68","0.121868425621301","1,2,3,2,4,4,4,3,2,4,4,3,4,4,4,3,1","0.000715017318725586","louvain","graph_2024M01.graphml"
"0.08","0.24","0.68","0.121817252420817","1,2,3,2,4,3,3,3,2,4,4,3,3,4,3,3,1","0.000592947006225586","louvain","graph_2024M01.graphml"
"0.07","0.25","0.68","0.121593686895526","1,2,3,2,3,3,3,3,2,4,3,3,3,1,4,3,1","0.000580072402954102","louvain","graph_2024M01.graphml"
"0.06","0.26","0.68","0.120942449469211","1,2,3,2,4,4,4,3,2,4,4,3,4,4,4,3,1","0.000708818435668945","louvain","graph_2024M01.graphml"
"0.05","0.27","0.68","0.120942449469211","1,2,3,2,4,4,4,3,2,4,4,3,4,4,4,3,1","0.000636100769042969","louvain","graph_2024M01.graphml"
"0.04","0.28","0.68","0.120780389176297","1,2,3,2,3,4,3,3,2,3,3,4,3,3,3,3,1","0.000591039657592773","louvain","graph_2024M01.graphml"
"0.03","0.29","0.68","0.121204643791324","1,2,3,2,2,3,3,3,2,4,3,3,3,1,4,3,1","0.000607967376708984","louvain","graph_2024M01.graphml"
"0.02","0.3","0.68","0.121436791623063","1,2,3,2,3,4,3,3,2,3,3,4,3,3,3,3,1","0.000585079193115234","louvain","graph_2024M01.graphml"
"0.01","0.31","0.68","0.12097667638484","1,2,3,2,2,3,3,3,2,4,3,3,3,1,4,3,1","0.000696182250976562","louvain","graph_2024M01.graphml"
"0","0.32","0.68","0.121188003202243","1,2,3,2,2,3,3,3,2,4,4,3,3,1,3,3,1","0.000659942626953125","louvain","graph_2024M01.graphml"
"0.31","0","0.69","0.11967467035576","1,2,3,1,3,3,3,3,2,3,3,3,3,3,2,3,1","0.000767946243286133","louvain","graph_2024M01.graphml"
"0.3","0.01","0.69","0.119358090752452","1,2,3,1,3,3,3,3,2,3,3,3,3,3,2,3,1","0.000642061233520508","louvain","graph_2024M01.graphml"
"0.29","0.02","0.69","0.120020391938039","1,2,3,1,3,3,3,3,2,3,3,3,3,3,2,3,1","0.000614166259765625","louvain","graph_2024M01.graphml"
"0.28","0.03","0.69","0.119425645088275","1,2,3,1,3,3,3,3,2,3,3,3,3,3,2,3,1","0.00065302848815918","louvain","graph_2024M01.graphml"
"0.27","0.04","0.69","0.120958809062479","1,2,3,1,3,3,3,3,2,3,3,3,3,3,2,3,1","0.000995159149169922","louvain","graph_2024M01.graphml"
"0.26","0.05","0.69","0.120366027183281","1,2,3,1,3,3,3,3,2,3,3,3,3,3,2,3,1","0.000684022903442383","louvain","graph_2024M01.graphml"
"0.25","0.06","0.69","0.121297976569868","1,2,3,1,3,3,3,3,2,3,3,3,3,3,2,3,1","0.000602006912231445","louvain","graph_2024M01.graphml"
"0.24","0.07","0.69","0.120664422979766","1,2,3,1,4,4,4,3,2,4,4,3,4,4,2,3,1","0.000571012496948242","louvain","graph_2024M01.graphml"
"0.23","0.08","0.69","0.121420289823157","1,2,3,1,4,4,4,3,2,4,4,3,4,4,4,3,1","0.000631093978881836","louvain","graph_2024M01.graphml"
"0.22","0.09","0.69","0.121885561840469","1,2,3,1,4,4,4,3,2,4,4,3,4,4,4,3,1","0.000622034072875977","louvain","graph_2024M01.graphml"
"0.21","0.1","0.69","0.121649789437859","1,2,3,2,4,4,4,3,2,4,4,3,4,4,4,3,1","0.000598907470703125","louvain","graph_2024M01.graphml"
"0.2","0.11","0.69","0.121212022569444","1,2,3,2,3,3,3,3,2,4,3,3,3,1,4,3,1","0.000700950622558594","louvain","graph_2024M01.graphml"
"0.19","0.12","0.69","0.121041643882489","1,2,3,2,4,3,3,3,2,4,4,3,3,4,3,3,1","0.000604152679443359","louvain","graph_2024M01.graphml"
"0.18","0.13","0.69","0.120790431403292","1,2,3,2,3,3,3,3,2,4,3,3,3,1,4,3,1","0.000635862350463867","louvain","graph_2024M01.graphml"
"0.17","0.14","0.69","0.121750349645071","1,2,3,2,3,3,3,3,2,4,3,3,3,1,4,3,1","0.000650882720947266","louvain","graph_2024M01.graphml"
"0.16","0.15","0.69","0.120980290456432","1,2,3,2,3,3,3,3,2,3,3,3,3,3,2,3,1","0.00059819221496582","louvain","graph_2024M01.graphml"
"0.15","0.16","0.69","0.121962994397507","1,2,3,2,3,3,3,3,2,4,3,3,3,1,4,3,1","0.000660896301269531","louvain","graph_2024M01.graphml"
"0.14","0.17","0.69","0.12147981268356","1,2,3,2,4,3,3,3,2,4,4,3,3,4,3,3,1","0.000670909881591797","louvain","graph_2024M01.graphml"
"0.13","0.18","0.69","0.121605044115904","1,2,3,2,3,4,3,3,2,3,3,4,3,3,3,3,1","0.000632047653198242","louvain","graph_2024M01.graphml"
"0.12","0.19","0.69","0.121635652863702","1,2,3,2,4,3,3,3,2,4,4,3,3,4,3,3,1","0.000618934631347656","louvain","graph_2024M01.graphml"
"0.11","0.2","0.69","0.121369099276792","1,2,3,2,2,3,3,3,2,4,4,3,3,1,3,3,1","0.000748157501220703","louvain","graph_2024M01.graphml"
"0.1","0.21","0.69","0.120630794813222","1,2,3,2,3,4,3,3,2,3,3,4,3,1,3,3,1","0.000592947006225586","louvain","graph_2024M01.graphml"
"0.09","0.22","0.69","0.120775822403257","1,2,3,2,3,3,3,3,2,4,3,3,3,1,3,3,1","0.00062108039855957","louvain","graph_2024M01.graphml"
"0.08","0.23","0.69","0.12015293637211","1,2,3,2,3,3,3,3,2,4,3,3,3,1,3,3,1","0.000571012496948242","louvain","graph_2024M01.graphml"
"0.07","0.24","0.69","0.120555072368893","1,2,3,2,2,3,3,3,2,4,3,3,3,1,4,3,1","0.000597953796386719","louvain","graph_2024M01.graphml"
"0.06","0.25","0.69","0.120821514060493","1,2,3,2,2,3,3,3,2,4,4,3,3,1,3,3,1","0.000762939453125","louvain","graph_2024M01.graphml"
"0.05","0.26","0.69","0.120867602829059","1,2,3,1,4,3,3,3,2,4,4,3,3,4,3,3,1","0.000633001327514648","louvain","graph_2024M01.graphml"
"0.04","0.27","0.69","0.120337949575484","1,2,3,1,4,3,3,3,2,4,4,3,3,4,3,3,1","0.000602960586547852","louvain","graph_2024M01.graphml"
"0.03","0.28","0.69","0.119963345571965","1,2,3,1,3,4,3,3,2,3,3,4,3,3,3,3,1","0.000622034072875977","louvain","graph_2024M01.graphml"
"0.02","0.29","0.69","0.120302520151005","1,2,3,1,4,3,3,3,2,4,4,3,3,4,3,3,1","0.000657081604003906","louvain","graph_2024M01.graphml"
"0.01","0.3","0.69","0.120449991057492","1,2,2,1,2,2,2,2,3,2,2,2,2,2,3,2,1","0.000650167465209961","louvain","graph_2024M01.graphml"
"0","0.31","0.69","0.121381710787866","1,2,3,2,2,3,3,3,2,4,4,3,3,1,3,3,1","0.000625848770141602","louvain","graph_2024M01.graphml"
"0.3","0","0.7","0.11975745072905","1,2,3,1,3,3,3,3,2,3,3,3,3,3,2,3,1","0.000668048858642578","louvain","graph_2024M01.graphml"
"0.29","0.01","0.7","0.119445429362881","1,2,3,1,3,3,3,3,2,3,3,3,3,3,2,3,1","0.000601053237915039","louvain","graph_2024M01.graphml"
"0.28","0.02","0.7","0.120731692669862","1,2,3,1,4,4,4,3,2,4,4,3,4,4,4,3,1","0.000772953033447266","louvain","graph_2024M01.graphml"
"0.27","0.03","0.7","0.120870398054402","1,2,3,2,3,3,3,3,2,3,3,3,3,1,3,3,1","0.000603914260864258","louvain","graph_2024M01.graphml"
"0.26","0.04","0.7","0.121217990451389","1,2,3,2,4,3,3,3,2,4,4,3,3,4,3,3,1","0.000648021697998047","louvain","graph_2024M01.graphml"
"0.25","0.05","0.7","0.120432561901679","1,2,3,2,3,3,3,3,2,3,3,3,3,3,3,3,1","0.000672817230224609","louvain","graph_2024M01.graphml"
"0.24","0.06","0.7","0.122051200762587","1,2,3,2,3,4,3,3,2,3,3,4,3,3,3,3,1","0.000622034072875977","louvain","graph_2024M01.graphml"
"0.23","0.07","0.7","0.121191202802982","1,2,3,2,3,3,3,3,2,4,3,3,3,1,4,3,1","0.000602960586547852","louvain","graph_2024M01.graphml"
"0.22","0.08","0.7","0.121974281188757","1,2,3,2,4,3,3,3,2,4,4,3,3,4,3,3,1","0.00064396858215332","louvain","graph_2024M01.graphml"
"0.21","0.09","0.7","0.121445396053822","1,2,3,2,4,3,3,3,2,4,4,3,3,4,3,3,1","0.00150704383850098","louvain","graph_2024M01.graphml"
"0.2","0.1","0.7","0.121314410289671","1,2,3,2,4,3,3,3,2,4,4,3,3,4,3,3,1","0.000618219375610352","louvain","graph_2024M01.graphml"
"0.19","0.11","0.7","0.120448198582794","1,2,3,2,4,3,3,3,2,4,4,3,3,4,3,3,1","0.000669002532958984","louvain","graph_2024M01.graphml"
"0.18","0.12","0.7","0.121369099276792","1,2,3,2,2,3,3,3,2,4,4,3,3,1,3,3,1","0.00062108039855957","louvain","graph_2024M01.graphml"
"0.17","0.13","0.7","0.119979529192334","1,2,3,2,3,3,3,3,2,3,3,3,3,1,3,3,1","0.000638008117675781","louvain","graph_2024M01.graphml"
"0.16","0.14","0.7","0.120612014719738","1,2,3,2,3,3,3,3,2,3,3,3,3,1,3,3,1","0.000633001327514648","louvain","graph_2024M01.graphml"
"0.15","0.15","0.7","0.120703352769679","1,2,3,2,3,3,3,3,2,4,3,3,3,1,3,3,1","0.000699996948242188","louvain","graph_2024M01.graphml"
"0.14","0.16","0.7","0.120555072368893","1,2,3,2,2,3,3,3,2,4,3,3,3,1,4,3,1","0.000601768493652344","louvain","graph_2024M01.graphml"
"0.13","0.17","0.7","0.120742112367396","1,2,3,2,2,3,3,3,2,4,4,3,3,1,3,3,1","0.000604867935180664","louvain","graph_2024M01.graphml"
"0.12","0.18","0.7","0.120511736968229","1,2,3,2,2,3,3,3,2,4,4,3,3,1,3,3,1","0.000607967376708984","louvain","graph_2024M01.graphml"
"0.11","0.19","0.7","0.119896090911709","1,2,3,1,4,3,3,3,2,4,4,3,3,4,3,3,1","0.000603199005126953","louvain","graph_2024M01.graphml"
"0.1","0.2","0.7","0.117711095302766","1,2,3,1,3,3,3,3,2,3,3,3,3,3,3,3,1","0.000646114349365234","louvain","graph_2024M01.graphml"
"0.09","0.21","0.7","0.118649430898631","1,2,3,2,3,3,3,3,2,4,3,3,3,1,3,3,1","0.000612974166870117","louvain","graph_2024M01.graphml"
"0.08","0.22","0.7","0.120036432840061","1,2,3,2,3,3,3,3,2,4,3,3,3,1,3,3,1","0.000725030899047852","louvain","graph_2024M01.graphml"
"0.07","0.23","0.7","0.120133989284508","1,2,3,2,2,3,3,3,2,4,4,3,3,1,3,3,1","0.000591039657592773","louvain","graph_2024M01.graphml"
"0.06","0.24","0.7","0.119062969365489","1,2,2,1,2,2,2,2,3,2,2,2,2,2,3,2,1","0.000617027282714844","louvain","graph_2024M01.graphml"
"0.05","0.25","0.7","0.11929648241206","1,2,2,1,2,2,2,2,3,2,2,2,2,2,3,2,1","0.000737190246582031","louvain","graph_2024M01.graphml"
"0.04","0.26","0.7","0.119924970498255","1,2,3,2,3,3,3,3,2,3,3,3,3,1,3,3,1","0.000622034072875977","louvain","graph_2024M01.graphml"
"0.03","0.27","0.7","0.120327534741949","1,2,3,2,2,3,3,3,2,4,4,3,3,1,3,3,1","0.000703811645507812","louvain","graph_2024M01.graphml"
"0.02","0.28","0.7","0.119926","1,2,3,2,3,3,3,3,2,3,3,3,3,1,2,3,1","0.000694036483764648","louvain","graph_2024M01.graphml"
"0.01","0.29","0.7","0.118925874420607","1,2,3,2,3,3,3,3,2,3,3,3,3,1,3,2,1","0.000645160675048828","louvain","graph_2024M01.graphml"
"0","0.3","0.7","0.119182632021714","1,2,2,1,2,2,2,2,3,2,2,2,2,2,3,2,1","0.000680923461914062","louvain","graph_2024M01.graphml"
"0.29","0","0.71","0.120804888862106","1,2,3,2,3,3,3,3,2,3,3,3,3,3,3,3,1","0.000620126724243164","louvain","graph_2024M01.graphml"
"0.28","0.01","0.71","0.120237321807297","1,2,3,2,3,3,3,3,2,3,3,3,3,3,3,3,1","0.000678062438964844","louvain","graph_2024M01.graphml"
"0.27","0.02","0.71","0.118872349330803","1,2,3,2,2,3,3,3,2,4,3,3,3,1,4,3,1","0.000618934631347656","louvain","graph_2024M01.graphml"
"0.26","0.03","0.71","0.11936848312706","1,2,3,2,3,3,3,3,2,3,3,3,3,3,3,3,1","0.000633955001831055","louvain","graph_2024M01.graphml"
"0.25","0.04","0.71","0.120411499816586","1,2,3,2,2,3,3,3,2,4,3,3,3,1,4,3,1","0.000622034072875977","louvain","graph_2024M01.graphml"
"0.24","0.05","0.71","0.120411499816586","1,2,3,2,2,3,3,3,2,4,3,3,3,1,4,3,1","0.000622987747192383","louvain","graph_2024M01.graphml"
"0.23","0.06","0.71","0.120279586485503","1,2,3,2,2,3,3,3,2,4,4,3,3,1,3,3,1","0.000644922256469727","louvain","graph_2024M01.graphml"
"0.22","0.07","0.71","0.120327177155401","1,2,3,2,3,3,3,3,2,4,3,3,3,1,3,3,1","0.000567197799682617","louvain","graph_2024M01.graphml"
"0.21","0.08","0.71","0.121268742190754","1,2,3,2,2,3,3,3,2,4,4,3,3,1,3,3,1","0.000638008117675781","louvain","graph_2024M01.graphml"
"0.2","0.09","0.71","0.120742112367396","1,2,3,2,2,3,3,3,2,4,4,3,3,1,3,3,1","0.000625133514404297","louvain","graph_2024M01.graphml"
"0.19","0.1","0.71","0.119816638707467","1,2,3,1,4,3,3,3,2,4,4,3,3,4,3,3,1","0.000597000122070312","louvain","graph_2024M01.graphml"
"0.18","0.11","0.71","0.119058253700274","1,2,3,2,2,3,3,3,2,4,4,3,3,1,3,3,1","0.000641107559204102","louvain","graph_2024M01.graphml"
"0.17","0.12","0.71","0.119058253700274","1,2,3,2,2,3,3,3,2,4,4,3,3,1,3,3,1","0.000602960586547852","louvain","graph_2024M01.graphml"
"0.16","0.13","0.71","0.119058253700274","1,2,3,2,2,3,3,3,2,4,4,3,3,1,3,3,1","0.000635147094726562","louvain","graph_2024M01.graphml"
"0.15","0.14","0.71","0.118694415108151","1,2,3,2,2,3,3,3,2,4,4,3,3,1,3,3,1","0.000588893890380859","louvain","graph_2024M01.graphml"
"0.14","0.15","0.71","0.119228139985716","1,2,3,2,2,3,3,3,2,4,4,3,3,1,3,3,1","0.000645875930786133","louvain","graph_2024M01.graphml"
"0.13","0.16","0.71","0.119578096546566","1,2,3,2,2,3,3,3,2,4,4,3,3,1,3,3,1","0.000662088394165039","louvain","graph_2024M01.graphml"
"0.12","0.17","0.71","0.118764381891772","1,2,3,2,3,4,3,3,2,3,3,4,3,3,3,3,1","0.000701904296875","louvain","graph_2024M01.graphml"
"0.11","0.18","0.71","0.118280851493649","1,2,3,2,4,4,4,3,2,3,4,3,4,1,4,3,1","0.000616073608398438","louvain","graph_2024M01.graphml"
"0.1","0.19","0.71","0.119444592553991","1,2,3,2,2,3,3,3,2,4,4,3,3,1,3,3,1","0.000678062438964844","louvain","graph_2024M01.graphml"
"0.09","0.2","0.71","0.119887068726632","1,2,3,2,2,3,3,3,2,4,4,3,3,1,3,3,1","0.000696182250976562","louvain","graph_2024M01.graphml"
"0.08","0.21","0.71","0.1190965","1,2,3,2,3,3,3,3,2,3,3,3,3,1,3,3,1","0.000700950622558594","louvain","graph_2024M01.graphml"
"0.07","0.22","0.71","0.118128513432217","1,2,3,2,3,3,3,3,2,3,3,3,3,1,3,3,1","0.000674009323120117","louvain","graph_2024M01.graphml"
"0.06","0.23","0.71","0.118877750550729","1,2,3,2,2,3,3,3,2,4,4,3,3,1,3,3,1","0.00066685676574707","louvain","graph_2024M01.graphml"
"0.05","0.24","0.71","0.118477504752795","1,2,3,2,2,3,3,3,2,4,4,3,3,1,3,3,1","0.000639200210571289","louvain","graph_2024M01.graphml"
"0.04","0.25","0.71","0.118558529538475","1,2,3,2,3,3,3,3,2,3,3,3,3,1,3,2,1","0.000641107559204102","louvain","graph_2024M01.graphml"
"0.03","0.26","0.71","0.118895069601915","1,2,3,2,3,4,3,3,2,3,3,4,3,3,3,3,1","0.000673055648803711","louvain","graph_2024M01.graphml"
"0.02","0.27","0.71","0.119990687187531","1,2,3,2,3,3,3,3,2,3,3,3,3,1,3,2,1","0.00069117546081543","louvain","graph_2024M01.graphml"
"0.01","0.28","0.71","0.119210383474847","1,2,3,1,3,3,3,3,2,3,3,3,3,3,2,3,1","0.000627040863037109","louvain","graph_2024M01.graphml"
"0","0.29","0.71","0.11859011381009","1,2,3,3,4,3,3,3,2,3,3,4,3,1,3,3,1","0.000671148300170898","louvain","graph_2024M01.graphml"
"0.28","0","0.72","0.120820686928043","1,2,3,2,2,3,3,3,2,4,4,3,3,1,3,3,1","0.000637054443359375","louvain","graph_2024M01.graphml"
"0.27","0.01","0.72","0.120406601416077","1,2,3,2,2,3,3,3,2,4,4,3,3,1,3,3,1","0.00068211555480957","louvain","graph_2024M01.graphml"
"0.26","0.02","0.72","0.119514291877004","1,2,3,2,2,3,3,3,2,4,4,3,3,1,3,3,1","0.000653982162475586","louvain","graph_2024M01.graphml"
"0.25","0.03","0.72","0.118214331727177","1,2,3,2,2,3,3,3,2,4,4,3,3,1,3,3,1","0.000622987747192383","louvain","graph_2024M01.graphml"
"0.24","0.04","0.72","0.118274045632612","1,2,3,2,3,3,3,3,2,4,3,3,3,1,3,3,1","0.000650882720947266","louvain","graph_2024M01.graphml"
"0.23","0.05","0.72","0.118694415108151","1,2,3,2,2,3,3,3,2,4,4,3,3,1,3,3,1","0.000644922256469727","louvain","graph_2024M01.graphml"
"0.22","0.06","0.72","0.118270643407104","1,2,3,2,2,3,3,3,2,4,3,3,3,1,4,3,1","0.000611066818237305","louvain","graph_2024M01.graphml"
"0.21","0.07","0.72","0.118287419651056","1,2,3,2,2,3,3,3,2,4,4,3,3,1,3,3,1","0.000731945037841797","louvain","graph_2024M01.graphml"
"0.2","0.08","0.72","0.11882166542271","1,2,3,2,2,3,3,3,2,4,4,3,3,1,3,3,1","0.000587940216064453","louvain","graph_2024M01.graphml"
"0.19","0.09","0.72","0.118303281087409","1,2,3,2,2,3,3,3,2,4,4,3,3,1,3,3,1","0.00067901611328125","louvain","graph_2024M01.graphml"
"0.18","0.1","0.72","0.11920961591879","1,2,3,2,2,3,3,3,2,4,4,3,3,1,3,3,1","0.000802993774414062","louvain","graph_2024M01.graphml"
"0.17","0.11","0.72","0.118913404622506","1,2,3,2,2,3,3,3,2,4,4,3,3,1,3,3,1","0.000996112823486328","louvain","graph_2024M01.graphml"
"0.16","0.12","0.72","0.118538178561532","1,2,3,2,3,3,3,3,2,3,3,3,3,1,3,3,1","0.000739097595214844","louvain","graph_2024M01.graphml"
"0.15","0.13","0.72","0.118538178561532","1,2,3,2,3,3,3,3,2,3,3,3,3,1,3,3,1","0.000643014907836914","louvain","graph_2024M01.graphml"
"0.14","0.14","0.72","0.119045840454819","1,2,3,2,2,3,3,3,2,4,4,3,3,1,3,3,1","0.000597953796386719","louvain","graph_2024M01.graphml"
"0.13","0.15","0.72","0.11864406779661","1,2,3,2,2,3,3,3,2,4,4,3,3,1,3,3,1","0.00061488151550293","louvain","graph_2024M01.graphml"
"0.12","0.16","0.72","0.118058547324404","1,2,3,2,3,3,3,3,2,3,3,3,3,1,3,3,1","0.000666141510009766","louvain","graph_2024M01.graphml"
"0.11","0.17","0.72","0.117813340380987","1,2,3,2,3,3,3,3,2,3,3,3,3,1,3,3,1","0.00063014030456543","louvain","graph_2024M01.graphml"
"0.1","0.18","0.72","0.117813340380987","1,2,3,2,3,3,3,3,2,3,3,3,3,1,3,3,1","0.000686883926391602","louvain","graph_2024M01.graphml"
"0.09","0.19","0.72","0.118559952916352","1,2,3,2,2,3,3,3,2,4,4,3,3,1,3,3,1","0.000647068023681641","louvain","graph_2024M01.graphml"
"0.08","0.2","0.72","0.118783589026543","1,2,2,2,3,3,3,3,2,3,3,3,3,1,3,2,1","0.000605106353759766","louvain","graph_2024M01.graphml"
"0.07","0.21","0.72","0.118627484287413","1,2,3,2,3,3,3,3,2,3,3,3,3,1,3,2,1","0.000618934631347656","louvain","graph_2024M01.graphml"
"0.06","0.22","0.72","0.119136144522289","1,2,3,1,3,3,3,3,2,4,4,3,3,4,2,3,1","0.000610113143920898","louvain","graph_2024M01.graphml"
"0.05","0.23","0.72","0.119524136870836","1,2,3,1,2,2,2,2,3,2,2,2,2,2,3,2,1","0.000561952590942383","louvain","graph_2024M01.graphml"
"0.04","0.24","0.72","0.119512206843522","1,2,2,3,3,3,3,3,2,3,3,3,3,1,3,2,1","0.000607967376708984","louvain","graph_2024M01.graphml"
"0.03","0.25","0.72","0.119512206843522","1,2,2,3,3,3,3,3,2,3,3,3,3,1,3,2,1","0.000627994537353516","louvain","graph_2024M01.graphml"
"0.02","0.26","0.72","0.118581291411217","1,2,3,3,3,3,3,3,2,4,4,3,3,1,3,3,4","0.000697135925292969","louvain","graph_2024M01.graphml"
"0.01","0.27","0.72","0.118991446964203","1,2,2,3,3,3,3,3,2,4,3,3,3,1,2,2,4","0.000632047653198242","louvain","graph_2024M01.graphml"
"0","0.28","0.72","0.118651417910164","1,2,3,2,2,3,3,3,2,4,3,3,3,1,4,3,4","0.000692129135131836","louvain","graph_2024M01.graphml"
"0.27","0","0.73","0.119268157355619","1,2,3,2,2,3,3,3,2,4,4,3,3,1,3,3,1","0.000718832015991211","louvain","graph_2024M01.graphml"
"0.26","0.01","0.73","0.117647535110057","1,2,3,2,3,3,3,3,2,4,3,3,3,1,3,3,1","0.000586986541748047","louvain","graph_2024M01.graphml"
"0.25","0.02","0.73","0.118087296414301","1,2,3,2,3,4,3,3,2,3,3,4,3,3,3,3,1","0.000672817230224609","louvain","graph_2024M01.graphml"
"0.24","0.03","0.73","0.117107648796748","1,2,3,2,3,3,3,3,2,4,3,3,3,1,3,3,1","0.000656843185424805","louvain","graph_2024M01.graphml"
"0.23","0.04","0.73","0.119260992606707","1,2,2,1,2,3,2,2,4,2,2,3,2,2,4,2,1","0.000679969787597656","louvain","graph_2024M01.graphml"
"0.22","0.05","0.73","0.118538178561532","1,2,3,2,3,3,3,3,2,3,3,3,3,1,3,3,1","0.000590085983276367","louvain","graph_2024M01.graphml"
"0.21","0.06","0.73","0.1174345","1,2,3,2,3,3,3,3,2,3,3,3,3,1,3,3,1","0.000655889511108398","louvain","graph_2024M01.graphml"
"0.2","0.07","0.73","0.117714952380287","1,2,3,2,3,3,3,3,2,3,3,3,3,1,3,3,1","0.000638008117675781","louvain","graph_2024M01.graphml"
"0.19","0.08","0.73","0.118061618069554","1,2,3,2,3,3,3,3,2,3,3,3,3,1,3,2,1","0.000651121139526367","louvain","graph_2024M01.graphml"
"0.18","0.09","0.73","0.11841426589568","1,2,3,2,2,3,3,3,2,4,4,3,3,1,3,3,1","0.00062108039855957","louvain","graph_2024M01.graphml"
"0.17","0.1","0.73","0.118586526045603","1,2,3,2,3,3,3,3,2,3,3,3,3,1,3,2,1","0.000632047653198242","louvain","graph_2024M01.graphml"
"0.16","0.11","0.73","0.118565858056185","1,2,2,1,2,3,2,2,4,2,2,3,2,2,4,2,1","0.00065302848815918","louvain","graph_2024M01.graphml"
"0.15","0.12","0.73","0.118735418096265","1,2,3,2,3,3,3,3,2,3,2,3,3,1,3,3,1","0.000665903091430664","louvain","graph_2024M01.graphml"
"0.14","0.13","0.73","0.117592716209513","1,2,3,2,3,3,3,3,2,3,4,3,3,1,3,2,1","0.000720024108886719","louvain","graph_2024M01.graphml"
"0.13","0.14","0.73","0.1178252979004","1,2,2,2,3,3,3,3,2,3,3,3,3,1,3,2,1","0.000627994537353516","louvain","graph_2024M01.graphml"
"0.12","0.15","0.73","0.118754042632185","1,2,2,1,3,3,3,3,2,3,3,3,3,3,3,2,1","0.000666141510009766","louvain","graph_2024M01.graphml"
"0.11","0.16","0.73","0.119593282105164","1,2,3,1,2,2,2,2,3,2,2,2,2,2,3,2,1","0.000746965408325195","louvain","graph_2024M01.graphml"
"0.1","0.17","0.73","0.11886087786425","1,2,3,2,4,3,3,3,2,3,3,4,3,1,3,3,1","0.000684022903442383","louvain","graph_2024M01.graphml"
"0.09","0.18","0.73","0.119512206843522","1,2,2,3,3,3,3,3,2,3,3,3,3,1,3,2,1","0.000668048858642578","louvain","graph_2024M01.graphml"
"0.08","0.19","0.73","0.119162139631883","1,2,3,2,2,4,2,2,3,2,2,4,2,2,3,2,1","0.000722885131835938","louvain","graph_2024M01.graphml"
"0.07","0.2","0.73","0.11814253420583","1,2,3,3,4,3,3,3,2,5,3,4,3,1,3,3,5","0.000607967376708984","louvain","graph_2024M01.graphml"
"0.06","0.21","0.73","0.118066242604562","1,2,3,3,4,3,3,3,2,5,3,4,3,1,3,3,5","0.000733852386474609","louvain","graph_2024M01.graphml"
"0.05","0.22","0.73","0.117316783751457","1,2,3,3,4,3,3,3,2,5,3,4,3,1,3,3,5","0.000721931457519531","louvain","graph_2024M01.graphml"
"0.04","0.23","0.73","0.116738146856443","1,2,3,3,2,3,3,3,2,4,3,3,3,1,3,3,4","0.000609874725341797","louvain","graph_2024M01.graphml"
"0.03","0.24","0.73","0.117042432846584","1,2,3,3,4,3,3,3,2,5,3,4,3,1,3,3,5","0.000730991363525391","louvain","graph_2024M01.graphml"
"0.02","0.25","0.73","0.119746556401962","1,2,2,3,3,3,3,3,2,4,3,3,3,1,3,2,4","0.000737905502319336","louvain","graph_2024M01.graphml"
"0.01","0.26","0.73","0.119799663839239","1,2,2,3,3,3,3,3,2,4,3,3,3,1,4,2,4","0.000638961791992188","louvain","graph_2024M01.graphml"
"0","0.27","0.73","0.118840979206344","1,2,2,3,3,3,3,3,2,4,3,3,3,1,3,2,4","0.000707149505615234","louvain","graph_2024M01.graphml"
"0.26","0","0.74","0.117834689901634","1,2,3,2,2,3,3,3,2,4,3,3,3,1,4,3,1","0.000636816024780273","louvain","graph_2024M01.graphml"
"0.25","0.01","0.74","0.117971593895869","1,2,3,2,2,3,3,3,2,4,3,3,3,1,4,3,1","0.000602006912231445","louvain","graph_2024M01.graphml"
"0.24","0.02","0.74","0.117922188538748","1,2,3,2,4,3,3,3,2,4,3,3,3,1,3,3,1","0.000620126724243164","louvain","graph_2024M01.graphml"
"0.23","0.03","0.74","0.117971593895869","1,2,3,2,2,3,3,3,2,4,3,3,3,1,4,3,1","0.000818967819213867","louvain","graph_2024M01.graphml"
"0.22","0.04","0.74","0.117342333272107","1,2,2,1,2,3,2,2,4,2,2,3,2,2,4,2,1","0.000619888305664062","louvain","graph_2024M01.graphml"
"0.21","0.05","0.74","0.117507934852836","1,2,3,2,3,3,3,3,2,3,3,3,3,1,3,2,1","0.000611066818237305","louvain","graph_2024M01.graphml"
"0.2","0.06","0.74","0.1178252979004","1,2,2,2,3,3,3,3,2,3,3,3,3,1,3,2,1","0.000683784484863281","louvain","graph_2024M01.graphml"
"0.19","0.07","0.74","0.116803125530831","1,2,3,1,3,3,3,3,2,3,3,3,3,3,2,3,1","0.000669002532958984","louvain","graph_2024M01.graphml"
"0.18","0.08","0.74","0.117300104346138","1,2,2,2,3,3,3,3,2,3,3,3,3,1,3,2,1","0.000597953796386719","louvain","graph_2024M01.graphml"
"0.17","0.09","0.74","0.118323311956329","1,2,3,1,3,3,3,3,2,3,3,3,3,3,2,3,1","0.000866889953613281","louvain","graph_2024M01.graphml"
"0.16","0.1","0.74","0.118689747256328","1,2,3,2,3,3,3,3,2,3,3,3,3,1,3,2,1","0.000795841217041016","louvain","graph_2024M01.graphml"
"0.15","0.11","0.74","0.118085819725049","1,2,3,1,4,3,3,3,2,3,3,4,3,3,3,3,1","0.0006561279296875","louvain","graph_2024M01.graphml"
"0.14","0.12","0.74","0.118053029055495","1,2,3,3,4,3,3,3,2,3,3,4,3,1,3,3,1","0.000584125518798828","louvain","graph_2024M01.graphml"
"0.13","0.13","0.74","0.118245601654053","1,2,3,2,3,3,3,3,2,3,3,3,3,1,3,2,1","0.000655174255371094","louvain","graph_2024M01.graphml"
"0.12","0.14","0.74","0.117524016260655","1,2,2,3,3,3,3,3,2,4,3,3,3,1,3,2,4","0.000657081604003906","louvain","graph_2024M01.graphml"
"0.11","0.15","0.74","0.117524016260655","1,2,2,3,3,3,3,3,2,4,3,3,3,1,3,2,4","0.00093388557434082","louvain","graph_2024M01.graphml"
"0.1","0.16","0.74","0.117259240931699","1,2,2,3,3,3,3,3,2,4,3,3,3,1,4,2,4","0.000690937042236328","louvain","graph_2024M01.graphml"
"0.09","0.17","0.74","0.11694738653667","1,2,3,3,4,3,3,3,2,5,3,4,3,1,3,3,5","0.000653982162475586","louvain","graph_2024M01.graphml"
"0.08","0.18","0.74","0.117908936031179","1,2,3,3,4,3,3,3,2,5,3,4,3,1,3,3,5","0.00078892707824707","louvain","graph_2024M01.graphml"
"0.07","0.19","0.74","0.118188268399033","1,2,3,3,4,3,3,3,2,5,3,4,3,1,3,3,5","0.000645160675048828","louvain","graph_2024M01.graphml"
"0.06","0.2","0.74","0.11864799295243","1,2,3,3,3,3,3,3,2,4,3,3,3,1,3,3,4","0.000694036483764648","louvain","graph_2024M01.graphml"
"0.05","0.21","0.74","0.119192862426035","1,2,3,3,3,3,3,3,2,4,3,3,3,1,3,3,4","0.000607967376708984","louvain","graph_2024M01.graphml"
"0.04","0.22","0.74","0.119447051300152","1,2,3,3,3,3,3,3,2,4,3,3,3,1,2,3,4","0.00064396858215332","louvain","graph_2024M01.graphml"
"0.03","0.23","0.74","0.120146058927222","1,2,3,3,3,3,3,3,2,4,3,3,3,1,1,3,4","0.000632047653198242","louvain","graph_2024M01.graphml"
"0.02","0.24","0.74","0.119622142441935","1,2,3,3,3,3,3,3,2,4,3,3,3,1,1,3,4","0.000596046447753906","louvain","graph_2024M01.graphml"
"0.01","0.25","0.74","0.120216630119384","1,2,3,2,2,3,3,3,2,4,3,3,3,1,1,2,4","0.000663042068481445","louvain","graph_2024M01.graphml"
"0","0.26","0.74","0.11984716553288","1,2,3,2,2,3,3,3,2,4,3,3,3,1,1,2,4","0.000702142715454102","louvain","graph_2024M01.graphml"
"0.25","0","0.75","0.116977210570747","1,2,3,2,3,3,3,3,2,3,3,3,3,1,3,2,1","0.000642061233520508","louvain","graph_2024M01.graphml"
"0.24","0.01","0.75","0.116977210570747","1,2,3,2,3,3,3,3,2,3,3,3,3,1,3,2,1","0.000694990158081055","louvain","graph_2024M01.graphml"
"0.23","0.02","0.75","0.117916308027219","1,2,3,2,3,3,3,3,2,3,3,3,3,1,3,2,1","0.000683069229125977","louvain","graph_2024M01.graphml"
"0.22","0.03","0.75","0.11795799692426","1,2,3,1,3,3,3,3,2,3,3,3,3,3,2,3,1","0.000679969787597656","louvain","graph_2024M01.graphml"
"0.21","0.04","0.75","0.118131007304883","1,2,2,1,2,2,2,2,3,2,2,2,2,2,3,2,1","0.000633001327514648","louvain","graph_2024M01.graphml"
"0.2","0.05","0.75","0.117663362961998","1,2,3,2,3,3,3,3,2,3,3,3,3,1,3,3,1","0.000602006912231445","louvain","graph_2024M01.graphml"
"0.19","0.06","0.75","0.117269226238653","1,2,3,3,4,3,3,3,2,3,3,4,3,1,3,3,1","0.000639200210571289","louvain","graph_2024M01.graphml"
"0.18","0.07","0.75","0.117570856485337","1,2,3,3,4,3,3,3,2,3,3,4,3,1,3,3,1","0.000627994537353516","louvain","graph_2024M01.graphml"
"0.17","0.08","0.75","0.116689135349274","1,2,3,2,2,3,3,3,2,4,3,3,3,1,4,3,4","0.000629901885986328","louvain","graph_2024M01.graphml"
"0.16","0.09","0.75","0.116118559382705","1,2,3,3,4,3,3,3,2,5,3,4,3,1,3,3,5","0.000778913497924805","louvain","graph_2024M01.graphml"
"0.15","0.1","0.75","0.116868883476449","1,2,3,3,3,3,3,3,2,4,3,3,3,1,2,3,4","0.000635862350463867","louvain","graph_2024M01.graphml"
"0.14","0.11","0.75","0.1165329227459","1,2,3,3,4,3,3,3,2,5,3,4,3,1,3,3,5","0.000663042068481445","louvain","graph_2024M01.graphml"
"0.13","0.12","0.75","0.117400046212788","1,2,3,3,4,3,3,3,2,5,3,4,3,1,3,3,5","0.000658988952636719","louvain","graph_2024M01.graphml"
"0.12","0.13","0.75","0.118517842635762","1,2,3,2,2,3,3,3,2,4,3,3,3,1,3,2,4","0.000633955001831055","louvain","graph_2024M01.graphml"
"0.11","0.14","0.75","0.11806380290879","1,2,3,3,3,3,3,3,2,4,3,3,3,1,3,3,4","0.000613927841186523","louvain","graph_2024M01.graphml"
"0.1","0.15","0.75","0.118120713444605","1,2,3,3,3,3,3,3,2,4,3,3,3,1,1,3,4","0.00067591667175293","louvain","graph_2024M01.graphml"
"0.09","0.16","0.75","0.118169455827476","1,2,3,3,3,3,3,3,2,4,3,3,3,1,1,3,4","0.000648021697998047","louvain","graph_2024M01.graphml"
"0.08","0.17","0.75","0.119270595297065","1,2,3,2,2,3,3,3,2,4,3,3,3,1,1,2,4","0.000602006912231445","louvain","graph_2024M01.graphml"
"0.07","0.18","0.75","0.119404199014723","1,2,3,2,2,3,3,3,2,4,3,3,3,1,1,2,4","0.000843048095703125","louvain","graph_2024M01.graphml"
"0.06","0.19","0.75","0.118621302597871","1,2,3,2,2,3,3,3,2,3,3,3,3,1,1,2,1","0.000733137130737305","louvain","graph_2024M01.graphml"
"0.05","0.2","0.75","0.118924263038549","1,2,3,2,2,3,3,3,2,4,3,3,3,1,1,2,4","0.000751972198486328","louvain","graph_2024M01.graphml"
"0.04","0.21","0.75","0.118332905636918","1,2,3,2,3,3,3,3,2,4,3,3,3,3,1,3,4","0.0006561279296875","louvain","graph_2024M01.graphml"
"0.03","0.22","0.75","0.118660856674378","1,2,3,3,2,3,3,3,2,4,3,3,3,2,1,2,4","0.000844001770019531","louvain","graph_2024M01.graphml"
"0.02","0.23","0.75","0.118914848074442","1,2,3,2,3,3,3,3,2,4,3,3,3,3,1,3,4","0.000598907470703125","louvain","graph_2024M01.graphml"
"0.01","0.24","0.75","0.118914848074442","1,2,3,2,3,3,3,3,2,4,3,3,3,3,1,3,4","0.000746965408325195","louvain","graph_2024M01.graphml"
"0","0.25","0.75","0.119098842534618","1,2,3,2,2,3,3,3,2,4,3,3,3,1,1,2,4","0.000663042068481445","louvain","graph_2024M01.graphml"
"0.24","0","0.76","0.1167159041015","1,2,3,3,4,3,3,3,2,3,3,4,3,1,3,3,1","0.000638008117675781","louvain","graph_2024M01.graphml"
"0.23","0.01","0.76","0.116134082059455","1,2,3,3,4,3,3,3,2,3,3,4,3,1,3,2,1","0.000725030899047852","louvain","graph_2024M01.graphml"
"0.22","0.02","0.76","0.117218015744246","1,2,3,2,2,3,3,3,2,4,3,3,3,1,4,3,4","0.000673055648803711","louvain","graph_2024M01.graphml"
"0.21","0.03","0.76","0.11694738653667","1,2,3,3,4,3,3,3,2,5,3,4,3,1,3,3,5","0.000663995742797852","louvain","graph_2024M01.graphml"
"0.2","0.04","0.76","0.116438656678102","1,2,3,3,4,3,3,3,2,5,3,4,3,1,3,3,5","0.000609874725341797","louvain","graph_2024M01.graphml"
"0.19","0.05","0.76","0.117151796288253","1,2,3,2,2,3,3,3,2,4,3,3,3,1,4,3,4","0.000689029693603516","louvain","graph_2024M01.graphml"
"0.18","0.06","0.76","0.11742939692697","1,2,3,3,3,3,3,3,2,4,3,3,3,1,2,3,4","0.000696897506713867","louvain","graph_2024M01.graphml"
"0.17","0.07","0.76","0.116640334845349","1,2,3,3,3,3,3,3,2,3,3,3,3,1,1,3,1","0.000672101974487305","louvain","graph_2024M01.graphml"
"0.16","0.08","0.76","0.118169455827476","1,2,3,3,3,3,3,3,2,4,3,3,3,1,1,3,4","0.00067901611328125","louvain","graph_2024M01.graphml"
"0.15","0.09","0.76","0.118169455827476","1,2,3,3,3,3,3,3,2,4,3,3,3,1,1,3,4","0.00081181526184082","louvain","graph_2024M01.graphml"
"0.14","0.1","0.76","0.118175913534736","1,2,3,3,3,3,3,3,2,4,3,3,3,1,1,3,4","0.000677108764648438","louvain","graph_2024M01.graphml"
"0.13","0.11","0.76","0.11933695080248","1,2,3,3,3,3,3,3,2,4,3,3,3,1,1,3,4","0.000596046447753906","louvain","graph_2024M01.graphml"
"0.12","0.12","0.76","0.119367083679989","1,2,3,2,2,3,3,3,2,4,3,3,3,1,1,2,4","0.000638008117675781","louvain","graph_2024M01.graphml"
"0.11","0.13","0.76","0.119328486691576","1,2,3,2,2,3,3,3,2,4,3,3,3,1,1,2,4","0.000749826431274414","louvain","graph_2024M01.graphml"
"0.1","0.14","0.76","0.119214607007576","1,2,3,2,2,3,3,3,2,4,3,3,3,1,1,2,4","0.000615835189819336","louvain","graph_2024M01.graphml"
"0.09","0.15","0.76","0.118399747952337","1,2,3,2,3,3,3,3,2,4,1,3,3,1,1,3,4","0.000694036483764648","louvain","graph_2024M01.graphml"
"0.08","0.16","0.76","0.118517710929156","1,2,3,2,3,3,3,3,2,4,3,3,3,3,1,3,4","0.000635862350463867","louvain","graph_2024M01.graphml"
"0.07","0.17","0.76","0.11949214607694","1,2,3,2,2,3,3,3,2,4,3,3,3,1,1,2,4","0.00065302848815918","louvain","graph_2024M01.graphml"
"0.06","0.18","0.76","0.119636363956366","1,2,3,2,2,3,3,3,2,4,3,3,3,1,1,2,4","0.000660181045532227","louvain","graph_2024M01.graphml"
"0.05","0.19","0.76","0.119471008851295","1,2,3,2,3,3,3,3,2,4,3,3,3,1,1,3,4","0.000693798065185547","louvain","graph_2024M01.graphml"
"0.04","0.2","0.76","0.120058787445494","1,2,3,1,3,3,3,3,2,4,4,3,3,1,1,3,4","0.000643014907836914","louvain","graph_2024M01.graphml"
"0.03","0.21","0.76","0.119135403903988","1,2,3,1,3,2,3,3,2,4,3,3,3,1,1,3,4","0.00067901611328125","louvain","graph_2024M01.graphml"
"0.02","0.22","0.76","0.119045389761035","1,2,3,1,3,3,3,3,2,4,3,3,3,1,3,3,4","0.000670194625854492","louvain","graph_2024M01.graphml"
"0.01","0.23","0.76","0.120307814292229","1,2,3,1,4,3,3,3,2,4,3,3,3,1,1,3,4","0.000730991363525391","louvain","graph_2024M01.graphml"
"0","0.24","0.76","0.119686130277151","1,2,3,1,4,3,3,3,2,4,3,3,3,1,1,3,4","0.000738859176635742","louvain","graph_2024M01.graphml"
"0.23","0","0.77","0.117340834691211","1,2,3,3,3,3,3,3,2,4,3,3,3,1,1,3,4","0.000668048858642578","louvain","graph_2024M01.graphml"
"0.22","0.01","0.77","0.11818685469655","1,2,3,2,3,3,3,3,2,4,3,3,3,1,1,3,4","0.000648975372314453","louvain","graph_2024M01.graphml"
"0.21","0.02","0.77","0.118158009203086","1,2,3,2,2,3,3,3,2,4,3,3,3,1,1,2,4","0.000623941421508789","louvain","graph_2024M01.graphml"
"0.2","0.03","0.77","0.118175913534736","1,2,3,3,3,3,3,3,2,4,3,3,3,1,1,3,4","0.000710010528564453","louvain","graph_2024M01.graphml"
"0.19","0.04","0.77","0.118815419501134","1,2,3,3,3,3,3,3,2,4,3,3,3,1,1,3,4","0.00082087516784668","louvain","graph_2024M01.graphml"
"0.18","0.05","0.77","0.118815419501134","1,2,3,3,3,3,3,3,2,4,3,3,3,1,1,3,4","0.000640869140625","louvain","graph_2024M01.graphml"
"0.17","0.06","0.77","0.117796994676669","1,2,3,2,2,3,3,3,2,4,3,3,3,1,1,2,4","0.000687837600708008","louvain","graph_2024M01.graphml"
"0.16","0.07","0.77","0.118475926029955","1,2,3,2,3,3,3,3,2,4,1,3,3,1,1,3,4","0.000648975372314453","louvain","graph_2024M01.graphml"
"0.15","0.08","0.77","0.118811196979708","1,2,3,2,2,3,3,3,2,4,3,3,3,1,1,2,4","0.000699043273925781","louvain","graph_2024M01.graphml"
"0.14","0.09","0.77","0.119200338198647","1,2,3,2,3,3,3,3,2,4,5,3,3,1,1,3,4","0.000641822814941406","louvain","graph_2024M01.graphml"
"0.13","0.1","0.77","0.118151978465107","1,2,3,2,3,3,3,3,2,4,3,3,3,1,1,3,4","0.000695943832397461","louvain","graph_2024M01.graphml"
"0.12","0.11","0.77","0.118758118054553","1,2,3,2,3,3,3,3,2,4,3,3,3,1,1,3,4","0.000639915466308594","louvain","graph_2024M01.graphml"
"0.11","0.12","0.77","0.118758118054553","1,2,3,2,3,3,3,3,2,4,3,3,3,1,1,3,4","0.000662803649902344","louvain","graph_2024M01.graphml"
"0.1","0.13","0.77","0.119323288071609","1,2,3,1,3,3,3,3,2,4,4,3,3,1,1,3,4","0.000684976577758789","louvain","graph_2024M01.graphml"
"0.09","0.14","0.77","0.119490497724144","1,2,3,1,3,2,3,3,2,4,3,3,3,1,1,3,4","0.000670194625854492","louvain","graph_2024M01.graphml"
"0.08","0.15","0.77","0.119391238507301","1,2,3,1,3,3,3,3,2,4,1,3,3,1,2,3,4","0.000633001327514648","louvain","graph_2024M01.graphml"
"0.07","0.16","0.77","0.11920397382568","1,2,3,1,3,2,3,3,2,4,3,3,3,1,1,3,4","0.000676870346069336","louvain","graph_2024M01.graphml"
"0.06","0.17","0.77","0.119061530835981","1,2,3,1,3,2,3,3,2,4,3,3,3,1,1,3,4","0.00070500373840332","louvain","graph_2024M01.graphml"
"0.05","0.18","0.77","0.11864167298695","1,2,3,1,3,2,3,3,2,4,3,3,3,3,1,3,4","0.000917911529541016","louvain","graph_2024M01.graphml"
"0.04","0.19","0.77","0.11837565191591","1,2,3,3,3,2,3,3,2,3,3,3,3,3,1,3,1","0.000662088394165039","louvain","graph_2024M01.graphml"
"0.03","0.2","0.77","0.118821380789569","1,2,3,3,3,2,3,3,2,3,3,3,3,3,1,3,1","0.000707864761352539","louvain","graph_2024M01.graphml"
"0.02","0.21","0.77","0.119427467136699","1,2,3,1,3,3,3,3,2,4,4,3,3,1,1,3,4","0.00064396858215332","louvain","graph_2024M01.graphml"
"0.01","0.22","0.77","0.119603245072817","1,2,3,1,3,3,3,3,2,4,4,3,3,1,1,3,4","0.000688076019287109","louvain","graph_2024M01.graphml"
"0","0.23","0.77","0.11979126336167","1,2,3,1,4,3,3,3,2,4,4,3,3,1,3,4,1","0.000755071640014648","louvain","graph_2024M01.graphml"
"0.22","0","0.78","0.117929396222328","1,2,3,2,3,3,3,3,2,4,5,3,3,1,1,3,4","0.000632047653198242","louvain","graph_2024M01.graphml"
"0.21","0.01","0.78","0.118163081892932","1,2,3,2,3,3,3,3,2,4,3,3,3,1,1,3,4","0.000676155090332031","louvain","graph_2024M01.graphml"
"0.2","0.02","0.78","0.118584889151042","1,2,3,2,3,3,3,3,2,4,1,3,3,1,1,3,4","0.000648021697998047","louvain","graph_2024M01.graphml"
"0.19","0.03","0.78","0.11871697365149","1,2,3,2,3,3,3,3,2,4,3,3,3,1,1,3,4","0.000662088394165039","louvain","graph_2024M01.graphml"
"0.18","0.04","0.78","0.118852079613833","1,2,3,2,3,3,3,3,2,4,3,3,3,1,1,3,4","0.000809907913208008","louvain","graph_2024M01.graphml"
"0.17","0.05","0.78","0.118349795310625","1,2,3,1,3,3,3,3,2,4,3,3,3,3,1,3,4","0.000652074813842773","louvain","graph_2024M01.graphml"
"0.16","0.06","0.78","0.119252844645556","1,2,3,1,3,3,3,3,2,4,1,3,3,1,2,3,4","0.000703096389770508","louvain","graph_2024M01.graphml"
"0.15","0.07","0.78","0.118979641206282","1,2,3,1,3,2,3,3,2,4,3,3,3,1,1,3,4","0.000615119934082031","louvain","graph_2024M01.graphml"
"0.14","0.08","0.78","0.119100874227119","1,2,3,1,3,2,3,3,2,4,3,3,3,1,1,3,4","0.000690937042236328","louvain","graph_2024M01.graphml"
"0.13","0.09","0.78","0.117968858438749","1,2,3,1,3,2,3,3,2,4,3,3,3,3,1,3,4","0.000643014907836914","louvain","graph_2024M01.graphml"
"0.12","0.1","0.78","0.117917524005487","1,2,3,3,3,2,3,3,2,4,3,3,3,3,1,3,4","0.000761032104492188","louvain","graph_2024M01.graphml"
"0.11","0.11","0.78","0.116829989711934","1,2,3,1,3,3,3,3,2,4,3,3,3,3,3,3,4","0.000669956207275391","louvain","graph_2024M01.graphml"
"0.1","0.12","0.78","0.118870987479473","1,2,3,1,3,2,3,3,2,4,3,3,3,3,1,3,4","0.000638008117675781","louvain","graph_2024M01.graphml"
"0.09","0.13","0.78","0.117884983148448","1,2,3,3,3,2,3,3,2,4,3,3,3,3,1,3,4","0.000618934631347656","louvain","graph_2024M01.graphml"
"0.08","0.14","0.78","0.118391378793862","1,2,3,1,3,2,3,3,2,4,4,3,3,3,1,3,4","0.000650882720947266","louvain","graph_2024M01.graphml"
"0.07","0.15","0.78","0.118140370981297","1,2,3,1,4,3,3,3,2,4,4,3,3,1,3,4,1","0.000751972198486328","louvain","graph_2024M01.graphml"
"0.06","0.16","0.78","0.119319303593017","1,2,3,1,4,3,3,3,2,4,4,3,3,1,3,4,1","0.00071406364440918","louvain","graph_2024M01.graphml"
"0.05","0.17","0.78","0.118848032309571","1,2,3,1,4,3,3,3,2,4,4,3,3,1,3,4,1","0.000886917114257812","louvain","graph_2024M01.graphml"
"0.04","0.18","0.78","0.118533979436638","1,2,3,1,4,3,3,3,2,4,4,3,3,1,3,4,1","0.000651121139526367","louvain","graph_2024M01.graphml"
"0.03","0.19","0.78","0.118431013104552","1,2,3,3,3,2,3,3,2,3,3,3,3,3,1,3,1","0.000684976577758789","louvain","graph_2024M01.graphml"
"0.02","0.2","0.78","0.119951365949172","1,2,3,1,3,3,3,3,2,4,4,3,3,1,1,3,4","0.00067901611328125","louvain","graph_2024M01.graphml"
"0.01","0.21","0.78","0.119301524009336","1,2,3,3,4,4,3,3,2,4,3,4,3,3,1,3,1","0.000684976577758789","louvain","graph_2024M01.graphml"
"0","0.22","0.78","0.119275379353597","1,2,3,3,3,2,3,3,2,3,3,4,3,3,1,3,1","0.000667095184326172","louvain","graph_2024M01.graphml"
"0.21","0","0.79","0.118779688516488","1,2,3,1,3,2,3,3,2,4,3,3,3,3,1,3,4","0.000697851181030273","louvain","graph_2024M01.graphml"
"0.2","0.01","0.79","0.118078540235762","1,2,3,1,3,3,3,3,2,4,4,3,3,1,1,3,4","0.000632047653198242","louvain","graph_2024M01.graphml"
"0.19","0.02","0.79","0.117738671935955","1,2,3,1,3,3,3,3,2,4,4,3,3,1,1,3,4","0.000687122344970703","louvain","graph_2024M01.graphml"
"0.18","0.03","0.79","0.118027109507396","1,2,3,1,3,2,3,3,2,4,3,3,3,3,1,3,4","0.00064396858215332","louvain","graph_2024M01.graphml"
"0.17","0.04","0.79","0.118157578875171","1,2,3,3,3,2,3,3,2,4,3,3,3,3,1,3,4","0.000715970993041992","louvain","graph_2024M01.graphml"
"0.16","0.05","0.79","0.118343415534148","1,2,3,1,3,2,3,3,2,4,3,3,3,3,1,3,4","0.000645875930786133","louvain","graph_2024M01.graphml"
"0.15","0.06","0.79","0.118681733736099","1,2,3,1,3,2,3,3,2,4,4,3,3,3,1,3,4","0.000899076461791992","louvain","graph_2024M01.graphml"
"0.14","0.07","0.79","0.117917560364416","1,2,3,1,3,3,3,3,2,4,4,3,3,1,1,3,4","0.000649929046630859","louvain","graph_2024M01.graphml"
"0.13","0.08","0.79","0.118296519289182","1,2,3,1,3,3,3,3,2,4,4,3,3,1,1,3,4","0.000621795654296875","louvain","graph_2024M01.graphml"
"0.12","0.09","0.79","0.116740594226075","1,2,3,3,3,2,3,3,2,4,4,3,3,3,1,3,4","0.000720977783203125","louvain","graph_2024M01.graphml"
"0.11","0.1","0.79","0.1176365076818","1,2,3,1,4,3,3,3,2,4,4,3,3,1,3,4,1","0.000685930252075195","louvain","graph_2024M01.graphml"
"0.1","0.11","0.79","0.11798804827651","1,2,3,3,3,2,3,3,2,3,3,3,3,3,1,3,1","0.000647068023681641","louvain","graph_2024M01.graphml"
"0.09","0.12","0.79","0.11957173536832","1,2,3,1,3,3,3,3,2,4,4,3,3,1,1,3,4","0.000645875930786133","louvain","graph_2024M01.graphml"
"0.08","0.13","0.79","0.119048626248752","1,2,3,1,3,2,3,3,2,3,3,3,3,3,1,3,1","0.000663995742797852","louvain","graph_2024M01.graphml"
"0.07","0.14","0.79","0.118678904885821","1,2,3,1,3,2,3,3,2,3,3,3,3,3,1,3,1","0.000693082809448242","louvain","graph_2024M01.graphml"
"0.06","0.15","0.79","0.118011570247934","1,2,3,1,3,2,3,3,2,4,4,3,3,1,1,3,4","0.000661134719848633","louvain","graph_2024M01.graphml"
"0.05","0.16","0.79","0.118591511323687","1,2,3,1,3,4,3,3,2,4,3,3,3,3,1,3,4","0.000642061233520508","louvain","graph_2024M01.graphml"
"0.04","0.17","0.79","0.117869732414677","1,2,3,1,3,2,3,3,2,3,3,3,3,3,3,3,1","0.000653982162475586","louvain","graph_2024M01.graphml"
"0.03","0.18","0.79","0.11710116047261","1,2,3,1,3,3,3,3,2,3,3,3,3,1,3,3,3","0.00061488151550293","louvain","graph_2024M01.graphml"
"0.02","0.19","0.79","0.117067423596267","1,2,3,1,3,3,3,3,2,4,4,3,3,1,3,3,4","0.000655889511108398","louvain","graph_2024M01.graphml"
"0.01","0.2","0.79","0.11969698319967","1,2,3,3,3,2,3,3,2,3,3,4,3,3,1,3,1","0.000786066055297852","louvain","graph_2024M01.graphml"
"0","0.21","0.79","0.118914366684193","1,2,3,1,3,2,3,3,2,4,4,3,3,1,1,3,4","0.000646114349365234","louvain","graph_2024M01.graphml"
"0.2","0","0.8","0.118196068953309","1,2,3,1,3,3,3,3,2,4,4,3,3,1,1,3,4","0.000623941421508789","louvain","graph_2024M01.graphml"
"0.19","0.01","0.8","0.117464401085738","1,2,3,1,3,3,3,3,2,4,4,3,3,1,1,3,4","0.000626087188720703","louvain","graph_2024M01.graphml"
"0.18","0.02","0.8","0.117363291470434","1,2,3,3,3,2,3,3,2,3,3,3,3,3,1,3,1","0.000676870346069336","louvain","graph_2024M01.graphml"
"0.17","0.03","0.8","0.117956181486401","1,2,3,1,3,3,3,3,2,4,4,3,3,1,1,3,4","0.000681877136230469","louvain","graph_2024M01.graphml"
"0.16","0.04","0.8","0.117736943230859","1,2,3,3,3,2,3,3,2,3,3,3,3,3,1,3,1","0.000664949417114258","louvain","graph_2024M01.graphml"
"0.15","0.05","0.8","0.119048626248752","1,2,3,1,3,2,3,3,2,3,3,3,3,3,1,3,1","0.000642061233520508","louvain","graph_2024M01.graphml"
"0.14","0.06","0.8","0.119048626248752","1,2,3,1,3,2,3,3,2,3,3,3,3,3,1,3,1","0.00076603889465332","louvain","graph_2024M01.graphml"
"0.13","0.07","0.8","0.118169715044117","1,2,3,1,3,3,3,3,2,4,4,3,3,1,1,3,4","0.000584125518798828","louvain","graph_2024M01.graphml"
"0.12","0.08","0.8","0.117724826334564","1,2,3,1,3,3,3,3,2,4,4,3,3,1,1,3,4","0.000639915466308594","louvain","graph_2024M01.graphml"
"0.11","0.09","0.8","0.117859922369845","1,2,3,1,3,4,3,3,2,4,3,3,3,3,1,3,4","0.00110602378845215","louvain","graph_2024M01.graphml"
"0.1","0.1","0.8","0.117257422116419","1,2,3,3,3,3,3,3,2,3,3,3,3,3,1,3,1","0.000688076019287109","louvain","graph_2024M01.graphml"
"0.09","0.11","0.8","0.118391299841936","1,2,3,1,3,3,3,3,2,3,3,3,3,1,1,3,1","0.000652074813842773","louvain","graph_2024M01.graphml"
"0.08","0.12","0.8","0.118979803737109","1,2,3,3,3,2,3,3,2,3,3,4,3,3,1,3,1","0.000861883163452148","louvain","graph_2024M01.graphml"
"0.07","0.13","0.8","0.118310792013871","1,2,3,1,3,2,3,3,2,4,4,3,3,1,1,3,4","0.000663042068481445","louvain","graph_2024M01.graphml"
"0.06","0.14","0.8","0.117746954865286","1,2,3,1,3,2,3,3,2,4,4,3,3,3,3,3,4","0.000732898712158203","louvain","graph_2024M01.graphml"
"0.05","0.15","0.8","0.118966942681524","1,2,3,3,3,2,3,3,2,3,3,4,3,3,1,3,1","0.000649929046630859","louvain","graph_2024M01.graphml"
"0.04","0.16","0.8","0.117888555973376","1,2,3,3,3,4,3,3,2,4,3,5,3,3,1,3,4","0.000861167907714844","louvain","graph_2024M01.graphml"
"0.03","0.17","0.8","0.118309193198946","1,2,3,3,3,2,3,3,2,3,3,4,3,3,1,3,1","0.000735044479370117","louvain","graph_2024M01.graphml"
"0.02","0.18","0.8","0.118309193198946","1,2,3,3,3,2,3,3,2,3,3,4,3,3,1,3,1","0.00078582763671875","louvain","graph_2024M01.graphml"
"0.01","0.19","0.8","0.118218670280612","1,2,3,2,3,3,3,3,2,3,3,3,3,3,1,3,1","0.000665903091430664","louvain","graph_2024M01.graphml"
"0","0.2","0.8","0.117333033061948","1,2,3,2,3,4,3,3,2,4,3,3,3,3,1,3,4","0.00068211555480957","louvain","graph_2024M01.graphml"
"0.19","0","0.81","0.117297378900034","1,2,3,3,3,2,3,3,2,3,3,3,3,3,1,3,1","0.000699996948242188","louvain","graph_2024M01.graphml"
"0.18","0.01","0.81","0.116856087430542","1,2,3,1,3,3,3,3,2,4,4,3,3,1,1,3,4","0.000776052474975586","louvain","graph_2024M01.graphml"
"0.17","0.02","0.81","0.117393920314579","1,2,3,3,3,2,3,3,2,3,3,3,3,3,1,3,1","0.000746011734008789","louvain","graph_2024M01.graphml"
"0.16","0.03","0.81","0.117204319601974","1,2,3,1,3,4,3,3,2,4,3,3,3,3,1,3,4","0.000665903091430664","louvain","graph_2024M01.graphml"
"0.15","0.04","0.81","0.11786531807293","1,2,3,1,3,3,3,3,2,3,3,3,3,1,1,3,1","0.000852823257446289","louvain","graph_2024M01.graphml"
"0.14","0.05","0.81","0.117339172490018","1,2,3,1,3,4,3,3,2,4,3,3,3,3,1,3,4","0.00066685676574707","louvain","graph_2024M01.graphml"
"0.13","0.06","0.81","0.11739185131077","1,2,3,1,3,2,3,3,2,4,4,3,3,1,1,3,4","0.000658988952636719","louvain","graph_2024M01.graphml"
"0.12","0.07","0.81","0.116383646679778","1,2,3,3,3,4,3,3,2,4,3,3,3,3,1,3,4","0.000761985778808594","louvain","graph_2024M01.graphml"
"0.11","0.08","0.81","0.117888555973376","1,2,3,3,3,4,3,3,2,4,3,5,3,3,1,3,4","0.000702142715454102","louvain","graph_2024M01.graphml"
"0.1","0.09","0.81","0.117306876954113","1,2,2,1,2,3,2,2,3,4,4,2,2,2,1,2,4","0.00103402137756348","louvain","graph_2024M01.graphml"
"0.09","0.1","0.81","0.117797162067454","1,2,2,1,2,3,2,2,3,4,4,2,2,2,1,2,4","0.000695943832397461","louvain","graph_2024M01.graphml"
"0.08","0.11","0.81","0.117765160121735","1,2,3,1,3,2,3,3,2,4,4,3,3,1,1,3,4","0.000724077224731445","louvain","graph_2024M01.graphml"
"0.07","0.12","0.81","0.118218670280612","1,2,3,2,3,3,3,3,2,3,3,3,3,3,1,3,1","0.000678062438964844","louvain","graph_2024M01.graphml"
"0.06","0.13","0.81","0.117460782725017","1,2,3,2,3,3,3,3,2,3,3,3,3,3,1,3,1","0.000706911087036133","louvain","graph_2024M01.graphml"
"0.05","0.14","0.81","0.11674587654321","1,2,3,2,3,4,3,3,2,4,3,3,3,3,1,3,4","0.000854969024658203","louvain","graph_2024M01.graphml"
"0.04","0.15","0.81","0.117650700857182","1,2,3,2,3,4,3,3,2,4,3,3,3,3,1,3,4","0.000665187835693359","louvain","graph_2024M01.graphml"
"0.03","0.16","0.81","0.117717214300086","1,2,3,2,3,4,3,3,2,4,4,3,3,3,1,3,1","0.000661134719848633","louvain","graph_2024M01.graphml"
"0.02","0.17","0.81","0.118408254366043","1,2,3,2,3,4,3,3,2,4,4,3,3,3,1,3,1","0.000841140747070312","louvain","graph_2024M01.graphml"
"0.01","0.18","0.81","0.119496701286825","1,2,3,2,3,4,3,3,2,4,4,3,3,3,1,3,1","0.000654220581054688","louvain","graph_2024M01.graphml"
"0","0.19","0.81","0.118280992195822","1,2,3,2,4,5,3,3,2,5,3,4,3,3,1,3,5","0.000760078430175781","louvain","graph_2024M01.graphml"
"0.18","0","0.82","0.116597272948624","1,2,2,1,2,3,2,2,3,2,2,2,2,2,1,2,1","0.000719785690307617","louvain","graph_2024M01.graphml"
"0.17","0.01","0.82","0.115650698394939","1,2,2,1,2,3,2,2,3,2,2,2,2,2,1,2,2","0.000851154327392578","louvain","graph_2024M01.graphml"
"0.16","0.02","0.82","0.11797381809407","1,2,2,1,2,3,2,2,3,2,2,2,2,2,1,2,1","0.00073695182800293","louvain","graph_2024M01.graphml"
"0.15","0.03","0.82","0.117532093334156","1,2,2,1,2,3,2,2,3,2,2,2,2,2,1,2,2","0.000782012939453125","louvain","graph_2024M01.graphml"
"0.14","0.04","0.82","0.117945296171978","1,2,3,2,2,3,2,2,3,2,2,4,2,2,1,2,1","0.00066685676574707","louvain","graph_2024M01.graphml"
"0.13","0.05","0.82","0.117634746330877","1,2,3,2,3,3,3,3,2,3,3,3,3,3,1,3,1","0.000756978988647461","louvain","graph_2024M01.graphml"
"0.12","0.06","0.82","0.117348345679012","1,2,3,2,3,3,3,3,2,3,3,3,3,3,1,3,1","0.000692844390869141","louvain","graph_2024M01.graphml"
"0.11","0.07","0.82","0.117348345679012","1,2,3,2,3,3,3,3,2,3,3,3,3,3,1,3,1","0.000684022903442383","louvain","graph_2024M01.graphml"
"0.1","0.08","0.82","0.11736957427159","1,2,3,2,3,4,3,3,2,4,4,3,3,3,1,3,1","0.000688076019287109","louvain","graph_2024M01.graphml"
"0.09","0.09","0.82","0.116906138398471","1,2,3,2,3,4,3,3,2,4,4,3,3,3,1,3,1","0.000715017318725586","louvain","graph_2024M01.graphml"
"0.08","0.1","0.82","0.11759300590593","1,2,3,2,3,4,3,3,2,4,3,3,3,3,1,3,4","0.00067591667175293","louvain","graph_2024M01.graphml"
"0.07","0.11","0.82","0.116960182723385","1,2,3,2,3,3,3,3,2,3,3,3,3,3,1,3,1","0.000725984573364258","louvain","graph_2024M01.graphml"
"0.06","0.12","0.82","0.117891105435429","1,2,3,2,4,5,3,3,2,5,3,4,3,3,1,3,5","0.000662088394165039","louvain","graph_2024M01.graphml"
"0.05","0.13","0.82","0.11795076160796","1,2,3,2,4,5,3,3,2,5,3,4,3,3,1,3,5","0.000692129135131836","louvain","graph_2024M01.graphml"
"0.04","0.14","0.82","0.118807325707956","1,2,3,2,4,5,3,3,2,5,3,4,3,3,1,3,5","0.000818967819213867","louvain","graph_2024M01.graphml"
"0.03","0.15","0.82","0.118807325707956","1,2,3,2,4,5,3,3,2,5,3,4,3,3,1,3,5","0.000674009323120117","louvain","graph_2024M01.graphml"
"0.02","0.16","0.82","0.118807325707956","1,2,3,2,4,5,3,3,2,5,3,4,3,3,1,3,5","0.000679969787597656","louvain","graph_2024M01.graphml"
"0.01","0.17","0.82","0.118689419386257","1,2,3,2,3,4,3,3,2,4,3,3,3,3,1,3,4","0.000988006591796875","louvain","graph_2024M01.graphml"
"0","0.18","0.82","0.119508300744997","1,2,3,2,3,4,3,3,2,4,3,3,3,3,1,3,4","0.000669002532958984","louvain","graph_2024M01.graphml"
"0.17","0","0.83","0.117064681404175","1,2,3,2,3,4,3,3,2,4,3,3,3,3,1,3,4","0.000674962997436523","louvain","graph_2024M01.graphml"
"0.16","0.01","0.83","0.115859681274963","1,2,3,2,3,4,3,3,2,4,3,3,3,3,1,3,4","0.000748872756958008","louvain","graph_2024M01.graphml"
"0.15","0.02","0.83","0.116762863184274","1,2,3,2,3,4,3,3,2,4,3,3,3,3,1,3,4","0.000638008117675781","louvain","graph_2024M01.graphml"
"0.14","0.03","0.83","0.116806771217021","1,2,3,2,3,4,3,3,2,4,3,3,3,3,1,3,4","0.000667095184326172","louvain","graph_2024M01.graphml"
"0.13","0.04","0.83","0.116806771217021","1,2,3,2,3,4,3,3,2,4,3,3,3,3,1,3,4","0.000677108764648438","louvain","graph_2024M01.graphml"
"0.12","0.05","0.83","0.116347299578878","1,2,3,2,3,4,3,3,2,3,3,4,3,3,1,3,1","0.00145101547241211","louvain","graph_2024M01.graphml"
"0.11","0.06","0.83","0.116776469732798","1,2,3,2,4,4,3,3,2,4,3,4,3,3,1,3,1","0.000708103179931641","louvain","graph_2024M01.graphml"
"0.1","0.07","0.83","0.118061374170309","1,2,3,2,3,4,3,3,2,4,3,3,3,3,1,3,4","0.000715017318725586","louvain","graph_2024M01.graphml"
"0.09","0.08","0.83","0.118061374170309","1,2,3,2,3,4,3,3,2,4,3,3,3,3,1,3,4","0.000761032104492188","louvain","graph_2024M01.graphml"
"0.08","0.09","0.83","0.118689419386257","1,2,3,2,3,4,3,3,2,4,3,3,3,3,1,3,4","0.000694990158081055","louvain","graph_2024M01.graphml"
"0.07","0.1","0.83","0.117435975667893","1,2,3,2,4,4,3,3,2,4,3,4,3,3,1,3,1","0.000678062438964844","louvain","graph_2024M01.graphml"
"0.06","0.11","0.83","0.118614649185282","1,2,3,2,3,4,3,3,2,4,3,3,3,3,1,3,4","0.000677108764648438","louvain","graph_2024M01.graphml"
"0.05","0.12","0.83","0.117629867674858","1,2,3,2,3,4,3,3,2,4,3,3,3,3,1,3,4","0.0009918212890625","louvain","graph_2024M01.graphml"
"0.04","0.13","0.83","0.117213988657845","1,2,3,2,3,4,3,3,2,4,3,3,3,4,1,3,4","0.000673055648803711","louvain","graph_2024M01.graphml"
"0.03","0.14","0.83","0.11766011342155","1,2,3,2,3,4,3,3,2,4,3,3,3,5,1,3,4","0.000663995742797852","louvain","graph_2024M01.graphml"
"0.02","0.15","0.83","0.118598484962259","1,2,3,1,3,4,3,3,2,4,3,3,3,1,3,3,4","0.000723123550415039","louvain","graph_2024M01.graphml"
"0.01","0.16","0.83","0.118409219039437","1,2,3,1,3,4,3,3,2,4,3,3,3,1,1,3,4","0.000664949417114258","louvain","graph_2024M01.graphml"
"0","0.17","0.83","0.119210250452363","1,2,3,1,3,4,3,3,2,4,3,3,3,1,3,3,4","0.000722885131835938","louvain","graph_2024M01.graphml"
"0.16","0","0.84","0.11797052939366","1,2,3,2,3,4,3,3,2,4,3,3,3,3,1,3,4","0.000739097595214844","louvain","graph_2024M01.graphml"
"0.15","0.01","0.84","0.118261819037606","1,2,3,2,3,4,3,3,2,4,3,3,3,3,1,3,4","0.00151586532592773","louvain","graph_2024M01.graphml"
"0.14","0.02","0.84","0.117797524837436","1,2,3,2,3,4,3,3,2,4,3,3,3,3,1,3,4","0.000689029693603516","louvain","graph_2024M01.graphml"
"0.13","0.03","0.84","0.1178432905551","1,2,3,2,3,4,3,3,2,4,3,3,3,5,1,3,4","0.000754117965698242","louvain","graph_2024M01.graphml"
"0.12","0.04","0.84","0.116881065837702","1,2,3,2,3,4,3,3,2,4,3,3,3,4,1,3,4","0.000719070434570312","louvain","graph_2024M01.graphml"
"0.11","0.05","0.84","0.117318120498318","1,2,3,2,3,4,3,3,2,4,3,3,3,3,1,3,4","0.000715017318725586","louvain","graph_2024M01.graphml"
"0.1","0.06","0.84","0.11763471438561","1,2,3,2,3,4,3,3,2,4,3,3,3,5,1,3,4","0.000764846801757812","louvain","graph_2024M01.graphml"
"0.09","0.07","0.84","0.117339359068579","1,2,3,1,3,4,3,3,2,4,3,3,3,1,3,3,4","0.000665903091430664","louvain","graph_2024M01.graphml"
"0.08","0.08","0.84","0.117802514945372","1,2,3,1,3,2,3,3,2,4,4,3,3,1,1,3,4","0.000703096389770508","louvain","graph_2024M01.graphml"
"0.07","0.09","0.84","0.117331269980005","1,2,3,1,4,5,3,3,2,5,3,4,3,1,3,3,5","0.000737905502319336","louvain","graph_2024M01.graphml"
"0.06","0.1","0.84","0.117986028537455","1,2,3,1,3,3,3,3,2,3,3,4,3,1,4,3,3","0.00073695182800293","louvain","graph_2024M01.graphml"
"0.05","0.11","0.84","0.118559342160818","1,2,3,1,3,4,3,3,2,4,3,3,3,1,3,3,4","0.000754117965698242","louvain","graph_2024M01.graphml"
"0.04","0.12","0.84","0.118631954557952","1,2,3,1,3,4,3,3,2,4,3,3,3,1,3,3,4","0.000771999359130859","louvain","graph_2024M01.graphml"
"0.03","0.13","0.84","0.118440718694949","1,2,3,1,3,4,3,3,2,4,3,3,3,1,3,3,4","0.000694990158081055","louvain","graph_2024M01.graphml"
"0.02","0.14","0.84","0.118186690810321","1,2,3,1,3,4,3,3,2,4,3,3,3,1,3,3,4","0.000692844390869141","louvain","graph_2024M01.graphml"
"0.01","0.15","0.84","0.117924678374751","1,2,3,1,3,4,3,3,2,4,3,3,3,1,3,3,4","0.000697135925292969","louvain","graph_2024M01.graphml"
"0","0.16","0.84","0.117811273192661","1,2,3,1,3,3,3,3,2,3,3,3,3,1,3,3,1","0.000694990158081055","louvain","graph_2024M01.graphml"
"0.15","0","0.85","0.117067377729185","1,2,3,1,4,3,3,3,2,4,3,3,3,1,1,3,4","0.000674962997436523","louvain","graph_2024M01.graphml"
"0.14","0.01","0.85","0.117060619531492","1,2,3,1,3,3,3,3,2,3,3,3,3,1,3,3,1","0.000690937042236328","louvain","graph_2024M01.graphml"
"0.13","0.02","0.85","0.117009852613493","1,2,3,1,4,3,3,3,2,4,3,3,3,1,1,3,4","0.0012519359588623","louvain","graph_2024M01.graphml"
"0.12","0.03","0.85","0.116249023496184","1,2,3,1,3,3,3,3,2,4,4,3,3,1,1,3,4","0.000762939453125","louvain","graph_2024M01.graphml"
"0.11","0.04","0.85","0.116818139954687","1,2,3,1,4,3,3,3,2,4,3,3,3,1,3,3,4","0.000667095184326172","louvain","graph_2024M01.graphml"
"0.1","0.05","0.85","0.117837418805301","1,2,3,1,3,4,3,3,2,4,3,3,3,1,3,3,4","0.000728130340576172","louvain","graph_2024M01.graphml"
"0.09","0.06","0.85","0.117851214125473","1,2,3,1,3,4,3,3,2,4,3,3,3,1,3,3,4","0.00072789192199707","louvain","graph_2024M01.graphml"
"0.08","0.07","0.85","0.118177999094613","1,2,3,1,3,4,3,3,2,4,3,3,3,1,3,3,4","0.000678062438964844","louvain","graph_2024M01.graphml"
"0.07","0.08","0.85","0.117223056761246","1,2,3,3,3,4,3,3,2,4,3,3,3,3,1,3,4","0.000710964202880859","louvain","graph_2024M01.graphml"
"0.06","0.09","0.85","0.117905445331934","1,2,3,1,3,4,3,3,2,4,3,3,3,1,3,3,4","0.000779867172241211","louvain","graph_2024M01.graphml"
"0.05","0.1","0.85","0.117441859628601","1,2,3,1,3,4,3,3,2,4,3,3,3,1,3,3,4","0.000761985778808594","louvain","graph_2024M01.graphml"
"0.04","0.11","0.85","0.116978957196208","1,2,3,1,3,4,3,3,2,4,3,3,3,1,3,3,4","0.000787973403930664","louvain","graph_2024M01.graphml"
"0.03","0.12","0.85","0.117819875935902","1,2,3,1,3,4,3,3,2,4,3,3,3,1,3,3,4","0.000752925872802734","louvain","graph_2024M01.graphml"
"0.02","0.13","0.85","0.117172592556783","1,2,3,1,3,3,3,3,2,3,3,3,3,1,3,3,1","0.000705957412719727","louvain","graph_2024M01.graphml"
"0.01","0.14","0.85","0.117172592556783","1,2,3,1,3,3,3,3,2,3,3,3,3,1,3,3,1","0.000702857971191406","louvain","graph_2024M01.graphml"
"0","0.15","0.85","0.117957527809341","1,2,3,1,3,3,3,3,2,3,3,3,3,1,3,3,1","0.000689029693603516","louvain","graph_2024M01.graphml"
"0.14","0","0.86","0.117613235665425","1,2,3,1,3,3,3,3,2,3,3,3,3,1,3,3,1","0.000854969024658203","louvain","graph_2024M01.graphml"
"0.13","0.01","0.86","0.11823307128974","1,2,3,1,3,4,3,3,2,4,3,3,3,1,3,3,4","0.000722885131835938","louvain","graph_2024M01.graphml"
"0.12","0.02","0.86","0.117707980076873","1,2,3,1,3,4,3,3,2,4,3,3,3,1,3,3,4","0.000686168670654297","louvain","graph_2024M01.graphml"
"0.11","0.03","0.86","0.117405419279719","1,2,3,1,3,3,3,3,2,3,3,3,3,1,3,3,1","0.000732898712158203","louvain","graph_2024M01.graphml"
"0.1","0.04","0.86","0.117707980076873","1,2,3,1,3,4,3,3,2,4,3,3,3,1,3,3,4","0.000756978988647461","louvain","graph_2024M01.graphml"
"0.09","0.05","0.86","0.117481809431871","1,2,3,3,3,4,3,3,2,4,3,3,3,3,1,3,4","0.000684022903442383","louvain","graph_2024M01.graphml"
"0.08","0.06","0.86","0.11757983701607","1,2,3,1,3,4,3,3,2,4,3,3,3,1,3,3,4","0.000732898712158203","louvain","graph_2024M01.graphml"
"0.07","0.07","0.86","0.117904182022112","1,2,3,1,3,4,3,3,2,4,3,3,3,1,3,3,4","0.000868082046508789","louvain","graph_2024M01.graphml"
"0.06","0.08","0.86","0.117907846091717","1,2,3,1,3,4,3,3,2,4,3,3,3,1,3,3,4","0.00085902214050293","louvain","graph_2024M01.graphml"
"0.05","0.09","0.86","0.118351250386857","1,2,3,1,3,4,3,3,2,4,3,3,3,1,3,3,4","0.000717878341674805","louvain","graph_2024M01.graphml"
"0.04","0.1","0.86","0.117968446528364","1,2,3,3,3,4,3,3,2,4,3,3,3,3,1,3,4","0.000692844390869141","louvain","graph_2024M01.graphml"
"0.03","0.11","0.86","0.117863964049619","1,2,3,1,3,4,3,3,2,4,3,3,3,1,3,3,4","0.000735044479370117","louvain","graph_2024M01.graphml"
"0.02","0.12","0.86","0.117408182109409","1,2,3,1,3,4,3,3,2,4,3,3,3,1,3,3,4","0.000725984573364258","louvain","graph_2024M01.graphml"
"0.01","0.13","0.86","0.116710609601629","1,2,3,1,3,3,3,3,2,3,3,3,3,1,3,3,3","0.000669002532958984","louvain","graph_2024M01.graphml"
"0","0.14","0.86","0.11785661546269","1,2,3,1,3,4,3,3,2,4,3,3,3,1,2,3,4","0.000662088394165039","louvain","graph_2024M01.graphml"
"0.13","0","0.87","0.11760900140647","1,2,3,1,3,3,3,3,2,3,3,3,3,1,3,3,1","0.000722169876098633","louvain","graph_2024M01.graphml"
"0.12","0.01","0.87","0.116957665884434","1,2,3,1,3,3,3,3,2,3,3,3,3,1,3,3,3","0.000695943832397461","louvain","graph_2024M01.graphml"
"0.11","0.02","0.87","0.117694018783984","1,2,3,1,3,3,3,3,2,3,3,3,3,1,3,3,3","0.000695943832397461","louvain","graph_2024M01.graphml"
"0.1","0.03","0.87","0.117340962209147","1,2,3,1,3,3,3,3,2,3,3,3,3,1,3,3,3","0.000710010528564453","louvain","graph_2024M01.graphml"
"0.09","0.04","0.87","0.117539219853075","1,2,3,1,3,4,3,3,2,4,3,3,3,1,3,3,4","0.000685214996337891","louvain","graph_2024M01.graphml"
"0.08","0.05","0.87","0.117858680555555","1,2,3,1,3,4,3,3,2,4,3,3,3,1,3,3,4","0.000803947448730469","louvain","graph_2024M01.graphml"
"0.07","0.06","0.87","0.118183158407646","1,2,3,1,3,4,3,3,2,4,3,3,3,1,2,3,4","0.000659942626953125","louvain","graph_2024M01.graphml"
"0.06","0.07","0.87","0.118262353616406","1,2,3,1,3,4,3,3,2,4,3,3,3,1,2,3,4","0.000750064849853516","louvain","graph_2024M01.graphml"
"0.05","0.08","0.87","0.116888264591911","1,2,3,1,3,3,3,3,2,3,3,3,3,1,2,3,3","0.000665903091430664","louvain","graph_2024M01.graphml"
"0.04","0.09","0.87","0.117125041785387","1,2,3,1,3,3,3,3,2,3,3,3,3,1,2,3,3","0.000770092010498047","louvain","graph_2024M01.graphml"
"0.03","0.1","0.87","0.117154495406316","1,2,3,1,3,3,3,3,2,3,3,3,3,1,2,3,3","0.000962018966674805","louvain","graph_2024M01.graphml"
"0.02","0.11","0.87","0.117669655690948","1,2,3,1,3,4,3,3,2,4,3,3,3,1,2,3,4","0.000679969787597656","louvain","graph_2024M01.graphml"
"0.01","0.12","0.87","0.117809672488682","1,2,3,1,3,4,3,3,2,4,3,3,3,1,2,3,4","0.000730991363525391","louvain","graph_2024M01.graphml"
"0","0.13","0.87","0.117198038263098","1,2,3,1,3,3,3,3,2,3,3,3,3,1,2,3,3","0.000792026519775391","louvain","graph_2024M01.graphml"
"0.12","0","0.88","0.117036552400957","1,2,3,1,3,4,3,3,2,4,3,3,3,1,2,3,4","0.000726938247680664","louvain","graph_2024M01.graphml"
"0.11","0.01","0.88","0.117361643963708","1,2,3,1,3,4,3,3,2,4,3,3,3,1,2,3,4","0.000661134719848633","louvain","graph_2024M01.graphml"
"0.1","0.02","0.88","0.118119134029209","1,2,3,1,3,4,3,3,2,4,3,3,3,1,2,3,4","0.000688076019287109","louvain","graph_2024M01.graphml"
"0.09","0.03","0.88","0.117732033840634","1,2,3,1,3,4,3,3,2,4,3,3,3,1,2,3,4","0.000729084014892578","louvain","graph_2024M01.graphml"
"0.08","0.04","0.88","0.11728391279722","1,2,3,1,3,4,3,3,2,4,3,3,3,1,2,3,4","0.000716924667358398","louvain","graph_2024M01.graphml"
"0.07","0.05","0.88","0.11728391279722","1,2,3,1,3,4,3,3,2,4,3,3,3,1,2,3,4","0.000885009765625","louvain","graph_2024M01.graphml"
"0.06","0.06","0.88","0.117715202644612","1,2,3,1,3,4,3,3,2,4,3,3,3,1,2,3,4","0.000719070434570312","louvain","graph_2024M01.graphml"
"0.05","0.07","0.88","0.11792195074446","1,2,3,1,3,3,3,3,2,3,3,3,3,1,2,3,3","0.000724077224731445","louvain","graph_2024M01.graphml"
"0.04","0.08","0.88","0.118215478819352","1,2,3,1,3,3,3,3,2,3,3,3,3,1,2,3,3","0.0021669864654541","louvain","graph_2024M01.graphml"
"0.03","0.09","0.88","0.118215478819352","1,2,3,1,3,3,3,3,2,3,3,3,3,1,2,3,3","0.000702857971191406","louvain","graph_2024M01.graphml"
"0.02","0.1","0.88","0.118458977181336","1,2,3,3,3,3,3,3,2,3,3,3,3,3,2,3,3","0.000752925872802734","louvain","graph_2024M01.graphml"
"0.01","0.11","0.88","0.118297658047632","1,2,3,3,3,3,3,3,2,3,3,3,3,3,2,3,1","0.000865936279296875","louvain","graph_2024M01.graphml"
"0","0.12","0.88","0.119041087295485","1,2,3,4,3,3,3,3,2,4,3,3,3,4,2,3,4","0.000689983367919922","louvain","graph_2024M01.graphml"
"0.11","0","0.89","0.117651289595032","1,2,3,1,3,3,3,3,2,4,3,3,3,1,2,3,4","0.000662803649902344","louvain","graph_2024M01.graphml"
"0.1","0.01","0.89","0.117688021812393","1,2,3,1,3,3,3,3,2,3,3,3,3,1,2,3,3","0.000792026519775391","louvain","graph_2024M01.graphml"
"0.09","0.02","0.89","0.118116129415585","1,2,3,3,3,3,3,3,2,3,3,3,3,1,2,3,1","0.000709056854248047","louvain","graph_2024M01.graphml"
"0.08","0.03","0.89","0.118161158701699","1,2,3,4,3,3,3,3,2,4,3,3,3,4,2,3,4","0.000792980194091797","louvain","graph_2024M01.graphml"
"0.07","0.04","0.89","0.117539340348419","1,2,3,4,3,3,3,3,2,4,3,3,3,4,2,3,4","0.000665903091430664","louvain","graph_2024M01.graphml"
"0.06","0.05","0.89","0.118374253863411","1,2,3,4,3,3,3,3,2,4,3,3,3,4,2,3,4","0.00065302848815918","louvain","graph_2024M01.graphml"
"0.05","0.06","0.89","0.117456153380938","1,2,3,3,3,3,3,3,2,3,3,3,3,3,2,3,1","0.000791072845458984","louvain","graph_2024M01.graphml"
"0.04","0.07","0.89","0.11806803687384","1,2,3,4,3,3,3,3,2,4,3,3,3,4,2,3,4","0.00077509880065918","louvain","graph_2024M01.graphml"
"0.03","0.08","0.89","0.117789117726958","1,2,3,4,3,3,3,3,2,4,3,3,3,4,2,3,4","0.000829935073852539","louvain","graph_2024M01.graphml"
"0.02","0.09","0.89","0.117789117726958","1,2,3,4,3,3,3,3,2,4,3,3,3,4,2,3,4","0.000730991363525391","louvain","graph_2024M01.graphml"
"0.01","0.1","0.89","0.117789117726958","1,2,3,4,3,3,3,3,2,4,3,3,3,4,2,3,4","0.000757932662963867","louvain","graph_2024M01.graphml"
"0","0.11","0.89","0.11717300299352","1,2,3,4,2,3,3,3,2,4,3,3,3,4,3,3,3","0.000766992568969727","louvain","graph_2024M01.graphml"
"0.1","0","0.9","0.117770287080108","1,2,3,4,3,3,3,3,2,4,3,3,3,4,2,3,4","0.000780105590820312","louvain","graph_2024M01.graphml"
"0.09","0.01","0.9","0.117770287080108","1,2,3,4,3,3,3,3,2,4,3,3,3,4,2,3,4","0.00074005126953125","louvain","graph_2024M01.graphml"
"0.08","0.02","0.9","0.117465634678176","1,2,3,4,3,3,3,3,2,4,3,3,3,4,2,3,4","0.000679969787597656","louvain","graph_2024M01.graphml"
"0.07","0.03","0.9","0.117761969545477","1,2,3,4,3,3,3,3,2,4,3,3,3,4,2,3,4","0.000689029693603516","louvain","graph_2024M01.graphml"
"0.06","0.04","0.9","0.117209978887658","1,2,3,4,3,3,3,3,2,4,3,3,3,4,2,3,4","0.00080108642578125","louvain","graph_2024M01.graphml"
"0.05","0.05","0.9","0.116786875650364","1,2,3,4,3,3,3,3,2,4,3,3,3,4,2,3,4","0.000669956207275391","louvain","graph_2024M01.graphml"
"0.04","0.06","0.9","0.117752326645766","1,2,3,1,3,3,3,3,2,4,3,3,3,4,2,3,4","0.000709056854248047","louvain","graph_2024M01.graphml"
"0.03","0.07","0.9","0.117437052158216","1,2,3,1,3,3,3,3,2,4,3,3,3,4,2,3,4","0.000676870346069336","louvain","graph_2024M01.graphml"
"0.02","0.08","0.9","0.117882233434311","1,2,3,1,3,3,3,3,2,4,3,3,3,4,2,3,4","0.000656843185424805","louvain","graph_2024M01.graphml"
"0.01","0.09","0.9","0.117572057228396","1,2,3,1,3,3,3,3,2,4,3,3,3,4,2,3,4","0.000646114349365234","louvain","graph_2024M01.graphml"
"0","0.1","0.9","0.118172730214497","1,2,3,1,3,3,3,3,2,4,3,3,3,4,2,3,4","0.000713109970092773","louvain","graph_2024M01.graphml"
"0.09","0","0.91","0.117939847318804","1,2,3,1,3,3,3,3,2,4,3,3,3,4,2,3,4","0.000676155090332031","louvain","graph_2024M01.graphml"
"0.08","0.01","0.91","0.117939847318804","1,2,3,1,3,3,3,3,2,4,3,3,3,4,2,3,4","0.000741004943847656","louvain","graph_2024M01.graphml"
"0.07","0.02","0.91","0.117872951217646","1,2,3,1,3,3,3,3,2,4,3,3,3,4,2,3,4","0.000674962997436523","louvain","graph_2024M01.graphml"
"0.06","0.03","0.91","0.117743193754363","1,2,3,1,3,3,3,3,2,4,3,3,3,4,2,3,4","0.000676870346069336","louvain","graph_2024M01.graphml"
"0.05","0.04","0.91","0.118153646767346","1,2,3,1,3,3,3,3,2,4,3,3,3,1,2,3,4","0.000713109970092773","louvain","graph_2024M01.graphml"
"0.04","0.05","0.91","0.117912681548947","1,2,3,1,3,3,3,3,2,3,3,3,3,1,2,3,3","0.000665903091430664","louvain","graph_2024M01.graphml"
"0.03","0.06","0.91","0.117588441877435","1,2,3,1,3,3,3,3,2,4,3,3,3,1,2,3,4","0.00070500373840332","louvain","graph_2024M01.graphml"
"0.02","0.07","0.91","0.117587681638982","1,2,3,1,3,3,3,3,2,4,3,3,3,1,2,3,4","0.000721216201782227","louvain","graph_2024M01.graphml"
"0.01","0.08","0.91","0.118074033359725","1,2,3,1,3,3,3,3,2,3,3,3,3,1,2,3,3","0.000718116760253906","louvain","graph_2024M01.graphml"
"0","0.09","0.91","0.118609055130965","1,2,3,1,3,3,3,3,2,4,3,3,3,1,2,3,4","0.0006561279296875","louvain","graph_2024M01.graphml"
"0.08","0","0.92","0.117587681638982","1,2,3,1,3,3,3,3,2,4,3,3,3,1,2,3,4","0.000719070434570312","louvain","graph_2024M01.graphml"
"0.07","0.01","0.92","0.117848324514991","1,2,3,1,3,3,3,3,2,3,3,3,3,1,2,3,3","0.000833034515380859","louvain","graph_2024M01.graphml"
"0.06","0.02","0.92","0.117532879573315","1,2,3,1,3,3,3,3,2,3,3,3,3,1,2,3,3","0.000690937042236328","louvain","graph_2024M01.graphml"
"0.05","0.03","0.92","0.117601332523388","1,2,3,1,3,3,3,3,2,4,3,3,3,1,2,3,2","0.000764131546020508","louvain","graph_2024M01.graphml"
"0.04","0.04","0.92","0.11793092647914","1,2,3,1,3,3,3,3,2,3,3,3,3,1,2,3,2","0.000658035278320312","louvain","graph_2024M01.graphml"
"0.03","0.05","0.92","0.118625857058982","1,2,3,1,3,3,3,3,2,3,3,3,3,1,2,3,2","0.000688076019287109","louvain","graph_2024M01.graphml"
"0.02","0.06","0.92","0.117971191767449","1,2,3,1,3,3,3,3,2,3,3,3,3,1,2,3,2","0.000764846801757812","louvain","graph_2024M01.graphml"
"0.01","0.07","0.92","0.117971191767449","1,2,3,1,3,3,3,3,2,3,3,3,3,1,2,3,2","0.0007781982421875","louvain","graph_2024M01.graphml"
"0","0.08","0.92","0.118198016791266","1,2,3,1,3,3,3,3,2,3,3,3,3,1,2,3,2","0.000728130340576172","louvain","graph_2024M01.graphml"
"0.07","0","0.93","0.117514954721333","1,2,3,1,3,3,3,3,2,3,3,3,3,1,2,3,2","0.0006561279296875","louvain","graph_2024M01.graphml"
"0.06","0.01","0.93","0.117058128399613","1,2,3,1,3,3,3,3,2,4,3,3,3,4,2,3,2","0.000686883926391602","louvain","graph_2024M01.graphml"
"0.05","0.02","0.93","0.117453930167248","1,2,3,1,3,3,3,3,2,3,3,3,3,1,2,3,2","0.00065302848815918","louvain","graph_2024M01.graphml"
"0.04","0.03","0.93","0.117479095248775","1,2,3,1,3,3,3,3,2,4,3,3,3,4,2,3,2","0.000669002532958984","louvain","graph_2024M01.graphml"
"0.03","0.04","0.93","0.117596930552962","1,2,3,1,3,3,3,3,2,4,3,3,3,4,2,3,2","0.000733852386474609","louvain","graph_2024M01.graphml"
"0.02","0.05","0.93","0.116940164723343","1,2,3,1,3,3,3,3,2,4,3,3,3,4,2,3,2","0.000678777694702148","louvain","graph_2024M01.graphml"
"0.01","0.06","0.93","0.118012575417213","1,2,3,1,3,3,3,3,2,4,3,3,3,4,2,3,2","0.000709056854248047","louvain","graph_2024M01.graphml"
"0","0.07","0.93","0.117594795907147","1,2,3,1,3,3,3,3,2,4,3,3,3,4,2,3,2","0.000746965408325195","louvain","graph_2024M01.graphml"
"0.06","0","0.94","0.116885235245482","1,2,3,1,3,3,3,3,2,4,3,3,3,4,2,3,2","0.000864982604980469","louvain","graph_2024M01.graphml"
"0.05","0.01","0.94","0.116885235245482","1,2,3,1,3,3,3,3,2,4,3,3,3,4,2,3,2","0.000684022903442383","louvain","graph_2024M01.graphml"
"0.04","0.02","0.94","0.117740035651314","1,2,3,1,3,3,3,3,2,3,3,3,3,1,2,3,2","0.000700950622558594","louvain","graph_2024M01.graphml"
"0.03","0.03","0.94","0.118550576592535","1,2,3,1,3,3,3,3,2,4,3,3,3,4,2,3,2","0.000661134719848633","louvain","graph_2024M01.graphml"
"0.02","0.04","0.94","0.118550576592535","1,2,3,1,3,3,3,3,2,4,3,3,3,4,2,3,2","0.000696182250976562","louvain","graph_2024M01.graphml"
"0.01","0.05","0.94","0.118243593514911","1,2,3,1,3,3,3,3,2,4,3,3,3,4,2,3,2","0.000784873962402344","louvain","graph_2024M01.graphml"
"0","0.06","0.94","0.118672890682694","1,2,3,1,3,3,3,3,2,4,3,3,3,4,2,3,2","0.000679969787597656","louvain","graph_2024M01.graphml"
"0.05","0","0.95","0.117704566121555","1,2,3,1,3,3,3,3,2,4,3,3,3,4,2,3,2","0.000739097595214844","louvain","graph_2024M01.graphml"
"0.04","0.01","0.95","0.117050556738194","1,2,3,1,3,3,3,3,2,4,3,3,3,4,2,3,2","0.000707864761352539","louvain","graph_2024M01.graphml"
"0.03","0.02","0.95","0.116624556213018","1,2,3,1,3,3,3,3,2,4,3,3,3,4,2,3,2","0.000750064849853516","louvain","graph_2024M01.graphml"
"0.02","0.03","0.95","0.116866402103956","1,2,3,1,3,3,3,3,2,4,3,3,3,4,2,3,2","0.000768184661865234","louvain","graph_2024M01.graphml"
"0.01","0.04","0.95","0.116456599286564","1,2,3,1,3,3,3,3,2,4,3,3,3,4,2,3,2","0.000688076019287109","louvain","graph_2024M01.graphml"
"0","0.05","0.95","0.116818301208464","1,2,3,2,4,3,3,3,2,4,3,3,3,4,3,3,2","0.000676870346069336","louvain","graph_2024M01.graphml"
"0.04","0","0.96","0.115996325608513","1,2,3,1,3,3,3,3,2,3,3,3,3,1,2,3,2","0.000713109970092773","louvain","graph_2024M01.graphml"
"0.03","0.01","0.96","0.116516803149167","1,2,3,2,4,3,3,3,2,4,3,3,3,4,3,3,2","0.000746965408325195","louvain","graph_2024M01.graphml"
"0.02","0.02","0.96","0.116736399254001","1,2,3,2,4,3,3,3,2,4,3,3,3,4,3,3,2","0.000739812850952148","louvain","graph_2024M01.graphml"
"0.01","0.03","0.96","0.116547507414011","1,2,3,2,4,3,3,3,2,4,3,3,3,4,1,3,2","0.000699043273925781","louvain","graph_2024M01.graphml"
"0","0.04","0.96","0.116340692773318","1,2,3,2,4,3,3,3,2,4,3,3,3,4,1,3,2","0.000650882720947266","louvain","graph_2024M01.graphml"
"0.03","0","0.97","0.117010964099064","1,2,3,1,3,3,3,3,2,3,3,3,3,3,2,3,2","0.00077509880065918","louvain","graph_2024M01.graphml"
"0.02","0.01","0.97","0.117010964099064","1,2,3,1,3,3,3,3,2,3,3,3,3,3,2,3,2","0.000869035720825195","louvain","graph_2024M01.graphml"
"0.01","0.02","0.97","0.116594673120192","1,2,3,1,3,3,3,3,2,3,3,3,3,3,2,3,2","0.000946998596191406","louvain","graph_2024M01.graphml"
"0","0.03","0.97","0.116178935943623","1,2,3,1,3,3,3,3,2,3,3,3,3,3,2,3,2","0.000720977783203125","louvain","graph_2024M01.graphml"
"0.02","0","0.98","0.117151594215096","1,2,3,1,3,3,3,3,2,3,3,3,3,3,2,3,2","0.000706911087036133","louvain","graph_2024M01.graphml"
"0.01","0.01","0.98","0.117721583940397","1,2,3,1,3,3,3,3,2,3,3,3,3,1,2,3,2","0.000772953033447266","louvain","graph_2024M01.graphml"
"0","0.02","0.98","0.117939128981956","1,2,3,1,3,3,3,3,2,3,3,3,3,1,2,3,2","0.000735998153686523","louvain","graph_2024M01.graphml"
"0.01","0","0.99","0.1174295805469","1,2,3,1,3,3,3,3,2,3,3,3,3,1,2,3,2","0.000734806060791016","louvain","graph_2024M01.graphml"
"0","0.01","0.99","0.1174295805469","1,2,3,1,3,3,3,3,2,3,3,3,3,1,2,3,2","0.000718116760253906","louvain","graph_2024M01.graphml"
"0","0","1","0.117478827913736","1,2,3,1,3,3,3,3,2,3,3,3,3,1,2,3,2","0.00072479248046875","louvain","graph_2024M01.graphml"
