"Var1","Var2","Var3","modularity","partition","time","algorithm","network"
"1","0","0","0.62","1,2,3,4,5,6,7,7,8,7,9,10,7,11,12,13,14","0.000919103622436523","louvain","graph_2024M12.graphml"
"0.99","0.01","0","0.62","1,2,3,4,5,6,7,7,8,7,9,10,7,11,12,13,14","0.000637054443359375","louvain","graph_2024M12.graphml"
"0.98","0.02","0","0.5546875","1,2,3,4,5,6,7,7,8,7,9,10,7,11,12,13,14","0.000600814819335938","louvain","graph_2024M12.graphml"
"0.97","0.03","0","0.506920415224913","1,2,3,4,5,6,7,7,8,7,9,10,7,11,12,13,14","0.000375032424926758","louvain","graph_2024M12.graphml"
"0.96","0.04","0","0.469529085872576","1,2,3,4,5,6,7,7,8,7,9,10,7,11,12,13,14","0.000650167465209961","louvain","graph_2024M12.graphml"
"0.95","0.05","0","0.469529085872576","1,2,3,4,5,6,7,7,8,7,9,10,7,11,12,13,14","0.000527858734130859","louvain","graph_2024M12.graphml"
"0.94","0.06","0","0.469529085872576","1,2,3,4,5,6,7,7,8,7,9,10,7,11,12,13,14","0.000497102737426758","louvain","graph_2024M12.graphml"
"0.93","0.07","0","0.44671201814059","1,2,3,4,5,6,7,7,8,7,9,10,7,11,12,13,14","0.00107908248901367","louvain","graph_2024M12.graphml"
"0.92","0.08","0","0.450413223140496","1,2,3,4,5,6,7,7,8,7,9,10,7,11,12,13,14","0.000547885894775391","louvain","graph_2024M12.graphml"
"0.91","0.09","0","0.420604914933837","1,2,3,4,5,6,7,7,8,7,9,10,7,11,12,13,14","0.000544071197509766","louvain","graph_2024M12.graphml"
"0.9","0.1","0","0.440104166666667","1,2,3,4,5,6,7,7,8,9,10,11,7,12,13,14,15","0.000841856002807617","louvain","graph_2024M12.graphml"
"0.89","0.11","0","0.408","1,2,3,4,5,6,7,7,8,9,10,11,7,12,13,14,15","0.000645160675048828","louvain","graph_2024M12.graphml"
"0.88","0.12","0","0.411242603550296","1,2,3,4,5,6,7,7,8,9,10,11,7,12,13,14,15","0.000597000122070312","louvain","graph_2024M12.graphml"
"0.87","0.13","0","0.401627218934911","1,2,3,4,5,6,7,7,8,7,9,10,7,11,12,13,14","0.000612974166870117","louvain","graph_2024M12.graphml"
"0.86","0.14","0","0.356505102040816","1,2,3,4,5,6,7,7,8,9,10,11,7,12,13,14,15","0.000542163848876953","louvain","graph_2024M12.graphml"
"0.85","0.15","0","0.33115338882283","1,2,3,4,5,6,7,7,8,9,10,11,7,12,13,14,15","0.0005340576171875","louvain","graph_2024M12.graphml"
"0.84","0.16","0","0.350156087408949","1,2,3,4,5,6,7,7,8,8,9,10,7,11,12,13,14","0.00052189826965332","louvain","graph_2024M12.graphml"
"0.83","0.17","0","0.350156087408949","1,2,3,4,5,6,7,7,8,8,9,10,7,11,12,13,14","0.00049901008605957","louvain","graph_2024M12.graphml"
"0.82","0.18","0","0.35546875","1,2,3,4,5,6,7,7,8,7,9,10,7,11,12,13,14","0.000526905059814453","louvain","graph_2024M12.graphml"
"0.81","0.19","0","0.376951331496786","1,2,3,4,5,6,7,7,8,9,10,11,7,12,13,14,15","0.000694036483764648","louvain","graph_2024M12.graphml"
"0.8","0.2","0","0.397762345679012","1,2,3,4,5,6,7,8,9,7,10,11,8,12,13,14,15","0.000535011291503906","louvain","graph_2024M12.graphml"
"0.79","0.21","0","0.373614958448753","1,2,3,4,5,6,7,8,9,7,10,8,8,11,12,13,14","0.000550031661987305","louvain","graph_2024M12.graphml"
"0.78","0.22","0","0.373614958448753","1,2,3,4,5,6,7,8,9,7,10,8,8,11,12,13,14","0.0005340576171875","louvain","graph_2024M12.graphml"
"0.77","0.23","0","0.3440625","1,2,3,4,5,6,7,8,9,7,10,8,8,11,12,13,14","0.000550985336303711","louvain","graph_2024M12.graphml"
"0.76","0.24","0","0.318820984315846","1,2,3,4,5,6,7,8,9,7,10,8,8,11,12,13,14","0.000652074813842773","louvain","graph_2024M12.graphml"
"0.75","0.25","0","0.318820984315846","1,2,3,4,5,6,7,8,9,7,10,8,8,11,12,13,14","0.000988960266113281","louvain","graph_2024M12.graphml"
"0.74","0.26","0","0.309382716049383","1,2,3,4,5,6,7,8,9,7,1,8,8,10,11,12,13","0.00055694580078125","louvain","graph_2024M12.graphml"
"0.73","0.27","0","0.299858223062382","1,2,3,4,5,6,7,8,9,7,1,8,8,10,11,12,13","0.000728845596313477","louvain","graph_2024M12.graphml"
"0.72","0.28","0","0.316623263888889","1,2,3,4,5,6,7,8,9,7,1,8,8,10,11,12,13","0.000483989715576172","louvain","graph_2024M12.graphml"
"0.71","0.29","0","0.3306","1,2,3,4,5,6,7,7,8,9,1,10,7,11,12,13,14","0.000403881072998047","louvain","graph_2024M12.graphml"
"0.7","0.3","0","0.316358024691358","1,2,3,4,5,6,7,7,2,7,1,8,7,9,10,11,12","0.000654935836791992","louvain","graph_2024M12.graphml"
"0.69","0.31","0","0.336575255102041","1,2,3,4,5,6,7,7,2,7,1,8,7,9,10,11,12","0.000540971755981445","louvain","graph_2024M12.graphml"
"0.68","0.32","0","0.344678953626635","1,2,3,4,5,6,7,7,2,7,1,8,7,9,10,11,12","0.000559091567993164","louvain","graph_2024M12.graphml"
"0.67","0.33","0","0.344678953626635","1,2,3,4,5,6,7,7,2,7,1,8,7,9,10,11,12","0.000622987747192383","louvain","graph_2024M12.graphml"
"0.66","0.34","0","0.33915614082236","1,2,3,4,5,6,7,7,2,7,1,8,7,9,10,1,11","0.000980138778686523","louvain","graph_2024M12.graphml"
"0.65","0.35","0","0.3302001953125","1,2,3,1,4,5,6,6,2,6,1,7,6,8,9,1,10","0.000558853149414062","louvain","graph_2024M12.graphml"
"0.64","0.36","0","0.322658402203857","1,2,3,1,4,5,6,6,2,6,1,7,6,8,9,1,10","0.000623941421508789","louvain","graph_2024M12.graphml"
"0.63","0.37","0","0.326464691468033","1,2,3,1,1,4,5,5,2,5,1,6,5,7,8,1,9","0.000555038452148438","louvain","graph_2024M12.graphml"
"0.62","0.38","0","0.330714285714286","1,2,3,1,1,4,5,5,2,5,1,6,5,1,7,1,8","0.00104784965515137","louvain","graph_2024M12.graphml"
"0.61","0.39","0","0.32349537037037","1,2,3,1,1,4,5,5,2,5,1,6,5,1,7,1,8","0.000432968139648438","louvain","graph_2024M12.graphml"
"0.6","0.4","0","0.316380569758948","1,2,3,1,1,4,5,5,2,5,1,6,5,1,7,1,8","0.00101995468139648","louvain","graph_2024M12.graphml"
"0.59","0.41","0","0.310844444444444","1,2,3,1,1,4,5,5,2,5,1,6,5,1,7,1,8","0.000541925430297852","louvain","graph_2024M12.graphml"
"0.58","0.42","0","0.310844444444444","1,2,3,1,1,4,5,5,2,5,1,6,5,1,7,1,8","0.00104117393493652","louvain","graph_2024M12.graphml"
"0.57","0.43","0","0.310844444444444","1,2,3,1,1,4,5,5,2,5,1,6,5,1,7,1,8","0.000619888305664062","louvain","graph_2024M12.graphml"
"0.56","0.44","0","0.306965761511216","1,2,3,1,1,4,5,5,2,5,1,6,5,1,7,1,8","0.000604152679443359","louvain","graph_2024M12.graphml"
"0.55","0.45","0","0.306965761511216","1,2,3,1,1,4,5,5,2,5,1,6,5,1,7,1,8","0.00112199783325195","louvain","graph_2024M12.graphml"
"0.54","0.46","0","0.306965761511216","1,2,3,1,1,4,5,5,2,5,1,6,5,1,7,1,8","0.000594139099121094","louvain","graph_2024M12.graphml"
"0.53","0.47","0","0.306965761511216","1,2,3,1,1,4,5,5,2,5,1,6,5,1,7,1,8","0.000583887100219727","louvain","graph_2024M12.graphml"
"0.52","0.48","0","0.310078125","1,2,3,1,1,4,5,6,2,5,1,6,5,1,7,5,8","0.000566005706787109","louvain","graph_2024M12.graphml"
"0.51","0.49","0","0.299462911888518","1,2,3,1,1,4,5,6,2,7,1,6,5,1,8,5,9","0.00104999542236328","louvain","graph_2024M12.graphml"
"0.5","0.5","0","0.298809696617797","1,2,3,1,1,4,5,6,2,5,1,6,5,1,7,5,8","0.00103187561035156","louvain","graph_2024M12.graphml"
"0.49","0.51","0","0.299674036281179","1,2,3,1,1,4,5,6,2,5,1,6,5,1,7,6,8","0.000570058822631836","louvain","graph_2024M12.graphml"
"0.48","0.52","0","0.298336938885884","1,2,3,1,1,4,5,6,2,5,1,6,5,1,7,6,8","0.000998973846435547","louvain","graph_2024M12.graphml"
"0.47","0.53","0","0.298336938885884","1,2,3,1,1,4,5,6,2,5,1,6,5,1,7,6,8","0.000584125518798828","louvain","graph_2024M12.graphml"
"0.46","0.54","0","0.286234567901234","1,2,3,1,2,4,5,6,2,5,1,7,6,1,8,6,9","0.000657081604003906","louvain","graph_2024M12.graphml"
"0.45","0.55","0","0.277351134215501","1,2,3,1,4,5,6,7,4,6,1,7,2,1,8,7,9","0.000700950622558594","louvain","graph_2024M12.graphml"
"0.44","0.56","0","0.268421052631579","1,2,3,1,2,4,5,6,2,5,1,7,6,1,8,6,9","0.00070500373840332","louvain","graph_2024M12.graphml"
"0.43","0.57","0","0.273355298118822","1,2,3,1,4,5,6,7,4,6,2,7,2,1,8,7,9","0.000844955444335938","louvain","graph_2024M12.graphml"
"0.42","0.58","0","0.274041760611705","1,2,3,1,4,5,6,7,4,6,2,7,2,1,8,7,9","0.000624895095825195","louvain","graph_2024M12.graphml"
"0.41","0.59","0","0.269944252210688","1,2,3,1,4,5,6,7,2,6,4,7,4,1,8,7,9","0.000439882278442383","louvain","graph_2024M12.graphml"
"0.4","0.6","0","0.272457347535112","1,2,3,1,4,5,6,7,4,6,2,7,2,1,8,7,9","0.000753879547119141","louvain","graph_2024M12.graphml"
"0.39","0.61","0","0.263446712018141","1,2,3,1,4,5,6,7,4,6,2,7,2,1,8,7,9","0.001007080078125","louvain","graph_2024M12.graphml"
"0.38","0.62","0","0.257227705476461","1,2,3,1,4,5,6,7,4,6,2,7,2,1,8,7,9","0.000741958618164062","louvain","graph_2024M12.graphml"
"0.37","0.63","0","0.248181818181818","1,2,3,2,4,5,6,7,2,6,4,7,4,1,8,7,9","0.00110816955566406","louvain","graph_2024M12.graphml"
"0.36","0.64","0","0.250953656359062","1,2,3,4,4,5,6,7,4,6,2,7,2,1,8,7,9","0.00101613998413086","louvain","graph_2024M12.graphml"
"0.35","0.65","0","0.254623724489796","1,2,3,2,2,4,5,6,2,5,1,7,6,1,8,6,9","0.000854969024658203","louvain","graph_2024M12.graphml"
"0.34","0.66","0","0.24695652173913","1,2,3,4,4,5,6,6,4,2,1,6,7,1,8,7,9","0.00101304054260254","louvain","graph_2024M12.graphml"
"0.33","0.67","0","0.243356794024706","1,2,3,4,4,5,6,6,4,6,1,6,2,1,7,2,8","0.00080108642578125","louvain","graph_2024M12.graphml"
"0.32","0.68","0","0.260447460360118","1,2,3,4,4,5,6,6,4,6,1,6,2,1,7,2,8","0.000683069229125977","louvain","graph_2024M12.graphml"
"0.31","0.69","0","0.260447460360118","1,2,3,4,2,5,6,6,4,6,1,6,2,1,7,4,8","0.000638961791992188","louvain","graph_2024M12.graphml"
"0.3","0.7","0","0.260447460360118","1,2,3,4,2,5,6,6,4,6,1,6,2,1,7,4,8","0.00106215476989746","louvain","graph_2024M12.graphml"
"0.29","0.71","0","0.260447460360118","1,2,3,2,4,5,6,6,2,6,1,6,4,1,7,4,8","0.000586032867431641","louvain","graph_2024M12.graphml"
"0.28","0.72","0","0.258162070759625","1,2,3,4,4,5,6,6,4,6,1,6,2,1,7,2,8","0.000636100769042969","louvain","graph_2024M12.graphml"
"0.27","0.73","0","0.25392","1,2,3,2,4,5,6,6,2,6,1,6,4,1,7,4,8","0.000982999801635742","louvain","graph_2024M12.graphml"
"0.26","0.74","0","0.25392","1,2,3,2,4,5,6,6,2,6,1,6,4,1,7,4,8","0.000712871551513672","louvain","graph_2024M12.graphml"
"0.25","0.75","0","0.249118165784832","1,2,3,4,2,5,6,6,4,6,1,6,2,1,7,4,8","0.000621795654296875","louvain","graph_2024M12.graphml"
"0.24","0.76","0","0.251658503317007","1,2,3,2,4,5,6,6,2,6,1,6,4,1,7,4,8","0.000648975372314453","louvain","graph_2024M12.graphml"
"0.23","0.77","0","0.251276966528454","1,2,3,2,4,5,6,6,2,6,1,6,4,1,7,4,8","0.000660181045532227","louvain","graph_2024M12.graphml"
"0.22","0.78","0","0.253219509352602","1,2,3,2,4,5,6,6,2,6,1,6,4,1,7,1,8","0.000615835189819336","louvain","graph_2024M12.graphml"
"0.21","0.79","0","0.249610158164402","1,2,3,4,2,5,6,6,4,6,1,6,2,1,7,1,8","0.00064396858215332","louvain","graph_2024M12.graphml"
"0.2","0.8","0","0.248567257785467","1,2,3,4,2,5,6,6,4,6,1,6,2,1,7,1,8","0.00116801261901855","louvain","graph_2024M12.graphml"
"0.19","0.81","0","0.253103521764612","1,2,3,2,4,5,6,6,2,6,1,6,4,1,7,1,8","0.00104999542236328","louvain","graph_2024M12.graphml"
"0.18","0.82","0","0.253103521764612","1,2,3,2,4,5,6,6,2,6,1,6,4,1,7,1,8","0.000627040863037109","louvain","graph_2024M12.graphml"
"0.17","0.83","0","0.24734744578438","1,2,3,2,4,5,6,6,2,6,1,6,4,1,7,1,8","0.000694036483764648","louvain","graph_2024M12.graphml"
"0.16","0.84","0","0.243019218543694","1,2,3,1,1,4,5,5,2,5,1,5,6,1,7,6,8","0.000605106353759766","louvain","graph_2024M12.graphml"
"0.15","0.85","0","0.243019218543694","1,2,3,1,1,4,5,5,2,5,1,5,6,1,7,6,8","0.000648975372314453","louvain","graph_2024M12.graphml"
"0.14","0.86","0","0.239414544753086","1,2,3,1,1,4,5,5,2,5,1,5,6,1,7,6,8","0.00108098983764648","louvain","graph_2024M12.graphml"
"0.13","0.87","0","0.238349761673377","1,2,3,1,1,4,5,5,2,5,1,5,6,1,7,6,8","0.00058293342590332","louvain","graph_2024M12.graphml"
"0.12","0.88","0","0.234309898688654","1,2,1,1,1,3,4,4,2,4,1,4,5,1,6,5,7","0.001007080078125","louvain","graph_2024M12.graphml"
"0.11","0.89","0","0.242150454953223","1,2,1,1,1,3,4,4,2,4,1,5,6,1,7,6,8","0.000624895095825195","louvain","graph_2024M12.graphml"
"0.1","0.9","0","0.242150454953223","1,2,1,1,1,3,4,4,2,4,1,5,6,1,7,6,8","0.00107693672180176","louvain","graph_2024M12.graphml"
"0.09","0.91","0","0.243864901332434","1,2,1,1,1,3,4,4,2,4,1,5,6,1,7,6,8","0.00168299674987793","louvain","graph_2024M12.graphml"
"0.08","0.92","0","0.245639958376691","1,2,1,1,1,3,4,4,2,4,1,4,5,1,6,5,7","0.00143313407897949","louvain","graph_2024M12.graphml"
"0.07","0.93","0","0.238975211976145","1,2,1,1,1,3,4,4,2,4,1,4,5,1,6,5,7","0.0010230541229248","louvain","graph_2024M12.graphml"
"0.06","0.94","0","0.235178657266464","1,2,1,1,1,3,4,4,2,4,1,4,5,1,6,5,7","0.000606060028076172","louvain","graph_2024M12.graphml"
"0.05","0.95","0","0.232357258459106","1,2,1,1,3,4,3,5,2,3,1,5,6,1,7,5,8","0.000784158706665039","louvain","graph_2024M12.graphml"
"0.04","0.96","0","0.230725436179982","1,2,1,1,3,4,3,5,2,3,1,5,6,1,7,5,8","0.000678777694702148","louvain","graph_2024M12.graphml"
"0.03","0.97","0","0.234885324430251","1,2,1,1,3,4,3,5,2,3,1,5,6,1,7,5,8","0.000609159469604492","louvain","graph_2024M12.graphml"
"0.02","0.98","0","0.239487412905711","1,2,1,1,1,3,4,4,2,4,5,4,5,1,6,4,7","0.000442028045654297","louvain","graph_2024M12.graphml"
"0.01","0.99","0","0.240980130638487","1,2,1,1,1,3,4,4,2,4,1,4,5,1,6,4,7","0.000545978546142578","louvain","graph_2024M12.graphml"
"0","1","0","0.241825208085612","1,2,1,1,1,3,4,4,2,4,5,4,5,1,6,4,7","0.000465869903564453","louvain","graph_2024M12.graphml"
"0.99","0","0.01","0.439909297052154","1,2,3,4,5,6,7,7,8,9,10,11,7,12,13,14,15","0.000689029693603516","louvain","graph_2024M12.graphml"
"0.98","0.01","0.01","0.43801652892562","1,2,3,4,5,6,7,7,8,7,9,10,7,11,12,13,14","0.000452995300292969","louvain","graph_2024M12.graphml"
"0.97","0.02","0.01","0.420118343195266","1,2,3,4,5,6,7,7,8,9,10,11,7,12,13,14,15","0.000631093978881836","louvain","graph_2024M12.graphml"
"0.96","0.03","0.01","0.420118343195266","1,2,3,4,5,6,7,7,8,9,10,11,7,12,13,14,15","0.000522136688232422","louvain","graph_2024M12.graphml"
"0.95","0.04","0.01","0.420118343195266","1,2,3,4,5,6,7,7,8,9,10,11,7,12,13,14,15","0.000610113143920898","louvain","graph_2024M12.graphml"
"0.94","0.05","0.01","0.397321428571428","1,2,3,4,5,6,7,7,8,9,10,11,7,12,13,14,15","0.00127100944519043","louvain","graph_2024M12.graphml"
"0.93","0.06","0.01","0.365","1,2,3,4,5,6,7,7,8,7,9,10,7,11,12,13,14","0.000394821166992188","louvain","graph_2024M12.graphml"
"0.92","0.07","0.01","0.357440166493236","1,2,3,4,5,6,7,7,8,8,9,10,7,11,12,13,14","0.000704050064086914","louvain","graph_2024M12.graphml"
"0.91","0.08","0.01","0.357440166493236","1,2,3,4,5,6,7,7,8,8,9,10,7,11,12,13,14","0.000540018081665039","louvain","graph_2024M12.graphml"
"0.9","0.09","0.01","0.36279296875","1,2,3,4,5,6,7,7,8,8,9,10,7,11,12,13,14","0.000560998916625977","louvain","graph_2024M12.graphml"
"0.89","0.1","0.01","0.36279296875","1,2,3,4,5,6,7,7,8,8,9,10,7,11,12,13,14","0.000552177429199219","louvain","graph_2024M12.graphml"
"0.88","0.11","0.01","0.36279296875","1,2,3,4,5,6,7,7,8,8,9,10,7,11,12,13,14","0.000745058059692383","louvain","graph_2024M12.graphml"
"0.87","0.12","0.01","0.345714285714286","1,2,3,4,5,6,7,7,8,9,10,7,7,11,12,13,14","0.000431060791015625","louvain","graph_2024M12.graphml"
"0.86","0.13","0.01","0.351466049382716","1,2,3,4,5,6,7,7,8,8,9,7,7,10,11,12,13","0.000664949417114258","louvain","graph_2024M12.graphml"
"0.85","0.14","0.01","0.341490138787436","1,2,3,4,5,6,7,7,8,7,9,10,7,11,12,13,14","0.001007080078125","louvain","graph_2024M12.graphml"
"0.84","0.15","0.01","0.2978125","1,2,3,4,5,6,7,7,8,9,10,7,7,11,12,13,14","0.000855922698974609","louvain","graph_2024M12.graphml"
"0.83","0.16","0.01","0.303136830719308","1,2,3,4,5,6,7,8,9,7,10,11,8,12,13,14,15","0.000627040863037109","louvain","graph_2024M12.graphml"
"0.82","0.17","0.01","0.295061728395062","1,2,3,4,5,6,7,8,9,7,10,8,8,11,12,13,14","0.000764846801757812","louvain","graph_2024M12.graphml"
"0.81","0.18","0.01","0.296550094517958","1,2,3,4,5,6,7,7,8,7,1,9,7,10,11,12,13","0.000579833984375","louvain","graph_2024M12.graphml"
"0.8","0.19","0.01","0.299385633270321","1,2,3,4,5,6,7,7,8,9,1,10,7,11,12,13,14","0.00130796432495117","louvain","graph_2024M12.graphml"
"0.79","0.2","0.01","0.28851606805293","1,2,3,4,5,6,7,8,9,7,1,7,7,10,11,12,13","0.000973939895629883","louvain","graph_2024M12.graphml"
"0.78","0.21","0.01","0.289496527777778","1,2,3,4,5,6,7,8,9,7,1,8,8,10,11,12,13","0.000648021697998047","louvain","graph_2024M12.graphml"
"0.77","0.22","0.01","0.301541024573095","1,2,3,4,5,6,7,7,8,9,1,10,7,11,12,13,14","0.000585794448852539","louvain","graph_2024M12.graphml"
"0.76","0.23","0.01","0.288158400615148","1,2,3,4,5,6,7,8,9,7,1,7,7,10,11,12,13","0.0010380744934082","louvain","graph_2024M12.graphml"
"0.75","0.24","0.01","0.312032751868993","1,2,3,4,5,6,7,7,2,7,1,8,7,9,10,11,12","0.0010221004486084","louvain","graph_2024M12.graphml"
"0.74","0.25","0.01","0.321487603305785","1,2,3,4,5,6,7,7,2,7,1,8,7,9,10,11,12","0.00059199333190918","louvain","graph_2024M12.graphml"
"0.73","0.26","0.01","0.316884661117717","1,2,3,4,5,6,7,7,2,7,1,8,7,9,10,1,11","0.000678062438964844","louvain","graph_2024M12.graphml"
"0.72","0.27","0.01","0.340231120666487","1,2,3,1,4,5,6,6,2,6,1,7,6,8,9,1,10","0.000619888305664062","louvain","graph_2024M12.graphml"
"0.71","0.28","0.01","0.318461538461538","1,2,3,1,4,5,6,6,2,6,1,7,6,8,9,1,10","0.0010230541229248","louvain","graph_2024M12.graphml"
"0.7","0.29","0.01","0.318230968858131","1,2,3,1,1,4,5,5,2,5,1,6,5,7,8,1,9","0.00100994110107422","louvain","graph_2024M12.graphml"
"0.69","0.3","0.01","0.318230968858131","1,2,3,1,1,4,5,5,2,5,1,6,5,7,8,1,9","0.000526905059814453","louvain","graph_2024M12.graphml"
"0.68","0.31","0.01","0.300238048006348","1,2,3,1,1,4,5,5,2,5,1,6,5,1,7,1,8","0.000551939010620117","louvain","graph_2024M12.graphml"
"0.67","0.32","0.01","0.309510030864198","1,2,3,1,1,4,5,5,2,5,1,6,5,1,7,1,8","0.000555992126464844","louvain","graph_2024M12.graphml"
"0.66","0.33","0.01","0.312722837305311","1,2,3,1,1,4,5,5,2,5,1,6,5,1,7,1,8","0.000963926315307617","louvain","graph_2024M12.graphml"
"0.65","0.34","0.01","0.312722837305311","1,2,3,1,1,4,5,5,2,5,1,6,5,1,7,1,8","0.000571012496948242","louvain","graph_2024M12.graphml"
"0.64","0.35","0.01","0.303670360110803","1,2,3,1,1,4,5,6,2,5,1,6,5,1,7,1,8","0.000699043273925781","louvain","graph_2024M12.graphml"
"0.63","0.36","0.01","0.303670360110803","1,2,3,1,1,4,5,6,2,5,1,6,5,1,7,1,8","0.000599861145019531","louvain","graph_2024M12.graphml"
"0.62","0.37","0.01","0.306965761511216","1,2,3,1,1,4,5,5,2,5,1,6,5,1,7,1,8","0.00069117546081543","louvain","graph_2024M12.graphml"
"0.61","0.38","0.01","0.306965761511216","1,2,3,1,1,4,5,5,2,5,1,6,5,1,7,1,8","0.000674009323120117","louvain","graph_2024M12.graphml"
"0.6","0.39","0.01","0.306965761511216","1,2,3,1,1,4,5,5,2,5,1,6,5,1,7,1,8","0.000552892684936523","louvain","graph_2024M12.graphml"
"0.59","0.4","0.01","0.28359375","1,2,3,1,1,4,5,6,2,7,1,6,5,1,8,5,9","0.000594854354858398","louvain","graph_2024M12.graphml"
"0.58","0.41","0.01","0.286465477823503","1,2,3,1,1,4,5,6,2,5,1,6,5,1,7,5,8","0.000806808471679688","louvain","graph_2024M12.graphml"
"0.57","0.42","0.01","0.294244497323022","1,2,3,1,1,4,5,6,2,5,1,6,5,1,7,5,8","0.000851154327392578","louvain","graph_2024M12.graphml"
"0.56","0.43","0.01","0.294244497323022","1,2,3,1,1,4,5,6,2,5,1,6,5,1,7,5,8","0.000455141067504883","louvain","graph_2024M12.graphml"
"0.55","0.44","0.01","0.289084047031499","1,2,3,1,1,4,5,6,2,7,5,6,5,1,8,5,9","0.00118088722229004","louvain","graph_2024M12.graphml"
"0.54","0.45","0.01","0.281443698347107","1,2,3,1,1,4,5,5,6,5,2,7,2,1,8,6,9","0.000739812850952148","louvain","graph_2024M12.graphml"
"0.53","0.46","0.01","0.28020451963136","1,2,3,1,1,4,5,6,2,5,5,6,5,1,7,6,8","0.000643014907836914","louvain","graph_2024M12.graphml"
"0.52","0.47","0.01","0.257186509732911","1,2,3,1,4,5,6,7,4,6,2,7,2,1,8,7,9","0.000787973403930664","louvain","graph_2024M12.graphml"
"0.51","0.48","0.01","0.25191135734072","1,2,3,1,4,5,6,7,4,6,2,7,2,1,8,7,9","0.0010688304901123","louvain","graph_2024M12.graphml"
"0.5","0.49","0.01","0.240128558310376","1,2,3,1,4,5,6,7,4,6,2,7,2,1,8,7,9","0.000760078430175781","louvain","graph_2024M12.graphml"
"0.49","0.5","0.01","0.240128558310376","1,2,3,1,4,5,6,7,2,6,4,7,4,1,8,7,9","0.00130796432495117","louvain","graph_2024M12.graphml"
"0.48","0.51","0.01","0.2514","1,2,3,1,2,4,5,6,2,5,6,7,6,1,8,6,9","0.000911951065063477","louvain","graph_2024M12.graphml"
"0.47","0.52","0.01","0.255113582807051","1,2,3,1,4,5,6,7,4,6,2,7,2,1,8,7,9","0.00121593475341797","louvain","graph_2024M12.graphml"
"0.46","0.53","0.01","0.257720044378698","1,2,3,1,4,5,6,7,4,6,2,7,2,1,8,7,9","0.000575065612792969","louvain","graph_2024M12.graphml"
"0.45","0.54","0.01","0.25437641723356","1,2,3,1,4,5,6,7,2,6,4,7,4,1,8,7,9","0.000633001327514648","louvain","graph_2024M12.graphml"
"0.44","0.55","0.01","0.25626692287536","1,2,3,1,4,5,6,7,2,6,4,7,4,1,8,7,9","0.000759124755859375","louvain","graph_2024M12.graphml"
"0.43","0.56","0.01","0.256375725948994","1,2,3,2,4,5,6,7,2,6,4,7,4,1,8,7,9","0.00106096267700195","louvain","graph_2024M12.graphml"
"0.42","0.57","0.01","0.250507264020777","1,2,3,2,4,5,6,7,2,6,4,7,4,1,8,7,9","0.000688076019287109","louvain","graph_2024M12.graphml"
"0.41","0.58","0.01","0.25031887755102","1,2,3,4,2,5,6,7,4,6,1,7,2,1,8,7,9","0.00107002258300781","louvain","graph_2024M12.graphml"
"0.4","0.59","0.01","0.241639417360285","1,2,3,2,4,5,6,6,2,2,1,6,4,1,7,4,8","0.00143194198608398","louvain","graph_2024M12.graphml"
"0.39","0.6","0.01","0.244146796897443","1,2,3,2,2,4,5,6,2,5,1,5,6,1,7,6,8","0.000591039657592773","louvain","graph_2024M12.graphml"
"0.38","0.61","0.01","0.246204364098581","1,2,3,4,2,5,6,6,4,6,1,6,2,1,7,4,8","0.000628948211669922","louvain","graph_2024M12.graphml"
"0.37","0.62","0.01","0.246204364098581","1,2,3,4,4,5,6,6,4,6,1,6,2,1,7,2,8","0.000609874725341797","louvain","graph_2024M12.graphml"
"0.36","0.63","0.01","0.255276278942695","1,2,3,2,4,5,6,6,2,6,1,6,4,1,7,4,8","0.000593900680541992","louvain","graph_2024M12.graphml"
"0.35","0.64","0.01","0.25392","1,2,3,2,4,5,6,6,2,6,1,6,4,1,7,4,8","0.000732898712158203","louvain","graph_2024M12.graphml"
"0.34","0.65","0.01","0.25392","1,2,3,2,4,5,6,6,2,6,1,6,4,1,7,4,8","0.000597000122070312","louvain","graph_2024M12.graphml"
"0.33","0.66","0.01","0.25392","1,2,3,2,4,5,6,6,2,6,1,6,4,1,7,4,8","0.00128388404846191","louvain","graph_2024M12.graphml"
"0.32","0.67","0.01","0.249118165784832","1,2,3,2,4,5,6,6,2,6,1,6,4,1,7,4,8","0.00117397308349609","louvain","graph_2024M12.graphml"
"0.31","0.68","0.01","0.247589111328125","1,2,3,2,4,5,6,6,2,6,1,6,4,1,7,4,8","0.000729799270629883","louvain","graph_2024M12.graphml"
"0.3","0.69","0.01","0.244366324139174","1,2,3,4,4,5,6,6,4,6,1,6,2,1,7,1,8","0.000638961791992188","louvain","graph_2024M12.graphml"
"0.29","0.7","0.01","0.241094674556213","1,2,3,2,4,5,6,6,2,6,1,6,4,1,7,1,8","0.0012660026550293","louvain","graph_2024M12.graphml"
"0.28","0.71","0.01","0.236389846797445","1,2,3,4,4,5,6,6,4,6,1,6,2,1,7,1,8","0.00114703178405762","louvain","graph_2024M12.graphml"
"0.27","0.72","0.01","0.238611049231455","1,2,3,4,2,5,6,6,4,6,1,6,2,1,7,1,8","0.00107097625732422","louvain","graph_2024M12.graphml"
"0.26","0.73","0.01","0.243703703703704","1,2,3,4,2,5,6,6,4,6,1,6,2,1,7,1,8","0.000780105590820312","louvain","graph_2024M12.graphml"
"0.25","0.74","0.01","0.248567257785467","1,2,3,4,2,5,6,6,4,6,1,6,2,1,7,1,8","0.000612974166870117","louvain","graph_2024M12.graphml"
"0.24","0.75","0.01","0.250551354757404","1,2,3,2,4,5,6,6,2,6,1,6,4,1,7,1,8","0.00106406211853027","louvain","graph_2024M12.graphml"
"0.23","0.76","0.01","0.243019218543694","1,2,3,1,1,4,5,5,2,5,1,5,6,1,7,6,8","0.000771045684814453","louvain","graph_2024M12.graphml"
"0.22","0.77","0.01","0.239414544753086","1,2,3,1,1,4,5,5,2,5,1,5,6,1,7,6,8","0.000596046447753906","louvain","graph_2024M12.graphml"
"0.21","0.78","0.01","0.239414544753086","1,2,3,1,1,4,5,5,2,5,1,5,6,1,7,6,8","0.000588893890380859","louvain","graph_2024M12.graphml"
"0.2","0.79","0.01","0.232477950835053","1,2,3,1,1,4,5,5,2,5,1,5,6,1,7,6,8","0.000649929046630859","louvain","graph_2024M12.graphml"
"0.19","0.8","0.01","0.229666666666667","1,2,1,1,1,3,4,4,2,4,1,4,5,1,6,5,7","0.000600099563598633","louvain","graph_2024M12.graphml"
"0.18","0.81","0.01","0.229666666666667","1,2,1,1,1,3,4,4,2,4,1,4,5,1,6,5,7","0.000607013702392578","louvain","graph_2024M12.graphml"
"0.17","0.82","0.01","0.229666666666667","1,2,1,1,1,3,4,4,2,4,1,4,5,1,6,5,7","0.000765085220336914","louvain","graph_2024M12.graphml"
"0.16","0.83","0.01","0.23711840107944","1,2,1,1,1,3,4,4,2,4,1,4,5,1,6,5,7","0.000597953796386719","louvain","graph_2024M12.graphml"
"0.15","0.84","0.01","0.2355563773833","1,2,1,1,1,3,4,4,2,4,1,4,5,1,6,5,7","0.000647068023681641","louvain","graph_2024M12.graphml"
"0.14","0.85","0.01","0.2355563773833","1,2,1,1,1,3,4,4,2,4,1,4,5,1,6,5,7","0.00117588043212891","louvain","graph_2024M12.graphml"
"0.13","0.86","0.01","0.238975211976145","1,2,1,1,1,3,4,4,2,4,1,4,5,1,6,5,7","0.0005950927734375","louvain","graph_2024M12.graphml"
"0.12","0.87","0.01","0.22865234375","1,2,1,1,1,3,4,4,2,4,1,4,5,1,6,5,7","0.000603914260864258","louvain","graph_2024M12.graphml"
"0.11","0.88","0.01","0.227785398567292","1,2,1,1,2,3,4,4,2,2,1,5,6,1,7,4,8","0.000708103179931641","louvain","graph_2024M12.graphml"
"0.1","0.89","0.01","0.227087959652226","1,2,1,1,2,3,4,4,2,2,1,4,5,1,6,2,7","0.000668048858642578","louvain","graph_2024M12.graphml"
"0.09","0.9","0.01","0.228824938307447","1,2,1,1,3,4,3,5,2,3,1,5,6,1,7,5,8","0.00066685676574707","louvain","graph_2024M12.graphml"
"0.08","0.91","0.01","0.228824938307447","1,2,1,1,3,4,3,5,2,3,1,5,6,1,7,5,8","0.000601053237915039","louvain","graph_2024M12.graphml"
"0.07","0.92","0.01","0.231977171667659","1,2,1,1,3,4,5,5,2,5,1,5,3,1,6,5,7","0.000685930252075195","louvain","graph_2024M12.graphml"
"0.06","0.93","0.01","0.240090968161144","1,2,1,1,3,4,5,5,2,5,1,5,3,1,6,5,7","0.000661134719848633","louvain","graph_2024M12.graphml"
"0.05","0.94","0.01","0.239216144876207","1,2,1,1,3,4,5,5,2,5,1,5,3,1,6,5,7","0.000650882720947266","louvain","graph_2024M12.graphml"
"0.04","0.95","0.01","0.232341244792324","1,2,1,1,3,4,5,5,2,3,3,5,6,1,7,5,8","0.000615835189819336","louvain","graph_2024M12.graphml"
"0.03","0.96","0.01","0.234784446322908","1,2,1,1,1,3,4,4,2,4,4,5,6,1,7,4,8","0.000728130340576172","louvain","graph_2024M12.graphml"
"0.02","0.97","0.01","0.231871150827195","1,2,1,1,1,3,4,4,2,4,4,4,5,1,6,4,7","0.00133013725280762","louvain","graph_2024M12.graphml"
"0.01","0.98","0.01","0.228733459357278","1,2,1,1,1,3,4,4,2,4,4,5,6,1,7,4,8","0.00115203857421875","louvain","graph_2024M12.graphml"
"0","0.99","0.01","0.225589663544918","1,2,1,1,1,3,4,4,2,4,4,4,5,1,6,4,7","0.000628948211669922","louvain","graph_2024M12.graphml"
"0.98","0","0.02","0.345","1,2,3,4,5,6,7,7,8,9,10,11,7,12,13,14,15","0.000569820404052734","louvain","graph_2024M12.graphml"
"0.97","0.01","0.02","0.350156087408949","1,2,3,4,5,6,7,7,8,8,9,10,7,11,12,13,14","0.0010371208190918","louvain","graph_2024M12.graphml"
"0.96","0.02","0.02","0.36279296875","1,2,3,4,5,6,7,7,8,8,9,10,7,11,12,13,14","0.00061798095703125","louvain","graph_2024M12.graphml"
"0.95","0.03","0.02","0.331747404844291","1,2,3,4,5,6,7,7,8,8,9,7,7,10,11,12,13","0.00111794471740723","louvain","graph_2024M12.graphml"
"0.94","0.04","0.02","0.331747404844291","1,2,3,4,5,6,7,7,8,8,9,7,7,10,11,12,13","0.000379085540771484","louvain","graph_2024M12.graphml"
"0.93","0.05","0.02","0.337551020408163","1,2,3,4,5,6,7,7,8,8,9,7,7,10,11,12,13","0.000447988510131836","louvain","graph_2024M12.graphml"
"0.92","0.06","0.02","0.351466049382716","1,2,3,4,5,6,7,7,8,8,9,7,7,10,11,12,13","0.000475883483886719","louvain","graph_2024M12.graphml"
"0.91","0.07","0.02","0.306706114398422","1,2,3,4,5,6,7,7,8,9,10,11,7,12,13,14,15","0.000574827194213867","louvain","graph_2024M12.graphml"
"0.9","0.08","0.02","0.276323616894706","1,2,3,4,5,6,7,7,8,9,10,7,7,11,12,13,14","0.000943899154663086","louvain","graph_2024M12.graphml"
"0.89","0.09","0.02","0.273391022174148","1,2,3,4,5,6,7,7,8,9,10,7,7,11,12,13,14","0.000756978988647461","louvain","graph_2024M12.graphml"
"0.88","0.1","0.02","0.277176852352623","1,2,3,4,5,6,7,7,8,7,9,10,7,11,12,13,14","0.000585079193115234","louvain","graph_2024M12.graphml"
"0.87","0.11","0.02","0.282799586776859","1,2,3,4,5,6,7,7,8,7,1,9,7,10,11,12,13","0.00067901611328125","louvain","graph_2024M12.graphml"
"0.86","0.12","0.02","0.271739130434783","1,2,3,4,5,6,7,7,8,9,1,7,7,10,11,12,13","0.000974893569946289","louvain","graph_2024M12.graphml"
"0.85","0.13","0.02","0.289496527777778","1,2,3,4,5,6,7,8,9,7,1,8,8,10,11,12,13","0.000541925430297852","louvain","graph_2024M12.graphml"
"0.84","0.14","0.02","0.292169929196168","1,2,3,4,5,6,7,7,8,7,1,9,7,10,11,12,13","0.000437021255493164","louvain","graph_2024M12.graphml"
"0.83","0.15","0.02","0.2706","1,2,3,4,5,6,7,7,8,7,1,7,7,9,10,11,12","0.000596046447753906","louvain","graph_2024M12.graphml"
"0.82","0.16","0.02","0.295078815840061","1,2,3,4,5,6,7,7,8,7,1,9,7,10,11,12,13","0.000436067581176758","louvain","graph_2024M12.graphml"
"0.81","0.17","0.02","0.316358024691358","1,2,3,4,5,6,7,7,2,7,1,8,7,9,10,1,11","0.000550985336303711","louvain","graph_2024M12.graphml"
"0.8","0.18","0.02","0.312561983471074","1,2,3,4,5,6,7,7,2,7,1,7,7,8,9,1,10","0.000737905502319336","louvain","graph_2024M12.graphml"
"0.79","0.19","0.02","0.303785780240074","1,2,3,1,4,5,6,6,2,6,1,6,6,7,8,1,9","0.000634908676147461","louvain","graph_2024M12.graphml"
"0.78","0.2","0.02","0.289715598965814","1,2,3,1,4,5,6,6,2,6,1,7,6,8,9,1,10","0.000952005386352539","louvain","graph_2024M12.graphml"
"0.77","0.21","0.02","0.296568047337278","1,2,3,1,1,4,5,5,2,5,1,2,5,6,7,1,8","0.000998973846435547","louvain","graph_2024M12.graphml"
"0.76","0.22","0.02","0.307288384793111","1,2,3,1,1,4,5,5,2,5,1,6,5,7,8,1,9","0.000531196594238281","louvain","graph_2024M12.graphml"
"0.75","0.23","0.02","0.300238048006348","1,2,3,1,1,4,5,5,2,5,1,6,5,1,7,1,8","0.00101900100708008","louvain","graph_2024M12.graphml"
"0.74","0.24","0.02","0.300238048006348","1,2,3,1,1,4,5,5,2,5,1,6,5,1,7,1,8","0.000607013702392578","louvain","graph_2024M12.graphml"
"0.73","0.25","0.02","0.303530092592593","1,2,3,1,1,4,5,5,2,5,1,6,5,1,7,1,8","0.000665187835693359","louvain","graph_2024M12.graphml"
"0.72","0.26","0.02","0.312722837305311","1,2,3,1,1,4,5,5,2,5,1,6,5,1,7,1,8","0.00058293342590332","louvain","graph_2024M12.graphml"
"0.71","0.27","0.02","0.305423666910153","1,2,3,1,1,4,5,5,2,5,1,6,5,1,7,1,8","0.000581979751586914","louvain","graph_2024M12.graphml"
"0.7","0.28","0.02","0.305423666910153","1,2,3,1,1,4,5,5,2,5,1,6,5,1,7,1,8","0.000581026077270508","louvain","graph_2024M12.graphml"
"0.69","0.29","0.02","0.308533333333333","1,2,3,1,1,4,5,5,2,5,1,6,5,1,7,1,8","0.0011749267578125","louvain","graph_2024M12.graphml"
"0.68","0.3","0.02","0.303324099722992","1,2,3,1,1,4,5,5,2,5,1,6,5,1,7,1,8","0.000561952590942383","louvain","graph_2024M12.graphml"
"0.67","0.31","0.02","0.286328125","1,2,3,1,1,4,5,6,2,5,7,6,7,1,8,7,9","0.000575065612792969","louvain","graph_2024M12.graphml"
"0.66","0.32","0.02","0.278997104099985","1,2,3,1,1,4,5,6,2,7,5,6,5,1,8,5,9","0.00055694580078125","louvain","graph_2024M12.graphml"
"0.65","0.33","0.02","0.281751933372992","1,2,3,1,1,4,5,6,2,7,5,6,5,1,8,5,9","0.00108480453491211","louvain","graph_2024M12.graphml"
"0.64","0.34","0.02","0.281751933372992","1,2,3,1,1,4,5,6,2,7,5,6,5,1,8,5,9","0.000576019287109375","louvain","graph_2024M12.graphml"
"0.63","0.35","0.02","0.274518140589569","1,2,3,1,4,5,4,4,2,6,4,7,4,1,8,4,9","0.000559091567993164","louvain","graph_2024M12.graphml"
"0.62","0.36","0.02","0.276162790697674","1,2,3,1,4,5,6,7,2,6,4,7,4,1,8,4,9","0.000570058822631836","louvain","graph_2024M12.graphml"
"0.61","0.37","0.02","0.273308367768595","1,2,3,1,4,5,4,4,2,6,4,7,4,1,8,4,9","0.000576019287109375","louvain","graph_2024M12.graphml"
"0.6","0.38","0.02","0.271745991667719","1,2,3,1,4,5,4,4,2,6,4,7,4,1,8,2,9","0.000554800033569336","louvain","graph_2024M12.graphml"
"0.59","0.39","0.02","0.253092843103249","1,2,3,1,2,4,5,5,2,6,5,7,5,1,8,2,9","0.000576019287109375","louvain","graph_2024M12.graphml"
"0.58","0.4","0.02","0.241828254847645","1,2,3,1,4,5,6,7,4,6,2,7,2,1,8,7,9","0.000594854354858398","louvain","graph_2024M12.graphml"
"0.57","0.41","0.02","0.240128558310376","1,2,3,1,4,5,6,7,2,6,4,7,4,1,8,7,9","0.000573873519897461","louvain","graph_2024M12.graphml"
"0.56","0.42","0.02","0.240128558310376","1,2,3,1,4,5,6,7,4,6,2,7,2,1,8,7,9","0.000584125518798828","louvain","graph_2024M12.graphml"
"0.55","0.43","0.02","0.23835","1,2,3,1,2,4,5,6,2,5,6,7,6,1,8,6,9","0.000726938247680664","louvain","graph_2024M12.graphml"
"0.54","0.44","0.02","0.23465","1,2,3,1,4,5,6,7,2,6,4,7,4,1,8,7,9","0.00114583969116211","louvain","graph_2024M12.graphml"
"0.53","0.45","0.02","0.237378688363886","1,2,3,1,4,5,6,7,2,6,4,7,4,1,8,7,9","0.00059199333190918","louvain","graph_2024M12.graphml"
"0.52","0.46","0.02","0.237378688363886","1,2,3,1,4,5,6,7,2,6,4,7,4,1,8,7,9","0.000878095626831055","louvain","graph_2024M12.graphml"
"0.51","0.47","0.02","0.243809523809524","1,2,3,1,4,5,6,7,4,6,2,7,2,1,8,7,9","0.000615835189819336","louvain","graph_2024M12.graphml"
"0.5","0.48","0.02","0.247401519783387","1,2,3,1,4,5,6,7,4,6,2,7,2,1,8,7,9","0.000560998916625977","louvain","graph_2024M12.graphml"
"0.49","0.49","0.02","0.247790590017675","1,2,3,4,2,5,6,7,4,6,2,7,2,1,8,7,9","0.000606060028076172","louvain","graph_2024M12.graphml"
"0.48","0.5","0.02","0.242685950413223","1,2,3,2,4,5,6,7,2,6,4,7,4,1,8,7,9","0.000610828399658203","louvain","graph_2024M12.graphml"
"0.47","0.51","0.02","0.244850810556817","1,2,3,4,2,5,6,7,4,6,1,7,2,1,8,7,9","0.000571966171264648","louvain","graph_2024M12.graphml"
"0.46","0.52","0.02","0.242382271468144","1,2,3,4,2,5,6,7,4,6,1,7,2,1,8,7,9","0.000662088394165039","louvain","graph_2024M12.graphml"
"0.45","0.53","0.02","0.243662794944846","1,2,3,4,2,5,6,2,4,6,1,6,2,1,7,2,8","0.000640153884887695","louvain","graph_2024M12.graphml"
"0.44","0.54","0.02","0.247753670830594","1,2,3,4,4,5,2,6,4,2,1,2,6,1,7,6,8","0.000584125518798828","louvain","graph_2024M12.graphml"
"0.43","0.55","0.02","0.241875","1,2,3,2,4,5,6,6,2,6,1,6,4,1,7,4,8","0.00067591667175293","louvain","graph_2024M12.graphml"
"0.42","0.56","0.02","0.236971518338911","1,2,3,2,4,5,6,6,2,6,1,6,4,1,7,4,8","0.000590085983276367","louvain","graph_2024M12.graphml"
"0.41","0.57","0.02","0.244860863242779","1,2,3,2,4,5,6,6,2,6,1,6,4,1,7,4,8","0.00111198425292969","louvain","graph_2024M12.graphml"
"0.4","0.58","0.02","0.244960010575716","1,2,3,4,4,5,6,6,4,6,1,6,2,1,7,2,8","0.000703096389770508","louvain","graph_2024M12.graphml"
"0.39","0.59","0.02","0.239890400604686","1,2,3,2,4,5,6,6,2,6,1,6,4,1,7,4,8","0.00114703178405762","louvain","graph_2024M12.graphml"
"0.38","0.6","0.02","0.24505549011098","1,2,3,4,2,5,6,6,4,6,1,6,2,1,7,4,8","0.00130915641784668","louvain","graph_2024M12.graphml"
"0.37","0.61","0.02","0.241094674556213","1,2,3,2,4,5,6,6,2,6,1,6,4,1,7,1,8","0.000926017761230469","louvain","graph_2024M12.graphml"
"0.36","0.62","0.02","0.236466406386574","1,2,3,2,4,5,6,6,2,6,1,6,4,1,7,1,8","0.000733137130737305","louvain","graph_2024M12.graphml"
"0.35","0.63","0.02","0.232638888888889","1,2,3,4,4,5,6,6,4,6,1,6,2,1,7,1,8","0.000653982162475586","louvain","graph_2024M12.graphml"
"0.34","0.64","0.02","0.236389846797445","1,2,3,4,4,5,6,6,4,6,1,6,2,1,7,1,8","0.000684976577758789","louvain","graph_2024M12.graphml"
"0.33","0.65","0.02","0.238611049231455","1,2,3,4,2,5,6,6,4,6,1,6,2,1,7,1,8","0.000673055648803711","louvain","graph_2024M12.graphml"
"0.32","0.66","0.02","0.238611049231455","1,2,3,4,4,5,6,6,4,6,1,6,2,1,7,1,8","0.000599145889282227","louvain","graph_2024M12.graphml"
"0.31","0.67","0.02","0.237492674090255","1,2,3,4,2,5,6,6,4,6,1,6,2,1,7,1,8","0.00049901008605957","louvain","graph_2024M12.graphml"
"0.3","0.68","0.02","0.239107142857143","1,2,3,1,1,4,5,5,2,5,1,5,6,1,7,6,8","0.000607967376708984","louvain","graph_2024M12.graphml"
"0.29","0.69","0.02","0.234608049293364","1,2,3,1,1,4,5,5,2,5,1,5,6,1,7,6,8","0.000524997711181641","louvain","graph_2024M12.graphml"
"0.28","0.7","0.02","0.239414544753086","1,2,3,1,1,4,5,5,2,5,1,5,6,1,7,6,8","0.000972986221313477","louvain","graph_2024M12.graphml"
"0.27","0.71","0.02","0.232477950835053","1,2,3,1,1,4,5,5,2,5,1,5,6,1,7,6,8","0.000632047653198242","louvain","graph_2024M12.graphml"
"0.26","0.72","0.02","0.230437363038714","1,2,1,1,1,3,4,4,2,4,1,4,5,1,6,5,7","0.000622034072875977","louvain","graph_2024M12.graphml"
"0.25","0.73","0.02","0.226327792640674","1,2,1,1,1,3,4,4,2,4,1,4,5,1,6,5,7","0.00078892707824707","louvain","graph_2024M12.graphml"
"0.24","0.74","0.02","0.226327792640674","1,2,1,1,1,3,4,4,2,4,1,4,5,1,6,5,7","0.000619888305664062","louvain","graph_2024M12.graphml"
"0.23","0.75","0.02","0.228207236842105","1,2,1,1,1,3,4,4,2,4,1,4,5,1,6,5,7","0.00121808052062988","louvain","graph_2024M12.graphml"
"0.22","0.76","0.02","0.224892135503439","1,2,1,1,1,3,4,4,2,4,1,4,5,1,6,5,7","0.000932931900024414","louvain","graph_2024M12.graphml"
"0.21","0.77","0.02","0.231071800208117","1,2,1,1,1,3,4,4,2,4,1,4,5,1,6,5,7","0.000551939010620117","louvain","graph_2024M12.graphml"
"0.2","0.78","0.02","0.224431011400057","1,2,1,1,1,3,4,4,2,4,1,4,5,1,6,5,7","0.00119686126708984","louvain","graph_2024M12.graphml"
"0.19","0.79","0.02","0.224431011400057","1,2,1,1,1,3,4,4,2,4,1,4,5,1,6,5,7","0.00112581253051758","louvain","graph_2024M12.graphml"
"0.18","0.8","0.02","0.225208654720937","1,2,1,1,1,3,4,4,2,4,1,4,5,1,6,5,7","0.00133609771728516","louvain","graph_2024M12.graphml"
"0.17","0.81","0.02","0.221174363664076","1,2,1,1,2,3,4,4,2,2,1,4,5,1,6,5,7","0.00116705894470215","louvain","graph_2024M12.graphml"
"0.16","0.82","0.02","0.219400654372397","1,2,1,1,3,4,5,5,2,3,1,5,6,1,7,3,8","0.000658988952636719","louvain","graph_2024M12.graphml"
"0.15","0.83","0.02","0.223507805325987","1,2,1,1,3,4,5,5,2,3,1,5,6,1,7,3,8","0.000640869140625","louvain","graph_2024M12.graphml"
"0.14","0.84","0.02","0.222722220230198","1,2,1,1,3,4,3,5,2,3,1,6,5,1,7,5,8","0.000733137130737305","louvain","graph_2024M12.graphml"
"0.13","0.85","0.02","0.225849935226358","1,2,1,1,3,4,3,5,2,3,1,5,6,1,7,5,8","0.00116991996765137","louvain","graph_2024M12.graphml"
"0.12","0.86","0.02","0.225849935226358","1,2,1,1,3,4,3,5,2,3,1,5,6,1,7,5,8","0.000718116760253906","louvain","graph_2024M12.graphml"
"0.11","0.87","0.02","0.228925122790604","1,2,1,1,3,4,5,5,2,5,1,5,3,1,6,5,7","0.00188016891479492","louvain","graph_2024M12.graphml"
"0.1","0.88","0.02","0.219702350206612","1,2,1,1,1,3,4,4,2,4,5,4,5,1,6,4,7","0.00116300582885742","louvain","graph_2024M12.graphml"
"0.09","0.89","0.02","0.227973533909678","1,2,1,1,1,3,4,5,2,4,4,5,6,1,7,4,8","0.000992059707641602","louvain","graph_2024M12.graphml"
"0.08","0.9","0.02","0.221266684582997","1,2,1,1,3,4,5,5,2,5,1,5,3,1,6,5,7","0.0011899471282959","louvain","graph_2024M12.graphml"
"0.07","0.91","0.02","0.22327246165084","1,2,1,1,1,3,4,4,2,4,4,4,5,1,6,4,7","0.000634908676147461","louvain","graph_2024M12.graphml"
"0.06","0.92","0.02","0.225989773557341","1,2,1,1,1,3,4,4,2,4,4,5,6,1,7,4,8","0.00063014030456543","louvain","graph_2024M12.graphml"
"0.05","0.93","0.02","0.227415711058366","1,2,1,1,1,3,4,4,2,4,4,4,5,1,6,4,7","0.000640869140625","louvain","graph_2024M12.graphml"
"0.04","0.94","0.02","0.230332580285396","1,2,1,1,1,3,4,4,2,4,4,5,6,1,7,4,8","0.000735998153686523","louvain","graph_2024M12.graphml"
"0.03","0.95","0.02","0.22713529856387","1,2,1,1,3,4,3,3,2,3,3,3,5,1,6,3,7","0.000771045684814453","louvain","graph_2024M12.graphml"
"0.02","0.96","0.02","0.229709141274238","1,2,1,1,3,4,3,3,2,3,3,5,6,1,7,3,8","0.00106096267700195","louvain","graph_2024M12.graphml"
"0.01","0.97","0.02","0.228180622298585","1,2,1,1,3,4,3,3,2,3,3,3,5,1,6,3,7","0.000787019729614258","louvain","graph_2024M12.graphml"
"0","0.98","0.02","0.23006039150354","1,2,1,1,3,4,3,3,2,3,3,5,6,1,7,3,8","0.000626802444458008","louvain","graph_2024M12.graphml"
"0.97","0","0.03","0.276323616894706","1,2,3,4,5,6,7,7,8,9,10,7,7,11,12,13,14","0.000535964965820312","louvain","graph_2024M12.graphml"
"0.96","0.01","0.03","0.276323616894706","1,2,3,4,5,6,7,7,8,9,10,7,7,11,12,13,14","0.000633001327514648","louvain","graph_2024M12.graphml"
"0.95","0.02","0.03","0.284297052154195","1,2,3,4,5,6,7,7,8,9,10,11,7,12,13,14,15","0.000815153121948242","louvain","graph_2024M12.graphml"
"0.94","0.03","0.03","0.28691184424013","1,2,3,4,5,6,7,7,8,9,1,7,7,10,11,12,13","0.000478982925415039","louvain","graph_2024M12.graphml"
"0.93","0.04","0.03","0.26320987654321","1,2,3,4,5,6,7,7,8,9,1,7,7,10,11,12,13","0.00088810920715332","louvain","graph_2024M12.graphml"
"0.92","0.05","0.03","0.274338374291115","1,2,3,4,5,6,7,7,8,7,1,9,7,10,11,12,13","0.0010228157043457","louvain","graph_2024M12.graphml"
"0.91","0.06","0.03","0.279538252602988","1,2,3,4,5,6,7,7,8,7,1,9,7,10,11,12,13","0.000576972961425781","louvain","graph_2024M12.graphml"
"0.9","0.07","0.03","0.270031688546854","1,2,3,4,5,6,7,7,8,7,1,7,7,9,10,11,12","0.00055694580078125","louvain","graph_2024M12.graphml"
"0.89","0.08","0.03","0.275926697209496","1,2,3,4,5,6,7,7,8,7,1,9,7,10,11,12,13","0.000554800033569336","louvain","graph_2024M12.graphml"
"0.88","0.09","0.03","0.281","1,2,3,4,5,6,7,7,8,7,1,9,7,10,11,1,12","0.000603914260864258","louvain","graph_2024M12.graphml"
"0.87","0.1","0.03","0.297436810252759","1,2,3,4,5,6,7,8,9,7,1,7,7,10,11,1,12","0.000554084777832031","louvain","graph_2024M12.graphml"
"0.86","0.11","0.03","0.296552785472453","1,2,3,1,4,5,6,6,2,6,1,7,6,8,9,1,10","0.000568866729736328","louvain","graph_2024M12.graphml"
"0.85","0.12","0.03","0.289715598965814","1,2,3,1,4,5,6,6,2,6,1,7,6,8,9,1,10","0.000934839248657227","louvain","graph_2024M12.graphml"
"0.84","0.13","0.03","0.27926638917794","1,2,3,1,1,4,5,5,2,5,1,2,5,6,7,1,8","0.000849008560180664","louvain","graph_2024M12.graphml"
"0.83","0.14","0.03","0.2886962890625","1,2,3,1,1,4,5,5,2,5,1,2,5,6,7,1,8","0.0010988712310791","louvain","graph_2024M12.graphml"
"0.82","0.15","0.03","0.273780351971486","1,2,3,1,1,4,5,5,2,5,1,2,5,1,6,1,7","0.000541925430297852","louvain","graph_2024M12.graphml"
"0.81","0.16","0.03","0.273780351971486","1,2,3,1,1,4,5,5,2,5,1,2,5,1,6,1,7","0.000609159469604492","louvain","graph_2024M12.graphml"
"0.8","0.17","0.03","0.269586221382063","1,2,3,1,1,4,5,5,2,5,5,2,5,1,6,1,7","0.00103116035461426","louvain","graph_2024M12.graphml"
"0.79","0.18","0.03","0.293676111840871","1,2,3,1,1,4,5,5,2,5,5,6,5,1,7,1,8","0.000589132308959961","louvain","graph_2024M12.graphml"
"0.78","0.19","0.03","0.286614317019722","1,2,3,1,1,4,5,5,2,5,5,6,5,1,7,1,8","0.000603914260864258","louvain","graph_2024M12.graphml"
"0.77","0.2","0.03","0.295733333333333","1,2,3,1,1,4,5,5,2,5,5,6,5,1,7,1,8","0.000744104385375977","louvain","graph_2024M12.graphml"
"0.76","0.21","0.03","0.295733333333333","1,2,3,1,1,4,5,5,2,5,5,6,5,1,7,1,8","0.000980854034423828","louvain","graph_2024M12.graphml"
"0.75","0.22","0.03","0.302664867599933","1,2,3,1,1,4,5,5,2,5,5,6,5,1,7,1,8","0.00106406211853027","louvain","graph_2024M12.graphml"
"0.74","0.23","0.03","0.27890625","1,2,3,1,1,4,5,5,2,6,5,7,5,1,8,5,9","0.000551223754882812","louvain","graph_2024M12.graphml"
"0.73","0.24","0.03","0.271452522481329","1,2,3,1,4,5,4,4,2,6,4,7,4,1,8,4,9","0.000568866729736328","louvain","graph_2024M12.graphml"
"0.72","0.25","0.03","0.266954193932183","1,2,3,1,4,5,4,4,2,6,4,7,4,1,8,4,9","0.000557899475097656","louvain","graph_2024M12.graphml"
"0.71","0.26","0.03","0.270431122078676","1,2,3,1,4,5,4,4,2,6,4,7,4,1,8,4,9","0.000638008117675781","louvain","graph_2024M12.graphml"
"0.7","0.27","0.03","0.26452664399093","1,2,3,1,4,5,4,4,2,6,4,7,4,1,8,4,9","0.000397920608520508","louvain","graph_2024M12.graphml"
"0.69","0.28","0.03","0.262506760411033","1,2,3,1,4,5,4,4,2,6,4,7,4,1,8,4,9","0.000631809234619141","louvain","graph_2024M12.graphml"
"0.68","0.29","0.03","0.262506760411033","1,2,3,1,4,5,6,7,2,6,4,7,4,1,8,4,9","0.000599861145019531","louvain","graph_2024M12.graphml"
"0.67","0.3","0.03","0.267283950617284","1,2,3,1,4,5,4,4,2,6,4,7,4,1,8,2,9","0.00061488151550293","louvain","graph_2024M12.graphml"
"0.66","0.31","0.03","0.255434782608696","1,2,3,1,4,5,4,4,2,6,4,7,4,1,8,2,9","0.0010678768157959","louvain","graph_2024M12.graphml"
"0.65","0.32","0.03","0.241163434903047","1,2,3,1,2,4,5,5,2,6,5,7,5,1,8,2,9","0.000977993011474609","louvain","graph_2024M12.graphml"
"0.64","0.33","0.03","0.234646267361111","1,2,3,1,2,4,5,5,2,6,5,7,5,1,8,2,9","0.00122308731079102","louvain","graph_2024M12.graphml"
"0.63","0.34","0.03","0.232351103706789","1,2,3,1,2,4,5,5,2,6,5,7,5,1,8,2,9","0.000571012496948242","louvain","graph_2024M12.graphml"
"0.62","0.35","0.03","0.233802673196613","1,2,3,1,2,4,5,5,2,6,5,7,5,1,8,5,9","0.000771999359130859","louvain","graph_2024M12.graphml"
"0.61","0.36","0.03","0.228293031323334","1,2,3,1,4,5,6,7,4,6,2,7,2,1,8,7,9","0.00085902214050293","louvain","graph_2024M12.graphml"
"0.6","0.37","0.03","0.23465","1,2,3,1,4,5,6,7,4,6,2,7,2,1,8,7,9","0.000794887542724609","louvain","graph_2024M12.graphml"
"0.59","0.38","0.03","0.237378688363886","1,2,3,1,4,5,6,7,2,6,4,7,4,1,8,7,9","0.00153899192810059","louvain","graph_2024M12.graphml"
"0.58","0.39","0.03","0.235507587897069","1,2,3,1,2,4,5,6,2,5,5,6,5,1,7,6,8","0.00107717514038086","louvain","graph_2024M12.graphml"
"0.57","0.4","0.03","0.235507587897069","1,2,3,1,2,4,5,6,2,5,5,6,5,1,7,6,8","0.000464916229248047","louvain","graph_2024M12.graphml"
"0.56","0.41","0.03","0.235566425015285","1,2,3,1,4,5,6,7,4,6,2,7,2,1,8,7,9","0.00101709365844727","louvain","graph_2024M12.graphml"
"0.55","0.42","0.03","0.236049154111607","1,2,3,4,4,5,6,7,4,6,2,7,2,1,8,7,9","0.000760078430175781","louvain","graph_2024M12.graphml"
"0.54","0.43","0.03","0.235743801652893","1,2,3,4,2,5,6,7,4,6,1,7,2,1,8,7,9","0.000945091247558594","louvain","graph_2024M12.graphml"
"0.53","0.44","0.03","0.23654735816898","1,2,3,2,2,4,5,6,2,5,1,7,6,1,8,6,9","0.000595808029174805","louvain","graph_2024M12.graphml"
"0.52","0.45","0.03","0.243263711734694","1,2,3,2,2,4,5,6,2,5,1,7,6,1,8,6,9","0.000587940216064453","louvain","graph_2024M12.graphml"
"0.51","0.46","0.03","0.234669187145558","1,2,3,4,2,5,6,7,4,6,1,7,2,1,8,7,9","0.000506877899169922","louvain","graph_2024M12.graphml"
"0.5","0.47","0.03","0.235046959960455","1,2,3,4,2,5,6,2,4,6,1,6,2,1,7,2,8","0.000849008560180664","louvain","graph_2024M12.graphml"
"0.49","0.48","0.03","0.235046959960455","1,2,3,4,2,5,6,2,4,6,1,6,2,1,7,2,8","0.000694990158081055","louvain","graph_2024M12.graphml"
"0.48","0.49","0.03","0.231423611111111","1,2,3,4,2,5,6,2,4,6,1,6,2,1,7,2,8","0.00094294548034668","louvain","graph_2024M12.graphml"
"0.47","0.5","0.03","0.237996038521959","1,2,3,2,2,4,5,6,2,5,1,5,6,1,7,6,8","0.00119614601135254","louvain","graph_2024M12.graphml"
"0.46","0.51","0.03","0.238449335712869","1,2,3,4,4,5,2,6,4,2,1,2,6,1,7,6,8","0.000625133514404297","louvain","graph_2024M12.graphml"
"0.45","0.52","0.03","0.229679459358919","1,2,3,4,2,5,6,6,4,6,1,6,2,1,7,1,8","0.000601053237915039","louvain","graph_2024M12.graphml"
"0.44","0.53","0.03","0.229679459358919","1,2,3,4,2,5,6,6,4,6,1,6,2,1,7,1,8","0.000621795654296875","louvain","graph_2024M12.graphml"
"0.43","0.54","0.03","0.227463434531787","1,2,3,4,2,5,6,6,4,6,1,6,2,1,7,1,8","0.000602006912231445","louvain","graph_2024M12.graphml"
"0.42","0.55","0.03","0.227463434531787","1,2,3,4,2,5,6,6,4,6,1,6,2,1,7,1,8","0.00107121467590332","louvain","graph_2024M12.graphml"
"0.41","0.56","0.03","0.227463434531787","1,2,3,4,2,5,6,6,4,6,1,6,2,1,7,1,8","0.00073695182800293","louvain","graph_2024M12.graphml"
"0.4","0.57","0.03","0.23114836266429","1,2,3,4,5,6,7,7,4,2,1,7,5,1,8,1,9","0.000738143920898438","louvain","graph_2024M12.graphml"
"0.39","0.58","0.03","0.23180687716263","1,2,3,4,2,5,6,6,4,6,1,6,2,1,7,1,8","0.000888824462890625","louvain","graph_2024M12.graphml"
"0.38","0.59","0.03","0.229500772550482","1,2,3,4,4,5,6,6,4,6,1,6,2,1,7,1,8","0.000642061233520508","louvain","graph_2024M12.graphml"
"0.37","0.6","0.03","0.225195383261736","1,2,3,1,4,5,6,6,2,6,1,6,4,1,7,1,8","0.000776052474975586","louvain","graph_2024M12.graphml"
"0.36","0.61","0.03","0.224209043810673","1,2,3,1,1,4,5,5,6,2,1,5,5,1,7,5,8","0.00059199333190918","louvain","graph_2024M12.graphml"
"0.35","0.62","0.03","0.227800237812128","1,2,3,1,1,4,5,5,2,5,1,5,6,1,7,6,8","0.000391960144042969","louvain","graph_2024M12.graphml"
"0.34","0.63","0.03","0.227800237812128","1,2,3,1,1,4,5,5,2,5,1,5,6,1,7,6,8","0.00114297866821289","louvain","graph_2024M12.graphml"
"0.33","0.64","0.03","0.219787396964101","1,2,1,1,1,3,4,4,2,4,1,5,6,1,7,6,8","0.000648975372314453","louvain","graph_2024M12.graphml"
"0.32","0.65","0.03","0.21974235394802","1,2,1,1,1,3,4,4,2,4,1,4,5,1,6,5,7","0.000513076782226562","louvain","graph_2024M12.graphml"
"0.31","0.66","0.03","0.22641550809175","1,2,1,1,1,3,4,4,2,4,1,4,5,1,6,5,7","0.00064396858215332","louvain","graph_2024M12.graphml"
"0.3","0.67","0.03","0.225725148447178","1,2,1,1,1,3,4,4,2,4,1,4,5,1,6,5,7","0.000669002532958984","louvain","graph_2024M12.graphml"
"0.29","0.68","0.03","0.220957336108221","1,2,1,1,1,3,4,5,2,4,1,4,5,1,6,5,7","0.000587940216064453","louvain","graph_2024M12.graphml"
"0.28","0.69","0.03","0.214024909732646","1,2,1,1,1,3,4,5,2,4,1,4,5,1,6,5,7","0.00131702423095703","louvain","graph_2024M12.graphml"
"0.27","0.7","0.03","0.215890882871335","1,2,1,1,1,3,4,5,2,4,1,4,5,1,6,5,7","0.000610113143920898","louvain","graph_2024M12.graphml"
"0.26","0.71","0.03","0.220224674656857","1,2,1,1,1,3,4,5,2,4,1,4,5,1,6,5,7","0.000633001327514648","louvain","graph_2024M12.graphml"
"0.25","0.72","0.03","0.214285714285714","1,2,1,1,1,3,4,4,2,2,1,5,4,1,6,4,7","0.000935077667236328","louvain","graph_2024M12.graphml"
"0.24","0.73","0.03","0.214748659388141","1,2,1,1,1,3,4,5,2,4,1,4,5,1,6,5,7","0.000629901885986328","louvain","graph_2024M12.graphml"
"0.23","0.74","0.03","0.216335162322817","1,2,1,1,1,3,4,4,2,2,1,5,4,1,6,4,7","0.000626087188720703","louvain","graph_2024M12.graphml"
"0.22","0.75","0.03","0.213990928019036","1,2,1,1,3,4,5,5,2,3,1,5,5,1,6,3,7","0.000458955764770508","louvain","graph_2024M12.graphml"
"0.21","0.76","0.03","0.21438162287705","1,2,1,1,3,4,5,5,2,3,1,5,6,1,7,3,8","0.000650882720947266","louvain","graph_2024M12.graphml"
"0.2","0.77","0.03","0.21438162287705","1,2,1,1,3,4,5,5,2,3,1,5,6,1,7,3,8","0.000648021697998047","louvain","graph_2024M12.graphml"
"0.19","0.78","0.03","0.216841765570655","1,2,1,1,3,4,5,5,2,5,1,6,3,1,7,5,8","0.000869989395141602","louvain","graph_2024M12.graphml"
"0.18","0.79","0.03","0.215057624568243","1,2,1,1,3,4,3,5,2,3,1,5,6,1,7,5,8","0.000555038452148438","louvain","graph_2024M12.graphml"
"0.17","0.8","0.03","0.214295151274937","1,2,1,1,3,4,3,5,2,3,1,5,6,1,7,5,8","0.000518798828125","louvain","graph_2024M12.graphml"
"0.16","0.81","0.03","0.214698270420401","1,2,1,1,3,4,5,5,2,5,1,5,3,1,6,5,7","0.001251220703125","louvain","graph_2024M12.graphml"
"0.15","0.82","0.03","0.213873456790123","1,2,1,1,3,4,5,5,2,5,1,5,3,1,6,5,7","0.000697851181030273","louvain","graph_2024M12.graphml"
"0.14","0.83","0.03","0.215698544000488","1,2,1,1,3,4,5,5,2,5,1,5,3,1,6,5,7","0.00126099586486816","louvain","graph_2024M12.graphml"
"0.13","0.84","0.03","0.213440405748098","1,2,1,1,1,3,4,5,2,4,4,5,6,1,7,4,8","0.00130391120910645","louvain","graph_2024M12.graphml"
"0.12","0.85","0.03","0.217325091821195","1,2,1,1,1,3,4,5,2,4,4,5,6,1,7,4,8","0.00117802619934082","louvain","graph_2024M12.graphml"
"0.11","0.86","0.03","0.225585518602191","1,2,1,1,1,3,4,4,2,4,4,5,6,1,7,4,8","0.00064396858215332","louvain","graph_2024M12.graphml"
"0.1","0.87","0.03","0.225215029425079","1,2,1,1,1,3,4,4,2,4,4,4,5,1,6,4,7","0.000698089599609375","louvain","graph_2024M12.graphml"
"0.09","0.88","0.03","0.225665574871924","1,2,1,1,1,3,4,4,2,4,4,5,6,1,7,4,8","0.000776052474975586","louvain","graph_2024M12.graphml"
"0.08","0.89","0.03","0.220290858725762","1,2,1,1,1,3,4,4,2,4,4,4,5,1,6,4,7","0.00115704536437988","louvain","graph_2024M12.graphml"
"0.07","0.9","0.03","0.226502724905367","1,2,1,1,3,4,3,3,2,3,3,5,6,1,7,3,8","0.000913858413696289","louvain","graph_2024M12.graphml"
"0.06","0.91","0.03","0.226502724905367","1,2,1,1,3,4,3,3,2,3,3,5,6,1,7,3,8","0.000677108764648438","louvain","graph_2024M12.graphml"
"0.05","0.92","0.03","0.224685027072053","1,2,1,1,3,4,3,3,2,3,3,5,6,1,7,3,8","0.000687837600708008","louvain","graph_2024M12.graphml"
"0.04","0.93","0.03","0.222317618241964","1,2,1,1,3,4,3,3,2,3,3,5,6,1,7,3,8","0.000864982604980469","louvain","graph_2024M12.graphml"
"0.03","0.94","0.03","0.222308853741244","1,2,1,1,3,4,3,3,2,3,3,5,6,1,7,3,8","0.00102591514587402","louvain","graph_2024M12.graphml"
"0.02","0.95","0.03","0.225945985687678","1,2,1,1,3,4,3,3,2,3,3,5,6,1,7,3,8","0.00179886817932129","louvain","graph_2024M12.graphml"
"0.01","0.96","0.03","0.215889810538222","1,2,1,1,3,4,3,3,2,3,3,5,6,1,7,3,8","0.000633001327514648","louvain","graph_2024M12.graphml"
"0","0.97","0.03","0.210891272189349","1,2,1,1,3,4,3,3,2,3,3,5,6,1,7,3,8","0.00130391120910645","louvain","graph_2024M12.graphml"
"0.96","0","0.04","0.274260724698043","1,2,3,4,5,6,7,7,8,7,1,9,7,10,11,1,12","0.000644922256469727","louvain","graph_2024M12.graphml"
"0.95","0.01","0.04","0.274260724698043","1,2,3,4,5,6,7,7,8,7,1,9,7,10,11,1,12","0.00119185447692871","louvain","graph_2024M12.graphml"
"0.94","0.02","0.04","0.2554","1,2,3,4,5,6,7,7,8,7,1,7,7,9,10,1,11","0.000637054443359375","louvain","graph_2024M12.graphml"
"0.93","0.03","0.04","0.251512993948024","1,2,3,1,4,5,6,6,7,6,1,6,6,8,9,1,10","0.000749111175537109","louvain","graph_2024M12.graphml"
"0.92","0.04","0.04","0.243608799048751","1,2,3,1,4,5,6,6,7,6,6,8,6,9,10,1,11","0.000756025314331055","louvain","graph_2024M12.graphml"
"0.91","0.05","0.04","0.260138888888889","1,2,3,1,1,4,5,5,2,5,5,6,5,7,8,1,9","0.00124788284301758","louvain","graph_2024M12.graphml"
"0.9","0.06","0.04","0.269463340891912","1,2,3,1,1,4,5,5,2,5,5,2,5,6,7,1,8","0.000567913055419922","louvain","graph_2024M12.graphml"
"0.89","0.07","0.04","0.267102846648301","1,2,3,1,1,4,5,5,2,5,5,2,5,1,6,1,7","0.00062108039855957","louvain","graph_2024M12.graphml"
"0.88","0.08","0.04","0.269586221382063","1,2,3,1,1,4,5,5,2,5,5,2,5,1,6,1,7","0.000586986541748047","louvain","graph_2024M12.graphml"
"0.87","0.09","0.04","0.269586221382063","1,2,3,1,1,4,5,5,2,5,5,2,5,1,6,1,7","0.000913143157958984","louvain","graph_2024M12.graphml"
"0.86","0.1","0.04","0.269586221382063","1,2,3,1,1,4,5,5,2,5,5,2,5,1,6,1,7","0.000742912292480469","louvain","graph_2024M12.graphml"
"0.85","0.11","0.04","0.266316207101766","1,2,3,1,1,4,5,5,2,5,5,2,5,1,6,1,7","0.00110197067260742","louvain","graph_2024M12.graphml"
"0.84","0.12","0.04","0.260320216049383","1,2,3,1,4,5,6,4,2,6,4,2,4,1,7,1,8","0.000564098358154297","louvain","graph_2024M12.graphml"
"0.83","0.13","0.04","0.278488888888889","1,2,3,1,4,5,4,4,2,6,4,7,4,1,8,1,9","0.000565052032470703","louvain","graph_2024M12.graphml"
"0.82","0.14","0.04","0.275596859477648","1,2,3,1,4,5,4,4,2,6,4,7,4,1,8,1,9","0.000608205795288086","louvain","graph_2024M12.graphml"
"0.81","0.15","0.04","0.271452522481329","1,2,3,1,4,5,4,4,2,6,4,7,4,1,8,4,9","0.000589132308959961","louvain","graph_2024M12.graphml"
"0.8","0.16","0.04","0.271452522481329","1,2,3,1,4,5,4,4,2,6,4,7,4,1,8,4,9","0.000803947448730469","louvain","graph_2024M12.graphml"
"0.79","0.17","0.04","0.265318262938727","1,2,3,1,4,5,4,4,2,6,4,7,4,1,8,4,9","0.000423192977905273","louvain","graph_2024M12.graphml"
"0.78","0.18","0.04","0.269415009435332","1,2,3,1,4,5,4,4,2,6,4,7,4,1,8,4,9","0.000609159469604492","louvain","graph_2024M12.graphml"
"0.77","0.19","0.04","0.262506760411033","1,2,3,1,4,5,4,4,2,6,4,7,4,1,8,4,9","0.00112009048461914","louvain","graph_2024M12.graphml"
"0.76","0.2","0.04","0.254664683612764","1,2,3,1,1,4,5,5,2,6,5,5,5,1,7,5,8","0.00104808807373047","louvain","graph_2024M12.graphml"
"0.75","0.21","0.04","0.262506760411033","1,2,3,1,4,5,4,4,2,6,4,7,4,1,8,4,9","0.000579118728637695","louvain","graph_2024M12.graphml"
"0.74","0.22","0.04","0.258026159334126","1,2,3,1,4,5,4,4,2,6,4,7,4,1,8,4,9","0.000567913055419922","louvain","graph_2024M12.graphml"
"0.73","0.23","0.04","0.248520710059172","1,2,3,1,4,5,4,4,2,6,4,7,4,1,8,2,9","0.000710964202880859","louvain","graph_2024M12.graphml"
"0.72","0.24","0.04","0.240663196016297","1,2,3,1,4,5,4,4,2,6,4,7,4,1,8,2,9","0.000609874725341797","louvain","graph_2024M12.graphml"
"0.71","0.25","0.04","0.233600583090379","1,2,3,1,2,4,5,5,2,6,5,7,5,1,8,2,9","0.000637054443359375","louvain","graph_2024M12.graphml"
"0.7","0.26","0.04","0.233600583090379","1,2,3,1,2,4,5,5,2,6,5,7,5,1,8,2,9","0.000550031661987305","louvain","graph_2024M12.graphml"
"0.69","0.27","0.04","0.236863585348434","1,2,3,1,2,4,5,5,2,6,5,7,5,1,8,2,9","0.0011591911315918","louvain","graph_2024M12.graphml"
"0.68","0.28","0.04","0.236863585348434","1,2,3,1,2,4,5,5,2,6,5,7,5,1,8,2,9","0.000426054000854492","louvain","graph_2024M12.graphml"
"0.67","0.29","0.04","0.236790510734242","1,2,3,1,2,4,5,6,2,5,5,6,5,1,7,6,8","0.000602960586547852","louvain","graph_2024M12.graphml"
"0.66","0.3","0.04","0.236790510734242","1,2,3,1,2,4,5,6,2,5,5,6,5,1,7,6,8","0.000591039657592773","louvain","graph_2024M12.graphml"
"0.65","0.31","0.04","0.235507587897069","1,2,3,1,2,4,5,6,2,5,5,6,5,1,7,6,8","0.000561952590942383","louvain","graph_2024M12.graphml"
"0.64","0.32","0.04","0.235507587897069","1,2,3,1,2,4,5,6,2,5,5,6,5,1,7,6,8","0.000751018524169922","louvain","graph_2024M12.graphml"
"0.63","0.33","0.04","0.23374149659864","1,2,3,1,2,4,5,6,2,5,5,6,5,1,7,6,8","0.000610828399658203","louvain","graph_2024M12.graphml"
"0.62","0.34","0.04","0.22939658241367","1,2,3,1,2,4,5,6,2,5,5,6,5,1,7,6,8","0.000611066818237305","louvain","graph_2024M12.graphml"
"0.61","0.35","0.04","0.236385826108913","1,2,3,2,2,4,5,6,2,5,5,6,5,1,7,6,8","0.0010678768157959","louvain","graph_2024M12.graphml"
"0.6","0.36","0.04","0.238161670918367","1,2,3,2,2,4,5,6,2,5,1,6,5,1,7,6,8","0.000719070434570312","louvain","graph_2024M12.graphml"
"0.59","0.37","0.04","0.233456026313729","1,2,3,2,2,4,5,6,2,5,1,6,5,1,7,6,8","0.00110602378845215","louvain","graph_2024M12.graphml"
"0.58","0.38","0.04","0.233456026313729","1,2,3,2,2,4,5,6,2,5,1,6,5,1,7,6,8","0.000613927841186523","louvain","graph_2024M12.graphml"
"0.57","0.39","0.04","0.230964083175803","1,2,3,2,2,4,5,6,2,5,1,6,5,1,7,6,8","0.00108599662780762","louvain","graph_2024M12.graphml"
"0.56","0.4","0.04","0.227742271105826","1,2,3,2,2,4,5,6,2,5,1,6,5,1,7,6,8","0.000591039657592773","louvain","graph_2024M12.graphml"
"0.55","0.41","0.04","0.230739354565356","1,2,3,2,2,4,5,6,2,5,1,5,6,1,7,6,8","0.000570058822631836","louvain","graph_2024M12.graphml"
"0.54","0.42","0.04","0.226076388888889","1,2,3,2,2,4,5,6,2,5,1,5,6,1,7,6,8","0.00106191635131836","louvain","graph_2024M12.graphml"
"0.53","0.43","0.04","0.226684443288241","1,2,3,2,2,4,5,6,2,5,1,5,6,1,7,6,8","0.000622034072875977","louvain","graph_2024M12.graphml"
"0.52","0.44","0.04","0.215765936004031","1,2,3,4,5,6,2,5,4,2,1,7,5,1,8,5,9","0.000674962997436523","louvain","graph_2024M12.graphml"
"0.51","0.45","0.04","0.223045446090892","1,2,3,4,4,5,2,6,4,2,1,6,6,1,7,6,8","0.00124788284301758","louvain","graph_2024M12.graphml"
"0.5","0.46","0.04","0.213298479658674","1,2,3,4,2,5,6,7,4,6,1,6,2,1,8,7,9","0.00058293342590332","louvain","graph_2024M12.graphml"
"0.49","0.47","0.04","0.215710059171598","1,2,3,4,2,5,6,7,4,6,1,6,2,1,8,7,9","0.000596046447753906","louvain","graph_2024M12.graphml"
"0.48","0.48","0.04","0.220499970864169","1,2,3,4,2,5,6,6,4,6,1,6,2,1,7,1,8","0.000653982162475586","louvain","graph_2024M12.graphml"
"0.47","0.49","0.04","0.216741276400367","1,2,3,4,2,5,6,6,4,6,1,6,2,1,7,1,8","0.000694990158081055","louvain","graph_2024M12.graphml"
"0.46","0.5","0.04","0.218394965471152","1,2,3,4,2,5,6,6,4,6,1,6,2,1,7,1,8","0.000632047653198242","louvain","graph_2024M12.graphml"
"0.45","0.51","0.04","0.220842879215728","1,2,3,4,2,5,6,6,4,6,1,6,2,1,7,1,8","0.000627040863037109","louvain","graph_2024M12.graphml"
"0.44","0.52","0.04","0.220016803192607","1,2,3,1,4,5,6,6,2,6,1,6,4,1,7,1,8","0.000612974166870117","louvain","graph_2024M12.graphml"
"0.43","0.53","0.04","0.218852170413963","1,2,3,1,1,4,5,5,6,5,1,5,2,1,7,6,8","0.000749111175537109","louvain","graph_2024M12.graphml"
"0.42","0.54","0.04","0.213237811139909","1,2,3,1,1,4,5,5,6,2,1,7,8,1,9,5,10","0.00061798095703125","louvain","graph_2024M12.graphml"
"0.41","0.55","0.04","0.21906957633309","1,2,1,1,1,3,4,4,5,2,1,6,4,1,7,4,8","0.000599861145019531","louvain","graph_2024M12.graphml"
"0.4","0.56","0.04","0.219266666666667","1,2,1,1,1,3,4,5,2,4,1,4,5,1,6,5,7","0.000672101974487305","louvain","graph_2024M12.graphml"
"0.39","0.57","0.04","0.219266666666667","1,2,1,1,1,3,4,5,2,4,1,4,5,1,6,5,7","0.000602006912231445","louvain","graph_2024M12.graphml"
"0.38","0.58","0.04","0.221240296478225","1,2,1,1,1,3,4,5,2,4,1,4,5,1,6,5,7","0.0006561279296875","louvain","graph_2024M12.graphml"
"0.37","0.59","0.04","0.219360075184758","1,2,1,1,1,3,4,5,2,4,1,4,5,1,6,5,7","0.000732898712158203","louvain","graph_2024M12.graphml"
"0.36","0.6","0.04","0.217342722212852","1,2,1,1,1,3,4,5,2,4,1,4,5,1,6,5,7","0.000903129577636719","louvain","graph_2024M12.graphml"
"0.35","0.61","0.04","0.210408448389218","1,2,1,1,1,3,4,5,2,4,1,4,5,1,6,5,7","0.000603914260864258","louvain","graph_2024M12.graphml"
"0.34","0.62","0.04","0.215890882871335","1,2,1,1,1,3,4,5,2,4,1,4,5,1,6,5,7","0.000607967376708984","louvain","graph_2024M12.graphml"
"0.33","0.63","0.04","0.214429808947431","1,2,1,1,1,3,4,4,2,2,1,5,4,1,6,4,7","0.000648975372314453","louvain","graph_2024M12.graphml"
"0.32","0.64","0.04","0.21041015625","1,2,1,1,1,3,4,5,2,4,1,4,5,1,6,5,7","0.000615835189819336","louvain","graph_2024M12.graphml"
"0.31","0.65","0.04","0.214748659388141","1,2,1,1,1,3,4,5,2,4,1,4,5,1,6,5,7","0.000669002532958984","louvain","graph_2024M12.graphml"
"0.3","0.66","0.04","0.21656378600823","1,2,1,1,1,3,4,5,2,4,1,4,5,1,6,5,7","0.000656843185424805","louvain","graph_2024M12.graphml"
"0.29","0.67","0.04","0.212691482554857","1,2,1,1,1,3,4,4,2,2,1,5,4,1,6,4,7","0.000986099243164062","louvain","graph_2024M12.graphml"
"0.28","0.68","0.04","0.210229568411387","1,2,1,1,3,4,5,5,2,3,1,5,5,1,6,3,7","0.000660896301269531","louvain","graph_2024M12.graphml"
"0.27","0.69","0.04","0.210229568411387","1,2,1,1,3,4,5,5,2,3,1,5,5,1,6,3,7","0.000678062438964844","louvain","graph_2024M12.graphml"
"0.26","0.7","0.04","0.206986961451247","1,2,1,1,3,4,5,5,2,3,1,5,6,1,7,3,8","0.000612020492553711","louvain","graph_2024M12.graphml"
"0.25","0.71","0.04","0.206986961451247","1,2,1,1,3,4,5,5,2,3,1,5,6,1,7,3,8","0.000638961791992188","louvain","graph_2024M12.graphml"
"0.24","0.72","0.04","0.205413631544749","1,2,1,1,3,4,5,5,2,3,1,5,6,1,7,3,8","0.000730037689208984","louvain","graph_2024M12.graphml"
"0.23","0.73","0.04","0.203572877230936","1,2,1,1,3,4,5,5,2,3,1,5,6,1,7,3,8","0.000664949417114258","louvain","graph_2024M12.graphml"
"0.22","0.74","0.04","0.208995918367347","1,2,1,1,3,4,3,5,2,3,1,5,6,1,7,5,8","0.000626087188720703","louvain","graph_2024M12.graphml"
"0.21","0.75","0.04","0.212916666666667","1,2,1,1,3,4,5,5,2,5,1,5,3,1,6,5,7","0.000687122344970703","louvain","graph_2024M12.graphml"
"0.2","0.76","0.04","0.212916666666667","1,2,1,1,3,4,5,5,2,5,1,5,3,1,6,5,7","0.000597000122070312","louvain","graph_2024M12.graphml"
"0.19","0.77","0.04","0.215698544000488","1,2,1,1,3,4,5,5,2,5,1,5,3,1,6,5,7","0.000650882720947266","louvain","graph_2024M12.graphml"
"0.18","0.78","0.04","0.21747071609709","1,2,1,1,3,4,5,5,2,5,1,5,3,1,6,5,7","0.000696897506713867","louvain","graph_2024M12.graphml"
"0.17","0.79","0.04","0.214846666069456","1,2,1,1,3,4,5,5,2,5,1,5,3,1,6,5,7","0.000706911087036133","louvain","graph_2024M12.graphml"
"0.16","0.8","0.04","0.209539810080351","1,2,1,1,1,3,4,5,2,4,4,5,6,1,7,4,8","0.000733852386474609","louvain","graph_2024M12.graphml"
"0.15","0.81","0.04","0.211515914095342","1,2,1,1,1,3,4,4,2,4,4,4,5,1,6,4,7","0.00071406364440918","louvain","graph_2024M12.graphml"
"0.14","0.82","0.04","0.224664894054439","1,2,1,1,1,3,4,4,2,4,4,5,6,1,7,4,8","0.000689983367919922","louvain","graph_2024M12.graphml"
"0.13","0.83","0.04","0.222074504536608","1,2,1,1,1,3,4,4,2,4,4,4,5,1,6,4,7","0.00119304656982422","louvain","graph_2024M12.graphml"
"0.12","0.84","0.04","0.219577365451389","1,2,1,1,1,3,4,4,2,4,4,4,5,1,6,4,7","0.000676870346069336","louvain","graph_2024M12.graphml"
"0.11","0.85","0.04","0.216660092044707","1,2,1,1,3,4,3,3,2,3,3,5,6,1,7,3,8","0.000654935836791992","louvain","graph_2024M12.graphml"
"0.1","0.86","0.04","0.222128229085124","1,2,1,1,3,4,3,3,2,3,3,5,6,1,7,3,8","0.000629901885986328","louvain","graph_2024M12.graphml"
"0.09","0.87","0.04","0.217036707012203","1,2,1,1,3,4,3,3,2,3,3,5,6,1,7,3,8","0.000995159149169922","louvain","graph_2024M12.graphml"
"0.08","0.88","0.04","0.214328623606305","1,2,1,1,3,4,3,3,2,3,3,5,6,1,7,3,8","0.000709056854248047","louvain","graph_2024M12.graphml"
"0.07","0.89","0.04","0.209291639174286","1,2,1,1,3,4,3,3,2,3,3,5,6,1,7,3,8","0.00119113922119141","louvain","graph_2024M12.graphml"
"0.06","0.9","0.04","0.207676106316247","1,2,1,1,3,4,3,3,2,3,3,5,6,1,7,3,8","0.000649929046630859","louvain","graph_2024M12.graphml"
"0.05","0.91","0.04","0.204476539161295","1,2,1,1,3,4,3,3,2,3,3,3,5,1,6,2,7","0.000669956207275391","louvain","graph_2024M12.graphml"
"0.04","0.92","0.04","0.208837664649341","1,2,1,1,2,3,2,2,4,2,2,5,6,1,7,6,8","0.000648975372314453","louvain","graph_2024M12.graphml"
"0.03","0.93","0.04","0.201756706120919","1,2,1,1,3,4,3,3,2,3,3,3,5,1,6,5,7","0.000667810440063477","louvain","graph_2024M12.graphml"
"0.02","0.94","0.04","0.210048674959437","1,2,1,1,2,3,2,2,4,2,2,5,6,1,7,6,8","0.00125217437744141","louvain","graph_2024M12.graphml"
"0.01","0.95","0.04","0.208194015775034","1,2,1,1,2,3,2,2,4,2,2,5,6,1,7,6,8","0.000664949417114258","louvain","graph_2024M12.graphml"
"0","0.96","0.04","0.201229338842975","1,2,3,1,2,4,5,5,2,6,5,5,3,6,7,3,8","0.000528812408447266","louvain","graph_2024M12.graphml"
"0.95","0","0.05","0.257852528402762","1,2,3,1,4,5,4,4,2,4,4,2,4,1,6,1,7","0.0010371208190918","louvain","graph_2024M12.graphml"
"0.94","0.01","0.05","0.259591836734694","1,2,3,1,1,4,5,5,2,5,5,2,5,1,6,1,7","0.000586032867431641","louvain","graph_2024M12.graphml"
"0.93","0.02","0.05","0.259591836734694","1,2,3,1,1,4,5,5,2,5,5,2,5,1,6,1,7","0.000587940216064453","louvain","graph_2024M12.graphml"
"0.92","0.03","0.05","0.262244323512854","1,2,3,1,4,5,4,4,2,6,4,2,4,1,7,1,8","0.000734090805053711","louvain","graph_2024M12.graphml"
"0.91","0.04","0.05","0.262244323512854","1,2,3,1,4,5,4,4,2,6,4,2,4,1,7,1,8","0.00047612190246582","louvain","graph_2024M12.graphml"
"0.9","0.05","0.05","0.244977777777778","1,2,3,1,1,4,5,5,2,5,5,2,5,1,6,1,7","0.000603914260864258","louvain","graph_2024M12.graphml"
"0.89","0.06","0.05","0.245955555555556","1,2,3,1,4,5,4,4,2,6,4,2,4,1,7,1,8","0.000634908676147461","louvain","graph_2024M12.graphml"
"0.88","0.07","0.05","0.242958340360938","1,2,3,1,4,5,4,4,2,6,4,2,4,1,7,4,8","0.00102806091308594","louvain","graph_2024M12.graphml"
"0.87","0.08","0.05","0.244832558884794","1,2,3,1,4,5,4,4,2,6,4,2,4,1,7,4,8","0.000577926635742188","louvain","graph_2024M12.graphml"
"0.86","0.09","0.05","0.265318262938727","1,2,3,1,4,5,4,4,2,6,4,7,4,1,8,4,9","0.000869989395141602","louvain","graph_2024M12.graphml"
"0.85","0.1","0.05","0.263180272108844","1,2,3,1,4,5,4,4,2,6,4,7,4,1,8,4,9","0.000751972198486328","louvain","graph_2024M12.graphml"
"0.84","0.11","0.05","0.266712802768166","1,2,3,1,4,5,4,4,2,6,4,7,4,1,8,4,9","0.000458002090454102","louvain","graph_2024M12.graphml"
"0.83","0.12","0.05","0.266712802768166","1,2,3,1,4,5,4,4,2,6,4,7,4,1,8,4,9","0.000787019729614258","louvain","graph_2024M12.graphml"
"0.82","0.13","0.05","0.262168739859383","1,2,3,1,4,5,4,4,2,6,4,7,4,1,8,4,9","0.00076603889465332","louvain","graph_2024M12.graphml"
"0.81","0.14","0.05","0.247352789256198","1,2,3,1,1,4,5,5,2,5,5,6,5,1,7,1,8","0.000558853149414062","louvain","graph_2024M12.graphml"
"0.8","0.15","0.05","0.249135802469136","1,2,3,1,4,5,4,4,2,6,4,7,4,1,8,4,9","0.00076603889465332","louvain","graph_2024M12.graphml"
"0.79","0.16","0.05","0.241434310018904","1,2,3,1,4,5,4,4,2,6,4,7,4,1,8,2,9","0.000776052474975586","louvain","graph_2024M12.graphml"
"0.78","0.17","0.05","0.22421052631579","1,2,3,1,4,5,4,4,2,6,4,7,4,1,8,2,9","0.000567913055419922","louvain","graph_2024M12.graphml"
"0.77","0.18","0.05","0.220323350694445","1,2,3,1,2,4,5,5,2,5,1,6,5,1,7,2,8","0.000551939010620117","louvain","graph_2024M12.graphml"
"0.76","0.19","0.05","0.232351103706789","1,2,3,1,2,4,5,5,2,6,5,7,5,1,8,2,9","0.000559091567993164","louvain","graph_2024M12.graphml"
"0.75","0.2","0.05","0.23795","1,2,3,1,2,4,5,5,2,5,1,6,5,1,7,2,8","0.000585079193115234","louvain","graph_2024M12.graphml"
"0.74","0.21","0.05","0.23795","1,2,3,1,2,4,5,5,2,5,1,6,5,1,7,2,8","0.000570058822631836","louvain","graph_2024M12.graphml"
"0.73","0.22","0.05","0.232967356141555","1,2,3,1,2,4,5,5,2,5,1,6,5,1,7,2,8","0.000595808029174805","louvain","graph_2024M12.graphml"
"0.72","0.23","0.05","0.235507587897069","1,2,3,1,2,4,5,6,2,5,5,6,5,1,7,6,8","0.00104093551635742","louvain","graph_2024M12.graphml"
"0.71","0.24","0.05","0.229567307692308","1,2,3,1,2,4,5,6,2,5,5,6,5,1,7,6,8","0.00060582160949707","louvain","graph_2024M12.graphml"
"0.7","0.25","0.05","0.229567307692308","1,2,3,1,2,4,5,6,2,5,5,6,5,1,7,6,8","0.00059199333190918","louvain","graph_2024M12.graphml"
"0.69","0.26","0.05","0.229567307692308","1,2,3,1,2,4,5,6,2,5,5,6,5,1,7,6,8","0.00105404853820801","louvain","graph_2024M12.graphml"
"0.68","0.27","0.05","0.228417586329655","1,2,3,1,2,4,5,6,2,5,5,6,5,1,7,6,8","0.00058293342590332","louvain","graph_2024M12.graphml"
"0.67","0.28","0.05","0.223423954212608","1,2,3,2,2,4,5,6,2,5,1,6,5,1,7,6,8","0.000669956207275391","louvain","graph_2024M12.graphml"
"0.66","0.29","0.05","0.225062900738576","1,2,3,2,2,4,5,6,2,5,1,6,5,1,7,6,8","0.000634193420410156","louvain","graph_2024M12.graphml"
"0.65","0.3","0.05","0.229352678571429","1,2,3,2,2,4,5,6,2,5,1,6,5,1,7,6,8","0.000637054443359375","louvain","graph_2024M12.graphml"
"0.64","0.31","0.05","0.230964083175803","1,2,3,2,2,4,5,6,2,5,1,6,5,1,7,6,8","0.000612020492553711","louvain","graph_2024M12.graphml"
"0.63","0.32","0.05","0.230964083175803","1,2,3,2,2,4,5,6,2,5,1,6,5,1,7,6,8","0.000602006912231445","louvain","graph_2024M12.graphml"
"0.62","0.33","0.05","0.220805802930193","1,2,3,2,2,4,5,6,2,5,1,6,6,1,7,6,8","0.00073695182800293","louvain","graph_2024M12.graphml"
"0.61","0.34","0.05","0.220805802930193","1,2,3,2,2,4,5,6,2,5,1,6,6,1,7,6,8","0.0006561279296875","louvain","graph_2024M12.graphml"
"0.6","0.35","0.05","0.219657127245407","1,2,3,4,4,5,2,6,4,2,1,6,2,1,7,6,8","0.00110292434692383","louvain","graph_2024M12.graphml"
"0.59","0.36","0.05","0.211745654041906","1,2,3,4,4,5,6,6,4,2,1,6,6,1,7,6,8","0.000592947006225586","louvain","graph_2024M12.graphml"
"0.58","0.37","0.05","0.21292924037461","1,2,3,4,4,5,2,2,4,2,1,2,2,1,6,1,7","0.000644922256469727","louvain","graph_2024M12.graphml"
"0.57","0.38","0.05","0.206956413912828","1,2,3,4,4,5,2,6,4,2,1,2,2,1,7,6,8","0.00111579895019531","louvain","graph_2024M12.graphml"
"0.56","0.39","0.05","0.215710059171598","1,2,3,4,2,5,6,7,4,6,1,6,2,1,8,7,9","0.0011589527130127","louvain","graph_2024M12.graphml"
"0.55","0.4","0.05","0.211788357321834","1,2,3,4,2,5,6,7,4,6,1,6,2,1,8,7,9","0.000414848327636719","louvain","graph_2024M12.graphml"
"0.54","0.41","0.05","0.217860422405877","1,2,3,4,4,5,2,6,4,2,1,2,6,1,7,6,8","0.000554084777832031","louvain","graph_2024M12.graphml"
"0.53","0.42","0.05","0.21490756967607","1,2,3,4,4,5,2,6,4,2,1,2,6,1,7,6,8","0.000646114349365234","louvain","graph_2024M12.graphml"
"0.52","0.43","0.05","0.213305898491084","1,2,3,4,4,5,2,6,4,2,1,2,6,1,7,6,8","0.00109291076660156","louvain","graph_2024M12.graphml"
"0.51","0.44","0.05","0.21347238755758","1,2,3,1,4,5,6,6,4,2,1,6,6,1,7,6,8","0.000420808792114258","louvain","graph_2024M12.graphml"
"0.5","0.45","0.05","0.20987899226344","1,2,3,1,1,4,5,6,2,5,1,5,6,1,7,6,8","0.000598907470703125","louvain","graph_2024M12.graphml"
"0.49","0.46","0.05","0.210548502281293","1,2,3,1,1,4,5,5,6,2,1,7,5,1,8,5,9","0.00113511085510254","louvain","graph_2024M12.graphml"
"0.48","0.47","0.05","0.210991743291424","1,2,1,1,1,3,4,4,5,2,1,6,4,1,7,4,8","0.000704050064086914","louvain","graph_2024M12.graphml"
"0.47","0.48","0.05","0.207567085757178","1,2,1,1,1,3,2,2,4,2,1,5,2,1,6,4,7","0.000700950622558594","louvain","graph_2024M12.graphml"
"0.46","0.49","0.05","0.217051883689312","1,2,1,1,1,3,4,5,2,4,1,4,5,5,6,5,7","0.00124382972717285","louvain","graph_2024M12.graphml"
"0.45","0.5","0.05","0.217051883689312","1,2,1,1,1,3,4,5,2,4,1,4,5,5,6,5,7","0.0011751651763916","louvain","graph_2024M12.graphml"
"0.44","0.51","0.05","0.219360075184758","1,2,1,1,1,3,4,5,2,4,1,4,5,1,6,5,7","0.00070500373840332","louvain","graph_2024M12.graphml"
"0.43","0.52","0.05","0.212341311134235","1,2,1,1,1,3,4,5,2,4,1,4,5,1,6,5,7","0.000459909439086914","louvain","graph_2024M12.graphml"
"0.42","0.53","0.05","0.210408448389218","1,2,1,1,1,3,4,5,2,4,1,4,5,1,6,5,7","0.000695943832397461","louvain","graph_2024M12.graphml"
"0.41","0.54","0.05","0.206600673455313","1,2,1,1,1,3,4,4,2,4,1,4,4,1,5,1,6","0.000697135925292969","louvain","graph_2024M12.graphml"
"0.4","0.55","0.05","0.20896090370133","1,2,1,1,1,3,4,4,2,4,1,4,4,1,5,2,6","0.000530004501342773","louvain","graph_2024M12.graphml"
"0.39","0.56","0.05","0.209982374619452","1,2,1,1,1,3,4,5,2,4,1,4,5,1,6,5,7","0.000659942626953125","louvain","graph_2024M12.graphml"
"0.38","0.57","0.05","0.207646058304656","1,2,1,1,1,3,4,4,2,2,1,5,4,1,6,4,7","0.000625848770141602","louvain","graph_2024M12.graphml"
"0.37","0.58","0.05","0.206815394960642","1,2,1,1,1,3,4,5,2,4,1,4,5,1,6,5,7","0.000618934631347656","louvain","graph_2024M12.graphml"
"0.36","0.59","0.05","0.213049042116753","1,2,1,1,1,3,4,5,2,4,1,4,5,1,6,5,7","0.00111699104309082","louvain","graph_2024M12.graphml"
"0.35","0.6","0.05","0.212691482554857","1,2,1,1,1,3,4,4,2,2,1,5,4,1,6,4,7","0.000914096832275391","louvain","graph_2024M12.graphml"
"0.34","0.61","0.05","0.209566478286734","1,2,1,1,1,3,4,5,2,4,1,4,5,1,6,5,7","0.000710010528564453","louvain","graph_2024M12.graphml"
"0.33","0.62","0.05","0.204507153357955","1,2,1,1,2,3,4,4,2,2,1,4,5,1,6,2,7","0.00108718872070312","louvain","graph_2024M12.graphml"
"0.32","0.63","0.05","0.201228373702422","1,2,1,1,3,4,5,5,2,3,1,5,6,1,7,3,8","0.000674962997436523","louvain","graph_2024M12.graphml"
"0.31","0.64","0.05","0.201228373702422","1,2,1,1,3,4,5,5,2,3,1,5,6,1,7,3,8","0.00116801261901855","louvain","graph_2024M12.graphml"
"0.3","0.65","0.05","0.19939468554427","1,2,1,1,3,4,5,5,2,3,1,5,6,1,7,3,8","0.000661134719848633","louvain","graph_2024M12.graphml"
"0.29","0.66","0.05","0.199514380493143","1,2,1,1,3,4,5,5,2,5,1,6,3,1,7,5,8","0.000924825668334961","louvain","graph_2024M12.graphml"
"0.28","0.67","0.05","0.19810217514785","1,2,1,1,3,4,5,5,2,3,1,5,6,1,7,3,8","0.0011909008026123","louvain","graph_2024M12.graphml"
"0.27","0.68","0.05","0.204851028910491","1,2,1,1,3,4,3,5,2,3,1,5,6,1,7,5,8","0.000684022903442383","louvain","graph_2024M12.graphml"
"0.26","0.69","0.05","0.20899784650916","1,2,1,1,3,4,5,5,2,5,1,5,3,1,6,5,7","0.00116300582885742","louvain","graph_2024M12.graphml"
"0.25","0.7","0.05","0.212916666666667","1,2,1,1,3,4,5,5,2,5,1,5,3,1,6,5,7","0.00126099586486816","louvain","graph_2024M12.graphml"
"0.24","0.71","0.05","0.205470452984562","1,2,1,1,3,4,3,5,2,3,1,5,5,1,6,3,7","0.00079798698425293","louvain","graph_2024M12.graphml"
"0.23","0.72","0.05","0.209367254919526","1,2,1,1,3,4,5,5,2,5,1,5,3,1,6,5,7","0.000850915908813477","louvain","graph_2024M12.graphml"
"0.22","0.73","0.05","0.212178048204159","1,2,1,1,3,4,5,5,2,5,1,5,3,1,6,5,7","0.00114893913269043","louvain","graph_2024M12.graphml"
"0.21","0.74","0.05","0.212178048204159","1,2,1,1,3,4,5,5,2,5,1,5,3,1,6,5,7","0.0015711784362793","louvain","graph_2024M12.graphml"
"0.2","0.75","0.05","0.210884353741497","1,2,1,1,3,4,5,5,2,5,5,5,3,1,6,5,7","0.000597953796386719","louvain","graph_2024M12.graphml"
"0.19","0.76","0.05","0.210884353741497","1,2,1,1,3,4,5,5,2,5,5,5,3,1,6,5,7","0.000703096389770508","louvain","graph_2024M12.graphml"
"0.18","0.77","0.05","0.210666232638889","1,2,1,1,3,4,5,5,2,5,5,6,3,1,7,5,8","0.000982999801635742","louvain","graph_2024M12.graphml"
"0.17","0.78","0.05","0.217066106918907","1,2,1,1,1,3,4,4,2,4,4,5,6,1,7,4,8","0.000659942626953125","louvain","graph_2024M12.graphml"
"0.16","0.79","0.05","0.21329456177941","1,2,1,1,3,4,3,3,2,3,3,5,6,1,7,3,8","0.000814199447631836","louvain","graph_2024M12.graphml"
"0.15","0.8","0.05","0.209501519458877","1,2,1,1,3,4,3,3,2,3,3,5,6,1,7,3,8","0.000557184219360352","louvain","graph_2024M12.graphml"
"0.14","0.81","0.05","0.206983938132064","1,2,1,1,3,4,3,3,2,3,3,5,6,1,7,3,8","0.00106310844421387","louvain","graph_2024M12.graphml"
"0.13","0.82","0.05","0.205337347429345","1,2,3,1,4,5,4,4,2,4,4,6,3,1,7,4,8","0.00043797492980957","louvain","graph_2024M12.graphml"
"0.12","0.83","0.05","0.209393099974817","1,2,3,1,4,5,4,4,2,4,4,6,3,1,7,4,8","0.000658988952636719","louvain","graph_2024M12.graphml"
"0.11","0.84","0.05","0.205970216302419","1,2,3,1,4,5,4,4,2,4,4,6,3,1,7,3,8","0.00160503387451172","louvain","graph_2024M12.graphml"
"0.1","0.85","0.05","0.202197535762305","1,2,3,1,2,4,2,2,5,2,2,6,3,1,7,3,8","0.00129199028015137","louvain","graph_2024M12.graphml"
"0.09","0.86","0.05","0.202197535762305","1,2,3,1,2,4,2,2,5,2,2,6,3,1,7,3,8","0.00165605545043945","louvain","graph_2024M12.graphml"
"0.08","0.87","0.05","0.205401481356788","1,2,3,1,2,4,2,2,5,2,2,6,3,1,7,3,8","0.000694990158081055","louvain","graph_2024M12.graphml"
"0.07","0.88","0.05","0.196745867768595","1,2,3,1,2,4,5,5,2,6,5,5,3,6,7,3,8","0.000866889953613281","louvain","graph_2024M12.graphml"
"0.06","0.89","0.05","0.194600847648492","1,2,3,1,2,4,5,5,2,6,5,5,3,6,7,3,8","0.000701904296875","louvain","graph_2024M12.graphml"
"0.05","0.9","0.05","0.197477883288694","1,2,3,1,2,4,5,5,2,6,5,5,3,6,7,3,8","0.000698089599609375","louvain","graph_2024M12.graphml"
"0.04","0.91","0.05","0.199189607673591","1,2,3,1,2,4,5,5,2,6,5,5,3,6,7,3,8","0.000910043716430664","louvain","graph_2024M12.graphml"
"0.03","0.92","0.05","0.199288888888889","1,2,3,1,2,1,4,4,2,5,4,4,3,5,6,3,7","0.000733852386474609","louvain","graph_2024M12.graphml"
"0.02","0.93","0.05","0.198742455704555","1,2,3,1,2,1,4,4,2,5,4,4,3,5,6,3,7","0.000640153884887695","louvain","graph_2024M12.graphml"
"0.01","0.94","0.05","0.203504924592182","1,2,3,1,2,1,2,2,3,2,2,4,5,1,6,5,7","0.000542163848876953","louvain","graph_2024M12.graphml"
"0","0.95","0.05","0.19884250872409","1,2,3,1,2,1,4,4,2,5,4,4,3,5,6,3,7","0.000887870788574219","louvain","graph_2024M12.graphml"
"0.94","0","0.06","0.236850756081525","1,2,3,1,4,5,4,4,2,6,4,2,4,1,7,4,8","0.0010828971862793","louvain","graph_2024M12.graphml"
"0.93","0.01","0.06","0.236850756081525","1,2,3,1,4,5,4,4,2,6,4,2,4,1,7,4,8","0.000781774520874023","louvain","graph_2024M12.graphml"
"0.92","0.02","0.06","0.230171446883512","1,2,3,1,4,5,4,4,2,6,4,2,4,1,7,4,8","0.000576019287109375","louvain","graph_2024M12.graphml"
"0.91","0.03","0.06","0.238046875","1,2,3,1,4,5,4,4,2,6,4,2,4,1,7,4,8","0.000591039657592773","louvain","graph_2024M12.graphml"
"0.9","0.04","0.06","0.257947452460444","1,2,3,1,4,5,4,4,2,6,4,7,4,1,8,4,9","0.000761032104492188","louvain","graph_2024M12.graphml"
"0.89","0.05","0.06","0.257854671280277","1,2,3,1,4,5,4,4,2,6,4,7,4,1,8,4,9","0.00107407569885254","louvain","graph_2024M12.graphml"
"0.88","0.06","0.06","0.249677169421488","1,2,3,1,4,5,4,4,2,6,4,7,4,1,8,4,9","0.000634908676147461","louvain","graph_2024M12.graphml"
"0.87","0.07","0.06","0.249677169421488","1,2,3,1,4,5,4,4,2,6,4,7,4,1,8,4,9","0.000586032867431641","louvain","graph_2024M12.graphml"
"0.86","0.08","0.06","0.243509238014733","1,2,3,1,4,5,4,4,2,6,4,7,4,1,8,4,9","0.000584840774536133","louvain","graph_2024M12.graphml"
"0.85","0.09","0.06","0.22421052631579","1,2,3,1,4,5,4,4,2,6,4,7,4,1,8,2,9","0.000577926635742188","louvain","graph_2024M12.graphml"
"0.84","0.1","0.06","0.22421052631579","1,2,3,1,4,5,4,4,2,6,4,7,4,1,8,2,9","0.000457048416137695","louvain","graph_2024M12.graphml"
"0.83","0.11","0.06","0.224093952598576","1,2,3,1,2,4,5,5,2,5,1,6,5,1,7,2,8","0.00076603889465332","louvain","graph_2024M12.graphml"
"0.82","0.12","0.06","0.227665556018326","1,2,3,1,2,4,5,5,2,5,1,6,5,1,7,2,8","0.000761985778808594","louvain","graph_2024M12.graphml"
"0.81","0.13","0.06","0.234414855626977","1,2,3,1,2,4,5,5,2,5,1,6,5,1,7,2,8","0.000590801239013672","louvain","graph_2024M12.graphml"
"0.8","0.14","0.06","0.22945","1,2,3,1,2,4,5,5,2,5,1,6,5,1,7,2,8","0.000761985778808594","louvain","graph_2024M12.graphml"
"0.79","0.15","0.06","0.223066366042545","1,2,3,1,2,4,5,5,2,5,1,6,5,1,7,2,8","0.000607967376708984","louvain","graph_2024M12.graphml"
"0.78","0.16","0.06","0.230040531624093","1,2,3,1,2,4,5,5,2,5,1,6,5,1,7,2,8","0.000781774520874023","louvain","graph_2024M12.graphml"
"0.77","0.17","0.06","0.230040531624093","1,2,3,1,2,4,5,5,2,5,1,6,5,1,7,2,8","0.000765800476074219","louvain","graph_2024M12.graphml"
"0.76","0.18","0.06","0.229567307692308","1,2,3,1,2,4,5,6,2,5,5,6,5,1,7,6,8","0.000594854354858398","louvain","graph_2024M12.graphml"
"0.75","0.19","0.06","0.224716553287982","1,2,3,1,2,4,5,6,2,5,5,6,5,1,7,6,8","0.000895023345947266","louvain","graph_2024M12.graphml"
"0.74","0.2","0.06","0.223643986374356","1,2,3,1,2,4,5,6,2,5,5,6,5,1,7,6,8","0.000607967376708984","louvain","graph_2024M12.graphml"
"0.73","0.21","0.06","0.219421487603306","1,2,3,2,2,4,5,6,2,5,1,6,5,1,7,6,8","0.000651836395263672","louvain","graph_2024M12.graphml"
"0.72","0.22","0.06","0.219421487603306","1,2,3,2,2,4,5,6,2,5,1,6,5,1,7,6,8","0.00108504295349121","louvain","graph_2024M12.graphml"
"0.71","0.23","0.06","0.219746492346939","1,2,3,2,2,4,5,6,2,5,1,6,5,1,7,6,8","0.00058293342590332","louvain","graph_2024M12.graphml"
"0.7","0.24","0.06","0.219490612496153","1,2,3,2,2,4,5,6,2,5,1,6,5,1,7,6,8","0.000609159469604492","louvain","graph_2024M12.graphml"
"0.69","0.25","0.06","0.214328922495274","1,2,3,2,2,4,5,6,2,5,1,6,5,1,7,6,8","0.000610113143920898","louvain","graph_2024M12.graphml"
"0.68","0.26","0.06","0.214988509049124","1,2,3,4,2,5,6,2,4,6,1,2,2,1,7,2,8","0.000829935073852539","louvain","graph_2024M12.graphml"
"0.67","0.27","0.06","0.215768660405339","1,2,3,2,2,4,5,6,2,5,1,6,5,1,7,6,8","0.000603914260864258","louvain","graph_2024M12.graphml"
"0.66","0.28","0.06","0.221882558452029","1,2,3,4,4,5,2,6,4,2,1,6,6,1,7,6,8","0.00100183486938477","louvain","graph_2024M12.graphml"
"0.65","0.29","0.06","0.218157181571816","1,2,3,4,4,5,2,6,4,2,1,6,6,1,7,6,8","0.000819921493530273","louvain","graph_2024M12.graphml"
"0.64","0.3","0.06","0.20944","1,2,3,4,4,5,2,6,4,2,1,6,6,1,7,6,8","0.000668048858642578","louvain","graph_2024M12.graphml"
"0.63","0.31","0.06","0.20068359375","1,2,3,2,2,4,5,6,2,5,1,5,6,1,7,6,8","0.00120282173156738","louvain","graph_2024M12.graphml"
"0.62","0.32","0.06","0.204074274382549","1,2,3,2,2,4,5,5,2,5,1,5,5,1,6,5,7","0.000633001327514648","louvain","graph_2024M12.graphml"
"0.61","0.33","0.06","0.210177514792899","1,2,3,4,4,5,2,2,4,2,1,2,2,1,6,2,7","0.00122308731079102","louvain","graph_2024M12.graphml"
"0.6","0.34","0.06","0.198739329526825","1,2,3,4,4,5,2,6,4,2,1,2,6,1,7,6,8","0.00110197067260742","louvain","graph_2024M12.graphml"
"0.59","0.35","0.06","0.207873799725652","1,2,3,4,4,5,2,6,4,2,1,2,6,1,7,6,8","0.00124788284301758","louvain","graph_2024M12.graphml"
"0.58","0.36","0.06","0.205471539592523","1,2,3,1,2,4,5,6,2,5,1,5,6,1,7,6,8","0.000575065612792969","louvain","graph_2024M12.graphml"
"0.57","0.37","0.06","0.203483256560219","1,2,3,1,1,4,5,6,2,5,1,5,6,1,7,6,8","0.000649929046630859","louvain","graph_2024M12.graphml"
"0.56","0.38","0.06","0.208086734693878","1,2,3,1,1,4,2,5,6,2,1,7,5,1,8,5,9","0.000602960586547852","louvain","graph_2024M12.graphml"
"0.55","0.39","0.06","0.206605832176155","1,2,1,1,1,3,2,4,5,2,1,6,4,1,7,4,8","0.000617027282714844","louvain","graph_2024M12.graphml"
"0.54","0.4","0.06","0.207714378268314","1,2,1,1,1,3,4,4,5,2,1,6,4,4,7,4,8","0.000733852386474609","louvain","graph_2024M12.graphml"
"0.53","0.41","0.06","0.204437545653762","1,2,1,1,1,3,2,4,5,2,1,6,4,4,7,4,8","0.000662088394165039","louvain","graph_2024M12.graphml"
"0.52","0.42","0.06","0.204437545653762","1,2,1,1,1,3,2,4,5,2,1,6,4,4,7,4,8","0.000669002532958984","louvain","graph_2024M12.graphml"
"0.51","0.43","0.06","0.206392832409972","1,2,1,1,1,3,4,5,2,4,1,4,5,5,6,5,7","0.00166702270507812","louvain","graph_2024M12.graphml"
"0.5","0.44","0.06","0.208150615618148","1,2,1,1,1,3,4,4,2,5,1,6,4,1,7,4,8","0.00110507011413574","louvain","graph_2024M12.graphml"
"0.49","0.45","0.06","0.211148093359632","1,2,1,1,1,3,4,4,2,4,1,5,4,1,6,4,7","0.000653982162475586","louvain","graph_2024M12.graphml"
"0.48","0.46","0.06","0.209217412471094","1,2,1,1,1,3,4,4,2,2,1,5,4,1,6,4,7","0.000599861145019531","louvain","graph_2024M12.graphml"
"0.47","0.47","0.06","0.209217412471094","1,2,1,1,1,3,4,4,2,2,1,5,4,1,6,4,7","0.000591039657592773","louvain","graph_2024M12.graphml"
"0.46","0.48","0.06","0.211344335843615","1,2,1,1,1,3,4,4,2,2,1,5,4,1,6,4,7","0.00117897987365723","louvain","graph_2024M12.graphml"
"0.45","0.49","0.06","0.206815394960642","1,2,1,1,1,3,4,5,2,4,1,4,5,1,6,5,7","0.000677108764648438","louvain","graph_2024M12.graphml"
"0.44","0.5","0.06","0.206815394960642","1,2,1,1,1,3,4,5,2,4,1,4,5,1,6,5,7","0.000798940658569336","louvain","graph_2024M12.graphml"
"0.43","0.51","0.06","0.20330078125","1,2,1,1,1,3,4,5,2,4,1,4,5,1,6,5,7","0.000779151916503906","louvain","graph_2024M12.graphml"
"0.42","0.52","0.06","0.205142548512789","1,2,1,1,1,3,4,5,2,4,1,4,5,1,6,5,7","0.000753879547119141","louvain","graph_2024M12.graphml"
"0.41","0.53","0.06","0.206048402273326","1,2,1,1,1,3,4,4,2,2,1,5,4,1,6,4,7","0.000814199447631836","louvain","graph_2024M12.graphml"
"0.4","0.54","0.06","0.200826446280992","1,2,1,1,1,3,4,5,2,4,1,4,5,1,6,5,7","0.000624895095825195","louvain","graph_2024M12.graphml"
"0.39","0.55","0.06","0.199485312138931","1,2,1,1,3,4,5,5,2,3,1,5,6,1,7,3,8","0.000888824462890625","louvain","graph_2024M12.graphml"
"0.38","0.56","0.06","0.201228373702422","1,2,1,1,3,4,5,5,2,3,1,5,6,1,7,3,8","0.000770807266235352","louvain","graph_2024M12.graphml"
"0.37","0.57","0.06","0.200916955017301","1,2,1,1,3,4,5,5,2,3,1,5,5,1,6,3,7","0.0012519359588623","louvain","graph_2024M12.graphml"
"0.36","0.58","0.06","0.19939468554427","1,2,1,1,3,4,5,5,2,3,1,5,6,1,7,3,8","0.000761032104492188","louvain","graph_2024M12.graphml"
"0.35","0.59","0.06","0.19939468554427","1,2,1,1,3,4,5,5,2,3,1,5,6,1,7,3,8","0.000653982162475586","louvain","graph_2024M12.graphml"
"0.34","0.6","0.06","0.199762187871582","1,2,1,1,3,4,5,5,2,3,1,5,6,1,7,3,8","0.000658035278320312","louvain","graph_2024M12.graphml"
"0.33","0.61","0.06","0.199762187871582","1,2,1,1,3,4,5,5,2,3,1,5,6,1,7,3,8","0.000767946243286133","louvain","graph_2024M12.graphml"
"0.32","0.62","0.06","0.19427944214876","1,2,1,1,3,4,5,5,2,5,1,6,3,1,7,5,8","0.0010828971862793","louvain","graph_2024M12.graphml"
"0.31","0.63","0.06","0.195124996098749","1,2,1,1,3,4,3,5,2,3,1,5,6,1,7,5,8","0.00110697746276855","louvain","graph_2024M12.graphml"
"0.3","0.64","0.06","0.209367254919526","1,2,1,1,3,4,5,5,2,5,1,5,3,1,6,5,7","0.000659942626953125","louvain","graph_2024M12.graphml"
"0.29","0.65","0.06","0.209367254919526","1,2,1,1,3,4,5,5,2,5,1,5,3,1,6,5,7","0.00112700462341309","louvain","graph_2024M12.graphml"
"0.28","0.66","0.06","0.206698960302457","1,2,1,1,3,4,5,5,2,5,1,5,3,1,6,5,7","0.000686883926391602","louvain","graph_2024M12.graphml"
"0.27","0.67","0.06","0.203520818115413","1,2,3,1,4,5,4,6,2,4,1,6,3,1,7,4,8","0.000858068466186523","louvain","graph_2024M12.graphml"
"0.26","0.68","0.06","0.204967256713089","1,2,3,1,3,4,5,5,2,5,1,5,3,1,6,5,7","0.00111508369445801","louvain","graph_2024M12.graphml"
"0.25","0.69","0.06","0.204711514235324","1,2,3,1,3,4,5,5,2,5,1,5,3,1,6,5,7","0.000757932662963867","louvain","graph_2024M12.graphml"
"0.24","0.7","0.06","0.201361110365379","1,2,3,1,1,4,5,5,2,5,5,5,3,1,6,5,7","0.000868082046508789","louvain","graph_2024M12.graphml"
"0.23","0.71","0.06","0.196068376068376","1,2,3,1,1,4,5,5,2,5,5,5,3,1,6,5,7","0.000837087631225586","louvain","graph_2024M12.graphml"
"0.22","0.72","0.06","0.193972553821039","1,2,3,1,3,4,5,5,2,5,5,6,3,1,7,5,8","0.00111508369445801","louvain","graph_2024M12.graphml"
"0.21","0.73","0.06","0.1969625","1,2,3,1,3,4,5,5,2,5,5,6,3,1,7,5,8","0.000887155532836914","louvain","graph_2024M12.graphml"
"0.2","0.74","0.06","0.203082288622867","1,2,3,1,4,5,4,4,2,4,4,6,3,1,7,4,8","0.0010530948638916","louvain","graph_2024M12.graphml"
"0.19","0.75","0.06","0.195578309911243","1,2,3,1,4,5,4,4,2,4,4,4,3,1,6,3,7","0.000634908676147461","louvain","graph_2024M12.graphml"
"0.18","0.76","0.06","0.201037064169776","1,2,3,1,4,5,4,4,2,4,4,6,3,1,7,4,8","0.000880002975463867","louvain","graph_2024M12.graphml"
"0.17","0.77","0.06","0.201623952741403","1,2,3,1,4,5,4,4,2,4,4,6,3,1,7,3,8","0.000850915908813477","louvain","graph_2024M12.graphml"
"0.16","0.78","0.06","0.193866955110871","1,2,3,1,4,5,4,4,2,4,4,4,3,1,6,3,7","0.000867128372192383","louvain","graph_2024M12.graphml"
"0.15","0.79","0.06","0.196330589849108","1,2,3,1,2,4,2,2,5,2,2,6,3,1,7,3,8","0.000607013702392578","louvain","graph_2024M12.graphml"
"0.14","0.8","0.06","0.194470162444239","1,2,3,1,4,5,4,4,2,6,1,4,3,6,7,3,8","0.000895977020263672","louvain","graph_2024M12.graphml"
"0.13","0.81","0.06","0.196446280991736","1,2,3,1,2,4,2,2,5,2,2,6,3,1,7,3,8","0.000959873199462891","louvain","graph_2024M12.graphml"
"0.12","0.82","0.06","0.18996335046375","1,2,3,1,2,4,5,5,2,6,5,5,3,6,7,3,8","0.000983953475952148","louvain","graph_2024M12.graphml"
"0.11","0.83","0.06","0.194774881759178","1,2,3,1,4,5,4,4,2,4,4,3,3,1,6,4,7","0.000669002532958984","louvain","graph_2024M12.graphml"
"0.1","0.84","0.06","0.205412345679012","1,2,3,1,2,1,2,2,4,2,2,3,3,1,5,4,6","0.000629901885986328","louvain","graph_2024M12.graphml"
"0.09","0.85","0.06","0.203720235207359","1,2,3,1,4,1,4,4,2,4,4,3,3,1,5,4,6","0.000660896301269531","louvain","graph_2024M12.graphml"
"0.08","0.86","0.06","0.203504924592182","1,2,3,1,2,1,2,2,3,2,2,4,5,1,6,5,7","0.000885009765625","louvain","graph_2024M12.graphml"
"0.07","0.87","0.06","0.199385633270321","1,2,3,1,3,1,2,2,3,2,2,4,4,1,5,2,6","0.000825881958007812","louvain","graph_2024M12.graphml"
"0.06","0.88","0.06","0.198502459061688","1,2,3,1,2,1,2,2,3,2,2,4,5,1,6,5,7","0.000896930694580078","louvain","graph_2024M12.graphml"
"0.05","0.89","0.06","0.198309049715412","1,2,3,1,2,1,2,2,4,2,2,5,3,1,6,4,7","0.000806808471679688","louvain","graph_2024M12.graphml"
"0.04","0.9","0.06","0.191800129273197","1,2,3,1,4,1,4,4,3,4,4,5,2,1,6,4,7","0.000810861587524414","louvain","graph_2024M12.graphml"
"0.03","0.91","0.06","0.192248994541798","1,2,3,1,2,1,2,2,3,2,2,4,5,1,6,5,7","0.000665903091430664","louvain","graph_2024M12.graphml"
"0.02","0.92","0.06","0.193229361391515","1,2,3,1,4,1,2,2,4,2,2,5,3,1,6,2,7","0.000841856002807617","louvain","graph_2024M12.graphml"
"0.01","0.93","0.06","0.19473573641918","1,2,3,1,4,1,4,4,3,4,4,5,2,1,6,4,7","0.00102782249450684","louvain","graph_2024M12.graphml"
"0","0.94","0.06","0.192619741774261","1,2,2,1,3,1,3,3,2,4,5,3,5,4,6,5,7","0.00123882293701172","louvain","graph_2024M12.graphml"
"0.93","0","0.07","0.234641300039635","1,2,3,1,4,5,4,4,2,6,4,7,4,1,8,4,9","0.000703096389770508","louvain","graph_2024M12.graphml"
"0.92","0.01","0.07","0.220323632411545","1,2,3,1,4,5,4,6,2,7,4,8,4,1,9,4,10","0.000702142715454102","louvain","graph_2024M12.graphml"
"0.91","0.02","0.07","0.223347668628339","1,2,3,1,4,5,4,4,2,4,1,6,4,1,7,2,8","0.00123715400695801","louvain","graph_2024M12.graphml"
"0.9","0.03","0.07","0.223578559027778","1,2,3,1,4,5,4,4,2,4,1,6,4,1,7,2,8","0.000749826431274414","louvain","graph_2024M12.graphml"
"0.89","0.04","0.07","0.224093952598576","1,2,3,1,2,4,5,5,2,5,1,6,5,1,7,2,8","0.00111198425292969","louvain","graph_2024M12.graphml"
"0.88","0.05","0.07","0.227665556018326","1,2,3,1,2,4,5,5,2,5,1,6,5,1,7,2,8","0.000663995742797852","louvain","graph_2024M12.graphml"
"0.87","0.06","0.07","0.21635","1,2,3,1,2,4,5,5,2,5,1,6,5,1,7,2,8","0.000903129577636719","louvain","graph_2024M12.graphml"
"0.86","0.07","0.07","0.223066366042545","1,2,3,1,2,4,5,5,2,5,1,6,5,1,7,2,8","0.000613927841186523","louvain","graph_2024M12.graphml"
"0.85","0.08","0.07","0.223066366042545","1,2,3,1,2,4,5,5,2,5,1,6,5,1,7,2,8","0.000443220138549805","louvain","graph_2024M12.graphml"
"0.84","0.09","0.07","0.226595540176855","1,2,3,1,2,4,5,5,2,5,5,6,5,1,7,2,8","0.000461101531982422","louvain","graph_2024M12.graphml"
"0.83","0.1","0.07","0.221839947214629","1,2,3,1,2,4,5,5,2,5,5,6,5,1,7,2,8","0.000452041625976562","louvain","graph_2024M12.graphml"
"0.82","0.11","0.07","0.221839947214629","1,2,3,1,2,4,5,5,2,5,5,6,5,1,7,2,8","0.000529050827026367","louvain","graph_2024M12.graphml"
"0.81","0.12","0.07","0.224716553287982","1,2,3,1,2,4,5,6,2,5,5,6,5,1,7,6,8","0.000607013702392578","louvain","graph_2024M12.graphml"
"0.8","0.13","0.07","0.225094307270233","1,2,3,1,2,4,5,6,2,5,1,6,5,1,7,6,8","0.000663995742797852","louvain","graph_2024M12.graphml"
"0.79","0.14","0.07","0.217594068877551","1,2,3,2,2,4,5,5,2,5,1,6,5,1,7,5,8","0.000578165054321289","louvain","graph_2024M12.graphml"
"0.78","0.15","0.07","0.217127417965385","1,2,3,2,2,4,5,5,2,6,1,7,5,1,8,5,9","0.000632047653198242","louvain","graph_2024M12.graphml"
"0.77","0.16","0.07","0.211757463835026","1,2,3,2,2,4,5,5,2,6,1,7,5,1,8,5,9","0.000726938247680664","louvain","graph_2024M12.graphml"
"0.76","0.17","0.07","0.220273483947681","1,2,3,2,2,4,5,5,2,6,1,7,5,1,8,5,9","0.000702857971191406","louvain","graph_2024M12.graphml"
"0.75","0.18","0.07","0.213054277156841","1,2,3,2,2,4,5,5,2,5,1,6,5,1,7,5,8","0.0010688304901123","louvain","graph_2024M12.graphml"
"0.74","0.19","0.07","0.214369201548689","1,2,3,2,2,4,5,5,2,6,1,5,5,1,7,5,8","0.00106501579284668","louvain","graph_2024M12.graphml"
"0.73","0.2","0.07","0.215768660405339","1,2,3,2,2,4,5,6,2,5,1,6,6,1,7,6,8","0.000636816024780273","louvain","graph_2024M12.graphml"
"0.72","0.21","0.07","0.214944334403388","1,2,3,2,2,4,5,6,2,5,1,6,6,1,7,6,8","0.00106620788574219","louvain","graph_2024M12.graphml"
"0.71","0.22","0.07","0.205593348450491","1,2,3,4,4,5,2,6,4,2,1,6,6,1,7,6,8","0.00103497505187988","louvain","graph_2024M12.graphml"
"0.7","0.23","0.07","0.205593348450491","1,2,3,4,4,5,2,6,4,2,1,6,6,1,7,6,8","0.00127601623535156","louvain","graph_2024M12.graphml"
"0.69","0.24","0.07","0.205593348450491","1,2,3,4,4,5,2,6,4,2,1,6,6,1,7,6,8","0.00102519989013672","louvain","graph_2024M12.graphml"
"0.68","0.25","0.07","0.196346366761844","1,2,3,4,4,5,2,6,4,2,1,2,6,1,7,6,8","0.00136208534240723","louvain","graph_2024M12.graphml"
"0.67","0.26","0.07","0.193554866850321","1,2,3,4,4,5,2,6,4,2,1,2,6,1,7,6,8","0.000603914260864258","louvain","graph_2024M12.graphml"
"0.66","0.27","0.07","0.198739329526825","1,2,3,4,4,5,2,6,4,2,1,2,6,1,7,6,8","0.00128293037414551","louvain","graph_2024M12.graphml"
"0.65","0.28","0.07","0.195115838716863","1,2,3,4,4,5,2,6,4,2,1,2,6,1,7,6,8","0.000677108764648438","louvain","graph_2024M12.graphml"
"0.64","0.29","0.07","0.194149928072886","1,2,3,1,1,4,5,5,2,5,1,5,5,1,6,5,7","0.000672101974487305","louvain","graph_2024M12.graphml"
"0.63","0.3","0.07","0.194149928072886","1,2,3,1,1,4,5,5,2,5,1,5,5,1,6,5,7","0.000753164291381836","louvain","graph_2024M12.graphml"
"0.62","0.31","0.07","0.195965997686233","1,2,1,1,1,3,4,5,2,4,1,4,5,5,6,5,7","0.00111603736877441","louvain","graph_2024M12.graphml"
"0.61","0.32","0.07","0.204533229008754","1,2,1,1,1,3,2,4,5,2,1,6,4,4,7,4,8","0.000622987747192383","louvain","graph_2024M12.graphml"
"0.6","0.33","0.07","0.203063426534059","1,2,1,1,1,3,2,4,5,2,1,6,4,4,7,4,8","0.000634908676147461","louvain","graph_2024M12.graphml"
"0.59","0.34","0.07","0.199731593317599","1,2,1,1,1,3,2,4,5,2,1,6,4,4,7,4,8","0.000560998916625977","louvain","graph_2024M12.graphml"
"0.58","0.35","0.07","0.19316697446061","1,2,1,1,1,3,4,5,2,4,1,4,5,5,6,5,7","0.000641107559204102","louvain","graph_2024M12.graphml"
"0.57","0.36","0.07","0.197887811634349","1,2,1,1,1,3,2,2,4,2,1,5,2,1,6,4,7","0.000793933868408203","louvain","graph_2024M12.graphml"
"0.56","0.37","0.07","0.20888657648283","1,2,1,1,1,3,4,4,2,4,1,5,4,1,6,4,7","0.000642061233520508","louvain","graph_2024M12.graphml"
"0.55","0.38","0.07","0.20888657648283","1,2,1,1,1,3,4,4,2,4,1,5,4,1,6,4,7","0.000643014907836914","louvain","graph_2024M12.graphml"
"0.54","0.39","0.07","0.2060322156476","1,2,1,1,1,3,4,4,2,2,1,5,4,1,6,4,7","0.000617027282714844","louvain","graph_2024M12.graphml"
"0.53","0.4","0.07","0.2060322156476","1,2,1,1,1,3,4,4,2,2,1,5,4,1,6,4,7","0.000425100326538086","louvain","graph_2024M12.graphml"
"0.52","0.41","0.07","0.209982374619452","1,2,1,1,1,3,4,5,2,4,1,4,5,1,6,5,7","0.000612974166870117","louvain","graph_2024M12.graphml"
"0.51","0.42","0.07","0.206815394960642","1,2,1,1,1,3,4,5,2,4,1,4,5,1,6,5,7","0.00118589401245117","louvain","graph_2024M12.graphml"
"0.5","0.43","0.07","0.20330078125","1,2,1,1,1,3,4,5,2,4,1,4,5,1,6,5,7","0.000631809234619141","louvain","graph_2024M12.graphml"
"0.49","0.44","0.07","0.199818679834883","1,2,1,1,1,3,4,5,2,4,1,4,5,1,6,5,7","0.000578880310058594","louvain","graph_2024M12.graphml"
"0.48","0.45","0.07","0.201665142508764","1,2,1,1,1,3,4,5,2,4,1,4,5,1,6,5,7","0.000620126724243164","louvain","graph_2024M12.graphml"
"0.47","0.46","0.07","0.196516210588935","1,2,1,1,1,3,4,5,2,4,1,4,5,1,6,5,7","0.000607967376708984","louvain","graph_2024M12.graphml"
"0.46","0.47","0.07","0.193553719008264","1,2,1,1,1,3,4,5,2,4,1,4,5,1,6,5,7","0.000578165054321289","louvain","graph_2024M12.graphml"
"0.45","0.48","0.07","0.199174461451247","1,2,1,1,1,3,4,4,2,5,1,4,4,1,6,5,7","0.000592947006225586","louvain","graph_2024M12.graphml"
"0.44","0.49","0.07","0.200916955017301","1,2,1,1,3,4,5,5,2,3,1,5,5,1,6,3,7","0.00117278099060059","louvain","graph_2024M12.graphml"
"0.43","0.5","0.07","0.198539721623747","1,2,1,1,3,4,5,5,2,3,1,6,5,1,7,3,8","0.00171303749084473","louvain","graph_2024M12.graphml"
"0.42","0.51","0.07","0.201409545700379","1,2,1,1,3,4,5,5,2,3,1,6,5,1,7,3,8","0.000735998153686523","louvain","graph_2024M12.graphml"
"0.41","0.52","0.07","0.200488836041749","1,2,1,1,3,4,5,5,2,3,1,6,5,1,7,3,8","0.000681877136230469","louvain","graph_2024M12.graphml"
"0.4","0.53","0.07","0.196559098598742","1,2,3,1,4,5,3,3,2,4,1,6,3,1,7,4,8","0.000661849975585938","louvain","graph_2024M12.graphml"
"0.39","0.54","0.07","0.19386756722636","1,2,3,1,4,5,3,3,2,4,1,6,3,1,7,4,8","0.000652074813842773","louvain","graph_2024M12.graphml"
"0.38","0.55","0.07","0.191582659717237","1,2,3,1,4,5,3,3,2,4,1,6,3,1,7,4,8","0.00124382972717285","louvain","graph_2024M12.graphml"
"0.37","0.56","0.07","0.193410493827161","1,2,3,1,4,5,3,3,2,4,1,6,3,1,7,4,8","0.000633001327514648","louvain","graph_2024M12.graphml"
"0.36","0.57","0.07","0.19076035530051","1,2,3,1,4,5,3,3,2,4,1,6,3,1,7,4,8","0.000638008117675781","louvain","graph_2024M12.graphml"
"0.35","0.58","0.07","0.20036523009496","1,2,3,1,3,4,5,5,2,5,1,5,3,1,6,5,7","0.000656843185424805","louvain","graph_2024M12.graphml"
"0.34","0.59","0.07","0.197306046941843","1,2,3,1,3,4,5,5,2,5,1,5,3,1,6,5,7","0.000672817230224609","louvain","graph_2024M12.graphml"
"0.33","0.6","0.07","0.202976459936623","1,2,3,1,3,4,5,5,2,5,1,5,3,1,6,5,7","0.000642061233520508","louvain","graph_2024M12.graphml"
"0.32","0.61","0.07","0.200470311581423","1,2,3,1,4,5,4,3,2,4,1,3,3,1,6,4,7","0.000640869140625","louvain","graph_2024M12.graphml"
"0.31","0.62","0.07","0.195526438419999","1,2,3,1,4,5,4,3,2,4,1,3,3,1,6,4,7","0.000623941421508789","louvain","graph_2024M12.graphml"
"0.3","0.63","0.07","0.192422149006271","1,2,3,1,3,4,5,5,2,5,1,5,3,1,6,5,7","0.000607013702392578","louvain","graph_2024M12.graphml"
"0.29","0.64","0.07","0.191261453561016","1,2,3,1,3,4,5,5,2,5,1,5,3,1,6,5,7","0.000660896301269531","louvain","graph_2024M12.graphml"
"0.28","0.65","0.07","0.184717557637433","1,2,3,1,3,4,5,5,2,5,1,5,3,1,6,5,7","0.000957012176513672","louvain","graph_2024M12.graphml"
"0.27","0.66","0.07","0.184537511447736","1,2,3,1,1,4,5,5,2,5,5,6,3,1,7,5,8","0.00128889083862305","louvain","graph_2024M12.graphml"
"0.26","0.67","0.07","0.185505593438327","1,2,3,1,1,4,5,5,2,5,5,6,3,1,7,5,8","0.000602960586547852","louvain","graph_2024M12.graphml"
"0.25","0.68","0.07","0.195506174003205","1,2,3,1,1,4,5,5,2,5,5,6,3,1,7,5,8","0.00134491920471191","louvain","graph_2024M12.graphml"
"0.24","0.69","0.07","0.187403628117914","1,2,3,1,4,5,6,4,2,6,6,4,3,1,7,3,8","0.000658035278320312","louvain","graph_2024M12.graphml"
"0.23","0.7","0.07","0.190704428334352","1,2,3,1,4,5,4,4,2,4,4,6,3,1,7,3,8","0.000609874725341797","louvain","graph_2024M12.graphml"
"0.22","0.71","0.07","0.190704428334352","1,2,3,1,4,5,4,4,2,4,4,6,3,1,7,3,8","0.000638961791992188","louvain","graph_2024M12.graphml"
"0.21","0.72","0.07","0.18860031005118","1,2,3,1,4,5,6,6,2,4,6,6,3,4,7,3,8","0.00067901611328125","louvain","graph_2024M12.graphml"
"0.2","0.73","0.07","0.189945997789871","1,2,3,1,4,5,4,4,2,4,4,4,3,1,6,3,7","0.000664949417114258","louvain","graph_2024M12.graphml"
"0.19","0.74","0.07","0.192892216540865","1,2,3,1,4,5,4,4,2,4,4,3,3,1,6,4,7","0.000634908676147461","louvain","graph_2024M12.graphml"
"0.18","0.75","0.07","0.192892216540865","1,2,3,1,4,5,4,4,2,4,4,3,3,1,6,4,7","0.00126194953918457","louvain","graph_2024M12.graphml"
"0.17","0.76","0.07","0.191854671556122","1,2,3,1,2,1,4,4,2,5,4,4,3,5,6,3,7","0.00118517875671387","louvain","graph_2024M12.graphml"
"0.16","0.77","0.07","0.194909662520134","1,2,3,1,2,1,2,2,4,2,2,3,3,1,5,4,6","0.000654935836791992","louvain","graph_2024M12.graphml"
"0.15","0.78","0.07","0.197964758387196","1,2,3,1,2,1,2,2,4,2,2,5,3,1,6,3,7","0.000706195831298828","louvain","graph_2024M12.graphml"
"0.14","0.79","0.07","0.193960302457467","1,2,3,1,4,1,4,4,3,4,4,5,2,1,6,4,7","0.000718116760253906","louvain","graph_2024M12.graphml"
"0.13","0.8","0.07","0.192654128829045","1,2,3,1,2,1,4,4,2,5,4,4,3,5,6,3,7","0.000657081604003906","louvain","graph_2024M12.graphml"
"0.12","0.81","0.07","0.192823542085608","1,2,3,1,2,1,2,2,4,2,2,5,3,1,6,4,7","0.000648975372314453","louvain","graph_2024M12.graphml"
"0.11","0.82","0.07","0.190594456016664","1,2,3,1,2,1,2,2,3,2,2,4,5,1,6,5,7","0.000725030899047852","louvain","graph_2024M12.graphml"
"0.1","0.83","0.07","0.190042550161121","1,2,3,1,4,1,4,4,2,4,4,5,3,1,6,4,7","0.000657081604003906","louvain","graph_2024M12.graphml"
"0.09","0.84","0.07","0.1851158067961","1,2,3,1,2,1,4,4,2,5,3,4,3,5,6,4,7","0.00113892555236816","louvain","graph_2024M12.graphml"
"0.08","0.85","0.07","0.185220846973968","1,2,3,1,3,1,4,4,3,5,2,4,2,5,6,4,7","0.000765085220336914","louvain","graph_2024M12.graphml"
"0.07","0.86","0.07","0.185532067481729","1,2,3,1,2,1,2,2,3,2,2,4,5,1,6,5,7","0.000660896301269531","louvain","graph_2024M12.graphml"
"0.06","0.87","0.07","0.184994194385629","1,2,3,1,4,1,4,4,2,4,4,5,3,1,6,4,7","0.00116801261901855","louvain","graph_2024M12.graphml"
"0.05","0.88","0.07","0.192011901664932","1,2,3,1,4,1,5,5,2,5,5,4,3,1,6,5,7","0.000663995742797852","louvain","graph_2024M12.graphml"
"0.04","0.89","0.07","0.194956532959146","1,2,3,1,4,1,5,5,2,5,5,4,3,1,6,5,7","0.00081181526184082","louvain","graph_2024M12.graphml"
"0.03","0.9","0.07","0.194956532959146","1,2,3,1,4,1,5,5,2,5,5,4,3,1,6,5,7","0.000654935836791992","louvain","graph_2024M12.graphml"
"0.02","0.91","0.07","0.190208490803729","1,2,3,1,4,1,5,5,2,5,5,4,3,1,6,5,7","0.000633955001831055","louvain","graph_2024M12.graphml"
"0.01","0.92","0.07","0.186384351012127","1,2,3,1,4,1,4,4,2,5,1,4,3,1,6,3,7","0.000684976577758789","louvain","graph_2024M12.graphml"
"0","0.93","0.07","0.184567518054778","1,2,3,1,4,1,5,5,2,5,5,4,3,1,6,5,7","0.000657081604003906","louvain","graph_2024M12.graphml"
"0.92","0","0.08","0.21635","1,2,3,1,2,4,5,5,2,5,1,6,5,1,7,2,8","0.000892162322998047","louvain","graph_2024M12.graphml"
"0.91","0.01","0.08","0.230040531624093","1,2,3,1,2,4,5,5,2,5,1,6,5,1,7,2,8","0.000504016876220703","louvain","graph_2024M12.graphml"
"0.9","0.02","0.08","0.225268121301775","1,2,3,1,2,4,5,5,2,5,1,6,5,1,7,2,8","0.000576972961425781","louvain","graph_2024M12.graphml"
"0.89","0.03","0.08","0.225268121301775","1,2,3,1,2,4,5,5,2,5,1,6,5,1,7,2,8","0.000652074813842773","louvain","graph_2024M12.graphml"
"0.88","0.04","0.08","0.225268121301775","1,2,3,1,2,4,5,5,2,5,5,6,5,1,7,2,8","0.000655174255371094","louvain","graph_2024M12.graphml"
"0.87","0.05","0.08","0.228707482993197","1,2,3,1,2,4,5,5,2,5,5,6,5,1,7,2,8","0.000568151473999023","louvain","graph_2024M12.graphml"
"0.86","0.06","0.08","0.214090909090909","1,2,3,1,2,4,5,5,2,5,1,6,5,1,7,2,8","0.000571012496948242","louvain","graph_2024M12.graphml"
"0.85","0.07","0.08","0.207768815099068","1,2,3,2,2,4,5,5,2,6,1,7,5,1,8,5,9","0.000597000122070312","louvain","graph_2024M12.graphml"
"0.84","0.08","0.08","0.211757463835026","1,2,3,2,2,4,5,5,2,6,1,7,5,1,8,5,9","0.000606060028076172","louvain","graph_2024M12.graphml"
"0.83","0.09","0.08","0.209794887039239","1,2,3,2,2,4,5,6,2,5,1,6,5,1,7,6,8","0.00149989128112793","louvain","graph_2024M12.graphml"
"0.82","0.1","0.08","0.211812404120096","1,2,3,2,2,4,5,5,2,6,1,5,5,1,7,5,8","0.000585079193115234","louvain","graph_2024M12.graphml"
"0.81","0.11","0.08","0.21599396725079","1,2,3,2,2,4,5,5,2,5,1,6,5,1,7,5,8","0.000606060028076172","louvain","graph_2024M12.graphml"
"0.8","0.12","0.08","0.217645791439242","1,2,3,2,2,4,5,5,2,6,1,5,5,1,7,5,8","0.000591039657592773","louvain","graph_2024M12.graphml"
"0.79","0.13","0.08","0.218325251007445","1,2,3,2,2,4,5,5,2,6,1,6,5,1,7,5,8","0.000606060028076172","louvain","graph_2024M12.graphml"
"0.78","0.14","0.08","0.204441987513007","1,2,3,2,2,4,5,5,2,6,1,6,5,1,7,5,8","0.000642061233520508","louvain","graph_2024M12.graphml"
"0.77","0.15","0.08","0.198286722096246","1,2,3,2,2,4,5,5,2,6,1,6,5,1,7,5,8","0.00124120712280273","louvain","graph_2024M12.graphml"
"0.76","0.16","0.08","0.19427490234375","1,2,3,4,4,5,6,6,4,2,1,7,6,1,8,6,9","0.000612020492553711","louvain","graph_2024M12.graphml"
"0.75","0.17","0.08","0.196983354365723","1,2,3,4,4,5,6,6,4,2,1,7,6,1,8,6,9","0.000622034072875977","louvain","graph_2024M12.graphml"
"0.74","0.18","0.08","0.197278713361692","1,2,3,4,4,5,6,6,4,2,1,7,6,1,8,6,9","0.000593900680541992","louvain","graph_2024M12.graphml"
"0.73","0.19","0.08","0.190061620215953","1,2,3,4,4,5,2,6,4,2,1,6,2,1,7,6,8","0.000711917877197266","louvain","graph_2024M12.graphml"
"0.72","0.2","0.08","0.191495878814881","1,2,3,4,4,5,2,2,4,2,1,6,2,1,7,2,8","0.000638008117675781","louvain","graph_2024M12.graphml"
"0.71","0.21","0.08","0.196177273682","1,2,3,1,1,4,2,2,5,2,1,2,2,1,6,2,7","0.000635147094726562","louvain","graph_2024M12.graphml"
"0.7","0.22","0.08","0.189005102040816","1,2,3,1,1,4,2,2,5,2,1,2,2,1,6,5,7","0.00109505653381348","louvain","graph_2024M12.graphml"
"0.69","0.23","0.08","0.190533675368442","1,2,1,1,1,3,4,4,5,2,1,4,4,4,6,4,7","0.00111293792724609","louvain","graph_2024M12.graphml"
"0.68","0.24","0.08","0.197083911922238","1,2,1,1,1,3,4,4,5,2,1,4,4,4,6,4,7","0.000631093978881836","louvain","graph_2024M12.graphml"
"0.67","0.25","0.08","0.196349344135802","1,2,1,1,1,3,4,4,5,2,1,4,4,4,6,4,7","0.000588893890380859","louvain","graph_2024M12.graphml"
"0.66","0.26","0.08","0.187431519357195","1,2,1,1,1,3,2,2,4,2,1,5,2,2,6,2,7","0.000655174255371094","louvain","graph_2024M12.graphml"
"0.65","0.27","0.08","0.184464024835646","1,2,1,1,1,3,4,4,5,2,1,4,4,4,6,4,7","0.000600814819335938","louvain","graph_2024M12.graphml"
"0.64","0.28","0.08","0.190844444444444","1,2,1,1,1,3,2,2,4,2,1,2,2,1,5,4,6","0.000452995300292969","louvain","graph_2024M12.graphml"
"0.63","0.29","0.08","0.197801246537396","1,2,1,1,1,3,2,2,4,2,1,5,2,1,6,4,7","0.0005950927734375","louvain","graph_2024M12.graphml"
"0.62","0.3","0.08","0.195442347645429","1,2,1,1,1,3,2,4,5,2,1,4,2,1,6,4,7","0.00064396858215332","louvain","graph_2024M12.graphml"
"0.61","0.31","0.08","0.207554630593132","1,2,1,1,1,3,4,5,2,4,1,5,4,1,6,5,7","0.000597953796386719","louvain","graph_2024M12.graphml"
"0.6","0.32","0.08","0.206600673455313","1,2,1,1,1,3,4,4,2,4,1,4,4,1,5,1,6","0.000616073608398438","louvain","graph_2024M12.graphml"
"0.59","0.33","0.08","0.211344335843615","1,2,1,1,1,3,4,4,2,2,1,5,4,1,6,4,7","0.000638961791992188","louvain","graph_2024M12.graphml"
"0.58","0.34","0.08","0.207646058304656","1,2,1,1,1,3,4,4,2,2,1,5,4,1,6,4,7","0.000694036483764648","louvain","graph_2024M12.graphml"
"0.57","0.35","0.08","0.200358782454381","1,2,1,1,1,3,4,4,2,2,1,5,4,1,6,4,7","0.000657081604003906","louvain","graph_2024M12.graphml"
"0.56","0.36","0.08","0.198468423286139","1,2,1,1,1,3,4,4,2,2,1,4,4,1,5,4,6","0.000666141510009766","louvain","graph_2024M12.graphml"
"0.55","0.37","0.08","0.202204788816181","1,2,1,1,1,3,4,4,2,2,1,5,4,1,6,4,7","0.000995159149169922","louvain","graph_2024M12.graphml"
"0.54","0.38","0.08","0.199449035812672","1,2,1,1,1,3,4,4,2,2,1,5,4,1,6,4,7","0.000703096389770508","louvain","graph_2024M12.graphml"
"0.53","0.39","0.08","0.193678511240991","1,2,3,1,1,4,3,3,2,2,1,5,3,1,6,3,7","0.00100302696228027","louvain","graph_2024M12.graphml"
"0.52","0.4","0.08","0.193678511240991","1,2,3,1,1,4,3,3,2,2,1,5,3,1,6,3,7","0.000653982162475586","louvain","graph_2024M12.graphml"
"0.51","0.41","0.08","0.19435593991807","1,2,3,1,1,4,3,3,2,2,1,5,3,1,6,2,7","0.000652074813842773","louvain","graph_2024M12.graphml"
"0.5","0.42","0.08","0.196035018929151","1,2,3,1,4,5,3,3,2,4,1,6,3,1,7,4,8","0.000618934631347656","louvain","graph_2024M12.graphml"
"0.49","0.43","0.08","0.196035018929151","1,2,3,1,4,5,3,3,2,4,1,6,3,1,7,4,8","0.000648021697998047","louvain","graph_2024M12.graphml"
"0.48","0.44","0.08","0.193274081994053","1,2,3,1,4,5,3,3,2,4,1,6,3,1,7,4,8","0.000606060028076172","louvain","graph_2024M12.graphml"
"0.47","0.45","0.08","0.19105301797057","1,2,3,1,4,5,3,3,2,4,1,6,3,1,7,4,8","0.000639200210571289","louvain","graph_2024M12.graphml"
"0.46","0.46","0.08","0.19105301797057","1,2,3,1,4,5,3,3,2,4,1,6,3,1,7,4,8","0.000627040863037109","louvain","graph_2024M12.graphml"
"0.45","0.47","0.08","0.196607471676914","1,2,3,1,4,5,3,3,2,4,1,6,3,1,7,4,8","0.000876903533935547","louvain","graph_2024M12.graphml"
"0.44","0.48","0.08","0.191706602362565","1,2,3,1,4,5,3,3,2,4,1,6,3,1,7,4,8","0.000653982162475586","louvain","graph_2024M12.graphml"
"0.43","0.49","0.08","0.193530370728173","1,2,3,1,4,5,3,3,2,4,1,6,3,1,7,4,8","0.000631093978881836","louvain","graph_2024M12.graphml"
"0.42","0.5","0.08","0.193530370728173","1,2,3,1,4,5,3,3,2,4,1,6,3,1,7,4,8","0.000794172286987305","louvain","graph_2024M12.graphml"
"0.41","0.51","0.08","0.191689808593867","1,2,3,1,4,5,3,3,2,4,1,6,3,1,7,4,8","0.000777959823608398","louvain","graph_2024M12.graphml"
"0.4","0.52","0.08","0.196106486298994","1,2,3,1,4,5,3,3,2,4,1,3,3,1,6,3,7","0.000619888305664062","louvain","graph_2024M12.graphml"
"0.39","0.53","0.08","0.195165308921923","1,2,3,1,4,5,4,3,2,4,1,3,3,1,6,4,7","0.00118589401245117","louvain","graph_2024M12.graphml"
"0.38","0.54","0.08","0.188742084920918","1,2,3,1,3,4,5,5,2,5,1,5,3,1,6,5,7","0.00134181976318359","louvain","graph_2024M12.graphml"
"0.37","0.55","0.08","0.185818142361111","1,2,3,1,3,4,5,6,2,5,1,6,3,1,7,5,8","0.000662088394165039","louvain","graph_2024M12.graphml"
"0.36","0.56","0.08","0.183588821176407","1,2,3,1,3,4,5,6,2,5,1,6,3,1,7,5,8","0.000719070434570312","louvain","graph_2024M12.graphml"
"0.35","0.57","0.08","0.189930170836662","1,2,3,1,3,4,5,5,2,5,1,5,3,1,6,5,7","0.000624895095825195","louvain","graph_2024M12.graphml"
"0.34","0.58","0.08","0.186232670892149","1,2,3,1,3,4,5,5,2,5,1,5,3,1,6,5,7","0.00061798095703125","louvain","graph_2024M12.graphml"
"0.33","0.59","0.08","0.1844125","1,2,3,1,3,4,5,5,2,5,1,5,3,1,6,5,7","0.000622034072875977","louvain","graph_2024M12.graphml"
"0.32","0.6","0.08","0.177643233274285","1,2,3,1,3,4,5,5,2,5,1,5,3,1,6,5,7","0.00141692161560059","louvain","graph_2024M12.graphml"
"0.31","0.61","0.08","0.180571088637716","1,2,3,1,1,4,5,5,2,5,5,6,3,1,7,5,8","0.000716924667358398","louvain","graph_2024M12.graphml"
"0.3","0.62","0.08","0.184077198604958","1,2,3,1,1,4,5,5,2,5,5,6,3,1,7,5,8","0.000674009323120117","louvain","graph_2024M12.graphml"
"0.29","0.63","0.08","0.179319871521305","1,2,3,1,4,5,4,4,2,4,4,4,3,1,6,3,7","0.00138401985168457","louvain","graph_2024M12.graphml"
"0.28","0.64","0.08","0.182166564765482","1,2,3,1,4,5,4,4,2,4,4,6,3,1,7,4,8","0.00064396858215332","louvain","graph_2024M12.graphml"
"0.27","0.65","0.08","0.181860465116279","1,2,3,1,4,5,6,4,2,6,6,4,3,1,7,3,8","0.000620126724243164","louvain","graph_2024M12.graphml"
"0.26","0.66","0.08","0.189101561685536","1,2,3,1,2,4,5,5,2,5,5,6,3,1,7,5,8","0.000666141510009766","louvain","graph_2024M12.graphml"
"0.25","0.67","0.08","0.191497933884298","1,2,3,1,2,4,5,5,2,5,5,6,3,1,7,5,8","0.000666141510009766","louvain","graph_2024M12.graphml"
"0.24","0.68","0.08","0.194644975768666","1,2,2,1,3,1,4,4,3,4,4,5,2,1,6,4,7","0.000769138336181641","louvain","graph_2024M12.graphml"
"0.23","0.69","0.08","0.188567636195753","1,2,3,1,2,1,4,4,2,5,3,4,3,5,6,3,7","0.00067591667175293","louvain","graph_2024M12.graphml"
"0.22","0.7","0.08","0.192943982763927","1,2,3,1,4,1,2,2,4,2,2,5,3,1,6,3,7","0.000688076019287109","louvain","graph_2024M12.graphml"
"0.21","0.71","0.08","0.189536862003781","1,2,3,1,2,1,2,2,3,2,2,4,5,1,6,5,7","0.000684022903442383","louvain","graph_2024M12.graphml"
"0.2","0.72","0.08","0.190333308561237","1,2,2,1,3,1,3,3,2,3,3,4,4,1,5,3,6","0.000645875930786133","louvain","graph_2024M12.graphml"
"0.19","0.73","0.08","0.184336803983703","1,2,3,1,2,1,4,4,3,5,4,4,2,5,6,3,7","0.00114107131958008","louvain","graph_2024M12.graphml"
"0.18","0.74","0.08","0.188083524849181","1,2,3,1,4,1,2,2,4,2,2,5,3,1,6,2,7","0.000662088394165039","louvain","graph_2024M12.graphml"
"0.17","0.75","0.08","0.18592996136659","1,2,3,1,2,1,2,2,3,2,2,4,5,1,6,5,7","0.000696897506713867","louvain","graph_2024M12.graphml"
"0.16","0.76","0.08","0.18850187133677","1,2,3,1,4,1,4,4,3,4,4,5,2,1,6,4,7","0.000657081604003906","louvain","graph_2024M12.graphml"
"0.15","0.77","0.08","0.187031903720666","1,2,3,1,4,1,2,2,4,2,2,5,3,1,6,2,7","0.00109291076660156","louvain","graph_2024M12.graphml"
"0.14","0.78","0.08","0.187031903720666","1,2,3,1,2,1,2,2,4,2,2,5,3,1,6,4,7","0.00082707405090332","louvain","graph_2024M12.graphml"
"0.13","0.79","0.08","0.185532067481729","1,2,3,1,4,1,2,2,3,2,2,5,4,1,6,2,7","0.00103902816772461","louvain","graph_2024M12.graphml"
"0.12","0.8","0.08","0.18712425273925","1,2,3,1,4,1,2,2,3,2,2,5,4,1,6,2,7","0.000780105590820312","louvain","graph_2024M12.graphml"
"0.11","0.81","0.08","0.186297376093294","1,2,3,1,2,1,2,2,4,2,2,5,3,1,6,4,7","0.000625133514404297","louvain","graph_2024M12.graphml"
"0.1","0.82","0.08","0.190214673956872","1,2,3,1,4,1,5,5,2,5,5,4,3,1,6,5,7","0.000838041305541992","louvain","graph_2024M12.graphml"
"0.09","0.83","0.08","0.186933540737449","1,2,3,1,4,1,5,5,2,5,5,4,3,1,6,5,7","0.000648975372314453","louvain","graph_2024M12.graphml"
"0.08","0.84","0.08","0.185429264298312","1,2,3,1,4,1,5,5,2,5,5,4,3,1,6,5,7","0.000674009323120117","louvain","graph_2024M12.graphml"
"0.07","0.85","0.08","0.186220684352172","1,2,3,1,4,1,5,5,2,5,5,4,3,1,1,5,6","0.000676155090332031","louvain","graph_2024M12.graphml"
"0.06","0.86","0.08","0.1870202425472","1,2,3,1,4,1,5,5,2,5,5,4,3,1,1,5,6","0.000694990158081055","louvain","graph_2024M12.graphml"
"0.05","0.87","0.08","0.1861555432984","1,2,3,1,4,1,4,4,2,5,1,4,3,1,1,3,6","0.000662088394165039","louvain","graph_2024M12.graphml"
"0.04","0.88","0.08","0.183919440676197","1,2,3,1,4,1,5,5,2,5,5,4,3,1,1,5,6","0.000992059707641602","louvain","graph_2024M12.graphml"
"0.03","0.89","0.08","0.187403846153846","1,2,3,1,4,1,4,4,2,5,1,4,3,1,1,3,6","0.000633955001831055","louvain","graph_2024M12.graphml"
"0.02","0.9","0.08","0.188977846648301","1,2,3,1,4,1,4,4,2,4,1,4,3,1,1,4,5","0.000694036483764648","louvain","graph_2024M12.graphml"
"0.01","0.91","0.08","0.187376290494838","1,2,3,1,4,1,4,4,2,4,1,4,3,1,1,4,5","0.000833988189697266","louvain","graph_2024M12.graphml"
"0","0.92","0.08","0.183190955126317","1,2,3,2,4,1,4,5,2,4,1,4,3,4,1,5,6","0.00078892707824707","louvain","graph_2024M12.graphml"
"0.91","0","0.09","0.21070561516172","1,2,3,2,2,4,5,5,2,6,1,5,5,1,7,2,8","0.000608921051025391","louvain","graph_2024M12.graphml"
"0.9","0.01","0.09","0.205330812854442","1,2,3,2,2,4,5,5,2,6,1,5,5,1,7,5,8","0.00122904777526855","louvain","graph_2024M12.graphml"
"0.89","0.02","0.09","0.207008026159334","1,2,3,2,2,4,5,5,2,5,1,6,5,1,7,5,8","0.000903844833374023","louvain","graph_2024M12.graphml"
"0.88","0.03","0.09","0.207008026159334","1,2,3,2,2,4,5,5,2,5,1,6,5,1,7,5,8","0.00059819221496582","louvain","graph_2024M12.graphml"
"0.87","0.04","0.09","0.203119292862883","1,2,3,2,2,4,5,5,2,5,1,6,5,1,7,5,8","0.000655889511108398","louvain","graph_2024M12.graphml"
"0.86","0.05","0.09","0.202889146916194","1,2,3,2,2,4,5,5,2,5,1,6,5,1,7,1,8","0.000606060028076172","louvain","graph_2024M12.graphml"
"0.85","0.06","0.09","0.200992","1,2,3,2,2,4,5,5,2,6,1,6,5,1,7,5,8","0.000886917114257812","louvain","graph_2024M12.graphml"
"0.84","0.07","0.09","0.200992","1,2,3,2,2,4,5,5,2,6,1,6,5,1,7,5,8","0.000584125518798828","louvain","graph_2024M12.graphml"
"0.83","0.08","0.09","0.196302595112119","1,2,3,2,2,4,5,5,2,6,1,6,5,1,7,5,8","0.00113511085510254","louvain","graph_2024M12.graphml"
"0.82","0.09","0.09","0.192944385888772","1,2,3,2,2,4,5,5,2,6,1,6,5,1,7,5,8","0.000918865203857422","louvain","graph_2024M12.graphml"
"0.81","0.1","0.09","0.193757396449704","1,2,3,4,4,5,6,6,4,2,1,7,6,1,8,6,9","0.000633001327514648","louvain","graph_2024M12.graphml"
"0.8","0.11","0.09","0.191247596293922","1,2,3,4,4,5,6,6,4,2,1,7,6,1,8,6,9","0.000832796096801758","louvain","graph_2024M12.graphml"
"0.79","0.12","0.09","0.191247596293922","1,2,3,4,4,5,6,6,4,2,1,7,6,1,8,6,9","0.000622034072875977","louvain","graph_2024M12.graphml"
"0.78","0.13","0.09","0.180713305898491","1,2,3,1,1,4,5,5,6,2,1,2,5,5,7,5,8","0.000618934631347656","louvain","graph_2024M12.graphml"
"0.77","0.14","0.09","0.181054400336064","1,2,3,1,1,4,2,5,6,2,1,5,2,2,7,5,8","0.00123000144958496","louvain","graph_2024M12.graphml"
"0.76","0.15","0.09","0.191766007746089","1,2,1,1,1,3,2,2,4,2,1,2,2,1,5,4,6","0.000847101211547852","louvain","graph_2024M12.graphml"
"0.75","0.16","0.09","0.187487601666336","1,2,1,1,1,3,4,4,5,2,1,4,4,4,6,4,7","0.000630855560302734","louvain","graph_2024M12.graphml"
"0.74","0.17","0.09","0.186824845679012","1,2,1,1,1,3,2,2,4,2,1,2,2,1,5,4,6","0.000612974166870117","louvain","graph_2024M12.graphml"
"0.73","0.18","0.09","0.18809349890431","1,2,1,1,1,3,2,2,4,2,1,5,2,2,6,4,7","0.000609874725341797","louvain","graph_2024M12.graphml"
"0.72","0.19","0.09","0.185993425858291","1,2,1,1,1,3,2,2,4,2,1,2,2,1,5,4,6","0.000611066818237305","louvain","graph_2024M12.graphml"
"0.71","0.2","0.09","0.190396828971668","1,2,1,1,1,3,2,2,4,2,1,5,2,1,6,4,7","0.000665187835693359","louvain","graph_2024M12.graphml"
"0.7","0.21","0.09","0.190396828971668","1,2,1,1,1,3,2,2,4,2,1,5,2,1,6,4,7","0.000627994537353516","louvain","graph_2024M12.graphml"
"0.69","0.22","0.09","0.1912","1,2,1,1,1,3,2,2,4,2,1,2,2,1,5,4,6","0.000626087188720703","louvain","graph_2024M12.graphml"
"0.68","0.23","0.09","0.1912","1,2,1,1,1,3,2,2,4,2,1,2,2,1,5,4,6","0.000606060028076172","louvain","graph_2024M12.graphml"
"0.67","0.24","0.09","0.195074543978812","1,2,3,1,1,4,3,3,2,3,1,5,3,1,6,3,7","0.000685930252075195","louvain","graph_2024M12.graphml"
"0.66","0.25","0.09","0.196399583766909","1,2,3,1,1,4,3,3,2,2,1,5,3,1,6,3,7","0.000650882720947266","louvain","graph_2024M12.graphml"
"0.65","0.26","0.09","0.195067441952454","1,2,3,1,1,4,3,3,2,2,1,5,3,1,6,3,7","0.00119805335998535","louvain","graph_2024M12.graphml"
"0.64","0.27","0.09","0.196250144670345","1,2,3,1,1,4,3,5,2,2,1,6,3,1,7,5,8","0.000651121139526367","louvain","graph_2024M12.graphml"
"0.63","0.28","0.09","0.19445594489819","1,2,3,1,1,4,3,3,2,2,1,5,3,1,6,3,7","0.000610113143920898","louvain","graph_2024M12.graphml"
"0.62","0.29","0.09","0.191682778108269","1,2,3,1,1,4,3,3,2,2,1,5,3,1,6,3,7","0.000598907470703125","louvain","graph_2024M12.graphml"
"0.61","0.3","0.09","0.190684424444767","1,2,3,1,1,4,3,3,2,2,1,5,3,1,6,3,7","0.000624895095825195","louvain","graph_2024M12.graphml"
"0.6","0.31","0.09","0.190684424444767","1,2,3,1,1,4,3,3,2,2,1,5,3,1,6,3,7","0.000608921051025391","louvain","graph_2024M12.graphml"
"0.59","0.32","0.09","0.190684424444767","1,2,3,1,1,4,3,3,2,2,1,5,3,1,6,3,7","0.000735044479370117","louvain","graph_2024M12.graphml"
"0.58","0.33","0.09","0.190684424444767","1,2,3,1,1,4,3,3,2,2,1,5,3,1,6,3,7","0.000625848770141602","louvain","graph_2024M12.graphml"
"0.57","0.34","0.09","0.198680018206645","1,2,3,1,1,4,3,3,2,2,1,5,3,1,6,3,7","0.00058293342590332","louvain","graph_2024M12.graphml"
"0.56","0.35","0.09","0.192828562634657","1,2,3,1,1,4,3,3,2,5,1,5,3,1,6,5,7","0.000609874725341797","louvain","graph_2024M12.graphml"
"0.55","0.36","0.09","0.192718367346939","1,2,3,1,4,5,3,3,2,4,1,6,3,1,7,4,8","0.00117015838623047","louvain","graph_2024M12.graphml"
"0.54","0.37","0.09","0.190034220041322","1,2,3,1,4,5,3,3,2,4,1,6,3,1,7,4,8","0.000726938247680664","louvain","graph_2024M12.graphml"
"0.53","0.38","0.09","0.19386756722636","1,2,3,1,4,5,3,3,2,4,1,6,3,1,7,4,8","0.00119900703430176","louvain","graph_2024M12.graphml"
"0.52","0.39","0.09","0.191192534565088","1,2,3,1,4,5,3,3,2,4,1,6,3,1,7,4,8","0.000627994537353516","louvain","graph_2024M12.graphml"
"0.51","0.4","0.09","0.191192534565088","1,2,3,1,4,5,3,3,2,4,1,6,3,1,7,4,8","0.00118184089660645","louvain","graph_2024M12.graphml"
"0.5","0.41","0.09","0.191192534565088","1,2,3,1,4,5,3,3,2,4,1,6,3,1,7,4,8","0.000616073608398438","louvain","graph_2024M12.graphml"
"0.49","0.42","0.09","0.188911363361913","1,2,3,1,4,5,3,3,2,4,1,6,3,1,7,4,8","0.00138187408447266","louvain","graph_2024M12.graphml"
"0.48","0.43","0.09","0.191689808593867","1,2,3,1,4,5,3,3,2,4,1,6,3,1,7,4,8","0.000638008117675781","louvain","graph_2024M12.graphml"
"0.47","0.44","0.09","0.191689808593867","1,2,3,1,4,5,3,3,2,4,1,6,3,1,7,4,8","0.000737905502319336","louvain","graph_2024M12.graphml"
"0.46","0.45","0.09","0.186384222059898","1,2,3,1,4,5,3,3,2,4,1,6,3,1,7,1,8","0.00127601623535156","louvain","graph_2024M12.graphml"
"0.45","0.46","0.09","0.191955732219966","1,2,3,1,4,5,3,3,2,4,1,6,3,1,7,4,8","0.000861883163452148","louvain","graph_2024M12.graphml"
"0.44","0.47","0.09","0.185818142361111","1,2,3,1,3,4,5,6,2,5,1,6,3,1,7,5,8","0.000657081604003906","louvain","graph_2024M12.graphml"
"0.43","0.48","0.09","0.184447904641735","1,2,3,1,4,5,4,3,2,4,1,3,3,1,6,4,7","0.000771045684814453","louvain","graph_2024M12.graphml"
"0.42","0.49","0.09","0.182086300350728","1,2,3,1,3,4,5,6,2,5,1,6,3,1,7,5,8","0.00111222267150879","louvain","graph_2024M12.graphml"
"0.41","0.5","0.09","0.182489067055394","1,2,3,1,3,4,5,6,2,5,1,6,3,1,7,5,8","0.000432014465332031","louvain","graph_2024M12.graphml"
"0.4","0.51","0.09","0.178646568154254","1,2,1,1,1,3,4,4,2,4,1,5,4,1,6,4,7","0.0014491081237793","louvain","graph_2024M12.graphml"
"0.39","0.52","0.09","0.178646568154254","1,2,1,1,1,3,4,4,2,4,1,5,4,1,6,4,7","0.000792980194091797","louvain","graph_2024M12.graphml"
"0.38","0.53","0.09","0.179972821471038","1,2,3,1,1,4,5,5,2,5,3,5,3,1,6,5,7","0.000932216644287109","louvain","graph_2024M12.graphml"
"0.37","0.54","0.09","0.181769031141869","1,2,3,1,1,4,5,5,2,5,3,5,3,1,6,5,7","0.00138092041015625","louvain","graph_2024M12.graphml"
"0.36","0.55","0.09","0.173608542899408","1,2,3,1,1,4,5,5,2,5,3,6,3,1,7,5,8","0.000765800476074219","louvain","graph_2024M12.graphml"
"0.35","0.56","0.09","0.176399901170234","1,2,3,1,1,4,5,5,2,5,5,3,3,1,6,5,7","0.00126194953918457","louvain","graph_2024M12.graphml"
"0.34","0.57","0.09","0.176399901170234","1,2,3,1,1,4,5,5,2,5,5,3,3,1,6,5,7","0.000842094421386719","louvain","graph_2024M12.graphml"
"0.33","0.58","0.09","0.175089237425635","1,2,3,1,4,5,4,4,2,4,4,3,3,1,6,4,7","0.000684976577758789","louvain","graph_2024M12.graphml"
"0.32","0.59","0.09","0.179988957081272","1,2,2,1,3,4,5,5,3,5,5,6,2,1,7,5,8","0.00119590759277344","louvain","graph_2024M12.graphml"
"0.31","0.6","0.09","0.181750273545998","1,2,2,1,3,1,4,4,3,4,4,5,2,1,6,4,7","0.000575065612792969","louvain","graph_2024M12.graphml"
"0.3","0.61","0.09","0.183293450501719","1,2,3,1,2,1,4,5,2,4,3,5,3,1,6,4,7","0.00123214721679688","louvain","graph_2024M12.graphml"
"0.29","0.62","0.09","0.187162267992795","1,2,3,1,3,1,4,4,2,5,4,4,3,5,6,2,7","0.000707149505615234","louvain","graph_2024M12.graphml"
"0.28","0.63","0.09","0.188960302457467","1,2,3,1,3,1,2,2,4,2,2,5,3,1,6,4,7","0.00125694274902344","louvain","graph_2024M12.graphml"
"0.27","0.64","0.09","0.18407964781079","1,2,3,1,4,1,2,2,3,2,2,5,4,1,6,3,7","0.000656843185424805","louvain","graph_2024M12.graphml"
"0.26","0.65","0.09","0.18407964781079","1,2,3,1,4,1,2,2,4,2,2,5,3,1,6,3,7","0.000730991363525391","louvain","graph_2024M12.graphml"
"0.25","0.66","0.09","0.188800362154821","1,2,3,1,2,1,2,2,3,2,2,4,4,1,5,3,6","0.000555038452148438","louvain","graph_2024M12.graphml"
"0.24","0.67","0.09","0.185796435756378","1,2,3,1,3,1,2,2,4,2,2,5,3,1,6,4,7","0.000933170318603516","louvain","graph_2024M12.graphml"
"0.23","0.68","0.09","0.18592996136659","1,2,3,1,2,1,2,2,3,2,2,4,5,1,6,5,7","0.000673055648803711","louvain","graph_2024M12.graphml"
"0.22","0.69","0.09","0.182314735386285","1,2,3,1,4,1,2,2,4,2,2,5,3,1,6,3,7","0.000725030899047852","louvain","graph_2024M12.graphml"
"0.21","0.7","0.09","0.183654513888889","1,2,3,1,4,1,4,4,3,4,4,5,2,1,6,4,7","0.000626087188720703","louvain","graph_2024M12.graphml"
"0.2","0.71","0.09","0.182546788106265","1,2,3,1,4,1,2,2,3,2,2,5,4,1,6,2,7","0.000650167465209961","louvain","graph_2024M12.graphml"
"0.19","0.72","0.09","0.186692408000135","1,2,3,1,4,1,4,4,3,4,4,5,2,1,6,4,7","0.00150680541992188","louvain","graph_2024M12.graphml"
"0.18","0.73","0.09","0.180378258532653","1,2,3,1,3,1,2,2,4,2,2,2,3,1,5,4,6","0.000742197036743164","louvain","graph_2024M12.graphml"
"0.17","0.74","0.09","0.183235260371421","1,2,3,1,4,1,2,2,4,2,2,5,3,1,6,2,7","0.000660181045532227","louvain","graph_2024M12.graphml"
"0.16","0.75","0.09","0.183900259673231","1,2,3,1,4,1,4,4,2,4,4,5,3,1,6,4,7","0.00122284889221191","louvain","graph_2024M12.graphml"
"0.15","0.76","0.09","0.186933540737449","1,2,3,1,4,1,5,5,2,5,5,4,3,1,6,5,7","0.000680923461914062","louvain","graph_2024M12.graphml"
"0.14","0.77","0.09","0.186903404208783","1,2,3,1,4,1,5,5,2,5,5,4,3,1,1,5,6","0.00121688842773438","louvain","graph_2024M12.graphml"
"0.13","0.78","0.09","0.186220684352172","1,2,3,1,4,1,5,5,2,5,5,4,3,1,1,5,6","0.00074005126953125","louvain","graph_2024M12.graphml"
"0.12","0.79","0.09","0.182001241502521","1,2,3,1,4,1,5,5,2,5,5,4,3,1,1,5,6","0.000716209411621094","louvain","graph_2024M12.graphml"
"0.11","0.8","0.09","0.180660717504958","1,2,3,1,4,1,5,5,2,5,5,4,3,1,1,5,6","0.000668048858642578","louvain","graph_2024M12.graphml"
"0.1","0.81","0.09","0.179670845694012","1,2,3,1,4,1,5,5,2,5,5,4,3,1,1,5,6","0.000710010528564453","louvain","graph_2024M12.graphml"
"0.09","0.82","0.09","0.184946972787134","1,2,3,1,4,1,4,4,2,5,1,4,3,1,1,3,6","0.000647783279418945","louvain","graph_2024M12.graphml"
"0.08","0.83","0.09","0.183346246556474","1,2,3,1,4,1,4,4,2,4,1,4,3,1,1,3,5","0.000665903091430664","louvain","graph_2024M12.graphml"
"0.07","0.84","0.09","0.181950872196511","1,2,3,1,4,1,4,4,2,4,1,4,3,1,1,3,5","0.00118899345397949","louvain","graph_2024M12.graphml"
"0.06","0.85","0.09","0.184290766317665","1,2,3,2,4,1,4,4,2,4,1,4,3,1,1,4,5","0.000731945037841797","louvain","graph_2024M12.graphml"
"0.05","0.86","0.09","0.181227107474027","1,2,3,2,4,1,4,3,2,4,1,4,3,4,1,3,5","0.000677108764648438","louvain","graph_2024M12.graphml"
"0.04","0.87","0.09","0.182023105100028","1,2,3,2,4,1,4,3,2,4,1,4,3,4,1,3,5","0.000739097595214844","louvain","graph_2024M12.graphml"
"0.03","0.88","0.09","0.179418181818182","1,2,3,2,4,1,5,5,2,5,1,4,3,5,1,5,6","0.00076603889465332","louvain","graph_2024M12.graphml"
"0.02","0.89","0.09","0.1783829552615","1,2,3,2,4,1,4,4,2,4,1,4,3,4,1,4,5","0.000894069671630859","louvain","graph_2024M12.graphml"
"0.01","0.9","0.09","0.178064023601263","1,2,3,2,4,1,4,5,2,4,1,4,3,4,1,5,6","0.00136494636535645","louvain","graph_2024M12.graphml"
"0","0.91","0.09","0.180178571428571","1,2,3,4,5,1,4,4,2,4,1,5,3,4,1,4,6","0.000757932662963867","louvain","graph_2024M12.graphml"
"0.9","0","0.1","0.19248","1,2,3,2,2,4,5,5,2,6,1,6,5,1,7,5,8","0.00112605094909668","louvain","graph_2024M12.graphml"
"0.89","0.01","0.1","0.192944385888772","1,2,3,2,2,4,5,5,2,6,1,6,5,1,7,5,8","0.000543832778930664","louvain","graph_2024M12.graphml"
"0.88","0.02","0.1","0.189910888671875","1,2,3,2,2,4,5,5,2,6,1,6,5,1,7,5,8","0.000638008117675781","louvain","graph_2024M12.graphml"
"0.87","0.03","0.1","0.189082840236686","1,2,3,2,2,4,5,5,2,6,1,6,5,5,7,5,8","0.000619888305664062","louvain","graph_2024M12.graphml"
"0.86","0.04","0.1","0.18758608815427","1,2,3,4,4,5,6,6,4,2,1,7,6,6,8,6,9","0.000760078430175781","louvain","graph_2024M12.graphml"
"0.85","0.05","0.1","0.184200267320116","1,2,3,1,1,4,5,5,2,2,1,6,5,5,7,5,8","0.000612974166870117","louvain","graph_2024M12.graphml"
"0.84","0.06","0.1","0.176241426611797","1,2,3,1,1,4,2,5,6,2,1,5,5,5,7,5,8","0.000792026519775391","louvain","graph_2024M12.graphml"
"0.83","0.07","0.1","0.181693494125563","1,2,1,1,1,3,2,2,4,2,1,5,2,2,6,4,7","0.000734090805053711","louvain","graph_2024M12.graphml"
"0.82","0.08","0.1","0.180071424978623","1,2,1,1,1,3,2,2,4,2,1,5,2,2,6,4,7","0.000591039657592773","louvain","graph_2024M12.graphml"
"0.81","0.09","0.1","0.180071424978623","1,2,1,1,1,3,2,2,4,2,1,5,2,2,6,4,7","0.00063014030456543","louvain","graph_2024M12.graphml"
"0.8","0.1","0.1","0.179067367235879","1,2,2,1,1,3,2,4,5,2,1,6,2,2,7,4,8","0.000672101974487305","louvain","graph_2024M12.graphml"
"0.79","0.11","0.1","0.180712580514391","1,2,3,1,1,4,3,3,5,2,1,3,3,3,6,3,7","0.00097203254699707","louvain","graph_2024M12.graphml"
"0.78","0.12","0.1","0.186377777777778","1,2,2,1,1,3,2,2,4,2,1,5,2,1,6,4,7","0.000656843185424805","louvain","graph_2024M12.graphml"
"0.77","0.13","0.1","0.186377777777778","1,2,2,1,1,3,2,2,4,2,1,5,2,1,6,4,7","0.000674009323120117","louvain","graph_2024M12.graphml"
"0.76","0.14","0.1","0.186377777777778","1,2,2,1,1,3,2,2,4,2,1,5,2,1,6,4,7","0.0012059211730957","louvain","graph_2024M12.graphml"
"0.75","0.15","0.1","0.188785579579843","1,2,2,1,1,3,2,2,4,2,1,5,2,1,6,4,7","0.000653982162475586","louvain","graph_2024M12.graphml"
"0.74","0.16","0.1","0.188171571422306","1,2,2,1,1,3,2,2,4,2,1,5,2,1,6,2,7","0.000672101974487305","louvain","graph_2024M12.graphml"
"0.73","0.17","0.1","0.188785579579843","1,2,2,1,1,3,2,2,4,2,1,5,2,1,6,4,7","0.00100302696228027","louvain","graph_2024M12.graphml"
"0.72","0.18","0.1","0.188495877653894","1,2,3,1,1,4,3,3,2,3,1,5,3,1,6,3,7","0.000611066818237305","louvain","graph_2024M12.graphml"
"0.71","0.19","0.1","0.176714468835123","1,2,3,1,1,4,3,3,2,2,1,3,3,1,5,3,6","0.000637054443359375","louvain","graph_2024M12.graphml"
"0.7","0.2","0.1","0.188206473515682","1,2,3,1,1,4,3,3,2,2,1,5,3,1,6,3,7","0.000602960586547852","louvain","graph_2024M12.graphml"
"0.69","0.21","0.1","0.18482319768328","1,2,3,1,1,4,5,3,2,5,1,5,3,1,6,3,7","0.00114703178405762","louvain","graph_2024M12.graphml"
"0.68","0.22","0.1","0.189972451790634","1,2,3,1,1,4,5,3,2,5,1,5,3,1,6,3,7","0.000608921051025391","louvain","graph_2024M12.graphml"
"0.67","0.23","0.1","0.191900130643054","1,2,3,1,1,4,5,3,2,5,1,5,3,1,6,3,7","0.00070500373840332","louvain","graph_2024M12.graphml"
"0.66","0.24","0.1","0.193678511240991","1,2,3,1,1,4,3,3,2,2,1,5,3,1,6,3,7","0.0006561279296875","louvain","graph_2024M12.graphml"
"0.65","0.25","0.1","0.193678511240991","1,2,3,1,1,4,3,3,2,2,1,5,3,1,6,3,7","0.0016169548034668","louvain","graph_2024M12.graphml"
"0.64","0.26","0.1","0.193678511240991","1,2,3,1,1,4,3,3,2,2,1,5,3,1,6,3,7","0.000633955001831055","louvain","graph_2024M12.graphml"
"0.63","0.27","0.1","0.186672822406894","1,2,3,1,1,4,3,3,2,2,1,5,3,1,6,3,7","0.000731945037841797","louvain","graph_2024M12.graphml"
"0.62","0.28","0.1","0.186046511627907","1,2,3,1,1,4,3,3,2,5,1,6,3,1,7,5,8","0.000612974166870117","louvain","graph_2024M12.graphml"
"0.61","0.29","0.1","0.183098824151143","1,2,3,1,4,5,3,3,2,4,1,6,3,1,7,4,8","0.000657081604003906","louvain","graph_2024M12.graphml"
"0.6","0.3","0.1","0.191978677902263","1,2,3,1,4,5,3,3,2,4,1,6,3,1,7,4,8","0.00114798545837402","louvain","graph_2024M12.graphml"
"0.59","0.31","0.1","0.191192534565088","1,2,3,1,4,5,3,3,2,4,1,6,3,1,7,4,8","0.000684022903442383","louvain","graph_2024M12.graphml"
"0.58","0.32","0.1","0.191192534565088","1,2,3,1,4,5,3,3,2,4,1,6,3,1,7,4,8","0.00065302848815918","louvain","graph_2024M12.graphml"
"0.57","0.33","0.1","0.191192534565088","1,2,3,1,4,5,3,3,2,4,1,6,3,1,7,4,8","0.000627994537353516","louvain","graph_2024M12.graphml"
"0.56","0.34","0.1","0.189336419753086","1,2,3,1,4,5,3,3,2,4,1,6,3,1,7,4,8","0.000910043716430664","louvain","graph_2024M12.graphml"
"0.55","0.35","0.1","0.188911363361913","1,2,3,1,4,5,3,3,2,4,1,6,3,1,7,4,8","0.00117897987365723","louvain","graph_2024M12.graphml"
"0.54","0.36","0.1","0.186732957090388","1,2,3,1,4,5,3,3,2,4,1,6,3,1,7,1,8","0.00113010406494141","louvain","graph_2024M12.graphml"
"0.53","0.37","0.1","0.183542060491493","1,2,3,1,4,5,3,3,2,4,1,6,3,1,7,1,8","0.00120401382446289","louvain","graph_2024M12.graphml"
"0.52","0.38","0.1","0.181402483564646","1,2,3,1,4,5,3,3,2,4,1,6,3,1,7,1,8","0.000602960586547852","louvain","graph_2024M12.graphml"
"0.51","0.39","0.1","0.182789157990041","1,2,3,1,4,5,3,3,2,4,1,6,3,1,7,4,8","0.000663995742797852","louvain","graph_2024M12.graphml"
"0.5","0.4","0.1","0.177613004029495","1,2,3,1,4,5,6,6,2,4,3,6,3,1,7,1,8","0.0011298656463623","louvain","graph_2024M12.graphml"
"0.49","0.41","0.1","0.180262984878369","1,2,3,1,3,4,5,5,2,3,3,5,3,1,6,5,7","0.000669002532958984","louvain","graph_2024M12.graphml"
"0.48","0.42","0.1","0.175361733289563","1,2,3,1,1,4,3,5,2,3,3,5,3,1,6,3,7","0.000680923461914062","louvain","graph_2024M12.graphml"
"0.47","0.43","0.1","0.1773125","1,2,3,1,1,4,3,5,2,3,3,5,3,1,6,3,7","0.000691890716552734","louvain","graph_2024M12.graphml"
"0.46","0.44","0.1","0.1773125","1,2,3,1,1,4,3,5,2,3,3,5,3,1,6,3,7","0.000772953033447266","louvain","graph_2024M12.graphml"
"0.45","0.45","0.1","0.174864714018782","1,2,3,1,1,4,5,5,2,5,3,6,3,1,7,5,8","0.000627994537353516","louvain","graph_2024M12.graphml"
"0.44","0.46","0.1","0.174312908982748","1,2,3,1,1,4,5,5,2,5,3,6,3,1,7,5,8","0.00055384635925293","louvain","graph_2024M12.graphml"
"0.43","0.47","0.1","0.174312908982748","1,2,3,1,1,4,5,5,2,5,3,6,3,1,7,5,8","0.000674009323120117","louvain","graph_2024M12.graphml"
"0.42","0.48","0.1","0.171776321990763","1,2,3,1,1,4,5,5,2,5,3,6,3,1,7,5,8","0.000632047653198242","louvain","graph_2024M12.graphml"
"0.41","0.49","0.1","0.173008243300914","1,2,3,1,3,4,5,5,2,5,3,6,3,1,7,5,8","0.000674962997436523","louvain","graph_2024M12.graphml"
"0.4","0.5","0.1","0.178238444753025","1,2,3,1,3,4,5,5,2,5,3,5,3,1,6,5,7","0.00116991996765137","louvain","graph_2024M12.graphml"
"0.39","0.51","0.1","0.178238444753025","1,2,3,1,3,4,5,5,2,5,3,5,3,1,6,5,7","0.000648021697998047","louvain","graph_2024M12.graphml"
"0.38","0.52","0.1","0.177557391322814","1,2,2,1,3,1,4,4,3,4,4,5,2,1,6,4,7","0.0011601448059082","louvain","graph_2024M12.graphml"
"0.37","0.53","0.1","0.173839160984967","1,2,3,1,3,1,4,4,2,4,4,5,3,1,6,4,7","0.000633955001831055","louvain","graph_2024M12.graphml"
"0.36","0.54","0.1","0.182248485331633","1,2,3,1,3,1,4,4,2,4,4,5,3,1,6,4,7","0.000674009323120117","louvain","graph_2024M12.graphml"
"0.35","0.55","0.1","0.177862401127731","1,2,2,1,3,1,4,4,3,4,4,5,2,1,6,4,7","0.000756025314331055","louvain","graph_2024M12.graphml"
"0.34","0.56","0.1","0.17596327042055","1,2,3,1,2,1,3,3,2,4,3,5,3,4,6,3,7","0.00113511085510254","louvain","graph_2024M12.graphml"
"0.33","0.57","0.1","0.179093567251462","1,2,2,1,3,1,4,4,3,4,4,5,2,1,6,4,7","0.00133490562438965","louvain","graph_2024M12.graphml"
"0.32","0.58","0.1","0.184285820451843","1,2,3,1,4,1,2,2,4,2,2,5,3,1,6,3,7","0.000571966171264648","louvain","graph_2024M12.graphml"
"0.31","0.59","0.1","0.179348121321865","1,2,3,1,4,1,4,4,3,5,2,4,2,5,6,3,7","0.000797033309936523","louvain","graph_2024M12.graphml"
"0.3","0.6","0.1","0.185796435756378","1,2,3,1,3,1,2,2,4,2,2,5,3,1,6,4,7","0.000755071640014648","louvain","graph_2024M12.graphml"
"0.29","0.61","0.1","0.182481049001243","1,2,3,1,2,1,2,2,3,2,2,4,5,1,6,5,7","0.000638961791992188","louvain","graph_2024M12.graphml"
"0.28","0.62","0.1","0.183923611111111","1,2,3,1,3,1,2,2,4,2,2,5,3,1,6,4,7","0.00136303901672363","louvain","graph_2024M12.graphml"
"0.27","0.63","0.1","0.183654513888889","1,2,3,1,2,1,2,2,3,2,4,5,4,1,6,2,7","0.00113797187805176","louvain","graph_2024M12.graphml"
"0.26","0.64","0.1","0.184148965234615","1,2,3,1,4,1,2,2,3,2,2,5,4,1,6,2,7","0.000823974609375","louvain","graph_2024M12.graphml"
"0.25","0.65","0.1","0.181024926095136","1,2,3,1,4,1,2,2,3,2,2,5,4,1,6,2,7","0.000666141510009766","louvain","graph_2024M12.graphml"
"0.24","0.66","0.1","0.180795161610153","1,2,3,1,4,1,2,2,3,2,2,5,4,1,6,2,7","0.000852108001708984","louvain","graph_2024M12.graphml"
"0.23","0.67","0.1","0.179183467741935","1,2,3,1,2,1,2,2,3,2,2,4,2,1,5,2,6","0.000696897506713867","louvain","graph_2024M12.graphml"
"0.22","0.68","0.1","0.180279350333059","1,2,3,1,2,1,2,2,3,2,2,4,2,1,5,2,6","0.000761032104492188","louvain","graph_2024M12.graphml"
"0.21","0.69","0.1","0.183957397501627","1,2,3,1,4,1,4,4,2,4,4,5,3,1,1,4,6","0.000931978225708008","louvain","graph_2024M12.graphml"
"0.2","0.7","0.1","0.183458576137731","1,2,3,1,4,1,4,4,2,4,1,5,3,1,1,4,6","0.000719070434570312","louvain","graph_2024M12.graphml"
"0.19","0.71","0.1","0.182750685097428","1,2,3,1,4,1,5,5,2,5,5,4,3,1,1,5,6","0.00118803977966309","louvain","graph_2024M12.graphml"
"0.18","0.72","0.1","0.182750685097428","1,2,3,1,4,1,5,5,2,5,5,4,3,1,1,5,6","0.000959873199462891","louvain","graph_2024M12.graphml"
"0.17","0.73","0.1","0.180660717504958","1,2,3,1,4,1,5,5,2,5,5,4,3,1,1,5,6","0.000849008560180664","louvain","graph_2024M12.graphml"
"0.16","0.74","0.1","0.178990326037492","1,2,3,1,4,1,5,5,2,5,5,4,3,1,1,5,6","0.000725030899047852","louvain","graph_2024M12.graphml"
"0.15","0.75","0.1","0.17767758289144","1,2,3,1,4,1,5,5,2,5,5,4,3,1,1,5,6","0.00118517875671387","louvain","graph_2024M12.graphml"
"0.14","0.76","0.1","0.179668637684512","1,2,3,1,4,1,4,4,2,5,1,4,3,1,1,3,6","0.000681161880493164","louvain","graph_2024M12.graphml"
"0.13","0.77","0.1","0.177465290138839","1,2,3,1,4,1,4,4,2,4,1,4,3,1,1,3,5","0.000660896301269531","louvain","graph_2024M12.graphml"
"0.12","0.78","0.1","0.179136551457277","1,2,3,2,4,1,4,4,2,4,1,4,3,1,1,4,5","0.000718116760253906","louvain","graph_2024M12.graphml"
"0.11","0.79","0.1","0.180953360768176","1,2,3,2,4,1,4,4,2,4,1,4,3,1,1,4,5","0.000690221786499023","louvain","graph_2024M12.graphml"
"0.1","0.8","0.1","0.176427886408439","1,2,3,2,4,1,4,5,2,4,1,4,3,4,1,5,6","0.000746011734008789","louvain","graph_2024M12.graphml"
"0.09","0.81","0.1","0.177825036756984","1,2,3,2,4,1,4,5,2,4,1,4,3,4,1,5,6","0.000778913497924805","louvain","graph_2024M12.graphml"
"0.08","0.82","0.1","0.176905486825709","1,2,3,2,4,1,4,5,2,4,1,4,3,4,1,5,6","0.000694990158081055","louvain","graph_2024M12.graphml"
"0.07","0.83","0.1","0.175350765306122","1,2,3,2,4,1,4,5,2,4,1,4,3,4,1,5,6","0.000764846801757812","louvain","graph_2024M12.graphml"
"0.06","0.84","0.1","0.175350765306122","1,2,3,2,4,1,4,5,2,4,1,4,3,4,1,5,6","0.000680923461914062","louvain","graph_2024M12.graphml"
"0.05","0.85","0.1","0.17468750395765","1,2,3,4,5,1,4,4,2,4,1,5,3,4,1,4,6","0.000756025314331055","louvain","graph_2024M12.graphml"
"0.04","0.86","0.1","0.176391093037096","1,2,3,4,5,1,4,4,2,4,1,5,3,4,1,4,6","0.000746011734008789","louvain","graph_2024M12.graphml"
"0.03","0.87","0.1","0.174490612496153","1,2,3,4,5,1,4,4,2,4,1,5,3,4,1,4,6","0.000749111175537109","louvain","graph_2024M12.graphml"
"0.02","0.88","0.1","0.175136236496914","1,2,3,4,4,1,4,4,2,4,1,4,3,4,1,4,5","0.00105714797973633","louvain","graph_2024M12.graphml"
"0.01","0.89","0.1","0.173734749344476","1,2,3,4,4,1,4,4,2,4,1,4,3,4,1,4,5","0.000764846801757812","louvain","graph_2024M12.graphml"
"0","0.9","0.1","0.176272294887039","1,2,3,2,4,1,4,4,2,4,1,4,3,4,1,4,5","0.000813961029052734","louvain","graph_2024M12.graphml"
"0.89","0","0.11","0.175242694029475","1,2,2,1,1,3,2,4,5,2,1,4,2,2,6,4,7","0.000638008117675781","louvain","graph_2024M12.graphml"
"0.88","0.01","0.11","0.175783574687562","1,2,2,1,1,3,2,2,4,2,1,5,2,2,6,4,7","0.000730037689208984","louvain","graph_2024M12.graphml"
"0.87","0.02","0.11","0.175783574687562","1,2,2,1,1,3,2,2,4,2,1,5,2,2,6,4,7","0.00105094909667969","louvain","graph_2024M12.graphml"
"0.86","0.03","0.11","0.175612461419753","1,2,2,1,1,3,2,2,4,2,1,5,2,2,6,4,7","0.00111103057861328","louvain","graph_2024M12.graphml"
"0.85","0.04","0.11","0.181131300219138","1,2,2,1,1,3,2,2,4,2,1,5,2,1,6,4,7","0.000645875930786133","louvain","graph_2024M12.graphml"
"0.84","0.05","0.11","0.183302553939012","1,2,2,1,1,3,2,2,4,2,1,5,2,1,6,2,7","0.00100278854370117","louvain","graph_2024M12.graphml"
"0.83","0.06","0.11","0.182086392504842","1,2,1,1,1,3,2,2,4,2,1,2,2,1,5,4,6","0.000514984130859375","louvain","graph_2024M12.graphml"
"0.82","0.07","0.11","0.190508137119114","1,2,2,1,1,3,2,2,4,2,1,5,2,1,6,2,7","0.00119781494140625","louvain","graph_2024M12.graphml"
"0.81","0.08","0.11","0.187456717451524","1,2,3,1,1,4,3,3,5,2,1,2,3,1,6,3,7","0.00112295150756836","louvain","graph_2024M12.graphml"
"0.8","0.09","0.11","0.186317228416421","1,2,2,1,1,3,2,2,4,2,1,5,2,1,6,2,7","0.000627040863037109","louvain","graph_2024M12.graphml"
"0.79","0.1","0.11","0.179646201873049","1,2,2,1,1,3,2,2,4,2,1,5,2,1,6,2,7","0.000635147094726562","louvain","graph_2024M12.graphml"
"0.78","0.11","0.11","0.178729360217453","1,2,2,1,1,3,2,2,4,2,1,5,2,1,6,4,7","0.000589847564697266","louvain","graph_2024M12.graphml"
"0.77","0.12","0.11","0.178632174360191","1,2,3,1,1,4,5,3,2,5,1,5,3,1,6,3,7","0.000605106353759766","louvain","graph_2024M12.graphml"
"0.76","0.13","0.11","0.17845703125","1,2,3,1,1,4,3,3,2,2,1,5,3,1,6,3,7","0.000844001770019531","louvain","graph_2024M12.graphml"
"0.75","0.14","0.11","0.178250266727633","1,2,3,1,1,4,5,3,2,5,1,5,3,1,6,3,7","0.000644922256469727","louvain","graph_2024M12.graphml"
"0.74","0.15","0.11","0.181169784335127","1,2,3,1,1,4,3,3,2,2,1,5,3,1,6,3,7","0.00116801261901855","louvain","graph_2024M12.graphml"
"0.73","0.16","0.11","0.184432629387269","1,2,3,1,1,4,3,3,2,2,1,5,3,1,6,3,7","0.000629901885986328","louvain","graph_2024M12.graphml"
"0.72","0.17","0.11","0.184432629387269","1,2,3,1,1,4,3,3,2,2,1,5,3,1,6,3,7","0.000610828399658203","louvain","graph_2024M12.graphml"
"0.71","0.18","0.11","0.184188561474815","1,2,3,1,1,4,3,3,2,2,1,5,3,1,6,3,7","0.000461816787719727","louvain","graph_2024M12.graphml"
"0.7","0.19","0.11","0.187615979832639","1,2,3,1,1,4,5,3,2,5,1,5,3,1,6,3,7","0.000501155853271484","louvain","graph_2024M12.graphml"
"0.69","0.2","0.11","0.186672822406894","1,2,3,1,1,4,3,3,2,2,1,5,3,1,6,3,7","0.000633001327514648","louvain","graph_2024M12.graphml"
"0.68","0.21","0.11","0.183317184002138","1,2,3,1,1,4,3,3,2,5,1,6,3,1,7,5,8","0.000638961791992188","louvain","graph_2024M12.graphml"
"0.67","0.22","0.11","0.180803276522658","1,2,3,1,1,4,3,3,2,3,1,5,3,1,6,3,7","0.00147104263305664","louvain","graph_2024M12.graphml"
"0.66","0.23","0.11","0.184302084330812","1,2,3,1,4,5,3,3,2,4,1,6,3,1,7,4,8","0.00062108039855957","louvain","graph_2024M12.graphml"
"0.65","0.24","0.11","0.188360055548542","1,2,3,1,4,5,3,3,2,4,1,6,3,1,7,4,8","0.0005950927734375","louvain","graph_2024M12.graphml"
"0.64","0.25","0.11","0.186495427733217","1,2,3,1,4,5,3,3,2,4,1,6,3,1,7,4,8","0.000699996948242188","louvain","graph_2024M12.graphml"
"0.63","0.26","0.11","0.189336419753086","1,2,3,1,4,5,3,3,2,4,1,6,3,1,7,4,8","0.000513076782226562","louvain","graph_2024M12.graphml"
"0.62","0.27","0.11","0.18794529646178","1,2,3,1,4,5,3,3,2,4,1,6,3,1,7,4,8","0.000589132308959961","louvain","graph_2024M12.graphml"
"0.61","0.28","0.11","0.182582112476371","1,2,3,1,4,5,3,3,2,4,1,6,3,1,7,4,8","0.000590085983276367","louvain","graph_2024M12.graphml"
"0.6","0.29","0.11","0.180409057706355","1,2,3,1,4,5,3,3,2,4,1,6,3,1,7,4,8","0.000651121139526367","louvain","graph_2024M12.graphml"
"0.59","0.3","0.11","0.178272054572783","1,2,3,1,4,5,3,3,2,4,1,6,3,1,7,1,8","0.000577926635742188","louvain","graph_2024M12.graphml"
"0.58","0.31","0.11","0.176946582163875","1,2,3,1,4,5,3,3,2,4,4,6,3,1,7,1,8","0.000777006149291992","louvain","graph_2024M12.graphml"
"0.57","0.32","0.11","0.172340720221607","1,2,3,1,4,5,3,3,2,4,1,6,3,1,7,4,8","0.00074005126953125","louvain","graph_2024M12.graphml"
"0.56","0.33","0.11","0.1680908203125","1,2,3,1,4,5,3,3,2,4,1,6,3,1,7,4,8","0.00064396858215332","louvain","graph_2024M12.graphml"
"0.55","0.34","0.11","0.172866404506324","1,2,3,1,4,5,3,3,2,4,1,6,3,1,7,3,8","0.000667095184326172","louvain","graph_2024M12.graphml"
"0.54","0.35","0.11","0.177660442811958","1,2,3,1,4,5,3,3,2,4,1,6,3,1,7,3,8","0.000680923461914062","louvain","graph_2024M12.graphml"
"0.53","0.36","0.11","0.1747875","1,2,3,1,3,4,5,5,2,3,3,5,3,1,6,5,7","0.000654935836791992","louvain","graph_2024M12.graphml"
"0.52","0.37","0.11","0.175714043048849","1,2,3,1,3,4,5,6,2,5,3,6,3,1,7,5,8","0.000683069229125977","louvain","graph_2024M12.graphml"
"0.51","0.38","0.11","0.17433198769704","1,2,3,1,3,4,5,6,2,5,3,6,3,1,7,5,8","0.000648975372314453","louvain","graph_2024M12.graphml"
"0.5","0.39","0.11","0.176001773670331","1,2,1,1,3,4,3,3,2,3,1,5,3,1,6,3,7","0.00069117546081543","louvain","graph_2024M12.graphml"
"0.49","0.4","0.11","0.170428790549667","1,2,3,1,3,4,3,5,2,3,1,5,3,3,6,3,7","0.000670194625854492","louvain","graph_2024M12.graphml"
"0.48","0.41","0.11","0.169784580498866","1,2,3,1,3,4,5,5,2,5,3,6,3,1,7,5,8","0.000638961791992188","louvain","graph_2024M12.graphml"
"0.47","0.42","0.11","0.169784580498866","1,2,3,1,3,4,5,5,2,5,3,6,3,1,7,5,8","0.000833034515380859","louvain","graph_2024M12.graphml"
"0.46","0.43","0.11","0.171593180746165","1,2,3,1,3,4,5,5,2,5,3,6,3,1,7,5,8","0.000694990158081055","louvain","graph_2024M12.graphml"
"0.45","0.44","0.11","0.175921477858328","1,2,3,1,3,1,3,3,2,3,3,4,3,1,5,3,6","0.00120210647583008","louvain","graph_2024M12.graphml"
"0.44","0.45","0.11","0.173585977611312","1,2,3,1,2,1,3,3,2,4,1,3,3,4,5,3,6","0.00126099586486816","louvain","graph_2024M12.graphml"
"0.43","0.46","0.11","0.17205831166438","1,2,3,1,2,1,3,3,2,4,1,3,3,4,5,3,6","0.000600814819335938","louvain","graph_2024M12.graphml"
"0.42","0.47","0.11","0.173419563137755","1,2,2,1,3,1,2,2,3,2,2,4,2,1,5,2,6","0.00111603736877441","louvain","graph_2024M12.graphml"
"0.41","0.48","0.11","0.174984337066333","1,2,3,1,2,1,3,3,2,4,3,3,3,4,5,3,6","0.000719070434570312","louvain","graph_2024M12.graphml"
"0.4","0.49","0.11","0.175250829629917","1,2,2,1,2,1,3,3,2,4,3,3,3,4,5,3,6","0.00120282173156738","louvain","graph_2024M12.graphml"
"0.39","0.5","0.11","0.17769890735611","1,2,2,1,2,1,3,3,2,4,3,5,3,4,6,3,7","0.000961065292358398","louvain","graph_2024M12.graphml"
"0.38","0.51","0.11","0.180974809786236","1,2,3,1,3,1,2,2,3,2,2,4,2,1,5,2,6","0.000628948211669922","louvain","graph_2024M12.graphml"
"0.37","0.52","0.11","0.176392871198066","1,2,2,1,2,1,3,3,2,4,3,5,3,4,6,3,7","0.000465869903564453","louvain","graph_2024M12.graphml"
"0.36","0.53","0.11","0.175147125396107","1,2,3,1,3,1,2,2,3,4,2,5,2,4,6,2,7","0.000935077667236328","louvain","graph_2024M12.graphml"
"0.35","0.54","0.11","0.178577055723814","1,2,3,1,2,1,2,2,3,4,2,5,2,4,6,2,7","0.000619888305664062","louvain","graph_2024M12.graphml"
"0.34","0.55","0.11","0.185532067481729","1,2,3,1,2,1,2,2,3,2,2,4,2,1,5,2,6","0.000651836395263672","louvain","graph_2024M12.graphml"
"0.33","0.56","0.11","0.181092112335394","1,2,3,1,2,1,2,2,3,2,2,4,2,1,5,2,6","0.0007171630859375","louvain","graph_2024M12.graphml"
"0.32","0.57","0.11","0.18085856185153","1,2,3,1,2,1,2,2,3,2,2,4,2,1,5,2,6","0.00151801109313965","louvain","graph_2024M12.graphml"
"0.31","0.58","0.11","0.18085856185153","1,2,3,1,2,1,2,2,3,2,2,4,2,1,5,2,6","0.000523090362548828","louvain","graph_2024M12.graphml"
"0.3","0.59","0.11","0.182801118626431","1,2,3,1,2,1,2,2,3,2,2,4,2,1,5,2,6","0.000880002975463867","louvain","graph_2024M12.graphml"
"0.29","0.6","0.11","0.182184","1,2,3,1,2,1,2,2,3,2,2,4,2,1,1,2,5","0.000621795654296875","louvain","graph_2024M12.graphml"
"0.28","0.61","0.11","0.182184","1,2,3,1,2,1,2,2,3,2,2,4,2,1,1,2,5","0.000669956207275391","louvain","graph_2024M12.graphml"
"0.27","0.62","0.11","0.182184","1,2,3,1,2,1,2,2,3,2,2,4,2,1,1,2,5","0.000635147094726562","louvain","graph_2024M12.graphml"
"0.26","0.63","0.11","0.176956103912208","1,2,3,1,3,1,3,3,2,3,3,4,3,1,1,3,5","0.000631093978881836","louvain","graph_2024M12.graphml"
"0.25","0.64","0.11","0.178596496582031","1,2,3,1,4,1,4,4,2,4,1,5,3,1,1,4,6","0.000755071640014648","louvain","graph_2024M12.graphml"
"0.24","0.65","0.11","0.181616254975328","1,2,2,1,3,1,4,4,2,5,4,3,4,1,1,4,6","0.000665187835693359","louvain","graph_2024M12.graphml"
"0.23","0.66","0.11","0.178153579659723","1,2,2,1,3,1,4,4,2,5,4,3,4,1,1,4,6","0.000667095184326172","louvain","graph_2024M12.graphml"
"0.22","0.67","0.11","0.176365134670156","1,2,3,1,4,1,5,5,2,5,5,4,3,1,1,5,6","0.00129294395446777","louvain","graph_2024M12.graphml"
"0.21","0.68","0.11","0.174156336088154","1,2,3,1,4,1,4,4,2,5,1,4,3,1,1,3,6","0.000650167465209961","louvain","graph_2024M12.graphml"
"0.2","0.69","0.11","0.176408976124885","1,2,2,1,3,1,4,4,2,4,4,3,4,1,1,4,5","0.00059199333190918","louvain","graph_2024M12.graphml"
"0.19","0.7","0.11","0.176909932360271","1,2,2,1,3,1,4,4,2,3,4,3,4,1,1,4,5","0.000710010528564453","louvain","graph_2024M12.graphml"
"0.18","0.71","0.11","0.175681651718467","1,2,3,2,4,1,4,4,2,4,1,4,3,1,1,3,5","0.000700950622558594","louvain","graph_2024M12.graphml"
"0.17","0.72","0.11","0.172689642025572","1,2,3,2,4,1,4,4,2,4,1,4,3,1,1,3,5","0.00127506256103516","louvain","graph_2024M12.graphml"
"0.16","0.73","0.11","0.172689642025572","1,2,3,2,4,1,4,4,2,4,1,4,3,1,1,3,5","0.000701904296875","louvain","graph_2024M12.graphml"
"0.15","0.74","0.11","0.176337190082645","1,2,3,2,4,1,4,5,2,4,1,4,3,1,1,5,6","0.000885963439941406","louvain","graph_2024M12.graphml"
"0.14","0.75","0.11","0.176288845210108","1,2,3,2,4,1,4,5,2,4,1,4,3,4,1,5,6","0.000590085983276367","louvain","graph_2024M12.graphml"
"0.13","0.76","0.11","0.175350765306122","1,2,3,2,4,1,4,5,2,4,1,4,3,4,1,5,6","0.00240707397460938","louvain","graph_2024M12.graphml"
"0.12","0.77","0.11","0.173680677802966","1,2,3,2,4,1,4,5,2,4,1,4,3,4,1,5,6","0.00132417678833008","louvain","graph_2024M12.graphml"
"0.11","0.78","0.11","0.173680677802966","1,2,3,2,4,1,4,5,2,4,1,4,3,4,1,5,6","0.00207209587097168","louvain","graph_2024M12.graphml"
"0.1","0.79","0.11","0.172646796270581","1,2,3,4,5,1,4,4,2,4,1,5,3,4,1,4,6","0.000838041305541992","louvain","graph_2024M12.graphml"
"0.09","0.8","0.11","0.171423715232672","1,2,3,4,5,1,4,4,2,4,1,5,3,4,1,4,6","0.000684022903442383","louvain","graph_2024M12.graphml"
"0.08","0.81","0.11","0.171423715232672","1,2,3,4,5,1,4,4,2,4,1,5,3,4,1,4,6","0.000727176666259766","louvain","graph_2024M12.graphml"
"0.07","0.82","0.11","0.170952690972222","1,2,3,4,4,1,4,4,2,4,1,4,3,4,1,4,5","0.000864028930664062","louvain","graph_2024M12.graphml"
"0.06","0.83","0.11","0.172453634415297","1,2,3,4,4,1,4,4,2,4,1,4,3,4,1,4,5","0.000695943832397461","louvain","graph_2024M12.graphml"
"0.05","0.84","0.11","0.174921174761753","1,2,3,2,4,1,4,4,2,4,1,4,3,4,1,4,5","0.000703096389770508","louvain","graph_2024M12.graphml"
"0.04","0.85","0.11","0.176481281666354","1,2,3,4,4,1,4,4,2,4,1,4,3,4,1,4,5","0.000793933868408203","louvain","graph_2024M12.graphml"
"0.03","0.86","0.11","0.176481281666354","1,2,3,4,4,1,4,4,2,4,1,4,3,4,1,4,5","0.000813007354736328","louvain","graph_2024M12.graphml"
"0.02","0.87","0.11","0.177934512923855","1,2,3,4,4,1,4,4,2,4,1,4,3,4,1,4,5","0.000722885131835938","louvain","graph_2024M12.graphml"
"0.01","0.88","0.11","0.180393586005831","1,2,3,2,4,1,4,4,2,4,1,4,3,4,1,4,5","0.000668048858642578","louvain","graph_2024M12.graphml"
"0","0.89","0.11","0.17936792366691","1,2,3,4,5,1,4,4,2,4,1,5,3,4,1,4,6","0.000884771347045898","louvain","graph_2024M12.graphml"
"0.88","0","0.12","0.186317228416421","1,2,2,1,1,3,2,2,4,2,1,5,2,1,6,2,7","0.000674962997436523","louvain","graph_2024M12.graphml"
"0.87","0.01","0.12","0.183736717827627","1,2,2,1,1,3,2,2,4,2,1,5,2,1,6,2,7","0.000664949417114258","louvain","graph_2024M12.graphml"
"0.86","0.02","0.12","0.179646201873049","1,2,2,1,1,3,2,2,4,2,1,5,2,1,6,2,7","0.000658988952636719","louvain","graph_2024M12.graphml"
"0.85","0.03","0.12","0.178851069008885","1,2,2,1,1,3,2,2,4,2,1,5,2,1,6,4,7","0.000960826873779297","louvain","graph_2024M12.graphml"
"0.84","0.04","0.12","0.180319660310848","1,2,2,1,1,3,2,2,4,2,1,5,2,1,6,2,7","0.000606060028076172","louvain","graph_2024M12.graphml"
"0.83","0.05","0.12","0.18172524208171","1,2,3,1,1,4,3,3,2,2,1,5,3,1,6,3,7","0.000635862350463867","louvain","graph_2024M12.graphml"
"0.82","0.06","0.12","0.1785360463344","1,2,3,1,1,4,3,3,2,2,1,5,3,1,6,3,7","0.00085902214050293","louvain","graph_2024M12.graphml"
"0.81","0.07","0.12","0.1785360463344","1,2,3,1,1,4,3,3,2,2,1,5,3,1,6,3,7","0.000644207000732422","louvain","graph_2024M12.graphml"
"0.8","0.08","0.12","0.181904372397382","1,2,1,1,1,3,4,4,2,4,1,4,4,1,5,2,6","0.000748157501220703","louvain","graph_2024M12.graphml"
"0.79","0.09","0.12","0.184432629387269","1,2,3,1,1,4,3,3,2,2,1,5,3,1,6,3,7","0.00050806999206543","louvain","graph_2024M12.graphml"
"0.78","0.1","0.12","0.177892292059806","1,2,3,1,1,4,3,3,2,2,1,5,3,1,6,3,7","0.000730991363525391","louvain","graph_2024M12.graphml"
"0.77","0.11","0.12","0.177892292059806","1,2,3,1,1,4,3,3,2,2,1,5,3,1,6,3,7","0.000640153884887695","louvain","graph_2024M12.graphml"
"0.76","0.12","0.12","0.180613423899723","1,2,3,1,1,4,3,3,2,2,1,5,3,1,6,3,7","0.000664949417114258","louvain","graph_2024M12.graphml"
"0.75","0.13","0.12","0.180653876406416","1,2,3,1,1,4,3,3,2,2,1,5,3,1,6,3,7","0.000606060028076172","louvain","graph_2024M12.graphml"
"0.74","0.14","0.12","0.178491214163033","1,2,3,1,1,4,3,5,2,5,3,6,3,1,7,5,8","0.000710010528564453","louvain","graph_2024M12.graphml"
"0.73","0.15","0.12","0.174938775510204","1,2,3,1,1,4,3,3,2,2,1,5,3,1,6,2,7","0.000664949417114258","louvain","graph_2024M12.graphml"
"0.72","0.16","0.12","0.183904996722949","1,2,3,1,4,5,3,3,2,4,1,6,3,1,7,4,8","0.000915050506591797","louvain","graph_2024M12.graphml"
"0.71","0.17","0.12","0.182083333333333","1,2,3,1,4,5,3,3,2,4,1,6,3,1,7,4,8","0.000678062438964844","louvain","graph_2024M12.graphml"
"0.7","0.18","0.12","0.18612069228656","1,2,3,1,4,5,3,3,2,4,1,6,3,1,7,4,8","0.000674009323120117","louvain","graph_2024M12.graphml"
"0.69","0.19","0.12","0.180820567947684","1,2,3,1,4,5,3,3,2,4,1,6,3,1,7,1,8","0.000854015350341797","louvain","graph_2024M12.graphml"
"0.68","0.2","0.12","0.182582112476371","1,2,3,1,4,5,3,3,2,4,1,6,3,1,7,4,8","0.00115299224853516","louvain","graph_2024M12.graphml"
"0.67","0.21","0.12","0.182582112476371","1,2,3,1,4,5,3,3,2,4,1,6,3,1,7,4,8","0.000658035278320312","louvain","graph_2024M12.graphml"
"0.66","0.22","0.12","0.181117561268552","1,2,3,1,4,5,3,3,2,4,1,6,3,1,7,1,8","0.000655174255371094","louvain","graph_2024M12.graphml"
"0.65","0.23","0.12","0.17960615663196","1,2,3,1,4,5,3,3,2,4,1,6,3,1,7,1,8","0.000951051712036133","louvain","graph_2024M12.graphml"
"0.64","0.24","0.12","0.170863647346237","1,2,3,1,4,5,3,3,2,4,1,6,3,1,7,1,8","0.000644922256469727","louvain","graph_2024M12.graphml"
"0.63","0.25","0.12","0.168229886279094","1,2,3,1,3,4,3,5,2,3,3,6,3,1,7,5,8","0.000643014907836914","louvain","graph_2024M12.graphml"
"0.62","0.26","0.12","0.170848126232742","1,2,1,1,3,4,3,3,2,3,1,5,3,1,6,3,7","0.000616073608398438","louvain","graph_2024M12.graphml"
"0.61","0.27","0.12","0.166649488520704","1,2,3,1,4,5,3,3,2,4,1,3,3,1,6,3,7","0.000661134719848633","louvain","graph_2024M12.graphml"
"0.6","0.28","0.12","0.1695875","1,2,3,1,4,5,3,3,2,4,1,3,3,1,6,3,7","0.000672101974487305","louvain","graph_2024M12.graphml"
"0.59","0.29","0.12","0.171716046632509","1,2,3,1,4,5,3,3,2,4,1,3,3,1,6,3,7","0.00116682052612305","louvain","graph_2024M12.graphml"
"0.58","0.3","0.12","0.170897134121187","1,2,1,1,3,4,3,5,2,3,3,5,3,1,6,3,7","0.00116300582885742","louvain","graph_2024M12.graphml"
"0.57","0.31","0.12","0.170826888756692","1,2,3,1,3,4,3,5,2,3,3,5,3,1,6,3,7","0.000789880752563477","louvain","graph_2024M12.graphml"
"0.56","0.32","0.12","0.174823216411118","1,2,3,1,3,4,3,5,2,3,3,5,3,1,6,3,7","0.00125718116760254","louvain","graph_2024M12.graphml"
"0.55","0.33","0.12","0.171378860374076","1,2,3,1,3,4,5,5,2,5,3,6,3,1,7,5,8","0.000702142715454102","louvain","graph_2024M12.graphml"
"0.54","0.34","0.12","0.169784580498866","1,2,3,1,3,4,5,5,2,5,3,6,3,1,7,5,8","0.000648021697998047","louvain","graph_2024M12.graphml"
"0.53","0.35","0.12","0.169784580498866","1,2,3,1,3,4,5,5,2,5,3,6,3,1,7,5,8","0.000685930252075195","louvain","graph_2024M12.graphml"
"0.52","0.36","0.12","0.171284357160175","1,2,3,1,3,1,4,4,2,4,3,4,3,1,5,4,6","0.000802993774414062","louvain","graph_2024M12.graphml"
"0.51","0.37","0.12","0.169174163682418","1,2,3,1,3,1,4,4,2,4,3,4,3,1,5,4,6","0.00103211402893066","louvain","graph_2024M12.graphml"
"0.5","0.38","0.12","0.17201476199412","1,2,3,1,2,1,3,3,2,4,1,3,3,4,5,3,6","0.000691890716552734","louvain","graph_2024M12.graphml"
"0.49","0.39","0.12","0.169369834710744","1,2,3,1,2,1,3,3,2,4,1,3,3,4,5,3,6","0.000694990158081055","louvain","graph_2024M12.graphml"
"0.48","0.4","0.12","0.171278328540691","1,2,3,1,2,1,3,3,2,4,1,3,3,4,5,3,6","0.000673055648803711","louvain","graph_2024M12.graphml"
"0.47","0.41","0.12","0.177333333333333","1,2,3,1,2,1,3,3,2,4,1,3,3,4,5,3,6","0.000952005386352539","louvain","graph_2024M12.graphml"
"0.46","0.42","0.12","0.176967913204063","1,2,2,1,2,1,3,3,2,4,3,3,3,4,5,3,6","0.00118303298950195","louvain","graph_2024M12.graphml"
"0.45","0.43","0.12","0.176967913204063","1,2,2,1,2,1,3,3,2,4,3,3,3,4,5,3,6","0.000940799713134766","louvain","graph_2024M12.graphml"
"0.44","0.44","0.12","0.17201701617286","1,2,3,1,3,1,4,2,3,4,4,2,2,1,5,4,6","0.000694036483764648","louvain","graph_2024M12.graphml"
"0.43","0.45","0.12","0.174775367083059","1,2,3,1,3,1,2,2,3,2,2,4,2,1,5,2,6","0.000593185424804688","louvain","graph_2024M12.graphml"
"0.42","0.46","0.12","0.17401745927387","1,2,2,1,2,1,3,3,2,4,3,5,3,4,6,3,7","0.000935077667236328","louvain","graph_2024M12.graphml"
"0.41","0.47","0.12","0.172687446136168","1,2,3,1,3,1,2,2,3,4,2,5,2,4,6,2,7","0.00128602981567383","louvain","graph_2024M12.graphml"
"0.4","0.48","0.12","0.172983666252342","1,2,3,1,3,1,2,2,3,2,2,4,2,1,5,2,6","0.000831127166748047","louvain","graph_2024M12.graphml"
"0.39","0.49","0.12","0.177522843321688","1,2,3,1,2,1,2,2,3,2,2,4,2,1,5,2,6","0.00067901611328125","louvain","graph_2024M12.graphml"
"0.38","0.5","0.12","0.17865889212828","1,2,3,1,2,1,2,2,3,2,2,4,2,1,5,2,6","0.000636100769042969","louvain","graph_2024M12.graphml"
"0.37","0.51","0.12","0.18085856185153","1,2,3,1,2,1,2,2,3,2,2,4,2,1,5,2,6","0.00128293037414551","louvain","graph_2024M12.graphml"
"0.36","0.52","0.12","0.18470669827906","1,2,3,1,2,1,2,2,3,2,2,4,2,1,1,2,5","0.000928878784179688","louvain","graph_2024M12.graphml"
"0.35","0.53","0.12","0.182184","1,2,3,1,2,1,2,2,3,2,2,4,2,1,1,2,5","0.000937938690185547","louvain","graph_2024M12.graphml"
"0.34","0.54","0.12","0.179679687624006","1,2,3,1,2,1,2,2,3,2,2,4,2,1,1,2,5","0.00112295150756836","louvain","graph_2024M12.graphml"
"0.33","0.55","0.12","0.176374716553288","1,2,3,1,2,1,2,2,3,2,1,4,2,1,1,2,5","0.00126504898071289","louvain","graph_2024M12.graphml"
"0.32","0.56","0.12","0.176956103912208","1,2,3,1,3,1,3,3,2,3,3,4,3,1,1,3,5","0.000583887100219727","louvain","graph_2024M12.graphml"
"0.31","0.57","0.12","0.16970733849112","1,2,3,1,3,1,4,4,2,5,1,4,3,1,1,2,6","0.00135612487792969","louvain","graph_2024M12.graphml"
"0.3","0.58","0.12","0.176959530045875","1,2,2,1,3,1,3,3,2,3,3,4,3,1,1,3,5","0.000694990158081055","louvain","graph_2024M12.graphml"
"0.29","0.59","0.12","0.177181952662722","1,2,2,1,3,1,4,4,2,4,4,3,4,1,1,4,5","0.000761032104492188","louvain","graph_2024M12.graphml"
"0.28","0.6","0.12","0.175157946478914","1,2,2,1,3,1,3,3,2,3,3,4,3,1,1,3,5","0.000753879547119141","louvain","graph_2024M12.graphml"
"0.27","0.61","0.12","0.176408976124885","1,2,2,1,3,1,4,4,2,4,4,3,4,1,1,4,5","0.000703096389770508","louvain","graph_2024M12.graphml"
"0.26","0.62","0.12","0.176408976124885","1,2,2,1,3,1,4,4,2,4,4,3,4,1,1,4,5","0.00100398063659668","louvain","graph_2024M12.graphml"
"0.25","0.63","0.12","0.171738085816044","1,2,3,1,4,1,4,4,2,4,3,4,3,1,1,1,5","0.000656843185424805","louvain","graph_2024M12.graphml"
"0.24","0.64","0.12","0.170167631735327","1,2,3,1,4,1,5,5,2,4,1,4,3,1,1,5,6","0.00126194953918457","louvain","graph_2024M12.graphml"
"0.23","0.65","0.12","0.172689642025572","1,2,3,2,4,1,4,4,2,4,1,4,3,1,1,3,5","0.00112295150756836","louvain","graph_2024M12.graphml"
"0.22","0.66","0.12","0.169155630694092","1,2,3,2,4,1,4,4,2,4,1,4,3,1,1,3,5","0.00122880935668945","louvain","graph_2024M12.graphml"
"0.21","0.67","0.12","0.169155630694092","1,2,3,2,4,1,4,4,2,4,1,4,3,1,1,3,5","0.000701189041137695","louvain","graph_2024M12.graphml"
"0.2","0.68","0.12","0.171021487603306","1,2,3,2,4,1,4,4,2,4,1,4,3,1,1,4,5","0.000475883483886719","louvain","graph_2024M12.graphml"
"0.19","0.69","0.12","0.171914543749438","1,2,3,2,4,1,4,5,2,4,1,4,3,4,1,5,6","0.00127005577087402","louvain","graph_2024M12.graphml"
"0.18","0.7","0.12","0.173642684363167","1,2,3,2,4,1,4,4,2,4,1,4,3,4,1,4,5","0.000710964202880859","louvain","graph_2024M12.graphml"
"0.17","0.71","0.12","0.168685528664947","1,2,3,2,4,1,4,4,2,4,1,4,3,4,1,4,5","0.000730991363525391","louvain","graph_2024M12.graphml"
"0.16","0.72","0.12","0.170187750076947","1,2,3,2,4,1,4,4,2,4,1,4,3,4,1,4,5","0.00136303901672363","louvain","graph_2024M12.graphml"
"0.15","0.73","0.12","0.170187750076947","1,2,3,2,4,1,4,4,2,4,1,4,3,4,1,4,5","0.000732898712158203","louvain","graph_2024M12.graphml"
"0.14","0.74","0.12","0.171423715232672","1,2,3,4,5,1,4,4,2,4,1,5,3,4,1,4,6","0.000695943832397461","louvain","graph_2024M12.graphml"
"0.13","0.75","0.12","0.169801606781528","1,2,3,4,5,3,4,4,2,4,1,5,3,4,1,4,6","0.00055694580078125","louvain","graph_2024M12.graphml"
"0.12","0.76","0.12","0.171083241813394","1,2,3,4,4,3,4,4,2,4,1,4,3,4,1,4,5","0.000735044479370117","louvain","graph_2024M12.graphml"
"0.11","0.77","0.12","0.171083241813394","1,2,3,4,4,3,4,4,2,4,1,4,3,4,1,4,5","0.000958919525146484","louvain","graph_2024M12.graphml"
"0.1","0.78","0.12","0.171083241813394","1,2,3,4,4,3,4,4,2,4,1,4,3,4,1,4,5","0.000794172286987305","louvain","graph_2024M12.graphml"
"0.09","0.79","0.12","0.174581300431601","1,2,3,2,4,3,4,4,2,4,1,4,3,4,1,4,5","0.000694036483764648","louvain","graph_2024M12.graphml"
"0.08","0.8","0.12","0.175914966963516","1,2,3,4,4,3,4,4,2,4,1,4,3,4,1,4,5","0.000771999359130859","louvain","graph_2024M12.graphml"
"0.07","0.81","0.12","0.175914966963516","1,2,3,4,4,3,4,4,2,4,1,4,3,4,1,4,5","0.000752925872802734","louvain","graph_2024M12.graphml"
"0.06","0.82","0.12","0.175914966963516","1,2,3,4,4,3,4,4,2,4,1,4,3,4,1,4,5","0.000710964202880859","louvain","graph_2024M12.graphml"
"0.05","0.83","0.12","0.173990182407691","1,2,3,2,4,3,4,4,2,4,1,4,3,4,1,4,5","0.000779867172241211","louvain","graph_2024M12.graphml"
"0.04","0.84","0.12","0.176857871325924","1,2,3,4,5,3,4,4,2,4,1,5,3,4,1,4,6","0.000829935073852539","louvain","graph_2024M12.graphml"
"0.03","0.85","0.12","0.170375484904706","1,2,3,2,4,3,4,4,2,4,1,4,3,4,1,4,5","0.0012199878692627","louvain","graph_2024M12.graphml"
"0.02","0.86","0.12","0.171777407955293","1,2,1,2,3,4,3,3,2,3,1,3,4,3,1,3,5","0.000774145126342773","louvain","graph_2024M12.graphml"
"0.01","0.87","0.12","0.168158226253464","1,2,1,1,3,4,3,3,2,3,4,3,4,3,1,3,5","0.00136303901672363","louvain","graph_2024M12.graphml"
"0","0.88","0.12","0.169529121935587","1,2,1,1,3,4,3,3,2,3,4,3,4,3,1,3,5","0.000725984573364258","louvain","graph_2024M12.graphml"
"0.87","0","0.13","0.174056230945839","1,2,3,1,1,4,3,3,2,2,3,3,3,1,5,3,6","0.000901222229003906","louvain","graph_2024M12.graphml"
"0.86","0.01","0.13","0.173102046741182","1,2,3,1,1,4,3,3,2,2,3,5,3,1,6,3,7","0.000596046447753906","louvain","graph_2024M12.graphml"
"0.85","0.02","0.13","0.176808060525655","1,2,3,1,1,4,3,3,2,2,3,5,3,1,6,3,7","0.000823974609375","louvain","graph_2024M12.graphml"
"0.84","0.03","0.13","0.176808060525655","1,2,3,1,1,4,3,3,2,2,3,5,3,1,6,3,7","0.000708103179931641","louvain","graph_2024M12.graphml"
"0.83","0.04","0.13","0.173805980725624","1,2,3,1,1,4,3,3,2,2,3,5,3,1,6,3,7","0.000872135162353516","louvain","graph_2024M12.graphml"
"0.82","0.05","0.13","0.173477508650519","1,2,3,1,1,4,3,3,2,2,3,5,3,1,6,3,7","0.000870943069458008","louvain","graph_2024M12.graphml"
"0.81","0.06","0.13","0.170531103587429","1,2,3,1,1,4,3,3,2,2,3,5,3,1,6,3,7","0.00127196311950684","louvain","graph_2024M12.graphml"
"0.8","0.07","0.13","0.168291098115659","1,2,1,1,1,3,4,4,2,4,4,5,4,1,6,4,7","0.00123500823974609","louvain","graph_2024M12.graphml"
"0.79","0.08","0.13","0.173436734693878","1,2,3,1,1,4,3,3,2,3,1,5,3,1,6,3,7","0.000683069229125977","louvain","graph_2024M12.graphml"
"0.78","0.09","0.13","0.177806505154968","1,2,3,1,1,4,3,3,2,3,1,5,3,1,6,3,7","0.000654935836791992","louvain","graph_2024M12.graphml"
"0.77","0.1","0.13","0.17310633251147","1,2,3,1,4,5,3,3,2,4,1,6,3,1,7,4,8","0.00112199783325195","louvain","graph_2024M12.graphml"
"0.76","0.11","0.13","0.170910493827161","1,2,3,1,4,5,3,3,2,4,1,6,3,1,7,4,8","0.000687122344970703","louvain","graph_2024M12.graphml"
"0.75","0.12","0.13","0.177922352372902","1,2,3,1,4,5,3,3,2,4,1,6,3,1,7,1,8","0.000633001327514648","louvain","graph_2024M12.graphml"
"0.74","0.13","0.13","0.182582112476371","1,2,3,1,4,5,3,3,2,4,1,6,3,1,7,4,8","0.00118589401245117","louvain","graph_2024M12.graphml"
"0.73","0.14","0.13","0.179058594755355","1,2,3,1,3,4,3,3,2,3,1,5,3,1,6,1,7","0.00074005126953125","louvain","graph_2024M12.graphml"
"0.72","0.15","0.13","0.172461577223482","1,2,3,1,3,4,3,3,2,3,1,5,3,1,6,1,7","0.000646114349365234","louvain","graph_2024M12.graphml"
"0.71","0.16","0.13","0.165079752604167","1,2,3,1,3,4,3,3,2,3,1,5,3,1,6,1,7","0.00076603889465332","louvain","graph_2024M12.graphml"
"0.7","0.17","0.13","0.165575279421433","1,2,3,1,3,4,3,3,2,3,3,5,3,1,6,3,7","0.00116300582885742","louvain","graph_2024M12.graphml"
"0.69","0.18","0.13","0.168640670553936","1,2,3,1,4,5,3,3,2,4,1,3,3,1,6,3,7","0.000701904296875","louvain","graph_2024M12.graphml"
"0.68","0.19","0.13","0.166649488520704","1,2,3,1,4,5,3,3,2,4,1,3,3,1,6,3,7","0.00115203857421875","louvain","graph_2024M12.graphml"
"0.67","0.2","0.13","0.162751249872462","1,2,3,1,3,4,5,5,2,3,3,6,3,1,7,3,8","0.000644922256469727","louvain","graph_2024M12.graphml"
"0.66","0.21","0.13","0.16405","1,2,3,1,3,4,3,3,2,3,1,5,3,1,6,3,7","0.000677108764648438","louvain","graph_2024M12.graphml"
"0.65","0.22","0.13","0.168139402490037","1,2,3,1,3,4,3,3,2,3,1,5,3,1,6,3,7","0.0012059211730957","louvain","graph_2024M12.graphml"
"0.64","0.23","0.13","0.168139402490037","1,2,3,1,3,4,3,3,2,3,1,5,3,1,6,3,7","0.000699996948242188","louvain","graph_2024M12.graphml"
"0.63","0.24","0.13","0.169052876798758","1,2,3,1,4,5,3,3,2,4,1,3,3,1,6,3,7","0.00111484527587891","louvain","graph_2024M12.graphml"
"0.62","0.25","0.13","0.170656989348666","1,2,3,1,3,4,3,3,2,2,1,3,3,2,5,3,6","0.000733852386474609","louvain","graph_2024M12.graphml"
"0.61","0.26","0.13","0.173273391272189","1,2,3,1,4,5,3,3,2,4,1,3,3,4,6,3,7","0.000683069229125977","louvain","graph_2024M12.graphml"
"0.6","0.27","0.13","0.164506637317221","1,2,3,1,3,4,3,3,2,3,3,5,3,1,6,3,7","0.000719070434570312","louvain","graph_2024M12.graphml"
"0.59","0.28","0.13","0.168220591152549","1,2,3,1,3,1,3,3,2,3,3,4,3,1,5,3,6","0.000627994537353516","louvain","graph_2024M12.graphml"
"0.58","0.29","0.13","0.170027041644132","1,2,1,1,3,1,3,3,2,3,1,3,3,1,4,3,5","0.00118708610534668","louvain","graph_2024M12.graphml"
"0.57","0.3","0.13","0.170219257638246","1,2,3,1,1,1,3,3,2,4,1,3,3,4,5,3,6","0.000660896301269531","louvain","graph_2024M12.graphml"
"0.56","0.31","0.13","0.170596943349805","1,2,3,1,2,1,3,3,2,4,1,3,3,4,5,3,6","0.000591039657592773","louvain","graph_2024M12.graphml"
"0.55","0.32","0.13","0.16881424490732","1,2,3,1,2,1,3,3,2,3,1,3,3,1,4,3,5","0.0011909008026123","louvain","graph_2024M12.graphml"
"0.54","0.33","0.13","0.175006654245409","1,2,1,1,2,1,3,3,2,3,1,3,3,1,4,3,5","0.0012509822845459","louvain","graph_2024M12.graphml"
"0.53","0.34","0.13","0.176139987244898","1,2,2,1,2,1,3,3,2,3,3,3,3,1,4,3,5","0.000702142715454102","louvain","graph_2024M12.graphml"
"0.52","0.35","0.13","0.175535802469136","1,2,2,1,2,1,3,3,2,4,1,3,3,4,5,3,6","0.00121808052062988","louvain","graph_2024M12.graphml"
"0.51","0.36","0.13","0.173652987704597","1,2,2,1,2,1,3,3,2,4,1,3,3,4,5,3,6","0.000772953033447266","louvain","graph_2024M12.graphml"
"0.5","0.37","0.13","0.170901969603268","1,2,3,1,3,1,4,2,3,4,2,2,2,1,5,4,6","0.000639915466308594","louvain","graph_2024M12.graphml"
"0.49","0.38","0.13","0.170043655252445","1,2,2,1,2,1,3,3,2,4,3,3,3,4,5,3,6","0.000612974166870117","louvain","graph_2024M12.graphml"
"0.48","0.39","0.13","0.164028972385695","1,2,3,1,3,1,4,2,3,4,4,2,2,1,5,4,6","0.00116086006164551","louvain","graph_2024M12.graphml"
"0.47","0.4","0.13","0.1636293450158","1,2,3,1,2,1,2,2,3,2,2,4,2,1,5,2,6","0.000700950622558594","louvain","graph_2024M12.graphml"
"0.46","0.41","0.13","0.166362847222222","1,2,3,1,3,1,4,2,3,4,4,2,2,1,5,4,6","0.000726938247680664","louvain","graph_2024M12.graphml"
"0.45","0.42","0.13","0.173077254179508","1,2,3,1,3,1,2,2,3,2,2,4,2,1,5,2,6","0.000915050506591797","louvain","graph_2024M12.graphml"
"0.44","0.43","0.13","0.175175875964757","1,2,3,1,2,1,2,2,3,2,2,4,2,1,5,2,6","0.000753879547119141","louvain","graph_2024M12.graphml"
"0.43","0.44","0.13","0.180191586838817","1,2,3,1,2,1,2,2,3,2,2,4,2,1,1,2,5","0.000658035278320312","louvain","graph_2024M12.graphml"
"0.42","0.45","0.13","0.181356996496794","1,2,3,1,2,1,2,2,3,2,2,4,2,1,1,2,5","0.000787973403930664","louvain","graph_2024M12.graphml"
"0.41","0.46","0.13","0.1774487508266","1,2,3,1,2,1,2,2,3,2,2,4,2,1,1,2,5","0.00120401382446289","louvain","graph_2024M12.graphml"
"0.4","0.47","0.13","0.179679687624006","1,2,3,1,2,1,2,2,3,2,2,4,2,1,1,2,5","0.00148296356201172","louvain","graph_2024M12.graphml"
"0.39","0.48","0.13","0.177685505574779","1,2,3,1,2,1,2,2,3,2,2,4,2,1,1,2,5","0.000759124755859375","louvain","graph_2024M12.graphml"
"0.38","0.49","0.13","0.177685505574779","1,2,3,1,2,1,2,2,3,2,2,4,2,1,1,2,5","0.00138401985168457","louvain","graph_2024M12.graphml"
"0.37","0.5","0.13","0.176959530045875","1,2,2,1,3,1,3,3,2,3,3,4,3,1,1,3,5","0.000726938247680664","louvain","graph_2024M12.graphml"
"0.36","0.51","0.13","0.17381225682384","1,2,2,1,3,1,3,3,2,3,3,4,3,1,1,3,5","0.000897884368896484","louvain","graph_2024M12.graphml"
"0.35","0.52","0.13","0.172729289940828","1,2,3,1,3,1,3,3,2,3,3,4,3,1,1,3,5","0.000516176223754883","louvain","graph_2024M12.graphml"
"0.34","0.53","0.13","0.175157946478914","1,2,2,1,3,1,3,3,2,3,3,4,3,1,1,3,5","0.000669002532958984","louvain","graph_2024M12.graphml"
"0.33","0.54","0.13","0.172843491735537","1,2,2,1,3,1,3,3,2,3,3,4,3,1,1,3,5","0.000708818435668945","louvain","graph_2024M12.graphml"
"0.32","0.55","0.13","0.172843491735537","1,2,2,1,3,1,3,3,2,3,3,4,3,1,1,3,5","0.000661849975585938","louvain","graph_2024M12.graphml"
"0.31","0.56","0.13","0.172932330827068","1,2,2,1,3,1,3,3,2,3,3,4,3,1,1,3,5","0.00135993957519531","louvain","graph_2024M12.graphml"
"0.3","0.57","0.13","0.170617283950617","1,2,2,1,3,1,4,4,2,3,4,3,4,1,1,4,5","0.00143194198608398","louvain","graph_2024M12.graphml"
"0.29","0.58","0.13","0.166556282439446","1,2,3,2,4,1,5,5,2,4,1,4,3,1,1,5,6","0.00134396553039551","louvain","graph_2024M12.graphml"
"0.28","0.59","0.13","0.166556282439446","1,2,3,2,4,1,5,5,2,4,1,4,3,1,1,5,6","0.00135493278503418","louvain","graph_2024M12.graphml"
"0.27","0.6","0.13","0.170307438016529","1,2,3,2,4,3,4,4,2,4,1,4,3,1,1,3,5","0.000694990158081055","louvain","graph_2024M12.graphml"
"0.26","0.61","0.13","0.168707992018483","1,2,3,2,4,3,4,4,2,4,3,4,3,1,1,1,5","0.00135898590087891","louvain","graph_2024M12.graphml"
"0.25","0.62","0.13","0.164330357142857","1,2,3,2,4,3,4,4,2,4,1,4,3,1,1,4,5","0.0013270378112793","louvain","graph_2024M12.graphml"
"0.24","0.63","0.13","0.166911513278707","1,2,3,2,4,3,4,4,2,4,1,4,3,1,1,4,5","0.000725030899047852","louvain","graph_2024M12.graphml"
"0.23","0.64","0.13","0.167331486611265","1,2,3,2,4,3,4,4,2,4,1,4,3,4,1,4,5","0.000709056854248047","louvain","graph_2024M12.graphml"
"0.22","0.65","0.13","0.167331486611265","1,2,3,2,4,3,4,4,2,4,1,4,3,4,1,4,5","0.000682830810546875","louvain","graph_2024M12.graphml"
"0.21","0.66","0.13","0.170112230426916","1,2,3,2,4,3,4,4,2,4,1,4,3,4,1,4,5","0.000626802444458008","louvain","graph_2024M12.graphml"
"0.2","0.67","0.13","0.170398099922839","1,2,3,2,4,3,4,4,2,4,1,4,3,4,1,4,5","0.00132107734680176","louvain","graph_2024M12.graphml"
"0.19","0.68","0.13","0.171189060642093","1,2,3,4,5,3,4,4,2,4,1,5,3,4,1,4,6","0.000693082809448242","louvain","graph_2024M12.graphml"
"0.18","0.69","0.13","0.171083241813394","1,2,3,4,4,3,4,4,2,4,1,4,3,4,1,4,5","0.000712871551513672","louvain","graph_2024M12.graphml"
"0.17","0.7","0.13","0.171083241813394","1,2,3,4,4,3,4,4,2,4,1,4,3,4,1,4,5","0.000732898712158203","louvain","graph_2024M12.graphml"
"0.16","0.71","0.13","0.169192156126853","1,2,3,4,5,3,4,4,2,4,1,5,3,4,1,4,6","0.00135898590087891","louvain","graph_2024M12.graphml"
"0.15","0.72","0.13","0.170636815804494","1,2,3,4,4,3,4,4,2,4,1,4,3,4,1,4,5","0.000732898712158203","louvain","graph_2024M12.graphml"
"0.14","0.73","0.13","0.171933352484918","1,2,3,4,4,3,4,4,2,4,1,4,3,4,1,4,5","0.00101089477539062","louvain","graph_2024M12.graphml"
"0.13","0.74","0.13","0.170562454346238","1,2,3,4,4,3,4,4,2,4,1,4,3,4,1,4,5","0.00140786170959473","louvain","graph_2024M12.graphml"
"0.12","0.75","0.13","0.170562454346238","1,2,3,4,4,3,4,4,2,4,1,4,3,4,1,4,5","0.000753879547119141","louvain","graph_2024M12.graphml"
"0.11","0.76","0.13","0.170228279461427","1,2,3,4,5,3,4,4,2,4,1,5,3,4,1,4,6","0.000735998153686523","louvain","graph_2024M12.graphml"
"0.1","0.77","0.13","0.168001623307275","1,2,3,4,5,3,4,4,2,4,1,5,3,4,1,4,6","0.000829935073852539","louvain","graph_2024M12.graphml"
"0.09","0.78","0.13","0.166496247259234","1,2,1,3,4,4,3,3,2,3,1,4,4,3,1,3,5","0.00135397911071777","louvain","graph_2024M12.graphml"
"0.08","0.79","0.13","0.162172640894945","1,2,1,1,3,4,3,3,2,3,4,3,4,3,1,3,5","0.00079798698425293","louvain","graph_2024M12.graphml"
"0.07","0.8","0.13","0.166583837072498","1,2,1,1,3,4,3,3,2,3,4,3,4,3,1,3,5","0.000895023345947266","louvain","graph_2024M12.graphml"
"0.06","0.81","0.13","0.166860278801474","1,2,1,1,3,4,3,3,2,3,4,3,4,3,1,3,5","0.000674009323120117","louvain","graph_2024M12.graphml"
"0.05","0.82","0.13","0.165644995969708","1,2,1,1,3,4,3,3,2,3,4,3,4,3,1,3,5","0.000737905502319336","louvain","graph_2024M12.graphml"
"0.04","0.83","0.13","0.1682958984375","1,2,1,1,3,4,3,3,2,5,4,3,4,5,1,3,6","0.000669002532958984","louvain","graph_2024M12.graphml"
"0.03","0.84","0.13","0.169621801030658","1,2,1,1,3,4,3,3,2,3,4,3,4,3,1,3,5","0.000830888748168945","louvain","graph_2024M12.graphml"
"0.02","0.85","0.13","0.16839145866286","1,2,1,1,3,4,3,3,2,3,4,3,4,3,1,3,5","0.000761032104492188","louvain","graph_2024M12.graphml"
"0.01","0.86","0.13","0.168326627218935","1,2,1,1,3,4,3,3,2,3,4,3,4,3,1,3,5","0.0012969970703125","louvain","graph_2024M12.graphml"
"0","0.87","0.13","0.167143618662851","1,2,3,1,4,4,5,3,2,5,1,3,4,5,1,3,6","0.00148510932922363","louvain","graph_2024M12.graphml"
"0.86","0","0.14","0.169044077879935","1,2,3,1,1,4,3,3,2,5,3,6,3,1,7,3,8","0.000651836395263672","louvain","graph_2024M12.graphml"
"0.85","0.01","0.14","0.173208163265306","1,2,3,1,1,4,3,3,2,3,1,5,3,1,6,3,7","0.00079798698425293","louvain","graph_2024M12.graphml"
"0.84","0.02","0.14","0.166602828050688","1,2,3,1,3,4,3,3,2,3,1,5,3,1,6,3,7","0.000675201416015625","louvain","graph_2024M12.graphml"
"0.83","0.03","0.14","0.165397459505009","1,2,1,1,3,4,3,3,2,3,1,5,3,1,6,3,7","0.00100207328796387","louvain","graph_2024M12.graphml"
"0.82","0.04","0.14","0.167484567901235","1,2,3,1,3,4,3,3,2,3,1,5,3,1,6,3,7","0.000647783279418945","louvain","graph_2024M12.graphml"
"0.81","0.05","0.14","0.170412925330813","1,2,3,1,3,4,3,3,2,3,1,5,3,1,6,1,7","0.0011899471282959","louvain","graph_2024M12.graphml"
"0.8","0.06","0.14","0.174828341855369","1,2,3,1,3,4,3,3,2,3,1,5,3,1,6,3,7","0.000451803207397461","louvain","graph_2024M12.graphml"
"0.79","0.07","0.14","0.169464382738997","1,2,3,1,3,4,3,5,2,3,1,6,3,1,7,5,8","0.000647068023681641","louvain","graph_2024M12.graphml"
"0.78","0.08","0.14","0.168157894736842","1,2,3,1,4,5,3,3,2,4,1,3,3,1,6,1,7","0.000637054443359375","louvain","graph_2024M12.graphml"
"0.77","0.09","0.14","0.166429980276134","1,2,3,1,4,5,3,3,2,4,1,3,3,1,6,3,7","0.000674962997436523","louvain","graph_2024M12.graphml"
"0.76","0.1","0.14","0.166429980276134","1,2,3,1,4,5,3,3,2,4,1,3,3,1,6,3,7","0.00118398666381836","louvain","graph_2024M12.graphml"
"0.75","0.11","0.14","0.161470277512948","1,2,3,1,4,5,3,3,2,4,1,3,3,1,6,3,7","0.00100302696228027","louvain","graph_2024M12.graphml"
"0.74","0.12","0.14","0.159524538312417","1,2,3,1,4,5,3,3,2,4,1,3,3,1,6,3,7","0.000646829605102539","louvain","graph_2024M12.graphml"
"0.73","0.13","0.14","0.1637","1,2,3,1,4,5,3,3,2,4,1,3,3,1,6,3,7","0.000494003295898438","louvain","graph_2024M12.graphml"
"0.72","0.14","0.14","0.166307764659291","1,2,3,1,4,5,3,3,2,4,1,6,3,1,7,3,8","0.000627040863037109","louvain","graph_2024M12.graphml"
"0.71","0.15","0.14","0.165837479270315","1,2,3,1,4,5,3,3,2,4,1,3,3,1,6,3,7","0.000597953796386719","louvain","graph_2024M12.graphml"
"0.7","0.16","0.14","0.170228408979512","1,2,1,1,3,4,3,3,2,3,1,5,3,1,6,3,7","0.00120806694030762","louvain","graph_2024M12.graphml"
"0.69","0.17","0.14","0.171088043060361","1,2,3,1,2,4,3,3,2,2,1,3,3,1,5,3,6","0.000501155853271484","louvain","graph_2024M12.graphml"
"0.68","0.18","0.14","0.170937478120843","1,2,3,1,4,5,3,3,2,4,1,3,3,4,6,3,7","0.000627040863037109","louvain","graph_2024M12.graphml"
"0.67","0.19","0.14","0.170937478120843","1,2,3,1,4,5,3,3,2,4,1,3,3,4,6,3,7","0.000532150268554688","louvain","graph_2024M12.graphml"
"0.66","0.2","0.14","0.170166887536219","1,2,3,1,2,1,3,3,2,2,1,3,3,2,4,3,5","0.0012669563293457","louvain","graph_2024M12.graphml"
"0.65","0.21","0.14","0.168933968032143","1,2,3,1,4,1,3,3,2,4,1,3,3,4,5,3,6","0.000648975372314453","louvain","graph_2024M12.graphml"
"0.64","0.22","0.14","0.16147083182909","1,2,3,1,3,1,4,4,2,4,3,4,3,1,5,4,6","0.000662803649902344","louvain","graph_2024M12.graphml"
"0.63","0.23","0.14","0.168224001359128","1,2,3,1,1,1,3,3,2,4,1,3,3,4,5,3,6","0.00129389762878418","louvain","graph_2024M12.graphml"
"0.62","0.24","0.14","0.170596943349805","1,2,3,1,2,1,3,3,2,4,1,3,3,4,5,3,6","0.00100302696228027","louvain","graph_2024M12.graphml"
"0.61","0.25","0.14","0.172438016528926","1,2,3,1,2,1,3,3,2,4,1,3,3,4,5,3,6","0.000597000122070312","louvain","graph_2024M12.graphml"
"0.6","0.26","0.14","0.171353305785124","1,2,1,1,2,1,3,3,2,3,1,3,3,1,4,3,5","0.000642061233520508","louvain","graph_2024M12.graphml"
"0.59","0.27","0.14","0.175878581283987","1,2,2,1,2,1,3,3,2,4,1,3,3,4,5,3,6","0.000681161880493164","louvain","graph_2024M12.graphml"
"0.58","0.28","0.14","0.172967734356645","1,2,2,1,2,1,3,3,2,4,1,3,3,4,5,3,6","0.0012519359588623","louvain","graph_2024M12.graphml"
"0.57","0.29","0.14","0.166005606300414","1,2,2,1,3,1,4,3,2,4,3,3,3,1,5,4,6","0.000684022903442383","louvain","graph_2024M12.graphml"
"0.56","0.3","0.14","0.166066977755289","1,2,2,1,2,1,3,3,2,4,3,3,3,4,5,3,6","0.000646114349365234","louvain","graph_2024M12.graphml"
"0.55","0.31","0.14","0.162178341837205","1,2,3,1,3,1,4,2,3,4,2,2,2,1,5,4,6","0.000769853591918945","louvain","graph_2024M12.graphml"
"0.54","0.32","0.14","0.161069106581927","1,2,3,1,2,1,2,2,3,2,2,4,2,1,5,2,6","0.000638961791992188","louvain","graph_2024M12.graphml"
"0.53","0.33","0.14","0.161826495304004","1,2,3,1,3,1,4,2,3,4,4,2,2,1,5,4,6","0.000633001327514648","louvain","graph_2024M12.graphml"
"0.52","0.34","0.14","0.164116524570648","1,2,3,1,3,1,4,2,3,4,4,2,2,1,5,4,6","0.00126385688781738","louvain","graph_2024M12.graphml"
"0.51","0.35","0.14","0.165893454246249","1,2,3,1,2,1,2,2,3,2,2,4,2,1,5,2,6","0.000698089599609375","louvain","graph_2024M12.graphml"
"0.5","0.36","0.14","0.173639095690185","1,2,3,1,2,1,2,2,3,2,2,4,2,1,1,2,5","0.000937938690185547","louvain","graph_2024M12.graphml"
"0.49","0.37","0.14","0.180101115291588","1,2,3,1,3,1,2,2,3,2,2,4,2,1,1,2,5","0.000674962997436523","louvain","graph_2024M12.graphml"
"0.48","0.38","0.14","0.177647233789411","1,2,3,1,2,1,2,2,3,2,2,4,2,1,1,2,5","0.000638008117675781","louvain","graph_2024M12.graphml"
"0.47","0.39","0.14","0.172614789281998","1,2,3,1,2,1,2,2,3,2,2,4,2,1,1,2,5","0.000571966171264648","louvain","graph_2024M12.graphml"
"0.46","0.4","0.14","0.172473452802336","1,2,3,1,2,1,2,2,3,2,2,4,2,1,1,2,5","0.000676870346069336","louvain","graph_2024M12.graphml"
"0.45","0.41","0.14","0.174335474930713","1,2,3,1,2,1,2,2,3,2,2,4,2,1,1,2,5","0.000684976577758789","louvain","graph_2024M12.graphml"
"0.44","0.42","0.14","0.174135098270197","1,2,3,1,2,1,2,2,3,2,2,4,2,1,1,2,5","0.000754117965698242","louvain","graph_2024M12.graphml"
"0.43","0.43","0.14","0.166831970214844","1,2,3,1,3,1,2,2,3,4,1,2,2,1,1,2,5","0.000674009323120117","louvain","graph_2024M12.graphml"
"0.42","0.44","0.14","0.165412234841656","1,2,3,1,3,1,3,3,2,4,1,3,3,1,1,3,5","0.00127482414245605","louvain","graph_2024M12.graphml"
"0.41","0.45","0.14","0.170762319989431","1,2,3,1,4,3,4,4,2,4,1,5,3,1,1,4,6","0.000668048858642578","louvain","graph_2024M12.graphml"
"0.4","0.46","0.14","0.168718314783521","1,2,3,1,4,3,4,4,2,4,1,5,3,1,1,4,6","0.000721931457519531","louvain","graph_2024M12.graphml"
"0.39","0.47","0.14","0.169486053719008","1,2,3,1,4,3,4,4,2,4,1,5,3,1,1,4,6","0.00067591667175293","louvain","graph_2024M12.graphml"
"0.38","0.48","0.14","0.168593476171632","1,2,3,1,4,3,5,5,2,5,5,4,3,1,1,5,6","0.00131011009216309","louvain","graph_2024M12.graphml"
"0.37","0.49","0.14","0.166484708613756","1,2,3,1,4,3,5,5,2,5,5,4,3,1,1,5,6","0.000696897506713867","louvain","graph_2024M12.graphml"
"0.36","0.5","0.14","0.163866232758269","1,2,3,1,4,3,5,5,2,4,1,4,3,1,1,5,6","0.000710010528564453","louvain","graph_2024M12.graphml"
"0.35","0.51","0.14","0.163596182958478","1,2,3,2,4,3,5,5,2,4,1,4,3,1,1,5,6","0.000699043273925781","louvain","graph_2024M12.graphml"
"0.34","0.52","0.14","0.163596182958478","1,2,3,2,4,3,5,5,2,4,1,4,3,1,1,5,6","0.000669956207275391","louvain","graph_2024M12.graphml"
"0.33","0.53","0.14","0.162552620260918","1,2,3,2,4,3,4,4,2,4,1,4,3,1,1,4,5","0.000709056854248047","louvain","graph_2024M12.graphml"
"0.32","0.54","0.14","0.160621862222452","1,2,3,2,4,3,4,4,2,4,1,4,3,1,1,4,5","0.00071406364440918","louvain","graph_2024M12.graphml"
"0.31","0.55","0.14","0.163641268740124","1,2,3,2,4,3,4,4,2,4,1,4,3,1,1,3,5","0.000874042510986328","louvain","graph_2024M12.graphml"
"0.3","0.56","0.14","0.163641268740124","1,2,3,2,4,3,4,4,2,4,3,4,3,1,1,1,5","0.000688076019287109","louvain","graph_2024M12.graphml"
"0.29","0.57","0.14","0.168345405160706","1,2,3,2,4,3,4,4,2,4,1,4,3,1,1,4,5","0.00126099586486816","louvain","graph_2024M12.graphml"
"0.28","0.58","0.14","0.164949215143121","1,2,3,4,5,3,5,4,2,4,1,5,3,1,1,4,6","0.000689983367919922","louvain","graph_2024M12.graphml"
"0.27","0.59","0.14","0.166883172067161","1,2,2,2,3,4,3,4,2,3,1,3,4,3,1,4,5","0.00132107734680176","louvain","graph_2024M12.graphml"
"0.26","0.6","0.14","0.166883172067161","1,2,2,2,3,4,3,4,2,3,1,3,4,3,1,4,5","0.000744819641113281","louvain","graph_2024M12.graphml"
"0.25","0.61","0.14","0.167867961351037","1,2,3,2,4,3,4,4,2,4,1,4,3,4,1,4,5","0.00044703483581543","louvain","graph_2024M12.graphml"
"0.24","0.62","0.14","0.167342449464923","1,2,3,4,5,3,4,4,2,4,1,5,3,4,1,4,6","0.00103902816772461","louvain","graph_2024M12.graphml"
"0.23","0.63","0.14","0.167992638236904","1,2,3,4,5,3,4,4,2,4,1,5,3,4,1,4,6","0.000688076019287109","louvain","graph_2024M12.graphml"
"0.22","0.64","0.14","0.167992638236904","1,2,3,4,5,3,4,4,2,4,1,5,3,4,1,4,6","0.00127387046813965","louvain","graph_2024M12.graphml"
"0.21","0.65","0.14","0.167986210858949","1,2,3,4,4,3,4,4,2,4,1,4,3,4,1,4,5","0.000777006149291992","louvain","graph_2024M12.graphml"
"0.2","0.66","0.14","0.167509359021183","1,2,3,4,3,3,4,4,2,4,1,3,3,4,1,4,5","0.000747919082641602","louvain","graph_2024M12.graphml"
"0.19","0.67","0.14","0.168477771271564","1,2,3,4,3,3,4,4,2,4,1,3,3,4,1,4,5","0.00184392929077148","louvain","graph_2024M12.graphml"
"0.18","0.68","0.14","0.16759320365544","1,2,3,4,5,3,4,4,2,4,1,5,3,4,1,4,6","0.0012509822845459","louvain","graph_2024M12.graphml"
"0.17","0.69","0.14","0.165501203585705","1,2,3,4,5,3,4,4,2,4,1,5,3,4,1,4,6","0.00113701820373535","louvain","graph_2024M12.graphml"
"0.16","0.7","0.14","0.159640951097624","1,2,1,3,4,4,3,4,2,3,1,4,4,3,1,4,5","0.000969171524047852","louvain","graph_2024M12.graphml"
"0.15","0.71","0.14","0.15968262226847","1,2,1,1,3,4,3,3,2,3,4,3,4,3,1,3,5","0.000535964965820312","louvain","graph_2024M12.graphml"
"0.14","0.72","0.14","0.159780134532352","1,2,1,1,3,4,3,3,2,3,4,3,4,3,1,3,5","0.0013730525970459","louvain","graph_2024M12.graphml"
"0.13","0.73","0.14","0.161167795853787","1,2,1,1,3,4,3,3,2,3,4,3,4,3,1,3,5","0.0012969970703125","louvain","graph_2024M12.graphml"
"0.12","0.74","0.14","0.162776518014613","1,2,1,1,3,4,5,3,2,5,4,3,4,5,1,3,6","0.00127315521240234","louvain","graph_2024M12.graphml"
"0.11","0.75","0.14","0.162776518014613","1,2,1,1,3,4,5,3,2,5,4,3,4,5,1,3,6","0.000859975814819336","louvain","graph_2024M12.graphml"
"0.1","0.76","0.14","0.163408290811281","1,2,1,1,3,4,5,3,2,5,4,3,4,5,1,3,6","0.000718832015991211","louvain","graph_2024M12.graphml"
"0.09","0.77","0.14","0.162151344469735","1,2,1,1,3,4,3,3,2,3,4,3,4,3,1,3,5","0.00202608108520508","louvain","graph_2024M12.graphml"
"0.08","0.78","0.14","0.163303993293705","1,2,1,3,4,3,4,4,2,4,1,4,3,4,1,4,5","0.000566005706787109","louvain","graph_2024M12.graphml"
"0.07","0.79","0.14","0.162125443786982","1,2,1,3,4,3,4,4,2,4,1,4,3,4,1,4,5","0.00144290924072266","louvain","graph_2024M12.graphml"
"0.06","0.8","0.14","0.164468946684248","1,2,1,3,4,4,2,2,3,2,1,2,4,2,1,2,5","0.00068211555480957","louvain","graph_2024M12.graphml"
"0.05","0.81","0.14","0.166228249553837","1,2,1,3,4,3,4,4,2,4,1,4,3,4,1,4,5","0.00155305862426758","louvain","graph_2024M12.graphml"
"0.04","0.82","0.14","0.166910009182736","1,2,1,3,4,3,4,4,2,4,1,4,3,4,1,4,5","0.00074005126953125","louvain","graph_2024M12.graphml"
"0.03","0.83","0.14","0.166204215003514","1,2,1,3,4,3,4,4,2,4,1,4,3,4,1,4,5","0.0013580322265625","louvain","graph_2024M12.graphml"
"0.02","0.84","0.14","0.165875630927063","1,2,1,3,2,4,2,2,4,2,1,2,3,2,1,2,5","0.000751018524169922","louvain","graph_2024M12.graphml"
"0.01","0.85","0.14","0.168368353114131","1,2,3,4,5,4,5,5,2,3,1,5,4,1,1,5,6","0.000606060028076172","louvain","graph_2024M12.graphml"
"0","0.86","0.14","0.166068771258503","1,2,3,4,5,4,5,5,2,3,1,5,4,1,1,5,6","0.00106096267700195","louvain","graph_2024M12.graphml"
"0.85","0","0.15","0.165602866661068","1,2,3,1,4,5,3,3,2,4,1,3,3,1,6,1,7","0.00133585929870605","louvain","graph_2024M12.graphml"
"0.84","0.01","0.15","0.163886176215278","1,2,3,1,4,5,3,3,2,4,1,3,3,1,6,3,7","0.000630855560302734","louvain","graph_2024M12.graphml"
"0.83","0.02","0.15","0.159217513536027","1,2,3,1,4,5,3,3,2,4,1,3,3,1,6,3,7","0.00119686126708984","louvain","graph_2024M12.graphml"
"0.82","0.03","0.15","0.1605190545606","1,2,1,1,3,4,3,3,2,3,1,5,3,1,6,3,7","0.000670194625854492","louvain","graph_2024M12.graphml"
"0.81","0.04","0.15","0.159524538312417","1,2,3,1,4,5,3,3,2,4,1,3,3,1,6,3,7","0.000677108764648438","louvain","graph_2024M12.graphml"
"0.8","0.05","0.15","0.159524538312417","1,2,3,1,4,5,3,3,2,4,1,3,3,1,6,3,7","0.00061798095703125","louvain","graph_2024M12.graphml"
"0.79","0.06","0.15","0.16405","1,2,3,1,3,4,3,3,2,3,1,5,3,1,6,3,7","0.00131011009216309","louvain","graph_2024M12.graphml"
"0.78","0.07","0.15","0.16405","1,2,3,1,3,4,3,3,2,3,1,5,3,1,6,3,7","0.000693082809448242","louvain","graph_2024M12.graphml"
"0.77","0.08","0.15","0.1637","1,2,3,1,4,5,3,3,2,4,1,3,3,1,6,3,7","0.000689029693603516","louvain","graph_2024M12.graphml"
"0.76","0.09","0.15","0.16166679042598","1,2,3,1,4,5,3,3,2,4,1,3,3,1,6,3,7","0.000616073608398438","louvain","graph_2024M12.graphml"
"0.75","0.1","0.15","0.16558001189768","1,2,3,1,2,4,3,3,2,2,1,3,3,2,5,3,6","0.000660896301269531","louvain","graph_2024M12.graphml"
"0.74","0.11","0.15","0.170820789283297","1,2,3,1,4,1,3,3,2,4,1,3,3,4,5,3,6","0.00103378295898438","louvain","graph_2024M12.graphml"
"0.73","0.12","0.15","0.170291431056981","1,2,3,1,2,1,3,3,2,2,1,4,3,2,5,3,6","0.000690937042236328","louvain","graph_2024M12.graphml"
"0.72","0.13","0.15","0.166561847218167","1,2,3,1,4,1,3,3,2,4,1,5,3,4,6,3,7","0.000483989715576172","louvain","graph_2024M12.graphml"
"0.71","0.14","0.15","0.171173607355327","1,2,3,1,1,1,3,3,2,2,1,3,3,2,4,3,5","0.00123715400695801","louvain","graph_2024M12.graphml"
"0.7","0.15","0.15","0.169645919067215","1,2,3,1,1,1,3,3,2,4,1,3,3,4,5,3,6","0.00120115280151367","louvain","graph_2024M12.graphml"
"0.69","0.16","0.15","0.168630586650955","1,2,3,1,2,1,3,3,2,4,1,3,3,4,5,3,6","0.000599861145019531","louvain","graph_2024M12.graphml"
"0.68","0.17","0.15","0.168630586650955","1,2,3,1,2,1,3,3,2,4,1,3,3,4,5,3,6","0.000645160675048828","louvain","graph_2024M12.graphml"
"0.67","0.18","0.15","0.170471841704718","1,2,3,1,2,1,3,3,2,4,1,3,3,4,5,3,6","0.0011599063873291","louvain","graph_2024M12.graphml"
"0.66","0.19","0.15","0.170619834710744","1,2,2,1,2,1,3,3,2,4,1,3,3,4,5,3,6","0.000658035278320312","louvain","graph_2024M12.graphml"
"0.65","0.2","0.15","0.168141325986849","1,2,2,1,2,1,3,3,2,4,1,3,3,4,5,3,6","0.000612974166870117","louvain","graph_2024M12.graphml"
"0.64","0.21","0.15","0.165387426900585","1,2,2,1,2,1,3,3,2,3,1,3,3,1,4,3,5","0.000689029693603516","louvain","graph_2024M12.graphml"
"0.63","0.22","0.15","0.170286607806869","1,2,2,1,2,1,3,3,2,4,1,3,3,4,5,3,6","0.000752925872802734","louvain","graph_2024M12.graphml"
"0.62","0.23","0.15","0.162086242148502","1,2,2,1,2,1,3,3,2,4,3,5,3,4,6,3,7","0.00123405456542969","louvain","graph_2024M12.graphml"
"0.61","0.24","0.15","0.162178341837205","1,2,3,1,3,1,4,2,3,4,2,2,2,1,5,4,6","0.000650167465209961","louvain","graph_2024M12.graphml"
"0.6","0.25","0.15","0.163899846592154","1,2,3,1,3,1,4,2,3,4,2,2,2,1,5,4,6","0.00118708610534668","louvain","graph_2024M12.graphml"
"0.59","0.26","0.15","0.163346329826061","1,2,3,1,2,1,4,2,3,4,2,5,2,1,6,4,7","0.000654935836791992","louvain","graph_2024M12.graphml"
"0.58","0.27","0.15","0.164704116940894","1,2,3,1,3,1,4,2,3,4,2,2,2,1,1,4,5","0.000941038131713867","louvain","graph_2024M12.graphml"
"0.57","0.28","0.15","0.167757917403407","1,2,3,1,3,1,2,2,3,2,2,4,2,1,1,2,5","0.000647068023681641","louvain","graph_2024M12.graphml"
"0.56","0.29","0.15","0.169140625","1,2,3,1,3,1,2,2,3,2,2,4,2,1,1,2,5","0.000677108764648438","louvain","graph_2024M12.graphml"
"0.55","0.3","0.15","0.166228765946196","1,2,3,1,3,1,2,2,3,2,2,4,2,1,1,2,5","0.000646829605102539","louvain","graph_2024M12.graphml"
"0.54","0.31","0.15","0.170826287721124","1,2,3,1,3,1,2,2,3,2,2,4,2,1,1,2,5","0.00123310089111328","louvain","graph_2024M12.graphml"
"0.53","0.32","0.15","0.172744","1,2,3,1,3,1,2,2,3,2,2,4,2,1,1,2,5","0.000696182250976562","louvain","graph_2024M12.graphml"
"0.52","0.33","0.15","0.168855505165029","1,2,3,1,3,1,2,2,3,2,2,4,2,1,1,2,5","0.000648021697998047","louvain","graph_2024M12.graphml"
"0.51","0.34","0.15","0.16332859441641","1,2,3,1,3,2,2,2,3,4,1,2,2,1,1,2,5","0.000655889511108398","louvain","graph_2024M12.graphml"
"0.5","0.35","0.15","0.170539091078182","1,2,3,1,2,1,2,2,3,2,2,4,2,1,1,2,5","0.000960111618041992","louvain","graph_2024M12.graphml"
"0.49","0.36","0.15","0.168367424185075","1,2,3,1,2,1,2,2,3,2,2,4,2,1,1,2,5","0.00118494033813477","louvain","graph_2024M12.graphml"
"0.48","0.37","0.15","0.169025298960399","1,2,2,1,3,1,3,3,2,3,3,4,3,1,1,3,5","0.000680208206176758","louvain","graph_2024M12.graphml"
"0.47","0.38","0.15","0.169720056957473","1,2,2,1,3,1,3,3,2,3,3,4,3,1,1,3,5","0.000699996948242188","louvain","graph_2024M12.graphml"
"0.46","0.39","0.15","0.170386341122312","1,2,2,1,3,3,3,3,2,4,3,5,3,1,1,3,6","0.000676870346069336","louvain","graph_2024M12.graphml"
"0.45","0.4","0.15","0.164677821288715","1,2,2,1,3,1,3,3,2,3,3,4,3,1,1,3,5","0.000732898712158203","louvain","graph_2024M12.graphml"
"0.44","0.41","0.15","0.168911052195991","1,2,2,1,3,1,3,3,2,3,3,4,3,1,1,3,5","0.00129389762878418","louvain","graph_2024M12.graphml"
"0.43","0.42","0.15","0.165813374000899","1,2,2,1,3,4,4,4,2,5,4,3,4,1,1,4,6","0.000716924667358398","louvain","graph_2024M12.graphml"
"0.42","0.43","0.15","0.166603589965398","1,2,2,1,3,4,4,4,2,3,4,3,4,1,1,4,5","0.0014491081237793","louvain","graph_2024M12.graphml"
"0.41","0.44","0.15","0.165834775724886","1,2,2,2,3,4,4,4,2,3,4,3,4,1,1,4,5","0.000691890716552734","louvain","graph_2024M12.graphml"
"0.4","0.45","0.15","0.161304085276202","1,2,2,2,3,4,4,4,2,3,4,3,4,1,1,4,5","0.0017399787902832","louvain","graph_2024M12.graphml"
"0.39","0.46","0.15","0.163287984481186","1,2,2,2,3,4,4,4,2,3,4,3,4,1,1,4,5","0.000699996948242188","louvain","graph_2024M12.graphml"
"0.38","0.47","0.15","0.163287984481186","1,2,2,2,3,4,4,4,2,3,4,3,4,1,1,4,5","0.000739097595214844","louvain","graph_2024M12.graphml"
"0.37","0.48","0.15","0.163287984481186","1,2,2,2,3,4,4,4,2,3,4,3,4,1,1,4,5","0.000869989395141602","louvain","graph_2024M12.graphml"
"0.36","0.49","0.15","0.16296019553957","1,2,2,2,3,4,4,4,2,3,4,3,4,1,1,4,5","0.00125384330749512","louvain","graph_2024M12.graphml"
"0.35","0.5","0.15","0.163287093108916","1,2,2,2,3,4,4,4,2,3,4,3,4,1,1,4,5","0.000803947448730469","louvain","graph_2024M12.graphml"
"0.34","0.51","0.15","0.165767928593413","1,2,3,2,4,3,4,3,2,4,1,4,3,1,1,3,5","0.00147008895874023","louvain","graph_2024M12.graphml"
"0.33","0.52","0.15","0.166261186366082","1,2,3,2,4,3,4,4,2,4,1,4,3,1,1,4,5","0.00135397911071777","louvain","graph_2024M12.graphml"
"0.32","0.53","0.15","0.164972752700617","1,2,3,2,4,3,4,3,2,4,1,4,3,4,1,3,5","0.000701904296875","louvain","graph_2024M12.graphml"
"0.31","0.54","0.15","0.164833531510107","1,2,3,2,4,3,4,3,2,4,1,4,3,4,1,3,5","0.00145101547241211","louvain","graph_2024M12.graphml"
"0.3","0.55","0.15","0.164724082143574","1,2,3,2,4,3,4,4,2,4,1,4,3,4,1,4,5","0.00150489807128906","louvain","graph_2024M12.graphml"
"0.29","0.56","0.15","0.161405491036588","1,2,2,3,4,5,3,5,2,3,1,4,5,3,1,5,6","0.000694990158081055","louvain","graph_2024M12.graphml"
"0.28","0.57","0.15","0.162516518241885","1,2,3,4,3,3,4,4,2,4,1,3,3,4,1,4,5","0.00145101547241211","louvain","graph_2024M12.graphml"
"0.27","0.58","0.15","0.163965485756026","1,2,3,4,3,3,4,4,2,4,1,3,3,4,1,4,5","0.000741004943847656","louvain","graph_2024M12.graphml"
"0.26","0.59","0.15","0.163985861455688","1,2,3,4,5,3,4,4,2,4,1,5,3,4,1,4,6","0.000829935073852539","louvain","graph_2024M12.graphml"
"0.25","0.6","0.15","0.163985861455688","1,2,3,4,5,3,4,4,2,4,1,5,3,4,1,4,6","0.000947952270507812","louvain","graph_2024M12.graphml"
"0.24","0.61","0.15","0.165356894515513","1,2,3,4,5,3,4,4,2,4,1,5,3,4,1,4,6","0.0010979175567627","louvain","graph_2024M12.graphml"
"0.23","0.62","0.15","0.160686055024456","1,2,1,3,4,4,3,3,2,3,1,4,4,3,1,3,5","0.000751972198486328","louvain","graph_2024M12.graphml"
"0.22","0.63","0.15","0.156935483870968","1,2,1,1,3,4,3,3,2,3,4,3,4,3,1,3,5","0.000716924667358398","louvain","graph_2024M12.graphml"
"0.21","0.64","0.15","0.158491951075775","1,2,1,1,3,4,3,3,2,3,4,3,4,3,1,3,5","0.000593900680541992","louvain","graph_2024M12.graphml"
"0.2","0.65","0.15","0.158491951075775","1,2,1,1,3,4,3,3,2,3,4,3,4,3,1,3,5","0.000731945037841797","louvain","graph_2024M12.graphml"
"0.19","0.66","0.15","0.158687952311446","1,2,1,1,3,4,3,3,2,3,4,3,4,3,1,3,5","0.000713109970092773","louvain","graph_2024M12.graphml"
"0.18","0.67","0.15","0.158687952311446","1,2,1,1,3,4,3,3,2,3,4,3,4,3,1,3,5","0.000690937042236328","louvain","graph_2024M12.graphml"
"0.17","0.68","0.15","0.157469971837714","1,2,1,1,3,4,3,3,2,3,4,3,4,3,1,3,5","0.000771045684814453","louvain","graph_2024M12.graphml"
"0.16","0.69","0.15","0.15689453125","1,2,1,1,3,4,5,3,2,5,4,3,4,5,1,3,6","0.00107908248901367","louvain","graph_2024M12.graphml"
"0.15","0.7","0.15","0.15810211469221","1,2,1,1,3,4,5,3,2,5,4,3,4,5,1,3,6","0.000732183456420898","louvain","graph_2024M12.graphml"
"0.14","0.71","0.15","0.15810211469221","1,2,1,1,3,4,5,3,2,5,4,3,4,5,1,3,6","0.000855922698974609","louvain","graph_2024M12.graphml"
"0.13","0.72","0.15","0.162986982248521","1,2,1,3,4,3,5,4,2,5,1,4,3,5,1,4,6","0.000658035278320312","louvain","graph_2024M12.graphml"
"0.12","0.73","0.15","0.163465881290225","1,2,1,3,4,3,4,4,2,4,1,4,3,4,1,4,5","0.000853776931762695","louvain","graph_2024M12.graphml"
"0.11","0.74","0.15","0.164786914681705","1,2,1,3,4,3,4,4,2,4,1,4,3,4,1,4,5","0.000763893127441406","louvain","graph_2024M12.graphml"
"0.1","0.75","0.15","0.164786914681705","1,2,1,3,4,3,4,4,2,4,1,4,3,4,1,4,5","0.000869035720825195","louvain","graph_2024M12.graphml"
"0.09","0.76","0.15","0.164081090124926","1,2,1,3,4,3,4,4,2,4,1,4,3,4,1,4,5","0.00125312805175781","louvain","graph_2024M12.graphml"
"0.08","0.77","0.15","0.163244846857309","1,2,1,3,2,4,2,2,4,2,1,2,3,1,1,2,5","0.000617027282714844","louvain","graph_2024M12.graphml"
"0.07","0.78","0.15","0.164314944727891","1,2,1,3,4,3,4,4,2,5,1,4,3,1,1,4,6","0.000628948211669922","louvain","graph_2024M12.graphml"
"0.06","0.79","0.15","0.16418367704212","1,2,3,4,5,4,5,5,2,3,1,5,4,1,1,5,6","0.000613927841186523","louvain","graph_2024M12.graphml"
"0.05","0.8","0.15","0.162350658278296","1,2,2,3,4,5,4,4,3,2,1,4,5,1,1,4,6","0.000693082809448242","louvain","graph_2024M12.graphml"
"0.04","0.81","0.15","0.158456669619284","1,2,3,4,3,4,3,3,2,3,1,3,4,1,1,3,5","0.00146293640136719","louvain","graph_2024M12.graphml"
"0.03","0.82","0.15","0.162262540562466","1,2,3,4,5,4,5,5,2,3,1,5,4,1,1,5,6","0.000761032104492188","louvain","graph_2024M12.graphml"
"0.02","0.83","0.15","0.164070573408948","1,2,3,4,5,4,5,5,2,3,1,5,4,1,1,5,6","0.00200510025024414","louvain","graph_2024M12.graphml"
"0.01","0.84","0.15","0.159932785044259","1,2,3,4,5,4,5,5,2,3,1,5,4,1,1,5,6","0.00128412246704102","louvain","graph_2024M12.graphml"
"0","0.85","0.15","0.159932785044259","1,2,3,4,5,4,5,5,2,3,1,5,4,1,1,5,6","0.00153303146362305","louvain","graph_2024M12.graphml"
"0.84","0","0.16","0.16405","1,2,3,1,3,4,3,3,2,3,1,5,3,1,6,3,7","0.00128793716430664","louvain","graph_2024M12.graphml"
"0.83","0.01","0.16","0.16166679042598","1,2,3,1,4,5,3,3,2,4,1,3,3,1,6,3,7","0.000624179840087891","louvain","graph_2024M12.graphml"
"0.82","0.02","0.16","0.16166679042598","1,2,3,1,4,5,3,3,2,4,1,3,3,1,6,3,7","0.000683069229125977","louvain","graph_2024M12.graphml"
"0.81","0.03","0.16","0.164989631445","1,2,3,1,4,1,3,3,2,4,1,5,3,4,6,3,7","0.00132989883422852","louvain","graph_2024M12.graphml"
"0.8","0.04","0.16","0.165079698476044","1,2,3,1,2,1,3,3,2,2,1,3,3,2,4,3,5","0.000684022903442383","louvain","graph_2024M12.graphml"
"0.79","0.05","0.16","0.166353792266661","1,2,3,1,4,1,3,3,2,4,1,3,3,4,5,3,6","0.000662088394165039","louvain","graph_2024M12.graphml"
"0.78","0.06","0.16","0.167261786682537","1,2,3,1,1,1,3,3,2,4,1,3,3,4,5,3,6","0.000711917877197266","louvain","graph_2024M12.graphml"
"0.77","0.07","0.16","0.171173607355327","1,2,3,1,1,1,3,3,2,2,1,3,3,2,4,3,5","0.000633955001831055","louvain","graph_2024M12.graphml"
"0.76","0.08","0.16","0.171173607355327","1,2,3,1,1,1,3,3,2,2,1,3,3,2,4,3,5","0.000744104385375977","louvain","graph_2024M12.graphml"
"0.75","0.09","0.16","0.172512835619897","1,2,3,1,2,1,3,3,2,2,1,3,3,2,4,3,5","0.000596046447753906","louvain","graph_2024M12.graphml"
"0.74","0.1","0.16","0.170596943349805","1,2,3,1,2,1,3,3,2,4,1,3,3,4,5,3,6","0.00121212005615234","louvain","graph_2024M12.graphml"
"0.73","0.11","0.16","0.170563665772609","1,2,3,1,2,1,3,3,2,4,1,3,3,4,5,3,6","0.000754117965698242","louvain","graph_2024M12.graphml"
"0.72","0.12","0.16","0.163664197530864","1,2,2,1,2,1,3,3,2,4,1,3,3,4,5,3,6","0.00067591667175293","louvain","graph_2024M12.graphml"
"0.71","0.13","0.16","0.163022222222222","1,2,2,1,2,1,3,3,2,3,1,3,3,1,4,3,5","0.000975847244262695","louvain","graph_2024M12.graphml"
"0.7","0.14","0.16","0.158619418191698","1,2,2,1,2,1,3,3,2,4,1,3,3,4,5,3,6","0.000712156295776367","louvain","graph_2024M12.graphml"
"0.69","0.15","0.16","0.165439178426191","1,2,2,1,2,3,3,3,2,4,1,3,3,4,5,3,6","0.000618219375610352","louvain","graph_2024M12.graphml"
"0.68","0.16","0.16","0.165530770505996","1,2,2,1,2,3,3,3,2,4,1,3,3,4,5,3,6","0.000931024551391602","louvain","graph_2024M12.graphml"
"0.67","0.17","0.16","0.163956541421458","1,2,2,1,2,3,3,3,2,4,1,3,3,1,5,3,6","0.000576019287109375","louvain","graph_2024M12.graphml"
"0.66","0.18","0.16","0.163159393971764","1,2,3,1,3,1,2,2,3,2,2,4,2,1,5,2,6","0.000658035278320312","louvain","graph_2024M12.graphml"
"0.65","0.19","0.16","0.159617303618634","1,2,2,1,3,3,3,4,2,3,3,4,3,1,1,3,5","0.0006561279296875","louvain","graph_2024M12.graphml"
"0.64","0.2","0.16","0.168411458333333","1,2,3,1,3,1,2,2,3,2,2,4,2,1,1,2,5","0.00122594833374023","louvain","graph_2024M12.graphml"
"0.63","0.21","0.16","0.164119595656034","1,2,3,1,3,1,2,2,3,2,2,4,2,1,1,2,5","0.000628948211669922","louvain","graph_2024M12.graphml"
"0.62","0.22","0.16","0.157318498196413","1,2,2,1,2,3,3,3,2,4,4,3,3,1,1,3,5","0.00127482414245605","louvain","graph_2024M12.graphml"
"0.61","0.23","0.16","0.163522910507928","1,2,3,1,3,1,2,2,3,2,2,4,2,1,1,2,5","0.00128316879272461","louvain","graph_2024M12.graphml"
"0.6","0.24","0.16","0.163411329235244","1,2,3,1,3,1,2,2,3,2,2,4,2,1,1,2,5","0.000669002532958984","louvain","graph_2024M12.graphml"
"0.59","0.25","0.16","0.161836099417751","1,2,3,1,3,1,2,2,3,2,2,4,2,1,1,2,5","0.000683069229125977","louvain","graph_2024M12.graphml"
"0.58","0.26","0.16","0.164505325312297","1,2,3,1,3,1,2,2,3,2,2,4,2,1,1,2,5","0.00107002258300781","louvain","graph_2024M12.graphml"
"0.57","0.27","0.16","0.17066350044525","1,2,3,1,3,1,2,2,3,2,2,4,2,1,1,2,5","0.00126004219055176","louvain","graph_2024M12.graphml"
"0.56","0.28","0.16","0.168958087916176","1,2,3,1,3,1,2,2,3,2,2,4,2,1,1,2,5","0.00120306015014648","louvain","graph_2024M12.graphml"
"0.55","0.29","0.16","0.159461745482507","1,2,3,1,3,2,2,2,3,4,1,2,2,1,1,2,5","0.00056910514831543","louvain","graph_2024M12.graphml"
"0.54","0.3","0.16","0.164824599918243","1,2,3,1,2,1,2,2,3,2,2,4,2,1,1,2,5","0.00067901611328125","louvain","graph_2024M12.graphml"
"0.53","0.31","0.16","0.16450818716858","1,2,2,1,3,1,3,3,2,3,3,4,3,1,1,3,5","0.000737905502319336","louvain","graph_2024M12.graphml"
"0.52","0.32","0.16","0.165746215790311","1,2,2,1,3,1,3,3,2,3,3,4,3,1,1,3,5","0.00070500373840332","louvain","graph_2024M12.graphml"
"0.51","0.33","0.16","0.16345988292011","1,2,2,1,3,1,3,3,2,3,3,4,3,1,1,3,5","0.000666141510009766","louvain","graph_2024M12.graphml"
"0.5","0.34","0.16","0.160157948631626","1,2,2,1,3,1,3,3,2,3,3,4,3,1,1,3,5","0.000659942626953125","louvain","graph_2024M12.graphml"
"0.49","0.35","0.16","0.164501596163679","1,2,2,1,3,3,3,3,2,4,3,5,3,1,1,3,6","0.000913143157958984","louvain","graph_2024M12.graphml"
"0.48","0.36","0.16","0.163594224519154","1,2,2,1,3,4,4,4,2,3,4,3,4,1,1,4,5","0.000684022903442383","louvain","graph_2024M12.graphml"
"0.47","0.37","0.16","0.161304085276202","1,2,2,2,3,4,4,4,2,3,4,3,4,1,1,4,5","0.000721931457519531","louvain","graph_2024M12.graphml"
"0.46","0.38","0.16","0.161669944619844","1,2,2,2,3,4,4,4,2,3,4,3,4,1,1,4,5","0.000708103179931641","louvain","graph_2024M12.graphml"
"0.45","0.39","0.16","0.163287984481186","1,2,2,2,3,4,4,4,2,3,4,3,4,1,1,4,5","0.00067901611328125","louvain","graph_2024M12.graphml"
"0.44","0.4","0.16","0.161332908163265","1,2,2,2,3,4,4,4,2,3,4,3,4,1,1,4,5","0.00105905532836914","louvain","graph_2024M12.graphml"
"0.43","0.41","0.16","0.161332908163265","1,2,2,2,3,4,4,4,2,3,4,3,4,1,1,4,5","0.0012509822845459","louvain","graph_2024M12.graphml"
"0.42","0.42","0.16","0.162922202099771","1,2,2,2,3,4,4,4,2,3,4,3,4,1,1,4,5","0.00124502182006836","louvain","graph_2024M12.graphml"
"0.41","0.43","0.16","0.162922202099771","1,2,2,2,3,4,4,4,2,3,4,3,4,1,1,4,5","0.000731945037841797","louvain","graph_2024M12.graphml"
"0.4","0.44","0.16","0.161668175645088","1,2,2,2,3,4,4,4,2,3,4,3,4,1,1,4,5","0.000710964202880859","louvain","graph_2024M12.graphml"
"0.39","0.45","0.16","0.167417666974454","1,2,2,2,3,4,4,4,2,3,4,3,4,1,1,4,5","0.000722169876098633","louvain","graph_2024M12.graphml"
"0.38","0.46","0.16","0.165786554783951","1,2,3,2,4,3,4,4,2,4,1,4,3,1,1,4,5","0.000747203826904297","louvain","graph_2024M12.graphml"
"0.37","0.47","0.16","0.163109393579073","1,2,2,2,3,4,4,4,2,3,4,3,4,1,1,4,5","0.000684022903442383","louvain","graph_2024M12.graphml"
"0.36","0.48","0.16","0.16410791040082","1,2,3,2,3,3,4,4,2,4,1,3,3,4,1,4,5","0.000738143920898438","louvain","graph_2024M12.graphml"
"0.35","0.49","0.16","0.16410791040082","1,2,3,2,3,3,4,4,2,4,1,3,3,4,1,4,5","0.000767946243286133","louvain","graph_2024M12.graphml"
"0.34","0.5","0.16","0.163731510226443","1,2,3,4,3,3,4,4,2,4,1,3,3,4,1,4,5","0.000750064849853516","louvain","graph_2024M12.graphml"
"0.33","0.51","0.16","0.161451060763029","1,2,3,4,3,3,4,4,2,4,1,3,3,4,1,4,5","0.00066685676574707","louvain","graph_2024M12.graphml"
"0.32","0.52","0.16","0.161451060763029","1,2,3,4,3,3,4,4,2,4,1,3,3,4,1,4,5","0.000741958618164062","louvain","graph_2024M12.graphml"
"0.31","0.53","0.16","0.16027784924106","1,2,3,4,5,3,4,4,2,4,1,5,3,4,1,4,6","0.00111699104309082","louvain","graph_2024M12.graphml"
"0.3","0.54","0.16","0.156910058864266","1,2,1,3,4,4,3,3,2,3,1,4,4,3,1,3,5","0.000908136367797852","louvain","graph_2024M12.graphml"
"0.29","0.55","0.16","0.155606974194637","1,2,1,1,3,4,3,3,2,3,4,3,4,3,1,3,5","0.00073695182800293","louvain","graph_2024M12.graphml"
"0.28","0.56","0.16","0.156935483870968","1,2,1,1,3,4,3,3,2,3,4,3,4,3,1,3,5","0.000777006149291992","louvain","graph_2024M12.graphml"
"0.27","0.57","0.16","0.158491951075775","1,2,1,1,3,4,3,3,2,3,4,3,4,3,1,3,5","0.000741958618164062","louvain","graph_2024M12.graphml"
"0.26","0.58","0.16","0.159881451347797","1,2,1,1,3,4,3,3,2,3,4,3,4,3,1,3,5","0.000712871551513672","louvain","graph_2024M12.graphml"
"0.25","0.59","0.16","0.156094734189972","1,2,1,3,4,3,4,4,2,4,1,4,3,4,1,4,5","0.00200319290161133","louvain","graph_2024M12.graphml"
"0.24","0.6","0.16","0.153773049786544","1,2,1,1,3,4,3,3,2,3,4,3,4,3,1,3,5","0.000734090805053711","louvain","graph_2024M12.graphml"
"0.23","0.61","0.16","0.153773049786544","1,2,1,1,3,4,3,3,2,3,4,3,4,3,1,3,5","0.000755071640014648","louvain","graph_2024M12.graphml"
"0.22","0.62","0.16","0.154283075048398","1,2,1,1,3,4,5,5,2,5,4,3,4,5,1,5,6","0.000761032104492188","louvain","graph_2024M12.graphml"
"0.21","0.63","0.16","0.1558203125","1,2,1,3,4,3,5,4,2,5,1,4,3,5,1,4,6","0.000765085220336914","louvain","graph_2024M12.graphml"
"0.2","0.64","0.16","0.1558203125","1,2,1,1,3,4,5,3,2,5,4,3,4,5,1,3,6","0.000634908676147461","louvain","graph_2024M12.graphml"
"0.19","0.65","0.16","0.158474633131727","1,2,1,3,4,3,5,4,2,5,1,4,3,5,1,4,6","0.000831842422485352","louvain","graph_2024M12.graphml"
"0.18","0.66","0.16","0.161860355029586","1,2,1,3,4,3,5,4,2,5,1,4,3,5,1,4,6","0.000691890716552734","louvain","graph_2024M12.graphml"
"0.17","0.67","0.16","0.164152772027551","1,2,1,3,4,3,5,4,2,5,1,4,3,5,1,4,6","0.000729084014892578","louvain","graph_2024M12.graphml"
"0.16","0.68","0.16","0.164152772027551","1,2,1,3,4,3,5,4,2,5,1,4,3,5,1,4,6","0.000686883926391602","louvain","graph_2024M12.graphml"
"0.15","0.69","0.16","0.162872663778051","1,2,1,3,4,3,4,4,2,4,1,4,3,4,1,4,5","0.00154614448547363","louvain","graph_2024M12.graphml"
"0.14","0.7","0.16","0.161481301120941","1,2,1,3,4,2,4,4,2,3,1,4,4,1,1,4,5","0.000710964202880859","louvain","graph_2024M12.graphml"
"0.13","0.71","0.16","0.160173758075295","1,2,1,3,2,4,2,2,4,2,1,2,3,1,1,2,5","0.00063014030456543","louvain","graph_2024M12.graphml"
"0.12","0.72","0.16","0.157963911784362","1,2,1,3,3,4,3,3,2,3,1,3,4,1,1,4,5","0.000766992568969727","louvain","graph_2024M12.graphml"
"0.11","0.73","0.16","0.159152249134948","1,2,3,3,4,5,3,3,2,3,1,4,5,1,1,5,6","0.000751018524169922","louvain","graph_2024M12.graphml"
"0.1","0.74","0.16","0.162127332341806","1,2,3,4,5,4,5,5,2,3,1,5,4,1,1,5,6","0.000826120376586914","louvain","graph_2024M12.graphml"
"0.09","0.75","0.16","0.160684730098719","1,2,3,4,5,4,5,5,2,3,1,5,4,1,1,5,6","0.00127005577087402","louvain","graph_2024M12.graphml"
"0.08","0.76","0.16","0.161109459637997","1,2,3,1,4,5,4,4,2,3,5,4,5,1,1,4,6","0.000773906707763672","louvain","graph_2024M12.graphml"
"0.07","0.77","0.16","0.158771428571429","1,2,3,1,4,5,4,4,2,3,5,4,5,1,1,4,6","0.000710010528564453","louvain","graph_2024M12.graphml"
"0.06","0.78","0.16","0.158630875516529","1,2,3,1,4,5,4,4,2,3,5,4,5,1,1,4,6","0.000710964202880859","louvain","graph_2024M12.graphml"
"0.05","0.79","0.16","0.158507293561876","1,2,2,1,3,4,5,5,3,2,4,5,4,1,1,5,6","0.000725030899047852","louvain","graph_2024M12.graphml"
"0.04","0.8","0.16","0.15739337433049","1,2,2,1,3,3,2,2,3,2,4,2,4,1,3,4,5","0.000771045684814453","louvain","graph_2024M12.graphml"
"0.03","0.81","0.16","0.157252083070319","1,2,3,1,4,5,2,3,4,2,5,3,5,1,4,3,6","0.000761032104492188","louvain","graph_2024M12.graphml"
"0.02","0.82","0.16","0.158128858024691","1,2,3,1,2,4,5,5,2,3,4,5,4,1,2,5,6","0.000723123550415039","louvain","graph_2024M12.graphml"
"0.01","0.83","0.16","0.158128858024691","1,2,3,1,2,4,5,5,2,3,4,5,4,1,2,5,6","0.000704050064086914","louvain","graph_2024M12.graphml"
"0","0.84","0.16","0.160423216629529","1,2,3,3,2,4,3,3,2,3,4,5,4,1,2,5,6","0.000710964202880859","louvain","graph_2024M12.graphml"
"0.83","0","0.17","0.166914140973011","1,2,3,1,1,3,3,3,2,2,1,3,3,2,4,2,5","0.000645875930786133","louvain","graph_2024M12.graphml"
"0.82","0.01","0.17","0.166673877771769","1,2,3,1,1,3,3,3,2,2,1,3,3,2,4,3,5","0.000704050064086914","louvain","graph_2024M12.graphml"
"0.81","0.02","0.17","0.167984825102881","1,2,3,1,2,3,3,3,2,2,1,4,3,2,5,3,6","0.0006561279296875","louvain","graph_2024M12.graphml"
"0.8","0.03","0.17","0.167792792792793","1,2,3,1,2,3,3,3,2,2,1,3,3,2,4,3,5","0.000749111175537109","louvain","graph_2024M12.graphml"
"0.79","0.04","0.17","0.162597530864198","1,2,2,1,2,3,3,3,2,4,1,3,3,4,5,3,6","0.000635147094726562","louvain","graph_2024M12.graphml"
"0.78","0.05","0.17","0.158735857478313","1,2,2,1,2,3,3,3,2,4,1,3,3,4,5,3,6","0.000701904296875","louvain","graph_2024M12.graphml"
"0.77","0.06","0.17","0.156240381655894","1,2,2,1,2,3,3,3,2,4,1,3,3,4,5,3,6","0.000643014907836914","louvain","graph_2024M12.graphml"
"0.76","0.07","0.17","0.158082416429893","1,2,2,1,2,3,3,3,2,4,1,3,3,4,5,3,6","0.00120306015014648","louvain","graph_2024M12.graphml"
"0.75","0.08","0.17","0.162230623818525","1,2,2,1,2,3,3,3,2,4,1,3,3,4,5,3,6","0.000669002532958984","louvain","graph_2024M12.graphml"
"0.74","0.09","0.17","0.163653760404281","1,2,2,1,2,3,3,3,2,4,1,3,3,4,5,3,6","0.000633001327514648","louvain","graph_2024M12.graphml"
"0.73","0.1","0.17","0.163495367385658","1,2,2,1,2,1,3,3,2,3,1,4,3,1,5,3,6","0.000703096389770508","louvain","graph_2024M12.graphml"
"0.72","0.11","0.17","0.16566967544375","1,2,2,1,2,1,3,3,2,3,1,3,3,1,1,3,4","0.000760078430175781","louvain","graph_2024M12.graphml"
"0.71","0.12","0.17","0.168309378337214","1,2,3,1,3,1,2,2,3,2,1,4,2,1,1,2,5","0.000617027282714844","louvain","graph_2024M12.graphml"
"0.7","0.13","0.17","0.158996994740796","1,2,2,1,2,3,3,3,2,4,4,3,3,1,1,3,5","0.000603914260864258","louvain","graph_2024M12.graphml"
"0.69","0.14","0.17","0.158996994740796","1,2,2,1,2,3,3,3,2,4,4,3,3,1,1,3,5","0.000796079635620117","louvain","graph_2024M12.graphml"
"0.68","0.15","0.17","0.1590886186509","1,2,3,1,3,2,2,2,3,2,2,2,2,1,1,2,4","0.000690937042236328","louvain","graph_2024M12.graphml"
"0.67","0.16","0.17","0.160174927113703","1,2,3,1,2,2,2,2,3,2,2,4,2,1,1,2,5","0.000715017318725586","louvain","graph_2024M12.graphml"
"0.66","0.17","0.17","0.162032486463973","1,2,3,1,3,1,2,2,3,2,2,4,2,1,1,2,5","0.000671863555908203","louvain","graph_2024M12.graphml"
"0.65","0.18","0.17","0.156952252946287","1,2,2,1,2,3,3,3,2,4,1,3,3,1,1,3,5","0.000650167465209961","louvain","graph_2024M12.graphml"
"0.64","0.19","0.17","0.159703814225171","1,2,3,1,3,2,2,2,3,2,1,2,2,1,1,2,4","0.000741958618164062","louvain","graph_2024M12.graphml"
"0.63","0.2","0.17","0.166335978835979","1,2,3,1,3,1,2,2,3,2,2,4,2,1,1,2,5","0.000659942626953125","louvain","graph_2024M12.graphml"
"0.62","0.21","0.17","0.154853059706119","1,2,3,1,2,2,2,2,3,2,1,2,2,1,1,2,4","0.000663995742797852","louvain","graph_2024M12.graphml"
"0.61","0.22","0.17","0.157135009765625","1,2,3,1,3,2,2,2,3,4,2,2,2,1,1,1,5","0.000686883926391602","louvain","graph_2024M12.graphml"
"0.6","0.23","0.17","0.163971893491124","1,2,3,1,3,1,2,2,3,2,2,4,2,1,1,2,5","0.000885009765625","louvain","graph_2024M12.graphml"
"0.59","0.24","0.17","0.163971893491124","1,2,3,1,3,1,2,2,3,2,2,4,2,1,1,2,5","0.000659942626953125","louvain","graph_2024M12.graphml"
"0.58","0.25","0.17","0.162218623950035","1,2,2,1,3,1,3,3,2,3,3,4,3,1,1,3,5","0.00121688842773438","louvain","graph_2024M12.graphml"
"0.57","0.26","0.17","0.16064079743681","1,2,2,1,3,3,3,3,2,4,3,5,3,1,1,3,6","0.000648021697998047","louvain","graph_2024M12.graphml"
"0.56","0.27","0.17","0.160273724660281","1,2,2,1,3,1,3,3,2,3,3,4,3,1,1,3,5","0.000684976577758789","louvain","graph_2024M12.graphml"
"0.55","0.28","0.17","0.156481481481481","1,2,2,1,3,1,3,3,2,3,3,4,3,1,1,3,5","0.00078892707824707","louvain","graph_2024M12.graphml"
"0.54","0.29","0.17","0.15723669982699","1,2,2,1,3,3,3,3,2,4,3,5,3,1,1,3,6","0.000652074813842773","louvain","graph_2024M12.graphml"
"0.53","0.3","0.17","0.158324144087377","1,2,2,2,3,4,4,4,2,3,4,3,4,1,1,4,5","0.00122284889221191","louvain","graph_2024M12.graphml"
"0.52","0.31","0.17","0.159946043868681","1,2,2,2,3,4,4,4,2,3,4,3,4,1,1,4,5","0.000684976577758789","louvain","graph_2024M12.graphml"
"0.51","0.32","0.17","0.159678061689855","1,2,2,2,3,4,4,4,2,3,4,3,4,1,1,4,5","0.0015861988067627","louvain","graph_2024M12.graphml"
"0.5","0.33","0.17","0.159678061689855","1,2,2,2,3,4,4,4,2,3,4,3,4,1,1,4,5","0.000695943832397461","louvain","graph_2024M12.graphml"
"0.49","0.34","0.17","0.159678061689855","1,2,2,2,3,4,4,4,2,3,4,3,4,1,1,4,5","0.000707864761352539","louvain","graph_2024M12.graphml"
"0.48","0.35","0.17","0.162922202099771","1,2,2,2,3,4,4,4,2,3,4,3,4,1,1,4,5","0.00120186805725098","louvain","graph_2024M12.graphml"
"0.47","0.36","0.17","0.162922202099771","1,2,2,2,3,4,4,4,2,3,4,3,4,1,1,4,5","0.00129103660583496","louvain","graph_2024M12.graphml"
"0.46","0.37","0.17","0.161636738594638","1,2,2,2,3,4,4,4,2,3,4,3,4,1,1,4,5","0.00127196311950684","louvain","graph_2024M12.graphml"
"0.45","0.38","0.17","0.160165565808039","1,2,2,2,3,4,4,4,2,3,4,3,4,1,1,4,5","0.000726938247680664","louvain","graph_2024M12.graphml"
"0.44","0.39","0.17","0.162834318736418","1,2,2,2,3,1,3,3,2,4,1,3,3,1,1,3,5","0.000795125961303711","louvain","graph_2024M12.graphml"
"0.43","0.4","0.17","0.160588355024485","1,2,3,2,3,3,4,4,2,4,4,3,3,1,1,4,5","0.000694036483764648","louvain","graph_2024M12.graphml"
"0.42","0.41","0.17","0.159967864514918","1,2,3,4,3,3,3,4,2,4,1,3,3,1,1,4,5","0.000839948654174805","louvain","graph_2024M12.graphml"
"0.41","0.42","0.17","0.160508567368286","1,2,3,2,3,3,4,4,2,4,1,3,3,4,1,4,5","0.000637054443359375","louvain","graph_2024M12.graphml"
"0.4","0.43","0.17","0.162926862673484","1,2,3,2,3,3,4,4,2,4,1,3,3,4,1,4,5","0.00129485130310059","louvain","graph_2024M12.graphml"
"0.39","0.44","0.17","0.161451060763029","1,2,3,4,3,3,4,4,2,4,1,3,3,4,1,4,5","0.000781059265136719","louvain","graph_2024M12.graphml"
"0.38","0.45","0.17","0.16027784924106","1,2,3,4,5,3,4,4,2,4,1,5,3,4,1,4,6","0.000699043273925781","louvain","graph_2024M12.graphml"
"0.37","0.46","0.17","0.157191570545152","1,2,1,3,4,4,3,3,2,3,1,4,4,3,1,3,5","0.00137686729431152","louvain","graph_2024M12.graphml"
"0.36","0.47","0.17","0.15305732686819","1,2,1,1,3,4,3,3,2,3,4,3,4,3,1,3,5","0.000660896301269531","louvain","graph_2024M12.graphml"
"0.35","0.48","0.17","0.15305732686819","1,2,1,1,3,4,3,3,2,3,4,3,4,3,1,3,5","0.00155806541442871","louvain","graph_2024M12.graphml"
"0.34","0.49","0.17","0.150621589635634","1,2,1,1,3,4,3,3,2,3,4,3,4,3,1,3,5","0.00074315071105957","louvain","graph_2024M12.graphml"
"0.33","0.5","0.17","0.151880150122517","1,2,1,1,3,4,3,3,2,3,4,3,4,3,1,3,5","0.000851869583129883","louvain","graph_2024M12.graphml"
"0.32","0.51","0.17","0.156094734189972","1,2,1,3,4,3,4,4,2,4,1,4,3,4,1,4,5","0.000694036483764648","louvain","graph_2024M12.graphml"
"0.31","0.52","0.17","0.156094734189972","1,2,1,1,3,4,3,3,2,3,4,3,4,3,1,3,5","0.000751972198486328","louvain","graph_2024M12.graphml"
"0.3","0.53","0.17","0.154933103669284","1,2,1,3,4,3,4,4,2,4,1,4,3,4,1,4,5","0.000641822814941406","louvain","graph_2024M12.graphml"
"0.29","0.54","0.17","0.153773049786544","1,2,1,1,3,4,3,3,2,3,4,3,4,3,1,3,5","0.000721216201782227","louvain","graph_2024M12.graphml"
"0.28","0.55","0.17","0.155141212768482","1,2,1,1,3,4,3,3,2,3,4,3,4,3,1,3,5","0.00101804733276367","louvain","graph_2024M12.graphml"
"0.27","0.56","0.17","0.153988266624738","1,2,1,3,4,3,4,4,2,4,1,4,3,4,1,4,5","0.00184392929077148","louvain","graph_2024M12.graphml"
"0.26","0.57","0.17","0.155074193767529","1,2,1,3,4,3,5,5,2,5,1,4,3,5,1,5,6","0.00144815444946289","louvain","graph_2024M12.graphml"
"0.25","0.58","0.17","0.156200570965626","1,2,1,3,4,3,5,4,2,5,1,4,3,5,1,4,6","0.00102806091308594","louvain","graph_2024M12.graphml"
"0.24","0.59","0.17","0.157381935990952","1,2,1,3,4,3,5,4,2,5,1,4,3,5,1,4,6","0.000950098037719727","louvain","graph_2024M12.graphml"
"0.23","0.6","0.17","0.158239053254438","1,2,1,3,4,3,5,4,2,5,1,4,3,5,1,4,6","0.00130605697631836","louvain","graph_2024M12.graphml"
"0.22","0.61","0.17","0.158587708209399","1,2,1,3,3,4,2,3,4,2,1,3,3,2,1,3,5","0.00128483772277832","louvain","graph_2024M12.graphml"
"0.21","0.62","0.17","0.157916594408594","1,2,1,3,4,3,2,4,3,2,1,4,4,1,1,4,5","0.000773906707763672","louvain","graph_2024M12.graphml"
"0.2","0.63","0.17","0.160687712585034","1,2,1,1,3,4,2,3,4,2,5,3,5,1,1,3,6","0.000923871994018555","louvain","graph_2024M12.graphml"
"0.19","0.64","0.17","0.159370074580211","1,2,1,1,3,4,2,3,4,2,5,3,5,1,1,3,6","0.00067591667175293","louvain","graph_2024M12.graphml"
"0.18","0.65","0.17","0.157621107266436","1,2,1,1,2,3,2,2,3,2,4,2,4,1,1,2,5","0.000756978988647461","louvain","graph_2024M12.graphml"
"0.17","0.66","0.17","0.15753892733564","1,2,1,1,3,4,3,3,2,5,4,3,4,1,1,3,6","0.00071406364440918","louvain","graph_2024M12.graphml"
"0.16","0.67","0.17","0.156233098972418","1,2,3,1,4,5,4,4,2,3,5,4,5,1,1,4,6","0.00061798095703125","louvain","graph_2024M12.graphml"
"0.15","0.68","0.17","0.15414397407197","1,2,3,1,4,5,4,4,2,3,5,4,5,1,1,4,6","0.00138998031616211","louvain","graph_2024M12.graphml"
"0.14","0.69","0.17","0.149202338485929","1,2,3,4,5,2,4,3,2,4,1,5,3,1,1,3,6","0.000711917877197266","louvain","graph_2024M12.graphml"
"0.13","0.7","0.17","0.157523072052987","1,2,3,1,4,5,4,4,2,3,5,4,5,1,1,4,6","0.000780105590820312","louvain","graph_2024M12.graphml"
"0.12","0.71","0.17","0.156971176864886","1,2,3,1,4,5,4,4,2,3,5,4,5,1,1,4,6","0.000837087631225586","louvain","graph_2024M12.graphml"
"0.11","0.72","0.17","0.157928982344773","1,2,2,1,3,4,5,5,3,2,4,5,4,1,1,5,6","0.000669002532958984","louvain","graph_2024M12.graphml"
"0.1","0.73","0.17","0.157252083070319","1,2,3,1,4,5,2,3,4,2,5,3,5,1,4,3,6","0.000744104385375977","louvain","graph_2024M12.graphml"
"0.09","0.74","0.17","0.155632626946725","1,2,2,1,3,4,5,5,3,2,4,5,4,1,3,5,6","0.000619888305664062","louvain","graph_2024M12.graphml"
"0.08","0.75","0.17","0.156153549382716","1,2,2,1,3,4,5,5,3,2,4,5,4,1,3,5,6","0.00128006935119629","louvain","graph_2024M12.graphml"
"0.07","0.76","0.17","0.157653025989672","1,2,3,1,4,2,5,5,2,3,4,5,4,1,2,5,6","0.000712156295776367","louvain","graph_2024M12.graphml"
"0.06","0.77","0.17","0.157653025989672","1,2,3,1,4,2,5,5,2,3,4,5,4,1,2,5,6","0.00135397911071777","louvain","graph_2024M12.graphml"
"0.05","0.78","0.17","0.155540544620215","1,2,3,1,4,2,5,5,2,3,4,5,4,1,2,5,6","0.000611066818237305","louvain","graph_2024M12.graphml"
"0.04","0.79","0.17","0.155629460419839","1,2,3,3,4,2,3,3,2,3,4,5,4,1,2,5,6","0.000753164291381836","louvain","graph_2024M12.graphml"
"0.03","0.8","0.17","0.161107071775325","1,2,3,3,4,2,3,3,2,3,4,5,4,1,2,5,6","0.000738143920898438","louvain","graph_2024M12.graphml"
"0.02","0.81","0.17","0.161107071775325","1,2,3,3,4,2,3,3,2,3,4,5,4,1,2,5,6","0.000735998153686523","louvain","graph_2024M12.graphml"
"0.01","0.82","0.17","0.160240450642989","1,2,3,1,4,2,3,3,2,3,4,3,4,1,2,3,5","0.000616073608398438","louvain","graph_2024M12.graphml"
"0","0.83","0.17","0.159711382818823","1,2,3,1,4,2,3,3,2,3,4,3,4,1,2,3,5","0.000763893127441406","louvain","graph_2024M12.graphml"
"0.82","0","0.18","0.158082416429893","1,2,2,1,2,3,3,3,2,4,1,3,3,4,5,3,6","0.000861167907714844","louvain","graph_2024M12.graphml"
"0.81","0.01","0.18","0.162230623818525","1,2,2,1,2,3,3,3,2,4,1,3,3,4,5,3,6","0.0010218620300293","louvain","graph_2024M12.graphml"
"0.8","0.02","0.18","0.162164876908467","1,2,2,1,2,1,3,3,2,3,1,3,3,1,1,3,4","0.00077509880065918","louvain","graph_2024M12.graphml"
"0.79","0.03","0.18","0.165173441539787","1,2,2,1,2,1,3,3,2,3,1,4,3,1,1,3,5","0.000704050064086914","louvain","graph_2024M12.graphml"
"0.78","0.04","0.18","0.164403996892875","1,2,2,1,2,1,3,3,2,3,1,4,3,1,1,3,5","0.00141716003417969","louvain","graph_2024M12.graphml"
"0.77","0.05","0.18","0.162352430555556","1,2,2,1,2,3,3,3,2,4,1,3,3,1,1,3,5","0.000762939453125","louvain","graph_2024M12.graphml"
"0.76","0.06","0.18","0.15892869339526","1,2,2,1,2,3,3,3,2,4,1,3,3,1,1,3,5","0.00063014030456543","louvain","graph_2024M12.graphml"
"0.75","0.07","0.18","0.15892869339526","1,2,2,1,2,3,3,3,2,4,1,3,3,1,1,3,5","0.000717878341674805","louvain","graph_2024M12.graphml"
"0.74","0.08","0.18","0.163758062348831","1,2,3,1,3,1,2,2,3,2,2,4,2,1,1,2,5","0.000671863555908203","louvain","graph_2024M12.graphml"
"0.73","0.09","0.18","0.165139525197834","1,2,3,1,3,1,2,2,3,2,2,4,2,1,1,2,5","0.0016939640045166","louvain","graph_2024M12.graphml"
"0.72","0.1","0.18","0.164163196510014","1,2,3,1,3,1,2,2,3,2,1,4,2,1,1,2,5","0.00070500373840332","louvain","graph_2024M12.graphml"
"0.71","0.11","0.18","0.16007901925078","1,2,3,1,3,1,2,2,3,2,1,4,2,1,1,2,5","0.00067591667175293","louvain","graph_2024M12.graphml"
"0.7","0.12","0.18","0.159344","1,2,3,1,3,1,2,2,3,2,1,4,2,1,1,2,5","0.000911951065063477","louvain","graph_2024M12.graphml"
"0.69","0.13","0.18","0.161005605946082","1,2,3,1,3,1,2,2,3,2,1,4,2,1,1,2,5","0.000690937042236328","louvain","graph_2024M12.graphml"
"0.68","0.14","0.18","0.155504061008122","1,2,2,1,2,1,3,3,2,4,3,3,3,1,1,3,5","0.000694036483764648","louvain","graph_2024M12.graphml"
"0.67","0.15","0.18","0.158248901367188","1,2,3,1,3,1,2,2,3,2,2,4,2,1,1,2,5","0.000707149505615234","louvain","graph_2024M12.graphml"
"0.66","0.16","0.18","0.155151433207139","1,2,3,1,3,2,2,2,3,4,1,2,2,1,1,2,5","0.000697851181030273","louvain","graph_2024M12.graphml"
"0.65","0.17","0.18","0.156117231406807","1,2,3,1,3,1,2,2,3,2,2,4,2,1,1,2,5","0.000846147537231445","louvain","graph_2024M12.graphml"
"0.64","0.18","0.18","0.158011536960199","1,2,3,1,3,1,2,2,3,2,2,4,2,1,1,2,5","0.000691890716552734","louvain","graph_2024M12.graphml"
"0.63","0.19","0.18","0.155962976148095","1,2,2,1,3,1,3,3,2,3,3,4,3,1,1,3,5","0.0010828971862793","louvain","graph_2024M12.graphml"
"0.62","0.2","0.18","0.151906048117621","1,2,2,1,3,3,3,3,2,4,1,3,3,1,1,3,5","0.000694036483764648","louvain","graph_2024M12.graphml"
"0.61","0.21","0.18","0.152798353909465","1,2,2,1,3,3,3,3,2,4,3,5,3,1,1,3,6","0.000629901885986328","louvain","graph_2024M12.graphml"
"0.6","0.22","0.18","0.154436894922455","1,2,2,1,3,3,3,3,2,4,3,5,3,1,1,3,6","0.000984907150268555","louvain","graph_2024M12.graphml"
"0.59","0.23","0.18","0.155193388429752","1,2,2,2,3,1,3,3,2,4,3,4,3,1,1,3,5","0.000706911087036133","louvain","graph_2024M12.graphml"
"0.58","0.24","0.18","0.156827609745852","1,2,2,2,3,3,3,3,2,4,3,4,3,1,1,3,5","0.000690937042236328","louvain","graph_2024M12.graphml"
"0.57","0.25","0.18","0.156283804037587","1,2,2,2,3,4,4,4,2,3,4,3,4,1,1,4,5","0.000877857208251953","louvain","graph_2024M12.graphml"
"0.56","0.26","0.18","0.156283804037587","1,2,2,2,3,4,4,4,2,3,4,3,4,1,1,4,5","0.000730037689208984","louvain","graph_2024M12.graphml"
"0.55","0.27","0.18","0.157995186584545","1,2,2,2,3,4,4,4,2,3,4,3,4,1,1,4,5","0.000673055648803711","louvain","graph_2024M12.graphml"
"0.54","0.28","0.18","0.161269132653061","1,2,2,2,3,4,4,4,2,3,4,3,4,1,1,4,5","0.00115203857421875","louvain","graph_2024M12.graphml"
"0.53","0.29","0.18","0.158738242543132","1,2,2,2,3,4,4,4,2,3,4,3,4,1,1,4,5","0.0012519359588623","louvain","graph_2024M12.graphml"
"0.52","0.3","0.18","0.157275031527426","1,2,2,2,3,4,4,4,2,3,4,3,4,1,1,4,5","0.000726222991943359","louvain","graph_2024M12.graphml"
"0.51","0.31","0.18","0.157275031527426","1,2,2,2,3,4,4,4,2,3,4,3,4,1,1,4,5","0.000676870346069336","louvain","graph_2024M12.graphml"
"0.5","0.32","0.18","0.158583549317815","1,2,2,2,3,4,4,4,2,3,4,3,4,1,1,4,5","0.00122404098510742","louvain","graph_2024M12.graphml"
"0.49","0.33","0.18","0.158583549317815","1,2,2,2,3,4,4,4,2,3,4,3,4,1,1,4,5","0.00090789794921875","louvain","graph_2024M12.graphml"
"0.48","0.34","0.18","0.160963139120095","1,2,2,3,4,4,4,3,2,3,1,4,4,1,1,3,5","0.000654935836791992","louvain","graph_2024M12.graphml"
"0.47","0.35","0.18","0.15853701444924","1,2,2,3,4,4,4,3,2,3,1,4,4,1,1,3,5","0.000779867172241211","louvain","graph_2024M12.graphml"
"0.46","0.36","0.18","0.15740879057742","1,2,3,2,3,3,4,4,2,4,1,3,3,4,1,4,5","0.000841856002807617","louvain","graph_2024M12.graphml"
"0.45","0.37","0.18","0.157790021426385","1,2,3,2,3,3,4,4,2,4,1,3,3,4,1,4,5","0.00127911567687988","louvain","graph_2024M12.graphml"
"0.44","0.38","0.18","0.156763957721153","1,2,1,3,4,4,3,3,2,3,1,4,4,3,1,3,5","0.00151395797729492","louvain","graph_2024M12.graphml"
"0.43","0.39","0.18","0.150372948254093","1,2,1,3,4,3,4,4,2,4,1,4,3,4,1,4,5","0.000698089599609375","louvain","graph_2024M12.graphml"
"0.42","0.4","0.18","0.151790984989037","1,2,1,1,3,4,3,3,2,3,4,3,4,3,1,3,5","0.000724077224731445","louvain","graph_2024M12.graphml"
"0.41","0.41","0.18","0.150527330044721","1,2,1,1,3,4,3,3,2,3,4,3,4,3,1,3,5","0.000709056854248047","louvain","graph_2024M12.graphml"
"0.4","0.42","0.18","0.148121917680752","1,2,1,3,4,3,4,4,2,4,1,4,3,4,1,4,5","0.000742912292480469","louvain","graph_2024M12.graphml"
"0.39","0.43","0.18","0.148121917680752","1,2,1,3,4,3,4,4,2,4,1,4,3,4,1,4,5","0.000763893127441406","louvain","graph_2024M12.graphml"
"0.38","0.44","0.18","0.15360156598645","1,2,1,3,4,3,4,4,2,4,1,4,3,4,1,4,5","0.000918149948120117","louvain","graph_2024M12.graphml"
"0.37","0.45","0.18","0.15244142101285","1,2,1,3,4,3,4,4,2,4,1,4,3,4,1,4,5","0.0010371208190918","louvain","graph_2024M12.graphml"
"0.36","0.46","0.18","0.15244142101285","1,2,1,3,4,3,4,4,2,4,1,4,3,4,1,4,5","0.000832796096801758","louvain","graph_2024M12.graphml"
"0.35","0.47","0.18","0.153773049786544","1,2,1,1,3,4,3,3,2,3,4,3,4,3,1,3,5","0.00134491920471191","louvain","graph_2024M12.graphml"
"0.34","0.48","0.18","0.155141212768482","1,2,1,3,4,3,4,4,2,4,1,4,3,4,1,4,5","0.000586986541748047","louvain","graph_2024M12.graphml"
"0.33","0.49","0.18","0.156630859375","1,2,1,1,3,4,5,5,2,5,4,3,4,5,1,5,6","0.00147008895874023","louvain","graph_2024M12.graphml"
"0.32","0.5","0.18","0.15406427221172","1,2,1,1,3,4,3,3,2,3,4,3,4,3,1,3,5","0.000661134719848633","louvain","graph_2024M12.graphml"
"0.31","0.51","0.18","0.152848201362996","1,2,1,1,3,4,3,3,2,3,4,3,4,3,1,3,5","0.000969886779785156","louvain","graph_2024M12.graphml"
"0.3","0.52","0.18","0.153983431952663","1,2,1,1,3,4,5,4,2,5,4,3,4,5,1,4,6","0.0013279914855957","louvain","graph_2024M12.graphml"
"0.29","0.53","0.18","0.155120649910767","1,2,1,3,4,4,2,4,3,2,1,4,4,2,1,4,5","0.000950098037719727","louvain","graph_2024M12.graphml"
"0.28","0.54","0.18","0.157819982144306","1,2,1,3,4,3,2,4,3,2,1,4,4,1,1,4,5","0.00135278701782227","louvain","graph_2024M12.graphml"
"0.27","0.55","0.18","0.156732941303023","1,2,1,3,4,3,2,4,3,2,1,4,4,1,1,4,5","0.00092315673828125","louvain","graph_2024M12.graphml"
"0.26","0.56","0.18","0.154729723780257","1,2,1,3,4,3,2,4,3,2,1,4,4,1,1,4,5","0.000817060470581055","louvain","graph_2024M12.graphml"
"0.25","0.57","0.18","0.155045341549666","1,2,1,1,3,4,2,3,4,2,5,3,5,1,1,3,6","0.000735044479370117","louvain","graph_2024M12.graphml"
"0.24","0.58","0.18","0.156725054602727","1,2,1,1,3,4,3,5,2,3,4,5,4,1,1,5,6","0.000712871551513672","louvain","graph_2024M12.graphml"
"0.23","0.59","0.18","0.155223123296153","1,2,1,1,3,4,2,3,4,2,5,3,5,1,1,3,6","0.00108909606933594","louvain","graph_2024M12.graphml"
"0.22","0.6","0.18","0.15340054610376","1,2,1,3,4,5,3,4,5,2,3,4,3,1,1,4,6","0.00132203102111816","louvain","graph_2024M12.graphml"
"0.21","0.61","0.18","0.151246036464526","1,2,3,1,4,5,4,4,2,3,5,4,5,1,1,4,6","0.00135111808776855","louvain","graph_2024M12.graphml"
"0.2","0.62","0.18","0.1505077955025","1,2,3,1,4,5,4,4,2,3,5,4,5,1,1,4,6","0.00139403343200684","louvain","graph_2024M12.graphml"
"0.19","0.63","0.18","0.150733354437058","1,2,3,1,4,2,4,5,2,3,4,5,4,1,1,5,6","0.00132513046264648","louvain","graph_2024M12.graphml"
"0.18","0.64","0.18","0.153799195633439","1,2,3,1,4,2,4,4,2,3,4,4,4,1,1,4,5","0.000886201858520508","louvain","graph_2024M12.graphml"
"0.17","0.65","0.18","0.150651748516601","1,2,3,1,4,5,2,3,4,2,5,3,5,1,1,3,6","0.000764131546020508","louvain","graph_2024M12.graphml"
"0.16","0.66","0.18","0.150350336212917","1,2,3,1,4,5,2,3,4,2,5,3,5,1,4,3,6","0.000683069229125977","louvain","graph_2024M12.graphml"
"0.15","0.67","0.18","0.154483593392354","1,2,3,1,4,5,2,3,4,2,5,3,5,1,4,3,6","0.000834941864013672","louvain","graph_2024M12.graphml"
"0.14","0.68","0.18","0.155308814389085","1,2,2,1,3,4,5,5,3,2,4,5,4,1,3,5,6","0.00061798095703125","louvain","graph_2024M12.graphml"
"0.13","0.69","0.18","0.154741918744849","1,2,2,1,3,4,5,5,3,2,4,5,4,1,3,5,6","0.00118708610534668","louvain","graph_2024M12.graphml"
"0.12","0.7","0.18","0.15403640457872","1,2,3,1,4,2,5,5,2,3,4,5,4,1,2,5,6","0.000753879547119141","louvain","graph_2024M12.graphml"
"0.11","0.71","0.18","0.152572715331207","1,2,3,1,4,2,5,3,2,5,4,3,4,1,2,3,6","0.00082087516784668","louvain","graph_2024M12.graphml"
"0.1","0.72","0.18","0.153772765407717","1,2,3,1,4,2,3,3,2,3,4,3,4,1,2,3,5","0.00085902214050293","louvain","graph_2024M12.graphml"
"0.09","0.73","0.18","0.154544914580998","1,2,3,1,4,2,5,5,2,3,4,5,4,1,2,5,6","0.000848054885864258","louvain","graph_2024M12.graphml"
"0.08","0.74","0.18","0.155841246759351","1,2,3,3,4,2,3,3,2,3,4,5,4,1,2,5,6","0.00144696235656738","louvain","graph_2024M12.graphml"
"0.07","0.75","0.18","0.15654492330168","1,2,3,1,4,2,3,3,2,3,4,3,4,1,2,3,5","0.000787973403930664","louvain","graph_2024M12.graphml"
"0.06","0.76","0.18","0.157614601504189","1,2,3,1,4,2,3,3,2,3,4,3,4,1,2,3,5","0.00143790245056152","louvain","graph_2024M12.graphml"
"0.05","0.77","0.18","0.15664","1,2,3,1,4,2,3,3,2,3,4,3,4,1,2,3,5","0.00147104263305664","louvain","graph_2024M12.graphml"
"0.04","0.78","0.18","0.157500444444444","1,2,3,3,4,2,3,3,2,3,4,5,4,1,2,5,6","0.000982999801635742","louvain","graph_2024M12.graphml"
"0.03","0.79","0.18","0.154454755890775","1,2,3,1,4,2,3,3,2,3,4,3,4,1,2,3,5","0.000913143157958984","louvain","graph_2024M12.graphml"
"0.02","0.8","0.18","0.154249134996275","1,2,3,1,4,2,3,3,2,3,4,3,4,1,2,3,5","0.000760078430175781","louvain","graph_2024M12.graphml"
"0.01","0.81","0.18","0.153057479224377","1,2,3,1,4,2,5,3,2,5,4,3,4,1,2,3,6","0.000703096389770508","louvain","graph_2024M12.graphml"
"0","0.82","0.18","0.15358379501385","1,2,3,1,4,2,3,3,2,3,4,5,4,3,2,5,6","0.000777006149291992","louvain","graph_2024M12.graphml"
"0.81","0","0.19","0.15897138173622","1,2,3,1,3,1,2,2,3,2,1,2,2,1,1,2,4","0.00071406364440918","louvain","graph_2024M12.graphml"
"0.8","0.01","0.19","0.163415129807448","1,2,3,1,3,1,2,2,3,2,1,4,2,1,1,2,5","0.000652074813842773","louvain","graph_2024M12.graphml"
"0.79","0.02","0.19","0.159558922332706","1,2,2,1,2,3,3,3,2,3,3,3,3,1,1,3,4","0.00091099739074707","louvain","graph_2024M12.graphml"
"0.78","0.03","0.19","0.159825072886297","1,2,2,1,2,3,3,3,2,4,1,3,3,1,1,3,5","0.000705957412719727","louvain","graph_2024M12.graphml"
"0.77","0.04","0.19","0.157739022111492","1,2,3,1,3,1,2,2,3,2,1,4,2,1,1,2,5","0.000662088394165039","louvain","graph_2024M12.graphml"
"0.76","0.05","0.19","0.155799114299773","1,2,2,1,2,3,3,3,2,4,1,3,3,1,1,3,5","0.000615119934082031","louvain","graph_2024M12.graphml"
"0.75","0.06","0.19","0.154257999496095","1,2,2,1,2,3,3,3,2,4,1,3,3,1,1,3,5","0.000658988952636719","louvain","graph_2024M12.graphml"
"0.74","0.07","0.19","0.154558559117118","1,2,3,1,3,1,2,2,3,2,1,2,2,1,1,2,4","0.000854015350341797","louvain","graph_2024M12.graphml"
"0.73","0.08","0.19","0.155705561411123","1,2,2,1,2,3,3,3,2,4,1,3,3,1,1,3,5","0.00049901008605957","louvain","graph_2024M12.graphml"
"0.72","0.09","0.19","0.151242527690404","1,2,2,1,2,3,3,3,2,4,1,3,3,1,1,3,5","0.00133895874023438","louvain","graph_2024M12.graphml"
"0.71","0.1","0.19","0.152471337766621","1,2,3,1,3,1,2,2,3,2,2,4,2,1,1,2,5","0.000658988952636719","louvain","graph_2024M12.graphml"
"0.7","0.11","0.19","0.146975700716741","1,2,3,1,3,2,2,2,3,4,1,2,2,1,1,2,5","0.000611066818237305","louvain","graph_2024M12.graphml"
"0.69","0.12","0.19","0.146557908631772","1,2,2,1,3,3,4,3,2,4,4,3,3,1,1,4,5","0.000657081604003906","louvain","graph_2024M12.graphml"
"0.68","0.13","0.19","0.147973316750523","1,2,2,1,2,3,3,3,2,4,3,3,3,1,1,3,5","0.000705957412719727","louvain","graph_2024M12.graphml"
"0.67","0.14","0.19","0.15207777670292","1,2,2,1,2,3,3,3,2,4,3,5,3,1,1,3,6","0.000997066497802734","louvain","graph_2024M12.graphml"
"0.66","0.15","0.19","0.150712817091271","1,2,2,1,3,3,3,3,2,4,3,5,3,1,1,3,6","0.000669002532958984","louvain","graph_2024M12.graphml"
"0.65","0.16","0.19","0.150860738772827","1,2,2,2,3,3,3,3,2,4,3,4,3,1,1,3,5","0.000658988952636719","louvain","graph_2024M12.graphml"
"0.64","0.17","0.19","0.154161983471074","1,2,2,2,3,3,3,3,2,4,3,4,3,1,1,3,5","0.000710010528564453","louvain","graph_2024M12.graphml"
"0.63","0.18","0.19","0.156827609745852","1,2,2,2,3,3,3,3,2,4,3,4,3,1,1,3,5","0.000683069229125977","louvain","graph_2024M12.graphml"
"0.62","0.19","0.19","0.156283804037587","1,2,2,2,3,4,4,4,2,3,4,3,4,1,1,4,5","0.00166988372802734","louvain","graph_2024M12.graphml"
"0.61","0.2","0.19","0.15375573284002","1,2,2,2,3,4,4,4,2,3,4,3,4,1,1,4,5","0.00129795074462891","louvain","graph_2024M12.graphml"
"0.6","0.21","0.19","0.155588250088024","1,2,2,2,3,4,4,4,2,3,4,3,4,1,1,4,5","0.000648021697998047","louvain","graph_2024M12.graphml"
"0.59","0.22","0.19","0.155588250088024","1,2,2,2,3,4,4,4,2,3,4,3,4,1,1,4,5","0.000649929046630859","louvain","graph_2024M12.graphml"
"0.58","0.23","0.19","0.157275031527426","1,2,2,2,3,4,4,4,2,3,4,3,4,1,1,4,5","0.000919103622436523","louvain","graph_2024M12.graphml"
"0.57","0.24","0.19","0.157026777469991","1,2,2,2,3,4,4,4,2,3,4,3,4,1,1,4,5","0.00065302848815918","louvain","graph_2024M12.graphml"
"0.56","0.25","0.19","0.158583549317815","1,2,2,2,3,4,4,4,2,3,4,3,4,1,1,4,5","0.000715970993041992","louvain","graph_2024M12.graphml"
"0.55","0.26","0.19","0.156123408564815","1,2,2,2,3,1,3,3,2,3,3,4,3,1,1,3,5","0.000688076019287109","louvain","graph_2024M12.graphml"
"0.54","0.27","0.19","0.156123408564815","1,2,2,2,3,1,3,3,2,3,3,4,3,1,1,3,5","0.00067901611328125","louvain","graph_2024M12.graphml"
"0.53","0.28","0.19","0.15979381443299","1,2,2,2,3,1,3,3,2,3,1,3,3,1,1,3,4","0.000739097595214844","louvain","graph_2024M12.graphml"
"0.52","0.29","0.19","0.15932592220599","1,2,2,2,3,3,3,4,2,4,1,3,3,4,1,4,5","0.00068211555480957","louvain","graph_2024M12.graphml"
"0.51","0.3","0.19","0.153607576075319","1,2,1,2,3,4,4,4,2,4,4,3,4,4,1,4,5","0.000634908676147461","louvain","graph_2024M12.graphml"
"0.5","0.31","0.19","0.151875088498949","1,2,1,1,3,4,4,4,2,4,4,3,4,4,1,4,5","0.00154519081115723","louvain","graph_2024M12.graphml"
"0.49","0.32","0.19","0.148601046164946","1,2,1,1,3,4,4,4,2,4,4,3,4,4,1,4,5","0.000682830810546875","louvain","graph_2024M12.graphml"
"0.48","0.33","0.19","0.147278876170656","1,2,1,3,4,3,3,3,2,3,3,4,3,3,1,3,5","0.000596046447753906","louvain","graph_2024M12.graphml"
"0.47","0.34","0.19","0.148121917680752","1,2,1,1,3,4,3,3,2,3,4,3,4,3,1,3,5","0.000792980194091797","louvain","graph_2024M12.graphml"
"0.46","0.35","0.19","0.146978755752794","1,2,1,3,4,3,4,4,2,4,1,4,3,4,1,4,5","0.000965118408203125","louvain","graph_2024M12.graphml"
"0.45","0.36","0.19","0.149491165572783","1,2,1,1,3,4,3,3,2,3,4,3,4,3,1,3,5","0.000741958618164062","louvain","graph_2024M12.graphml"
"0.44","0.37","0.19","0.150883402977808","1,2,1,1,3,4,3,3,2,3,4,3,4,3,1,3,5","0.00122904777526855","louvain","graph_2024M12.graphml"
"0.43","0.38","0.19","0.153494719354456","1,2,1,1,3,4,5,4,2,5,4,3,4,5,1,4,6","0.000665903091430664","louvain","graph_2024M12.graphml"
"0.42","0.39","0.19","0.153494719354456","1,2,1,1,3,4,5,4,2,5,4,3,4,5,1,4,6","0.000704050064086914","louvain","graph_2024M12.graphml"
"0.41","0.4","0.19","0.154715460736431","1,2,1,1,3,4,4,4,2,4,4,3,4,4,1,4,5","0.000735998153686523","louvain","graph_2024M12.graphml"
"0.4","0.41","0.19","0.1534033203125","1,2,1,1,3,4,4,4,2,4,4,3,4,4,1,4,5","0.000577211380004883","louvain","graph_2024M12.graphml"
"0.39","0.42","0.19","0.150823656494734","1,2,1,1,3,4,5,4,2,5,4,3,4,5,1,4,6","0.000694990158081055","louvain","graph_2024M12.graphml"
"0.38","0.43","0.19","0.15170650887574","1,2,1,1,3,4,5,4,2,5,4,3,4,5,1,4,6","0.000864982604980469","louvain","graph_2024M12.graphml"
"0.37","0.44","0.19","0.153215162105889","1,2,1,3,4,1,3,3,2,3,3,4,3,3,1,4,5","0.000693082809448242","louvain","graph_2024M12.graphml"
"0.36","0.45","0.19","0.153397612488522","1,2,1,3,4,5,3,5,2,3,1,4,5,3,1,5,6","0.000693798065185547","louvain","graph_2024M12.graphml"
"0.35","0.46","0.19","0.153020213383655","1,2,1,3,4,1,3,3,2,5,3,4,3,1,1,3,6","0.000701189041137695","louvain","graph_2024M12.graphml"
"0.34","0.47","0.19","0.149398561507936","1,2,1,3,4,2,3,4,2,5,3,4,3,1,1,4,6","0.000689983367919922","louvain","graph_2024M12.graphml"
"0.33","0.48","0.19","0.152800147053675","1,2,1,3,4,5,3,3,5,2,3,4,3,1,1,3,6","0.000651836395263672","louvain","graph_2024M12.graphml"
"0.32","0.49","0.19","0.152585693778229","1,2,1,1,3,4,5,3,4,2,5,3,5,5,1,3,6","0.00074005126953125","louvain","graph_2024M12.graphml"
"0.31","0.5","0.19","0.152800147053675","1,2,1,3,4,5,3,3,5,2,3,4,3,1,1,3,6","0.001129150390625","louvain","graph_2024M12.graphml"
"0.3","0.51","0.19","0.154375614552606","1,2,1,1,3,4,3,3,4,2,3,3,3,1,1,3,5","0.000755071640014648","louvain","graph_2024M12.graphml"
"0.29","0.52","0.19","0.148263390023055","1,2,1,3,4,3,4,5,3,2,4,5,4,1,1,5,6","0.000793933868408203","louvain","graph_2024M12.graphml"
"0.28","0.53","0.19","0.149959720618891","1,2,1,1,3,4,3,5,4,2,3,5,3,1,1,5,6","0.000738143920898438","louvain","graph_2024M12.graphml"
"0.27","0.54","0.19","0.152014351277904","1,2,3,1,4,2,4,5,2,3,4,5,4,1,1,5,6","0.000708103179931641","louvain","graph_2024M12.graphml"
"0.26","0.55","0.19","0.152014351277904","1,2,3,1,4,2,4,5,2,3,4,5,4,1,1,5,6","0.00143980979919434","louvain","graph_2024M12.graphml"
"0.25","0.56","0.19","0.151910292935934","1,2,3,1,4,2,4,5,2,3,4,5,4,1,1,5,6","0.000737905502319336","louvain","graph_2024M12.graphml"
"0.24","0.57","0.19","0.151048392303719","1,2,3,1,4,2,4,5,2,3,4,5,4,1,1,5,6","0.000703096389770508","louvain","graph_2024M12.graphml"
"0.23","0.58","0.19","0.151823050981948","1,2,2,1,3,4,5,5,3,2,4,5,4,1,1,5,6","0.000730037689208984","louvain","graph_2024M12.graphml"
"0.22","0.59","0.19","0.150326924877501","1,2,2,1,3,4,5,5,3,2,4,5,4,1,3,5,6","0.000695943832397461","louvain","graph_2024M12.graphml"
"0.21","0.6","0.19","0.152058876017411","1,2,2,1,3,4,3,3,4,2,3,3,3,1,4,3,5","0.000733137130737305","louvain","graph_2024M12.graphml"
"0.2","0.61","0.19","0.149668894498968","1,2,2,1,3,4,5,5,3,2,4,5,4,1,3,5,6","0.00074005126953125","louvain","graph_2024M12.graphml"
"0.19","0.62","0.19","0.14865236103904","1,2,2,1,3,4,5,5,3,2,4,5,4,1,3,5,6","0.000764846801757812","louvain","graph_2024M12.graphml"
"0.18","0.63","0.19","0.151151732882502","1,2,2,1,3,3,4,4,2,2,3,4,3,1,2,4,5","0.000707149505615234","louvain","graph_2024M12.graphml"
"0.17","0.64","0.19","0.153688524590164","1,2,3,4,5,2,4,3,2,4,5,3,5,1,2,3,6","0.000873088836669922","louvain","graph_2024M12.graphml"
"0.16","0.65","0.19","0.155129296186808","1,2,3,1,4,2,5,5,2,3,4,5,4,1,2,5,6","0.000719070434570312","louvain","graph_2024M12.graphml"
"0.15","0.66","0.19","0.153754135160681","1,2,3,1,4,2,5,5,2,3,4,5,4,1,2,5,6","0.000679969787597656","louvain","graph_2024M12.graphml"
"0.14","0.67","0.19","0.151985517145144","1,2,3,1,4,2,3,3,2,3,4,3,4,1,2,3,5","0.000812053680419922","louvain","graph_2024M12.graphml"
"0.13","0.68","0.19","0.154736096658573","1,2,3,1,4,2,5,5,2,3,4,5,4,1,2,5,6","0.000715017318725586","louvain","graph_2024M12.graphml"
"0.12","0.69","0.19","0.153903930884287","1,2,3,1,4,2,5,5,2,3,4,5,4,1,2,5,6","0.000763893127441406","louvain","graph_2024M12.graphml"
"0.11","0.7","0.19","0.154478222222222","1,2,3,3,4,2,3,3,2,3,4,5,4,1,2,5,6","0.000754117965698242","louvain","graph_2024M12.graphml"
"0.1","0.71","0.19","0.152490521729289","1,2,3,1,4,2,3,3,2,3,4,3,4,1,2,3,5","0.000763177871704102","louvain","graph_2024M12.graphml"
"0.09","0.72","0.19","0.155084551068288","1,2,3,3,4,2,3,3,2,3,4,5,4,1,2,5,6","0.00072789192199707","louvain","graph_2024M12.graphml"
"0.08","0.73","0.19","0.152137970942609","1,2,3,1,2,4,5,3,2,5,4,3,4,1,4,3,6","0.000807046890258789","louvain","graph_2024M12.graphml"
"0.07","0.74","0.19","0.152275748995942","1,2,3,1,4,2,5,3,2,5,4,3,4,1,2,3,6","0.000735998153686523","louvain","graph_2024M12.graphml"
"0.06","0.75","0.19","0.152275748995942","1,2,3,1,4,2,5,3,2,5,4,3,4,1,2,3,6","0.000873804092407227","louvain","graph_2024M12.graphml"
"0.05","0.76","0.19","0.152411566840278","1,2,3,1,3,4,3,3,2,3,4,5,4,1,4,5,6","0.0013430118560791","louvain","graph_2024M12.graphml"
"0.04","0.77","0.19","0.152553982204861","1,2,3,1,4,5,4,3,2,4,5,3,5,1,5,3,6","0.000773906707763672","louvain","graph_2024M12.graphml"
"0.03","0.78","0.19","0.149683846456877","1,2,3,1,4,5,4,3,2,4,5,3,5,1,5,3,6","0.000744104385375977","louvain","graph_2024M12.graphml"
"0.02","0.79","0.19","0.150558842866535","1,2,3,1,3,4,3,3,2,3,4,3,4,1,4,3,5","0.000586032867431641","louvain","graph_2024M12.graphml"
"0.01","0.8","0.19","0.153872799435412","1,2,3,1,4,2,3,3,2,3,4,4,4,1,2,3,5","0.000705957412719727","louvain","graph_2024M12.graphml"
"0","0.81","0.19","0.15543752737767","1,2,3,1,4,2,3,3,2,3,4,4,4,1,2,3,5","0.000787973403930664","louvain","graph_2024M12.graphml"
"0.8","0","0.2","0.151071052142104","1,2,2,1,2,3,3,3,2,4,1,3,3,1,1,3,5","0.000458002090454102","louvain","graph_2024M12.graphml"
"0.79","0.01","0.2","0.15406001699438","1,2,3,1,3,1,2,2,3,2,1,4,2,1,1,2,5","0.0013730525970459","louvain","graph_2024M12.graphml"
"0.78","0.02","0.2","0.153054733727811","1,2,2,1,2,3,3,3,2,4,1,3,3,1,1,3,5","0.000649929046630859","louvain","graph_2024M12.graphml"
"0.77","0.03","0.2","0.152529585798817","1,2,3,1,3,1,2,2,3,2,1,4,2,1,1,2,5","0.000700950622558594","louvain","graph_2024M12.graphml"
"0.76","0.04","0.2","0.150305772817303","1,2,3,1,3,1,2,2,3,2,1,4,2,1,1,2,5","0.000697135925292969","louvain","graph_2024M12.graphml"
"0.75","0.05","0.2","0.149535021764939","1,2,3,1,3,2,2,2,3,4,2,5,2,1,1,2,6","0.00067901611328125","louvain","graph_2024M12.graphml"
"0.74","0.06","0.2","0.147520327467142","1,2,2,1,2,1,3,3,2,4,3,3,3,1,1,3,5","0.000671863555908203","louvain","graph_2024M12.graphml"
"0.73","0.07","0.2","0.148146858988639","1,2,2,1,2,3,3,3,2,4,3,5,3,1,1,3,6","0.000710010528564453","louvain","graph_2024M12.graphml"
"0.72","0.08","0.2","0.146107709954257","1,2,2,1,2,3,3,3,2,4,3,5,3,1,1,3,6","0.000644922256469727","louvain","graph_2024M12.graphml"
"0.71","0.09","0.2","0.15109347967128","1,2,2,2,3,1,3,3,2,3,3,4,3,1,1,3,5","0.00107717514038086","louvain","graph_2024M12.graphml"
"0.7","0.1","0.2","0.152518780968619","1,2,2,2,3,3,3,3,2,4,3,4,3,1,1,3,5","0.000650882720947266","louvain","graph_2024M12.graphml"
"0.69","0.11","0.2","0.151761393997055","1,2,2,2,3,3,3,3,2,4,3,4,3,1,1,3,5","0.000674009323120117","louvain","graph_2024M12.graphml"
"0.68","0.12","0.2","0.152965660770031","1,2,2,2,3,3,3,3,2,4,3,4,3,1,1,3,5","0.00122809410095215","louvain","graph_2024M12.graphml"
"0.67","0.13","0.2","0.154236456918666","1,2,2,2,3,1,3,3,2,4,1,3,3,1,1,3,5","0.000646114349365234","louvain","graph_2024M12.graphml"
"0.66","0.14","0.2","0.155588250088024","1,2,2,2,3,4,4,4,2,3,4,3,4,1,1,4,5","0.000659942626953125","louvain","graph_2024M12.graphml"
"0.65","0.15","0.2","0.152218157300004","1,2,2,2,3,1,3,3,2,4,3,3,3,1,1,1,5","0.000689983367919922","louvain","graph_2024M12.graphml"
"0.64","0.16","0.2","0.153685275131416","1,2,2,2,3,4,4,4,2,3,4,3,4,1,1,4,5","0.000727176666259766","louvain","graph_2024M12.graphml"
"0.63","0.17","0.2","0.155290858725762","1,2,2,2,3,1,3,3,2,3,3,4,3,1,1,3,5","0.000663995742797852","louvain","graph_2024M12.graphml"
"0.62","0.18","0.2","0.153766687857597","1,2,2,2,3,1,3,3,2,3,3,4,3,1,1,3,5","0.000660896301269531","louvain","graph_2024M12.graphml"
"0.61","0.19","0.2","0.153680389466911","1,2,2,2,3,1,3,3,2,3,3,3,3,1,1,1,4","0.00090479850769043","louvain","graph_2024M12.graphml"
"0.6","0.2","0.2","0.154601836663833","1,2,2,2,3,4,4,4,2,3,4,3,4,1,1,4,5","0.000682830810546875","louvain","graph_2024M12.graphml"
"0.59","0.21","0.2","0.154922591844688","1,2,2,2,3,4,4,4,2,3,4,3,4,1,1,4,5","0.000700950622558594","louvain","graph_2024M12.graphml"
"0.58","0.22","0.2","0.155296977720964","1,2,1,2,3,1,4,4,2,4,4,3,4,1,1,4,5","0.000854969024658203","louvain","graph_2024M12.graphml"
"0.57","0.23","0.2","0.152076663304241","1,2,1,1,3,3,3,4,2,4,3,3,3,4,1,4,5","0.000672101974487305","louvain","graph_2024M12.graphml"
"0.56","0.24","0.2","0.147503359312013","1,2,1,1,3,3,3,4,2,4,3,3,3,4,1,4,5","0.000663995742797852","louvain","graph_2024M12.graphml"
"0.55","0.25","0.2","0.151752704726595","1,2,1,1,3,1,4,4,2,4,4,3,4,4,1,4,5","0.000890970230102539","louvain","graph_2024M12.graphml"
"0.54","0.26","0.2","0.148406240630266","1,2,1,1,3,4,4,4,2,4,4,3,4,4,1,4,5","0.00138306617736816","louvain","graph_2024M12.graphml"
"0.53","0.27","0.2","0.149480193951348","1,2,1,1,3,4,4,4,2,4,4,3,4,4,1,4,5","0.000684022903442383","louvain","graph_2024M12.graphml"
"0.52","0.28","0.2","0.148664373424246","1,2,1,1,3,1,4,4,2,4,4,3,4,4,1,4,5","0.000669002532958984","louvain","graph_2024M12.graphml"
"0.51","0.29","0.2","0.149737311858493","1,2,1,1,3,4,4,4,2,4,4,3,4,4,1,4,5","0.000751972198486328","louvain","graph_2024M12.graphml"
"0.5","0.3","0.2","0.149485258772633","1,2,1,1,3,4,4,4,2,4,4,3,4,4,1,4,5","0.000683069229125977","louvain","graph_2024M12.graphml"
"0.49","0.31","0.2","0.151041407517241","1,2,1,1,3,1,4,4,2,4,4,3,4,4,1,4,5","0.000867128372192383","louvain","graph_2024M12.graphml"
"0.48","0.32","0.2","0.153168387326451","1,2,1,1,3,4,4,4,2,4,4,3,4,4,1,4,5","0.000765800476074219","louvain","graph_2024M12.graphml"
"0.47","0.33","0.2","0.154715460736431","1,2,1,1,3,4,4,4,2,4,4,3,4,4,1,4,5","0.000756978988647461","louvain","graph_2024M12.graphml"
"0.46","0.34","0.2","0.153812560048913","1,2,1,3,4,1,3,3,2,5,3,4,3,1,1,3,6","0.00122714042663574","louvain","graph_2024M12.graphml"
"0.45","0.35","0.2","0.151272671848804","1,2,1,1,3,4,5,4,2,5,4,3,4,5,1,4,6","0.000751018524169922","louvain","graph_2024M12.graphml"
"0.44","0.36","0.2","0.15063137491061","1,2,1,3,4,1,3,3,2,3,3,4,3,3,1,4,5","0.00101208686828613","louvain","graph_2024M12.graphml"
"0.43","0.37","0.2","0.151569183581083","1,2,1,1,3,4,4,4,2,5,4,3,4,4,1,4,6","0.000787019729614258","louvain","graph_2024M12.graphml"
"0.42","0.38","0.2","0.1500172376252","1,2,1,1,3,1,4,4,2,5,4,3,4,4,1,4,6","0.000633001327514648","louvain","graph_2024M12.graphml"
"0.41","0.39","0.2","0.149044330585877","1,2,1,3,4,2,4,4,2,3,1,4,4,1,1,4,5","0.00121498107910156","louvain","graph_2024M12.graphml"
"0.4","0.4","0.2","0.150727217970522","1,2,1,3,4,3,4,4,3,2,1,4,4,1,1,4,5","0.00082087516784668","louvain","graph_2024M12.graphml"
"0.39","0.41","0.2","0.150771777509708","1,2,1,3,3,2,3,3,2,4,3,5,3,1,1,5,6","0.00132107734680176","louvain","graph_2024M12.graphml"
"0.38","0.42","0.2","0.155624298431096","1,2,1,3,4,3,4,4,3,2,1,4,4,1,1,4,5","0.000654935836791992","louvain","graph_2024M12.graphml"
"0.37","0.43","0.2","0.149210788021998","1,2,1,1,3,4,3,5,4,2,3,5,3,1,1,5,6","0.000884056091308594","louvain","graph_2024M12.graphml"
"0.36","0.44","0.2","0.14772343158464","1,2,1,1,3,4,3,5,4,2,3,5,3,1,1,5,6","0.00100493431091309","louvain","graph_2024M12.graphml"
"0.35","0.45","0.2","0.148263390023055","1,2,1,3,4,3,4,5,3,2,4,5,4,1,1,5,6","0.000991106033325195","louvain","graph_2024M12.graphml"
"0.34","0.46","0.2","0.148263390023055","1,2,1,3,4,3,4,5,3,2,4,5,4,1,1,5,6","0.00151395797729492","louvain","graph_2024M12.graphml"
"0.33","0.47","0.2","0.147194146616947","1,2,1,1,2,3,2,4,3,2,2,4,2,1,1,4,5","0.00117301940917969","louvain","graph_2024M12.graphml"
"0.32","0.48","0.2","0.146762286959968","1,2,3,1,4,2,4,5,2,3,4,5,4,1,1,5,6","0.000987052917480469","louvain","graph_2024M12.graphml"
"0.31","0.49","0.2","0.151910292935934","1,2,3,1,4,2,4,5,2,3,4,5,4,1,1,5,6","0.00127696990966797","louvain","graph_2024M12.graphml"
"0.3","0.5","0.2","0.150691362582157","1,2,1,1,3,2,2,4,3,2,2,4,2,1,1,4,5","0.00151205062866211","louvain","graph_2024M12.graphml"
"0.29","0.51","0.2","0.15025800704604","1,2,3,1,4,2,4,5,2,3,4,5,4,1,1,5,6","0.0013279914855957","louvain","graph_2024M12.graphml"
"0.28","0.52","0.2","0.150291489144677","1,2,1,1,3,2,2,4,3,2,2,4,2,1,3,4,5","0.00223422050476074","louvain","graph_2024M12.graphml"
"0.27","0.53","0.2","0.149841820987654","1,2,2,1,3,4,5,5,3,2,4,5,4,1,3,5,6","0.00101399421691895","louvain","graph_2024M12.graphml"
"0.26","0.54","0.2","0.14865236103904","1,2,2,1,3,4,5,5,3,2,4,5,4,1,3,5,6","0.000847101211547852","louvain","graph_2024M12.graphml"
"0.25","0.55","0.2","0.14865236103904","1,2,2,1,3,4,5,5,3,2,4,5,4,1,3,5,6","0.00161504745483398","louvain","graph_2024M12.graphml"
"0.24","0.56","0.2","0.14865236103904","1,2,2,1,3,4,5,5,3,2,4,5,4,1,3,5,6","0.00183010101318359","louvain","graph_2024M12.graphml"
"0.23","0.57","0.2","0.152831028861249","1,2,3,1,4,2,4,4,2,3,4,4,4,1,2,4,5","0.00158786773681641","louvain","graph_2024M12.graphml"
"0.22","0.58","0.2","0.151694501782698","1,2,3,1,4,2,4,4,2,3,4,4,4,1,2,4,5","0.0010831356048584","louvain","graph_2024M12.graphml"
"0.21","0.59","0.2","0.151727312549651","1,2,3,1,4,2,4,4,2,3,4,4,4,1,2,4,5","0.00112509727478027","louvain","graph_2024M12.graphml"
"0.2","0.6","0.2","0.150530925094518","1,2,3,1,4,2,3,3,2,3,4,3,4,1,2,3,5","0.00139594078063965","louvain","graph_2024M12.graphml"
"0.19","0.61","0.2","0.152817837708241","1,2,3,1,4,2,5,5,2,3,4,5,4,1,2,5,6","0.000602006912231445","louvain","graph_2024M12.graphml"
"0.18","0.62","0.2","0.149621807886986","1,2,3,1,4,2,5,5,2,3,4,5,4,1,2,5,6","0.000770092010498047","louvain","graph_2024M12.graphml"
"0.17","0.63","0.2","0.151527111111111","1,2,3,1,4,2,5,5,2,3,4,5,4,1,2,5,6","0.000918865203857422","louvain","graph_2024M12.graphml"
"0.16","0.64","0.2","0.149533170570397","1,2,3,1,4,2,5,5,2,3,4,5,4,1,2,5,6","0.00097203254699707","louvain","graph_2024M12.graphml"
"0.15","0.65","0.2","0.150432825484765","1,2,3,1,4,2,5,3,2,5,4,3,4,1,2,3,6","0.00145196914672852","louvain","graph_2024M12.graphml"
"0.14","0.66","0.2","0.150432825484765","1,2,3,1,4,2,5,3,2,5,4,3,4,1,2,3,6","0.00137090682983398","louvain","graph_2024M12.graphml"
"0.13","0.67","0.2","0.150432825484765","1,2,3,1,4,2,5,3,2,5,4,3,4,1,2,3,6","0.000550031661987305","louvain","graph_2024M12.graphml"
"0.12","0.68","0.2","0.152916416943945","1,2,3,3,2,4,3,3,2,3,4,5,4,1,4,5,6","0.00107097625732422","louvain","graph_2024M12.graphml"
"0.11","0.69","0.2","0.154151068793403","1,2,3,1,4,2,3,3,2,3,4,4,4,3,2,5,6","0.00142598152160645","louvain","graph_2024M12.graphml"
"0.1","0.7","0.2","0.149341720692954","1,2,3,3,4,2,3,3,2,3,4,4,4,1,2,4,5","0.0014030933380127","louvain","graph_2024M12.graphml"
"0.09","0.71","0.2","0.146794871794872","1,2,3,1,4,5,4,3,2,4,5,3,5,1,5,3,6","0.00108194351196289","louvain","graph_2024M12.graphml"
"0.08","0.72","0.2","0.147793237192836","1,2,3,1,3,4,3,3,2,3,4,3,4,1,4,3,5","0.00133395195007324","louvain","graph_2024M12.graphml"
"0.07","0.73","0.2","0.150889613234044","1,2,3,1,3,4,3,3,2,3,4,3,4,1,4,3,5","0.000808000564575195","louvain","graph_2024M12.graphml"
"0.06","0.74","0.2","0.152164717192758","1,2,3,1,3,4,3,3,2,3,4,3,4,1,4,3,5","0.001068115234375","louvain","graph_2024M12.graphml"
"0.05","0.75","0.2","0.150629088440381","1,2,3,1,3,4,3,3,2,3,1,3,4,4,4,3,5","0.00157618522644043","louvain","graph_2024M12.graphml"
"0.04","0.76","0.2","0.150917906113482","1,2,3,1,4,2,4,3,2,4,1,3,3,4,2,3,5","0.00140213966369629","louvain","graph_2024M12.graphml"
"0.03","0.77","0.2","0.151983969949938","1,2,3,1,4,2,4,3,2,4,1,3,3,4,2,3,5","0.000911951065063477","louvain","graph_2024M12.graphml"
"0.02","0.78","0.2","0.155466448850276","1,2,3,1,4,2,3,3,2,3,1,5,4,3,4,3,6","0.00118708610534668","louvain","graph_2024M12.graphml"
"0.01","0.79","0.2","0.153424420187619","1,2,3,1,4,2,5,3,2,5,1,3,4,5,4,3,6","0.000737190246582031","louvain","graph_2024M12.graphml"
"0","0.8","0.2","0.152777863295753","1,2,3,1,4,2,5,3,2,5,1,3,4,5,4,3,6","0.00138998031616211","louvain","graph_2024M12.graphml"
"0.79","0","0.21","0.148146858988639","1,2,2,1,2,3,3,3,2,4,3,5,3,1,1,3,6","0.00071406364440918","louvain","graph_2024M12.graphml"
"0.78","0.01","0.21","0.149161841323365","1,2,2,1,2,1,3,3,2,4,3,3,3,1,1,3,5","0.000710964202880859","louvain","graph_2024M12.graphml"
"0.77","0.02","0.21","0.148065798010381","1,2,2,2,3,1,4,4,2,3,4,4,4,1,1,4,5","0.000684022903442383","louvain","graph_2024M12.graphml"
"0.76","0.03","0.21","0.144099173553719","1,2,2,2,2,3,3,3,2,4,3,4,3,1,1,3,5","0.00135493278503418","louvain","graph_2024M12.graphml"
"0.75","0.04","0.21","0.143490909090909","1,2,2,2,3,1,4,4,2,3,4,4,4,1,1,4,5","0.0005950927734375","louvain","graph_2024M12.graphml"
"0.74","0.05","0.21","0.147323303927746","1,2,2,2,3,4,4,4,2,3,4,5,4,1,1,4,6","0.00125217437744141","louvain","graph_2024M12.graphml"
"0.73","0.06","0.21","0.150988520408163","1,2,2,2,3,3,3,3,2,4,3,4,3,1,1,3,5","0.00161004066467285","louvain","graph_2024M12.graphml"
"0.72","0.07","0.21","0.151972989286253","1,2,2,2,3,4,4,4,2,3,4,3,4,1,1,4,5","0.000976085662841797","louvain","graph_2024M12.graphml"
"0.71","0.08","0.21","0.153559561594922","1,2,2,2,3,1,3,3,2,3,3,4,3,1,1,3,5","0.000608921051025391","louvain","graph_2024M12.graphml"
"0.7","0.09","0.21","0.153559561594922","1,2,2,2,3,1,3,3,2,3,3,4,3,1,1,3,5","0.00132393836975098","louvain","graph_2024M12.graphml"
"0.69","0.1","0.21","0.152964650848765","1,2,2,2,3,4,4,4,2,3,4,3,4,1,1,4,5","0.00071406364440918","louvain","graph_2024M12.graphml"
"0.68","0.11","0.21","0.154601836663833","1,2,2,2,3,4,4,4,2,3,4,3,4,1,1,4,5","0.00136113166809082","louvain","graph_2024M12.graphml"
"0.67","0.12","0.21","0.154601836663833","1,2,2,2,3,4,4,4,2,3,4,3,4,1,1,4,5","0.000747203826904297","louvain","graph_2024M12.graphml"
"0.66","0.13","0.21","0.153376932223543","1,2,2,2,3,4,4,4,2,3,4,3,4,1,1,4,5","0.000663995742797852","louvain","graph_2024M12.graphml"
"0.65","0.14","0.21","0.151788606599102","1,2,1,2,3,4,4,4,2,3,4,3,4,1,1,4,5","0.0015568733215332","louvain","graph_2024M12.graphml"
"0.64","0.15","0.21","0.151515151515151","1,2,1,1,3,4,4,4,2,3,4,3,4,1,1,4,5","0.000711917877197266","louvain","graph_2024M12.graphml"
"0.63","0.16","0.21","0.150252153928264","1,2,1,1,3,1,4,4,2,4,4,3,4,1,1,4,5","0.00130796432495117","louvain","graph_2024M12.graphml"
"0.62","0.17","0.21","0.148470841171728","1,2,1,1,3,4,4,4,2,4,4,3,4,4,1,4,5","0.0013580322265625","louvain","graph_2024M12.graphml"
"0.61","0.18","0.21","0.150701864210761","1,2,1,1,3,1,4,4,2,4,4,3,4,1,1,4,5","0.0013279914855957","louvain","graph_2024M12.graphml"
"0.6","0.19","0.21","0.150188691178951","1,2,1,1,3,4,4,4,2,4,4,3,4,4,1,4,5","0.000648975372314453","louvain","graph_2024M12.graphml"
"0.59","0.2","0.21","0.149668520438621","1,2,1,1,3,1,4,4,2,4,4,3,4,4,1,4,5","0.00120806694030762","louvain","graph_2024M12.graphml"
"0.58","0.21","0.21","0.146002419329825","1,2,1,1,3,4,4,4,2,4,4,3,4,4,1,4,5","0.000679969787597656","louvain","graph_2024M12.graphml"
"0.57","0.22","0.21","0.148430335097002","1,2,1,1,3,4,4,4,2,4,4,3,4,4,1,4,5","0.00148200988769531","louvain","graph_2024M12.graphml"
"0.56","0.23","0.21","0.148929201310154","1,2,1,3,4,1,3,3,2,3,3,4,3,3,1,3,5","0.0012209415435791","louvain","graph_2024M12.graphml"
"0.55","0.24","0.21","0.149985979810928","1,2,1,1,3,1,4,4,2,4,4,3,4,4,1,4,5","0.00131893157958984","louvain","graph_2024M12.graphml"
"0.54","0.25","0.21","0.150127566156402","1,2,1,3,4,1,3,3,2,3,3,4,3,3,1,4,5","0.00131416320800781","louvain","graph_2024M12.graphml"
"0.53","0.26","0.21","0.153596504764477","1,2,1,1,3,4,5,4,2,5,4,3,4,5,1,4,6","0.000649929046630859","louvain","graph_2024M12.graphml"
"0.52","0.27","0.21","0.15460226782582","1,2,1,1,3,1,3,3,2,3,3,4,3,3,1,4,5","0.0013880729675293","louvain","graph_2024M12.graphml"
"0.51","0.28","0.21","0.154484549663141","1,2,1,3,4,4,3,4,2,3,1,4,4,3,1,4,5","0.00150513648986816","louvain","graph_2024M12.graphml"
"0.5","0.29","0.21","0.151331496786042","1,2,1,1,3,3,3,3,2,4,1,2,3,3,1,3,5","0.000932931900024414","louvain","graph_2024M12.graphml"
"0.49","0.3","0.21","0.148154290221951","1,2,1,1,3,3,3,3,2,4,3,2,3,1,1,3,5","0.000600099563598633","louvain","graph_2024M12.graphml"
"0.48","0.31","0.21","0.147975008067697","1,2,1,3,3,3,3,3,4,2,1,2,3,1,1,3,5","0.00137615203857422","louvain","graph_2024M12.graphml"
"0.47","0.32","0.21","0.14842058364892","1,2,1,1,3,2,3,3,2,4,3,5,3,1,1,3,6","0.000717878341674805","louvain","graph_2024M12.graphml"
"0.46","0.33","0.21","0.149044330585877","1,2,1,3,4,2,4,4,2,3,1,4,4,1,1,4,5","0.000899076461791992","louvain","graph_2024M12.graphml"
"0.45","0.34","0.21","0.146344010233117","1,2,1,3,4,3,4,4,3,2,4,5,4,1,1,4,6","0.00178384780883789","louvain","graph_2024M12.graphml"
"0.44","0.35","0.21","0.144723183391003","1,2,1,3,4,3,4,4,3,2,1,5,4,4,1,4,6","0.0013890266418457","louvain","graph_2024M12.graphml"
"0.43","0.36","0.21","0.149210788021998","1,2,1,1,3,4,3,5,4,2,3,5,3,1,1,5,6","0.00125694274902344","louvain","graph_2024M12.graphml"
"0.42","0.37","0.21","0.14772343158464","1,2,1,1,3,4,3,5,4,2,3,5,3,1,1,5,6","0.00182604789733887","louvain","graph_2024M12.graphml"
"0.41","0.38","0.21","0.147194146616947","1,2,1,1,2,3,2,4,3,2,2,4,2,1,1,4,5","0.00136399269104004","louvain","graph_2024M12.graphml"
"0.4","0.39","0.21","0.147194146616947","1,2,1,1,2,3,2,4,3,2,2,4,2,1,1,4,5","0.000829935073852539","louvain","graph_2024M12.graphml"
"0.39","0.4","0.21","0.147194146616947","1,2,1,1,2,3,2,4,3,2,2,4,2,1,1,4,5","0.00143790245056152","louvain","graph_2024M12.graphml"
"0.38","0.41","0.21","0.148479818998547","1,2,1,1,2,3,2,4,3,2,2,4,2,1,1,4,5","0.00159215927124023","louvain","graph_2024M12.graphml"
"0.37","0.42","0.21","0.147212244897959","1,2,3,1,4,2,4,5,2,3,4,5,4,1,1,5,6","0.000890970230102539","louvain","graph_2024M12.graphml"
"0.36","0.43","0.21","0.146926567154487","1,2,1,1,3,2,2,4,3,2,2,4,2,1,1,4,5","0.000973939895629883","louvain","graph_2024M12.graphml"
"0.35","0.44","0.21","0.149266906884735","1,2,2,2,3,3,2,4,3,2,2,4,2,1,1,4,5","0.000893115997314453","louvain","graph_2024M12.graphml"
"0.34","0.45","0.21","0.14774929579675","1,2,2,2,3,3,2,4,3,2,2,4,2,1,3,4,5","0.000777006149291992","louvain","graph_2024M12.graphml"
"0.33","0.46","0.21","0.15125193007503","1,2,2,2,3,3,2,4,3,2,2,4,2,1,3,4,5","0.00102090835571289","louvain","graph_2024M12.graphml"
"0.32","0.47","0.21","0.15039737654321","1,2,2,1,3,3,2,4,3,2,2,4,2,1,3,4,5","0.00153303146362305","louvain","graph_2024M12.graphml"
"0.31","0.48","0.21","0.15014274691358","1,2,2,2,3,3,2,4,3,2,2,4,2,1,3,4,5","0.00141119956970215","louvain","graph_2024M12.graphml"
"0.3","0.49","0.21","0.149285226479232","1,2,2,1,3,4,5,5,3,2,4,5,4,1,3,5,6","0.00280094146728516","louvain","graph_2024M12.graphml"
"0.29","0.5","0.21","0.14797147682492","1,2,3,1,4,4,2,3,4,2,2,3,2,2,4,3,5","0.0026090145111084","louvain","graph_2024M12.graphml"
"0.28","0.51","0.21","0.150691271760877","1,2,3,1,4,2,4,4,2,3,4,4,4,1,2,4,5","0.00144791603088379","louvain","graph_2024M12.graphml"
"0.27","0.52","0.21","0.150691271760877","1,2,3,1,4,2,4,4,2,3,4,4,4,1,2,4,5","0.00143194198608398","louvain","graph_2024M12.graphml"
"0.26","0.53","0.21","0.147024478374865","1,2,3,1,4,2,4,4,2,3,4,4,4,1,2,4,5","0.00182294845581055","louvain","graph_2024M12.graphml"
"0.25","0.54","0.21","0.14494102595433","1,2,3,1,4,2,3,3,2,3,4,3,4,1,2,3,5","0.000562906265258789","louvain","graph_2024M12.graphml"
"0.24","0.55","0.21","0.146890817581286","1,2,3,1,2,4,5,5,2,3,4,5,4,1,4,5,6","0.00258207321166992","louvain","graph_2024M12.graphml"
"0.23","0.56","0.21","0.145820444444444","1,2,3,1,4,2,5,5,2,3,4,5,4,1,2,5,6","0.00151991844177246","louvain","graph_2024M12.graphml"
"0.22","0.57","0.21","0.147682735645699","1,2,3,1,4,2,3,3,2,3,4,3,4,1,2,3,5","0.00148892402648926","louvain","graph_2024M12.graphml"
"0.21","0.58","0.21","0.148687673130194","1,2,3,1,4,2,4,4,2,3,4,4,4,1,2,4,5","0.000722169876098633","louvain","graph_2024M12.graphml"
"0.2","0.59","0.21","0.149589076955932","1,2,3,1,2,4,5,3,2,5,4,3,4,1,4,3,6","0.000818967819213867","louvain","graph_2024M12.graphml"
"0.19","0.6","0.21","0.148937117951811","1,2,3,1,2,4,5,3,2,5,4,3,4,1,4,3,6","0.00108504295349121","louvain","graph_2024M12.graphml"
"0.18","0.61","0.21","0.147859672794738","1,2,3,1,3,2,4,3,2,4,3,3,3,4,2,3,5","0.000996112823486328","louvain","graph_2024M12.graphml"
"0.17","0.62","0.21","0.14789442407975","1,2,3,1,4,2,3,4,2,3,4,4,4,1,2,4,5","0.000987768173217773","louvain","graph_2024M12.graphml"
"0.16","0.63","0.21","0.145112046576483","1,2,3,1,4,3,4,3,2,4,3,3,3,1,3,3,5","0.00158810615539551","louvain","graph_2024M12.graphml"
"0.15","0.64","0.21","0.147123602892834","1,2,3,1,4,2,3,3,2,3,4,4,4,3,2,5,6","0.000691890716552734","louvain","graph_2024M12.graphml"
"0.14","0.65","0.21","0.147793237192836","1,2,3,1,3,4,3,3,2,3,4,3,4,1,4,3,5","0.00105595588684082","louvain","graph_2024M12.graphml"
"0.13","0.66","0.21","0.1475817465021","1,2,3,1,3,4,3,3,2,3,4,3,4,1,4,3,5","0.00137186050415039","louvain","graph_2024M12.graphml"
"0.12","0.67","0.21","0.150451433611025","1,2,3,1,4,4,5,3,2,5,1,3,4,5,4,3,6","0.000987052917480469","louvain","graph_2024M12.graphml"
"0.11","0.68","0.21","0.150629088440381","1,2,3,1,3,4,3,3,2,3,1,3,4,4,4,3,5","0.0015411376953125","louvain","graph_2024M12.graphml"
"0.1","0.69","0.21","0.149153430468928","1,2,3,1,4,4,5,3,2,5,5,3,4,1,4,3,6","0.00152111053466797","louvain","graph_2024M12.graphml"
"0.09","0.7","0.21","0.149828125","1,2,3,1,3,4,3,3,2,3,1,3,4,4,4,3,5","0.000739097595214844","louvain","graph_2024M12.graphml"
"0.08","0.71","0.21","0.151665625","1,2,3,1,4,2,3,3,2,3,1,4,4,3,2,3,5","0.00207185745239258","louvain","graph_2024M12.graphml"
"0.07","0.72","0.21","0.148484773104645","1,2,3,1,4,2,3,3,2,3,3,3,4,1,4,3,5","0.00199007987976074","louvain","graph_2024M12.graphml"
"0.06","0.73","0.21","0.148934540731301","1,2,3,1,4,5,4,3,2,4,1,3,5,5,5,3,6","0.00134086608886719","louvain","graph_2024M12.graphml"
"0.05","0.74","0.21","0.152264728431805","1,2,3,1,4,4,3,3,2,3,1,5,4,3,4,3,6","0.000839948654174805","louvain","graph_2024M12.graphml"
"0.04","0.75","0.21","0.150044454056132","1,2,3,1,4,5,4,3,2,4,1,3,5,5,5,3,6","0.000807046890258789","louvain","graph_2024M12.graphml"
"0.03","0.76","0.21","0.151447159746251","1,2,3,1,4,4,3,3,2,3,1,5,4,3,2,3,6","0.00139307975769043","louvain","graph_2024M12.graphml"
"0.02","0.77","0.21","0.151742530532024","1,2,3,1,4,4,3,3,2,3,1,5,4,3,4,3,6","0.00071406364440918","louvain","graph_2024M12.graphml"
"0.01","0.78","0.21","0.151676585861518","1,2,3,1,4,4,3,3,2,3,1,5,4,3,4,3,6","0.00168704986572266","louvain","graph_2024M12.graphml"
"0","0.79","0.21","0.151560766457101","1,2,3,1,4,4,3,3,2,3,1,5,4,3,4,2,6","0.00157499313354492","louvain","graph_2024M12.graphml"
"0.78","0","0.22","0.151256726891333","1,2,2,2,3,3,3,3,2,3,3,4,3,1,1,3,5","0.000890016555786133","louvain","graph_2024M12.graphml"
"0.77","0.01","0.22","0.15302023408054","1,2,2,2,3,1,3,3,2,3,3,4,3,1,1,3,5","0.000710010528564453","louvain","graph_2024M12.graphml"
"0.76","0.02","0.22","0.150502469558414","1,2,2,2,3,1,3,3,2,3,3,4,3,1,1,3,5","0.000722885131835938","louvain","graph_2024M12.graphml"
"0.75","0.03","0.22","0.152964650848765","1,2,2,2,3,4,4,4,2,3,4,3,4,1,1,4,5","0.000688076019287109","louvain","graph_2024M12.graphml"
"0.74","0.04","0.22","0.153376932223543","1,2,2,2,3,4,4,4,2,3,4,3,4,1,1,4,5","0.000689983367919922","louvain","graph_2024M12.graphml"
"0.73","0.05","0.22","0.153376932223543","1,2,2,2,3,4,4,4,2,3,4,3,4,1,1,4,5","0.000699996948242188","louvain","graph_2024M12.graphml"
"0.72","0.06","0.22","0.148925216345041","1,2,1,2,3,4,4,4,2,3,4,3,4,1,1,4,5","0.00129914283752441","louvain","graph_2024M12.graphml"
"0.71","0.07","0.22","0.14800643925223","1,2,1,1,3,4,4,4,2,3,4,3,4,1,1,4,5","0.00124311447143555","louvain","graph_2024M12.graphml"
"0.7","0.08","0.22","0.14800643925223","1,2,1,1,3,4,4,4,2,3,4,3,4,1,1,4,5","0.000676870346069336","louvain","graph_2024M12.graphml"
"0.69","0.09","0.22","0.144981599758392","1,2,1,1,3,4,4,4,2,3,4,3,4,1,1,4,5","0.000720977783203125","louvain","graph_2024M12.graphml"
"0.68","0.1","0.22","0.146451910003947","1,2,1,1,3,1,4,4,2,4,4,3,4,1,1,4,5","0.000922918319702148","louvain","graph_2024M12.graphml"
"0.67","0.11","0.22","0.149184123961219","1,2,1,1,3,1,4,4,2,4,4,3,4,1,1,4,5","0.00073695182800293","louvain","graph_2024M12.graphml"
"0.66","0.12","0.22","0.15042192958882","1,2,1,1,3,1,4,4,2,4,4,3,4,1,1,4,5","0.00128293037414551","louvain","graph_2024M12.graphml"
"0.65","0.13","0.22","0.149078504811722","1,2,1,1,3,4,4,4,2,4,4,3,4,4,1,4,5","0.00148701667785645","louvain","graph_2024M12.graphml"
"0.64","0.14","0.22","0.147882414151925","1,2,1,1,3,4,4,4,2,4,4,3,4,4,1,4,5","0.00135302543640137","louvain","graph_2024M12.graphml"
"0.63","0.15","0.22","0.148657092466616","1,2,1,1,3,3,3,3,2,3,3,4,3,3,1,4,5","0.000754833221435547","louvain","graph_2024M12.graphml"
"0.62","0.16","0.22","0.14788185771577","1,2,1,1,3,3,3,3,2,3,3,4,3,3,1,4,5","0.000733852386474609","louvain","graph_2024M12.graphml"
"0.61","0.17","0.22","0.147442743562359","1,2,1,3,3,1,3,3,2,3,3,4,3,3,1,4,5","0.00129199028015137","louvain","graph_2024M12.graphml"
"0.6","0.18","0.22","0.148426214365032","1,2,1,3,3,1,3,3,2,3,3,4,3,3,1,4,5","0.000885963439941406","louvain","graph_2024M12.graphml"
"0.59","0.19","0.22","0.150143705875545","1,2,1,1,3,1,3,3,2,4,3,3,3,3,1,3,5","0.000761032104492188","louvain","graph_2024M12.graphml"
"0.58","0.2","0.22","0.153424852071006","1,2,1,1,3,1,3,3,2,3,1,3,3,3,1,3,4","0.000688076019287109","louvain","graph_2024M12.graphml"
"0.57","0.21","0.22","0.15160994678712","1,2,1,1,3,1,3,3,2,4,1,3,3,3,1,3,5","0.000993967056274414","louvain","graph_2024M12.graphml"
"0.56","0.22","0.22","0.149361799816345","1,2,1,3,3,1,3,3,2,3,1,4,3,3,1,4,5","0.000760078430175781","louvain","graph_2024M12.graphml"
"0.55","0.23","0.22","0.148248413352935","1,2,1,3,4,1,4,4,3,2,4,2,4,1,1,4,5","0.000720977783203125","louvain","graph_2024M12.graphml"
"0.54","0.24","0.22","0.14750278458454","1,2,1,3,4,4,2,4,3,2,1,2,4,1,1,4,5","0.000674962997436523","louvain","graph_2024M12.graphml"
"0.53","0.25","0.22","0.148105335884354","1,2,1,2,2,3,2,2,3,2,1,4,2,2,1,4,5","0.000802040100097656","louvain","graph_2024M12.graphml"
"0.52","0.26","0.22","0.145005426980848","1,2,1,3,4,3,4,4,3,2,4,5,4,1,1,4,6","0.000656843185424805","louvain","graph_2024M12.graphml"
"0.51","0.27","0.22","0.144723183391003","1,2,1,3,4,3,4,4,3,2,1,5,4,4,1,4,6","0.000693798065185547","louvain","graph_2024M12.graphml"
"0.5","0.28","0.22","0.144710207612457","1,2,1,3,4,3,4,4,3,2,4,5,4,1,1,4,6","0.000744104385375977","louvain","graph_2024M12.graphml"
"0.49","0.29","0.22","0.14206507985363","1,2,1,3,4,3,4,4,3,2,1,4,4,1,1,4,5","0.000772953033447266","louvain","graph_2024M12.graphml"
"0.48","0.3","0.22","0.144357368103426","1,2,1,3,4,3,4,4,3,2,4,2,4,1,1,4,5","0.000762939453125","louvain","graph_2024M12.graphml"
"0.47","0.31","0.22","0.145707340706338","1,2,1,2,2,3,2,4,3,2,2,4,2,1,1,4,5","0.000773906707763672","louvain","graph_2024M12.graphml"
"0.46","0.32","0.22","0.148479818998547","1,2,1,1,2,3,2,4,3,2,2,4,2,1,1,4,5","0.000575065612792969","louvain","graph_2024M12.graphml"
"0.45","0.33","0.22","0.148479818998547","1,2,1,1,2,3,2,4,3,2,2,4,2,1,1,4,5","0.000766992568969727","louvain","graph_2024M12.graphml"
"0.44","0.34","0.22","0.148438532170696","1,2,1,2,2,3,2,4,3,2,1,4,2,1,1,4,5","0.000721931457519531","louvain","graph_2024M12.graphml"
"0.43","0.35","0.22","0.148195918367347","1,2,1,3,2,3,2,4,3,2,2,4,2,1,1,4,5","0.000715017318725586","louvain","graph_2024M12.graphml"
"0.42","0.36","0.22","0.144841974431818","1,2,3,1,4,2,4,5,2,3,4,5,4,1,1,5,6","0.000865936279296875","louvain","graph_2024M12.graphml"
"0.41","0.37","0.22","0.143882063093356","1,2,3,1,4,2,4,5,2,3,4,5,4,1,1,5,6","0.000679969787597656","louvain","graph_2024M12.graphml"
"0.4","0.38","0.22","0.14502936576335","1,2,1,1,3,2,2,4,3,2,2,4,2,1,1,4,5","0.000815153121948242","louvain","graph_2024M12.graphml"
"0.39","0.39","0.22","0.144043523545007","1,2,1,1,3,2,2,4,3,2,2,4,2,1,3,4,5","0.0010988712310791","louvain","graph_2024M12.graphml"
"0.38","0.4","0.22","0.146948441059892","1,2,2,1,3,3,2,4,3,2,2,4,2,1,3,4,5","0.000799179077148438","louvain","graph_2024M12.graphml"
"0.37","0.41","0.22","0.147893518518519","1,2,2,2,3,3,2,4,3,2,2,4,2,1,3,4,5","0.00120306015014648","louvain","graph_2024M12.graphml"
"0.36","0.42","0.22","0.149485083745039","1,2,2,1,3,3,2,4,3,2,2,4,2,1,3,4,5","0.000856876373291016","louvain","graph_2024M12.graphml"
"0.35","0.43","0.22","0.149507850860218","1,2,1,2,3,3,2,4,3,2,2,4,2,1,3,4,5","0.00136709213256836","louvain","graph_2024M12.graphml"
"0.34","0.44","0.22","0.146783435727788","1,2,1,3,4,2,3,4,2,3,4,4,4,1,2,4,5","0.000745058059692383","louvain","graph_2024M12.graphml"
"0.33","0.45","0.22","0.14527027027027","1,2,3,3,2,2,3,3,2,3,1,4,3,3,2,4,5","0.000786066055297852","louvain","graph_2024M12.graphml"
"0.32","0.46","0.22","0.145511764365823","1,2,3,1,2,4,5,5,2,3,4,5,4,1,4,5,6","0.000719070434570312","louvain","graph_2024M12.graphml"
"0.31","0.47","0.22","0.147136829848558","1,2,3,1,4,2,4,4,2,3,4,4,4,1,2,4,5","0.00132584571838379","louvain","graph_2024M12.graphml"
"0.3","0.48","0.22","0.144785777777778","1,2,3,1,4,2,4,4,2,3,4,4,4,1,2,4,5","0.00124096870422363","louvain","graph_2024M12.graphml"
"0.29","0.49","0.22","0.141739050475328","1,2,3,1,2,4,5,5,2,3,4,5,4,1,4,5,6","0.00074005126953125","louvain","graph_2024M12.graphml"
"0.28","0.5","0.22","0.146591154336158","1,2,3,1,4,2,4,4,2,3,4,4,4,1,2,4,5","0.00166606903076172","louvain","graph_2024M12.graphml"
"0.27","0.51","0.22","0.149678632690599","1,2,3,1,4,2,4,4,2,3,4,4,4,1,2,4,5","0.0014500617980957","louvain","graph_2024M12.graphml"
"0.26","0.52","0.22","0.14872810504098","1,2,3,1,4,2,4,4,2,3,4,4,4,1,2,4,5","0.00146698951721191","louvain","graph_2024M12.graphml"
"0.25","0.53","0.22","0.146653804988786","1,2,3,1,4,2,4,3,2,3,4,4,4,1,2,3,5","0.000607967376708984","louvain","graph_2024M12.graphml"
"0.24","0.54","0.22","0.145971147428315","1,2,3,3,4,2,3,3,2,3,4,4,4,1,2,5,6","0.00135588645935059","louvain","graph_2024M12.graphml"
"0.23","0.55","0.22","0.145419340342715","1,2,3,1,3,2,4,3,2,4,3,3,3,4,2,3,5","0.000816822052001953","louvain","graph_2024M12.graphml"
"0.22","0.56","0.22","0.145585141354372","1,2,3,1,2,4,3,3,2,3,4,4,4,3,4,4,5","0.000748872756958008","louvain","graph_2024M12.graphml"
"0.21","0.57","0.22","0.147497072886755","1,2,3,1,4,2,4,3,2,4,3,3,3,1,2,3,5","0.000872135162353516","louvain","graph_2024M12.graphml"
"0.2","0.58","0.22","0.146425442551985","1,2,3,1,4,4,3,3,2,3,4,4,4,1,4,3,5","0.000848054885864258","louvain","graph_2024M12.graphml"
"0.19","0.59","0.22","0.147295086191347","1,2,3,1,4,2,3,3,2,3,4,4,4,1,2,3,5","0.000926971435546875","louvain","graph_2024M12.graphml"
"0.18","0.6","0.22","0.145358115686589","1,2,3,1,4,5,3,3,2,3,1,4,5,5,5,3,6","0.000725030899047852","louvain","graph_2024M12.graphml"
"0.17","0.61","0.22","0.149289263258397","1,2,3,1,4,5,4,3,2,4,1,3,5,5,5,3,6","0.00137591361999512","louvain","graph_2024M12.graphml"
"0.16","0.62","0.22","0.152003125","1,2,3,1,4,2,3,3,2,3,1,4,4,3,2,3,5","0.000751018524169922","louvain","graph_2024M12.graphml"
"0.15","0.63","0.22","0.148081111853667","1,2,3,1,4,5,4,3,2,4,1,3,5,5,5,3,6","0.000700950622558594","louvain","graph_2024M12.graphml"
"0.14","0.64","0.22","0.14699308535857","1,2,3,1,3,4,3,3,2,3,1,3,4,4,4,3,5","0.000770092010498047","louvain","graph_2024M12.graphml"
"0.13","0.65","0.22","0.145343697607072","1,2,3,1,4,5,4,3,2,4,1,3,5,5,5,3,6","0.000686883926391602","louvain","graph_2024M12.graphml"
"0.12","0.66","0.22","0.14566945770877","1,2,3,1,4,5,4,3,2,4,1,3,5,5,5,3,6","0.000748157501220703","louvain","graph_2024M12.graphml"
"0.11","0.67","0.22","0.14566945770877","1,2,3,1,4,5,4,3,2,4,1,3,5,5,5,3,6","0.000746011734008789","louvain","graph_2024M12.graphml"
"0.1","0.68","0.22","0.147467320261438","1,2,3,1,4,5,4,3,2,4,1,3,5,5,5,3,6","0.000782966613769531","louvain","graph_2024M12.graphml"
"0.09","0.69","0.22","0.149691275803482","1,2,3,1,4,3,4,5,2,4,1,5,3,1,3,5,6","0.000678062438964844","louvain","graph_2024M12.graphml"
"0.08","0.7","0.22","0.149792552699704","1,2,3,1,4,3,4,5,2,4,1,5,3,4,3,5,6","0.000756978988647461","louvain","graph_2024M12.graphml"
"0.07","0.71","0.22","0.151634088412723","1,2,3,1,4,2,4,3,2,4,1,5,3,3,2,3,6","0.000763893127441406","louvain","graph_2024M12.graphml"
"0.06","0.72","0.22","0.151542075691964","1,2,3,1,4,3,4,5,2,4,1,5,3,4,3,5,6","0.00134801864624023","louvain","graph_2024M12.graphml"
"0.05","0.73","0.22","0.149393424036281","1,2,3,1,4,3,4,5,2,4,1,5,3,1,3,5,6","0.00156998634338379","louvain","graph_2024M12.graphml"
"0.04","0.74","0.22","0.152135763347473","1,2,3,1,4,2,3,3,2,4,1,4,3,3,2,3,5","0.000755071640014648","louvain","graph_2024M12.graphml"
"0.03","0.75","0.22","0.152598233357067","1,2,3,1,4,2,3,3,2,4,4,4,3,1,2,3,5","0.000763893127441406","louvain","graph_2024M12.graphml"
"0.02","0.76","0.22","0.15229063944847","1,2,3,1,4,2,3,3,2,4,4,4,3,1,2,3,5","0.000793933868408203","louvain","graph_2024M12.graphml"
"0.01","0.77","0.22","0.152101421057539","1,2,3,1,4,4,3,3,2,3,1,5,4,1,4,3,6","0.000808000564575195","louvain","graph_2024M12.graphml"
"0","0.78","0.22","0.150925608967567","1,2,3,1,3,4,3,3,2,3,4,3,4,1,4,3,5","0.000753879547119141","louvain","graph_2024M12.graphml"
"0.77","0","0.23","0.14800643925223","1,2,1,1,3,4,4,4,2,3,4,3,4,1,1,4,5","0.000671148300170898","louvain","graph_2024M12.graphml"
"0.76","0.01","0.23","0.146164587180758","1,2,1,1,3,4,4,4,2,3,4,3,4,1,1,4,5","0.00065302848815918","louvain","graph_2024M12.graphml"
"0.75","0.02","0.23","0.144981599758392","1,2,1,1,3,4,4,4,2,3,4,3,4,1,1,4,5","0.000744104385375977","louvain","graph_2024M12.graphml"
"0.74","0.03","0.23","0.14635","1,2,1,1,3,4,4,4,2,3,4,3,4,1,1,4,5","0.000826120376586914","louvain","graph_2024M12.graphml"
"0.73","0.04","0.23","0.145521338296399","1,2,1,1,3,3,3,4,2,4,3,4,3,4,1,3,5","0.000651121139526367","louvain","graph_2024M12.graphml"
"0.72","0.05","0.23","0.15000268744961","1,2,1,1,3,1,3,3,2,3,3,4,3,1,1,5,6","0.000721931457519531","louvain","graph_2024M12.graphml"
"0.71","0.06","0.23","0.15056708958093","1,2,1,1,3,3,3,4,2,4,3,5,3,4,1,4,6","0.0012660026550293","louvain","graph_2024M12.graphml"
"0.7","0.07","0.23","0.150189720949949","1,2,1,1,3,1,3,3,2,3,3,3,3,1,1,4,5","0.000699996948242188","louvain","graph_2024M12.graphml"
"0.69","0.08","0.23","0.14501385739481","1,2,1,1,3,3,3,3,2,3,3,3,3,3,1,3,4","0.0013880729675293","louvain","graph_2024M12.graphml"
"0.68","0.09","0.23","0.145752271392889","1,2,1,1,3,3,3,3,2,3,3,4,3,3,1,4,5","0.000728845596313477","louvain","graph_2024M12.graphml"
"0.67","0.1","0.23","0.147442743562359","1,2,1,3,3,1,3,3,2,3,3,4,3,3,1,4,5","0.000993013381958008","louvain","graph_2024M12.graphml"
"0.66","0.11","0.23","0.151027260993197","1,2,1,3,3,1,3,3,2,3,3,4,3,3,1,4,5","0.00141596794128418","louvain","graph_2024M12.graphml"
"0.65","0.12","0.23","0.150448673982625","1,2,1,1,3,1,3,3,2,4,3,3,3,3,1,3,5","0.000664949417114258","louvain","graph_2024M12.graphml"
"0.64","0.13","0.23","0.145465682836275","1,2,1,1,3,3,3,3,2,4,3,5,3,3,1,5,6","0.00124382972717285","louvain","graph_2024M12.graphml"
"0.63","0.14","0.23","0.147536515738029","1,2,1,1,3,3,3,3,2,4,3,5,3,3,1,5,6","0.000638008117675781","louvain","graph_2024M12.graphml"
"0.62","0.15","0.23","0.145508237770359","1,2,1,3,2,1,2,2,3,4,2,5,2,1,1,5,6","0.000597953796386719","louvain","graph_2024M12.graphml"
"0.61","0.16","0.23","0.146923591000223","1,2,1,1,3,3,3,3,2,4,3,2,3,1,1,3,5","0.00134992599487305","louvain","graph_2024M12.graphml"
"0.6","0.17","0.23","0.144939778018977","1,2,1,3,3,4,3,3,4,2,1,5,3,1,1,3,6","0.00113105773925781","louvain","graph_2024M12.graphml"
"0.59","0.18","0.23","0.146304852898948","1,2,1,1,3,4,3,3,4,2,3,5,3,1,1,3,6","0.000712871551513672","louvain","graph_2024M12.graphml"
"0.58","0.19","0.23","0.145647182256775","1,2,1,3,3,4,3,3,4,2,3,5,3,1,1,5,6","0.000908136367797852","louvain","graph_2024M12.graphml"
"0.57","0.2","0.23","0.144963407544202","1,2,1,3,4,3,4,4,3,2,1,2,4,4,1,4,5","0.000715017318725586","louvain","graph_2024M12.graphml"
"0.56","0.21","0.23","0.143345884792901","1,2,1,3,4,3,4,4,3,2,4,2,4,1,1,4,5","0.000851154327392578","louvain","graph_2024M12.graphml"
"0.55","0.22","0.23","0.143371384372158","1,2,1,3,4,3,4,4,3,2,1,2,4,4,1,4,5","0.000760078430175781","louvain","graph_2024M12.graphml"
"0.54","0.23","0.23","0.145360218441504","1,2,1,2,2,3,2,2,3,2,2,4,2,1,1,4,5","0.00140213966369629","louvain","graph_2024M12.graphml"
"0.53","0.24","0.23","0.148589391158468","1,2,1,2,2,3,2,2,3,2,1,4,2,2,1,4,5","0.000918149948120117","louvain","graph_2024M12.graphml"
"0.52","0.25","0.23","0.148589391158468","1,2,1,2,2,3,2,2,3,2,1,4,2,2,1,4,5","0.000686168670654297","louvain","graph_2024M12.graphml"
"0.51","0.26","0.23","0.146878925460382","1,2,1,3,2,3,2,4,3,2,2,4,2,1,1,4,5","0.00150299072265625","louvain","graph_2024M12.graphml"
"0.5","0.27","0.23","0.148195918367347","1,2,1,3,2,3,2,4,3,2,2,4,2,1,1,4,5","0.000767946243286133","louvain","graph_2024M12.graphml"
"0.49","0.28","0.23","0.149446838905528","1,2,1,3,2,3,2,4,3,2,2,4,2,1,1,4,5","0.000715017318725586","louvain","graph_2024M12.graphml"
"0.48","0.29","0.23","0.148283831825952","1,2,1,2,3,3,2,4,3,2,2,4,2,1,1,4,5","0.000880002975463867","louvain","graph_2024M12.graphml"
"0.47","0.3","0.23","0.145568004085671","1,2,3,1,4,2,4,5,2,3,4,5,4,1,1,5,6","0.000936031341552734","louvain","graph_2024M12.graphml"
"0.46","0.31","0.23","0.146521114758238","1,2,2,3,4,4,3,3,4,2,3,5,3,3,1,5,6","0.000622987747192383","louvain","graph_2024M12.graphml"
"0.45","0.32","0.23","0.146243433865349","1,2,2,1,3,4,3,3,4,2,3,3,3,1,4,3,5","0.000792980194091797","louvain","graph_2024M12.graphml"
"0.44","0.33","0.23","0.14480014732852","1,2,3,1,4,4,2,2,4,3,2,2,2,1,4,2,5","0.00103402137756348","louvain","graph_2024M12.graphml"
"0.43","0.34","0.23","0.144876880932467","1,2,2,1,3,4,3,3,4,2,3,3,3,1,4,3,5","0.000715970993041992","louvain","graph_2024M12.graphml"
"0.42","0.35","0.23","0.147664158380364","1,2,2,1,3,4,3,3,4,2,3,3,3,1,4,3,5","0.000745058059692383","louvain","graph_2024M12.graphml"
"0.41","0.36","0.23","0.146103245253881","1,2,2,1,3,4,3,3,4,2,3,3,3,1,4,3,5","0.000683069229125977","louvain","graph_2024M12.graphml"
"0.4","0.37","0.23","0.146103245253881","1,2,2,1,3,4,3,3,4,2,3,3,3,1,4,3,5","0.000747203826904297","louvain","graph_2024M12.graphml"
"0.39","0.38","0.23","0.147797662527392","1,2,3,1,4,2,4,4,2,3,4,4,4,1,2,4,5","0.000750064849853516","louvain","graph_2024M12.graphml"
"0.38","0.39","0.23","0.145656289744479","1,2,2,1,3,3,3,4,2,2,3,4,3,1,3,4,5","0.000751972198486328","louvain","graph_2024M12.graphml"
"0.37","0.4","0.23","0.145911378649661","1,2,3,1,4,2,4,5,2,3,4,5,4,1,2,5,6","0.000776052474975586","louvain","graph_2024M12.graphml"
"0.36","0.41","0.23","0.147652359665007","1,2,3,1,4,2,4,4,2,3,4,4,4,1,2,4,5","0.000780820846557617","louvain","graph_2024M12.graphml"
"0.35","0.42","0.23","0.145310181685843","1,2,3,1,4,2,4,4,2,3,4,4,4,1,2,4,5","0.000721931457519531","louvain","graph_2024M12.graphml"
"0.34","0.43","0.23","0.146591154336158","1,2,3,1,4,2,4,4,2,3,4,4,4,1,2,4,5","0.00141096115112305","louvain","graph_2024M12.graphml"
"0.33","0.44","0.23","0.144310941828255","1,2,3,1,4,2,4,3,2,3,4,4,4,1,2,3,5","0.00189208984375","louvain","graph_2024M12.graphml"
"0.32","0.45","0.23","0.143916721771912","1,2,3,1,4,2,4,3,2,3,4,4,4,1,2,3,5","0.000742912292480469","louvain","graph_2024M12.graphml"
"0.31","0.46","0.23","0.143143869117895","1,2,3,1,4,2,4,4,2,3,4,4,4,1,2,4,5","0.000804901123046875","louvain","graph_2024M12.graphml"
"0.3","0.47","0.23","0.145393906616189","1,2,3,1,4,2,4,4,2,3,4,4,4,1,2,4,5","0.000777959823608398","louvain","graph_2024M12.graphml"
"0.29","0.48","0.23","0.148667402409447","1,2,3,1,4,2,4,4,2,3,4,4,4,1,2,4,5","0.000636816024780273","louvain","graph_2024M12.graphml"
"0.28","0.49","0.23","0.145861814090698","1,2,3,1,4,2,3,3,2,3,4,4,4,3,2,4,5","0.00137209892272949","louvain","graph_2024M12.graphml"
"0.27","0.5","0.23","0.144318122657226","1,2,3,1,3,4,3,3,2,3,4,5,4,1,4,5,6","0.000730991363525391","louvain","graph_2024M12.graphml"
"0.26","0.51","0.23","0.147130820170579","1,2,3,1,4,3,4,3,2,4,3,3,3,1,3,3,5","0.00145101547241211","louvain","graph_2024M12.graphml"
"0.25","0.52","0.23","0.147829303132333","1,2,3,1,3,2,3,3,2,3,1,3,3,1,2,3,4","0.00144386291503906","louvain","graph_2024M12.graphml"
"0.24","0.53","0.23","0.145930752685443","1,2,3,1,3,4,3,3,2,3,1,3,4,4,4,3,5","0.00142598152160645","louvain","graph_2024M12.graphml"
"0.23","0.54","0.23","0.146346442547471","1,2,3,1,4,5,4,3,2,4,1,3,5,5,5,3,6","0.000786781311035156","louvain","graph_2024M12.graphml"
"0.22","0.55","0.23","0.149914721474795","1,2,3,1,3,2,4,4,2,4,1,5,3,4,3,4,6","0.000864028930664062","louvain","graph_2024M12.graphml"
"0.21","0.56","0.23","0.147675659198293","1,2,3,1,4,3,4,5,2,4,1,5,3,1,3,5,6","0.000756025314331055","louvain","graph_2024M12.graphml"
"0.2","0.57","0.23","0.148515837705027","1,2,3,1,4,3,4,5,2,4,1,5,3,1,3,5,6","0.000741958618164062","louvain","graph_2024M12.graphml"
"0.19","0.58","0.23","0.148515837705027","1,2,3,1,4,3,4,5,2,4,1,5,3,1,3,5,6","0.000695943832397461","louvain","graph_2024M12.graphml"
"0.18","0.59","0.23","0.150257713379469","1,2,3,1,3,2,3,3,2,3,1,4,3,3,2,3,5","0.00143003463745117","louvain","graph_2024M12.graphml"
"0.17","0.6","0.23","0.148298372200071","1,2,3,1,3,3,4,5,2,4,4,5,3,1,2,5,6","0.000787019729614258","louvain","graph_2024M12.graphml"
"0.16","0.61","0.23","0.146290277703779","1,2,3,1,3,3,4,5,2,4,4,5,3,1,2,5,6","0.000697851181030273","louvain","graph_2024M12.graphml"
"0.15","0.62","0.23","0.145029284336544","1,2,3,1,4,2,4,3,2,4,1,5,3,3,2,3,6","0.000766992568969727","louvain","graph_2024M12.graphml"
"0.14","0.63","0.23","0.146044831851385","1,2,3,1,4,2,4,5,2,4,1,5,3,3,3,5,6","0.000691890716552734","louvain","graph_2024M12.graphml"
"0.13","0.64","0.23","0.14695243158284","1,2,3,1,4,3,4,5,2,4,1,5,3,4,3,5,6","0.000741004943847656","louvain","graph_2024M12.graphml"
"0.12","0.65","0.23","0.148709809131112","1,2,3,1,4,3,4,5,2,4,1,5,3,4,3,5,6","0.000941038131713867","louvain","graph_2024M12.graphml"
"0.11","0.66","0.23","0.148709809131112","1,2,3,1,4,3,4,5,2,4,1,5,3,4,3,5,6","0.00138401985168457","louvain","graph_2024M12.graphml"
"0.1","0.67","0.23","0.150179680208351","1,2,3,1,4,3,4,4,2,4,1,4,3,1,3,4,5","0.000738143920898438","louvain","graph_2024M12.graphml"
"0.09","0.68","0.23","0.149266309184763","1,2,3,1,4,2,4,4,2,4,3,4,3,1,3,4,5","0.000850915908813477","louvain","graph_2024M12.graphml"
"0.08","0.69","0.23","0.149962629757786","1,2,3,1,4,2,3,3,2,4,4,4,3,1,2,3,5","0.000710964202880859","louvain","graph_2024M12.graphml"
"0.07","0.7","0.23","0.15113293217836","1,2,3,1,4,2,3,3,2,4,4,4,3,1,2,3,5","0.000715970993041992","louvain","graph_2024M12.graphml"
"0.06","0.71","0.23","0.150889269805223","1,2,3,1,4,4,3,3,2,3,5,5,4,1,4,3,6","0.000813007354736328","louvain","graph_2024M12.graphml"
"0.05","0.72","0.23","0.150925608967567","1,2,3,1,3,4,3,3,2,3,4,3,4,1,4,3,5","0.000746965408325195","louvain","graph_2024M12.graphml"
"0.04","0.73","0.23","0.149710112311385","1,2,3,1,4,4,3,3,2,3,5,5,4,1,4,3,6","0.000749111175537109","louvain","graph_2024M12.graphml"
"0.03","0.74","0.23","0.149437766782051","1,2,3,2,4,3,4,4,2,4,1,4,3,1,3,4,5","0.000753879547119141","louvain","graph_2024M12.graphml"
"0.02","0.75","0.23","0.153315459577209","1,2,3,2,4,3,4,4,2,4,1,4,3,1,3,4,5","0.000846147537231445","louvain","graph_2024M12.graphml"
"0.01","0.76","0.23","0.153963637121828","1,2,3,1,4,3,5,5,2,4,4,5,3,1,3,5,6","0.00145411491394043","louvain","graph_2024M12.graphml"
"0","0.77","0.23","0.152425103305785","1,2,3,1,4,3,5,5,2,4,4,5,3,1,3,5,6","0.00115299224853516","louvain","graph_2024M12.graphml"
"0.76","0","0.24","0.146260894738475","1,2,1,1,3,3,3,4,2,4,3,5,3,4,1,3,6","0.00142002105712891","louvain","graph_2024M12.graphml"
"0.75","0.01","0.24","0.146959752574794","1,2,1,1,3,1,3,3,2,3,3,4,3,3,1,3,5","0.000574111938476562","louvain","graph_2024M12.graphml"
"0.74","0.02","0.24","0.147877944239705","1,2,1,1,3,3,3,4,2,4,3,4,3,3,1,4,5","0.00101804733276367","louvain","graph_2024M12.graphml"
"0.73","0.03","0.24","0.146446084452786","1,2,1,3,3,1,3,3,2,3,3,4,3,3,1,4,5","0.000697851181030273","louvain","graph_2024M12.graphml"
"0.72","0.04","0.24","0.147174425714036","1,2,1,1,3,1,3,3,2,4,3,3,3,3,1,3,5","0.00074005126953125","louvain","graph_2024M12.graphml"
"0.71","0.05","0.24","0.144652058842784","1,2,1,3,2,2,2,2,3,4,1,5,2,2,1,5,6","0.0010230541229248","louvain","graph_2024M12.graphml"
"0.7","0.06","0.24","0.144301197204045","1,2,1,1,3,3,3,3,2,4,3,5,3,3,1,5,6","0.00120091438293457","louvain","graph_2024M12.graphml"
"0.69","0.07","0.24","0.143870523415978","1,2,1,2,3,1,3,3,2,4,1,3,3,1,1,3,5","0.000763893127441406","louvain","graph_2024M12.graphml"
"0.68","0.08","0.24","0.144360576793009","1,2,1,3,3,3,3,3,2,4,3,5,3,1,1,5,6","0.00103592872619629","louvain","graph_2024M12.graphml"
"0.67","0.09","0.24","0.144174226397504","1,2,1,2,3,1,3,3,2,4,1,3,3,1,1,3,5","0.000751018524169922","louvain","graph_2024M12.graphml"
"0.66","0.1","0.24","0.1437143938927","1,2,1,3,4,3,4,4,3,2,1,5,4,4,1,4,6","0.000756025314331055","louvain","graph_2024M12.graphml"
"0.65","0.11","0.24","0.14095335056256","1,2,1,3,4,3,4,4,3,2,4,5,4,1,1,4,6","0.000711917877197266","louvain","graph_2024M12.graphml"
"0.64","0.12","0.24","0.142175605536332","1,2,1,1,3,4,3,3,4,2,3,5,3,3,1,3,6","0.00080108642578125","louvain","graph_2024M12.graphml"
"0.63","0.13","0.24","0.143621915876196","1,2,1,3,4,3,4,4,3,2,1,2,4,4,1,4,5","0.00131392478942871","louvain","graph_2024M12.graphml"
"0.62","0.14","0.24","0.142436399799403","1,2,1,3,2,3,2,2,3,2,1,4,2,2,1,2,5","0.000727176666259766","louvain","graph_2024M12.graphml"
"0.61","0.15","0.24","0.144710823418064","1,2,1,2,2,3,2,2,3,2,1,4,2,2,1,4,5","0.000729084014892578","louvain","graph_2024M12.graphml"
"0.6","0.16","0.24","0.14616677168662","1,2,1,2,2,3,2,2,3,2,1,4,2,2,1,4,5","0.00134110450744629","louvain","graph_2024M12.graphml"
"0.59","0.17","0.24","0.147003130995191","1,2,1,2,2,3,2,2,3,2,1,4,2,2,1,3,5","0.00139999389648438","louvain","graph_2024M12.graphml"
"0.58","0.18","0.24","0.142848295679746","1,2,1,3,3,4,3,3,4,2,3,2,3,1,1,4,5","0.00072789192199707","louvain","graph_2024M12.graphml"
"0.57","0.19","0.24","0.144658089835059","1,2,1,3,4,3,4,4,3,2,1,2,4,4,1,4,5","0.0012509822845459","louvain","graph_2024M12.graphml"
"0.56","0.2","0.24","0.146129261363636","1,2,1,3,4,3,4,4,3,2,1,4,4,1,1,4,5","0.00103998184204102","louvain","graph_2024M12.graphml"
"0.55","0.21","0.24","0.145895209194215","1,2,1,2,2,3,2,2,3,2,2,4,2,1,1,3,5","0.000741958618164062","louvain","graph_2024M12.graphml"
"0.54","0.22","0.24","0.144576234461395","1,2,1,2,3,3,2,2,3,2,2,4,2,1,1,2,5","0.000730991363525391","louvain","graph_2024M12.graphml"
"0.53","0.23","0.24","0.145891187079064","1,2,1,2,3,3,2,2,3,2,2,4,2,2,1,4,5","0.000828027725219727","louvain","graph_2024M12.graphml"
"0.52","0.24","0.24","0.145991730025343","1,2,3,1,4,2,4,4,2,3,1,4,4,1,1,4,5","0.000689029693603516","louvain","graph_2024M12.graphml"
"0.51","0.25","0.24","0.143236882716049","1,2,2,1,3,3,4,4,3,2,4,5,4,4,3,4,6","0.00132107734680176","louvain","graph_2024M12.graphml"
"0.5","0.26","0.24","0.143011633995856","1,2,2,1,3,4,3,3,4,2,3,3,3,1,4,3,5","0.000745058059692383","louvain","graph_2024M12.graphml"
"0.49","0.27","0.24","0.141449553194059","1,2,2,1,3,4,3,3,4,2,3,3,3,1,4,3,5","0.00077509880065918","louvain","graph_2024M12.graphml"
"0.48","0.28","0.24","0.14534250052256","1,2,2,1,3,4,3,3,4,2,3,3,3,1,4,3,5","0.000761032104492188","louvain","graph_2024M12.graphml"
"0.47","0.29","0.24","0.147625270066598","1,2,2,1,3,4,3,3,4,2,3,3,3,1,4,3,5","0.00151395797729492","louvain","graph_2024M12.graphml"
"0.46","0.3","0.24","0.14656190926276","1,2,2,1,3,4,3,3,4,2,3,3,3,1,4,3,5","0.000734090805053711","louvain","graph_2024M12.graphml"
"0.45","0.31","0.24","0.145441928414901","1,2,2,3,4,4,3,5,4,2,3,5,3,1,4,5,6","0.00140285491943359","louvain","graph_2024M12.graphml"
"0.44","0.32","0.24","0.148563727873259","1,2,3,1,4,2,4,4,2,3,4,4,4,1,2,4,5","0.000805139541625977","louvain","graph_2024M12.graphml"
"0.43","0.33","0.24","0.148563727873259","1,2,3,1,4,2,4,4,2,3,4,4,4,1,2,4,5","0.00142097473144531","louvain","graph_2024M12.graphml"
"0.42","0.34","0.24","0.148069686509733","1,2,3,1,4,2,4,4,2,3,4,4,4,1,2,4,5","0.000792026519775391","louvain","graph_2024M12.graphml"
"0.41","0.35","0.24","0.147098762391912","1,2,3,1,4,2,4,4,2,3,4,4,4,1,2,4,5","0.000829935073852539","louvain","graph_2024M12.graphml"
"0.4","0.36","0.24","0.14588284732125","1,2,3,1,4,2,4,3,2,3,4,4,4,1,2,3,5","0.000761032104492188","louvain","graph_2024M12.graphml"
"0.39","0.37","0.24","0.145556244844535","1,2,3,1,4,2,4,4,2,3,4,4,4,1,2,4,5","0.000719070434570312","louvain","graph_2024M12.graphml"
"0.38","0.38","0.24","0.143143869117895","1,2,3,1,4,2,4,4,2,3,4,4,4,1,2,4,5","0.00156903266906738","louvain","graph_2024M12.graphml"
"0.37","0.39","0.24","0.145201884614352","1,2,3,1,4,2,4,4,2,3,4,4,4,1,2,4,5","0.000755071640014648","louvain","graph_2024M12.graphml"
"0.36","0.4","0.24","0.145414201183432","1,2,3,1,4,2,4,4,2,3,4,4,4,1,2,4,5","0.000762939453125","louvain","graph_2024M12.graphml"
"0.35","0.41","0.24","0.144158448389218","1,2,3,1,4,2,3,3,2,3,3,4,3,3,2,5,6","0.000742912292480469","louvain","graph_2024M12.graphml"
"0.34","0.42","0.24","0.145414201183432","1,2,3,1,4,2,4,4,2,3,4,4,4,1,2,4,5","0.0010380744934082","louvain","graph_2024M12.graphml"
"0.33","0.43","0.24","0.145083430903775","1,2,3,1,4,2,3,3,2,3,3,4,3,3,2,5,6","0.000702857971191406","louvain","graph_2024M12.graphml"
"0.32","0.44","0.24","0.147411038676596","1,2,3,1,4,3,4,3,2,4,3,3,3,1,2,3,5","0.000655889511108398","louvain","graph_2024M12.graphml"
"0.31","0.45","0.24","0.147640680417996","1,2,3,1,3,2,3,3,2,3,1,4,3,3,2,3,5","0.00078582763671875","louvain","graph_2024M12.graphml"
"0.3","0.46","0.24","0.142973348157361","1,2,3,1,4,3,4,5,2,4,1,5,3,4,3,5,6","0.000773906707763672","louvain","graph_2024M12.graphml"
"0.29","0.47","0.24","0.143146875","1,2,3,1,4,3,5,5,2,5,1,4,3,5,3,5,6","0.000741958618164062","louvain","graph_2024M12.graphml"
"0.28","0.48","0.24","0.148306538574649","1,2,3,1,3,2,3,3,2,3,1,4,3,3,2,4,5","0.000764846801757812","louvain","graph_2024M12.graphml"
"0.27","0.49","0.24","0.147658885194982","1,2,3,1,4,2,4,3,2,4,1,3,3,4,2,3,5","0.000816822052001953","louvain","graph_2024M12.graphml"
"0.26","0.5","0.24","0.14887827901672","1,2,3,1,3,2,3,3,2,3,1,4,3,3,2,4,5","0.000970840454101562","louvain","graph_2024M12.graphml"
"0.25","0.51","0.24","0.147658885194982","1,2,3,1,4,2,4,3,2,4,1,3,3,4,2,3,5","0.000782966613769531","louvain","graph_2024M12.graphml"
"0.24","0.52","0.24","0.149445514310379","1,2,3,1,3,2,3,3,2,3,1,4,3,3,2,3,5","0.00125217437744141","louvain","graph_2024M12.graphml"
"0.23","0.53","0.24","0.146734272233766","1,2,3,1,4,3,4,5,2,4,1,5,3,4,3,5,6","0.000796079635620117","louvain","graph_2024M12.graphml"
"0.22","0.54","0.24","0.145666415307758","1,2,3,1,4,2,4,5,2,4,1,5,3,3,3,5,6","0.000732183456420898","louvain","graph_2024M12.graphml"
"0.21","0.55","0.24","0.143810240612383","1,2,3,1,4,2,4,3,2,4,1,5,3,3,2,3,6","0.00138306617736816","louvain","graph_2024M12.graphml"
"0.2","0.56","0.24","0.145007983742198","1,2,3,1,4,3,4,5,2,4,1,5,3,4,3,5,6","0.000715017318725586","louvain","graph_2024M12.graphml"
"0.19","0.57","0.24","0.145007983742198","1,2,3,1,4,3,4,5,2,4,1,5,3,4,3,5,6","0.000720024108886719","louvain","graph_2024M12.graphml"
"0.18","0.58","0.24","0.143886949889053","1,2,3,1,3,2,3,3,2,3,1,4,3,3,2,3,5","0.00143814086914062","louvain","graph_2024M12.graphml"
"0.17","0.59","0.24","0.145584725536993","1,2,3,1,4,3,4,5,2,4,4,5,3,1,3,5,6","0.00138711929321289","louvain","graph_2024M12.graphml"
"0.16","0.6","0.24","0.147374098105953","1,2,3,1,3,3,4,5,2,4,4,5,3,1,2,5,6","0.00105690956115723","louvain","graph_2024M12.graphml"
"0.15","0.61","0.24","0.147463519049455","1,2,3,1,4,2,4,4,2,4,3,4,3,1,3,4,5","0.000776052474975586","louvain","graph_2024M12.graphml"
"0.14","0.62","0.24","0.147463519049455","1,2,3,1,4,2,4,4,2,4,3,4,3,1,3,4,5","0.000900983810424805","louvain","graph_2024M12.graphml"
"0.13","0.63","0.24","0.149601049174547","1,2,3,1,3,3,4,4,2,4,5,5,3,1,2,4,6","0.000673055648803711","louvain","graph_2024M12.graphml"
"0.12","0.64","0.24","0.151298694209101","1,2,3,1,4,2,3,3,2,4,4,4,3,1,2,3,5","0.000761032104492188","louvain","graph_2024M12.graphml"
"0.11","0.65","0.24","0.149191454840454","1,2,3,1,3,2,4,3,2,4,5,5,3,1,2,4,6","0.000806093215942383","louvain","graph_2024M12.graphml"
"0.1","0.66","0.24","0.149426118827161","1,2,3,1,4,2,3,3,2,4,4,4,3,1,2,3,5","0.000741004943847656","louvain","graph_2024M12.graphml"
"0.09","0.67","0.24","0.148760857100384","1,2,3,4,3,4,2,3,4,2,1,5,3,1,4,2,6","0.00111103057861328","louvain","graph_2024M12.graphml"
"0.08","0.68","0.24","0.149710661910424","1,2,3,4,3,4,2,3,4,2,1,5,3,1,4,2,6","0.00079798698425293","louvain","graph_2024M12.graphml"
"0.07","0.69","0.24","0.15139644711328","1,2,3,4,3,4,2,3,4,2,1,2,3,1,4,2,5","0.00142288208007812","louvain","graph_2024M12.graphml"
"0.06","0.7","0.24","0.149674918664806","1,2,3,1,4,2,4,3,2,4,4,4,3,1,2,4,5","0.000872135162353516","louvain","graph_2024M12.graphml"
"0.05","0.71","0.24","0.14972882231405","1,2,3,1,3,2,4,4,2,5,5,4,3,1,3,4,6","0.000761985778808594","louvain","graph_2024M12.graphml"
"0.04","0.72","0.24","0.152074660253046","1,2,3,2,4,4,3,3,2,3,1,3,4,1,4,3,5","0.000741958618164062","louvain","graph_2024M12.graphml"
"0.03","0.73","0.24","0.153145544192841","1,2,3,2,4,3,4,4,2,4,1,4,3,1,3,4,5","0.00079798698425293","louvain","graph_2024M12.graphml"
"0.02","0.74","0.24","0.1523721752304","1,2,3,2,4,4,3,3,2,3,1,3,4,1,4,3,5","0.000835895538330078","louvain","graph_2024M12.graphml"
"0.01","0.75","0.24","0.152189225251859","1,2,3,2,4,4,3,3,2,3,1,3,4,1,4,3,1","0.000791788101196289","louvain","graph_2024M12.graphml"
"0","0.76","0.24","0.152995061728395","1,2,3,2,4,3,4,4,2,4,1,4,3,1,3,4,1","0.000741004943847656","louvain","graph_2024M12.graphml"
"0.75","0","0.25","0.139159920044541","1,2,1,2,3,1,3,3,2,4,1,3,3,1,1,3,5","0.00074315071105957","louvain","graph_2024M12.graphml"
"0.74","0.01","0.25","0.141785930074218","1,2,1,3,3,1,3,3,2,3,1,4,3,3,1,4,5","0.000722885131835938","louvain","graph_2024M12.graphml"
"0.73","0.02","0.25","0.142914717970522","1,2,1,1,3,2,3,3,2,4,3,5,3,1,1,3,6","0.00141620635986328","louvain","graph_2024M12.graphml"
"0.72","0.03","0.25","0.141031476488918","1,2,1,1,3,2,3,3,2,4,3,5,3,1,1,3,6","0.000648975372314453","louvain","graph_2024M12.graphml"
"0.71","0.04","0.25","0.142262110726644","1,2,1,3,4,3,4,4,3,2,4,5,4,1,1,4,6","0.000708103179931641","louvain","graph_2024M12.graphml"
"0.7","0.05","0.25","0.14548493553572","1,2,1,2,2,3,2,2,3,2,1,4,2,2,1,4,5","0.00190305709838867","louvain","graph_2024M12.graphml"
"0.69","0.06","0.25","0.143235386616121","1,2,1,1,2,3,2,2,3,2,2,4,2,2,1,4,5","0.000734090805053711","louvain","graph_2024M12.graphml"
"0.68","0.07","0.25","0.14154391452541","1,2,1,3,2,3,2,2,3,2,2,4,2,1,1,2,5","0.000725030899047852","louvain","graph_2024M12.graphml"
"0.67","0.08","0.25","0.143789717414819","1,2,1,3,4,3,4,4,3,2,1,5,4,4,1,4,6","0.00156903266906738","louvain","graph_2024M12.graphml"
"0.66","0.09","0.25","0.145823817156525","1,2,1,3,3,2,3,3,2,3,1,4,3,3,1,4,5","0.00129604339599609","louvain","graph_2024M12.graphml"
"0.65","0.1","0.25","0.143657517505615","1,2,1,3,4,3,4,4,3,2,4,5,4,1,1,4,6","0.000706911087036133","louvain","graph_2024M12.graphml"
"0.64","0.11","0.25","0.145438050590718","1,2,1,3,3,4,3,3,4,2,3,5,3,1,1,4,6","0.000724077224731445","louvain","graph_2024M12.graphml"
"0.63","0.12","0.25","0.144534693877551","1,2,1,1,3,4,3,3,4,2,3,5,3,3,1,4,6","0.000658988952636719","louvain","graph_2024M12.graphml"
"0.62","0.13","0.25","0.14766270661157","1,2,1,3,4,3,4,4,3,2,1,4,4,1,1,4,5","0.000622987747192383","louvain","graph_2024M12.graphml"
"0.61","0.14","0.25","0.146486208861318","1,2,1,3,4,3,4,4,3,2,1,5,4,4,1,4,6","0.000749111175537109","louvain","graph_2024M12.graphml"
"0.6","0.15","0.25","0.145175798510289","1,2,1,2,3,3,2,2,3,2,2,4,2,2,1,4,5","0.000743865966796875","louvain","graph_2024M12.graphml"
"0.59","0.16","0.25","0.144548510289105","1,2,1,1,3,3,4,4,3,2,4,5,4,4,1,4,6","0.000756978988647461","louvain","graph_2024M12.graphml"
"0.58","0.17","0.25","0.145278705408695","1,2,1,3,4,3,4,4,3,2,1,4,4,1,1,4,5","0.000694990158081055","louvain","graph_2024M12.graphml"
"0.57","0.18","0.25","0.142135465950368","1,2,2,3,4,4,3,3,4,2,3,5,3,1,4,3,6","0.0012519359588623","louvain","graph_2024M12.graphml"
"0.56","0.19","0.25","0.140604244656442","1,2,2,3,4,4,3,3,4,2,3,5,3,3,4,5,6","0.00069117546081543","louvain","graph_2024M12.graphml"
"0.55","0.2","0.25","0.144045787202102","1,2,2,1,3,4,3,3,4,2,3,3,3,1,4,3,5","0.00073695182800293","louvain","graph_2024M12.graphml"
"0.54","0.21","0.25","0.143550867449013","1,2,2,3,4,4,3,3,4,2,1,5,3,3,4,3,6","0.00142908096313477","louvain","graph_2024M12.graphml"
"0.53","0.22","0.25","0.14534250052256","1,2,2,1,3,4,3,3,4,2,3,3,3,1,4,3,5","0.00156283378601074","louvain","graph_2024M12.graphml"
"0.52","0.23","0.25","0.147604673878717","1,2,2,1,3,4,3,3,4,2,3,3,3,1,4,3,5","0.000746965408325195","louvain","graph_2024M12.graphml"
"0.51","0.24","0.25","0.145004032228769","1,2,2,1,3,4,3,3,4,2,3,3,3,1,4,3,5","0.000715017318725586","louvain","graph_2024M12.graphml"
"0.5","0.25","0.25","0.146284975141635","1,2,2,1,3,4,3,3,4,2,3,3,3,1,4,3,5","0.00130796432495117","louvain","graph_2024M12.graphml"
"0.49","0.26","0.25","0.145251848672685","1,2,3,1,4,2,4,4,2,3,4,4,4,1,2,4,5","0.0011289119720459","louvain","graph_2024M12.graphml"
"0.48","0.27","0.25","0.145251848672685","1,2,3,1,4,2,4,4,2,3,4,4,4,1,2,4,5","0.00141000747680664","louvain","graph_2024M12.graphml"
"0.47","0.28","0.25","0.143065002332203","1,2,3,1,4,2,4,4,2,3,4,4,4,1,2,4,5","0.000702857971191406","louvain","graph_2024M12.graphml"
"0.46","0.29","0.25","0.144328254847645","1,2,3,1,4,2,4,4,2,3,4,4,4,1,2,4,5","0.000754117965698242","louvain","graph_2024M12.graphml"
"0.45","0.3","0.25","0.14306798737465","1,2,3,1,4,2,4,4,2,3,4,4,4,1,2,4,5","0.000769138336181641","louvain","graph_2024M12.graphml"
"0.44","0.31","0.25","0.14132906054984","1,2,3,1,4,2,4,4,2,3,4,4,4,1,2,4,5","0.000955820083618164","louvain","graph_2024M12.graphml"
"0.43","0.32","0.25","0.142353730470826","1,2,3,1,4,2,4,4,2,3,4,4,4,1,2,4,5","0.00134897232055664","louvain","graph_2024M12.graphml"
"0.42","0.33","0.25","0.145414201183432","1,2,3,1,4,2,4,4,2,3,4,4,4,1,2,4,5","0.000725984573364258","louvain","graph_2024M12.graphml"
"0.41","0.34","0.25","0.144414858645628","1,2,3,1,2,2,3,3,2,3,3,4,3,3,2,4,5","0.000710010528564453","louvain","graph_2024M12.graphml"
"0.4","0.35","0.25","0.144414858645628","1,2,3,1,2,2,3,3,2,3,3,4,3,3,2,4,5","0.000787019729614258","louvain","graph_2024M12.graphml"
"0.39","0.36","0.25","0.145717911316645","1,2,3,1,2,2,3,3,2,3,3,4,3,3,2,4,5","0.0013430118560791","louvain","graph_2024M12.graphml"
"0.38","0.37","0.25","0.14294778594021","1,2,3,1,4,2,3,3,2,4,1,5,3,3,2,3,6","0.00135517120361328","louvain","graph_2024M12.graphml"
"0.37","0.38","0.25","0.144003492440374","1,2,3,1,3,2,3,3,2,3,1,3,3,3,2,3,4","0.00140285491943359","louvain","graph_2024M12.graphml"
"0.36","0.39","0.25","0.144003492440374","1,2,3,1,3,2,3,3,2,3,1,3,3,3,2,3,4","0.000753164291381836","louvain","graph_2024M12.graphml"
"0.35","0.4","0.25","0.142313927873072","1,2,3,1,4,3,4,5,2,4,1,5,3,4,3,5,6","0.000809907913208008","louvain","graph_2024M12.graphml"
"0.34","0.41","0.25","0.144145336773208","1,2,3,1,4,3,4,5,2,4,1,5,3,4,3,5,6","0.000765085220336914","louvain","graph_2024M12.graphml"
"0.33","0.42","0.25","0.145318301325665","1,2,3,1,3,2,3,3,2,3,1,3,3,3,2,3,4","0.000761985778808594","louvain","graph_2024M12.graphml"
"0.32","0.43","0.25","0.147980490778845","1,2,3,1,3,2,3,3,2,3,1,4,3,3,2,4,5","0.00156188011169434","louvain","graph_2024M12.graphml"
"0.31","0.44","0.25","0.145832827780339","1,2,3,1,4,3,4,5,2,4,1,5,3,4,3,5,6","0.000819921493530273","louvain","graph_2024M12.graphml"
"0.3","0.45","0.25","0.14646313687747","1,2,3,1,4,2,4,3,2,4,1,3,3,4,2,3,5","0.000724077224731445","louvain","graph_2024M12.graphml"
"0.29","0.46","0.25","0.143857187679448","1,2,3,1,4,3,4,5,2,4,1,5,3,4,3,5,6","0.00078892707824707","louvain","graph_2024M12.graphml"
"0.28","0.47","0.25","0.14366929022528","1,2,3,1,4,2,4,3,2,4,1,3,3,4,2,3,5","0.000959873199462891","louvain","graph_2024M12.graphml"
"0.27","0.48","0.25","0.143874419473033","1,2,3,1,4,2,4,3,2,4,1,3,3,4,2,3,5","0.000664949417114258","louvain","graph_2024M12.graphml"
"0.26","0.49","0.25","0.143953402366864","1,2,3,1,4,3,4,5,2,4,1,5,3,4,3,5,6","0.000781059265136719","louvain","graph_2024M12.graphml"
"0.25","0.5","0.25","0.145336967835803","1,2,3,1,3,2,3,3,2,3,1,4,3,3,2,4,5","0.000787019729614258","louvain","graph_2024M12.graphml"
"0.24","0.51","0.25","0.145570485472286","1,2,3,1,4,2,4,3,2,4,4,3,3,1,2,3,5","0.00135588645935059","louvain","graph_2024M12.graphml"
"0.23","0.52","0.25","0.146612811791383","1,2,3,1,4,2,4,3,2,4,4,3,3,1,2,3,5","0.00139498710632324","louvain","graph_2024M12.graphml"
"0.22","0.53","0.25","0.148601221895285","1,2,3,1,4,2,4,3,2,4,4,4,3,1,2,3,5","0.000748872756958008","louvain","graph_2024M12.graphml"
"0.21","0.54","0.25","0.147849146868311","1,2,3,1,4,2,4,3,2,4,4,4,3,1,2,3,5","0.000782966613769531","louvain","graph_2024M12.graphml"
"0.2","0.55","0.25","0.148582124421502","1,2,3,1,3,2,3,3,2,3,3,3,3,1,2,2,4","0.00145697593688965","louvain","graph_2024M12.graphml"
"0.19","0.56","0.25","0.148561117540271","1,2,3,1,4,2,4,3,2,4,4,4,3,1,2,3,5","0.00103187561035156","louvain","graph_2024M12.graphml"
"0.18","0.57","0.25","0.147790438000228","1,2,3,1,3,2,4,3,2,4,5,5,3,1,2,4,6","0.000764131546020508","louvain","graph_2024M12.graphml"
"0.17","0.58","0.25","0.147252514385381","1,2,3,1,3,2,4,3,2,4,4,4,3,1,2,4,5","0.000935792922973633","louvain","graph_2024M12.graphml"
"0.16","0.59","0.25","0.148591469684164","1,2,3,1,3,2,4,3,2,4,5,5,3,1,2,4,6","0.000833988189697266","louvain","graph_2024M12.graphml"
"0.15","0.6","0.25","0.148552715092619","1,2,3,1,3,2,4,3,2,4,5,5,3,1,2,4,6","0.000797033309936523","louvain","graph_2024M12.graphml"
"0.14","0.61","0.25","0.147113224996697","1,2,3,4,3,4,2,3,4,2,1,5,3,1,4,2,6","0.000720977783203125","louvain","graph_2024M12.graphml"
"0.13","0.62","0.25","0.146349739079202","1,2,3,4,3,4,2,3,4,2,1,5,3,1,4,2,6","0.0015101432800293","louvain","graph_2024M12.graphml"
"0.12","0.63","0.25","0.148732824586643","1,2,3,4,3,4,2,3,4,2,1,2,3,1,4,2,5","0.000724077224731445","louvain","graph_2024M12.graphml"
"0.11","0.64","0.25","0.149580164643333","1,2,3,1,4,2,4,3,2,4,4,4,3,1,2,4,5","0.000764846801757812","louvain","graph_2024M12.graphml"
"0.1","0.65","0.25","0.14909348702934","1,2,3,2,4,2,4,3,2,4,1,4,3,1,2,4,5","0.000876903533935547","louvain","graph_2024M12.graphml"
"0.09","0.66","0.25","0.147534509729986","1,2,3,1,4,2,4,3,2,4,4,4,3,1,2,4,5","0.000781059265136719","louvain","graph_2024M12.graphml"
"0.08","0.67","0.25","0.14927005290052","1,2,3,2,4,4,3,3,2,3,1,3,4,1,4,3,1","0.000777006149291992","louvain","graph_2024M12.graphml"
"0.07","0.68","0.25","0.150069256218112","1,2,3,2,4,3,4,4,2,4,1,4,3,1,3,4,1","0.000772953033447266","louvain","graph_2024M12.graphml"
"0.06","0.69","0.25","0.152995061728395","1,2,3,2,4,3,4,4,2,4,1,4,3,1,3,4,1","0.00096583366394043","louvain","graph_2024M12.graphml"
"0.05","0.7","0.25","0.153143209876543","1,2,3,2,4,4,3,3,2,3,1,3,4,1,4,3,1","0.000760078430175781","louvain","graph_2024M12.graphml"
"0.04","0.71","0.25","0.152133585245517","1,2,3,2,4,1,3,3,2,3,1,3,4,1,4,3,1","0.00138401985168457","louvain","graph_2024M12.graphml"
"0.03","0.72","0.25","0.151911189423938","1,2,3,2,4,1,4,4,2,4,3,4,3,1,3,4,1","0.00149297714233398","louvain","graph_2024M12.graphml"
"0.02","0.73","0.25","0.151911189423938","1,2,3,2,4,1,4,4,2,4,3,4,3,1,3,4,1","0.000851869583129883","louvain","graph_2024M12.graphml"
"0.01","0.74","0.25","0.154634257479317","1,2,3,2,4,1,4,4,2,4,3,4,3,1,3,4,1","0.000932931900024414","louvain","graph_2024M12.graphml"
"0","0.75","0.25","0.153745274102079","1,2,3,1,4,1,4,4,2,4,3,4,3,1,2,4,1","0.000753879547119141","louvain","graph_2024M12.graphml"
"0.74","0","0.26","0.143377441713926","1,2,1,3,3,2,3,3,2,3,1,4,3,3,1,4,5","0.00133800506591797","louvain","graph_2024M12.graphml"
"0.73","0.01","0.26","0.143472885829797","1,2,1,3,4,3,4,4,3,2,1,5,4,4,1,4,6","0.000746011734008789","louvain","graph_2024M12.graphml"
"0.72","0.02","0.26","0.143472885829797","1,2,1,3,4,3,4,4,3,2,1,5,4,4,1,4,6","0.00158810615539551","louvain","graph_2024M12.graphml"
"0.71","0.03","0.26","0.143855525749736","1,2,1,1,2,3,2,2,3,2,2,4,2,2,1,3,5","0.000757932662963867","louvain","graph_2024M12.graphml"
"0.7","0.04","0.26","0.141494087726252","1,2,1,3,4,3,4,4,3,2,4,5,4,1,1,4,6","0.000874996185302734","louvain","graph_2024M12.graphml"
"0.69","0.05","0.26","0.142481632653061","1,2,1,2,2,3,2,2,3,2,2,4,2,1,1,4,5","0.000765085220336914","louvain","graph_2024M12.graphml"
"0.68","0.06","0.26","0.141880003873967","1,2,1,3,3,4,3,3,4,2,3,5,3,1,3,4,6","0.00136899948120117","louvain","graph_2024M12.graphml"
"0.67","0.07","0.26","0.145444316767212","1,2,1,3,3,4,3,3,4,2,3,5,3,1,3,5,6","0.00103402137756348","louvain","graph_2024M12.graphml"
"0.66","0.08","0.26","0.14526086094029","1,2,1,1,3,3,4,4,3,2,4,5,4,4,1,4,6","0.000755071640014648","louvain","graph_2024M12.graphml"
"0.65","0.09","0.26","0.143873030159605","1,2,1,2,3,3,2,2,3,2,2,4,2,2,1,4,5","0.000789880752563477","louvain","graph_2024M12.graphml"
"0.64","0.1","0.26","0.142361111111111","1,2,1,3,4,4,3,3,4,2,3,5,3,3,1,5,6","0.000721931457519531","louvain","graph_2024M12.graphml"
"0.63","0.11","0.26","0.141723390616892","1,2,3,3,4,4,3,5,4,2,3,5,3,1,4,5,6","0.000741958618164062","louvain","graph_2024M12.graphml"
"0.62","0.12","0.26","0.140826892887332","1,2,2,1,3,3,4,4,3,2,4,5,4,4,3,4,6","0.000732898712158203","louvain","graph_2024M12.graphml"
"0.61","0.13","0.26","0.144425305704252","1,2,2,1,3,4,3,3,4,2,3,3,3,1,4,3,5","0.000716924667358398","louvain","graph_2024M12.graphml"
"0.6","0.14","0.26","0.142584026906429","1,2,3,1,4,4,3,3,4,2,3,3,3,1,4,3,5","0.000810861587524414","louvain","graph_2024M12.graphml"
"0.59","0.15","0.26","0.143375620274102","1,2,2,1,3,4,3,3,4,2,3,3,3,1,4,3,5","0.00072789192199707","louvain","graph_2024M12.graphml"
"0.58","0.16","0.26","0.140796201607012","1,2,2,1,3,4,3,3,4,2,3,3,3,1,4,3,5","0.000671148300170898","louvain","graph_2024M12.graphml"
"0.57","0.17","0.26","0.142479767794332","1,2,3,1,4,4,3,3,4,2,3,3,3,1,4,3,5","0.000738859176635742","louvain","graph_2024M12.graphml"
"0.56","0.18","0.26","0.144460093225428","1,2,2,1,3,4,3,3,4,2,3,3,3,1,4,3,5","0.000741004943847656","louvain","graph_2024M12.graphml"
"0.55","0.19","0.26","0.142718938429173","1,2,3,1,4,2,4,4,2,3,4,4,4,1,2,4,5","0.000746011734008789","louvain","graph_2024M12.graphml"
"0.54","0.2","0.26","0.142024299431707","1,2,3,1,4,2,4,4,2,3,4,4,4,1,2,4,5","0.000762939453125","louvain","graph_2024M12.graphml"
"0.53","0.21","0.26","0.143287779951407","1,2,3,1,4,2,4,4,2,3,4,4,4,1,2,4,5","0.000784158706665039","louvain","graph_2024M12.graphml"
"0.52","0.22","0.26","0.144328254847645","1,2,3,1,4,2,4,4,2,3,4,4,4,1,2,4,5","0.000538825988769531","louvain","graph_2024M12.graphml"
"0.51","0.23","0.26","0.13837779247251","1,2,3,3,2,2,3,4,2,3,3,4,3,1,2,4,5","0.0011439323425293","louvain","graph_2024M12.graphml"
"0.5","0.24","0.26","0.140880418283016","1,2,3,1,4,2,4,4,2,3,4,4,4,1,2,4,5","0.000775814056396484","louvain","graph_2024M12.graphml"
"0.49","0.25","0.26","0.142111197616043","1,2,3,1,4,2,4,4,2,3,4,4,4,1,2,4,5","0.000752925872802734","louvain","graph_2024M12.graphml"
"0.48","0.26","0.26","0.142353730470826","1,2,3,1,4,2,4,4,2,3,4,4,4,1,2,4,5","0.00137996673583984","louvain","graph_2024M12.graphml"
"0.47","0.27","0.26","0.144404940490745","1,2,3,1,4,2,4,4,2,3,4,4,4,1,2,4,5","0.0015869140625","louvain","graph_2024M12.graphml"
"0.46","0.28","0.26","0.1419208403922","1,2,3,1,4,2,4,4,2,3,4,4,4,1,2,4,5","0.000818967819213867","louvain","graph_2024M12.graphml"
"0.45","0.29","0.26","0.142445120974203","1,2,3,1,4,2,4,4,2,3,4,4,4,1,2,4,5","0.00084996223449707","louvain","graph_2024M12.graphml"
"0.44","0.3","0.26","0.143827798183859","1,2,3,1,3,2,3,3,2,3,1,4,3,3,2,4,5","0.00135207176208496","louvain","graph_2024M12.graphml"
"0.43","0.31","0.26","0.143441310042022","1,2,3,1,3,2,3,3,2,3,1,4,3,3,2,4,5","0.000753879547119141","louvain","graph_2024M12.graphml"
"0.42","0.32","0.26","0.143441310042022","1,2,3,1,3,2,3,3,2,3,1,4,3,3,2,4,5","0.00136017799377441","louvain","graph_2024M12.graphml"
"0.41","0.33","0.26","0.145571234009739","1,2,3,1,3,2,3,3,2,3,1,4,3,3,2,4,5","0.000813007354736328","louvain","graph_2024M12.graphml"
"0.4","0.34","0.26","0.146493898665875","1,2,3,1,3,2,3,3,2,3,1,4,3,3,2,4,5","0.000747919082641602","louvain","graph_2024M12.graphml"
"0.39","0.35","0.26","0.143105987475558","1,2,3,1,3,2,3,4,2,3,1,4,3,3,3,4,5","0.00189995765686035","louvain","graph_2024M12.graphml"
"0.38","0.36","0.26","0.141975308641975","1,2,3,1,4,3,4,5,2,4,1,5,3,4,3,5,6","0.000741004943847656","louvain","graph_2024M12.graphml"
"0.37","0.37","0.26","0.14588327425111","1,2,3,1,4,2,4,3,2,4,1,3,3,4,2,3,5","0.000723838806152344","louvain","graph_2024M12.graphml"
"0.36","0.38","0.26","0.145806067816776","1,2,3,1,3,2,3,3,2,3,1,4,3,3,2,4,5","0.00153017044067383","louvain","graph_2024M12.graphml"
"0.35","0.39","0.26","0.1431037326798","1,2,3,1,4,2,4,3,2,4,1,3,3,4,2,3,5","0.000738859176635742","louvain","graph_2024M12.graphml"
"0.34","0.4","0.26","0.141655283199175","1,2,3,1,4,2,3,3,2,3,1,4,3,3,2,3,5","0.000725984573364258","louvain","graph_2024M12.graphml"
"0.33","0.41","0.26","0.145336967835803","1,2,3,1,3,2,3,3,2,3,1,4,3,3,2,4,5","0.00151705741882324","louvain","graph_2024M12.graphml"
"0.32","0.42","0.26","0.145336967835803","1,2,3,1,3,2,3,3,2,3,1,4,3,3,2,4,5","0.00186491012573242","louvain","graph_2024M12.graphml"
"0.31","0.43","0.26","0.144493601336966","1,2,3,1,3,2,3,3,2,3,1,4,3,3,2,4,5","0.000747919082641602","louvain","graph_2024M12.graphml"
"0.3","0.44","0.26","0.143747757189809","1,2,3,1,4,2,3,3,2,4,4,3,3,1,2,3,5","0.000653982162475586","louvain","graph_2024M12.graphml"
"0.29","0.45","0.26","0.146673173814185","1,2,3,1,3,2,3,3,2,3,4,4,3,1,2,3,5","0.000731945037841797","louvain","graph_2024M12.graphml"
"0.28","0.46","0.26","0.146673173814185","1,2,3,1,3,2,3,3,2,3,4,4,3,1,2,3,5","0.00138115882873535","louvain","graph_2024M12.graphml"
"0.27","0.47","0.26","0.147714377892488","1,2,3,1,4,2,3,3,2,4,4,4,3,1,2,3,5","0.000735998153686523","louvain","graph_2024M12.graphml"
"0.26","0.48","0.26","0.145618634446523","1,2,3,1,4,2,3,3,2,4,4,4,3,1,2,2,5","0.000783920288085938","louvain","graph_2024M12.graphml"
"0.25","0.49","0.26","0.146653091973098","1,2,3,1,4,2,3,3,2,4,4,4,3,1,2,2,5","0.00136709213256836","louvain","graph_2024M12.graphml"
"0.24","0.5","0.26","0.146653091973098","1,2,3,1,4,2,3,3,2,4,4,4,3,1,2,2,5","0.00071406364440918","louvain","graph_2024M12.graphml"
"0.23","0.51","0.26","0.149196863169281","1,2,3,1,4,2,3,3,2,4,4,4,3,1,2,3,5","0.000787973403930664","louvain","graph_2024M12.graphml"
"0.22","0.52","0.26","0.147414051783265","1,2,3,1,4,2,3,3,2,4,4,4,3,1,2,3,5","0.00136089324951172","louvain","graph_2024M12.graphml"
"0.21","0.53","0.26","0.145279429250892","1,2,3,1,3,2,3,3,2,3,4,4,3,1,2,3,5","0.00112700462341309","louvain","graph_2024M12.graphml"
"0.2","0.54","0.26","0.145279429250892","1,2,3,1,3,2,3,3,2,3,4,4,3,1,2,3,5","0.0016019344329834","louvain","graph_2024M12.graphml"
"0.19","0.55","0.26","0.146947933957868","1,2,3,1,4,2,3,3,2,4,4,4,3,1,2,3,5","0.00152707099914551","louvain","graph_2024M12.graphml"
"0.18","0.56","0.26","0.1457460228102","1,2,3,1,4,2,3,3,2,4,4,4,3,1,2,3,5","0.000931024551391602","louvain","graph_2024M12.graphml"
"0.17","0.57","0.26","0.146758786017092","1,2,3,1,4,2,3,3,2,4,4,4,3,1,2,3,5","0.000741004943847656","louvain","graph_2024M12.graphml"
"0.16","0.58","0.26","0.148380255018306","1,2,3,4,3,4,2,3,4,2,1,2,3,1,4,2,1","0.000921964645385742","louvain","graph_2024M12.graphml"
"0.15","0.59","0.26","0.14819903007372","1,2,3,1,4,2,4,3,2,4,3,4,3,1,2,4,1","0.000941991806030273","louvain","graph_2024M12.graphml"
"0.14","0.6","0.26","0.14819903007372","1,2,3,1,4,2,4,3,2,4,3,4,3,1,2,4,1","0.000659942626953125","louvain","graph_2024M12.graphml"
"0.13","0.61","0.26","0.149401540666961","1,2,3,1,3,4,3,3,2,3,4,3,4,1,4,3,1","0.000802040100097656","louvain","graph_2024M12.graphml"
"0.12","0.62","0.26","0.149524830261405","1,2,3,2,3,1,3,3,2,3,3,4,3,1,2,4,1","0.00141000747680664","louvain","graph_2024M12.graphml"
"0.11","0.63","0.26","0.149676462526431","1,2,3,2,4,1,3,3,2,3,5,4,5,1,5,3,1","0.000720977783203125","louvain","graph_2024M12.graphml"
"0.1","0.64","0.26","0.149110010868253","1,2,3,2,4,1,3,3,2,3,4,3,4,1,4,3,1","0.000905990600585938","louvain","graph_2024M12.graphml"
"0.09","0.65","0.26","0.151110295379569","1,2,3,2,4,1,4,4,2,4,3,4,3,1,3,4,1","0.00123000144958496","louvain","graph_2024M12.graphml"
"0.08","0.66","0.26","0.150253226441872","1,2,3,2,4,1,4,4,2,4,3,4,3,1,3,4,1","0.000784873962402344","louvain","graph_2024M12.graphml"
"0.07","0.67","0.26","0.151363421550095","1,2,3,2,4,1,4,4,2,4,3,4,3,1,3,4,1","0.00145196914672852","louvain","graph_2024M12.graphml"
"0.06","0.68","0.26","0.152452165439178","1,2,3,1,4,1,4,4,2,4,3,4,3,1,2,4,1","0.00114297866821289","louvain","graph_2024M12.graphml"
"0.05","0.69","0.26","0.150603713459449","1,2,3,2,4,1,4,4,2,4,3,4,3,1,3,4,1","0.00167512893676758","louvain","graph_2024M12.graphml"
"0.04","0.7","0.26","0.150197080391524","1,2,3,1,4,1,4,4,2,4,3,4,3,1,2,4,1","0.000837087631225586","louvain","graph_2024M12.graphml"
"0.03","0.71","0.26","0.150121032631479","1,2,3,2,3,1,3,3,2,3,4,3,4,1,4,3,1","0.000857114791870117","louvain","graph_2024M12.graphml"
"0.02","0.72","0.26","0.14928136670497","1,2,3,1,2,1,3,3,2,3,4,3,4,1,4,2,1","0.00110387802124023","louvain","graph_2024M12.graphml"
"0.01","0.73","0.26","0.152702493074792","1,2,3,1,4,1,4,4,2,4,3,4,3,1,2,4,1","0.000539064407348633","louvain","graph_2024M12.graphml"
"0","0.74","0.26","0.154942886401294","1,2,3,1,3,1,3,3,2,3,4,3,4,1,4,3,1","0.000777959823608398","louvain","graph_2024M12.graphml"
"0.73","0","0.27","0.137016464987106","1,2,1,3,4,4,3,3,4,2,3,5,3,1,3,3,6","0.00163888931274414","louvain","graph_2024M12.graphml"
"0.72","0.01","0.27","0.137698216541519","1,2,3,3,4,4,3,3,4,2,3,5,3,1,3,5,6","0.00126290321350098","louvain","graph_2024M12.graphml"
"0.71","0.02","0.27","0.139165444274523","1,2,1,2,3,3,2,2,3,2,2,4,2,2,2,4,5","0.00151181221008301","louvain","graph_2024M12.graphml"
"0.7","0.03","0.27","0.142659279778393","1,2,1,3,4,4,3,3,4,2,1,2,3,3,3,3,5","0.000742912292480469","louvain","graph_2024M12.graphml"
"0.69","0.04","0.27","0.14411755826591","1,2,1,3,4,3,4,4,3,2,1,4,4,1,3,4,5","0.00138282775878906","louvain","graph_2024M12.graphml"
"0.68","0.05","0.27","0.143497841996622","1,2,1,1,3,4,3,3,4,2,1,3,3,1,4,3,5","0.00067591667175293","louvain","graph_2024M12.graphml"
"0.67","0.06","0.27","0.145472737476371","1,2,2,1,3,4,3,3,4,2,3,3,3,1,4,3,5","0.00140905380249023","louvain","graph_2024M12.graphml"
"0.66","0.07","0.27","0.143685757325142","1,2,3,1,4,4,3,3,4,2,3,3,3,1,4,3,5","0.000830173492431641","louvain","graph_2024M12.graphml"
"0.65","0.08","0.27","0.140930309862412","1,2,2,1,3,4,3,3,4,2,3,3,3,1,4,3,5","0.00100922584533691","louvain","graph_2024M12.graphml"
"0.64","0.09","0.27","0.140930309862412","1,2,2,1,3,4,3,3,4,2,3,3,3,1,4,3,5","0.000728130340576172","louvain","graph_2024M12.graphml"
"0.63","0.1","0.27","0.14069961966313","1,2,2,1,3,4,3,3,4,2,3,3,3,1,4,3,5","0.000744819641113281","louvain","graph_2024M12.graphml"
"0.62","0.11","0.27","0.141434897012223","1,2,2,1,3,4,3,3,4,2,3,3,3,1,4,3,5","0.000638961791992188","louvain","graph_2024M12.graphml"
"0.61","0.12","0.27","0.138757748242793","1,2,3,1,4,4,3,3,4,2,3,3,3,1,4,3,5","0.000929117202758789","louvain","graph_2024M12.graphml"
"0.6","0.13","0.27","0.143065002332203","1,2,3,1,4,2,4,4,2,3,4,4,4,1,2,4,5","0.000834941864013672","louvain","graph_2024M12.graphml"
"0.59","0.14","0.27","0.144328254847645","1,2,3,1,4,2,4,4,2,3,4,4,4,1,2,4,5","0.000777959823608398","louvain","graph_2024M12.graphml"
"0.58","0.15","0.27","0.140422935598443","1,2,3,1,4,2,4,4,2,3,4,4,4,1,2,4,5","0.00170207023620605","louvain","graph_2024M12.graphml"
"0.57","0.16","0.27","0.140422935598443","1,2,3,1,4,2,4,4,2,3,4,4,4,1,2,4,5","0.00144481658935547","louvain","graph_2024M12.graphml"
"0.56","0.17","0.27","0.142698600101198","1,2,3,1,4,2,4,4,2,3,4,4,4,1,2,4,5","0.00098419189453125","louvain","graph_2024M12.graphml"
"0.55","0.18","0.27","0.140222609485274","1,2,3,1,4,2,3,5,2,5,3,4,3,3,2,5,6","0.00070500373840332","louvain","graph_2024M12.graphml"
"0.54","0.19","0.27","0.141250859657205","1,2,3,1,2,2,3,4,2,3,3,4,3,3,2,4,5","0.000719785690307617","louvain","graph_2024M12.graphml"
"0.53","0.2","0.27","0.138758249880626","1,2,3,1,3,2,3,4,2,3,3,4,3,1,2,4,5","0.00185704231262207","louvain","graph_2024M12.graphml"
"0.52","0.21","0.27","0.140732377134527","1,2,3,1,3,2,3,4,2,3,3,4,3,1,2,4,5","0.000602006912231445","louvain","graph_2024M12.graphml"
"0.51","0.22","0.27","0.143266630956025","1,2,3,1,3,2,3,4,2,3,1,4,3,3,2,4,5","0.00137090682983398","louvain","graph_2024M12.graphml"
"0.5","0.23","0.27","0.144172495644049","1,2,3,1,3,2,3,3,2,3,1,4,3,3,2,4,5","0.000701904296875","louvain","graph_2024M12.graphml"
"0.49","0.24","0.27","0.14510901313434","1,2,3,1,3,2,3,3,2,3,1,4,3,3,2,4,5","0.00140285491943359","louvain","graph_2024M12.graphml"
"0.48","0.25","0.27","0.145297603870623","1,2,3,1,3,2,3,3,2,3,1,4,3,3,2,4,5","0.00100803375244141","louvain","graph_2024M12.graphml"
"0.47","0.26","0.27","0.145073760550481","1,2,3,1,3,2,3,3,2,3,1,3,3,1,2,3,4","0.000779867172241211","louvain","graph_2024M12.graphml"
"0.46","0.27","0.27","0.146493898665875","1,2,3,1,3,2,3,3,2,3,1,4,3,3,2,4,5","0.0005340576171875","louvain","graph_2024M12.graphml"
"0.45","0.28","0.27","0.146877000457247","1,2,3,1,3,2,3,3,2,3,1,4,3,3,2,4,5","0.00099492073059082","louvain","graph_2024M12.graphml"
"0.44","0.29","0.27","0.14403648678833","1,2,3,1,3,2,3,3,2,3,1,4,3,3,2,4,5","0.00079798698425293","louvain","graph_2024M12.graphml"
"0.43","0.3","0.27","0.143805931337091","1,2,3,1,3,2,3,3,2,3,1,4,3,3,2,4,5","0.000623941421508789","louvain","graph_2024M12.graphml"
"0.42","0.31","0.27","0.143407273222394","1,2,3,1,3,2,3,3,2,3,1,3,3,1,2,3,4","0.000890970230102539","louvain","graph_2024M12.graphml"
"0.41","0.32","0.27","0.142194100212374","1,2,3,1,4,2,3,3,2,4,1,3,3,1,2,3,5","0.00145101547241211","louvain","graph_2024M12.graphml"
"0.4","0.33","0.27","0.143457256878807","1,2,3,1,3,2,3,3,2,3,1,4,3,3,2,4,5","0.00101590156555176","louvain","graph_2024M12.graphml"
"0.39","0.34","0.27","0.142329650517751","1,2,3,1,4,2,3,3,2,4,1,3,3,1,2,3,5","0.00116515159606934","louvain","graph_2024M12.graphml"
"0.38","0.35","0.27","0.143605978526531","1,2,3,1,3,2,3,3,2,3,1,4,3,3,2,4,5","0.00106692314147949","louvain","graph_2024M12.graphml"
"0.37","0.36","0.27","0.142713651244248","1,2,3,1,3,2,3,3,2,3,3,3,3,1,2,3,4","0.00161099433898926","louvain","graph_2024M12.graphml"
"0.36","0.37","0.27","0.142713651244248","1,2,3,1,3,2,3,3,2,3,3,3,3,1,2,3,4","0.000799894332885742","louvain","graph_2024M12.graphml"
"0.35","0.38","0.27","0.144464316946982","1,2,3,1,3,2,3,3,2,3,4,4,3,1,2,3,5","0.00103402137756348","louvain","graph_2024M12.graphml"
"0.34","0.39","0.27","0.144464316946982","1,2,3,1,3,2,3,3,2,3,4,4,3,1,2,3,5","0.0014338493347168","louvain","graph_2024M12.graphml"
"0.33","0.4","0.27","0.142997396760413","1,2,3,1,4,2,3,3,2,4,4,4,3,1,2,3,5","0.00077509880065918","louvain","graph_2024M12.graphml"
"0.32","0.41","0.27","0.142668512110727","1,2,3,1,4,2,3,3,2,4,4,4,3,1,2,2,5","0.0012969970703125","louvain","graph_2024M12.graphml"
"0.31","0.42","0.27","0.146653091973098","1,2,3,1,4,2,3,3,2,4,4,4,3,1,2,2,5","0.00064396858215332","louvain","graph_2024M12.graphml"
"0.3","0.43","0.27","0.145657761042376","1,2,3,1,4,2,3,3,2,4,4,4,3,1,2,2,5","0.000998020172119141","louvain","graph_2024M12.graphml"
"0.29","0.44","0.27","0.143910723994811","1,2,3,1,4,2,3,3,2,4,4,4,3,1,2,2,5","0.000823974609375","louvain","graph_2024M12.graphml"
"0.28","0.45","0.27","0.143910723994811","1,2,3,1,4,2,3,3,2,4,4,4,3,1,2,2,5","0.000804901123046875","louvain","graph_2024M12.graphml"
"0.27","0.46","0.27","0.144997355591745","1,2,3,1,4,2,3,3,2,4,4,4,3,1,2,3,5","0.000725984573364258","louvain","graph_2024M12.graphml"
"0.26","0.47","0.27","0.144997355591745","1,2,3,1,4,2,3,3,2,4,4,4,3,1,2,3,5","0.00115609169006348","louvain","graph_2024M12.graphml"
"0.25","0.48","0.27","0.143705302224724","1,2,3,1,4,2,4,3,2,4,3,5,3,1,2,4,6","0.000750064849853516","louvain","graph_2024M12.graphml"
"0.24","0.49","0.27","0.143801734742812","1,2,3,1,4,2,3,3,2,4,4,4,3,1,2,3,5","0.00105500221252441","louvain","graph_2024M12.graphml"
"0.23","0.5","0.27","0.144631095068413","1,2,3,1,4,2,3,3,2,4,4,4,3,1,2,3,1","0.000735998153686523","louvain","graph_2024M12.graphml"
"0.22","0.51","0.27","0.145884093282283","1,2,3,1,4,2,4,3,2,4,3,5,3,1,2,4,1","0.000699043273925781","louvain","graph_2024M12.graphml"
"0.21","0.52","0.27","0.146317770473176","1,2,3,1,4,2,3,3,2,4,4,4,3,1,2,3,1","0.00143289566040039","louvain","graph_2024M12.graphml"
"0.2","0.53","0.27","0.14735071993754","1,2,3,1,4,2,4,4,2,4,3,4,3,1,3,4,1","0.000793933868408203","louvain","graph_2024M12.graphml"
"0.19","0.54","0.27","0.148758024691358","1,2,3,2,3,1,3,3,2,3,3,4,3,1,2,3,1","0.000946998596191406","louvain","graph_2024M12.graphml"
"0.18","0.55","0.27","0.147789568486177","1,2,3,2,4,1,4,4,2,4,3,4,3,1,3,4,1","0.00163102149963379","louvain","graph_2024M12.graphml"
"0.17","0.56","0.27","0.148660633792865","1,2,3,2,3,1,3,3,2,3,3,3,3,1,2,3,1","0.000992774963378906","louvain","graph_2024M12.graphml"
"0.16","0.57","0.27","0.146065807603485","1,2,3,2,3,1,3,3,2,3,4,3,4,1,4,3,1","0.00158286094665527","louvain","graph_2024M12.graphml"
"0.15","0.58","0.27","0.1483557440751","1,2,3,2,3,1,3,3,2,3,3,4,3,1,2,3,1","0.001007080078125","louvain","graph_2024M12.graphml"
"0.14","0.59","0.27","0.148597948170325","1,2,3,2,4,1,4,4,2,4,3,4,3,1,3,4,1","0.000927925109863281","louvain","graph_2024M12.graphml"
"0.13","0.6","0.27","0.147868103910652","1,2,3,1,4,1,3,3,2,3,4,3,4,1,2,3,1","0.00139403343200684","louvain","graph_2024M12.graphml"
"0.12","0.61","0.27","0.148003214179548","1,2,3,2,4,1,4,4,2,4,3,4,3,1,3,4,1","0.000833034515380859","louvain","graph_2024M12.graphml"
"0.11","0.62","0.27","0.147873941289592","1,2,3,2,4,1,4,4,2,4,3,4,3,1,3,4,1","0.000619888305664062","louvain","graph_2024M12.graphml"
"0.1","0.63","0.27","0.147089180624717","1,2,3,2,4,1,4,4,2,4,3,4,3,1,3,4,1","0.00143194198608398","louvain","graph_2024M12.graphml"
"0.09","0.64","0.27","0.148652955328928","1,2,3,1,4,1,3,3,2,3,4,3,4,1,4,2,1","0.000545024871826172","louvain","graph_2024M12.graphml"
"0.08","0.65","0.27","0.149998891966759","1,2,3,1,4,1,3,3,2,3,1,3,4,1,2,4,1","0.000885009765625","louvain","graph_2024M12.graphml"
"0.07","0.66","0.27","0.148123046883513","1,2,3,1,4,1,3,3,2,3,1,3,4,1,2,4,1","0.000815868377685547","louvain","graph_2024M12.graphml"
"0.06","0.67","0.27","0.148432494628249","1,2,3,1,4,1,3,3,2,3,4,3,4,1,4,2,1","0.000816822052001953","louvain","graph_2024M12.graphml"
"0.05","0.68","0.27","0.149001736111111","1,2,3,1,4,1,3,3,2,3,4,3,4,1,2,3,1","0.000926971435546875","louvain","graph_2024M12.graphml"
"0.04","0.69","0.27","0.150116052402955","1,2,3,1,4,1,3,3,2,3,4,3,4,1,2,3,1","0.00084996223449707","louvain","graph_2024M12.graphml"
"0.03","0.7","0.27","0.149761372174032","1,2,3,1,4,1,3,3,2,3,4,3,4,1,2,3,1","0.00175309181213379","louvain","graph_2024M12.graphml"
"0.02","0.71","0.27","0.151324582892368","1,2,3,1,4,1,3,3,2,3,4,3,4,1,2,3,1","0.0015099048614502","louvain","graph_2024M12.graphml"
"0.01","0.72","0.27","0.150391362239247","1,2,3,1,4,1,3,3,2,3,4,3,4,1,2,3,1","0.000937938690185547","louvain","graph_2024M12.graphml"
"0","0.73","0.27","0.151466141185802","1,2,3,1,4,1,3,3,2,3,4,3,4,1,2,3,1","0.000874042510986328","louvain","graph_2024M12.graphml"
"0.72","0","0.28","0.140121766043548","1,2,3,1,4,4,3,3,4,2,3,3,3,1,4,3,5","0.0012359619140625","louvain","graph_2024M12.graphml"
"0.71","0.01","0.28","0.140930309862412","1,2,2,1,3,4,3,3,4,2,3,3,3,1,4,3,5","0.000909090042114258","louvain","graph_2024M12.graphml"
"0.7","0.02","0.28","0.137566574905304","1,2,3,1,4,4,3,3,4,2,3,3,3,1,4,3,5","0.00077509880065918","louvain","graph_2024M12.graphml"
"0.69","0.03","0.28","0.14069961966313","1,2,2,1,3,4,3,3,4,2,3,3,3,1,4,3,5","0.000913858413696289","louvain","graph_2024M12.graphml"
"0.68","0.04","0.28","0.138428729062924","1,2,2,1,3,4,3,3,4,2,3,3,3,1,4,3,5","0.000643014907836914","louvain","graph_2024M12.graphml"
"0.67","0.05","0.28","0.138757748242793","1,2,3,1,4,4,3,3,4,2,3,3,3,1,4,3,5","0.000784873962402344","louvain","graph_2024M12.graphml"
"0.66","0.06","0.28","0.139175834943031","1,2,2,1,3,4,3,3,4,2,3,3,3,1,4,3,5","0.000926017761230469","louvain","graph_2024M12.graphml"
"0.65","0.07","0.28","0.140326947320561","1,2,3,1,4,2,4,4,2,3,4,4,4,1,2,4,5","0.000642061233520508","louvain","graph_2024M12.graphml"
"0.64","0.08","0.28","0.139377347112195","1,2,3,1,4,2,4,4,2,3,4,4,4,1,2,4,5","0.00113582611083984","louvain","graph_2024M12.graphml"
"0.63","0.09","0.28","0.141665988498264","1,2,3,1,4,2,4,4,2,3,4,4,4,1,2,4,5","0.000798940658569336","louvain","graph_2024M12.graphml"
"0.62","0.1","0.28","0.142698600101198","1,2,3,1,4,2,4,4,2,3,4,4,4,1,2,4,5","0.000828981399536133","louvain","graph_2024M12.graphml"
"0.61","0.11","0.28","0.138159938144739","1,2,3,1,2,2,3,3,2,3,3,4,3,3,2,4,5","0.00120306015014648","louvain","graph_2024M12.graphml"
"0.6","0.12","0.28","0.138045277045545","1,2,3,1,2,2,3,3,2,3,3,4,3,3,2,4,5","0.00149393081665039","louvain","graph_2024M12.graphml"
"0.59","0.13","0.28","0.139007835276968","1,2,3,1,2,2,3,3,2,3,3,4,3,3,2,4,5","0.000715970993041992","louvain","graph_2024M12.graphml"
"0.58","0.14","0.28","0.137511411533904","1,2,3,1,3,2,3,3,2,3,3,3,3,1,2,4,5","0.00167417526245117","louvain","graph_2024M12.graphml"
"0.57","0.15","0.28","0.142265457606367","1,2,3,1,3,2,3,3,2,3,1,4,3,3,2,4,5","0.000814199447631836","louvain","graph_2024M12.graphml"
"0.56","0.16","0.28","0.141130369350066","1,2,3,1,4,2,4,4,2,3,1,4,4,1,2,4,5","0.000766992568969727","louvain","graph_2024M12.graphml"
"0.55","0.17","0.28","0.143224688945428","1,2,3,1,3,2,3,3,2,3,1,4,3,3,2,4,5","0.00111913681030273","louvain","graph_2024M12.graphml"
"0.54","0.18","0.28","0.143441310042022","1,2,3,1,3,2,3,3,2,3,1,4,3,3,2,4,5","0.0013890266418457","louvain","graph_2024M12.graphml"
"0.53","0.19","0.28","0.145571234009739","1,2,3,1,3,2,3,3,2,3,1,4,3,3,2,4,5","0.00121092796325684","louvain","graph_2024M12.graphml"
"0.52","0.2","0.28","0.142713765862729","1,2,3,1,3,2,3,3,2,3,1,4,3,3,2,4,5","0.00117182731628418","louvain","graph_2024M12.graphml"
"0.51","0.21","0.28","0.14217767963309","1,2,3,1,4,2,3,3,2,4,1,3,3,1,2,3,5","0.000813007354736328","louvain","graph_2024M12.graphml"
"0.5","0.22","0.28","0.143181108227605","1,2,3,1,3,2,3,3,2,3,1,4,3,3,2,4,5","0.000622987747192383","louvain","graph_2024M12.graphml"
"0.49","0.23","0.28","0.142953599048186","1,2,3,1,3,2,3,3,2,3,1,4,3,3,2,4,5","0.000782966613769531","louvain","graph_2024M12.graphml"
"0.48","0.24","0.28","0.140576397398435","1,2,3,1,3,2,3,3,2,3,1,4,3,3,2,4,5","0.00129008293151855","louvain","graph_2024M12.graphml"
"0.47","0.25","0.28","0.140576397398435","1,2,3,1,3,2,3,3,2,3,1,4,3,3,2,4,5","0.00133705139160156","louvain","graph_2024M12.graphml"
"0.46","0.26","0.28","0.142398305678079","1,2,3,1,3,2,3,3,2,3,1,4,3,3,2,4,5","0.000816822052001953","louvain","graph_2024M12.graphml"
"0.45","0.27","0.28","0.142708140717456","1,2,3,1,3,2,3,3,2,3,1,4,3,3,2,4,5","0.000728845596313477","louvain","graph_2024M12.graphml"
"0.44","0.28","0.28","0.142713651244248","1,2,3,1,3,2,3,3,2,3,3,3,3,1,2,3,4","0.000845909118652344","louvain","graph_2024M12.graphml"
"0.43","0.29","0.28","0.142713651244248","1,2,3,1,3,2,3,3,2,3,3,3,3,1,2,3,4","0.000768899917602539","louvain","graph_2024M12.graphml"
"0.42","0.3","0.28","0.143616780045351","1,2,3,1,3,2,3,3,2,3,4,4,3,1,2,3,5","0.000764131546020508","louvain","graph_2024M12.graphml"
"0.41","0.31","0.28","0.143616780045351","1,2,3,1,3,2,3,3,2,3,4,4,3,1,2,3,5","0.00141191482543945","louvain","graph_2024M12.graphml"
"0.4","0.32","0.28","0.142639118488386","1,2,3,1,3,2,3,3,2,3,4,4,3,1,2,3,5","0.000715017318725586","louvain","graph_2024M12.graphml"
"0.39","0.33","0.28","0.142099056603774","1,2,3,1,3,2,3,3,2,3,3,3,3,1,2,4,5","0.000809907913208008","louvain","graph_2024M12.graphml"
"0.38","0.34","0.28","0.142605633802817","1,2,3,1,3,2,3,3,2,3,3,3,3,1,2,4,5","0.000806808471679688","louvain","graph_2024M12.graphml"
"0.37","0.35","0.28","0.14374890820159","1,2,3,1,3,2,3,3,2,3,3,3,3,1,2,2,4","0.000760078430175781","louvain","graph_2024M12.graphml"
"0.36","0.36","0.28","0.144286100594916","1,2,3,1,3,2,3,3,2,3,3,3,3,1,2,2,4","0.000782012939453125","louvain","graph_2024M12.graphml"
"0.35","0.37","0.28","0.143264732640328","1,2,3,1,3,2,3,3,2,3,3,3,3,1,2,2,4","0.000802040100097656","louvain","graph_2024M12.graphml"
"0.34","0.38","0.28","0.144245471341502","1,2,3,1,4,2,3,3,2,4,3,4,3,1,2,2,5","0.00130105018615723","louvain","graph_2024M12.graphml"
"0.33","0.39","0.28","0.142093994613248","1,2,3,1,4,2,3,3,2,4,3,4,3,1,2,2,5","0.00149106979370117","louvain","graph_2024M12.graphml"
"0.32","0.4","0.28","0.141962831663778","1,2,3,1,4,2,3,3,2,4,4,4,3,1,2,3,5","0.000792026519775391","louvain","graph_2024M12.graphml"
"0.31","0.41","0.28","0.142983361481203","1,2,3,1,4,2,3,3,2,4,4,4,3,1,2,3,1","0.000697851181030273","louvain","graph_2024M12.graphml"
"0.3","0.42","0.28","0.144631095068413","1,2,3,1,4,2,3,3,2,4,4,4,3,1,2,3,1","0.00141382217407227","louvain","graph_2024M12.graphml"
"0.29","0.43","0.28","0.144685084918321","1,2,3,1,3,2,3,3,2,3,3,4,3,1,2,3,1","0.000819921493530273","louvain","graph_2024M12.graphml"
"0.28","0.44","0.28","0.144125575162166","1,2,3,1,3,2,3,3,2,3,3,4,3,1,2,3,1","0.000795841217041016","louvain","graph_2024M12.graphml"
"0.27","0.45","0.28","0.144125575162166","1,2,3,1,3,2,3,3,2,3,3,4,3,1,2,3,1","0.00100088119506836","louvain","graph_2024M12.graphml"
"0.26","0.46","0.28","0.146447357226151","1,2,3,2,3,1,3,3,2,3,3,4,3,1,2,3,1","0.00154495239257812","louvain","graph_2024M12.graphml"
"0.25","0.47","0.28","0.146841975308642","1,2,3,2,3,1,3,3,2,3,3,3,3,1,2,3,1","0.000797033309936523","louvain","graph_2024M12.graphml"
"0.24","0.48","0.28","0.145552381748369","1,2,3,2,3,1,3,3,2,3,3,3,3,1,2,3,1","0.000761032104492188","louvain","graph_2024M12.graphml"
"0.23","0.49","0.28","0.145770518443104","1,2,3,2,4,1,4,4,2,4,3,4,3,1,3,4,1","0.000689983367919922","louvain","graph_2024M12.graphml"
"0.22","0.5","0.28","0.147076440043473","1,2,3,2,3,1,3,3,2,3,4,3,4,1,4,3,1","0.00149798393249512","louvain","graph_2024M12.graphml"
"0.21","0.51","0.28","0.1483557440751","1,2,3,2,3,1,3,3,2,3,3,4,3,1,2,3,1","0.000655889511108398","louvain","graph_2024M12.graphml"
"0.2","0.52","0.28","0.142886639041964","1,2,3,2,3,1,3,3,2,3,3,3,3,1,3,3,1","0.000860214233398438","louvain","graph_2024M12.graphml"
"0.19","0.53","0.28","0.14529153002533","1,2,3,2,3,1,3,3,2,3,3,3,3,1,2,3,1","0.000798940658569336","louvain","graph_2024M12.graphml"
"0.18","0.54","0.28","0.145846764537936","1,2,3,2,3,1,3,3,2,3,3,3,3,1,2,3,1","0.00140619277954102","louvain","graph_2024M12.graphml"
"0.17","0.55","0.28","0.145180436847103","1,2,3,2,3,1,3,3,2,3,3,3,3,1,2,3,1","0.000756978988647461","louvain","graph_2024M12.graphml"
"0.16","0.56","0.28","0.146489424734272","1,2,2,3,2,1,2,2,3,2,1,2,2,1,3,2,1","0.00158381462097168","louvain","graph_2024M12.graphml"
"0.15","0.57","0.28","0.146885318559557","1,2,3,1,3,1,3,3,2,3,3,3,3,1,2,3,1","0.00102806091308594","louvain","graph_2024M12.graphml"
"0.14","0.58","0.28","0.146492998199973","1,2,3,1,4,1,3,3,2,3,4,3,4,1,4,2,1","0.000645875930786133","louvain","graph_2024M12.graphml"
"0.13","0.59","0.28","0.146492998199973","1,2,3,1,4,1,3,3,2,3,4,3,4,1,4,2,1","0.00151801109313965","louvain","graph_2024M12.graphml"
"0.12","0.6","0.28","0.148370225694444","1,2,3,1,3,1,3,3,2,3,1,3,3,1,2,3,1","0.000778913497924805","louvain","graph_2024M12.graphml"
"0.11","0.61","0.28","0.148370225694444","1,2,3,1,3,1,3,3,2,3,1,3,3,1,2,3,1","0.000941038131713867","louvain","graph_2024M12.graphml"
"0.1","0.62","0.28","0.149653070711592","1,2,3,1,3,1,3,3,2,3,3,3,3,1,2,3,1","0.000796079635620117","louvain","graph_2024M12.graphml"
"0.09","0.63","0.28","0.147588535619152","1,2,3,1,4,1,3,3,2,3,4,3,4,1,2,3,1","0.000865936279296875","louvain","graph_2024M12.graphml"
"0.08","0.64","0.28","0.148240140419242","1,2,3,1,4,1,3,3,2,3,4,3,4,1,2,3,1","0.000810861587524414","louvain","graph_2024M12.graphml"
"0.07","0.65","0.28","0.146476468138276","1,2,3,1,4,1,3,3,2,3,4,3,4,1,2,3,1","0.000795841217041016","louvain","graph_2024M12.graphml"
"0.06","0.66","0.28","0.148931687487607","1,2,3,1,4,1,3,3,2,3,4,3,4,1,2,3,1","0.00182700157165527","louvain","graph_2024M12.graphml"
"0.05","0.67","0.28","0.149615220705142","1,2,3,1,4,1,3,3,2,3,4,3,4,1,2,3,1","0.000814914703369141","louvain","graph_2024M12.graphml"
"0.04","0.68","0.28","0.149615220705142","1,2,3,1,4,1,3,3,2,3,4,3,4,1,2,3,1","0.00156593322753906","louvain","graph_2024M12.graphml"
"0.03","0.69","0.28","0.147770876690947","1,2,3,1,4,1,3,3,2,3,4,3,4,1,2,3,1","0.000881195068359375","louvain","graph_2024M12.graphml"
"0.02","0.7","0.28","0.14799","1,2,3,1,4,1,3,3,2,3,4,3,4,1,2,3,1","0.000815153121948242","louvain","graph_2024M12.graphml"
"0.01","0.71","0.28","0.146112963693372","1,2,3,1,2,1,4,3,2,4,3,3,3,1,2,2,1","0.00162792205810547","louvain","graph_2024M12.graphml"
"0","0.72","0.28","0.145725072436382","1,2,3,1,4,1,3,3,2,3,3,3,4,1,4,3,1","0.00082087516784668","louvain","graph_2024M12.graphml"
"0.71","0","0.29","0.136271295052799","1,2,3,3,1,2,3,3,2,3,3,4,3,3,2,4,5","0.000775814056396484","louvain","graph_2024M12.graphml"
"0.7","0.01","0.29","0.141665988498264","1,2,3,1,4,2,4,4,2,3,4,4,4,1,2,4,5","0.000773906707763672","louvain","graph_2024M12.graphml"
"0.69","0.02","0.29","0.135064666252696","1,2,3,1,3,2,3,4,2,3,3,4,3,1,2,4,5","0.00112414360046387","louvain","graph_2024M12.graphml"
"0.68","0.03","0.29","0.139716627696886","1,2,3,1,4,2,4,4,2,3,4,4,4,1,2,4,5","0.000691890716552734","louvain","graph_2024M12.graphml"
"0.67","0.04","0.29","0.135523159376425","1,2,3,1,4,2,3,3,2,3,3,4,3,3,2,3,5","0.000941038131713867","louvain","graph_2024M12.graphml"
"0.66","0.05","0.29","0.136518737672584","1,2,3,1,3,2,3,4,2,3,3,4,3,1,2,4,5","0.00103211402893066","louvain","graph_2024M12.graphml"
"0.65","0.06","0.29","0.137478524573095","1,2,3,1,2,2,3,3,2,3,3,4,3,3,2,4,5","0.000794172286987305","louvain","graph_2024M12.graphml"
"0.64","0.07","0.29","0.139236388466593","1,2,3,1,3,2,3,3,2,3,1,4,3,3,2,4,5","0.000701904296875","louvain","graph_2024M12.graphml"
"0.63","0.08","0.29","0.140211504566576","1,2,3,1,3,2,3,3,2,3,1,4,3,3,2,4,5","0.000580787658691406","louvain","graph_2024M12.graphml"
"0.62","0.09","0.29","0.142265457606367","1,2,3,1,3,2,3,3,2,3,1,4,3,3,2,4,5","0.000690937042236328","louvain","graph_2024M12.graphml"
"0.61","0.1","0.29","0.139784843383328","1,2,3,1,3,2,3,3,2,3,1,3,3,1,2,3,4","0.00104188919067383","louvain","graph_2024M12.graphml"
"0.6","0.11","0.29","0.143692564745196","1,2,3,1,3,2,3,3,2,3,1,4,3,3,2,4,5","0.00077509880065918","louvain","graph_2024M12.graphml"
"0.59","0.12","0.29","0.141778668844831","1,2,3,1,3,2,3,3,2,3,1,4,3,3,2,4,5","0.0014801025390625","louvain","graph_2024M12.graphml"
"0.58","0.13","0.29","0.139933747513992","1,2,3,1,3,2,3,3,2,3,1,4,3,3,2,3,5","0.00147604942321777","louvain","graph_2024M12.graphml"
"0.57","0.14","0.29","0.138322835996471","1,2,3,1,3,2,3,3,2,3,1,3,3,1,2,3,4","0.00134992599487305","louvain","graph_2024M12.graphml"
"0.56","0.15","0.29","0.142533308380974","1,2,3,1,3,2,3,3,2,3,1,4,3,3,2,4,5","0.000745058059692383","louvain","graph_2024M12.graphml"
"0.55","0.16","0.29","0.139725970074306","1,2,3,1,3,2,3,3,2,3,1,4,3,3,2,4,5","0.000735998153686523","louvain","graph_2024M12.graphml"
"0.54","0.17","0.29","0.139171340371383","1,2,3,1,4,2,3,3,2,4,1,3,3,1,2,3,5","0.000707149505615234","louvain","graph_2024M12.graphml"
"0.53","0.18","0.29","0.140576397398435","1,2,3,1,3,2,3,3,2,3,1,4,3,3,2,4,5","0.000808000564575195","louvain","graph_2024M12.graphml"
"0.52","0.19","0.29","0.141003490199704","1,2,3,1,3,2,3,3,2,3,3,4,3,3,2,4,5","0.000792026519775391","louvain","graph_2024M12.graphml"
"0.51","0.2","0.29","0.143909823493052","1,2,3,1,3,2,3,3,2,3,3,4,3,1,2,4,5","0.000887870788574219","louvain","graph_2024M12.graphml"
"0.5","0.21","0.29","0.141318402150819","1,2,3,1,3,2,3,3,2,3,3,3,3,1,2,3,4","0.00147604942321777","louvain","graph_2024M12.graphml"
"0.49","0.22","0.29","0.142540199702667","1,2,3,1,3,2,3,3,2,3,3,4,3,1,2,4,5","0.000764131546020508","louvain","graph_2024M12.graphml"
"0.48","0.23","0.29","0.143710317460317","1,2,3,1,3,2,3,3,2,3,3,4,3,1,2,4,5","0.000749111175537109","louvain","graph_2024M12.graphml"
"0.47","0.24","0.29","0.142295209002493","1,2,3,1,3,2,3,3,2,3,3,3,3,1,2,3,4","0.000758171081542969","louvain","graph_2024M12.graphml"
"0.46","0.25","0.29","0.140633343716625","1,2,3,1,3,2,3,3,2,3,3,3,3,1,2,4,5","0.000732183456420898","louvain","graph_2024M12.graphml"
"0.45","0.26","0.29","0.140633343716625","1,2,3,1,3,2,3,3,2,3,3,3,3,1,2,4,5","0.00077509880065918","louvain","graph_2024M12.graphml"
"0.44","0.27","0.29","0.142572571579713","1,2,3,1,3,2,3,3,2,3,3,3,3,1,2,3,4","0.00115203857421875","louvain","graph_2024M12.graphml"
"0.43","0.28","0.29","0.14120353865814","1,2,3,1,3,2,3,3,2,3,3,3,3,1,2,3,4","0.00157284736633301","louvain","graph_2024M12.graphml"
"0.42","0.29","0.29","0.139321254732288","1,2,3,1,3,2,3,3,2,3,3,3,3,1,2,2,4","0.000755071640014648","louvain","graph_2024M12.graphml"
"0.41","0.3","0.29","0.139874828532236","1,2,3,1,3,2,3,3,2,3,3,3,3,1,2,2,4","0.00151801109313965","louvain","graph_2024M12.graphml"
"0.4","0.31","0.29","0.14111227858701","1,2,3,1,3,2,3,3,2,3,3,3,3,1,2,2,4","0.0011289119720459","louvain","graph_2024M12.graphml"
"0.39","0.32","0.29","0.14109922050469","1,2,3,1,3,2,3,3,2,3,3,3,3,1,2,2,4","0.000803947448730469","louvain","graph_2024M12.graphml"
"0.38","0.33","0.29","0.142320196111438","1,2,3,1,3,2,3,3,2,3,3,3,3,1,2,2,1","0.00145506858825684","louvain","graph_2024M12.graphml"
"0.37","0.34","0.29","0.141536210376659","1,2,3,1,4,2,4,3,2,4,3,4,3,1,2,4,1","0.000838041305541992","louvain","graph_2024M12.graphml"
"0.36","0.35","0.29","0.142965122556959","1,2,3,1,3,2,3,3,2,3,3,3,3,1,2,3,1","0.000905036926269531","louvain","graph_2024M12.graphml"
"0.35","0.36","0.29","0.142965122556959","1,2,3,1,3,2,3,3,2,3,3,3,3,1,2,3,1","0.000812053680419922","louvain","graph_2024M12.graphml"
"0.34","0.37","0.29","0.143380711792874","1,2,3,1,3,2,3,3,2,3,3,4,3,1,2,3,1","0.000741004943847656","louvain","graph_2024M12.graphml"
"0.33","0.38","0.29","0.143479358666835","1,2,3,2,3,1,3,3,2,3,3,4,3,1,2,3,1","0.00158190727233887","louvain","graph_2024M12.graphml"
"0.32","0.39","0.29","0.145391348738045","1,2,3,2,3,1,3,3,2,3,3,4,3,1,2,3,1","0.000735044479370117","louvain","graph_2024M12.graphml"
"0.31","0.4","0.29","0.144413966200565","1,2,3,2,4,1,3,3,2,4,4,4,3,1,2,3,1","0.00074005126953125","louvain","graph_2024M12.graphml"
"0.3","0.41","0.29","0.146641975308642","1,2,3,2,3,1,3,3,2,3,3,4,3,1,2,3,1","0.00136208534240723","louvain","graph_2024M12.graphml"
"0.29","0.42","0.29","0.146009606639102","1,2,3,2,3,1,3,3,2,3,3,4,3,1,2,3,1","0.000750064849853516","louvain","graph_2024M12.graphml"
"0.28","0.43","0.29","0.146540843725178","1,2,3,4,3,1,2,3,4,2,3,2,3,1,4,2,1","0.000848054885864258","louvain","graph_2024M12.graphml"
"0.27","0.44","0.29","0.145959693395006","1,2,3,2,3,1,3,3,2,3,3,3,3,1,2,3,1","0.000859975814819336","louvain","graph_2024M12.graphml"
"0.26","0.45","0.29","0.144703060287476","1,2,3,2,3,1,3,3,2,3,3,3,3,1,2,3,1","0.000772953033447266","louvain","graph_2024M12.graphml"
"0.25","0.46","0.29","0.14529153002533","1,2,3,2,3,1,3,3,2,3,3,3,3,1,2,3,1","0.000778913497924805","louvain","graph_2024M12.graphml"
"0.24","0.47","0.29","0.144283274892249","1,2,2,3,2,1,2,2,3,2,1,2,2,1,3,2,1","0.00149106979370117","louvain","graph_2024M12.graphml"
"0.23","0.48","0.29","0.145250748996413","1,2,3,2,3,1,3,3,2,3,1,3,3,1,2,3,1","0.00105690956115723","louvain","graph_2024M12.graphml"
"0.22","0.49","0.29","0.141681799569157","1,2,3,1,3,1,3,3,2,3,1,3,3,1,2,3,1","0.00182700157165527","louvain","graph_2024M12.graphml"
"0.21","0.5","0.29","0.143536842105263","1,2,3,1,3,1,3,3,2,3,1,3,3,1,2,3,1","0.000761985778808594","louvain","graph_2024M12.graphml"
"0.2","0.51","0.29","0.146418698275824","1,2,3,1,3,1,3,3,2,3,1,3,3,1,2,3,1","0.000753879547119141","louvain","graph_2024M12.graphml"
"0.19","0.52","0.29","0.145404054550866","1,2,3,1,3,1,3,3,2,3,3,3,3,1,3,2,1","0.00149297714233398","louvain","graph_2024M12.graphml"
"0.18","0.53","0.29","0.146492998199973","1,2,3,1,4,1,3,3,2,3,4,3,4,1,4,2,1","0.000802993774414062","louvain","graph_2024M12.graphml"
"0.17","0.54","0.29","0.145620659722222","1,2,3,1,4,1,3,3,2,3,4,3,4,1,4,2,1","0.000819921493530273","louvain","graph_2024M12.graphml"
"0.16","0.55","0.29","0.14673002156124","1,2,3,1,4,1,3,3,2,3,4,3,4,1,4,2,1","0.000653982162475586","louvain","graph_2024M12.graphml"
"0.15","0.56","0.29","0.146742480603677","1,2,3,1,4,1,3,3,2,3,4,3,4,1,2,3,1","0.000937938690185547","louvain","graph_2024M12.graphml"
"0.14","0.57","0.29","0.144278251814028","1,2,3,1,4,1,3,3,2,3,4,3,4,1,2,3,1","0.000896930694580078","louvain","graph_2024M12.graphml"
"0.13","0.58","0.29","0.145650217146934","1,2,3,1,4,1,3,3,2,3,4,3,4,1,2,3,1","0.000809907913208008","louvain","graph_2024M12.graphml"
"0.12","0.59","0.29","0.146541823649944","1,2,3,1,4,1,3,3,2,3,4,3,4,1,2,3,1","0.0014808177947998","louvain","graph_2024M12.graphml"
"0.11","0.6","0.29","0.146258545046424","1,2,3,1,4,1,3,3,2,3,4,3,4,1,2,3,1","0.000780105590820312","louvain","graph_2024M12.graphml"
"0.1","0.61","0.29","0.145224294354839","1,2,3,1,4,1,3,3,2,3,4,3,4,1,2,3,1","0.0014958381652832","louvain","graph_2024M12.graphml"
"0.09","0.62","0.29","0.145224294354839","1,2,3,1,4,1,3,3,2,3,4,3,4,1,2,3,1","0.000790119171142578","louvain","graph_2024M12.graphml"
"0.08","0.63","0.29","0.147127923181031","1,2,3,1,4,1,3,3,2,3,4,3,4,1,2,3,1","0.00107002258300781","louvain","graph_2024M12.graphml"
"0.07","0.64","0.29","0.146434","1,2,3,1,4,1,3,3,2,3,4,3,4,1,2,3,1","0.000756978988647461","louvain","graph_2024M12.graphml"
"0.06","0.65","0.29","0.145380628878907","1,2,3,1,4,1,3,3,2,3,4,3,4,1,2,4,1","0.00079798698425293","louvain","graph_2024M12.graphml"
"0.05","0.66","0.29","0.144020455404384","1,2,3,1,4,1,3,3,2,3,3,3,4,1,4,3,1","0.00161600112915039","louvain","graph_2024M12.graphml"
"0.04","0.67","0.29","0.145895499070443","1,2,3,1,4,1,3,3,2,3,3,3,4,1,4,3,1","0.00144290924072266","louvain","graph_2024M12.graphml"
"0.03","0.68","0.29","0.143738830713175","1,2,3,1,4,1,3,3,2,3,3,3,4,1,4,3,1","0.000801801681518555","louvain","graph_2024M12.graphml"
"0.02","0.69","0.29","0.143043060361399","1,2,3,1,4,1,3,3,2,3,3,3,4,1,4,3,1","0.00111794471740723","louvain","graph_2024M12.graphml"
"0.01","0.7","0.29","0.142866134643555","1,2,3,1,4,1,4,4,2,4,4,3,4,1,2,4,1","0.000766992568969727","louvain","graph_2024M12.graphml"
"0","0.71","0.29","0.14419768944174","1,2,3,1,4,3,3,3,2,3,3,3,4,1,4,3,1","0.000800848007202148","louvain","graph_2024M12.graphml"
"0.7","0","0.3","0.138249519258784","1,2,3,1,3,2,3,3,2,3,1,4,3,3,2,4,5","0.000699996948242188","louvain","graph_2024M12.graphml"
"0.69","0.01","0.3","0.137993120152542","1,2,3,1,4,2,4,4,2,3,1,4,4,1,2,4,5","0.000905036926269531","louvain","graph_2024M12.graphml"
"0.68","0.02","0.3","0.139236388466593","1,2,3,1,3,2,3,3,2,3,1,4,3,3,2,4,5","0.00134801864624023","louvain","graph_2024M12.graphml"
"0.67","0.03","0.3","0.136975045841291","1,2,3,1,4,2,4,4,2,3,1,4,4,1,2,4,5","0.000661134719848633","louvain","graph_2024M12.graphml"
"0.66","0.04","0.3","0.138453740959322","1,2,3,1,3,2,3,3,2,3,1,4,3,3,2,4,5","0.000708103179931641","louvain","graph_2024M12.graphml"
"0.65","0.05","0.3","0.137279953697147","1,2,3,1,3,2,3,3,2,3,1,3,3,3,2,3,4","0.000712156295776367","louvain","graph_2024M12.graphml"
"0.64","0.06","0.3","0.137832687971767","1,2,3,1,3,2,4,4,2,3,4,4,4,1,2,4,5","0.00111508369445801","louvain","graph_2024M12.graphml"
"0.63","0.07","0.3","0.137039260856779","1,2,3,1,3,2,3,4,2,3,3,4,3,3,2,4,5","0.00137901306152344","louvain","graph_2024M12.graphml"
"0.62","0.08","0.3","0.140468701893763","1,2,3,1,4,2,3,3,2,4,3,5,3,3,2,5,6","0.00143909454345703","louvain","graph_2024M12.graphml"
"0.61","0.09","0.3","0.139552696078431","1,2,3,1,4,2,3,3,2,4,3,3,3,1,2,3,5","0.000689983367919922","louvain","graph_2024M12.graphml"
"0.6","0.1","0.3","0.138497917906008","1,2,3,1,4,2,3,3,2,4,3,3,3,1,2,3,5","0.000793933868408203","louvain","graph_2024M12.graphml"
"0.59","0.11","0.3","0.138281765482138","1,2,3,1,4,2,3,3,2,4,3,5,3,3,2,5,6","0.000894784927368164","louvain","graph_2024M12.graphml"
"0.58","0.12","0.3","0.138766684494131","1,2,3,1,4,2,4,3,2,4,3,3,3,1,2,3,5","0.000715970993041992","louvain","graph_2024M12.graphml"
"0.57","0.13","0.3","0.140578855795426","1,2,3,1,3,2,3,3,2,3,3,4,3,1,2,4,5","0.00107693672180176","louvain","graph_2024M12.graphml"
"0.56","0.14","0.3","0.141318402150819","1,2,3,1,3,2,3,3,2,3,3,3,3,1,2,3,4","0.00149703025817871","louvain","graph_2024M12.graphml"
"0.55","0.15","0.3","0.14156179138322","1,2,3,1,3,2,3,3,2,3,3,4,3,1,2,4,5","0.000731945037841797","louvain","graph_2024M12.graphml"
"0.54","0.16","0.3","0.140925069068529","1,2,3,1,3,2,3,3,2,3,3,3,3,1,2,3,4","0.00101113319396973","louvain","graph_2024M12.graphml"
"0.53","0.17","0.3","0.13992980455935","1,2,3,1,3,2,3,3,2,3,3,3,3,1,2,3,4","0.00102710723876953","louvain","graph_2024M12.graphml"
"0.52","0.18","0.3","0.13992980455935","1,2,3,1,3,2,3,3,2,3,3,3,3,1,2,3,4","0.00126194953918457","louvain","graph_2024M12.graphml"
"0.51","0.19","0.3","0.140944173387209","1,2,3,1,3,2,3,3,2,3,3,4,3,1,2,4,5","0.00118398666381836","louvain","graph_2024M12.graphml"
"0.5","0.2","0.3","0.14120353865814","1,2,3,1,3,2,3,3,2,3,3,3,3,1,2,3,4","0.00114798545837402","louvain","graph_2024M12.graphml"
"0.49","0.21","0.3","0.139189093734548","1,2,3,1,4,2,3,3,2,4,3,4,3,1,2,4,5","0.000674009323120117","louvain","graph_2024M12.graphml"
"0.48","0.22","0.3","0.137999903101297","1,2,3,1,3,2,3,3,2,3,3,3,3,1,2,2,4","0.000783920288085938","louvain","graph_2024M12.graphml"
"0.47","0.23","0.3","0.137999903101297","1,2,3,1,3,2,3,3,2,3,3,3,3,1,2,2,4","0.00055384635925293","louvain","graph_2024M12.graphml"
"0.46","0.24","0.3","0.14111227858701","1,2,3,1,3,2,3,3,2,3,3,3,3,1,2,2,4","0.000802993774414062","louvain","graph_2024M12.graphml"
"0.45","0.25","0.3","0.141569560047562","1,2,3,1,3,2,3,3,2,3,3,3,3,1,2,2,1","0.000809907913208008","louvain","graph_2024M12.graphml"
"0.44","0.26","0.3","0.141009797401673","1,2,3,1,3,2,3,3,2,3,3,3,3,1,2,2,1","0.000760793685913086","louvain","graph_2024M12.graphml"
"0.43","0.27","0.3","0.141009797401673","1,2,3,1,3,2,3,3,2,3,3,3,3,1,2,2,1","0.000828981399536133","louvain","graph_2024M12.graphml"
"0.42","0.28","0.3","0.137574524831233","1,2,3,2,3,3,3,4,2,3,3,4,3,1,3,4,1","0.00114679336547852","louvain","graph_2024M12.graphml"
"0.41","0.29","0.3","0.14174732164597","1,2,3,1,3,2,3,3,2,3,3,4,3,1,2,4,1","0.000975131988525391","louvain","graph_2024M12.graphml"
"0.4","0.3","0.3","0.14262553037463","1,2,3,2,3,1,3,3,2,3,3,4,3,1,2,4,1","0.00142192840576172","louvain","graph_2024M12.graphml"
"0.39","0.31","0.3","0.141935387436224","1,2,3,2,3,1,3,3,2,3,3,4,3,1,2,3,1","0.00154709815979004","louvain","graph_2024M12.graphml"
"0.38","0.32","0.3","0.143837037037037","1,2,3,2,3,1,3,3,2,3,3,4,3,1,2,3,1","0.0014948844909668","louvain","graph_2024M12.graphml"
"0.37","0.33","0.3","0.146297215844563","1,2,3,2,3,1,3,3,2,3,3,4,3,1,2,3,1","0.00150299072265625","louvain","graph_2024M12.graphml"
"0.36","0.34","0.3","0.147452109800252","1,2,3,2,3,1,3,3,2,3,3,4,3,1,2,3,1","0.000816106796264648","louvain","graph_2024M12.graphml"
"0.35","0.35","0.3","0.145757758724792","1,2,3,1,3,1,3,3,2,3,3,4,3,1,2,3,1","0.000720977783203125","louvain","graph_2024M12.graphml"
"0.34","0.36","0.3","0.145648291349252","1,2,3,2,3,1,3,3,2,3,3,4,3,1,2,3,1","0.00152087211608887","louvain","graph_2024M12.graphml"
"0.33","0.37","0.3","0.142741187929663","1,2,1,2,3,1,3,3,2,3,3,3,3,1,2,3,1","0.000826120376586914","louvain","graph_2024M12.graphml"
"0.32","0.38","0.3","0.143374843050168","1,2,1,2,3,1,3,3,2,3,3,3,3,1,2,3,1","0.000880956649780273","louvain","graph_2024M12.graphml"
"0.31","0.39","0.3","0.142121762008499","1,2,1,2,3,1,3,3,2,3,3,3,3,1,2,3,1","0.0013430118560791","louvain","graph_2024M12.graphml"
"0.3","0.4","0.3","0.142018357799792","1,2,3,2,3,1,3,3,2,3,1,3,3,1,2,3,1","0.000622987747192383","louvain","graph_2024M12.graphml"
"0.29","0.41","0.3","0.141443646575701","1,2,3,2,3,1,3,3,2,3,1,3,3,1,2,3,1","0.000579118728637695","louvain","graph_2024M12.graphml"
"0.28","0.42","0.3","0.14234459833795","1,2,3,1,3,1,3,3,2,3,1,3,3,1,2,3,1","0.000720977783203125","louvain","graph_2024M12.graphml"
"0.27","0.43","0.3","0.142439889196676","1,2,3,1,3,1,3,3,2,3,3,3,3,1,2,2,1","0.00074005126953125","louvain","graph_2024M12.graphml"
"0.26","0.44","0.3","0.14524522148825","1,2,3,1,3,1,3,3,2,3,1,3,3,1,2,3,1","0.000742912292480469","louvain","graph_2024M12.graphml"
"0.25","0.45","0.3","0.145832697730571","1,2,3,1,3,1,3,3,2,3,1,3,3,1,2,3,1","0.000572919845581055","louvain","graph_2024M12.graphml"
"0.24","0.46","0.3","0.145752066980182","1,2,3,1,3,1,3,3,2,3,3,3,3,1,2,2,1","0.0013890266418457","louvain","graph_2024M12.graphml"
"0.23","0.47","0.3","0.144594184027778","1,2,3,1,3,1,3,3,2,3,1,3,3,1,2,3,1","0.000788211822509766","louvain","graph_2024M12.graphml"
"0.22","0.48","0.3","0.144748282570892","1,2,3,1,3,1,3,3,2,3,3,3,3,1,3,2,1","0.000834941864013672","louvain","graph_2024M12.graphml"
"0.21","0.49","0.3","0.143889831362537","1,2,3,1,2,1,3,3,2,3,4,3,4,1,4,2,1","0.00119709968566895","louvain","graph_2024M12.graphml"
"0.2","0.5","0.3","0.143086554505878","1,2,3,1,2,1,3,3,2,3,4,3,4,1,4,2,1","0.000742912292480469","louvain","graph_2024M12.graphml"
"0.19","0.51","0.3","0.14314602749686","1,2,2,1,3,1,4,4,2,4,3,4,3,1,2,4,1","0.000824928283691406","louvain","graph_2024M12.graphml"
"0.18","0.52","0.3","0.141918171615141","1,2,3,1,2,1,4,4,2,4,3,4,3,1,3,4,1","0.00080108642578125","louvain","graph_2024M12.graphml"
"0.17","0.53","0.3","0.142952084417274","1,2,3,1,4,1,3,3,2,3,4,3,4,1,2,3,1","0.00150418281555176","louvain","graph_2024M12.graphml"
"0.16","0.54","0.3","0.144510928751584","1,2,3,1,4,1,3,3,2,3,4,3,4,1,2,3,1","0.000909090042114258","louvain","graph_2024M12.graphml"
"0.15","0.55","0.3","0.144031951097563","1,2,3,1,4,1,3,3,2,3,4,3,4,1,2,3,1","0.000847101211547852","louvain","graph_2024M12.graphml"
"0.14","0.56","0.3","0.144913072638263","1,2,3,1,4,1,3,3,2,3,4,3,4,1,2,3,1","0.000881195068359375","louvain","graph_2024M12.graphml"
"0.13","0.57","0.3","0.144913072638263","1,2,3,1,4,1,3,3,2,3,4,3,4,1,2,3,1","0.00140690803527832","louvain","graph_2024M12.graphml"
"0.12","0.58","0.3","0.143531300672109","1,2,3,1,4,1,3,3,2,3,4,3,4,1,2,3,1","0.000822067260742188","louvain","graph_2024M12.graphml"
"0.11","0.59","0.3","0.142862464464268","1,2,3,1,3,1,3,3,2,3,3,3,3,1,2,3,1","0.000798940658569336","louvain","graph_2024M12.graphml"
"0.1","0.6","0.3","0.142057889231553","1,2,3,1,4,1,3,3,2,3,3,3,4,1,4,3,1","0.000770092010498047","louvain","graph_2024M12.graphml"
"0.09","0.61","0.3","0.142057889231553","1,2,3,1,4,1,3,3,2,3,3,3,4,1,4,3,1","0.000911951065063477","louvain","graph_2024M12.graphml"
"0.08","0.62","0.3","0.142509485450496","1,2,3,1,3,1,3,3,2,3,3,3,3,1,2,3,1","0.000822067260742188","louvain","graph_2024M12.graphml"
"0.07","0.63","0.3","0.142190933227539","1,2,3,1,3,4,3,3,2,4,3,3,3,1,2,3,1","0.000856876373291016","louvain","graph_2024M12.graphml"
"0.06","0.64","0.3","0.144364219059289","1,2,3,1,3,1,3,3,2,3,3,3,3,1,2,3,1","0.00082087516784668","louvain","graph_2024M12.graphml"
"0.05","0.65","0.3","0.147133689122106","1,2,3,1,3,4,3,3,2,4,3,3,3,1,1,3,1","0.000843048095703125","louvain","graph_2024M12.graphml"
"0.04","0.66","0.3","0.145465976331361","1,2,3,1,4,4,4,4,2,4,4,3,4,1,1,4,1","0.00141286849975586","louvain","graph_2024M12.graphml"
"0.03","0.67","0.3","0.145022189349112","1,2,3,1,3,3,3,3,2,3,3,3,3,1,1,3,1","0.00110197067260742","louvain","graph_2024M12.graphml"
"0.02","0.68","0.3","0.144592025522988","1,2,3,1,3,4,3,3,2,4,3,3,3,1,1,3,1","0.000808000564575195","louvain","graph_2024M12.graphml"
"0.01","0.69","0.3","0.144204773814859","1,2,3,1,3,4,3,3,2,4,3,3,3,1,1,3,1","0.000860929489135742","louvain","graph_2024M12.graphml"
"0","0.7","0.3","0.141319085743802","1,2,3,1,4,4,2,4,5,2,4,3,4,1,1,4,1","0.000772953033447266","louvain","graph_2024M12.graphml"
"0.69","0","0.31","0.138363054412437","1,2,3,1,4,2,3,4,2,4,3,4,3,3,2,4,5","0.00141096115112305","louvain","graph_2024M12.graphml"
"0.68","0.01","0.31","0.140333645713187","1,2,3,1,4,2,3,5,2,4,3,5,3,3,2,5,6","0.000715017318725586","louvain","graph_2024M12.graphml"
"0.67","0.02","0.31","0.140042802230977","1,2,3,1,3,2,4,4,2,3,4,4,4,1,2,4,5","0.00074315071105957","louvain","graph_2024M12.graphml"
"0.66","0.03","0.31","0.137881162220756","1,2,3,1,4,2,3,3,2,5,3,4,3,3,2,5,6","0.000831127166748047","louvain","graph_2024M12.graphml"
"0.65","0.04","0.31","0.138360871898994","1,2,3,1,4,2,3,3,2,4,3,3,3,1,2,3,5","0.000707864761352539","louvain","graph_2024M12.graphml"
"0.64","0.05","0.31","0.138556305473373","1,2,3,1,4,2,3,3,2,4,3,3,3,1,2,3,5","0.000774145126342773","louvain","graph_2024M12.graphml"
"0.63","0.06","0.31","0.138536652692235","1,2,3,1,3,2,3,3,2,3,3,3,3,1,2,3,4","0.000789880752563477","louvain","graph_2024M12.graphml"
"0.62","0.07","0.31","0.137604875283447","1,2,3,1,3,2,3,3,2,3,3,3,3,1,2,4,5","0.000707149505615234","louvain","graph_2024M12.graphml"
"0.61","0.08","0.31","0.139626271573733","1,2,3,1,3,2,3,3,2,3,3,3,3,1,2,3,4","0.00147104263305664","louvain","graph_2024M12.graphml"
"0.6","0.09","0.31","0.141606447250027","1,2,3,1,3,2,3,3,2,3,3,3,3,1,2,3,4","0.000796079635620117","louvain","graph_2024M12.graphml"
"0.59","0.1","0.31","0.140633343716625","1,2,3,1,3,2,3,3,2,3,3,3,3,1,2,4,5","0.000759124755859375","louvain","graph_2024M12.graphml"
"0.58","0.11","0.31","0.139413148788927","1,2,3,1,4,2,3,3,2,4,3,3,3,1,2,3,5","0.000707864761352539","louvain","graph_2024M12.graphml"
"0.57","0.12","0.31","0.139927593731402","1,2,3,1,3,2,3,3,2,3,3,4,3,1,2,4,5","0.000758886337280273","louvain","graph_2024M12.graphml"
"0.56","0.13","0.31","0.138808743703849","1,2,3,1,4,2,3,3,2,4,3,4,3,1,2,4,5","0.0007171630859375","louvain","graph_2024M12.graphml"
"0.55","0.14","0.31","0.137988101676582","1,2,3,1,4,2,3,3,2,4,3,4,3,1,2,4,5","0.000724077224731445","louvain","graph_2024M12.graphml"
"0.54","0.15","0.31","0.137988101676582","1,2,3,1,4,2,3,3,2,4,3,4,3,1,2,4,5","0.000733852386474609","louvain","graph_2024M12.graphml"
"0.53","0.16","0.31","0.140194891433631","1,2,3,1,4,2,3,3,2,4,3,4,3,1,2,2,1","0.00145411491394043","louvain","graph_2024M12.graphml"
"0.52","0.17","0.31","0.143421183542879","1,2,3,1,3,2,3,3,2,3,3,3,3,1,2,2,1","0.00132894515991211","louvain","graph_2024M12.graphml"
"0.51","0.18","0.31","0.143525309917355","1,2,3,1,3,2,3,3,2,3,3,4,3,1,2,2,1","0.000728130340576172","louvain","graph_2024M12.graphml"
"0.5","0.19","0.31","0.142700315197886","1,2,3,1,3,2,3,3,2,3,3,4,3,1,2,2,1","0.000804901123046875","louvain","graph_2024M12.graphml"
"0.49","0.2","0.31","0.142700315197886","1,2,3,1,3,2,3,3,2,3,3,4,3,1,2,2,1","0.000798940658569336","louvain","graph_2024M12.graphml"
"0.48","0.21","0.31","0.142545949278722","1,2,3,1,3,2,3,3,2,3,3,4,3,1,2,2,1","0.000725030899047852","louvain","graph_2024M12.graphml"
"0.47","0.22","0.31","0.141222067920717","1,2,3,4,3,1,3,3,4,3,3,2,3,1,4,2,1","0.000809192657470703","louvain","graph_2024M12.graphml"
"0.46","0.23","0.31","0.141199845852789","1,2,3,2,3,1,3,3,2,3,3,4,3,1,2,3,1","0.000716924667358398","louvain","graph_2024M12.graphml"
"0.45","0.24","0.31","0.141199845852789","1,2,3,2,3,1,3,3,2,3,3,4,3,1,2,3,1","0.00140619277954102","louvain","graph_2024M12.graphml"
"0.44","0.25","0.31","0.143671604938272","1,2,3,2,3,1,3,3,2,3,3,3,3,1,2,3,1","0.000752925872802734","louvain","graph_2024M12.graphml"
"0.43","0.26","0.31","0.143638891064296","1,2,3,2,3,1,3,3,2,3,3,3,3,1,2,3,1","0.000770807266235352","louvain","graph_2024M12.graphml"
"0.42","0.27","0.31","0.142676490797187","1,2,3,2,3,1,3,3,2,3,3,3,3,1,2,3,1","0.000717878341674805","louvain","graph_2024M12.graphml"
"0.41","0.28","0.31","0.144159627009401","1,2,3,2,3,1,3,3,2,3,3,3,3,1,2,3,1","0.000713109970092773","louvain","graph_2024M12.graphml"
"0.4","0.29","0.31","0.143453847285707","1,2,3,2,3,1,3,3,2,3,3,4,3,1,2,3,1","0.000778913497924805","louvain","graph_2024M12.graphml"
"0.39","0.3","0.31","0.142516540642722","1,2,3,2,3,1,3,3,2,3,3,4,3,1,2,3,1","0.00177502632141113","louvain","graph_2024M12.graphml"
"0.38","0.31","0.31","0.140561458743277","1,2,3,2,3,1,3,3,2,3,3,4,3,1,2,3,1","0.000844001770019531","louvain","graph_2024M12.graphml"
"0.37","0.32","0.31","0.140029987757292","1,2,3,2,3,1,3,3,2,3,3,3,3,1,2,3,1","0.000791072845458984","louvain","graph_2024M12.graphml"
"0.36","0.33","0.31","0.139427642632771","1,2,3,2,3,1,3,3,2,3,1,3,3,1,2,3,1","0.000730991363525391","louvain","graph_2024M12.graphml"
"0.35","0.34","0.31","0.140495699411498","1,2,3,1,3,1,3,3,2,3,1,3,3,1,2,3,1","0.000767946243286133","louvain","graph_2024M12.graphml"
"0.34","0.35","0.31","0.139087914396435","1,2,3,1,3,1,3,3,2,3,1,3,3,1,2,3,1","0.000833988189697266","louvain","graph_2024M12.graphml"
"0.33","0.36","0.31","0.140992797783933","1,2,3,1,3,1,3,3,2,3,3,3,3,1,2,2,1","0.00072479248046875","louvain","graph_2024M12.graphml"
"0.32","0.37","0.31","0.141488948520585","1,2,3,1,3,1,3,3,2,3,1,3,3,1,2,3,1","0.000778913497924805","louvain","graph_2024M12.graphml"
"0.31","0.38","0.31","0.144056038934893","1,2,3,1,3,1,3,3,2,3,3,3,3,1,2,2,1","0.000954866409301758","louvain","graph_2024M12.graphml"
"0.3","0.39","0.31","0.144348958333333","1,2,3,1,3,1,3,3,2,3,3,3,3,1,2,3,1","0.00152087211608887","louvain","graph_2024M12.graphml"
"0.29","0.4","0.31","0.145627396147147","1,2,3,1,3,1,3,3,2,3,1,3,3,1,2,3,1","0.000765085220336914","louvain","graph_2024M12.graphml"
"0.28","0.41","0.31","0.144442674885074","1,2,3,1,3,1,3,3,2,3,3,3,3,1,2,2,1","0.000524997711181641","louvain","graph_2024M12.graphml"
"0.27","0.42","0.31","0.140039381200747","1,2,3,1,3,1,3,3,2,3,1,3,3,1,2,3,1","0.000832796096801758","louvain","graph_2024M12.graphml"
"0.26","0.43","0.31","0.140039381200747","1,2,3,1,3,1,3,3,2,3,1,3,3,1,2,3,1","0.000945091247558594","louvain","graph_2024M12.graphml"
"0.25","0.44","0.31","0.14071442384046","1,2,3,1,2,1,3,3,2,3,4,3,4,1,4,2,1","0.000834226608276367","louvain","graph_2024M12.graphml"
"0.24","0.45","0.31","0.140907489058991","1,2,3,1,3,1,3,3,2,3,3,3,3,1,2,3,1","0.000792026519775391","louvain","graph_2024M12.graphml"
"0.23","0.46","0.31","0.142003877155392","1,2,2,1,3,1,4,4,2,4,3,4,3,1,2,4,1","0.000931024551391602","louvain","graph_2024M12.graphml"
"0.22","0.47","0.31","0.141387145551509","1,2,3,1,4,1,3,3,2,3,4,3,4,1,2,3,1","0.00140881538391113","louvain","graph_2024M12.graphml"
"0.21","0.48","0.31","0.143362607054725","1,2,3,1,4,1,3,3,2,3,4,3,4,1,2,3,1","0.000733852386474609","louvain","graph_2024M12.graphml"
"0.2","0.49","0.31","0.144913072638263","1,2,3,1,4,1,3,3,2,3,4,3,4,1,2,3,1","0.00177097320556641","louvain","graph_2024M12.graphml"
"0.19","0.5","0.31","0.14271202044412","1,2,3,1,4,1,3,3,2,3,4,3,4,1,2,3,1","0.000783920288085938","louvain","graph_2024M12.graphml"
"0.18","0.51","0.31","0.14271202044412","1,2,3,1,4,1,3,3,2,3,4,3,4,1,2,3,1","0.00115203857421875","louvain","graph_2024M12.graphml"
"0.17","0.52","0.31","0.143415351436134","1,2,3,1,3,1,3,3,2,3,3,3,3,1,2,3,1","0.000823020935058594","louvain","graph_2024M12.graphml"
"0.16","0.53","0.31","0.142581511974879","1,2,3,1,3,1,3,3,2,3,3,3,3,1,2,3,1","0.000828027725219727","louvain","graph_2024M12.graphml"
"0.15","0.54","0.31","0.140870094240188","1,2,3,1,3,1,3,3,2,3,3,3,3,1,2,3,1","0.000874996185302734","louvain","graph_2024M12.graphml"
"0.14","0.55","0.31","0.141307189542484","1,2,3,1,4,1,3,3,2,3,3,3,4,1,4,3,1","0.000857114791870117","louvain","graph_2024M12.graphml"
"0.13","0.56","0.31","0.142309694530891","1,2,3,1,3,1,3,3,2,3,3,3,3,1,1,3,1","0.000799894332885742","louvain","graph_2024M12.graphml"
"0.12","0.57","0.31","0.143368938212539","1,2,3,1,3,1,3,3,2,3,3,3,3,1,1,3,1","0.00165987014770508","louvain","graph_2024M12.graphml"
"0.11","0.58","0.31","0.143909887831087","1,2,3,1,3,1,3,3,2,3,3,3,3,1,1,3,1","0.000891923904418945","louvain","graph_2024M12.graphml"
"0.1","0.59","0.31","0.14562864311039","1,2,3,1,3,1,3,3,2,3,3,3,3,1,1,3,1","0.000832080841064453","louvain","graph_2024M12.graphml"
"0.09","0.6","0.31","0.143527742944989","1,2,3,1,3,1,3,3,2,3,3,3,3,1,1,3,1","0.0010678768157959","louvain","graph_2024M12.graphml"
"0.08","0.61","0.31","0.145196670188536","1,2,3,1,3,4,3,3,2,4,3,3,3,1,1,3,1","0.000803947448730469","louvain","graph_2024M12.graphml"
"0.07","0.62","0.31","0.144204773814859","1,2,3,1,3,4,3,3,2,4,3,3,3,1,1,3,1","0.000840902328491211","louvain","graph_2024M12.graphml"
"0.06","0.63","0.31","0.142038280532599","1,2,3,1,3,4,3,3,2,4,3,3,3,1,1,3,1","0.000807046890258789","louvain","graph_2024M12.graphml"
"0.05","0.64","0.31","0.142963325602753","1,2,3,1,3,4,3,3,2,4,3,3,3,1,1,3,1","0.000916004180908203","louvain","graph_2024M12.graphml"
"0.04","0.65","0.31","0.142152638130805","1,2,3,1,4,4,2,4,5,2,4,3,4,1,1,4,1","0.00076603889465332","louvain","graph_2024M12.graphml"
"0.03","0.66","0.31","0.141440301882526","1,2,3,1,4,4,2,4,5,2,4,3,4,1,1,4,1","0.00186800956726074","louvain","graph_2024M12.graphml"
"0.02","0.67","0.31","0.140593264786739","1,2,3,1,4,4,4,4,2,4,4,3,4,1,1,4,1","0.000861883163452148","louvain","graph_2024M12.graphml"
"0.01","0.68","0.31","0.141629494031337","1,2,3,1,4,4,2,4,5,2,4,3,4,1,1,4,1","0.000806093215942383","louvain","graph_2024M12.graphml"
"0","0.69","0.31","0.142614150619519","1,2,3,1,2,2,2,2,4,2,2,3,2,1,1,2,1","0.00102090835571289","louvain","graph_2024M12.graphml"
"0.68","0","0.32","0.136749959936815","1,2,3,1,4,2,3,3,2,4,3,3,3,1,2,3,5","0.00143599510192871","louvain","graph_2024M12.graphml"
"0.67","0.01","0.32","0.138160430839002","1,2,3,1,3,2,3,3,2,3,3,3,3,1,2,3,4","0.000745058059692383","louvain","graph_2024M12.graphml"
"0.66","0.02","0.32","0.13992980455935","1,2,3,1,3,2,3,3,2,3,3,3,3,1,2,3,4","0.00156998634338379","louvain","graph_2024M12.graphml"
"0.65","0.03","0.32","0.139413148788927","1,2,3,1,4,2,3,3,2,4,3,3,3,1,2,3,5","0.000721931457519531","louvain","graph_2024M12.graphml"
"0.64","0.04","0.32","0.138592873322401","1,2,3,1,3,2,3,3,2,3,3,4,3,1,2,4,5","0.000978946685791016","louvain","graph_2024M12.graphml"
"0.63","0.05","0.32","0.139747467027688","1,2,3,1,3,2,3,3,2,3,3,4,3,1,2,4,5","0.000721931457519531","louvain","graph_2024M12.graphml"
"0.62","0.06","0.32","0.139818565672154","1,2,3,1,3,2,3,3,2,3,3,4,3,1,2,4,5","0.000771045684814453","louvain","graph_2024M12.graphml"
"0.61","0.07","0.32","0.139818565672154","1,2,3,1,3,2,3,3,2,3,3,4,3,1,2,4,5","0.000787019729614258","louvain","graph_2024M12.graphml"
"0.6","0.08","0.32","0.141797978296417","1,2,3,1,3,2,3,3,2,3,3,4,3,1,2,4,1","0.000928163528442383","louvain","graph_2024M12.graphml"
"0.59","0.09","0.32","0.141615289117078","1,2,3,1,3,2,3,3,2,3,3,4,3,1,2,4,1","0.000738859176635742","louvain","graph_2024M12.graphml"
"0.58","0.1","0.32","0.140913971768729","1,2,3,1,3,2,3,3,2,3,3,4,3,1,2,2,1","0.000802040100097656","louvain","graph_2024M12.graphml"
"0.57","0.11","0.32","0.140091116173121","1,2,3,1,3,2,3,3,2,3,3,4,3,1,2,2,1","0.000754117965698242","louvain","graph_2024M12.graphml"
"0.56","0.12","0.32","0.141856921487603","1,2,3,1,3,2,3,3,2,3,3,4,3,1,2,2,1","0.000892877578735352","louvain","graph_2024M12.graphml"
"0.55","0.13","0.32","0.143826395855941","1,2,3,1,3,2,3,3,2,3,3,4,3,1,2,2,1","0.000741004943847656","louvain","graph_2024M12.graphml"
"0.54","0.14","0.32","0.140546763457942","1,2,3,2,3,1,3,3,2,3,3,4,3,1,2,4,1","0.000756025314331055","louvain","graph_2024M12.graphml"
"0.53","0.15","0.32","0.140524140843371","1,2,3,2,3,1,3,3,2,3,3,3,3,1,2,3,1","0.000701189041137695","louvain","graph_2024M12.graphml"
"0.52","0.16","0.32","0.141162310006056","1,2,3,2,3,1,3,3,2,3,3,3,3,1,2,3,1","0.00146102905273438","louvain","graph_2024M12.graphml"
"0.51","0.17","0.32","0.14239012345679","1,2,3,2,3,1,3,3,2,3,3,3,3,1,2,3,1","0.00067901611328125","louvain","graph_2024M12.graphml"
"0.5","0.18","0.32","0.141427524938422","1,2,3,2,3,1,3,3,2,3,3,3,3,1,2,3,1","0.00147104263305664","louvain","graph_2024M12.graphml"
"0.49","0.19","0.32","0.139197111237811","1,2,3,2,3,1,3,3,2,3,3,3,3,1,2,3,1","0.000822067260742188","louvain","graph_2024M12.graphml"
"0.48","0.2","0.32","0.139197111237811","1,2,3,2,3,1,3,3,2,3,3,3,3,1,2,3,1","0.000726938247680664","louvain","graph_2024M12.graphml"
"0.47","0.21","0.32","0.139215070643642","1,2,1,2,3,1,3,3,2,3,3,3,3,1,2,3,1","0.000754833221435547","louvain","graph_2024M12.graphml"
"0.46","0.22","0.32","0.141718996966978","1,2,1,2,3,1,3,3,2,3,3,3,3,1,2,3,1","0.000793933868408203","louvain","graph_2024M12.graphml"
"0.45","0.23","0.32","0.138286857442702","1,2,1,2,3,1,3,3,2,3,3,3,3,1,2,3,1","0.000795841217041016","louvain","graph_2024M12.graphml"
"0.44","0.24","0.32","0.137663960315101","1,2,3,4,3,1,3,3,4,3,3,2,3,1,4,2,1","0.000823020935058594","louvain","graph_2024M12.graphml"
"0.43","0.25","0.32","0.138023926011858","1,2,3,2,3,1,3,3,2,3,1,4,3,1,2,3,1","0.000735044479370117","louvain","graph_2024M12.graphml"
"0.42","0.26","0.32","0.138589859665007","1,2,3,1,3,1,3,3,2,3,3,3,3,1,2,3,1","0.000785112380981445","louvain","graph_2024M12.graphml"
"0.41","0.27","0.32","0.13924161899739","1,2,3,1,3,1,3,3,2,3,1,3,3,1,2,3,1","0.000796079635620117","louvain","graph_2024M12.graphml"
"0.4","0.28","0.32","0.138403116920425","1,2,3,1,3,1,3,3,2,3,1,3,3,1,2,3,1","0.000746965408325195","louvain","graph_2024M12.graphml"
"0.39","0.29","0.32","0.139613103352717","1,2,3,1,3,1,3,3,2,3,3,3,3,1,2,2,1","0.000756025314331055","louvain","graph_2024M12.graphml"
"0.38","0.3","0.32","0.139613103352717","1,2,3,1,3,1,3,3,2,3,3,3,3,1,2,2,1","0.00162982940673828","louvain","graph_2024M12.graphml"
"0.37","0.31","0.32","0.138158448753463","1,2,2,3,2,1,2,2,3,2,1,2,2,1,3,2,1","0.00133800506591797","louvain","graph_2024M12.graphml"
"0.36","0.32","0.32","0.140864100139034","1,2,3,1,3,1,3,3,2,3,1,3,3,1,2,3,1","0.00080108642578125","louvain","graph_2024M12.graphml"
"0.35","0.33","0.32","0.143732089678036","1,2,3,1,3,1,3,3,2,3,1,3,3,1,2,3,1","0.00148320198059082","louvain","graph_2024M12.graphml"
"0.34","0.34","0.32","0.140715761486223","1,2,3,1,3,1,3,3,2,3,3,3,3,1,2,3,1","0.000728845596313477","louvain","graph_2024M12.graphml"
"0.33","0.35","0.32","0.139688591776404","1,2,3,1,2,1,3,3,2,3,3,3,3,1,2,2,1","0.00175189971923828","louvain","graph_2024M12.graphml"
"0.32","0.36","0.32","0.138542829780739","1,2,3,1,2,1,3,3,2,3,3,3,3,1,2,2,1","0.000796079635620117","louvain","graph_2024M12.graphml"
"0.31","0.37","0.32","0.13865889212828","1,2,3,1,3,1,3,3,2,3,1,3,3,1,2,3,1","0.000767946243286133","louvain","graph_2024M12.graphml"
"0.3","0.38","0.32","0.140291022519402","1,2,3,1,3,1,3,3,2,4,4,3,3,1,2,3,1","0.000753164291381836","louvain","graph_2024M12.graphml"
"0.29","0.39","0.32","0.139493763215263","1,2,3,1,3,1,3,3,2,3,3,3,3,1,2,3,1","0.000957965850830078","louvain","graph_2024M12.graphml"
"0.28","0.4","0.32","0.140065299459239","1,2,3,1,3,1,3,3,2,3,3,3,3,1,2,3,1","0.00079798698425293","louvain","graph_2024M12.graphml"
"0.27","0.41","0.32","0.14173775044634","1,2,3,1,3,1,3,3,2,3,3,3,3,1,2,3,1","0.000779151916503906","louvain","graph_2024M12.graphml"
"0.26","0.42","0.32","0.141013489905663","1,2,2,1,3,1,3,3,2,3,3,3,3,1,2,3,1","0.00149798393249512","louvain","graph_2024M12.graphml"
"0.25","0.43","0.32","0.14271202044412","1,2,3,1,4,1,3,3,2,3,4,3,4,1,2,3,1","0.00074005126953125","louvain","graph_2024M12.graphml"
"0.24","0.44","0.32","0.14271202044412","1,2,3,1,4,1,3,3,2,3,4,3,4,1,2,3,1","0.000802993774414062","louvain","graph_2024M12.graphml"
"0.23","0.45","0.32","0.14368591314577","1,2,3,1,3,1,3,3,2,3,3,3,3,1,2,3,1","0.000885963439941406","louvain","graph_2024M12.graphml"
"0.22","0.46","0.32","0.142852958177756","1,2,3,1,3,1,3,3,2,3,3,3,3,1,2,3,1","0.000783920288085938","louvain","graph_2024M12.graphml"
"0.21","0.47","0.32","0.142021560091656","1,2,3,1,3,1,3,3,2,3,3,3,3,1,2,3,1","0.000806808471679688","louvain","graph_2024M12.graphml"
"0.2","0.48","0.32","0.140957847159769","1,2,3,1,3,1,3,3,2,3,3,3,3,1,1,3,1","0.000860929489135742","louvain","graph_2024M12.graphml"
"0.19","0.49","0.32","0.142818873043558","1,2,3,1,2,4,3,3,2,4,3,3,3,1,1,3,1","0.000788211822509766","louvain","graph_2024M12.graphml"
"0.18","0.5","0.32","0.143607397538191","1,2,3,1,2,4,3,3,2,4,3,3,3,1,1,3,1","0.000847101211547852","louvain","graph_2024M12.graphml"
"0.17","0.51","0.32","0.142766735773091","1,2,3,1,3,1,3,3,2,3,3,3,3,1,1,3,1","0.000784873962402344","louvain","graph_2024M12.graphml"
"0.16","0.52","0.32","0.141711140263264","1,2,3,1,2,4,3,3,2,4,3,3,3,1,1,3,1","0.000767946243286133","louvain","graph_2024M12.graphml"
"0.15","0.53","0.32","0.143562557801559","1,2,3,1,3,4,3,3,2,4,3,3,3,1,1,3,1","0.000763177871704102","louvain","graph_2024M12.graphml"
"0.14","0.54","0.32","0.142304862770235","1,2,3,1,3,4,3,3,2,4,3,3,3,1,1,3,1","0.000773906707763672","louvain","graph_2024M12.graphml"
"0.13","0.55","0.32","0.142304862770235","1,2,3,1,3,4,3,3,2,4,3,3,3,1,1,3,1","0.000849008560180664","louvain","graph_2024M12.graphml"
"0.12","0.56","0.32","0.1419295493646","1,2,3,1,3,4,3,3,2,4,3,3,3,1,1,3,1","0.00193595886230469","louvain","graph_2024M12.graphml"
"0.11","0.57","0.32","0.142906150278194","1,2,3,1,3,4,3,3,2,4,3,3,3,1,1,3,1","0.000806093215942383","louvain","graph_2024M12.graphml"
"0.1","0.58","0.32","0.142315770736917","1,2,3,1,3,4,3,3,2,4,3,3,3,1,1,3,1","0.00103878974914551","louvain","graph_2024M12.graphml"
"0.09","0.59","0.32","0.140806080049748","1,2,3,1,3,4,3,3,2,4,3,3,3,1,1,3,1","0.000880956649780273","louvain","graph_2024M12.graphml"
"0.08","0.6","0.32","0.13885261308956","1,2,3,1,4,4,2,4,5,2,4,3,4,1,1,4,1","0.00162196159362793","louvain","graph_2024M12.graphml"
"0.07","0.61","0.32","0.14135557690628","1,2,3,1,3,4,3,3,2,4,3,3,3,1,1,3,1","0.00121498107910156","louvain","graph_2024M12.graphml"
"0.06","0.62","0.32","0.140656825923661","1,2,3,1,4,4,2,4,5,2,4,3,4,1,1,4,1","0.00079798698425293","louvain","graph_2024M12.graphml"
"0.05","0.63","0.32","0.142614150619519","1,2,3,1,2,2,2,2,4,2,2,3,2,1,1,2,1","0.00155210494995117","louvain","graph_2024M12.graphml"
"0.04","0.64","0.32","0.141517875651249","1,2,3,1,2,2,2,2,4,2,2,3,2,1,1,2,1","0.000945091247558594","louvain","graph_2024M12.graphml"
"0.03","0.65","0.32","0.143151577503429","1,2,3,1,4,4,4,4,2,4,4,3,4,1,1,4,1","0.00103902816772461","louvain","graph_2024M12.graphml"
"0.02","0.66","0.32","0.141637504935935","1,2,3,1,3,4,3,3,2,4,3,3,3,1,1,3,1","0.000796079635620117","louvain","graph_2024M12.graphml"
"0.01","0.67","0.32","0.141417401059689","1,2,3,1,2,2,2,2,4,2,2,3,2,1,1,2,1","0.00105118751525879","louvain","graph_2024M12.graphml"
"0","0.68","0.32","0.140101504112493","1,2,3,1,4,5,4,4,2,5,4,3,4,1,1,4,1","0.00171589851379395","louvain","graph_2024M12.graphml"
"0.67","0","0.33","0.140965603315395","1,2,3,1,3,2,3,3,2,3,3,4,3,1,2,4,1","0.000743865966796875","louvain","graph_2024M12.graphml"
"0.66","0.01","0.33","0.138863786497556","1,2,3,1,3,2,3,3,2,3,3,4,3,1,2,4,1","0.000745058059692383","louvain","graph_2024M12.graphml"
"0.65","0.02","0.33","0.140831758034026","1,2,3,1,3,2,3,3,2,3,3,4,3,1,2,4,1","0.00074005126953125","louvain","graph_2024M12.graphml"
"0.64","0.03","0.33","0.140913971768729","1,2,3,1,3,2,3,3,2,3,3,4,3,1,2,2,1","0.000873804092407227","louvain","graph_2024M12.graphml"
"0.63","0.04","0.33","0.140091116173121","1,2,3,1,3,2,3,3,2,3,3,4,3,1,2,2,1","0.000734090805053711","louvain","graph_2024M12.graphml"
"0.62","0.05","0.33","0.138809400826446","1,2,3,1,3,2,3,3,2,3,3,4,3,1,2,2,1","0.000745058059692383","louvain","graph_2024M12.graphml"
"0.61","0.06","0.33","0.139878803181416","1,2,3,2,3,1,3,3,2,3,3,3,3,1,2,3,1","0.000741004943847656","louvain","graph_2024M12.graphml"
"0.6","0.07","0.33","0.140524140843371","1,2,3,2,3,1,3,3,2,3,3,3,3,1,2,3,1","0.0013730525970459","louvain","graph_2024M12.graphml"
"0.59","0.08","0.33","0.139863569709072","1,2,3,2,3,1,3,3,2,3,3,3,3,1,2,3,1","0.000922918319702148","louvain","graph_2024M12.graphml"
"0.58","0.09","0.33","0.139347027048477","1,2,3,4,3,1,3,3,4,3,3,3,3,1,4,2,1","0.000725030899047852","louvain","graph_2024M12.graphml"
"0.57","0.1","0.33","0.140792592592593","1,2,3,2,3,1,3,3,2,3,3,3,3,1,2,3,1","0.000782966613769531","louvain","graph_2024M12.graphml"
"0.56","0.11","0.33","0.139197111237811","1,2,3,2,3,1,3,3,2,3,3,3,3,1,2,3,1","0.000715017318725586","louvain","graph_2024M12.graphml"
"0.55","0.12","0.33","0.139197111237811","1,2,3,2,3,1,3,3,2,3,3,3,3,1,2,3,1","0.000612974166870117","louvain","graph_2024M12.graphml"
"0.54","0.13","0.33","0.137352976693636","1,2,1,2,3,1,3,3,2,3,3,3,3,1,2,3,1","0.000684976577758789","louvain","graph_2024M12.graphml"
"0.53","0.14","0.33","0.13728339613788","1,2,1,2,3,1,3,3,2,3,3,3,3,1,2,3,1","0.000805139541625977","louvain","graph_2024M12.graphml"
"0.52","0.15","0.33","0.135111851567061","1,2,1,2,3,1,3,3,2,3,3,3,3,1,2,3,1","0.000730991363525391","louvain","graph_2024M12.graphml"
"0.51","0.16","0.33","0.134801165645321","1,2,1,2,3,1,3,3,2,3,3,3,3,1,2,3,1","0.000776052474975586","louvain","graph_2024M12.graphml"
"0.5","0.17","0.33","0.133920949391003","1,2,3,2,3,1,3,3,2,3,1,3,3,1,2,3,1","0.000809907913208008","louvain","graph_2024M12.graphml"
"0.49","0.18","0.33","0.135412186379928","1,2,3,1,3,1,3,3,2,3,3,3,3,1,2,3,1","0.00117397308349609","louvain","graph_2024M12.graphml"
"0.48","0.19","0.33","0.137224687705457","1,2,3,1,4,1,3,3,2,4,1,4,3,1,2,3,1","0.000783920288085938","louvain","graph_2024M12.graphml"
"0.47","0.2","0.33","0.13796763971795","1,2,3,1,3,1,3,3,2,3,3,3,3,1,2,3,1","0.000712871551513672","louvain","graph_2024M12.graphml"
"0.46","0.21","0.33","0.138499622953174","1,2,3,1,3,1,3,3,2,3,3,3,3,1,2,2,1","0.000695943832397461","louvain","graph_2024M12.graphml"
"0.45","0.22","0.33","0.138403745838452","1,2,3,1,3,1,3,3,2,3,3,3,3,1,2,2,1","0.00093388557434082","louvain","graph_2024M12.graphml"
"0.44","0.23","0.33","0.138403745838452","1,2,3,1,3,1,3,3,2,3,3,3,3,1,2,2,1","0.00164389610290527","louvain","graph_2024M12.graphml"
"0.43","0.24","0.33","0.137012742382272","1,2,3,1,3,1,3,3,2,3,3,3,3,1,2,3,1","0.000777006149291992","louvain","graph_2024M12.graphml"
"0.42","0.25","0.33","0.136512693312619","1,2,3,1,3,1,3,3,2,3,3,3,3,1,2,2,1","0.000967979431152344","louvain","graph_2024M12.graphml"
"0.41","0.26","0.33","0.138403694839965","1,2,1,1,3,1,3,3,2,3,3,3,3,1,2,3,1","0.000780820846557617","louvain","graph_2024M12.graphml"
"0.4","0.27","0.33","0.137444185369926","1,2,2,1,3,1,3,3,2,3,3,3,3,1,2,3,1","0.000787973403930664","louvain","graph_2024M12.graphml"
"0.39","0.28","0.33","0.137801078339156","1,2,2,1,3,1,3,3,2,3,1,3,3,1,2,3,1","0.000868082046508789","louvain","graph_2024M12.graphml"
"0.38","0.29","0.33","0.137801078339156","1,2,2,1,3,1,3,3,2,3,1,3,3,1,2,3,1","0.000802040100097656","louvain","graph_2024M12.graphml"
"0.37","0.3","0.33","0.137847860262733","1,2,3,1,3,1,3,3,2,3,1,3,3,1,2,3,1","0.000760078430175781","louvain","graph_2024M12.graphml"
"0.36","0.31","0.33","0.138506758543195","1,2,3,1,3,1,3,3,2,3,1,3,3,1,2,3,1","0.000765085220336914","louvain","graph_2024M12.graphml"
"0.35","0.32","0.33","0.138916432488922","1,2,3,1,3,1,3,3,2,3,3,3,3,1,2,3,1","0.000735044479370117","louvain","graph_2024M12.graphml"
"0.34","0.33","0.33","0.139030716779492","1,2,3,1,2,1,3,3,2,3,3,3,3,1,2,2,1","0.000775814056396484","louvain","graph_2024M12.graphml"
"0.33","0.34","0.33","0.139992874753551","1,2,3,1,3,1,3,3,2,3,3,3,3,1,2,3,1","0.000732898712158203","louvain","graph_2024M12.graphml"
"0.32","0.35","0.33","0.139726346480536","1,2,3,1,3,1,3,3,2,3,3,3,3,1,2,3,1","0.000839948654174805","louvain","graph_2024M12.graphml"
"0.31","0.36","0.33","0.139726534954044","1,2,3,1,3,1,3,3,2,3,3,3,3,1,2,3,1","0.00148391723632812","louvain","graph_2024M12.graphml"
"0.3","0.37","0.33","0.142498883438929","1,2,3,1,3,1,3,3,2,3,1,3,3,1,2,3,1","0.00129914283752441","louvain","graph_2024M12.graphml"
"0.29","0.38","0.33","0.144121164591707","1,2,3,1,3,1,3,3,2,3,1,3,3,1,2,3,1","0.000899076461791992","louvain","graph_2024M12.graphml"
"0.28","0.39","0.33","0.143398729425129","1,2,3,1,3,1,3,3,2,3,3,3,3,1,2,3,1","0.000800848007202148","louvain","graph_2024M12.graphml"
"0.27","0.4","0.33","0.143481849463699","1,2,3,1,3,1,3,3,2,3,3,3,3,1,1,3,1","0.000773191452026367","louvain","graph_2024M12.graphml"
"0.26","0.41","0.33","0.143729334871203","1,2,3,1,3,1,3,3,2,3,3,3,3,1,1,3,1","0.000738859176635742","louvain","graph_2024M12.graphml"
"0.25","0.42","0.33","0.141731896016594","1,2,3,1,2,4,3,3,2,4,3,3,3,1,1,3,1","0.000908851623535156","louvain","graph_2024M12.graphml"
"0.24","0.43","0.33","0.141677012521007","1,2,3,1,3,1,3,3,2,3,3,3,3,1,1,3,1","0.00157904624938965","louvain","graph_2024M12.graphml"
"0.23","0.44","0.33","0.139061091178462","1,2,3,1,2,4,3,3,2,4,3,3,3,1,1,3,1","0.000829935073852539","louvain","graph_2024M12.graphml"
"0.22","0.45","0.33","0.139851448249132","1,2,3,1,2,4,3,3,2,4,3,3,3,1,1,3,1","0.00085902214050293","louvain","graph_2024M12.graphml"
"0.21","0.46","0.33","0.140772049405816","1,2,3,1,2,4,3,3,2,4,3,3,3,1,1,3,1","0.00145888328552246","louvain","graph_2024M12.graphml"
"0.2","0.47","0.33","0.140997269564452","1,2,3,1,3,1,3,3,2,3,3,3,3,1,1,3,1","0.000742197036743164","louvain","graph_2024M12.graphml"
"0.19","0.48","0.33","0.140210430839002","1,2,3,1,3,1,3,3,2,3,3,3,3,1,1,3,1","0.000817060470581055","louvain","graph_2024M12.graphml"
"0.18","0.49","0.33","0.140565137561624","1,2,3,1,3,4,3,3,2,4,3,3,3,1,1,3,1","0.000713109970092773","louvain","graph_2024M12.graphml"
"0.17","0.5","0.33","0.140730816689623","1,2,3,1,3,4,3,3,2,4,3,3,3,1,1,3,1","0.000779867172241211","louvain","graph_2024M12.graphml"
"0.16","0.51","0.33","0.141442819315254","1,2,3,1,3,4,3,3,2,4,3,3,3,1,1,3,1","0.000841140747070312","louvain","graph_2024M12.graphml"
"0.15","0.52","0.33","0.140368458526166","1,2,3,1,3,4,3,3,2,4,3,3,3,1,1,3,1","0.000880956649780273","louvain","graph_2024M12.graphml"
"0.14","0.53","0.33","0.140368458526166","1,2,3,1,3,4,3,3,2,4,3,3,3,1,1,3,1","0.000824928283691406","louvain","graph_2024M12.graphml"
"0.13","0.54","0.33","0.139805930788761","1,2,3,1,2,2,2,2,4,2,2,3,2,1,1,2,1","0.000939130783081055","louvain","graph_2024M12.graphml"
"0.12","0.55","0.33","0.140658095919427","1,2,3,1,3,4,3,3,2,4,3,3,3,1,1,3,1","0.000799894332885742","louvain","graph_2024M12.graphml"
"0.11","0.56","0.33","0.139805930788761","1,2,3,1,2,2,2,2,4,2,2,3,2,1,1,2,1","0.000844001770019531","louvain","graph_2024M12.graphml"
"0.1","0.57","0.33","0.141517875651249","1,2,3,1,2,2,2,2,4,2,2,3,2,1,1,2,1","0.000786066055297852","louvain","graph_2024M12.graphml"
"0.09","0.58","0.33","0.140338843425335","1,2,3,1,4,4,4,4,2,4,4,3,4,1,1,4,1","0.00168800354003906","louvain","graph_2024M12.graphml"
"0.08","0.59","0.33","0.139235676566649","1,2,3,1,2,2,2,2,4,2,2,3,2,1,1,2,1","0.000842094421386719","louvain","graph_2024M12.graphml"
"0.07","0.6","0.33","0.13824652148828","1,2,3,1,4,4,4,4,2,4,4,3,4,1,1,4,1","0.000777006149291992","louvain","graph_2024M12.graphml"
"0.06","0.61","0.33","0.137123214876558","1,2,3,1,2,2,2,2,4,2,2,3,2,1,1,2,1","0.00103402137756348","louvain","graph_2024M12.graphml"
"0.05","0.62","0.33","0.139347107438017","1,2,3,1,4,4,4,4,2,4,4,3,4,1,1,4,1","0.000845909118652344","louvain","graph_2024M12.graphml"
"0.04","0.63","0.33","0.138654022878713","1,2,3,1,3,4,3,3,2,4,3,3,3,1,1,3,1","0.000814914703369141","louvain","graph_2024M12.graphml"
"0.03","0.64","0.33","0.138298292825122","1,2,3,1,4,4,4,4,2,4,4,3,4,1,1,4,1","0.000820159912109375","louvain","graph_2024M12.graphml"
"0.02","0.65","0.33","0.13748072396721","1,2,3,4,3,4,3,3,2,4,3,3,3,1,1,3,1","0.000797033309936523","louvain","graph_2024M12.graphml"
"0.01","0.66","0.33","0.138406720666632","1,2,3,4,3,4,3,3,2,4,3,3,3,1,1,3,1","0.000833034515380859","louvain","graph_2024M12.graphml"
"0","0.67","0.33","0.140200892857143","1,2,3,1,3,4,3,3,2,4,3,3,3,1,1,3,1","0.000802040100097656","louvain","graph_2024M12.graphml"
"0.66","0","0.34","0.138659418845663","1,2,3,4,3,1,3,3,4,3,3,3,3,1,4,2,1","0.000741958618164062","louvain","graph_2024M12.graphml"
"0.65","0.01","0.34","0.138659418845663","1,2,3,4,3,1,3,3,4,3,3,3,3,1,4,2,1","0.000730037689208984","louvain","graph_2024M12.graphml"
"0.64","0.02","0.34","0.137935823731033","1,2,3,2,3,1,3,3,2,3,3,3,3,1,2,3,1","0.000972986221313477","louvain","graph_2024M12.graphml"
"0.63","0.03","0.34","0.137649274094031","1,2,3,4,3,1,3,3,4,3,3,3,3,1,4,2,1","0.000634193420410156","louvain","graph_2024M12.graphml"
"0.62","0.04","0.34","0.137263587594957","1,2,3,2,3,1,3,3,2,3,3,3,3,1,2,3,1","0.000716924667358398","louvain","graph_2024M12.graphml"
"0.61","0.05","0.34","0.135749305639416","1,2,1,2,3,1,3,3,2,3,3,3,3,1,2,3,1","0.000745058059692383","louvain","graph_2024M12.graphml"
"0.6","0.06","0.34","0.135169428630254","1,2,1,2,3,1,3,3,2,3,3,3,3,1,2,3,1","0.00136804580688477","louvain","graph_2024M12.graphml"
"0.59","0.07","0.34","0.133865784499055","1,2,1,2,3,1,3,3,2,3,3,3,3,1,2,3,1","0.00102710723876953","louvain","graph_2024M12.graphml"
"0.58","0.08","0.34","0.133865784499055","1,2,1,2,3,1,3,3,2,3,3,3,3,1,2,3,1","0.000844001770019531","louvain","graph_2024M12.graphml"
"0.57","0.09","0.34","0.132958625265268","1,2,1,2,3,1,3,3,2,3,3,3,3,1,2,3,1","0.0015418529510498","louvain","graph_2024M12.graphml"
"0.56","0.1","0.34","0.134259345273484","1,2,3,1,3,1,3,3,2,3,3,3,3,1,2,3,1","0.000753879547119141","louvain","graph_2024M12.graphml"
"0.55","0.11","0.34","0.135412186379928","1,2,3,1,3,1,3,3,2,3,3,3,3,1,2,3,1","0.000743865966796875","louvain","graph_2024M12.graphml"
"0.54","0.12","0.34","0.135412186379928","1,2,3,1,3,1,3,3,2,3,3,3,3,1,2,3,1","0.00101995468139648","louvain","graph_2024M12.graphml"
"0.53","0.13","0.34","0.135412186379928","1,2,3,1,3,1,3,3,2,3,3,3,3,1,2,3,1","0.000855922698974609","louvain","graph_2024M12.graphml"
"0.52","0.14","0.34","0.135873698506111","1,2,3,1,3,1,3,3,2,3,1,4,3,1,2,3,1","0.000742197036743164","louvain","graph_2024M12.graphml"
"0.51","0.15","0.34","0.135769167162058","1,2,3,1,3,1,3,3,2,3,3,3,3,1,2,3,1","0.000754117965698242","louvain","graph_2024M12.graphml"
"0.5","0.16","0.34","0.135727084951628","1,2,2,3,2,1,2,2,3,2,1,2,2,1,3,2,1","0.00097203254699707","louvain","graph_2024M12.graphml"
"0.49","0.17","0.34","0.136512693312619","1,2,3,1,3,1,3,3,2,3,3,3,3,1,2,2,1","0.000746965408325195","louvain","graph_2024M12.graphml"
"0.48","0.18","0.34","0.135540964008983","1,2,3,1,3,1,3,3,2,3,1,4,3,1,2,3,1","0.000778913497924805","louvain","graph_2024M12.graphml"
"0.47","0.19","0.34","0.133053971931311","1,2,3,1,3,1,3,3,2,3,3,3,3,1,2,3,1","0.00160503387451172","louvain","graph_2024M12.graphml"
"0.46","0.2","0.34","0.133966686018715","1,2,3,1,2,1,3,3,2,3,3,3,3,1,2,2,1","0.000789880752563477","louvain","graph_2024M12.graphml"
"0.45","0.21","0.34","0.137060492728814","1,2,3,1,2,1,3,3,2,3,3,3,3,1,2,2,1","0.000741004943847656","louvain","graph_2024M12.graphml"
"0.44","0.22","0.34","0.137212959129478","1,2,2,1,3,1,3,3,2,3,3,3,3,1,2,3,1","0.000787019729614258","louvain","graph_2024M12.graphml"
"0.43","0.23","0.34","0.139547805539031","1,2,2,1,3,1,3,3,2,3,3,3,3,1,2,3,1","0.000826120376586914","louvain","graph_2024M12.graphml"
"0.42","0.24","0.34","0.138979494828632","1,2,2,1,3,1,3,3,2,3,3,3,3,1,2,3,1","0.000719070434570312","louvain","graph_2024M12.graphml"
"0.41","0.25","0.34","0.139746964595449","1,2,3,1,2,1,3,3,2,3,3,3,3,1,2,2,1","0.000674962997436523","louvain","graph_2024M12.graphml"
"0.4","0.26","0.34","0.141511038059342","1,2,3,1,2,1,3,3,2,3,3,3,3,1,2,2,1","0.00138378143310547","louvain","graph_2024M12.graphml"
"0.39","0.27","0.34","0.138591812884286","1,2,3,1,3,1,3,3,2,3,3,3,3,1,2,3,1","0.000885963439941406","louvain","graph_2024M12.graphml"
"0.38","0.28","0.34","0.139726534954044","1,2,3,1,3,1,3,3,2,3,3,3,3,1,2,3,1","0.000840902328491211","louvain","graph_2024M12.graphml"
"0.37","0.29","0.34","0.139726534954044","1,2,3,1,3,1,3,3,2,3,3,3,3,1,2,3,1","0.000790119171142578","louvain","graph_2024M12.graphml"
"0.36","0.3","0.34","0.141134664529134","1,2,3,1,3,1,3,3,2,3,1,3,3,1,2,3,1","0.000720977783203125","louvain","graph_2024M12.graphml"
"0.35","0.31","0.34","0.14173512400745","1,2,3,1,2,1,3,3,2,3,3,3,3,1,1,2,1","0.000781059265136719","louvain","graph_2024M12.graphml"
"0.34","0.32","0.34","0.143481849463699","1,2,3,1,3,1,3,3,2,3,3,3,3,1,1,3,1","0.000771045684814453","louvain","graph_2024M12.graphml"
"0.33","0.33","0.34","0.144547458130855","1,2,3,1,3,1,3,3,2,3,3,3,3,1,1,3,1","0.00076603889465332","louvain","graph_2024M12.graphml"
"0.32","0.34","0.34","0.144990921020508","1,2,3,1,3,1,3,3,2,3,3,3,3,1,1,3,1","0.000821113586425781","louvain","graph_2024M12.graphml"
"0.31","0.35","0.34","0.140821239709152","1,2,3,1,2,1,3,3,2,4,3,3,3,1,1,3,1","0.000786066055297852","louvain","graph_2024M12.graphml"
"0.3","0.36","0.34","0.139851448249132","1,2,3,1,2,4,3,3,2,4,3,3,3,1,1,3,1","0.000817060470581055","louvain","graph_2024M12.graphml"
"0.29","0.37","0.34","0.139851448249132","1,2,3,1,2,4,3,3,2,4,3,3,3,1,1,3,1","0.000811100006103516","louvain","graph_2024M12.graphml"
"0.28","0.38","0.34","0.140772049405816","1,2,3,1,2,4,3,3,2,4,3,3,3,1,1,3,1","0.000808954238891602","louvain","graph_2024M12.graphml"
"0.27","0.39","0.34","0.138987846345983","1,2,3,1,2,4,3,3,2,4,3,3,3,1,1,3,1","0.00165510177612305","louvain","graph_2024M12.graphml"
"0.26","0.4","0.34","0.139773344489952","1,2,3,1,2,4,3,3,2,4,3,3,3,1,1,3,1","0.000723123550415039","louvain","graph_2024M12.graphml"
"0.25","0.41","0.34","0.140454942620344","1,2,3,1,3,1,3,3,2,3,3,3,3,1,1,3,1","0.000805854797363281","louvain","graph_2024M12.graphml"
"0.24","0.42","0.34","0.140730816689623","1,2,3,1,3,4,3,3,2,4,3,3,3,1,1,3,1","0.000886917114257812","louvain","graph_2024M12.graphml"
"0.23","0.43","0.34","0.139656090422776","1,2,3,1,3,4,3,3,2,4,3,3,3,1,1,3,1","0.000812053680419922","louvain","graph_2024M12.graphml"
"0.22","0.44","0.34","0.140368458526166","1,2,3,1,3,4,3,3,2,4,3,3,3,1,1,3,1","0.000805854797363281","louvain","graph_2024M12.graphml"
"0.21","0.45","0.34","0.140368458526166","1,2,3,1,3,4,3,3,2,4,3,3,3,1,1,3,1","0.000834941864013672","louvain","graph_2024M12.graphml"
"0.2","0.46","0.34","0.141989725252982","1,2,3,1,3,4,3,3,2,4,3,3,3,1,1,3,1","0.000802993774414062","louvain","graph_2024M12.graphml"
"0.19","0.47","0.34","0.141989725252982","1,2,3,1,3,4,3,3,2,4,3,3,3,1,1,3,1","0.000859975814819336","louvain","graph_2024M12.graphml"
"0.18","0.48","0.34","0.141239189127351","1,2,3,1,3,4,3,3,2,4,3,3,3,1,1,3,1","0.000799179077148438","louvain","graph_2024M12.graphml"
"0.17","0.49","0.34","0.139594724430081","1,2,3,1,3,4,3,3,2,4,3,3,3,1,1,3,1","0.000771999359130859","louvain","graph_2024M12.graphml"
"0.16","0.5","0.34","0.138973341993615","1,2,3,1,3,4,3,3,2,4,3,3,3,1,1,3,1","0.000823020935058594","louvain","graph_2024M12.graphml"
"0.15","0.51","0.34","0.138687080990484","1,2,3,1,4,4,4,4,2,4,4,3,4,1,1,4,1","0.00159907341003418","louvain","graph_2024M12.graphml"
"0.14","0.52","0.34","0.1365760308068","1,2,3,1,4,4,4,4,2,4,4,3,4,1,1,4,1","0.000866889953613281","louvain","graph_2024M12.graphml"
"0.13","0.53","0.34","0.137422336894946","1,2,3,1,3,4,3,3,2,4,3,3,3,1,1,3,1","0.00165891647338867","louvain","graph_2024M12.graphml"
"0.12","0.54","0.34","0.138128363258565","1,2,3,1,4,4,4,4,2,4,4,3,4,1,1,4,1","0.000901937484741211","louvain","graph_2024M12.graphml"
"0.11","0.55","0.34","0.137690909090909","1,2,3,1,4,4,4,4,2,4,4,3,4,1,1,4,1","0.000875949859619141","louvain","graph_2024M12.graphml"
"0.1","0.56","0.34","0.137777974690191","1,2,3,1,4,4,4,4,2,4,4,3,4,1,1,4,1","0.000868082046508789","louvain","graph_2024M12.graphml"
"0.09","0.57","0.34","0.136735674882034","1,2,3,1,4,4,4,4,2,4,4,3,4,1,1,4,1","0.000828981399536133","louvain","graph_2024M12.graphml"
"0.08","0.58","0.34","0.138406720666632","1,2,3,4,3,4,3,3,2,4,3,3,3,1,1,3,1","0.000890016555786133","louvain","graph_2024M12.graphml"
"0.07","0.59","0.34","0.139054436920022","1,2,3,1,3,4,3,3,2,4,3,3,3,1,1,3,1","0.000817060470581055","louvain","graph_2024M12.graphml"
"0.06","0.6","0.34","0.138034583317275","1,2,3,1,3,4,3,3,2,4,3,3,3,1,1,3,1","0.000862836837768555","louvain","graph_2024M12.graphml"
"0.05","0.61","0.34","0.138778473632201","1,2,3,1,3,4,3,3,2,4,3,3,3,1,1,3,1","0.000874996185302734","louvain","graph_2024M12.graphml"
"0.04","0.62","0.34","0.136931631294541","1,2,3,1,3,4,3,3,2,4,3,3,3,1,1,3,1","0.00131583213806152","louvain","graph_2024M12.graphml"
"0.03","0.63","0.34","0.137004687563183","1,2,3,1,3,4,3,3,2,4,3,3,3,1,1,3,1","0.00077509880065918","louvain","graph_2024M12.graphml"
"0.02","0.64","0.34","0.135318954413904","1,2,3,1,3,4,3,3,2,4,3,3,3,1,1,3,1","0.000885009765625","louvain","graph_2024M12.graphml"
"0.01","0.65","0.34","0.135318954413904","1,2,3,1,3,4,3,3,2,4,3,3,3,1,1,3,1","0.000859975814819336","louvain","graph_2024M12.graphml"
"0","0.66","0.34","0.13588656500035","1,2,3,1,4,4,4,4,2,4,4,3,4,1,1,4,1","0.000885009765625","louvain","graph_2024M12.graphml"
"0.65","0","0.35","0.133865784499055","1,2,1,2,3,1,3,3,2,3,3,3,3,1,2,3,1","0.000765085220336914","louvain","graph_2024M12.graphml"
"0.64","0.01","0.35","0.133629898240288","1,2,1,2,3,1,3,3,2,3,3,3,3,1,2,3,1","0.000813007354736328","louvain","graph_2024M12.graphml"
"0.63","0.02","0.35","0.132991323573127","1,2,3,1,3,1,3,3,2,3,3,3,3,1,2,3,1","0.000741958618164062","louvain","graph_2024M12.graphml"
"0.62","0.03","0.35","0.134149612671985","1,2,3,1,3,1,3,3,2,3,3,3,3,1,2,3,1","0.000773191452026367","louvain","graph_2024M12.graphml"
"0.61","0.04","0.35","0.134149612671985","1,2,3,1,3,1,3,3,2,3,3,3,3,1,2,3,1","0.000741958618164062","louvain","graph_2024M12.graphml"
"0.6","0.05","0.35","0.136061172613237","1,2,3,1,3,1,3,3,2,3,3,3,3,1,2,3,1","0.00150012969970703","louvain","graph_2024M12.graphml"
"0.59","0.06","0.35","0.133572119950325","1,2,3,1,3,1,3,3,2,3,3,3,3,1,2,3,1","0.00166988372802734","louvain","graph_2024M12.graphml"
"0.58","0.07","0.35","0.133889776644642","1,2,3,1,3,1,3,3,2,3,3,3,3,1,2,3,1","0.00073695182800293","louvain","graph_2024M12.graphml"
"0.57","0.08","0.35","0.13516574979081","1,2,3,1,3,1,3,3,2,3,3,3,3,1,2,3,1","0.00078892707824707","louvain","graph_2024M12.graphml"
"0.56","0.09","0.35","0.13516574979081","1,2,3,1,3,1,3,3,2,3,3,3,3,1,2,3,1","0.00074005126953125","louvain","graph_2024M12.graphml"
"0.55","0.1","0.35","0.135316816757424","1,2,3,1,3,1,3,3,2,3,3,3,3,1,2,2,1","0.00074005126953125","louvain","graph_2024M12.graphml"
"0.54","0.11","0.35","0.133866927222327","1,2,3,1,3,1,3,3,2,3,3,3,3,1,2,2,1","0.000771999359130859","louvain","graph_2024M12.graphml"
"0.53","0.12","0.35","0.13409762140521","1,2,2,1,3,1,3,3,2,3,3,3,3,1,2,3,1","0.00140500068664551","louvain","graph_2024M12.graphml"
"0.52","0.13","0.35","0.133890955468169","1,2,3,1,2,1,3,3,2,3,3,3,3,1,2,2,1","0.000822067260742188","louvain","graph_2024M12.graphml"
"0.51","0.14","0.35","0.135449559930126","1,2,2,1,3,1,3,3,2,3,3,3,3,1,2,3,1","0.000760078430175781","louvain","graph_2024M12.graphml"
"0.5","0.15","0.35","0.138934631928688","1,2,2,1,3,1,3,3,2,3,3,3,3,1,2,3,1","0.00106215476989746","louvain","graph_2024M12.graphml"
"0.49","0.16","0.35","0.137756956837861","1,2,2,1,3,1,3,3,2,3,3,3,3,1,2,3,1","0.00072789192199707","louvain","graph_2024M12.graphml"
"0.48","0.17","0.35","0.138307501779477","1,2,3,1,2,1,3,3,2,3,3,3,3,1,2,2,1","0.000761032104492188","louvain","graph_2024M12.graphml"
"0.47","0.18","0.35","0.139192578144208","1,2,2,1,3,1,3,3,2,4,4,3,3,1,2,3,1","0.000746011734008789","louvain","graph_2024M12.graphml"
"0.46","0.19","0.35","0.139366951742976","1,2,3,1,2,1,3,3,2,3,3,3,3,1,2,2,1","0.000796079635620117","louvain","graph_2024M12.graphml"
"0.45","0.2","0.35","0.138486856754207","1,2,3,1,2,1,3,3,2,3,3,3,3,1,2,2,1","0.00074005126953125","louvain","graph_2024M12.graphml"
"0.44","0.21","0.35","0.139078401961259","1,2,2,1,3,1,3,3,2,3,1,3,3,1,2,3,1","0.000757217407226562","louvain","graph_2024M12.graphml"
"0.43","0.22","0.35","0.139917108766631","1,2,3,1,2,1,3,3,2,3,3,3,3,1,2,2,1","0.000776052474975586","louvain","graph_2024M12.graphml"
"0.42","0.23","0.35","0.141068104296685","1,2,3,1,2,1,3,3,2,3,3,3,3,1,1,2,1","0.000761985778808594","louvain","graph_2024M12.graphml"
"0.41","0.24","0.35","0.14005220143613","1,2,3,1,3,1,3,3,2,3,3,3,3,1,1,3,1","0.000735044479370117","louvain","graph_2024M12.graphml"
"0.4","0.25","0.35","0.142280597061194","1,2,3,1,3,1,3,3,2,3,3,3,3,1,1,3,1","0.000758886337280273","louvain","graph_2024M12.graphml"
"0.39","0.26","0.35","0.141243472118758","1,2,3,1,3,1,3,3,2,3,3,4,3,1,1,3,1","0.000956058502197266","louvain","graph_2024M12.graphml"
"0.38","0.27","0.35","0.140436373585035","1,2,3,1,3,1,3,3,2,3,3,3,3,1,1,3,1","0.000880956649780273","louvain","graph_2024M12.graphml"
"0.37","0.28","0.35","0.140194174757282","1,2,3,1,3,1,3,3,2,3,3,3,3,1,1,3,1","0.000787973403930664","louvain","graph_2024M12.graphml"
"0.36","0.29","0.35","0.138943347755543","1,2,3,1,2,1,3,3,2,4,3,3,3,1,1,3,1","0.000774145126342773","louvain","graph_2024M12.graphml"
"0.35","0.3","0.35","0.139404227724691","1,2,3,1,3,1,3,3,2,3,3,3,3,1,1,3,1","0.000792026519775391","louvain","graph_2024M12.graphml"
"0.34","0.31","0.35","0.140057322485207","1,2,3,1,2,4,3,3,2,4,3,3,3,1,1,3,1","0.000796079635620117","louvain","graph_2024M12.graphml"
"0.33","0.32","0.35","0.138987846345983","1,2,3,1,2,4,3,3,2,4,3,3,3,1,1,3,1","0.000789880752563477","louvain","graph_2024M12.graphml"
"0.32","0.33","0.35","0.138987846345983","1,2,3,1,2,4,3,3,2,4,3,3,3,1,1,3,1","0.00148606300354004","louvain","graph_2024M12.graphml"
"0.31","0.34","0.35","0.137668623623332","1,2,3,1,3,4,3,3,2,4,3,3,3,1,1,3,1","0.000746965408325195","louvain","graph_2024M12.graphml"
"0.3","0.35","0.35","0.138937313475666","1,2,3,1,3,4,3,3,2,4,3,3,3,1,1,3,1","0.000799894332885742","louvain","graph_2024M12.graphml"
"0.29","0.36","0.35","0.139202751951331","1,2,3,1,4,2,3,3,4,2,3,3,3,1,1,3,1","0.00160813331604004","louvain","graph_2024M12.graphml"
"0.28","0.37","0.35","0.139656090422776","1,2,3,1,3,4,3,3,2,4,3,3,3,1,1,3,1","0.00127601623535156","louvain","graph_2024M12.graphml"
"0.27","0.38","0.35","0.139656090422776","1,2,3,1,3,4,3,3,2,4,3,3,3,1,1,3,1","0.000760793685913086","louvain","graph_2024M12.graphml"
"0.26","0.39","0.35","0.140571377714489","1,2,3,1,3,4,3,3,2,4,3,3,3,1,1,3,1","0.000851869583129883","louvain","graph_2024M12.graphml"
"0.25","0.4","0.35","0.141283723635538","1,2,3,1,3,4,3,3,2,4,3,3,3,1,1,3,1","0.00151610374450684","louvain","graph_2024M12.graphml"
"0.24","0.41","0.35","0.1402124908135","1,2,3,1,3,4,3,3,2,4,3,3,3,1,1,3,1","0.000828981399536133","louvain","graph_2024M12.graphml"
"0.23","0.42","0.35","0.138151940855424","1,2,3,1,3,4,3,3,2,4,3,3,3,1,1,3,1","0.000835180282592773","louvain","graph_2024M12.graphml"
"0.22","0.43","0.35","0.136659024671912","1,2,3,1,3,4,3,3,2,4,3,3,3,1,1,3,1","0.000741004943847656","louvain","graph_2024M12.graphml"
"0.21","0.44","0.35","0.135615664274724","1,2,3,1,3,4,3,3,2,4,3,3,3,1,1,3,1","0.00079798698425293","louvain","graph_2024M12.graphml"
"0.2","0.45","0.35","0.136028953791768","1,2,3,1,3,4,3,3,2,4,3,3,3,1,1,3,1","0.000925064086914062","louvain","graph_2024M12.graphml"
"0.19","0.46","0.35","0.13543385796133","1,2,3,1,4,4,4,4,2,4,4,3,4,1,1,4,1","0.000822067260742188","louvain","graph_2024M12.graphml"
"0.18","0.47","0.35","0.136033058948046","1,2,3,1,3,4,3,3,2,4,3,3,3,1,1,3,1","0.000808954238891602","louvain","graph_2024M12.graphml"
"0.17","0.48","0.35","0.136950413223141","1,2,3,1,4,2,2,2,4,2,2,3,2,1,1,2,1","0.000936985015869141","louvain","graph_2024M12.graphml"
"0.16","0.49","0.35","0.135516681433856","1,2,3,1,4,4,4,4,2,4,4,3,4,1,1,4,1","0.00109481811523438","louvain","graph_2024M12.graphml"
"0.15","0.5","0.35","0.136128833228313","1,2,3,1,4,4,4,4,2,4,4,3,4,1,1,4,1","0.000832080841064453","louvain","graph_2024M12.graphml"
"0.14","0.51","0.35","0.138377607266705","1,2,3,1,3,4,3,3,2,4,3,3,3,1,1,3,1","0.000821828842163086","louvain","graph_2024M12.graphml"
"0.13","0.52","0.35","0.136751519122313","1,2,3,1,3,4,3,3,2,4,3,3,3,1,1,3,1","0.000732898712158203","louvain","graph_2024M12.graphml"
"0.12","0.53","0.35","0.136417410714286","1,2,3,1,3,4,3,3,2,4,3,3,3,1,1,3,1","0.000818967819213867","louvain","graph_2024M12.graphml"
"0.11","0.54","0.35","0.134986386681347","1,2,3,1,3,4,3,3,2,4,3,3,3,1,1,3,1","0.00084996223449707","louvain","graph_2024M12.graphml"
"0.1","0.55","0.35","0.137672646796271","1,2,3,1,3,4,3,3,2,4,3,3,3,1,1,3,1","0.00160598754882812","louvain","graph_2024M12.graphml"
"0.09","0.56","0.35","0.136979129666637","1,2,3,1,3,4,3,3,2,4,3,3,3,1,1,3,1","0.000869989395141602","louvain","graph_2024M12.graphml"
"0.08","0.57","0.35","0.136979129666637","1,2,3,1,3,4,3,3,2,4,3,3,3,1,1,3,1","0.000749111175537109","louvain","graph_2024M12.graphml"
"0.07","0.58","0.35","0.135297401247082","1,2,3,1,3,4,3,3,2,4,3,3,3,1,1,3,1","0.000720024108886719","louvain","graph_2024M12.graphml"
"0.06","0.59","0.35","0.136818556996184","1,2,3,1,3,4,3,3,2,4,3,3,3,1,1,3,1","0.000786066055297852","louvain","graph_2024M12.graphml"
"0.05","0.6","0.35","0.136383226699365","1,2,3,1,3,4,3,3,2,4,3,3,3,1,1,3,1","0.00173497200012207","louvain","graph_2024M12.graphml"
"0.04","0.61","0.35","0.136473102334105","1,2,3,1,4,4,2,4,5,2,4,3,4,1,1,4,1","0.000799894332885742","louvain","graph_2024M12.graphml"
"0.03","0.62","0.35","0.135207013804911","1,2,3,1,2,2,2,2,4,2,5,3,5,1,1,2,1","0.000787973403930664","louvain","graph_2024M12.graphml"
"0.02","0.63","0.35","0.135954432781193","1,2,3,1,2,2,2,2,4,2,5,3,5,1,1,2,1","0.000828027725219727","louvain","graph_2024M12.graphml"
"0.01","0.64","0.35","0.136035969084423","1,2,3,1,4,4,4,4,2,4,4,3,4,1,1,4,1","0.00106191635131836","louvain","graph_2024M12.graphml"
"0","0.65","0.35","0.13631950430876","1,2,3,1,4,4,4,4,2,4,5,3,5,1,1,4,5","0.0016028881072998","louvain","graph_2024M12.graphml"
"0.64","0","0.36","0.135261060040218","1,2,3,1,3,1,3,3,2,3,3,3,3,1,2,2,1","0.000828027725219727","louvain","graph_2024M12.graphml"
"0.63","0.01","0.36","0.133305292955189","1,2,3,1,3,1,3,3,2,3,3,3,3,1,2,3,1","0.00078892707824707","louvain","graph_2024M12.graphml"
"0.62","0.02","0.36","0.133941274238227","1,2,3,1,3,1,3,3,2,3,3,3,3,1,2,3,1","0.00091099739074707","louvain","graph_2024M12.graphml"
"0.61","0.03","0.36","0.132721470941318","1,2,3,1,3,1,3,3,2,3,3,3,3,1,2,3,1","0.000738143920898438","louvain","graph_2024M12.graphml"
"0.6","0.04","0.36","0.131796409534477","1,2,3,1,3,1,3,3,2,3,3,3,3,1,2,3,1","0.000878810882568359","louvain","graph_2024M12.graphml"
"0.59","0.05","0.36","0.13409762140521","1,2,2,1,3,1,3,3,2,3,3,3,3,1,2,3,1","0.000735998153686523","louvain","graph_2024M12.graphml"
"0.58","0.06","0.36","0.132403018386651","1,2,2,1,3,1,3,3,2,3,3,3,3,1,2,3,1","0.000787973403930664","louvain","graph_2024M12.graphml"
"0.57","0.07","0.36","0.133454968422467","1,2,3,1,2,1,3,3,2,3,3,3,3,1,2,2,1","0.000763893127441406","louvain","graph_2024M12.graphml"
"0.56","0.08","0.36","0.134523943944697","1,2,3,1,2,1,3,3,2,3,3,3,3,1,2,2,1","0.000742197036743164","louvain","graph_2024M12.graphml"
"0.55","0.09","0.36","0.137136481099713","1,2,2,1,3,1,3,3,2,3,3,3,3,1,2,3,1","0.000772953033447266","louvain","graph_2024M12.graphml"
"0.54","0.1","0.36","0.137147241914182","1,2,2,1,3,1,3,3,2,3,3,3,3,1,2,3,1","0.00116682052612305","louvain","graph_2024M12.graphml"
"0.53","0.11","0.36","0.137588306643282","1,2,3,1,2,1,3,3,2,3,3,3,3,1,2,2,1","0.000725984573364258","louvain","graph_2024M12.graphml"
"0.52","0.12","0.36","0.138620455125117","1,2,2,1,3,1,3,3,2,3,3,3,3,1,2,3,1","0.000758886337280273","louvain","graph_2024M12.graphml"
"0.51","0.13","0.36","0.138620455125117","1,2,2,1,3,1,3,3,2,3,3,3,3,1,2,3,1","0.000771045684814453","louvain","graph_2024M12.graphml"
"0.5","0.14","0.36","0.138620455125117","1,2,2,1,3,1,3,3,2,3,3,3,3,1,2,3,1","0.000783920288085938","louvain","graph_2024M12.graphml"
"0.49","0.15","0.36","0.138763890904985","1,2,3,1,2,1,3,3,2,3,3,3,3,1,1,2,1","0.000745058059692383","louvain","graph_2024M12.graphml"
"0.48","0.16","0.36","0.138606","1,2,2,1,3,1,3,3,2,3,3,3,3,1,1,3,1","0.000772953033447266","louvain","graph_2024M12.graphml"
"0.47","0.17","0.36","0.138896186648368","1,2,2,1,3,1,3,3,2,3,3,3,3,1,1,3,1","0.000735044479370117","louvain","graph_2024M12.graphml"
"0.46","0.18","0.36","0.139290563277819","1,2,3,1,3,1,3,3,2,3,1,4,3,1,1,3,1","0.000741004943847656","louvain","graph_2024M12.graphml"
"0.45","0.19","0.36","0.138822614803099","1,2,3,1,3,1,3,3,2,3,3,3,3,1,1,3,1","0.000808000564575195","louvain","graph_2024M12.graphml"
"0.44","0.2","0.36","0.139875411987305","1,2,3,1,3,1,3,3,2,3,3,3,3,1,1,3,1","0.000802040100097656","louvain","graph_2024M12.graphml"
"0.43","0.21","0.36","0.138524050326273","1,2,3,1,3,1,3,3,2,3,3,3,3,1,1,3,1","0.000837087631225586","louvain","graph_2024M12.graphml"
"0.42","0.22","0.36","0.139087567159959","1,2,3,1,3,1,3,3,2,3,3,3,3,1,1,3,1","0.000832080841064453","louvain","graph_2024M12.graphml"
"0.41","0.23","0.36","0.139087567159959","1,2,3,1,3,1,3,3,2,3,3,3,3,1,1,3,1","0.000815153121948242","louvain","graph_2024M12.graphml"
"0.4","0.24","0.36","0.138765448598721","1,2,3,1,3,1,3,3,2,3,3,3,3,1,1,3,1","0.000774145126342773","louvain","graph_2024M12.graphml"
"0.39","0.25","0.36","0.138195266272189","1,2,3,1,2,4,3,3,2,4,3,3,3,1,1,3,1","0.00189304351806641","louvain","graph_2024M12.graphml"
"0.38","0.26","0.36","0.137153647328071","1,2,3,1,2,4,3,3,2,4,3,3,3,1,1,3,1","0.000755071640014648","louvain","graph_2024M12.graphml"
"0.37","0.27","0.36","0.137153647328071","1,2,3,1,2,4,3,3,2,4,3,3,3,1,1,3,1","0.000777006149291992","louvain","graph_2024M12.graphml"
"0.36","0.28","0.36","0.137006802721088","1,2,3,1,2,4,3,3,2,4,3,3,3,1,1,3,1","0.000859975814819336","louvain","graph_2024M12.graphml"
"0.35","0.29","0.36","0.139202751951331","1,2,3,1,4,2,3,3,4,2,3,3,3,1,1,3,1","0.000777959823608398","louvain","graph_2024M12.graphml"
"0.34","0.3","0.36","0.138937313475666","1,2,3,1,3,4,3,3,2,4,3,3,3,1,1,3,1","0.000808954238891602","louvain","graph_2024M12.graphml"
"0.33","0.31","0.36","0.138937313475666","1,2,3,1,3,4,3,3,2,4,3,3,3,1,1,3,1","0.00151896476745605","louvain","graph_2024M12.graphml"
"0.32","0.32","0.36","0.140571377714489","1,2,3,1,3,4,3,3,2,4,3,3,3,1,1,3,1","0.000755071640014648","louvain","graph_2024M12.graphml"
"0.31","0.33","0.36","0.138852182147097","1,2,3,1,3,4,3,3,2,4,3,3,3,1,1,3,1","0.00076603889465332","louvain","graph_2024M12.graphml"
"0.3","0.34","0.36","0.136726914390719","1,2,3,1,3,4,3,3,2,4,3,3,3,1,1,3,1","0.000823974609375","louvain","graph_2024M12.graphml"
"0.29","0.35","0.36","0.134730154766983","1,2,3,1,3,4,3,3,2,4,3,3,3,1,1,3,1","0.000763177871704102","louvain","graph_2024M12.graphml"
"0.28","0.36","0.36","0.13562585733882","1,2,3,1,3,4,3,3,2,4,3,3,3,1,1,3,1","0.00095820426940918","louvain","graph_2024M12.graphml"
"0.27","0.37","0.36","0.137043681322422","1,2,3,1,3,4,3,3,2,4,3,3,3,1,1,3,1","0.000824928283691406","louvain","graph_2024M12.graphml"
"0.26","0.38","0.36","0.135760772599481","1,2,3,1,3,4,3,3,2,4,3,3,3,1,1,3,1","0.000840902328491211","louvain","graph_2024M12.graphml"
"0.25","0.39","0.36","0.13555909080275","1,2,3,1,4,1,2,2,4,2,2,3,2,1,1,2,1","0.000831842422485352","louvain","graph_2024M12.graphml"
"0.24","0.4","0.36","0.135283227328377","1,2,3,1,3,3,3,3,2,3,3,3,3,1,1,3,1","0.000776767730712891","louvain","graph_2024M12.graphml"
"0.23","0.41","0.36","0.135516681433856","1,2,3,1,4,4,4,4,2,4,4,3,4,1,1,4,1","0.000735998153686523","louvain","graph_2024M12.graphml"
"0.22","0.42","0.36","0.136386460302457","1,2,3,1,3,4,3,3,2,4,3,3,3,1,1,3,1","0.000940084457397461","louvain","graph_2024M12.graphml"
"0.21","0.43","0.36","0.136208099991884","1,2,3,1,3,4,3,3,2,4,3,3,3,1,1,3,1","0.000900030136108398","louvain","graph_2024M12.graphml"
"0.2","0.44","0.36","0.135737852861454","1,2,3,1,3,4,3,3,2,4,3,3,3,1,1,3,1","0.000828981399536133","louvain","graph_2024M12.graphml"
"0.19","0.45","0.36","0.135135522959184","1,2,3,1,3,4,3,3,2,4,3,3,3,1,1,3,1","0.000851869583129883","louvain","graph_2024M12.graphml"
"0.18","0.46","0.36","0.135797191523461","1,2,3,1,3,4,3,3,2,4,3,3,3,1,1,3,1","0.000824928283691406","louvain","graph_2024M12.graphml"
"0.17","0.47","0.36","0.134662072206124","1,2,3,1,3,4,3,3,2,4,3,3,3,1,1,3,1","0.00090479850769043","louvain","graph_2024M12.graphml"
"0.16","0.48","0.36","0.135528911585861","1,2,3,1,3,4,3,3,2,4,3,3,3,1,1,3,1","0.000777006149291992","louvain","graph_2024M12.graphml"
"0.15","0.49","0.36","0.13550913757191","1,2,3,1,3,4,3,3,2,4,3,3,3,1,1,3,1","0.000843048095703125","louvain","graph_2024M12.graphml"
"0.14","0.5","0.36","0.136286549707602","1,2,3,1,3,4,3,3,2,4,3,3,3,1,1,3,1","0.000833034515380859","louvain","graph_2024M12.graphml"
"0.13","0.51","0.36","0.134862951733581","1,2,3,1,3,4,3,3,2,4,3,3,3,1,1,3,1","0.000808954238891602","louvain","graph_2024M12.graphml"
"0.12","0.52","0.36","0.135720572961877","1,2,3,1,3,4,3,3,2,4,3,3,3,1,1,3,1","0.00149202346801758","louvain","graph_2024M12.graphml"
"0.11","0.53","0.36","0.135720572961877","1,2,3,1,3,4,3,3,2,4,3,3,3,1,1,3,1","0.000874996185302734","louvain","graph_2024M12.graphml"
"0.1","0.54","0.36","0.135822060667438","1,2,3,1,4,4,4,4,2,5,4,3,4,1,1,4,1","0.000812768936157227","louvain","graph_2024M12.graphml"
"0.09","0.55","0.36","0.135787388774046","1,2,3,1,4,4,2,4,5,2,4,3,4,1,1,4,4","0.000914096832275391","louvain","graph_2024M12.graphml"
"0.08","0.56","0.36","0.135898400585376","1,2,3,1,4,4,2,4,5,2,4,3,4,1,1,4,4","0.000732898712158203","louvain","graph_2024M12.graphml"
"0.07","0.57","0.36","0.135728498718721","1,2,3,1,4,4,2,4,5,2,4,3,4,1,1,4,4","0.000883102416992188","louvain","graph_2024M12.graphml"
"0.06","0.58","0.36","0.138464460515743","1,2,3,1,4,4,4,4,2,3,4,3,4,3,1,4,1","0.000850200653076172","louvain","graph_2024M12.graphml"
"0.05","0.59","0.36","0.138464460515743","1,2,3,1,4,4,4,4,2,3,4,3,4,3,1,4,1","0.00194287300109863","louvain","graph_2024M12.graphml"
"0.04","0.6","0.36","0.139155002336252","1,2,3,1,4,4,4,4,2,4,4,3,4,1,1,4,4","0.000843048095703125","louvain","graph_2024M12.graphml"
"0.03","0.61","0.36","0.139155002336252","1,2,3,1,4,4,4,4,2,4,4,3,4,1,1,4,4","0.000833034515380859","louvain","graph_2024M12.graphml"
"0.02","0.62","0.36","0.139746459808413","1,2,3,1,4,4,4,4,2,3,4,3,4,3,1,4,1","0.00170588493347168","louvain","graph_2024M12.graphml"
"0.01","0.63","0.36","0.137082734846309","1,2,3,1,3,4,3,4,2,3,4,3,4,1,1,4,4","0.00102686882019043","louvain","graph_2024M12.graphml"
"0","0.64","0.36","0.137837730236685","1,2,3,1,4,4,4,4,2,4,4,3,4,1,1,4,2","0.000835180282592773","louvain","graph_2024M12.graphml"
"0.63","0","0.37","0.130358167711765","1,2,3,1,2,1,2,2,3,2,1,2,2,1,3,2,1","0.00153493881225586","louvain","graph_2024M12.graphml"
"0.62","0.01","0.37","0.133499358065582","1,2,2,1,3,1,3,3,2,3,3,3,3,1,2,3,1","0.000764131546020508","louvain","graph_2024M12.graphml"
"0.61","0.02","0.37","0.132564684824838","1,2,3,1,3,1,3,3,2,3,1,4,3,1,2,3,1","0.000879049301147461","louvain","graph_2024M12.graphml"
"0.6","0.03","0.37","0.13589416005409","1,2,2,1,3,1,3,3,2,3,3,3,3,1,2,3,1","0.000761985778808594","louvain","graph_2024M12.graphml"
"0.59","0.04","0.37","0.13652381188446","1,2,2,1,3,1,3,3,2,3,3,3,3,1,2,3,1","0.000898838043212891","louvain","graph_2024M12.graphml"
"0.58","0.05","0.37","0.137392102846648","1,2,2,1,3,1,3,3,2,3,3,3,3,1,2,3,1","0.00114703178405762","louvain","graph_2024M12.graphml"
"0.57","0.06","0.37","0.138009316467222","1,2,2,1,3,1,3,3,2,3,3,3,3,1,2,3,1","0.0010528564453125","louvain","graph_2024M12.graphml"
"0.56","0.07","0.37","0.136741746100869","1,2,3,1,2,1,3,3,2,3,3,4,3,3,1,2,1","0.0012969970703125","louvain","graph_2024M12.graphml"
"0.55","0.08","0.37","0.136382","1,2,2,1,3,1,3,3,2,3,3,3,3,1,1,3,1","0.000852108001708984","louvain","graph_2024M12.graphml"
"0.54","0.09","0.37","0.13728032956044","1,2,3,1,2,1,3,3,2,3,3,3,3,3,1,2,1","0.000768899917602539","louvain","graph_2024M12.graphml"
"0.53","0.1","0.37","0.137700635155271","1,2,3,1,2,1,3,3,2,3,3,3,3,1,1,2,1","0.0015101432800293","louvain","graph_2024M12.graphml"
"0.52","0.11","0.37","0.135988689090597","1,2,2,1,3,1,3,3,2,3,3,3,3,1,1,3,1","0.000770092010498047","louvain","graph_2024M12.graphml"
"0.51","0.12","0.37","0.136615575823777","1,2,2,1,3,1,3,3,2,3,3,3,3,1,1,3,1","0.000750064849853516","louvain","graph_2024M12.graphml"
"0.5","0.13","0.37","0.139959335327148","1,2,2,1,3,1,3,3,2,3,3,3,3,1,1,3,1","0.00211286544799805","louvain","graph_2024M12.graphml"
"0.49","0.14","0.37","0.138524050326273","1,2,3,1,3,1,3,3,2,3,3,3,3,1,1,3,1","0.00081181526184082","louvain","graph_2024M12.graphml"
"0.48","0.15","0.37","0.138524050326273","1,2,3,1,3,1,3,3,2,3,3,3,3,1,1,3,1","0.000808954238891602","louvain","graph_2024M12.graphml"
"0.47","0.16","0.37","0.137951820804038","1,2,3,1,3,1,3,3,2,3,3,3,3,1,1,3,1","0.00115799903869629","louvain","graph_2024M12.graphml"
"0.46","0.17","0.37","0.137078121925594","1,2,3,1,3,1,3,3,2,3,3,3,3,1,1,3,1","0.000973939895629883","louvain","graph_2024M12.graphml"
"0.45","0.18","0.37","0.136296227810651","1,2,3,1,3,1,3,3,2,3,3,3,3,1,1,3,1","0.00168490409851074","louvain","graph_2024M12.graphml"
"0.44","0.19","0.37","0.135563529459441","1,2,3,1,2,4,3,3,2,4,3,3,3,1,1,3,1","0.000720024108886719","louvain","graph_2024M12.graphml"
"0.43","0.2","0.37","0.136362135024442","1,2,3,1,2,4,3,3,2,4,3,3,3,1,1,3,1","0.000771045684814453","louvain","graph_2024M12.graphml"
"0.42","0.21","0.37","0.135658251267409","1,2,3,1,3,1,3,3,2,3,3,3,3,1,1,3,1","0.000940799713134766","louvain","graph_2024M12.graphml"
"0.41","0.22","0.37","0.136215474039974","1,2,3,1,2,4,3,3,2,4,3,3,3,1,1,3,1","0.000745058059692383","louvain","graph_2024M12.graphml"
"0.4","0.23","0.37","0.138428107975761","1,2,3,1,4,2,3,3,4,2,3,3,3,1,1,3,1","0.00126314163208008","louvain","graph_2024M12.graphml"
"0.39","0.24","0.37","0.138130805324141","1,2,3,1,3,4,3,3,2,4,3,3,3,1,1,3,1","0.00106215476989746","louvain","graph_2024M12.graphml"
"0.38","0.25","0.37","0.13732050992142","1,2,3,1,4,2,3,3,4,2,3,3,3,1,1,3,1","0.000783920288085938","louvain","graph_2024M12.graphml"
"0.37","0.26","0.37","0.136726914390719","1,2,3,1,3,4,3,3,2,4,3,3,3,1,1,3,1","0.000833034515380859","louvain","graph_2024M12.graphml"
"0.36","0.27","0.37","0.135200281243038","1,2,3,1,3,4,3,3,2,4,3,3,3,1,1,3,1","0.000726938247680664","louvain","graph_2024M12.graphml"
"0.35","0.28","0.37","0.136337855890885","1,2,3,1,3,4,3,3,2,4,3,3,3,1,1,3,1","0.00160002708435059","louvain","graph_2024M12.graphml"
"0.34","0.29","0.37","0.13648172454375","1,2,3,1,3,4,3,3,2,4,3,3,3,1,1,3,1","0.00140500068664551","louvain","graph_2024M12.graphml"
"0.33","0.3","0.37","0.13648172454375","1,2,3,1,3,4,3,3,2,4,3,3,3,1,1,3,1","0.000816822052001953","louvain","graph_2024M12.graphml"
"0.32","0.31","0.37","0.135441446799308","1,2,3,1,3,4,3,3,2,4,3,3,3,1,1,3,1","0.00078892707824707","louvain","graph_2024M12.graphml"
"0.31","0.32","0.37","0.13597665568462","1,2,3,1,3,4,3,3,2,4,3,3,3,1,1,3,1","0.00110101699829102","louvain","graph_2024M12.graphml"
"0.3","0.33","0.37","0.134705785123967","1,2,3,1,4,1,4,4,2,4,4,3,4,1,1,4,1","0.000877141952514648","louvain","graph_2024M12.graphml"
"0.29","0.34","0.37","0.136330668452006","1,2,3,1,3,4,3,3,2,4,3,3,3,1,1,3,1","0.000769138336181641","louvain","graph_2024M12.graphml"
"0.28","0.35","0.37","0.136747119934338","1,2,3,1,4,2,3,3,4,2,3,3,3,1,1,3,1","0.000912904739379883","louvain","graph_2024M12.graphml"
"0.27","0.36","0.37","0.135458819902108","1,2,3,1,3,4,3,3,2,4,3,3,3,1,1,3,1","0.000824928283691406","louvain","graph_2024M12.graphml"
"0.26","0.37","0.37","0.133754783163265","1,2,3,1,3,4,3,3,2,4,3,3,3,1,1,3,1","0.0013270378112793","louvain","graph_2024M12.graphml"
"0.25","0.38","0.37","0.133216404370856","1,2,3,1,3,4,3,3,2,4,3,3,3,1,1,3,1","0.000726938247680664","louvain","graph_2024M12.graphml"
"0.24","0.39","0.37","0.133216404370856","1,2,3,1,3,4,3,3,2,4,3,3,3,1,1,3,1","0.00074005126953125","louvain","graph_2024M12.graphml"
"0.23","0.4","0.37","0.13295043005885","1,2,3,1,3,4,3,3,2,4,3,3,3,1,1,3,1","0.000786066055297852","louvain","graph_2024M12.graphml"
"0.22","0.41","0.37","0.133449355965523","1,2,3,1,4,4,4,4,2,5,4,3,4,5,1,4,1","0.000904083251953125","louvain","graph_2024M12.graphml"
"0.21","0.42","0.37","0.133226361420925","1,2,3,1,2,2,2,2,4,2,2,3,2,1,1,2,1","0.00079798698425293","louvain","graph_2024M12.graphml"
"0.2","0.43","0.37","0.133045552477685","1,2,3,1,4,4,4,4,2,5,4,3,4,5,1,4,1","0.00188183784484863","louvain","graph_2024M12.graphml"
"0.19","0.44","0.37","0.136038851274179","1,2,3,1,4,4,4,4,2,5,4,3,4,5,1,4,1","0.000750064849853516","louvain","graph_2024M12.graphml"
"0.18","0.45","0.37","0.133034035011574","1,2,3,1,3,4,3,3,2,4,3,3,3,1,1,3,3","0.00177884101867676","louvain","graph_2024M12.graphml"
"0.17","0.46","0.37","0.133201316550926","1,2,3,1,4,4,4,4,2,5,4,3,4,5,1,4,1","0.000817060470581055","louvain","graph_2024M12.graphml"
"0.16","0.47","0.37","0.133201316550926","1,2,3,1,4,4,4,4,2,5,4,3,4,5,1,4,1","0.000883817672729492","louvain","graph_2024M12.graphml"
"0.15","0.48","0.37","0.135053588314079","1,2,3,1,4,4,4,4,2,5,4,3,4,5,1,4,1","0.000925064086914062","louvain","graph_2024M12.graphml"
"0.14","0.49","0.37","0.135053588314079","1,2,3,1,4,4,4,4,2,5,4,3,4,5,1,4,1","0.000835895538330078","louvain","graph_2024M12.graphml"
"0.13","0.5","0.37","0.135728498718721","1,2,3,1,4,4,2,4,5,2,4,3,4,1,1,4,4","0.000790119171142578","louvain","graph_2024M12.graphml"
"0.12","0.51","0.37","0.135728498718721","1,2,3,1,4,4,2,4,5,2,4,3,4,1,1,4,4","0.00131916999816895","louvain","graph_2024M12.graphml"
"0.11","0.52","0.37","0.139025494922931","1,2,3,1,4,4,3,4,2,3,4,3,4,1,1,4,4","0.000805139541625977","louvain","graph_2024M12.graphml"
"0.1","0.53","0.37","0.139296905030926","1,2,3,1,4,4,4,4,2,3,4,3,4,3,1,4,1","0.000830888748168945","louvain","graph_2024M12.graphml"
"0.09","0.54","0.37","0.140311096223385","1,2,3,1,4,4,4,4,2,3,4,3,4,3,1,4,1","0.000921010971069336","louvain","graph_2024M12.graphml"
"0.08","0.55","0.37","0.140018660975164","1,2,3,1,4,4,4,4,2,3,4,3,4,3,1,4,1","0.000916957855224609","louvain","graph_2024M12.graphml"
"0.07","0.56","0.37","0.140281887335759","1,2,3,1,4,4,4,4,2,3,4,3,4,3,1,4,1","0.0017240047454834","louvain","graph_2024M12.graphml"
"0.06","0.57","0.37","0.138921856631005","1,2,3,1,4,4,4,4,2,3,4,3,4,3,1,4,2","0.00113391876220703","louvain","graph_2024M12.graphml"
"0.05","0.58","0.37","0.138626805069295","1,2,3,1,4,4,4,4,2,3,4,3,4,3,1,4,2","0.000825166702270508","louvain","graph_2024M12.graphml"
"0.04","0.59","0.37","0.136271950640721","1,2,3,1,4,4,4,4,2,5,4,3,4,5,1,4,2","0.000854015350341797","louvain","graph_2024M12.graphml"
"0.03","0.6","0.37","0.135817225599344","1,2,3,1,4,4,4,4,2,3,4,3,4,3,1,4,2","0.000854015350341797","louvain","graph_2024M12.graphml"
"0.02","0.61","0.37","0.135960472141328","1,2,3,1,4,4,4,4,2,3,4,3,4,3,1,4,2","0.000816106796264648","louvain","graph_2024M12.graphml"
"0.01","0.62","0.37","0.135872422690836","1,2,3,1,4,4,4,4,2,5,4,3,4,1,1,4,2","0.000809907913208008","louvain","graph_2024M12.graphml"
"0","0.63","0.37","0.135872422690836","1,2,3,1,4,4,4,4,2,5,4,3,4,1,1,4,2","0.000900030136108398","louvain","graph_2024M12.graphml"
"0.62","0","0.38","0.135140965468299","1,2,2,1,3,1,3,3,2,3,3,3,3,1,1,3,1","0.000761985778808594","louvain","graph_2024M12.graphml"
"0.61","0.01","0.38","0.136202264247935","1,2,2,1,3,1,3,3,2,3,3,3,3,1,1,3,1","0.000814199447631836","louvain","graph_2024M12.graphml"
"0.6","0.02","0.38","0.135965593762575","1,2,3,1,2,1,3,3,2,3,3,3,3,1,1,2,1","0.00071406364440918","louvain","graph_2024M12.graphml"
"0.59","0.03","0.38","0.135741593961376","1,2,3,1,2,1,4,4,2,3,4,4,4,1,1,2,1","0.000711917877197266","louvain","graph_2024M12.graphml"
"0.58","0.04","0.38","0.134772063303598","1,2,3,1,2,1,3,3,2,3,3,3,3,1,1,2,1","0.000771999359130859","louvain","graph_2024M12.graphml"
"0.57","0.05","0.38","0.136440960381921","1,2,2,1,3,1,3,3,2,3,3,3,3,1,1,3,1","0.000751018524169922","louvain","graph_2024M12.graphml"
"0.56","0.06","0.38","0.137051732855748","1,2,2,1,3,1,3,3,2,3,3,3,3,1,1,3,1","0.000802040100097656","louvain","graph_2024M12.graphml"
"0.55","0.07","0.38","0.138555526733398","1,2,2,1,3,1,3,3,2,3,3,3,3,1,1,3,1","0.000715017318725586","louvain","graph_2024M12.graphml"
"0.54","0.08","0.38","0.137421200825325","1,2,2,1,3,1,3,3,2,3,3,3,3,1,1,3,1","0.00073695182800293","louvain","graph_2024M12.graphml"
"0.53","0.09","0.38","0.137123113932859","1,2,2,1,3,1,3,3,2,3,3,3,3,1,1,3,1","0.000819921493530273","louvain","graph_2024M12.graphml"
"0.52","0.1","0.38","0.136512201666642","1,2,3,1,3,1,3,3,2,3,3,3,3,1,1,3,1","0.000761032104492188","louvain","graph_2024M12.graphml"
"0.51","0.11","0.38","0.137078121925594","1,2,3,1,3,1,3,3,2,3,3,3,3,1,1,3,1","0.00142693519592285","louvain","graph_2024M12.graphml"
"0.5","0.12","0.38","0.136296227810651","1,2,3,1,3,1,3,3,2,3,3,3,3,1,1,3,1","0.000829935073852539","louvain","graph_2024M12.graphml"
"0.49","0.13","0.38","0.136211667474054","1,2,3,1,3,1,3,3,2,3,3,3,3,1,1,3,1","0.000787019729614258","louvain","graph_2024M12.graphml"
"0.48","0.14","0.38","0.138065599324049","1,2,3,1,2,4,3,3,2,4,3,3,3,1,1,3,1","0.000783920288085938","louvain","graph_2024M12.graphml"
"0.47","0.15","0.38","0.13630564270121","1,2,3,1,2,4,3,3,2,4,3,3,3,1,1,3,1","0.000781059265136719","louvain","graph_2024M12.graphml"
"0.46","0.16","0.38","0.136820551670413","1,2,3,1,2,4,3,3,2,4,3,3,3,1,1,3,1","0.000839948654174805","louvain","graph_2024M12.graphml"
"0.45","0.17","0.38","0.138090527968348","1,2,3,1,4,2,3,3,4,2,3,3,3,1,1,3,1","0.000840187072753906","louvain","graph_2024M12.graphml"
"0.44","0.18","0.38","0.137042531105781","1,2,3,1,4,2,3,3,4,2,3,3,3,1,1,3,1","0.00078582763671875","louvain","graph_2024M12.graphml"
"0.43","0.19","0.38","0.138781595058111","1,2,3,1,4,2,3,3,4,2,3,3,3,1,1,3,1","0.000757932662963867","louvain","graph_2024M12.graphml"
"0.42","0.2","0.38","0.135927138791683","1,2,3,1,2,4,3,3,2,4,3,3,3,1,1,3,1","0.000761032104492188","louvain","graph_2024M12.graphml"
"0.41","0.21","0.38","0.137179998378028","1,2,3,1,3,4,3,3,2,4,3,3,3,1,1,3,1","0.000946044921875","louvain","graph_2024M12.graphml"
"0.4","0.22","0.38","0.137179998378028","1,2,3,1,3,4,3,3,2,4,3,3,3,1,1,3,1","0.000782012939453125","louvain","graph_2024M12.graphml"
"0.39","0.23","0.38","0.134871996135732","1,2,3,1,4,2,3,3,4,2,3,3,3,1,1,3,1","0.00152897834777832","louvain","graph_2024M12.graphml"
"0.38","0.24","0.38","0.134546420729323","1,2,3,1,3,4,3,3,2,4,3,3,3,1,1,3,1","0.000857114791870117","louvain","graph_2024M12.graphml"
"0.37","0.25","0.38","0.135441086365816","1,2,3,1,3,4,3,3,2,4,3,3,3,1,1,3,1","0.00111913681030273","louvain","graph_2024M12.graphml"
"0.36","0.26","0.38","0.131399696749513","1,2,3,1,4,3,3,4,2,3,3,4,3,3,1,4,1","0.000751018524169922","louvain","graph_2024M12.graphml"
"0.35","0.27","0.38","0.132712207900533","1,2,3,1,4,4,4,4,2,4,4,3,4,1,1,4,1","0.000993967056274414","louvain","graph_2024M12.graphml"
"0.34","0.28","0.38","0.135276826033283","1,2,3,1,4,2,3,3,4,2,3,3,3,1,1,3,1","0.000767946243286133","louvain","graph_2024M12.graphml"
"0.33","0.29","0.38","0.13444129880116","1,2,3,1,3,4,3,3,2,4,3,3,3,1,1,3,1","0.00182914733886719","louvain","graph_2024M12.graphml"
"0.32","0.3","0.38","0.131419574797996","1,2,3,1,4,3,3,3,2,3,3,4,3,3,1,4,1","0.00110697746276855","louvain","graph_2024M12.graphml"
"0.31","0.31","0.38","0.133901546333","1,2,3,1,3,4,3,3,2,4,3,3,3,1,1,3,1","0.00077509880065918","louvain","graph_2024M12.graphml"
"0.3","0.32","0.38","0.133803305686045","1,2,3,1,4,2,2,2,4,2,2,3,2,1,1,2,1","0.000784873962402344","louvain","graph_2024M12.graphml"
"0.29","0.33","0.38","0.132950530035336","1,2,3,1,3,4,3,3,2,4,3,3,3,1,1,3,1","0.000824928283691406","louvain","graph_2024M12.graphml"
"0.28","0.34","0.38","0.132002961221068","1,2,3,1,4,4,4,4,2,5,4,3,4,5,1,4,1","0.000897884368896484","louvain","graph_2024M12.graphml"
"0.27","0.35","0.38","0.130841886453279","1,2,3,1,3,4,3,3,2,4,3,3,3,1,1,3,1","0.00103998184204102","louvain","graph_2024M12.graphml"
"0.26","0.36","0.38","0.13038390877221","1,2,3,1,4,4,4,4,2,5,4,3,4,5,1,4,1","0.00161910057067871","louvain","graph_2024M12.graphml"
"0.25","0.37","0.38","0.131401596655093","1,2,3,1,3,4,3,3,2,4,3,3,3,1,1,3,1","0.000977039337158203","louvain","graph_2024M12.graphml"
"0.24","0.38","0.38","0.133229950327932","1,2,3,1,3,4,3,3,2,4,3,3,3,1,1,3,1","0.000844001770019531","louvain","graph_2024M12.graphml"
"0.23","0.39","0.38","0.133116222267454","1,2,3,1,3,4,3,3,2,4,3,3,3,1,1,3,3","0.000966072082519531","louvain","graph_2024M12.graphml"
"0.22","0.4","0.38","0.133330240298847","1,2,3,1,4,4,4,4,2,5,4,3,4,5,1,4,1","0.000870943069458008","louvain","graph_2024M12.graphml"
"0.21","0.41","0.38","0.135804102259215","1,2,3,1,4,4,4,4,2,5,4,3,4,5,1,4,1","0.000738859176635742","louvain","graph_2024M12.graphml"
"0.2","0.42","0.38","0.136548653428565","1,2,3,1,4,4,4,4,2,5,4,3,4,5,1,4,1","0.000858068466186523","louvain","graph_2024M12.graphml"
"0.19","0.43","0.38","0.137693482283922","1,2,3,1,4,4,4,4,2,3,4,3,4,3,1,4,1","0.00177597999572754","louvain","graph_2024M12.graphml"
"0.18","0.44","0.38","0.137693482283922","1,2,3,1,4,4,4,4,2,3,4,3,4,3,1,4,1","0.000912904739379883","louvain","graph_2024M12.graphml"
"0.17","0.45","0.38","0.137003634288111","1,2,3,1,4,4,4,4,2,3,4,3,4,3,1,4,1","0.00077509880065918","louvain","graph_2024M12.graphml"
"0.16","0.46","0.38","0.137465870702022","1,2,3,1,4,4,4,4,2,3,4,3,4,3,1,4,1","0.000798940658569336","louvain","graph_2024M12.graphml"
"0.15","0.47","0.38","0.136649265971215","1,2,3,1,4,4,4,4,2,5,4,3,4,1,1,4,1","0.000889062881469727","louvain","graph_2024M12.graphml"
"0.14","0.48","0.38","0.138723235482104","1,2,3,1,4,4,4,4,2,3,4,3,4,3,1,4,1","0.000815868377685547","louvain","graph_2024M12.graphml"
"0.13","0.49","0.38","0.138001553562601","1,2,3,1,4,4,4,4,2,3,4,3,4,3,1,4,1","0.000802040100097656","louvain","graph_2024M12.graphml"
"0.12","0.5","0.38","0.13768495628496","1,2,3,1,4,4,4,4,2,3,4,3,4,3,1,4,2","0.000828981399536133","louvain","graph_2024M12.graphml"
"0.11","0.51","0.38","0.136847627775117","1,2,3,1,4,4,4,4,2,3,4,3,4,3,1,4,2","0.000870227813720703","louvain","graph_2024M12.graphml"
"0.1","0.52","0.38","0.136212624584718","1,2,3,1,4,4,4,4,2,3,4,3,4,3,1,4,2","0.000818014144897461","louvain","graph_2024M12.graphml"
"0.09","0.53","0.38","0.135817225599344","1,2,3,1,4,4,4,4,2,3,4,3,4,3,1,4,2","0.00092315673828125","louvain","graph_2024M12.graphml"
"0.08","0.54","0.38","0.13576098727368","1,2,3,1,4,4,4,4,2,5,4,3,4,1,1,4,2","0.000778913497924805","louvain","graph_2024M12.graphml"
"0.07","0.55","0.38","0.134249260544487","1,2,3,1,4,4,4,4,2,5,4,3,4,1,1,4,2","0.000808954238891602","louvain","graph_2024M12.graphml"
"0.06","0.56","0.38","0.134249260544487","1,2,3,1,4,4,4,4,2,5,4,3,4,1,1,4,2","0.000800848007202148","louvain","graph_2024M12.graphml"
"0.05","0.57","0.38","0.135731716137051","1,2,3,1,4,4,4,4,2,5,4,3,4,1,1,4,2","0.000828027725219727","louvain","graph_2024M12.graphml"
"0.04","0.58","0.38","0.13745013558862","1,2,3,1,4,4,4,4,2,4,4,3,4,1,1,4,2","0.000889062881469727","louvain","graph_2024M12.graphml"
"0.03","0.59","0.38","0.135851675589927","1,2,3,1,4,4,4,4,2,4,4,3,4,1,1,4,2","0.00091099739074707","louvain","graph_2024M12.graphml"
"0.02","0.6","0.38","0.133373829903862","1,2,3,3,3,4,3,3,2,3,4,3,4,1,1,2,4","0.000874996185302734","louvain","graph_2024M12.graphml"
"0.01","0.61","0.38","0.135545005202914","1,2,3,1,3,4,3,3,2,4,3,3,3,1,1,3,2","0.000796794891357422","louvain","graph_2024M12.graphml"
"0","0.62","0.38","0.135227871920266","1,2,3,1,4,4,4,4,2,4,4,3,4,1,1,4,2","0.000900983810424805","louvain","graph_2024M12.graphml"
"0.61","0","0.39","0.135719299316406","1,2,2,1,3,1,3,3,2,3,3,3,3,1,1,3,1","0.000824928283691406","louvain","graph_2024M12.graphml"
"0.6","0.01","0.39","0.136706778438796","1,2,2,1,3,1,3,3,2,4,3,3,3,1,1,3,1","0.00125384330749512","louvain","graph_2024M12.graphml"
"0.59","0.02","0.39","0.138303243602452","1,2,2,1,3,1,3,3,2,3,3,3,3,1,1,3,1","0.000756978988647461","louvain","graph_2024M12.graphml"
"0.58","0.03","0.39","0.138303243602452","1,2,2,1,3,1,3,3,2,3,3,3,3,1,1,3,1","0.000770092010498047","louvain","graph_2024M12.graphml"
"0.57","0.04","0.39","0.138303243602452","1,2,2,1,3,1,3,3,2,3,3,3,3,1,1,3,1","0.000792980194091797","louvain","graph_2024M12.graphml"
"0.56","0.05","0.39","0.138884985207101","1,2,2,1,3,1,3,3,2,3,3,3,3,1,1,3,1","0.000758886337280273","louvain","graph_2024M12.graphml"
"0.55","0.06","0.39","0.138459863945578","1,2,3,1,3,1,3,3,2,3,3,3,3,1,1,3,1","0.00166201591491699","louvain","graph_2024M12.graphml"
"0.54","0.07","0.39","0.13709227340321","1,2,3,1,2,4,3,3,2,4,3,3,3,1,1,3,1","0.000721216201782227","louvain","graph_2024M12.graphml"
"0.53","0.08","0.39","0.134829120683517","1,2,3,1,4,4,4,4,2,4,4,3,4,1,1,4,1","0.000755071640014648","louvain","graph_2024M12.graphml"
"0.52","0.09","0.39","0.132849157668608","1,2,3,1,2,3,3,3,2,3,3,3,3,1,1,2,1","0.00159192085266113","louvain","graph_2024M12.graphml"
"0.51","0.1","0.39","0.134598254990251","1,2,3,1,2,4,3,3,2,4,3,3,3,1,1,3,1","0.000811100006103516","louvain","graph_2024M12.graphml"
"0.5","0.11","0.39","0.133009161283137","1,2,3,1,4,4,4,4,2,4,4,3,4,1,1,4,1","0.000813007354736328","louvain","graph_2024M12.graphml"
"0.49","0.12","0.39","0.133654709986541","1,2,3,1,3,3,3,3,2,3,3,3,3,1,1,3,1","0.000729084014892578","louvain","graph_2024M12.graphml"
"0.48","0.13","0.39","0.134626775234542","1,2,3,1,2,4,3,3,2,4,3,3,3,1,1,3,1","0.000748157501220703","louvain","graph_2024M12.graphml"
"0.47","0.14","0.39","0.13551512808251","1,2,3,1,2,4,3,3,2,4,3,3,3,1,1,3,1","0.000811100006103516","louvain","graph_2024M12.graphml"
"0.46","0.15","0.39","0.136271018057959","1,2,3,1,2,4,3,3,2,4,3,3,3,1,1,3,1","0.000812053680419922","louvain","graph_2024M12.graphml"
"0.45","0.16","0.39","0.134546420729323","1,2,3,1,3,4,3,3,2,4,3,3,3,1,1,3,1","0.000899076461791992","louvain","graph_2024M12.graphml"
"0.44","0.17","0.39","0.130517742021418","1,2,3,1,4,3,3,4,2,3,3,4,3,3,1,4,1","0.00154805183410645","louvain","graph_2024M12.graphml"
"0.43","0.18","0.39","0.133192907796746","1,2,3,1,3,4,3,3,2,4,3,3,3,1,1,3,1","0.00114798545837402","louvain","graph_2024M12.graphml"
"0.42","0.19","0.39","0.132802654379332","1,2,3,1,4,4,4,4,2,4,4,3,4,1,1,4,1","0.000838041305541992","louvain","graph_2024M12.graphml"
"0.41","0.2","0.39","0.13229888678849","1,2,3,1,3,3,3,3,2,3,3,3,3,1,1,3,1","0.00149011611938477","louvain","graph_2024M12.graphml"
"0.4","0.21","0.39","0.1318188458729","1,2,3,1,3,4,3,3,2,4,3,3,3,1,1,3,1","0.000833988189697266","louvain","graph_2024M12.graphml"
"0.39","0.22","0.39","0.132409650506751","1,2,3,1,4,4,4,4,2,4,4,3,4,1,1,4,1","0.000829935073852539","louvain","graph_2024M12.graphml"
"0.38","0.23","0.39","0.133754783163265","1,2,3,1,3,4,3,3,2,4,3,3,3,1,1,3,1","0.000773906707763672","louvain","graph_2024M12.graphml"
"0.37","0.24","0.39","0.133027742346939","1,2,3,1,4,4,4,4,2,4,4,3,4,1,1,4,1","0.000867128372192383","louvain","graph_2024M12.graphml"
"0.36","0.25","0.39","0.13157191539661","1,2,3,1,4,4,4,4,2,4,4,3,4,1,1,4,1","0.000772953033447266","louvain","graph_2024M12.graphml"
"0.35","0.26","0.39","0.131687351219996","1,2,3,1,4,4,4,4,2,4,4,3,4,1,1,4,1","0.000729084014892578","louvain","graph_2024M12.graphml"
"0.34","0.27","0.39","0.130841886453279","1,2,3,1,3,4,3,3,2,4,3,3,3,1,1,3,1","0.000840187072753906","louvain","graph_2024M12.graphml"
"0.33","0.28","0.39","0.129610649430594","1,2,3,1,4,4,4,4,2,5,4,3,4,5,1,4,1","0.000784873962402344","louvain","graph_2024M12.graphml"
"0.32","0.29","0.39","0.129859956909818","1,2,3,1,3,4,3,3,2,4,3,3,3,1,1,3,1","0.000792026519775391","louvain","graph_2024M12.graphml"
"0.31","0.3","0.39","0.1300415056971","1,2,3,1,4,4,4,4,2,4,4,3,4,1,1,4,1","0.000822067260742188","louvain","graph_2024M12.graphml"
"0.3","0.31","0.39","0.131495162014836","1,2,3,1,3,4,3,3,2,4,3,3,3,1,1,3,1","0.0015408992767334","louvain","graph_2024M12.graphml"
"0.29","0.32","0.39","0.131757571373457","1,2,3,1,4,4,4,4,2,4,4,3,4,1,1,4,1","0.000807046890258789","louvain","graph_2024M12.graphml"
"0.28","0.33","0.39","0.13257631507018","1,2,3,1,4,4,4,4,2,5,4,3,4,5,1,4,1","0.00108599662780762","louvain","graph_2024M12.graphml"
"0.27","0.34","0.39","0.13590368608799","1,2,3,1,3,4,3,3,2,4,3,3,3,1,1,3,1","0.00174999237060547","louvain","graph_2024M12.graphml"
"0.26","0.35","0.39","0.137287289946977","1,2,3,1,4,4,4,4,2,5,4,3,4,1,1,4,1","0.000812053680419922","louvain","graph_2024M12.graphml"
"0.25","0.36","0.39","0.137287289946977","1,2,3,1,4,4,4,4,2,5,4,3,4,1,1,4,1","0.000782012939453125","louvain","graph_2024M12.graphml"
"0.24","0.37","0.39","0.135856527138578","1,2,3,1,4,4,4,4,2,3,4,3,4,3,1,4,1","0.000842094421386719","louvain","graph_2024M12.graphml"
"0.23","0.38","0.39","0.136689128586239","1,2,3,1,4,4,4,4,2,3,4,3,4,3,1,4,1","0.000889062881469727","louvain","graph_2024M12.graphml"
"0.22","0.39","0.39","0.136649265971215","1,2,3,1,4,4,4,4,2,5,4,3,4,1,1,4,1","0.00161385536193848","louvain","graph_2024M12.graphml"
"0.21","0.4","0.39","0.136617351335823","1,2,3,1,4,4,4,4,2,3,4,3,4,3,1,4,1","0.000650882720947266","louvain","graph_2024M12.graphml"
"0.2","0.41","0.39","0.134750845303129","1,2,3,1,4,4,4,4,2,3,4,3,4,3,1,4,1","0.00164604187011719","louvain","graph_2024M12.graphml"
"0.19","0.42","0.39","0.136028500968425","1,2,3,1,4,4,4,4,2,3,4,3,4,3,1,4,1","0.00173211097717285","louvain","graph_2024M12.graphml"
"0.18","0.43","0.39","0.135659836019731","1,2,3,1,4,4,4,4,2,3,4,3,4,3,1,4,2","0.000757932662963867","louvain","graph_2024M12.graphml"
"0.17","0.44","0.39","0.135524264882988","1,2,3,1,4,4,4,4,2,3,4,3,4,3,1,4,2","0.000818014144897461","louvain","graph_2024M12.graphml"
"0.16","0.45","0.39","0.134892274919703","1,2,3,1,4,4,4,4,2,3,4,3,4,3,1,4,2","0.000895023345947266","louvain","graph_2024M12.graphml"
"0.15","0.46","0.39","0.135286023303089","1,2,3,1,4,4,4,4,2,5,4,3,4,1,1,4,2","0.000844955444335938","louvain","graph_2024M12.graphml"
"0.14","0.47","0.39","0.136009998268698","1,2,3,1,4,4,4,4,2,5,4,3,4,1,1,4,2","0.000931024551391602","louvain","graph_2024M12.graphml"
"0.13","0.48","0.39","0.134973125503897","1,2,3,1,4,4,4,4,2,5,4,3,4,1,1,4,2","0.000782966613769531","louvain","graph_2024M12.graphml"
"0.12","0.49","0.39","0.134973125503897","1,2,3,1,4,4,4,4,2,5,4,3,4,1,1,4,2","0.000823974609375","louvain","graph_2024M12.graphml"
"0.11","0.5","0.39","0.135731716137051","1,2,3,1,4,4,4,4,2,5,4,3,4,1,1,4,2","0.000737190246582031","louvain","graph_2024M12.graphml"
"0.1","0.51","0.39","0.135731716137051","1,2,3,1,4,4,4,4,2,5,4,3,4,1,1,4,2","0.000811100006103516","louvain","graph_2024M12.graphml"
"0.09","0.52","0.39","0.134923416680722","1,2,3,1,4,4,4,4,2,4,4,3,4,1,1,4,2","0.00153493881225586","louvain","graph_2024M12.graphml"
"0.08","0.53","0.39","0.134411553788","1,2,3,1,4,4,4,4,2,4,4,3,4,1,1,4,2","0.000820159912109375","louvain","graph_2024M12.graphml"
"0.07","0.54","0.39","0.135141779396462","1,2,3,1,4,4,4,4,2,4,4,3,4,1,1,4,2","0.000977039337158203","louvain","graph_2024M12.graphml"
"0.06","0.55","0.39","0.135684483755617","1,2,3,1,4,4,4,4,2,4,4,3,4,1,1,4,2","0.000900030136108398","louvain","graph_2024M12.graphml"
"0.05","0.56","0.39","0.13456530448718","1,2,3,1,3,3,3,3,2,3,3,3,3,1,1,3,2","0.000830888748168945","louvain","graph_2024M12.graphml"
"0.04","0.57","0.39","0.132582755769682","1,2,3,2,3,3,3,3,2,3,3,3,3,1,1,3,3","0.00161910057067871","louvain","graph_2024M12.graphml"
"0.03","0.58","0.39","0.134073643961215","1,2,3,2,3,3,3,3,2,4,4,3,3,1,1,4,3","0.000888824462890625","louvain","graph_2024M12.graphml"
"0.02","0.59","0.39","0.1340249296139","1,2,3,1,3,3,3,3,2,3,3,3,3,1,1,3,2","0.000900030136108398","louvain","graph_2024M12.graphml"
"0.01","0.6","0.39","0.133546216641834","1,2,3,2,3,3,3,3,2,3,3,3,3,1,1,3,2","0.0010230541229248","louvain","graph_2024M12.graphml"
"0","0.61","0.39","0.132876483993273","1,2,3,2,4,3,4,4,2,4,4,4,3,1,1,4,3","0.00152707099914551","louvain","graph_2024M12.graphml"
"0.6","0","0.4","0.134121751779612","1,2,2,1,3,1,3,3,2,3,3,3,3,1,1,3,1","0.000744104385375977","louvain","graph_2024M12.graphml"
"0.59","0.01","0.4","0.134398496240602","1,2,3,1,4,4,4,4,2,4,4,3,4,1,1,4,1","0.000774860382080078","louvain","graph_2024M12.graphml"
"0.58","0.02","0.4","0.133153431805748","1,2,3,1,2,4,3,3,2,4,3,3,3,1,1,3,1","0.00075984001159668","louvain","graph_2024M12.graphml"
"0.57","0.03","0.4","0.133064896497511","1,2,3,1,2,3,3,3,2,3,3,3,3,1,1,3,1","0.000784873962402344","louvain","graph_2024M12.graphml"
"0.56","0.04","0.4","0.133863680663845","1,2,3,1,2,4,3,3,2,4,3,3,3,1,1,3,1","0.000928878784179688","louvain","graph_2024M12.graphml"
"0.55","0.05","0.4","0.131623875726712","1,2,3,1,2,4,3,3,2,4,3,3,3,1,1,3,1","0.00091099739074707","louvain","graph_2024M12.graphml"
"0.54","0.06","0.4","0.131678669410151","1,2,3,1,4,2,2,2,4,2,2,3,2,1,1,2,1","0.000838994979858398","louvain","graph_2024M12.graphml"
"0.53","0.07","0.4","0.133983757059734","1,2,3,1,2,4,3,3,2,4,3,3,3,1,1,3,1","0.000898122787475586","louvain","graph_2024M12.graphml"
"0.52","0.08","0.4","0.133275302231346","1,2,3,1,4,2,3,3,4,2,3,3,3,1,1,3,1","0.0012059211730957","louvain","graph_2024M12.graphml"
"0.51","0.09","0.4","0.130537517253826","1,2,3,1,2,3,3,3,2,3,3,4,3,3,1,2,1","0.000864028930664062","louvain","graph_2024M12.graphml"
"0.5","0.1","0.4","0.131600426010531","1,2,3,1,3,4,3,3,2,4,3,3,3,1,1,3,1","0.000844001770019531","louvain","graph_2024M12.graphml"
"0.49","0.11","0.4","0.134076021319051","1,2,3,1,3,4,3,3,2,4,3,3,3,1,1,3,1","0.000795125961303711","louvain","graph_2024M12.graphml"
"0.48","0.12","0.4","0.13229888678849","1,2,3,1,3,3,3,3,2,3,3,3,3,1,1,3,1","0.000869035720825195","louvain","graph_2024M12.graphml"
"0.47","0.13","0.4","0.133375734527107","1,2,3,1,3,4,3,3,2,4,3,3,3,1,1,3,1","0.000812053680419922","louvain","graph_2024M12.graphml"
"0.46","0.14","0.4","0.132358690977336","1,2,3,1,3,4,3,3,2,4,3,3,3,1,1,3,1","0.00185298919677734","louvain","graph_2024M12.graphml"
"0.45","0.15","0.4","0.131058825040788","1,2,3,1,3,4,3,3,2,4,3,3,3,1,1,3,3","0.000841140747070312","louvain","graph_2024M12.graphml"
"0.44","0.16","0.4","0.132058354591837","1,2,3,1,3,4,3,3,2,4,3,3,3,1,1,3,1","0.000844001770019531","louvain","graph_2024M12.graphml"
"0.43","0.17","0.4","0.131186034614786","1,2,3,1,3,4,3,3,2,4,3,3,3,1,1,3,3","0.000838041305541992","louvain","graph_2024M12.graphml"
"0.42","0.18","0.4","0.130631235250783","1,2,3,1,3,4,3,3,2,4,3,3,3,1,1,3,3","0.000816106796264648","louvain","graph_2024M12.graphml"
"0.41","0.19","0.4","0.130199437239198","1,2,3,1,3,4,3,3,2,4,3,3,3,1,1,3,3","0.000790834426879883","louvain","graph_2024M12.graphml"
"0.4","0.2","0.4","0.130199437239198","1,2,3,1,3,4,3,3,2,4,3,3,3,1,1,3,3","0.000844001770019531","louvain","graph_2024M12.graphml"
"0.39","0.21","0.4","0.13048205593775","1,2,3,1,3,4,3,3,2,4,3,3,3,1,1,3,1","0.00119113922119141","louvain","graph_2024M12.graphml"
"0.38","0.22","0.4","0.130818477807321","1,2,3,1,3,4,3,3,2,4,3,3,3,1,1,3,1","0.000845909118652344","louvain","graph_2024M12.graphml"
"0.37","0.23","0.4","0.130596139847531","1,2,3,1,4,4,4,4,2,5,4,3,4,5,1,4,1","0.000794172286987305","louvain","graph_2024M12.graphml"
"0.36","0.24","0.4","0.130596139847531","1,2,3,1,4,4,4,4,2,5,4,3,4,5,1,4,1","0.000785112380981445","louvain","graph_2024M12.graphml"
"0.35","0.25","0.4","0.130424196597353","1,2,3,1,4,4,4,4,2,5,4,3,4,5,1,4,1","0.000844001770019531","louvain","graph_2024M12.graphml"
"0.34","0.26","0.4","0.133499359442535","1,2,3,1,3,4,3,3,2,4,3,3,3,1,1,3,1","0.000807046890258789","louvain","graph_2024M12.graphml"
"0.33","0.27","0.4","0.133405071778355","1,2,3,1,4,4,4,4,2,5,4,3,4,5,1,4,1","0.00101590156555176","louvain","graph_2024M12.graphml"
"0.32","0.28","0.4","0.134115636147444","1,2,3,1,4,4,4,4,2,5,4,3,4,5,1,4,1","0.000769138336181641","louvain","graph_2024M12.graphml"
"0.31","0.29","0.4","0.133300351640148","1,2,3,1,3,4,3,3,2,4,3,3,3,1,1,3,1","0.000768184661865234","louvain","graph_2024M12.graphml"
"0.3","0.3","0.4","0.135372863982108","1,2,3,1,4,4,4,4,2,3,4,3,4,3,1,4,1","0.000973939895629883","louvain","graph_2024M12.graphml"
"0.29","0.31","0.4","0.134737889943669","1,2,3,1,4,4,4,4,2,3,4,3,4,3,1,4,1","0.000855922698974609","louvain","graph_2024M12.graphml"
"0.28","0.32","0.4","0.134573398448722","1,2,3,1,4,4,4,4,2,3,4,3,4,3,1,4,1","0.000802993774414062","louvain","graph_2024M12.graphml"
"0.27","0.33","0.4","0.135342003743608","1,2,3,1,4,4,4,4,2,3,4,3,4,3,1,4,1","0.000806093215942383","louvain","graph_2024M12.graphml"
"0.26","0.34","0.4","0.135423235439845","1,2,3,1,4,4,4,4,2,3,4,3,4,3,1,4,1","0.000835895538330078","louvain","graph_2024M12.graphml"
"0.25","0.35","0.4","0.134288207067035","1,2,3,1,4,4,4,4,2,3,4,3,4,3,1,4,1","0.000889062881469727","louvain","graph_2024M12.graphml"
"0.24","0.36","0.4","0.135524264882988","1,2,3,1,4,4,4,4,2,3,4,3,4,3,1,4,2","0.000814914703369141","louvain","graph_2024M12.graphml"
"0.23","0.37","0.4","0.134892274919703","1,2,3,1,4,4,4,4,2,3,4,3,4,3,1,4,2","0.000822067260742188","louvain","graph_2024M12.graphml"
"0.22","0.38","0.4","0.135202513489516","1,2,3,1,4,4,4,4,2,4,4,3,4,1,1,4,2","0.000781059265136719","louvain","graph_2024M12.graphml"
"0.21","0.39","0.4","0.134556524959427","1,2,3,1,4,4,4,4,2,5,4,3,4,1,1,4,2","0.000640153884887695","louvain","graph_2024M12.graphml"
"0.2","0.4","0.4","0.135286023303089","1,2,3,1,4,4,4,4,2,5,4,3,4,1,1,4,2","0.000795125961303711","louvain","graph_2024M12.graphml"
"0.19","0.41","0.4","0.134673649584488","1,2,3,1,4,4,4,4,2,5,4,3,4,1,1,4,2","0.000812053680419922","louvain","graph_2024M12.graphml"
"0.18","0.42","0.4","0.136203160282974","1,2,3,1,3,3,3,3,2,4,3,5,3,1,1,3,2","0.000812053680419922","louvain","graph_2024M12.graphml"
"0.17","0.43","0.4","0.134887390923679","1,2,3,2,3,3,3,3,2,4,3,5,3,1,1,3,2","0.000819921493530273","louvain","graph_2024M12.graphml"
"0.16","0.44","0.4","0.133517086390376","1,2,3,2,3,4,3,3,2,4,3,3,3,1,1,3,2","0.00122189521789551","louvain","graph_2024M12.graphml"
"0.15","0.45","0.4","0.133115220035252","1,2,3,1,3,3,3,3,2,3,3,4,3,1,1,3,2","0.000838994979858398","louvain","graph_2024M12.graphml"
"0.14","0.46","0.4","0.1350241804359","1,2,3,1,3,4,3,3,2,4,3,3,3,1,1,3,2","0.00101089477539062","louvain","graph_2024M12.graphml"
"0.13","0.47","0.4","0.13348295435392","1,2,3,1,3,4,3,3,2,4,3,3,3,1,1,3,2","0.000802993774414062","louvain","graph_2024M12.graphml"
"0.12","0.48","0.4","0.13348295435392","1,2,3,1,3,4,3,3,2,4,3,3,3,1,1,3,2","0.000847101211547852","louvain","graph_2024M12.graphml"
"0.11","0.49","0.4","0.134301237580257","1,2,3,1,3,3,3,3,2,3,3,4,3,1,1,3,2","0.000797033309936523","louvain","graph_2024M12.graphml"
"0.1","0.5","0.4","0.132654206943013","1,2,3,3,4,3,4,3,2,4,4,3,3,1,1,4,3","0.00132894515991211","louvain","graph_2024M12.graphml"
"0.09","0.51","0.4","0.130653799783137","1,2,3,3,4,3,4,3,2,4,4,3,3,1,1,4,3","0.000826835632324219","louvain","graph_2024M12.graphml"
"0.08","0.52","0.4","0.13211649775677","1,2,3,1,3,3,3,3,2,4,4,3,3,1,1,4,2","0.000815153121948242","louvain","graph_2024M12.graphml"
"0.07","0.53","0.4","0.132106197075537","1,2,3,2,4,3,4,4,2,4,4,4,3,1,1,4,3","0.000854969024658203","louvain","graph_2024M12.graphml"
"0.06","0.54","0.4","0.13248930497861","1,2,3,2,3,3,3,3,2,3,3,3,3,1,1,3,2","0.0009307861328125","louvain","graph_2024M12.graphml"
"0.05","0.55","0.4","0.130698747316823","1,2,3,2,4,3,4,4,2,4,4,4,3,1,1,4,3","0.000982999801635742","louvain","graph_2024M12.graphml"
"0.04","0.56","0.4","0.13034912109375","1,2,3,2,4,3,4,4,2,4,4,4,3,1,1,4,3","0.00178194046020508","louvain","graph_2024M12.graphml"
"0.03","0.57","0.4","0.131546603517807","1,2,3,2,4,3,4,4,2,4,4,4,3,1,1,4,3","0.00179386138916016","louvain","graph_2024M12.graphml"
"0.02","0.58","0.4","0.131773205401392","1,2,3,2,4,3,4,4,2,4,4,4,3,1,1,4,3","0.000856876373291016","louvain","graph_2024M12.graphml"
"0.01","0.59","0.4","0.132245658313803","1,2,3,2,4,3,4,4,2,4,4,4,3,1,1,4,3","0.000886917114257812","louvain","graph_2024M12.graphml"
"0","0.6","0.4","0.132076711203056","1,2,3,1,4,3,4,4,2,4,4,4,3,1,1,4,3","0.00103497505187988","louvain","graph_2024M12.graphml"
"0.59","0","0.41","0.129381365204949","1,2,3,1,2,4,4,3,2,4,4,3,4,4,1,3,1","0.000853061676025391","louvain","graph_2024M12.graphml"
"0.58","0.01","0.41","0.130103718015806","1,2,3,1,4,2,3,3,4,2,3,3,3,1,1,3,1","0.000814914703369141","louvain","graph_2024M12.graphml"
"0.57","0.02","0.41","0.130103718015806","1,2,3,1,4,2,3,3,4,2,3,3,3,1,1,3,1","0.000781059265136719","louvain","graph_2024M12.graphml"
"0.56","0.03","0.41","0.132600754476594","1,2,3,1,4,2,3,3,4,2,3,3,3,1,1,3,1","0.000901937484741211","louvain","graph_2024M12.graphml"
"0.55","0.04","0.41","0.132682369293909","1,2,3,1,4,2,3,3,4,2,3,3,3,1,1,3,1","0.000818967819213867","louvain","graph_2024M12.graphml"
"0.54","0.05","0.41","0.128225460990357","1,2,3,1,4,3,3,4,2,3,3,4,3,3,1,4,1","0.00147414207458496","louvain","graph_2024M12.graphml"
"0.53","0.06","0.41","0.129395339441411","1,2,3,1,4,4,4,4,2,4,4,3,4,1,1,4,1","0.000866889953613281","louvain","graph_2024M12.graphml"
"0.52","0.07","0.41","0.132917430837811","1,2,3,1,3,4,3,3,2,4,3,3,3,1,1,3,1","0.00078582763671875","louvain","graph_2024M12.graphml"
"0.51","0.08","0.41","0.132287290759368","1,2,3,1,3,4,3,3,2,4,3,3,3,1,1,3,3","0.0011899471282959","louvain","graph_2024M12.graphml"
"0.5","0.09","0.41","0.129765625","1,2,3,1,3,3,3,3,2,3,3,3,3,1,1,3,1","0.000809907913208008","louvain","graph_2024M12.graphml"
"0.49","0.1","0.41","0.130130526633469","1,2,3,1,3,4,3,3,2,4,3,3,3,1,1,3,3","0.000746011734008789","louvain","graph_2024M12.graphml"
"0.48","0.11","0.41","0.129643626998124","1,2,3,1,3,4,3,3,2,4,3,3,3,1,1,3,3","0.000853061676025391","louvain","graph_2024M12.graphml"
"0.47","0.12","0.41","0.129109126794148","1,2,3,1,3,4,3,3,2,4,3,3,3,1,1,3,1","0.00148797035217285","louvain","graph_2024M12.graphml"
"0.46","0.13","0.41","0.129109126794148","1,2,3,1,3,4,3,3,2,4,3,3,3,1,1,3,1","0.000854969024658203","louvain","graph_2024M12.graphml"
"0.45","0.14","0.41","0.129798399507541","1,2,3,1,3,4,3,3,2,4,3,3,3,1,1,3,1","0.000839948654174805","louvain","graph_2024M12.graphml"
"0.44","0.15","0.41","0.130656880576369","1,2,3,1,3,4,3,3,2,4,3,3,3,1,1,3,1","0.00118207931518555","louvain","graph_2024M12.graphml"
"0.43","0.16","0.41","0.13048205593775","1,2,3,1,3,4,3,3,2,4,3,3,3,1,1,3,3","0.00122499465942383","louvain","graph_2024M12.graphml"
"0.42","0.17","0.41","0.131364651750052","1,2,3,1,4,4,4,4,2,5,4,3,4,5,1,4,1","0.00149202346801758","louvain","graph_2024M12.graphml"
"0.41","0.18","0.41","0.131364651750052","1,2,3,1,4,4,4,4,2,5,4,3,4,5,1,4,1","0.000810146331787109","louvain","graph_2024M12.graphml"
"0.4","0.19","0.41","0.131255726755401","1,2,3,1,4,4,4,4,2,5,4,3,4,5,1,4,1","0.00099492073059082","louvain","graph_2024M12.graphml"
"0.39","0.2","0.41","0.132467389131998","1,2,3,1,4,4,4,4,2,5,4,3,4,5,1,4,1","0.00147485733032227","louvain","graph_2024M12.graphml"
"0.38","0.21","0.41","0.13393057474522","1,2,3,1,4,4,4,4,2,5,4,3,4,5,1,4,1","0.000844001770019531","louvain","graph_2024M12.graphml"
"0.37","0.22","0.41","0.132860879151811","1,2,3,1,4,4,4,4,2,5,4,3,4,5,1,4,1","0.00156593322753906","louvain","graph_2024M12.graphml"
"0.36","0.23","0.41","0.13397797295251","1,2,3,1,4,4,4,4,2,3,4,3,4,3,1,4,1","0.000829935073852539","louvain","graph_2024M12.graphml"
"0.35","0.24","0.41","0.132747061409598","1,2,3,1,4,4,4,4,2,3,4,3,4,3,1,4,1","0.00168204307556152","louvain","graph_2024M12.graphml"
"0.34","0.25","0.41","0.132463875060893","1,2,3,1,4,4,4,4,2,3,4,3,4,3,1,4,1","0.000865936279296875","louvain","graph_2024M12.graphml"
"0.33","0.26","0.41","0.132083466490139","1,2,3,1,4,4,4,4,2,3,4,3,4,3,1,4,1","0.000823974609375","louvain","graph_2024M12.graphml"
"0.32","0.27","0.41","0.134128248727535","1,2,3,1,4,4,4,4,2,3,4,3,4,3,1,4,1","0.000864028930664062","louvain","graph_2024M12.graphml"
"0.31","0.28","0.41","0.13497611883536","1,2,3,1,3,3,3,3,2,4,3,4,3,4,1,3,1","0.000822067260742188","louvain","graph_2024M12.graphml"
"0.3","0.29","0.41","0.132808868867382","1,2,3,1,3,3,3,3,2,4,3,4,3,4,1,3,2","0.000854969024658203","louvain","graph_2024M12.graphml"
"0.29","0.3","0.41","0.134492179495936","1,2,3,1,3,3,3,3,2,4,3,5,3,1,1,3,2","0.000880956649780273","louvain","graph_2024M12.graphml"
"0.28","0.31","0.41","0.135308085263972","1,2,3,1,3,3,3,3,2,3,3,4,3,1,1,3,2","0.00080418586730957","louvain","graph_2024M12.graphml"
"0.27","0.32","0.41","0.134636001183339","1,2,3,1,3,3,3,3,2,3,3,4,3,1,1,3,2","0.00104999542236328","louvain","graph_2024M12.graphml"
"0.26","0.33","0.41","0.134636001183339","1,2,3,1,3,3,3,3,2,3,3,4,3,1,1,3,2","0.00124478340148926","louvain","graph_2024M12.graphml"
"0.25","0.34","0.41","0.134128559989612","1,2,3,1,3,3,3,3,2,3,3,4,3,1,1,3,2","0.000851869583129883","louvain","graph_2024M12.graphml"
"0.24","0.35","0.41","0.133562001601839","1,2,3,2,3,3,3,3,2,3,3,4,3,1,1,3,2","0.000808000564575195","louvain","graph_2024M12.graphml"
"0.23","0.36","0.41","0.134095059592464","1,2,3,2,3,3,3,3,2,3,3,4,3,1,1,3,2","0.000792980194091797","louvain","graph_2024M12.graphml"
"0.22","0.37","0.41","0.132901940604144","1,2,3,2,3,4,3,3,2,4,3,3,3,1,1,3,2","0.00078892707824707","louvain","graph_2024M12.graphml"
"0.21","0.38","0.41","0.132337682465214","1,2,3,1,3,3,3,3,2,4,3,5,3,1,1,3,2","0.000833988189697266","louvain","graph_2024M12.graphml"
"0.2","0.39","0.41","0.131040215470781","1,2,3,2,3,3,3,3,2,3,3,3,3,1,1,3,3","0.000850915908813477","louvain","graph_2024M12.graphml"
"0.19","0.4","0.41","0.130830228113712","1,2,3,3,3,3,3,3,2,3,3,3,3,1,1,2,3","0.000838994979858398","louvain","graph_2024M12.graphml"
"0.18","0.41","0.41","0.133774676447784","1,2,3,1,3,3,3,3,2,3,3,4,3,1,1,3,2","0.000911951065063477","louvain","graph_2024M12.graphml"
"0.17","0.42","0.41","0.132748390354753","1,2,3,1,3,3,3,3,2,3,3,3,3,1,1,3,2","0.00151610374450684","louvain","graph_2024M12.graphml"
"0.16","0.43","0.41","0.13274496","1,2,3,2,3,3,3,3,2,3,3,3,3,1,1,3,2","0.00080108642578125","louvain","graph_2024M12.graphml"
"0.15","0.44","0.41","0.132913424038459","1,2,3,1,4,4,4,4,2,4,4,3,4,1,1,4,2","0.00176906585693359","louvain","graph_2024M12.graphml"
"0.14","0.45","0.41","0.131583706088743","1,2,3,1,3,3,3,3,2,3,3,3,3,1,1,3,2","0.000879049301147461","louvain","graph_2024M12.graphml"
"0.13","0.46","0.41","0.132812480502335","1,2,3,1,3,3,3,3,2,4,4,3,3,1,1,4,2","0.0015871524810791","louvain","graph_2024M12.graphml"
"0.12","0.47","0.41","0.131829728481442","1,2,3,1,3,3,3,3,2,3,3,3,3,1,1,3,2","0.000868082046508789","louvain","graph_2024M12.graphml"
"0.11","0.48","0.41","0.130054931640625","1,2,3,2,3,3,3,3,2,3,3,3,3,1,1,3,2","0.000955820083618164","louvain","graph_2024M12.graphml"
"0.1","0.49","0.41","0.12907265120558","1,2,3,2,3,3,3,3,2,3,3,3,3,1,1,3,3","0.00178194046020508","louvain","graph_2024M12.graphml"
"0.09","0.5","0.41","0.130481818336696","1,2,3,2,3,3,3,3,2,3,3,3,3,1,1,3,2","0.000877857208251953","louvain","graph_2024M12.graphml"
"0.08","0.51","0.41","0.133191958257783","1,2,3,1,3,3,3,3,2,3,3,3,3,1,1,3,2","0.000880002975463867","louvain","graph_2024M12.graphml"
"0.07","0.52","0.41","0.131716732643848","1,2,3,1,3,3,3,3,2,3,3,3,3,1,1,3,3","0.000699996948242188","louvain","graph_2024M12.graphml"
"0.06","0.53","0.41","0.132263042600613","1,2,3,1,3,3,3,3,2,4,4,3,3,1,4,4,2","0.000828027725219727","louvain","graph_2024M12.graphml"
"0.05","0.54","0.41","0.131396700198141","1,2,3,1,3,3,3,3,2,3,3,3,3,1,1,3,2","0.00094294548034668","louvain","graph_2024M12.graphml"
"0.04","0.55","0.41","0.131461538461538","1,2,3,1,4,3,4,4,2,4,4,4,3,1,1,4,3","0.000896930694580078","louvain","graph_2024M12.graphml"
"0.03","0.56","0.41","0.13272426035503","1,2,3,1,4,4,4,4,2,4,4,3,4,1,1,4,2","0.000943899154663086","louvain","graph_2024M12.graphml"
"0.02","0.57","0.41","0.131848438300051","1,2,3,1,4,4,4,4,2,4,4,3,4,1,1,4,2","0.000874996185302734","louvain","graph_2024M12.graphml"
"0.01","0.58","0.41","0.13202068895543","1,2,3,1,3,3,3,3,2,4,4,3,3,1,4,4,2","0.00122284889221191","louvain","graph_2024M12.graphml"
"0","0.59","0.41","0.128919561958906","1,2,3,1,4,3,4,4,2,4,3,4,3,4,1,2,3","0.000967025756835938","louvain","graph_2024M12.graphml"
"0.58","0","0.42","0.132221740593137","1,2,3,1,3,4,3,3,2,4,3,3,3,1,1,3,1","0.000941991806030273","louvain","graph_2024M12.graphml"
"0.57","0.01","0.42","0.130081508955745","1,2,3,1,3,4,3,3,2,4,3,3,3,1,1,3,1","0.000810146331787109","louvain","graph_2024M12.graphml"
"0.56","0.02","0.42","0.129638073979592","1,2,3,1,3,4,3,3,2,4,3,3,3,1,1,3,1","0.000897884368896484","louvain","graph_2024M12.graphml"
"0.55","0.03","0.42","0.127369410290547","1,2,3,1,3,4,3,3,2,4,3,3,3,1,1,3,3","0.000905036926269531","louvain","graph_2024M12.graphml"
"0.54","0.04","0.42","0.127654445408708","1,2,3,1,3,3,3,3,2,3,3,3,3,1,1,3,3","0.00150108337402344","louvain","graph_2024M12.graphml"
"0.53","0.05","0.42","0.128044013542628","1,2,3,1,3,3,3,3,2,4,3,3,3,4,1,3,3","0.000798940658569336","louvain","graph_2024M12.graphml"
"0.52","0.06","0.42","0.129616805170822","1,2,3,1,3,4,3,3,2,4,3,3,3,1,1,3,3","0.00144100189208984","louvain","graph_2024M12.graphml"
"0.51","0.07","0.42","0.13048205593775","1,2,3,1,3,4,3,3,2,4,3,3,3,1,1,3,1","0.000823020935058594","louvain","graph_2024M12.graphml"
"0.5","0.08","0.42","0.131160142305247","1,2,3,1,3,4,3,3,2,4,3,3,3,1,1,3,3","0.000876903533935547","louvain","graph_2024M12.graphml"
"0.49","0.09","0.42","0.13269100025495","1,2,3,1,3,4,3,3,2,4,3,3,3,1,1,3,1","0.000869989395141602","louvain","graph_2024M12.graphml"
"0.48","0.1","0.42","0.13269100025495","1,2,3,1,3,4,3,3,2,4,3,3,3,1,1,3,1","0.000833034515380859","louvain","graph_2024M12.graphml"
"0.47","0.11","0.42","0.131712665406427","1,2,3,1,3,4,3,3,2,4,3,3,3,1,1,3,1","0.00091099739074707","louvain","graph_2024M12.graphml"
"0.46","0.12","0.42","0.131894488013961","1,2,3,1,3,4,3,3,2,4,3,3,3,1,1,3,1","0.00151801109313965","louvain","graph_2024M12.graphml"
"0.45","0.13","0.42","0.129802670871961","1,2,3,1,3,4,3,3,2,4,3,3,3,1,1,3,1","0.000774860382080078","louvain","graph_2024M12.graphml"
"0.44","0.14","0.42","0.131252638862826","1,2,3,1,3,4,3,3,2,4,3,3,3,1,1,3,1","0.000813961029052734","louvain","graph_2024M12.graphml"
"0.43","0.15","0.42","0.132280224580368","1,2,3,1,3,3,3,3,2,4,3,5,3,4,1,3,1","0.000894069671630859","louvain","graph_2024M12.graphml"
"0.42","0.16","0.42","0.132452045444028","1,2,3,1,3,3,3,3,2,4,3,5,3,4,1,3,1","0.000902891159057617","louvain","graph_2024M12.graphml"
"0.41","0.17","0.42","0.132765419558072","1,2,3,1,3,3,3,3,2,4,3,4,3,4,1,3,1","0.000788211822509766","louvain","graph_2024M12.graphml"
"0.4","0.18","0.42","0.132238396810456","1,2,3,1,3,3,3,3,2,4,3,4,3,4,1,3,1","0.000798940658569336","louvain","graph_2024M12.graphml"
"0.39","0.19","0.42","0.131335804736478","1,2,3,1,3,3,3,3,2,4,3,4,3,4,1,3,1","0.000821113586425781","louvain","graph_2024M12.graphml"
"0.38","0.2","0.42","0.130424868249178","1,2,3,1,3,3,3,3,4,2,3,5,3,4,1,3,1","0.00165295600891113","louvain","graph_2024M12.graphml"
"0.37","0.21","0.42","0.133358407624076","1,2,3,1,3,3,3,3,2,4,3,4,3,4,1,3,1","0.00144696235656738","louvain","graph_2024M12.graphml"
"0.36","0.22","0.42","0.132667129935964","1,2,3,1,3,3,3,3,2,4,3,4,3,4,1,3,2","0.000780820846557617","louvain","graph_2024M12.graphml"
"0.35","0.23","0.42","0.13364355667764","1,2,3,1,3,3,3,3,2,4,3,5,3,1,1,3,2","0.000818967819213867","louvain","graph_2024M12.graphml"
"0.34","0.24","0.42","0.135308085263972","1,2,3,1,3,3,3,3,2,3,3,4,3,1,1,3,2","0.00125288963317871","louvain","graph_2024M12.graphml"
"0.33","0.25","0.42","0.135335061028393","1,2,3,1,3,3,3,3,2,4,3,5,3,1,1,3,2","0.00148391723632812","louvain","graph_2024M12.graphml"
"0.32","0.26","0.42","0.133830959419511","1,2,3,1,3,3,3,3,2,4,3,5,3,1,1,3,2","0.00116395950317383","louvain","graph_2024M12.graphml"
"0.31","0.27","0.42","0.133224490451917","1,2,3,1,3,3,3,3,2,3,3,4,3,1,1,3,2","0.000823974609375","louvain","graph_2024M12.graphml"
"0.3","0.28","0.42","0.134095059592464","1,2,3,2,3,3,3,3,2,3,3,4,3,1,1,3,2","0.00163817405700684","louvain","graph_2024M12.graphml"
"0.29","0.29","0.42","0.133178894480386","1,2,3,2,3,3,3,3,2,3,3,4,3,1,1,3,2","0.000831127166748047","louvain","graph_2024M12.graphml"
"0.28","0.3","0.42","0.13226532907511","1,2,3,2,3,3,3,3,2,3,3,4,3,1,1,3,2","0.000805854797363281","louvain","graph_2024M12.graphml"
"0.27","0.31","0.42","0.131941304778901","1,2,3,4,3,3,3,3,2,4,3,4,3,1,1,3,2","0.000929117202758789","louvain","graph_2024M12.graphml"
"0.26","0.32","0.42","0.133078523127354","1,2,3,2,3,3,3,3,2,3,3,4,3,1,1,3,2","0.000924110412597656","louvain","graph_2024M12.graphml"
"0.25","0.33","0.42","0.13116935483871","1,2,3,4,3,3,3,4,2,3,3,4,3,1,1,2,2","0.00191187858581543","louvain","graph_2024M12.graphml"
"0.24","0.34","0.42","0.131500094040899","1,2,3,2,3,4,3,3,2,4,3,3,3,1,1,3,2","0.000501871109008789","louvain","graph_2024M12.graphml"
"0.23","0.35","0.42","0.13241472","1,2,3,1,4,3,3,3,2,4,3,3,3,1,1,4,2","0.00200700759887695","louvain","graph_2024M12.graphml"
"0.22","0.36","0.42","0.132373524280904","1,2,3,1,4,4,4,4,2,4,4,3,4,1,1,4,2","0.000887870788574219","louvain","graph_2024M12.graphml"
"0.21","0.37","0.42","0.132054059109142","1,2,3,1,3,3,3,3,2,3,3,3,3,1,1,3,2","0.000828027725219727","louvain","graph_2024M12.graphml"
"0.2","0.38","0.42","0.130719733976959","1,2,3,1,3,3,3,3,2,3,3,3,3,1,1,3,2","0.00149798393249512","louvain","graph_2024M12.graphml"
"0.19","0.39","0.42","0.128931665206682","1,2,3,2,3,3,3,3,2,3,3,3,3,1,1,3,2","0.000882148742675781","louvain","graph_2024M12.graphml"
"0.18","0.4","0.42","0.12922313066892","1,2,3,2,4,3,3,3,2,4,3,3,3,1,1,4,2","0.00150299072265625","louvain","graph_2024M12.graphml"
"0.17","0.41","0.42","0.130054931640625","1,2,3,2,3,3,3,3,2,3,3,3,3,1,1,3,2","0.000867843627929688","louvain","graph_2024M12.graphml"
"0.16","0.42","0.42","0.130481818336696","1,2,3,2,3,3,3,3,2,3,3,3,3,1,1,3,2","0.00117611885070801","louvain","graph_2024M12.graphml"
"0.15","0.43","0.42","0.130481818336696","1,2,3,2,3,3,3,3,2,3,3,3,3,1,1,3,2","0.000797033309936523","louvain","graph_2024M12.graphml"
"0.14","0.44","0.42","0.132242428933194","1,2,3,1,3,3,3,3,2,3,3,3,3,1,1,3,2","0.000823020935058594","louvain","graph_2024M12.graphml"
"0.13","0.45","0.42","0.132749233820083","1,2,3,1,3,3,3,3,2,3,3,3,3,1,1,3,2","0.000799179077148438","louvain","graph_2024M12.graphml"
"0.12","0.46","0.42","0.13158254176691","1,2,3,1,3,3,3,3,2,4,4,3,3,1,4,4,2","0.000989913940429688","louvain","graph_2024M12.graphml"
"0.11","0.47","0.42","0.132286931241325","1,2,3,1,3,3,3,3,2,3,3,3,3,1,1,3,2","0.000886201858520508","louvain","graph_2024M12.graphml"
"0.1","0.48","0.42","0.13081521648809","1,2,3,1,3,3,3,3,2,3,3,3,3,1,1,3,3","0.000988960266113281","louvain","graph_2024M12.graphml"
"0.09","0.49","0.42","0.131383431952663","1,2,3,1,3,3,3,3,2,3,3,3,3,1,1,3,2","0.000864028930664062","louvain","graph_2024M12.graphml"
"0.08","0.5","0.42","0.129700592623514","1,2,3,3,3,3,3,3,2,4,4,3,3,1,1,4,2","0.00118708610534668","louvain","graph_2024M12.graphml"
"0.07","0.51","0.42","0.129245381970748","1,2,3,1,3,3,3,3,2,3,3,3,3,1,1,3,2","0.00111198425292969","louvain","graph_2024M12.graphml"
"0.06","0.52","0.42","0.130540091602205","1,2,3,1,3,3,3,3,2,3,3,3,3,1,1,3,2","0.000884056091308594","louvain","graph_2024M12.graphml"
"0.05","0.53","0.42","0.130782235936475","1,2,3,3,3,3,3,3,2,4,4,3,3,1,1,4,2","0.000879049301147461","louvain","graph_2024M12.graphml"
"0.04","0.54","0.42","0.129606290174472","1,2,3,1,3,3,3,3,2,4,4,3,3,3,1,4,2","0.000800848007202148","louvain","graph_2024M12.graphml"
"0.03","0.55","0.42","0.130029161836785","1,2,3,1,3,3,3,3,2,4,4,3,3,3,1,4,2","0.000859975814819336","louvain","graph_2024M12.graphml"
"0.02","0.56","0.42","0.130226856220061","1,2,3,1,3,3,3,3,2,3,3,3,3,1,1,3,2","0.000838994979858398","louvain","graph_2024M12.graphml"
"0.01","0.57","0.42","0.130106846062525","1,2,3,2,3,3,3,3,2,4,4,3,3,3,1,4,2","0.00208187103271484","louvain","graph_2024M12.graphml"
"0","0.58","0.42","0.132398084205837","1,2,3,2,3,3,3,3,2,4,4,3,3,3,1,4,2","0.000865936279296875","louvain","graph_2024M12.graphml"
"0.57","0","0.43","0.131832704391022","1,2,3,1,3,4,3,3,2,4,3,3,3,1,1,3,1","0.000787019729614258","louvain","graph_2024M12.graphml"
"0.56","0.01","0.43","0.13269100025495","1,2,3,1,3,4,3,3,2,4,3,3,3,1,1,3,1","0.000792980194091797","louvain","graph_2024M12.graphml"
"0.55","0.02","0.43","0.131712665406427","1,2,3,1,3,4,3,3,2,4,3,3,3,1,1,3,1","0.000808000564575195","louvain","graph_2024M12.graphml"
"0.54","0.03","0.43","0.131041726948302","1,2,3,1,3,4,3,3,2,4,3,3,3,1,1,3,1","0.000838994979858398","louvain","graph_2024M12.graphml"
"0.53","0.04","0.43","0.130736581219095","1,2,3,1,3,4,3,3,2,4,3,3,3,1,1,3,1","0.000877141952514648","louvain","graph_2024M12.graphml"
"0.52","0.05","0.43","0.129393579072533","1,2,2,1,2,2,2,2,3,2,2,4,2,1,1,2,1","0.000880956649780273","louvain","graph_2024M12.graphml"
"0.51","0.06","0.43","0.129085922461945","1,2,3,1,3,4,3,3,2,4,3,3,3,1,1,3,1","0.000795841217041016","louvain","graph_2024M12.graphml"
"0.5","0.07","0.43","0.128577270814884","1,2,3,1,3,4,3,3,2,4,3,3,3,1,1,3,1","0.000823020935058594","louvain","graph_2024M12.graphml"
"0.49","0.08","0.43","0.130587777774553","1,2,3,1,3,4,3,3,2,4,3,3,3,1,1,3,1","0.000900030136108398","louvain","graph_2024M12.graphml"
"0.48","0.09","0.43","0.13156564205688","1,2,2,1,2,2,2,2,3,2,2,4,2,3,1,2,1","0.000813007354736328","louvain","graph_2024M12.graphml"
"0.47","0.1","0.43","0.13150708774653","1,2,3,1,3,3,3,3,2,4,3,4,3,4,1,3,1","0.000771999359130859","louvain","graph_2024M12.graphml"
"0.46","0.11","0.43","0.130604665447648","1,2,3,1,3,3,3,3,2,4,3,4,3,4,1,3,1","0.000577926635742188","louvain","graph_2024M12.graphml"
"0.45","0.12","0.43","0.12960666619589","1,2,3,1,3,3,3,3,4,2,3,5,3,4,1,3,1","0.000792980194091797","louvain","graph_2024M12.graphml"
"0.44","0.13","0.43","0.130424868249178","1,2,3,1,3,3,3,3,4,2,3,5,3,4,1,3,1","0.00158214569091797","louvain","graph_2024M12.graphml"
"0.43","0.14","0.43","0.132004955201843","1,2,3,1,3,3,3,3,2,4,3,4,3,4,1,3,1","0.000931024551391602","louvain","graph_2024M12.graphml"
"0.42","0.15","0.43","0.132208936298626","1,2,3,1,3,3,3,3,2,4,3,5,3,1,1,3,2","0.000781059265136719","louvain","graph_2024M12.graphml"
"0.41","0.16","0.43","0.132984183397534","1,2,3,1,3,3,3,3,2,4,3,5,3,1,1,3,2","0.000858068466186523","louvain","graph_2024M12.graphml"
"0.4","0.17","0.43","0.133704061230608","1,2,3,1,3,3,3,3,2,4,3,5,3,1,1,3,2","0.00174188613891602","louvain","graph_2024M12.graphml"
"0.39","0.18","0.43","0.131228473954333","1,2,3,1,3,3,3,3,2,3,3,4,3,1,1,3,2","0.000863075256347656","louvain","graph_2024M12.graphml"
"0.38","0.19","0.43","0.133188273327563","1,2,3,1,3,3,3,3,2,3,3,4,3,1,1,3,2","0.000855922698974609","louvain","graph_2024M12.graphml"
"0.37","0.2","0.43","0.133562001601839","1,2,3,2,3,3,3,3,2,3,3,4,3,1,1,3,2","0.000800132751464844","louvain","graph_2024M12.graphml"
"0.36","0.21","0.43","0.131315679866718","1,2,3,2,3,3,3,3,2,3,3,3,3,1,1,3,2","0.000814914703369141","louvain","graph_2024M12.graphml"
"0.35","0.22","0.43","0.13226532907511","1,2,3,2,3,3,3,3,2,3,3,4,3,1,1,3,2","0.00158882141113281","louvain","graph_2024M12.graphml"
"0.34","0.23","0.43","0.13226532907511","1,2,3,2,3,3,3,3,2,3,3,4,3,1,1,3,2","0.000794887542724609","louvain","graph_2024M12.graphml"
"0.33","0.24","0.43","0.132859936329904","1,2,3,2,3,3,3,3,2,4,3,5,3,1,1,3,2","0.000812053680419922","louvain","graph_2024M12.graphml"
"0.32","0.25","0.43","0.132859936329904","1,2,3,2,3,3,3,3,2,4,3,5,3,1,1,3,2","0.000888824462890625","louvain","graph_2024M12.graphml"
"0.31","0.26","0.43","0.130505983350676","1,2,3,2,3,3,3,3,2,3,3,4,3,1,1,3,2","0.000847101211547852","louvain","graph_2024M12.graphml"
"0.3","0.27","0.43","0.129099343690116","1,2,3,4,3,3,3,4,2,3,3,4,3,1,1,2,2","0.000797033309936523","louvain","graph_2024M12.graphml"
"0.29","0.28","0.43","0.12846208","1,2,3,4,3,3,3,4,2,3,3,4,3,1,1,3,2","0.000847816467285156","louvain","graph_2024M12.graphml"
"0.28","0.29","0.43","0.130731723396487","1,2,3,1,3,3,3,3,2,3,3,3,3,1,1,3,2","0.000835895538330078","louvain","graph_2024M12.graphml"
"0.27","0.3","0.43","0.130719733976959","1,2,3,1,3,3,3,3,2,3,3,3,3,1,1,3,2","0.0015718936920166","louvain","graph_2024M12.graphml"
"0.26","0.31","0.43","0.131165127784009","1,2,3,1,3,3,3,3,2,3,3,3,3,1,1,3,2","0.000895023345947266","louvain","graph_2024M12.graphml"
"0.25","0.32","0.43","0.128754291234668","1,2,3,2,3,3,3,3,2,3,3,3,3,1,1,3,2","0.00159978866577148","louvain","graph_2024M12.graphml"
"0.24","0.33","0.43","0.128754291234668","1,2,3,2,3,3,3,3,2,3,3,3,3,1,1,3,2","0.000918149948120117","louvain","graph_2024M12.graphml"
"0.23","0.34","0.43","0.128754291234668","1,2,3,2,3,3,3,3,2,3,3,3,3,1,1,3,2","0.000877141952514648","louvain","graph_2024M12.graphml"
"0.22","0.35","0.43","0.130054931640625","1,2,3,2,3,3,3,3,2,3,3,3,3,1,1,3,2","0.0012199878692627","louvain","graph_2024M12.graphml"
"0.21","0.36","0.43","0.130910946694756","1,2,3,1,3,3,3,3,2,3,3,3,3,1,1,3,2","0.000805139541625977","louvain","graph_2024M12.graphml"
"0.2","0.37","0.43","0.130910946694756","1,2,3,1,3,3,3,3,2,3,3,3,3,1,1,3,2","0.00149178504943848","louvain","graph_2024M12.graphml"
"0.19","0.38","0.43","0.131346205779098","1,2,3,1,3,3,3,3,2,3,3,3,3,1,1,3,2","0.000823974609375","louvain","graph_2024M12.graphml"
"0.18","0.39","0.43","0.13158254176691","1,2,3,1,3,3,3,3,2,4,4,3,3,1,4,4,2","0.000905036926269531","louvain","graph_2024M12.graphml"
"0.17","0.4","0.43","0.131345562130177","1,2,3,1,3,3,3,3,2,4,4,3,3,1,4,4,2","0.000796794891357422","louvain","graph_2024M12.graphml"
"0.16","0.41","0.43","0.131409019910422","1,2,3,1,3,3,3,3,2,3,3,3,3,1,1,3,2","0.000833034515380859","louvain","graph_2024M12.graphml"
"0.15","0.42","0.43","0.130501313955989","1,2,3,1,3,3,3,3,2,4,4,3,3,1,4,4,2","0.00171709060668945","louvain","graph_2024M12.graphml"
"0.14","0.43","0.43","0.129377974419988","1,2,3,3,3,3,3,3,2,4,4,3,3,1,1,4,2","0.000859975814819336","louvain","graph_2024M12.graphml"
"0.13","0.44","0.43","0.130158994924117","1,2,3,3,3,3,3,3,2,4,4,3,3,1,1,4,2","0.00104403495788574","louvain","graph_2024M12.graphml"
"0.12","0.45","0.43","0.130540091602205","1,2,3,1,3,3,3,3,2,3,3,3,3,1,1,3,2","0.000877141952514648","louvain","graph_2024M12.graphml"
"0.11","0.46","0.43","0.130953230742307","1,2,3,3,3,3,3,3,2,4,4,3,3,1,1,4,2","0.00100898742675781","louvain","graph_2024M12.graphml"
"0.1","0.47","0.43","0.129553168650626","1,2,3,3,3,3,3,3,2,4,4,3,3,1,1,4,2","0.000869989395141602","louvain","graph_2024M12.graphml"
"0.09","0.48","0.43","0.130356138409058","1,2,3,1,3,3,3,3,2,4,4,3,3,3,1,4,2","0.000980138778686523","louvain","graph_2024M12.graphml"
"0.08","0.49","0.43","0.130555104654204","1,2,3,3,3,3,3,3,2,4,4,3,3,1,1,4,2","0.000948905944824219","louvain","graph_2024M12.graphml"
"0.07","0.5","0.43","0.130774919063207","1,2,3,1,3,3,3,3,2,4,4,3,3,3,1,4,2","0.000981807708740234","louvain","graph_2024M12.graphml"
"0.06","0.51","0.43","0.131786505079755","1,2,3,2,3,3,3,3,2,4,4,3,3,3,1,4,2","0.000871896743774414","louvain","graph_2024M12.graphml"
"0.05","0.52","0.43","0.130377953140651","1,2,3,2,3,3,3,3,2,4,3,3,3,1,4,3,2","0.00119495391845703","louvain","graph_2024M12.graphml"
"0.04","0.53","0.43","0.131899260148942","1,2,3,2,3,3,3,3,2,4,4,3,3,3,1,4,2","0.000840902328491211","louvain","graph_2024M12.graphml"
"0.03","0.54","0.43","0.131949519675263","1,2,3,2,3,3,3,3,2,4,4,3,3,1,4,3,2","0.00176906585693359","louvain","graph_2024M12.graphml"
"0.02","0.55","0.43","0.131949519675263","1,2,3,2,3,3,3,3,2,4,4,3,3,1,4,3,2","0.000837802886962891","louvain","graph_2024M12.graphml"
"0.01","0.56","0.43","0.132611071959226","1,2,3,2,3,3,4,3,2,4,4,3,3,1,1,4,2","0.000954866409301758","louvain","graph_2024M12.graphml"
"0","0.57","0.43","0.133647275086505","1,2,3,2,3,3,3,3,2,4,4,3,3,3,4,3,2","0.000894069671630859","louvain","graph_2024M12.graphml"
"0.56","0","0.44","0.127921807562394","1,2,3,1,3,4,3,3,2,4,3,3,3,1,1,3,1","0.00103902816772461","louvain","graph_2024M12.graphml"
"0.55","0.01","0.44","0.128728175907663","1,2,2,1,2,2,2,2,3,2,2,4,2,1,1,2,1","0.000865936279296875","louvain","graph_2024M12.graphml"
"0.54","0.02","0.44","0.131261872299457","1,2,3,1,3,4,3,3,2,4,3,3,3,4,1,3,1","0.000900030136108398","louvain","graph_2024M12.graphml"
"0.53","0.03","0.44","0.129081731647188","1,2,3,1,3,3,3,3,4,2,3,5,3,4,1,3,1","0.000905036926269531","louvain","graph_2024M12.graphml"
"0.52","0.04","0.44","0.128968090340083","1,2,3,1,3,3,3,3,2,4,3,4,3,4,1,3,1","0.000819921493530273","louvain","graph_2024M12.graphml"
"0.51","0.05","0.44","0.130537391427159","1,2,3,1,3,3,3,3,2,4,3,4,3,4,1,3,1","0.000820159912109375","louvain","graph_2024M12.graphml"
"0.5","0.06","0.44","0.129911096347011","1,2,3,1,3,3,3,3,2,4,3,4,3,4,1,3,1","0.000807046890258789","louvain","graph_2024M12.graphml"
"0.49","0.07","0.44","0.130699041397747","1,2,3,1,3,3,3,3,2,4,3,5,3,1,1,3,1","0.00176382064819336","louvain","graph_2024M12.graphml"
"0.48","0.08","0.44","0.132208936298626","1,2,3,1,3,3,3,3,2,4,3,5,3,1,1,3,2","0.000728845596313477","louvain","graph_2024M12.graphml"
"0.47","0.09","0.44","0.131467643962984","1,2,3,1,3,3,3,3,2,4,3,5,3,1,1,3,2","0.000812053680419922","louvain","graph_2024M12.graphml"
"0.46","0.1","0.44","0.131467643962984","1,2,3,1,3,3,3,3,2,4,3,5,3,1,1,3,2","0.000911951065063477","louvain","graph_2024M12.graphml"
"0.45","0.11","0.44","0.130633153473123","1,2,3,1,3,3,3,3,2,4,3,4,3,1,1,3,2","0.000813961029052734","louvain","graph_2024M12.graphml"
"0.44","0.12","0.44","0.130657160149709","1,2,3,1,3,3,3,3,2,4,3,5,3,1,1,3,2","0.000823974609375","louvain","graph_2024M12.graphml"
"0.43","0.13","0.44","0.13210748926527","1,2,3,2,3,3,3,3,2,3,3,4,3,1,1,3,2","0.00101089477539062","louvain","graph_2024M12.graphml"
"0.42","0.14","0.44","0.131192863855782","1,2,3,2,3,3,3,3,2,3,3,4,3,1,1,3,2","0.000800132751464844","louvain","graph_2024M12.graphml"
"0.41","0.15","0.44","0.131731196559589","1,2,3,2,3,3,3,3,2,3,3,4,3,1,1,3,2","0.000842809677124023","louvain","graph_2024M12.graphml"
"0.4","0.16","0.44","0.131493018317104","1,2,3,4,3,3,3,3,2,4,3,4,3,1,1,3,2","0.000792980194091797","louvain","graph_2024M12.graphml"
"0.39","0.17","0.44","0.132160750875801","1,2,3,2,3,3,3,3,2,4,3,5,3,1,1,3,2","0.00172901153564453","louvain","graph_2024M12.graphml"
"0.38","0.18","0.44","0.130869292256934","1,2,3,2,3,3,3,3,2,4,3,5,3,1,1,3,2","0.00179100036621094","louvain","graph_2024M12.graphml"
"0.37","0.19","0.44","0.129824111025539","1,2,3,2,3,3,3,3,2,3,3,4,3,1,1,3,2","0.000893831253051758","louvain","graph_2024M12.graphml"
"0.36","0.2","0.44","0.128495938206112","1,2,3,2,4,4,4,4,2,4,4,3,4,1,1,4,2","0.000977039337158203","louvain","graph_2024M12.graphml"
"0.35","0.21","0.44","0.129655809490757","1,2,3,2,3,4,3,3,2,4,3,3,3,1,1,3,2","0.00141716003417969","louvain","graph_2024M12.graphml"
"0.34","0.22","0.44","0.128449683557142","1,2,3,2,3,3,3,3,2,3,3,3,3,1,1,3,2","0.000935077667236328","louvain","graph_2024M12.graphml"
"0.33","0.23","0.44","0.128648193690745","1,2,3,3,4,3,3,3,2,4,3,3,3,1,1,4,2","0.00182890892028809","louvain","graph_2024M12.graphml"
"0.32","0.24","0.44","0.126808854750841","1,2,3,3,4,3,3,3,2,4,3,3,3,1,1,4,2","0.000808954238891602","louvain","graph_2024M12.graphml"
"0.31","0.25","0.44","0.127678095356191","1,2,3,3,4,3,3,3,2,4,3,3,3,1,1,4,2","0.000838994979858398","louvain","graph_2024M12.graphml"
"0.3","0.26","0.44","0.129202822295444","1,2,3,2,4,3,4,3,2,4,4,3,3,1,1,4,2","0.000904083251953125","louvain","graph_2024M12.graphml"
"0.29","0.27","0.44","0.12922313066892","1,2,3,2,4,3,3,3,2,4,3,3,3,1,1,4,2","0.000845909118652344","louvain","graph_2024M12.graphml"
"0.28","0.28","0.44","0.1291455078125","1,2,3,1,3,3,3,3,2,3,3,3,3,1,1,3,2","0.000950098037719727","louvain","graph_2024M12.graphml"
"0.27","0.29","0.44","0.131346205779098","1,2,3,1,3,3,3,3,2,3,3,3,3,1,1,3,2","0.000841856002807617","louvain","graph_2024M12.graphml"
"0.26","0.3","0.44","0.130452496845142","1,2,3,1,3,3,3,3,2,3,3,3,3,1,1,3,2","0.00100994110107422","louvain","graph_2024M12.graphml"
"0.25","0.31","0.44","0.129561291683041","1,2,3,1,3,3,3,3,2,3,3,3,3,1,1,3,2","0.000742197036743164","louvain","graph_2024M12.graphml"
"0.24","0.32","0.44","0.129592716430422","1,2,3,1,3,3,3,3,2,3,3,3,3,1,1,3,2","0.00082087516784668","louvain","graph_2024M12.graphml"
"0.23","0.33","0.44","0.129856937572115","1,2,3,1,3,3,3,3,2,3,3,3,3,1,3,3,2","0.000854969024658203","louvain","graph_2024M12.graphml"
"0.22","0.34","0.44","0.13012372695901","1,2,3,1,3,3,3,3,2,3,3,3,3,1,1,3,2","0.000997066497802734","louvain","graph_2024M12.graphml"
"0.21","0.35","0.44","0.130657887069518","1,2,3,1,3,3,3,3,2,4,4,3,3,1,4,4,2","0.000823974609375","louvain","graph_2024M12.graphml"
"0.2","0.36","0.44","0.130657887069518","1,2,3,1,3,3,3,3,2,4,4,3,3,1,4,4,2","0.000933170318603516","louvain","graph_2024M12.graphml"
"0.19","0.37","0.44","0.130540091602205","1,2,3,1,3,3,3,3,2,3,3,3,3,1,1,3,2","0.00153589248657227","louvain","graph_2024M12.graphml"
"0.18","0.38","0.44","0.130395987851184","1,2,3,1,4,4,4,4,2,4,4,3,4,1,1,4,2","0.000815868377685547","louvain","graph_2024M12.graphml"
"0.17","0.39","0.44","0.129553168650626","1,2,3,3,3,3,3,3,2,4,4,3,3,1,1,4,2","0.000787973403930664","louvain","graph_2024M12.graphml"
"0.16","0.4","0.44","0.128741066620422","1,2,3,3,3,3,3,3,2,4,4,3,3,1,1,4,2","0.00154614448547363","louvain","graph_2024M12.graphml"
"0.15","0.41","0.44","0.129515502685585","1,2,3,3,3,3,3,3,2,4,4,3,3,1,1,4,2","0.000887155532836914","louvain","graph_2024M12.graphml"
"0.14","0.42","0.44","0.129515502685585","1,2,3,3,3,3,3,3,2,4,4,3,3,1,1,4,2","0.000802993774414062","louvain","graph_2024M12.graphml"
"0.13","0.43","0.44","0.129937249137882","1,2,3,3,3,3,3,3,2,4,4,3,3,1,1,4,2","0.00102591514587402","louvain","graph_2024M12.graphml"
"0.12","0.44","0.44","0.129080870022943","1,2,3,2,3,3,3,3,2,4,3,3,3,1,4,3,2","0.000802993774414062","louvain","graph_2024M12.graphml"
"0.11","0.45","0.44","0.131286759495465","1,2,3,2,3,3,3,3,2,4,4,3,3,3,1,4,2","0.000866174697875977","louvain","graph_2024M12.graphml"
"0.1","0.46","0.44","0.131286759495465","1,2,3,2,3,3,3,3,2,4,4,3,3,3,1,4,2","0.000905990600585938","louvain","graph_2024M12.graphml"
"0.09","0.47","0.44","0.129881705286281","1,2,3,2,3,3,3,3,2,4,3,3,3,1,4,3,2","0.000849008560180664","louvain","graph_2024M12.graphml"
"0.08","0.48","0.44","0.131143842069579","1,2,3,2,3,3,3,3,2,4,4,3,3,3,4,3,2","0.000957965850830078","louvain","graph_2024M12.graphml"
"0.07","0.49","0.44","0.1319670781893","1,2,3,2,3,3,3,3,2,4,4,3,3,3,4,3,2","0.000880956649780273","louvain","graph_2024M12.graphml"
"0.06","0.5","0.44","0.130811054940883","1,2,3,2,3,3,3,3,2,4,4,3,3,3,4,3,2","0.00084996223449707","louvain","graph_2024M12.graphml"
"0.05","0.51","0.44","0.130952638408305","1,2,3,2,4,3,4,3,2,4,3,4,3,4,1,4,2","0.00104403495788574","louvain","graph_2024M12.graphml"
"0.04","0.52","0.44","0.13192365916955","1,2,3,2,4,3,4,4,2,4,3,4,3,4,1,4,3","0.000865936279296875","louvain","graph_2024M12.graphml"
"0.03","0.53","0.44","0.132156385252385","1,2,3,2,4,3,4,3,2,4,3,4,3,4,1,4,2","0.000963926315307617","louvain","graph_2024M12.graphml"
"0.02","0.54","0.44","0.133675093067553","1,2,3,2,4,4,4,4,2,4,3,4,3,4,1,4,3","0.000885009765625","louvain","graph_2024M12.graphml"
"0.01","0.55","0.44","0.13262421506527","1,2,3,2,4,4,4,4,2,4,3,4,3,1,1,4,3","0.000871896743774414","louvain","graph_2024M12.graphml"
"0","0.56","0.44","0.132039576998897","1,2,3,2,4,4,4,4,2,4,3,4,3,4,1,4,3","0.000902891159057617","louvain","graph_2024M12.graphml"
"0.55","0","0.45","0.128537432467198","1,2,3,1,3,3,3,3,2,4,3,5,3,1,1,3,1","0.000874042510986328","louvain","graph_2024M12.graphml"
"0.54","0.01","0.45","0.127827777777778","1,2,2,1,2,2,2,2,3,2,2,4,2,1,1,2,3","0.000992059707641602","louvain","graph_2024M12.graphml"
"0.53","0.02","0.45","0.131467643962984","1,2,3,1,3,3,3,3,2,4,3,5,3,1,1,3,2","0.000801801681518555","louvain","graph_2024M12.graphml"
"0.52","0.03","0.45","0.129936879826597","1,2,3,1,3,3,3,3,2,4,3,5,3,1,1,3,2","0.00096893310546875","louvain","graph_2024M12.graphml"
"0.51","0.04","0.45","0.129936879826597","1,2,3,1,3,3,3,3,2,4,3,5,3,1,1,3,2","0.000792026519775391","louvain","graph_2024M12.graphml"
"0.5","0.05","0.45","0.129201657789541","1,2,3,1,3,4,3,3,2,4,3,3,3,1,1,3,2","0.000805854797363281","louvain","graph_2024M12.graphml"
"0.49","0.06","0.45","0.130230425467452","1,2,3,2,3,3,3,3,2,4,3,5,3,1,1,3,2","0.000833034515380859","louvain","graph_2024M12.graphml"
"0.48","0.07","0.45","0.131319963248786","1,2,3,2,3,3,3,3,2,4,3,5,3,1,1,3,2","0.0016169548034668","louvain","graph_2024M12.graphml"
"0.47","0.08","0.45","0.130780362253834","1,2,3,4,3,3,3,3,2,4,3,4,3,1,1,3,2","0.000817775726318359","louvain","graph_2024M12.graphml"
"0.46","0.09","0.45","0.131192863855782","1,2,3,2,3,3,3,3,2,3,3,4,3,1,1,3,2","0.000825166702270508","louvain","graph_2024M12.graphml"
"0.45","0.1","0.45","0.129584194214876","1,2,3,2,3,3,3,3,2,3,3,4,3,1,1,3,2","0.000915050506591797","louvain","graph_2024M12.graphml"
"0.44","0.11","0.45","0.128258324661811","1,2,3,2,3,3,3,3,2,3,3,4,3,1,1,3,2","0.000841856002807617","louvain","graph_2024M12.graphml"
"0.43","0.12","0.45","0.126576699992763","1,2,3,2,3,3,3,3,2,3,3,3,3,1,1,3,2","0.00152993202209473","louvain","graph_2024M12.graphml"
"0.42","0.13","0.45","0.127328","1,2,3,2,3,4,3,3,2,4,3,3,3,1,1,3,2","0.000945091247558594","louvain","graph_2024M12.graphml"
"0.41","0.14","0.45","0.128169369902724","1,2,3,2,3,4,3,3,2,4,3,3,3,1,1,3,2","0.000817060470581055","louvain","graph_2024M12.graphml"
"0.4","0.15","0.45","0.127999969475668","1,2,3,2,3,3,3,3,2,3,3,3,3,1,1,3,2","0.000869989395141602","louvain","graph_2024M12.graphml"
"0.39","0.16","0.45","0.127761131803466","1,2,3,2,4,3,3,3,2,4,3,3,3,1,1,4,2","0.00165700912475586","louvain","graph_2024M12.graphml"
"0.38","0.17","0.45","0.128262794932779","1,2,3,1,3,3,3,3,2,3,3,3,3,1,1,3,2","0.000783920288085938","louvain","graph_2024M12.graphml"
"0.37","0.18","0.45","0.129198338396677","1,2,3,2,3,3,3,3,2,3,3,3,3,1,1,3,2","0.000883102416992188","louvain","graph_2024M12.graphml"
"0.36","0.19","0.45","0.12743211038793","1,2,3,2,3,3,3,3,2,3,3,3,3,1,1,3,2","0.00085902214050293","louvain","graph_2024M12.graphml"
"0.35","0.2","0.45","0.12765569245765","1,2,3,3,4,3,4,3,2,4,4,3,3,1,1,4,2","0.000944852828979492","louvain","graph_2024M12.graphml"
"0.34","0.21","0.45","0.128519287109375","1,2,3,3,4,3,4,3,2,4,4,3,3,1,1,4,2","0.000864982604980469","louvain","graph_2024M12.graphml"
"0.33","0.22","0.45","0.128350608010404","1,2,3,1,4,3,4,3,2,4,4,3,3,3,1,4,2","0.000876903533935547","louvain","graph_2024M12.graphml"
"0.32","0.23","0.45","0.129592716430422","1,2,3,1,3,3,3,3,2,3,3,3,3,1,1,3,2","0.000787973403930664","louvain","graph_2024M12.graphml"
"0.31","0.24","0.45","0.130024620074501","1,2,3,1,3,3,3,3,2,3,3,3,3,1,1,3,2","0.00181889533996582","louvain","graph_2024M12.graphml"
"0.3","0.25","0.45","0.129623668639053","1,2,3,1,3,3,3,3,2,3,3,3,3,1,1,3,2","0.000844955444335938","louvain","graph_2024M12.graphml"
"0.29","0.26","0.45","0.128729693791641","1,2,3,1,3,3,3,3,2,4,4,3,3,1,4,4,2","0.000845909118652344","louvain","graph_2024M12.graphml"
"0.28","0.27","0.45","0.129977601960179","1,2,3,1,3,3,3,3,2,4,4,3,3,1,4,4,2","0.000884056091308594","louvain","graph_2024M12.graphml"
"0.27","0.28","0.45","0.129977601960179","1,2,3,1,3,3,3,3,2,4,4,3,3,1,4,4,2","0.00166583061218262","louvain","graph_2024M12.graphml"
"0.26","0.29","0.45","0.13012372695901","1,2,3,1,3,3,3,3,2,3,3,3,3,1,1,3,2","0.000836849212646484","louvain","graph_2024M12.graphml"
"0.25","0.3","0.45","0.131418240630577","1,2,3,1,3,3,3,3,2,3,3,3,3,1,1,3,2","0.00175213813781738","louvain","graph_2024M12.graphml"
"0.24","0.31","0.45","0.128929063360882","1,2,3,3,3,3,3,3,2,4,4,3,3,1,1,4,2","0.000883102416992188","louvain","graph_2024M12.graphml"
"0.23","0.32","0.45","0.12757111697538","1,2,3,1,3,3,3,3,2,3,3,3,3,1,1,3,2","0.000915050506591797","louvain","graph_2024M12.graphml"
"0.22","0.33","0.45","0.128741066620422","1,2,3,3,3,3,3,3,2,4,4,3,3,1,1,4,2","0.00090789794921875","louvain","graph_2024M12.graphml"
"0.21","0.34","0.45","0.128859177967509","1,2,3,1,3,3,3,3,2,3,3,3,3,1,1,3,2","0.00172519683837891","louvain","graph_2024M12.graphml"
"0.2","0.35","0.45","0.128921928882356","1,2,3,1,4,4,4,4,2,4,4,3,4,1,1,4,2","0.0011289119720459","louvain","graph_2024M12.graphml"
"0.19","0.36","0.45","0.129427851274698","1,2,3,3,3,3,3,3,2,4,4,3,3,1,1,4,2","0.000809192657470703","louvain","graph_2024M12.graphml"
"0.18","0.37","0.45","0.129257240912412","1,2,3,1,3,3,3,3,2,4,4,3,3,3,1,4,2","0.000880956649780273","louvain","graph_2024M12.graphml"
"0.17","0.38","0.45","0.130047976614436","1,2,3,2,4,3,3,3,2,4,3,3,3,3,1,4,2","0.000833034515380859","louvain","graph_2024M12.graphml"
"0.16","0.39","0.45","0.130776567629805","1,2,3,2,3,3,3,3,2,4,4,3,3,3,1,4,2","0.000871181488037109","louvain","graph_2024M12.graphml"
"0.15","0.4","0.45","0.131286926890261","1,2,3,2,3,4,3,3,2,4,3,3,3,1,4,3,2","0.000962018966674805","louvain","graph_2024M12.graphml"
"0.14","0.41","0.45","0.130725683624523","1,2,3,2,3,3,3,3,2,4,3,3,3,1,4,3,2","0.000900030136108398","louvain","graph_2024M12.graphml"
"0.13","0.42","0.45","0.131478363397464","1,2,3,2,3,4,3,3,2,4,3,3,3,1,4,3,2","0.000825881958007812","louvain","graph_2024M12.graphml"
"0.12","0.43","0.45","0.131184683391199","1,2,3,2,3,3,3,3,2,4,3,3,3,1,4,3,2","0.000876903533935547","louvain","graph_2024M12.graphml"
"0.11","0.44","0.45","0.131229455017301","1,2,3,2,3,4,3,3,2,4,3,3,3,1,4,3,2","0.00088191032409668","louvain","graph_2024M12.graphml"
"0.1","0.45","0.45","0.131007000283795","1,2,3,2,3,3,3,3,2,4,3,3,3,1,4,3,2","0.000944137573242188","louvain","graph_2024M12.graphml"
"0.09","0.46","0.45","0.130700831102127","1,2,3,2,3,3,3,3,2,3,3,3,3,3,1,3,2","0.000810861587524414","louvain","graph_2024M12.graphml"
"0.08","0.47","0.45","0.131976259891712","1,2,3,2,3,4,3,3,2,4,3,3,3,1,4,3,2","0.000895977020263672","louvain","graph_2024M12.graphml"
"0.07","0.48","0.45","0.130881477385167","1,2,3,2,3,3,3,3,2,4,3,3,3,1,4,3,2","0.000819921493530273","louvain","graph_2024M12.graphml"
"0.06","0.49","0.45","0.130586175880149","1,2,3,2,3,1,3,3,2,4,3,3,3,1,4,3,2","0.000879049301147461","louvain","graph_2024M12.graphml"
"0.05","0.5","0.45","0.131048135936682","1,2,3,2,4,4,4,4,2,4,3,4,3,4,1,4,3","0.00102090835571289","louvain","graph_2024M12.graphml"
"0.04","0.51","0.45","0.131449043932316","1,2,3,2,4,4,4,4,2,4,3,4,3,1,1,4,3","0.000844001770019531","louvain","graph_2024M12.graphml"
"0.03","0.52","0.45","0.130788775510204","1,2,3,2,4,3,3,4,2,5,3,4,3,1,5,4,2","0.00180482864379883","louvain","graph_2024M12.graphml"
"0.02","0.53","0.45","0.130984057352254","1,2,3,2,4,3,3,4,2,5,3,4,3,1,5,4,2","0.000971078872680664","louvain","graph_2024M12.graphml"
"0.01","0.54","0.45","0.131171470247975","1,2,3,3,4,3,3,4,2,4,3,4,3,1,1,4,2","0.000824928283691406","louvain","graph_2024M12.graphml"
"0","0.55","0.45","0.131279110708717","1,2,3,3,4,3,3,4,2,5,3,4,3,1,5,4,2","0.000962018966674805","louvain","graph_2024M12.graphml"
"0.54","0","0.46","0.129960543339378","1,2,3,2,3,4,3,3,2,4,3,3,3,1,1,3,2","0.000745058059692383","louvain","graph_2024M12.graphml"
"0.53","0.01","0.46","0.131606119717167","1,2,3,2,3,3,3,3,2,4,3,5,3,1,1,3,2","0.000797033309936523","louvain","graph_2024M12.graphml"
"0.52","0.02","0.46","0.129910767400357","1,2,3,2,3,3,3,3,2,3,3,4,3,1,1,3,2","0.00075984001159668","louvain","graph_2024M12.graphml"
"0.51","0.03","0.46","0.130216963445277","1,2,3,2,3,4,3,3,2,4,3,3,3,1,1,3,2","0.000816106796264648","louvain","graph_2024M12.graphml"
"0.5","0.04","0.46","0.127810907708744","1,2,3,2,3,4,3,3,2,4,3,3,3,1,1,3,2","0.000790119171142578","louvain","graph_2024M12.graphml"
"0.49","0.05","0.46","0.127565643491124","1,2,3,2,3,3,3,3,2,4,3,5,3,1,1,3,2","0.000835895538330078","louvain","graph_2024M12.graphml"
"0.48","0.06","0.46","0.12710784","1,2,3,2,3,3,3,3,2,4,3,5,3,1,1,3,2","0.00172305107116699","louvain","graph_2024M12.graphml"
"0.47","0.07","0.46","0.128785971017147","1,2,3,2,3,4,3,3,2,4,3,3,3,1,1,3,2","0.00100398063659668","louvain","graph_2024M12.graphml"
"0.46","0.08","0.46","0.127886139201953","1,2,3,2,4,3,3,3,2,4,3,3,3,1,1,4,2","0.000844955444335938","louvain","graph_2024M12.graphml"
"0.45","0.09","0.46","0.126440058167425","1,2,3,2,4,3,3,3,2,4,3,3,3,1,1,4,2","0.000750064849853516","louvain","graph_2024M12.graphml"
"0.44","0.1","0.46","0.126318666097647","1,2,3,2,4,3,3,3,2,4,3,3,3,1,1,4,2","0.000901937484741211","louvain","graph_2024M12.graphml"
"0.43","0.11","0.46","0.128935692455852","1,2,3,3,4,3,3,3,2,4,4,3,3,1,1,4,2","0.00159597396850586","louvain","graph_2024M12.graphml"
"0.42","0.12","0.46","0.1298095703125","1,2,3,1,3,3,3,3,2,4,4,3,3,1,1,4,2","0.0017549991607666","louvain","graph_2024M12.graphml"
"0.41","0.13","0.46","0.128970431828194","1,2,3,1,3,3,3,3,2,4,4,3,3,1,1,4,2","0.000830173492431641","louvain","graph_2024M12.graphml"
"0.4","0.14","0.46","0.128277146806081","1,2,3,1,3,3,3,3,2,3,3,3,3,1,1,3,2","0.000936031341552734","louvain","graph_2024M12.graphml"
"0.39","0.15","0.46","0.128277146806081","1,2,3,1,3,3,3,3,2,3,3,3,3,1,1,3,2","0.000802993774414062","louvain","graph_2024M12.graphml"
"0.38","0.16","0.46","0.128276893289498","1,2,3,1,4,4,4,4,2,4,4,3,4,1,1,4,2","0.000885009765625","louvain","graph_2024M12.graphml"
"0.37","0.17","0.46","0.127246942158208","1,2,3,1,3,3,3,3,2,3,3,3,3,3,1,3,2","0.00154590606689453","louvain","graph_2024M12.graphml"
"0.36","0.18","0.46","0.129179732940696","1,2,3,1,3,3,3,3,2,3,3,3,3,1,1,3,2","0.000890970230102539","louvain","graph_2024M12.graphml"
"0.35","0.19","0.46","0.130045332063817","1,2,3,1,3,3,3,3,2,3,3,3,3,1,1,3,2","0.000738859176635742","louvain","graph_2024M12.graphml"
"0.34","0.2","0.46","0.129165146966679","1,2,3,1,3,3,3,3,2,3,3,3,3,1,1,3,2","0.000873088836669922","louvain","graph_2024M12.graphml"
"0.33","0.21","0.46","0.130657887069518","1,2,3,1,3,3,3,3,2,4,4,3,3,1,4,4,2","0.0011439323425293","louvain","graph_2024M12.graphml"
"0.32","0.22","0.46","0.131418240630577","1,2,3,1,3,3,3,3,2,3,3,3,3,1,1,3,2","0.000922918319702148","louvain","graph_2024M12.graphml"
"0.31","0.23","0.46","0.128635215794307","1,2,3,1,3,3,3,3,2,4,4,3,3,1,4,4,2","0.000831127166748047","louvain","graph_2024M12.graphml"
"0.3","0.24","0.46","0.128438934802571","1,2,3,1,3,3,3,3,2,3,3,3,3,1,1,3,2","0.000784873962402344","louvain","graph_2024M12.graphml"
"0.29","0.25","0.46","0.128000611531476","1,2,3,1,3,3,3,3,2,3,3,3,3,1,1,3,2","0.000931978225708008","louvain","graph_2024M12.graphml"
"0.28","0.26","0.46","0.12846453585426","1,2,3,1,3,3,3,3,2,3,3,3,3,1,1,3,2","0.00168108940124512","louvain","graph_2024M12.graphml"
"0.27","0.27","0.46","0.128892532082085","1,2,3,1,3,3,3,3,2,3,3,3,3,1,1,3,2","0.00202012062072754","louvain","graph_2024M12.graphml"
"0.26","0.28","0.46","0.12789077958053","1,2,3,3,3,3,3,3,2,3,3,3,3,1,1,3,2","0.00111603736877441","louvain","graph_2024M12.graphml"
"0.25","0.29","0.46","0.127995132489512","1,2,3,1,4,4,4,4,2,4,4,3,4,1,1,4,2","0.000826120376586914","louvain","graph_2024M12.graphml"
"0.24","0.3","0.46","0.128136723262304","1,2,3,3,4,3,3,3,2,4,3,3,3,1,1,4,2","0.000842809677124023","louvain","graph_2024M12.graphml"
"0.23","0.31","0.46","0.1304365584893","1,2,3,2,3,3,3,3,2,4,3,3,3,1,4,3,2","0.000937223434448242","louvain","graph_2024M12.graphml"
"0.22","0.32","0.46","0.129345375938857","1,2,3,2,3,3,3,3,2,3,3,3,3,1,1,3,2","0.000903129577636719","louvain","graph_2024M12.graphml"
"0.21","0.33","0.46","0.12991881587405","1,2,3,2,3,4,3,3,2,4,3,3,3,1,4,3,2","0.00112199783325195","louvain","graph_2024M12.graphml"
"0.2","0.34","0.46","0.130372273379784","1,2,3,2,3,3,3,3,2,4,4,3,3,3,1,4,2","0.000913143157958984","louvain","graph_2024M12.graphml"
"0.19","0.35","0.46","0.130636507836074","1,2,3,2,3,3,3,3,2,4,3,3,3,1,4,3,2","0.000861883163452148","louvain","graph_2024M12.graphml"
"0.18","0.36","0.46","0.130378860014619","1,2,3,2,3,3,3,3,2,4,3,3,3,1,4,3,2","0.000847101211547852","louvain","graph_2024M12.graphml"
"0.17","0.37","0.46","0.130378860014619","1,2,3,2,3,3,3,3,2,4,3,3,3,1,4,3,2","0.000941991806030273","louvain","graph_2024M12.graphml"
"0.16","0.38","0.46","0.13067614568711","1,2,3,2,3,3,3,3,2,4,3,3,3,1,4,3,2","0.000921964645385742","louvain","graph_2024M12.graphml"
"0.15","0.39","0.46","0.130962304640744","1,2,3,2,3,3,3,3,2,4,3,3,3,1,4,3,2","0.00117206573486328","louvain","graph_2024M12.graphml"
"0.14","0.4","0.46","0.130613094883934","1,2,3,2,3,1,3,3,2,4,3,3,3,1,4,3,2","0.00171613693237305","louvain","graph_2024M12.graphml"
"0.13","0.41","0.46","0.130564719293004","1,2,3,2,4,3,4,4,2,4,3,4,3,4,1,4,3","0.000928878784179688","louvain","graph_2024M12.graphml"
"0.12","0.42","0.46","0.130311567541005","1,2,3,2,3,1,3,3,2,4,3,3,3,1,4,3,2","0.000822067260742188","louvain","graph_2024M12.graphml"
"0.11","0.43","0.46","0.130269654779773","1,2,3,2,4,3,4,4,2,4,3,4,3,1,1,4,3","0.0010988712310791","louvain","graph_2024M12.graphml"
"0.1","0.44","0.46","0.129845009248249","1,2,3,2,3,1,3,3,2,4,4,3,3,1,4,3,2","0.00084996223449707","louvain","graph_2024M12.graphml"
"0.09","0.45","0.46","0.130028694345695","1,2,3,2,3,2,3,3,2,4,3,3,3,1,4,3,2","0.000914812088012695","louvain","graph_2024M12.graphml"
"0.08","0.46","0.46","0.132559730395855","1,2,3,2,4,3,3,3,2,5,3,4,3,1,5,3,2","0.000874042510986328","louvain","graph_2024M12.graphml"
"0.07","0.47","0.46","0.132354971201303","1,2,3,2,4,3,3,3,2,3,3,4,3,1,1,3,2","0.000884056091308594","louvain","graph_2024M12.graphml"
"0.06","0.48","0.46","0.13284516741677","1,2,3,2,4,3,3,3,2,3,3,4,3,1,1,3,2","0.000992059707641602","louvain","graph_2024M12.graphml"
"0.05","0.49","0.46","0.129639952390399","1,2,3,2,4,3,4,3,2,4,3,4,3,1,1,4,2","0.00088810920715332","louvain","graph_2024M12.graphml"
"0.04","0.5","0.46","0.131272882211842","1,2,3,2,4,3,3,3,2,5,3,4,3,1,5,3,2","0.000865936279296875","louvain","graph_2024M12.graphml"
"0.03","0.51","0.46","0.130043193748087","1,2,3,2,4,3,3,3,2,3,3,4,3,1,1,3,2","0.000864028930664062","louvain","graph_2024M12.graphml"
"0.02","0.52","0.46","0.131180008802386","1,2,3,2,4,3,3,3,2,3,3,4,3,1,1,3,2","0.000854015350341797","louvain","graph_2024M12.graphml"
"0.01","0.53","0.46","0.13211525630776","1,2,3,2,4,3,3,3,2,5,3,4,3,1,5,3,2","0.00107693672180176","louvain","graph_2024M12.graphml"
"0","0.54","0.46","0.132411342441693","1,2,3,2,4,3,3,3,2,3,3,4,3,1,1,3,3","0.00202107429504395","louvain","graph_2024M12.graphml"
"0.53","0","0.47","0.127918475394539","1,2,3,2,3,4,3,3,2,4,3,3,3,1,1,3,2","0.000826120376586914","louvain","graph_2024M12.graphml"
"0.52","0.01","0.47","0.126713816772612","1,2,3,3,4,3,3,3,2,4,3,3,3,1,1,4,2","0.000842809677124023","louvain","graph_2024M12.graphml"
"0.51","0.02","0.47","0.125267975911492","1,2,3,3,4,3,3,3,2,4,3,3,3,1,1,4,2","0.000795841217041016","louvain","graph_2024M12.graphml"
"0.5","0.03","0.47","0.126077232333887","1,2,3,3,4,3,3,3,2,4,3,3,3,1,1,4,2","0.000972986221313477","louvain","graph_2024M12.graphml"
"0.49","0.04","0.47","0.126452488977719","1,2,3,3,3,3,3,3,2,4,4,3,3,1,1,4,2","0.00174713134765625","louvain","graph_2024M12.graphml"
"0.48","0.05","0.47","0.127841102085578","1,2,3,1,3,3,3,3,2,3,3,3,3,1,1,3,2","0.000871896743774414","louvain","graph_2024M12.graphml"
"0.47","0.06","0.47","0.127841102085578","1,2,3,1,3,3,3,3,2,3,3,3,3,1,1,3,2","0.000880956649780273","louvain","graph_2024M12.graphml"
"0.46","0.07","0.47","0.127737515774292","1,2,3,1,4,4,4,4,2,4,4,3,4,1,1,4,2","0.00181698799133301","louvain","graph_2024M12.graphml"
"0.45","0.08","0.47","0.127422630851511","1,2,3,1,3,3,3,3,2,3,3,3,3,1,1,3,2","0.000842094421386719","louvain","graph_2024M12.graphml"
"0.44","0.09","0.47","0.12698365300316","1,2,3,1,3,3,3,3,2,3,3,3,3,1,1,3,2","0.000893115997314453","louvain","graph_2024M12.graphml"
"0.43","0.1","0.47","0.127401704215628","1,2,3,1,4,4,4,4,2,4,4,3,4,1,1,4,2","0.000839948654174805","louvain","graph_2024M12.graphml"
"0.42","0.11","0.47","0.128300977443074","1,2,3,1,3,3,3,3,2,3,3,3,3,1,1,3,2","0.0021369457244873","louvain","graph_2024M12.graphml"
"0.41","0.12","0.47","0.129179732940696","1,2,3,1,3,3,3,3,2,3,3,3,3,1,1,3,2","0.00101995468139648","louvain","graph_2024M12.graphml"
"0.4","0.13","0.47","0.128733211541032","1,2,3,1,3,3,3,3,2,3,3,3,3,1,1,3,2","0.00079798698425293","louvain","graph_2024M12.graphml"
"0.39","0.14","0.47","0.128287395839403","1,2,3,1,3,3,3,3,2,3,3,3,3,1,1,3,2","0.0017850399017334","louvain","graph_2024M12.graphml"
"0.38","0.15","0.47","0.129293270415568","1,2,3,1,3,3,3,3,2,3,3,3,3,1,1,3,2","0.00117802619934082","louvain","graph_2024M12.graphml"
"0.37","0.16","0.47","0.128810662553281","1,2,3,1,4,3,3,3,2,4,3,3,3,1,4,4,2","0.000934123992919922","louvain","graph_2024M12.graphml"
"0.36","0.17","0.47","0.128900127170023","1,2,3,1,3,3,3,3,2,3,3,3,3,1,1,3,2","0.00087285041809082","louvain","graph_2024M12.graphml"
"0.35","0.18","0.47","0.128900127170023","1,2,3,1,3,3,3,3,2,3,3,3,3,1,1,3,2","0.000828027725219727","louvain","graph_2024M12.graphml"
"0.34","0.19","0.47","0.128502459155407","1,2,3,3,3,3,3,3,2,4,4,3,3,1,1,4,2","0.000836849212646484","louvain","graph_2024M12.graphml"
"0.33","0.2","0.47","0.128892532082085","1,2,3,1,3,3,3,3,2,3,3,3,3,1,1,3,2","0.000913143157958984","louvain","graph_2024M12.graphml"
"0.32","0.21","0.47","0.128030057084111","1,2,3,1,3,3,3,3,2,3,3,3,3,1,1,3,2","0.00175285339355469","louvain","graph_2024M12.graphml"
"0.31","0.22","0.47","0.127494723402916","1,2,3,3,4,3,3,3,2,4,3,3,3,1,1,4,2","0.00109696388244629","louvain","graph_2024M12.graphml"
"0.3","0.23","0.47","0.128882990251608","1,2,3,3,3,3,3,3,2,4,4,3,3,1,1,4,2","0.00182700157165527","louvain","graph_2024M12.graphml"
"0.29","0.24","0.47","0.12869663135965","1,2,3,3,4,3,3,3,2,4,3,3,3,1,1,4,2","0.00192999839782715","louvain","graph_2024M12.graphml"
"0.28","0.25","0.47","0.131146043374512","1,2,3,2,4,3,3,3,2,5,3,4,3,1,5,3,2","0.000814914703369141","louvain","graph_2024M12.graphml"
"0.27","0.26","0.47","0.129967438114912","1,2,3,2,4,3,3,3,2,5,3,4,3,1,5,3,2","0.00176596641540527","louvain","graph_2024M12.graphml"
"0.26","0.27","0.47","0.130694326564542","1,2,3,2,4,3,3,3,2,5,3,4,3,1,5,3,2","0.00094294548034668","louvain","graph_2024M12.graphml"
"0.25","0.28","0.47","0.130566867674315","1,2,3,2,4,3,3,3,2,4,3,3,3,3,1,4,2","0.000963926315307617","louvain","graph_2024M12.graphml"
"0.24","0.29","0.47","0.129890787197232","1,2,3,2,3,3,3,3,2,4,3,3,3,1,4,3,2","0.000865936279296875","louvain","graph_2024M12.graphml"
"0.23","0.3","0.47","0.129890787197232","1,2,3,2,3,3,3,3,2,4,3,3,3,1,4,3,2","0.000793933868408203","louvain","graph_2024M12.graphml"
"0.22","0.31","0.47","0.13067614568711","1,2,3,2,3,3,3,3,2,4,3,3,3,1,4,3,2","0.00168895721435547","louvain","graph_2024M12.graphml"
"0.21","0.32","0.47","0.130503489797006","1,2,3,2,4,3,3,3,2,5,3,4,3,1,5,4,2","0.000962018966674805","louvain","graph_2024M12.graphml"
"0.2","0.33","0.47","0.129754609048951","1,2,3,2,4,3,3,3,2,5,3,4,3,1,5,4,2","0.000873088836669922","louvain","graph_2024M12.graphml"
"0.19","0.34","0.47","0.128829027515228","1,2,3,2,3,1,3,3,2,4,3,3,3,1,4,3,2","0.000892162322998047","louvain","graph_2024M12.graphml"
"0.18","0.35","0.47","0.129307194644919","1,2,3,2,4,3,3,3,2,3,3,4,3,3,1,4,2","0.00173282623291016","louvain","graph_2024M12.graphml"
"0.17","0.36","0.47","0.130267244946059","1,2,3,2,4,1,3,3,2,5,3,4,3,1,5,3,2","0.000835895538330078","louvain","graph_2024M12.graphml"
"0.16","0.37","0.47","0.130028694345695","1,2,3,2,3,2,3,3,2,4,3,3,3,1,4,3,2","0.000874996185302734","louvain","graph_2024M12.graphml"
"0.15","0.38","0.47","0.129652040816327","1,2,3,2,4,2,3,3,2,3,3,4,3,1,1,3,2","0.000862836837768555","louvain","graph_2024M12.graphml"
"0.14","0.39","0.47","0.130832299695068","1,2,3,2,4,2,3,3,2,3,3,4,3,1,1,3,2","0.000973939895629883","louvain","graph_2024M12.graphml"
"0.13","0.4","0.47","0.131115128120762","1,2,3,4,4,2,4,4,2,4,4,3,4,1,1,4,2","0.000814914703369141","louvain","graph_2024M12.graphml"
"0.12","0.41","0.47","0.131115128120762","1,2,3,4,4,2,4,4,2,4,4,3,4,1,1,4,2","0.000844955444335938","louvain","graph_2024M12.graphml"
"0.11","0.42","0.47","0.1287864142785","1,2,3,2,4,3,3,3,2,3,3,4,3,1,1,3,2","0.000949859619140625","louvain","graph_2024M12.graphml"
"0.1","0.43","0.47","0.129160117945823","1,2,3,2,4,3,3,3,2,5,3,4,3,1,5,3,2","0.000849008560180664","louvain","graph_2024M12.graphml"
"0.09","0.44","0.47","0.130119417309073","1,2,3,2,4,3,3,3,2,3,3,4,3,1,1,3,2","0.000846147537231445","louvain","graph_2024M12.graphml"
"0.08","0.45","0.47","0.128955869042789","1,2,3,3,3,3,3,3,2,4,3,3,3,1,4,3,2","0.000988006591796875","louvain","graph_2024M12.graphml"
"0.07","0.46","0.47","0.1313877558166","1,2,3,2,3,3,3,3,2,4,4,3,3,1,4,3,2","0.000875949859619141","louvain","graph_2024M12.graphml"
"0.06","0.47","0.47","0.131427709246926","1,2,3,2,4,3,3,3,2,3,3,4,3,1,1,3,2","0.00113201141357422","louvain","graph_2024M12.graphml"
"0.05","0.48","0.47","0.131053322181383","1,2,3,2,4,3,3,3,2,3,3,4,3,1,1,3,2","0.000850200653076172","louvain","graph_2024M12.graphml"
"0.04","0.49","0.47","0.128508917954816","1,2,3,2,2,3,4,4,2,4,3,4,3,1,1,4,3","0.00160098075866699","louvain","graph_2024M12.graphml"
"0.03","0.5","0.47","0.129985255648038","1,2,3,2,3,3,3,3,2,4,4,3,3,1,4,3,2","0.00078582763671875","louvain","graph_2024M12.graphml"
"0.02","0.51","0.47","0.130528315380991","1,2,3,2,2,3,3,3,2,3,3,4,3,1,3,3,3","0.000966072082519531","louvain","graph_2024M12.graphml"
"0.01","0.52","0.47","0.128842673772974","1,2,3,2,2,4,4,4,2,4,3,2,3,1,4,4,3","0.00103616714477539","louvain","graph_2024M12.graphml"
"0","0.53","0.47","0.127177020812804","1,2,3,2,2,3,3,3,2,3,3,3,3,1,3,3,3","0.00119400024414062","louvain","graph_2024M12.graphml"
"0.52","0","0.48","0.128313055858809","1,2,3,1,3,3,3,3,2,3,3,3,3,1,1,3,2","0.00123286247253418","louvain","graph_2024M12.graphml"
"0.51","0.01","0.48","0.127937576207895","1,2,3,1,4,4,4,4,2,4,4,3,4,1,1,4,2","0.000917911529541016","louvain","graph_2024M12.graphml"
"0.5","0.02","0.48","0.127501762307575","1,2,3,1,4,3,3,3,2,4,3,3,3,1,1,4,2","0.000926017761230469","louvain","graph_2024M12.graphml"
"0.49","0.03","0.48","0.127501762307575","1,2,3,1,4,3,3,3,2,4,3,3,3,1,1,4,2","0.000860929489135742","louvain","graph_2024M12.graphml"
"0.48","0.04","0.48","0.128740197672845","1,2,3,1,4,4,4,4,2,4,4,3,4,1,1,4,2","0.000969886779785156","louvain","graph_2024M12.graphml"
"0.47","0.05","0.48","0.128399885795456","1,2,3,1,4,4,4,4,2,4,4,3,4,1,1,4,2","0.00232982635498047","louvain","graph_2024M12.graphml"
"0.46","0.06","0.48","0.128263847973889","1,2,3,1,4,3,3,3,2,3,3,4,3,1,1,3,2","0.0011289119720459","louvain","graph_2024M12.graphml"
"0.45","0.07","0.48","0.126546466017252","1,2,3,1,4,3,3,3,2,3,3,4,3,1,1,3,2","0.00108218193054199","louvain","graph_2024M12.graphml"
"0.44","0.08","0.48","0.125203168044077","1,2,3,1,3,3,3,3,2,3,3,3,3,3,1,3,2","0.00115704536437988","louvain","graph_2024M12.graphml"
"0.43","0.09","0.48","0.126985195461889","1,2,3,1,3,3,3,3,2,3,3,3,3,3,1,3,2","0.00123095512390137","louvain","graph_2024M12.graphml"
"0.42","0.1","0.48","0.126985195461889","1,2,3,1,3,3,3,3,2,3,3,3,3,3,1,3,2","0.000785112380981445","louvain","graph_2024M12.graphml"
"0.41","0.11","0.48","0.128167591436157","1,2,3,1,3,4,3,3,2,4,3,3,3,1,4,3,2","0.000829935073852539","louvain","graph_2024M12.graphml"
"0.4","0.12","0.48","0.12975735774423","1,2,3,1,3,3,3,3,2,3,3,3,3,1,1,3,2","0.00079798698425293","louvain","graph_2024M12.graphml"
"0.39","0.13","0.48","0.128502459155407","1,2,3,3,4,3,3,3,2,4,3,3,3,1,1,4,2","0.000847816467285156","louvain","graph_2024M12.graphml"
"0.38","0.14","0.48","0.127696390083778","1,2,3,3,4,3,3,3,2,4,3,3,3,1,1,4,2","0.000902175903320312","louvain","graph_2024M12.graphml"
"0.37","0.15","0.48","0.126568718849726","1,2,3,1,3,3,3,3,2,3,3,3,3,1,1,3,2","0.000813007354736328","louvain","graph_2024M12.graphml"
"0.36","0.16","0.48","0.127460837740554","1,2,3,3,4,3,3,3,2,4,3,3,3,1,1,4,2","0.000785112380981445","louvain","graph_2024M12.graphml"
"0.35","0.17","0.48","0.126416796613945","1,2,3,1,3,3,3,3,2,4,3,3,3,1,4,3,2","0.000895023345947266","louvain","graph_2024M12.graphml"
"0.34","0.18","0.48","0.128626124929138","1,2,3,2,3,4,3,3,2,4,3,3,3,1,4,3,2","0.000861883163452148","louvain","graph_2024M12.graphml"
"0.33","0.19","0.48","0.129302606310014","1,2,3,2,4,3,3,3,2,4,3,3,3,1,1,4,2","0.000936985015869141","louvain","graph_2024M12.graphml"
"0.32","0.2","0.48","0.130042171280277","1,2,3,2,4,3,3,3,2,5,3,4,3,1,5,3,2","0.00111103057861328","louvain","graph_2024M12.graphml"
"0.31","0.21","0.48","0.130042171280277","1,2,3,2,4,3,3,3,2,5,3,4,3,1,5,3,2","0.000904083251953125","louvain","graph_2024M12.graphml"
"0.3","0.22","0.48","0.130669333910035","1,2,3,2,4,3,3,3,2,4,3,3,3,3,1,4,2","0.000908136367797852","louvain","graph_2024M12.graphml"
"0.29","0.23","0.48","0.130579112948264","1,2,3,2,4,3,3,3,2,5,3,4,3,1,5,4,2","0.00102400779724121","louvain","graph_2024M12.graphml"
"0.28","0.24","0.48","0.129029783153072","1,2,3,2,4,3,3,3,2,5,3,4,3,1,5,4,2","0.0011441707611084","louvain","graph_2024M12.graphml"
"0.27","0.25","0.48","0.128644314868805","1,2,3,2,4,1,3,3,2,5,3,4,3,3,5,4,2","0.00093388557434082","louvain","graph_2024M12.graphml"
"0.26","0.26","0.48","0.128058198737629","1,2,3,2,4,3,3,3,2,5,3,4,3,1,5,4,2","0.000761032104492188","louvain","graph_2024M12.graphml"
"0.25","0.27","0.48","0.127831978434289","1,2,3,2,4,3,3,3,2,5,3,4,3,1,5,4,2","0.00114297866821289","louvain","graph_2024M12.graphml"
"0.24","0.28","0.48","0.129000091884126","1,2,3,2,3,1,3,3,2,4,3,3,3,1,4,3,2","0.00119495391845703","louvain","graph_2024M12.graphml"
"0.23","0.29","0.48","0.128532684643652","1,2,3,2,3,1,3,3,2,4,3,3,3,1,4,3,2","0.00152683258056641","louvain","graph_2024M12.graphml"
"0.22","0.3","0.48","0.129506488934734","1,2,3,2,4,3,4,3,2,4,3,4,3,1,1,4,2","0.000846147537231445","louvain","graph_2024M12.graphml"
"0.21","0.31","0.48","0.129652040816327","1,2,3,2,4,2,3,3,2,3,3,4,3,1,1,3,2","0.000830888748168945","louvain","graph_2024M12.graphml"
"0.2","0.32","0.48","0.128176854661674","1,2,3,2,4,3,4,3,2,4,3,4,3,1,1,4,2","0.000784158706665039","louvain","graph_2024M12.graphml"
"0.19","0.33","0.48","0.128725875214315","1,2,3,3,3,2,3,4,2,3,3,4,3,1,1,4,2","0.000925064086914062","louvain","graph_2024M12.graphml"
"0.18","0.34","0.48","0.12767916664194","1,2,3,2,3,2,3,3,2,4,3,3,3,1,4,3,2","0.000957965850830078","louvain","graph_2024M12.graphml"
"0.17","0.35","0.48","0.128399215858491","1,2,3,4,4,2,4,4,2,4,4,3,4,1,1,4,2","0.000874996185302734","louvain","graph_2024M12.graphml"
"0.16","0.36","0.48","0.129595825079814","1,2,3,2,3,2,3,3,2,4,4,3,3,1,4,3,2","0.000819921493530273","louvain","graph_2024M12.graphml"
"0.15","0.37","0.48","0.129251586937834","1,2,3,3,3,2,3,3,2,4,3,3,3,1,4,3,2","0.000859975814819336","louvain","graph_2024M12.graphml"
"0.14","0.38","0.48","0.129733483299917","1,2,3,2,3,3,3,3,2,4,4,3,3,1,4,3,2","0.00090789794921875","louvain","graph_2024M12.graphml"
"0.13","0.39","0.48","0.12916817448286","1,2,3,3,3,2,3,3,2,4,3,3,3,1,4,3,2","0.00100398063659668","louvain","graph_2024M12.graphml"
"0.12","0.4","0.48","0.129717399691358","1,2,3,2,4,3,3,3,2,5,3,4,3,1,5,3,2","0.000841140747070312","louvain","graph_2024M12.graphml"
"0.11","0.41","0.48","0.129661761961831","1,2,3,3,3,2,3,3,2,4,3,3,3,1,4,3,2","0.000768899917602539","louvain","graph_2024M12.graphml"
"0.1","0.42","0.48","0.129343162901308","1,2,3,3,4,3,3,3,2,3,3,4,3,1,1,3,2","0.000913858413696289","louvain","graph_2024M12.graphml"
"0.09","0.43","0.48","0.128778174896742","1,2,3,2,3,3,3,3,2,4,4,3,3,1,4,3,2","0.000833988189697266","louvain","graph_2024M12.graphml"
"0.08","0.44","0.48","0.127320812658414","1,2,3,2,2,4,4,3,2,4,3,3,3,1,1,3,3","0.00126194953918457","louvain","graph_2024M12.graphml"
"0.07","0.45","0.48","0.126572672781135","1,2,3,1,4,2,4,4,2,4,3,4,3,1,1,4,3","0.000844001770019531","louvain","graph_2024M12.graphml"
"0.06","0.46","0.48","0.128302459197936","1,2,3,1,4,3,3,3,2,3,3,4,3,1,3,3,2","0.000988960266113281","louvain","graph_2024M12.graphml"
"0.05","0.47","0.48","0.128302459197936","1,2,3,1,4,3,3,3,2,3,3,4,3,1,3,3,2","0.000884056091308594","louvain","graph_2024M12.graphml"
"0.04","0.48","0.48","0.128953324373819","1,2,3,1,4,3,3,3,2,3,3,4,3,1,3,3,2","0.000878095626831055","louvain","graph_2024M12.graphml"
"0.03","0.49","0.48","0.128190305411391","1,2,3,1,4,3,3,3,2,3,3,4,3,1,3,3,2","0.000867128372192383","louvain","graph_2024M12.graphml"
"0.02","0.5","0.48","0.128631300219138","1,2,3,1,3,2,3,3,2,4,1,3,3,3,4,3,2","0.00102496147155762","louvain","graph_2024M12.graphml"
"0.01","0.51","0.48","0.128046932067202","1,2,3,1,4,3,3,3,2,3,3,4,3,1,3,3,2","0.000900983810424805","louvain","graph_2024M12.graphml"
"0","0.52","0.48","0.128000559426334","1,2,3,1,4,3,3,3,2,3,3,4,3,1,3,3,2","0.000919818878173828","louvain","graph_2024M12.graphml"
"0.51","0","0.49","0.124926734453225","1,2,3,1,3,3,3,3,2,3,3,3,3,1,1,3,2","0.000860929489135742","louvain","graph_2024M12.graphml"
"0.5","0.01","0.49","0.125792213671344","1,2,3,1,3,3,3,3,2,3,3,3,3,1,1,3,2","0.00174999237060547","louvain","graph_2024M12.graphml"
"0.49","0.02","0.49","0.125792213671344","1,2,3,1,3,3,3,3,2,3,3,3,3,1,1,3,2","0.0017540454864502","louvain","graph_2024M12.graphml"
"0.48","0.03","0.49","0.126944001318316","1,2,3,1,3,3,3,3,2,3,3,3,3,1,3,3,2","0.000840902328491211","louvain","graph_2024M12.graphml"
"0.47","0.04","0.49","0.127003508643439","1,2,3,1,3,4,3,3,2,4,3,3,3,1,4,3,2","0.000868082046508789","louvain","graph_2024M12.graphml"
"0.46","0.05","0.49","0.129013418130353","1,2,3,1,4,3,3,3,2,4,3,3,3,1,4,4,2","0.000899076461791992","louvain","graph_2024M12.graphml"
"0.45","0.06","0.49","0.128030057084111","1,2,3,1,3,3,3,3,2,3,3,3,3,1,1,3,2","0.00126218795776367","louvain","graph_2024M12.graphml"
"0.44","0.07","0.49","0.127512191186489","1,2,3,3,4,3,3,3,2,4,3,3,3,1,1,4,2","0.00217008590698242","louvain","graph_2024M12.graphml"
"0.43","0.08","0.49","0.126571573483838","1,2,3,1,3,3,3,3,2,4,3,3,3,1,4,3,2","0.000894069671630859","louvain","graph_2024M12.graphml"
"0.42","0.09","0.49","0.126984215120347","1,2,3,1,3,3,3,3,2,4,3,3,3,1,4,3,2","0.000890970230102539","louvain","graph_2024M12.graphml"
"0.41","0.1","0.49","0.127650524941087","1,2,3,3,3,3,3,3,2,4,4,3,3,1,1,4,2","0.000869035720825195","louvain","graph_2024M12.graphml"
"0.4","0.11","0.49","0.12719249971383","1,2,3,1,3,3,3,3,2,4,3,3,3,1,4,3,2","0.000871181488037109","louvain","graph_2024M12.graphml"
"0.39","0.12","0.49","0.12886015895802","1,2,3,2,4,3,3,3,2,4,3,3,3,1,1,4,2","0.000841140747070312","louvain","graph_2024M12.graphml"
"0.38","0.13","0.49","0.128408275270474","1,2,3,2,3,3,3,3,2,4,3,3,3,1,4,3,2","0.00178980827331543","louvain","graph_2024M12.graphml"
"0.37","0.14","0.49","0.130007047339357","1,2,3,2,4,3,3,3,2,4,3,3,3,1,1,4,2","0.00159192085266113","louvain","graph_2024M12.graphml"
"0.36","0.15","0.49","0.129271327256928","1,2,3,2,4,3,3,3,2,5,3,4,3,1,5,3,2","0.000762939453125","louvain","graph_2024M12.graphml"
"0.35","0.16","0.49","0.129753599398105","1,2,3,2,4,1,3,3,2,4,3,3,3,3,1,4,2","0.000880002975463867","louvain","graph_2024M12.graphml"
"0.34","0.17","0.49","0.128606065499919","1,2,3,2,4,3,3,3,2,5,3,4,3,1,5,4,2","0.000853061676025391","louvain","graph_2024M12.graphml"
"0.33","0.18","0.49","0.128058198737629","1,2,3,2,4,3,3,3,2,5,3,4,3,1,5,4,2","0.00153303146362305","louvain","graph_2024M12.graphml"
"0.32","0.19","0.49","0.128058198737629","1,2,3,2,4,3,3,3,2,5,3,4,3,1,5,4,2","0.000850915908813477","louvain","graph_2024M12.graphml"
"0.31","0.2","0.49","0.128085427177654","1,2,3,2,4,3,3,3,2,5,3,4,3,1,5,4,2","0.000866174697875977","louvain","graph_2024M12.graphml"
"0.3","0.21","0.49","0.127699380946134","1,2,3,2,3,3,3,3,2,4,3,3,3,1,4,3,2","0.000869989395141602","louvain","graph_2024M12.graphml"
"0.29","0.22","0.49","0.128707623828994","1,2,3,2,3,1,3,3,2,4,4,3,3,1,4,3,2","0.000861883163452148","louvain","graph_2024M12.graphml"
"0.28","0.23","0.49","0.126663678543433","1,2,3,2,3,2,3,3,2,4,4,3,3,1,4,3,2","0.000908851623535156","louvain","graph_2024M12.graphml"
"0.27","0.24","0.49","0.127389388073149","1,2,3,2,3,3,3,3,2,3,3,3,3,1,1,3,2","0.000903129577636719","louvain","graph_2024M12.graphml"
"0.26","0.25","0.49","0.127545518746662","1,2,3,2,3,2,3,3,2,4,4,3,3,1,4,3,2","0.00107812881469727","louvain","graph_2024M12.graphml"
"0.25","0.26","0.49","0.127938991129563","1,2,3,2,3,2,3,3,2,4,4,3,3,1,4,3,2","0.000867843627929688","louvain","graph_2024M12.graphml"
"0.24","0.27","0.49","0.127190041658401","1,2,3,2,3,2,3,3,2,4,4,3,3,1,4,3,2","0.000900983810424805","louvain","graph_2024M12.graphml"
"0.23","0.28","0.49","0.129741112131127","1,2,3,3,3,2,3,3,2,4,3,3,3,1,4,3,2","0.000864028930664062","louvain","graph_2024M12.graphml"
"0.22","0.29","0.49","0.130168734160331","1,2,3,2,3,2,3,3,2,4,4,3,3,1,4,3,2","0.00165891647338867","louvain","graph_2024M12.graphml"
"0.21","0.3","0.49","0.130168734160331","1,2,3,2,3,2,3,3,2,4,4,3,3,1,4,3,2","0.000996828079223633","louvain","graph_2024M12.graphml"
"0.2","0.31","0.49","0.129497877582405","1,2,3,2,3,2,3,3,2,4,3,3,3,1,4,3,2","0.000893115997314453","louvain","graph_2024M12.graphml"
"0.19","0.32","0.49","0.128590521488815","1,2,3,3,3,2,3,3,2,4,3,3,3,1,4,3,2","0.000840902328491211","louvain","graph_2024M12.graphml"
"0.18","0.33","0.49","0.129076468050781","1,2,3,3,3,2,3,3,2,4,3,3,3,1,4,3,2","0.000870943069458008","louvain","graph_2024M12.graphml"
"0.17","0.34","0.49","0.129958258294924","1,2,3,2,3,3,3,3,2,4,4,3,3,1,4,3,2","0.00103497505187988","louvain","graph_2024M12.graphml"
"0.16","0.35","0.49","0.127641933990544","1,2,3,3,3,3,3,3,2,4,3,3,3,1,4,3,2","0.00181984901428223","louvain","graph_2024M12.graphml"
"0.15","0.36","0.49","0.12896257533762","1,2,3,2,2,3,3,3,2,3,3,4,3,1,1,3,2","0.000855922698974609","louvain","graph_2024M12.graphml"
"0.14","0.37","0.49","0.127182398198536","1,2,3,1,3,3,3,3,2,4,3,3,3,1,4,3,2","0.00100183486938477","louvain","graph_2024M12.graphml"
"0.13","0.38","0.49","0.128566469587029","1,2,3,1,3,3,3,3,2,4,4,3,3,1,4,3,2","0.000809907913208008","louvain","graph_2024M12.graphml"
"0.12","0.39","0.49","0.127158357968288","1,2,3,1,3,3,3,3,2,4,3,3,3,1,4,3,2","0.000895977020263672","louvain","graph_2024M12.graphml"
"0.11","0.4","0.49","0.129018516731136","1,2,3,1,4,3,3,3,2,3,3,4,3,1,3,3,2","0.000921964645385742","louvain","graph_2024M12.graphml"
"0.1","0.41","0.49","0.128729951854915","1,2,3,1,4,3,3,3,2,3,3,4,3,1,3,3,2","0.000987768173217773","louvain","graph_2024M12.graphml"
"0.09","0.42","0.49","0.128117632802344","1,2,3,1,3,3,3,3,2,4,4,3,3,1,4,3,2","0.00088810920715332","louvain","graph_2024M12.graphml"
"0.08","0.43","0.49","0.127238286020864","1,2,3,1,4,3,3,3,2,4,1,3,3,3,4,3,2","0.000965118408203125","louvain","graph_2024M12.graphml"
"0.07","0.44","0.49","0.128473197125617","1,2,3,1,4,3,3,3,2,3,3,4,3,1,3,3,2","0.000878810882568359","louvain","graph_2024M12.graphml"
"0.06","0.45","0.49","0.128838200956799","1,2,3,1,4,3,3,3,2,4,1,3,3,3,4,3,2","0.00094294548034668","louvain","graph_2024M12.graphml"
"0.05","0.46","0.49","0.128375570875246","1,2,3,1,4,3,3,3,2,4,1,3,3,3,4,3,2","0.00134110450744629","louvain","graph_2024M12.graphml"
"0.04","0.47","0.49","0.126913691609945","1,2,3,1,4,3,3,3,2,3,3,4,3,1,3,3,2","0.00110316276550293","louvain","graph_2024M12.graphml"
"0.03","0.48","0.49","0.126222511367211","1,2,3,4,3,3,3,3,2,3,4,3,3,1,3,3,2","0.00165104866027832","louvain","graph_2024M12.graphml"
"0.02","0.49","0.49","0.127530075703965","1,2,3,3,4,3,3,4,2,4,3,4,3,1,4,4,2","0.0009918212890625","louvain","graph_2024M12.graphml"
"0.01","0.5","0.49","0.127273777777778","1,2,2,3,3,3,3,4,2,4,3,4,3,1,4,4,2","0.000893115997314453","louvain","graph_2024M12.graphml"
"0","0.51","0.49","0.126630265128067","1,2,3,4,4,4,4,4,2,3,4,4,4,1,3,4,2","0.000815868377685547","louvain","graph_2024M12.graphml"
"0.5","0","0.5","0.128030057084111","1,2,3,1,3,3,3,3,2,3,3,3,3,1,1,3,2","0.000982046127319336","louvain","graph_2024M12.graphml"
"0.49","0.01","0.5","0.127029405212742","1,2,3,3,3,3,3,3,2,4,4,3,3,1,1,4,2","0.00169897079467773","louvain","graph_2024M12.graphml"
"0.48","0.02","0.5","0.126725160014042","1,2,3,3,3,3,3,3,2,4,4,3,3,1,1,4,2","0.000875949859619141","louvain","graph_2024M12.graphml"
"0.47","0.03","0.5","0.127344389754246","1,2,3,3,3,3,3,3,2,4,4,3,3,1,1,4,2","0.000834941864013672","louvain","graph_2024M12.graphml"
"0.46","0.04","0.5","0.127344389754246","1,2,3,3,4,3,3,3,2,4,3,3,3,1,1,4,2","0.000952005386352539","louvain","graph_2024M12.graphml"
"0.45","0.05","0.5","0.128963037468718","1,2,3,2,3,3,3,3,2,4,3,3,3,1,4,3,2","0.000850200653076172","louvain","graph_2024M12.graphml"
"0.44","0.06","0.5","0.129518315445891","1,2,3,2,4,3,3,3,2,4,3,3,3,1,1,4,2","0.00182700157165527","louvain","graph_2024M12.graphml"
"0.43","0.07","0.5","0.128741700820564","1,2,3,2,4,3,3,3,2,4,3,3,3,1,1,4,2","0.00100493431091309","louvain","graph_2024M12.graphml"
"0.42","0.08","0.5","0.12862552047283","1,2,3,2,4,1,3,3,2,4,3,3,3,1,4,4,2","0.000820159912109375","louvain","graph_2024M12.graphml"
"0.41","0.09","0.5","0.129331344237839","1,2,3,2,3,1,3,3,2,4,4,3,3,3,1,4,2","0.00106096267700195","louvain","graph_2024M12.graphml"
"0.4","0.1","0.5","0.128265839493696","1,2,3,2,3,1,3,3,2,4,4,3,3,3,1,4,2","0.00173616409301758","louvain","graph_2024M12.graphml"
"0.39","0.11","0.5","0.127275221422423","1,2,3,2,3,3,3,3,2,4,3,3,3,1,4,3,2","0.000989913940429688","louvain","graph_2024M12.graphml"
"0.38","0.12","0.5","0.128054103043871","1,2,3,2,3,3,3,3,2,4,3,3,3,1,4,3,2","0.00262808799743652","louvain","graph_2024M12.graphml"
"0.37","0.13","0.5","0.128402984826716","1,2,3,2,4,3,3,3,2,5,3,4,3,1,5,4,2","0.000934123992919922","louvain","graph_2024M12.graphml"
"0.36","0.14","0.5","0.12800361672612","1,2,3,2,3,1,3,3,2,4,4,3,3,1,4,3,2","0.000974178314208984","louvain","graph_2024M12.graphml"
"0.35","0.15","0.5","0.126701028593542","1,2,3,2,4,2,3,3,2,5,3,4,3,3,5,4,2","0.000823974609375","louvain","graph_2024M12.graphml"
"0.34","0.16","0.5","0.126496486576136","1,2,3,2,3,2,3,3,2,4,4,3,3,1,4,3,2","0.000863075256347656","louvain","graph_2024M12.graphml"
"0.33","0.17","0.5","0.125295168643226","1,2,3,2,3,2,3,3,2,4,3,3,3,3,4,3,2","0.000934839248657227","louvain","graph_2024M12.graphml"
"0.32","0.18","0.5","0.127455359388361","1,2,3,3,3,2,3,3,2,4,4,3,3,1,4,3,2","0.00177288055419922","louvain","graph_2024M12.graphml"
"0.31","0.19","0.5","0.126743401879124","1,2,3,4,4,2,4,4,2,4,4,3,4,1,1,4,2","0.00102901458740234","louvain","graph_2024M12.graphml"
"0.3","0.2","0.5","0.126399247236319","1,2,3,4,3,2,3,3,2,4,4,3,3,1,4,3,2","0.000919818878173828","louvain","graph_2024M12.graphml"
"0.29","0.21","0.5","0.129595825079814","1,2,3,2,3,2,3,3,2,4,4,3,3,1,4,3,2","0.000868082046508789","louvain","graph_2024M12.graphml"
"0.28","0.22","0.5","0.130078501989031","1,2,3,4,4,2,4,4,2,4,4,3,4,1,1,4,2","0.00107312202453613","louvain","graph_2024M12.graphml"
"0.27","0.23","0.5","0.129741112131127","1,2,3,3,3,2,3,3,2,4,3,3,3,1,4,3,2","0.000865936279296875","louvain","graph_2024M12.graphml"
"0.26","0.24","0.5","0.129803399800424","1,2,3,2,3,2,3,3,2,4,4,3,3,1,4,3,2","0.000798940658569336","louvain","graph_2024M12.graphml"
"0.25","0.25","0.5","0.128911532564765","1,2,3,2,3,2,3,3,2,4,4,3,3,1,4,3,2","0.00164484977722168","louvain","graph_2024M12.graphml"
"0.24","0.26","0.5","0.128173893693265","1,2,3,2,3,2,3,3,2,4,4,3,3,1,4,3,2","0.00165796279907227","louvain","graph_2024M12.graphml"
"0.23","0.27","0.5","0.127315436499106","1,2,3,3,3,2,3,3,2,4,3,3,3,1,4,3,2","0.000879049301147461","louvain","graph_2024M12.graphml"
"0.22","0.28","0.5","0.128366235768139","1,2,3,3,3,2,3,3,2,4,3,3,3,1,4,3,2","0.00186514854431152","louvain","graph_2024M12.graphml"
"0.21","0.29","0.5","0.129217608086879","1,2,3,2,3,2,3,3,2,4,4,3,3,1,4,3,2","0.000863075256347656","louvain","graph_2024M12.graphml"
"0.2","0.3","0.5","0.125630512291237","1,2,3,3,3,3,3,3,2,4,3,3,3,1,4,3,2","0.00143599510192871","louvain","graph_2024M12.graphml"
"0.19","0.31","0.5","0.127049878265817","1,2,3,3,4,3,3,3,2,3,3,4,3,1,1,3,2","0.000917911529541016","louvain","graph_2024M12.graphml"
"0.18","0.32","0.5","0.125667853754297","1,2,2,2,2,3,2,4,3,4,4,2,2,1,1,4,3","0.000885009765625","louvain","graph_2024M12.graphml"
"0.17","0.33","0.5","0.127021323196401","1,2,3,2,2,3,3,3,2,4,3,3,3,1,4,3,2","0.000895977020263672","louvain","graph_2024M12.graphml"
"0.16","0.34","0.5","0.127064648988847","1,2,3,1,3,2,3,3,2,4,1,3,3,3,4,3,2","0.00119590759277344","louvain","graph_2024M12.graphml"
"0.15","0.35","0.5","0.125628487634604","1,2,3,1,3,3,3,3,2,4,3,3,3,1,4,3,2","0.00205302238464355","louvain","graph_2024M12.graphml"
"0.14","0.36","0.5","0.125979407493944","1,2,3,4,3,3,3,3,2,4,4,3,3,1,4,3,2","0.000774145126342773","louvain","graph_2024M12.graphml"
"0.13","0.37","0.5","0.126431259581084","1,2,3,1,4,3,3,3,2,3,3,4,3,1,3,3,2","0.00104498863220215","louvain","graph_2024M12.graphml"
"0.12","0.38","0.5","0.128055808474968","1,2,3,1,4,3,3,3,2,3,3,4,3,1,3,3,2","0.00094294548034668","louvain","graph_2024M12.graphml"
"0.11","0.39","0.5","0.127326696995631","1,2,3,1,4,3,3,3,2,5,3,4,3,1,5,3,2","0.000952005386352539","louvain","graph_2024M12.graphml"
"0.1","0.4","0.5","0.127113479081472","1,2,3,1,4,3,3,3,2,3,3,4,3,1,3,3,2","0.000948905944824219","louvain","graph_2024M12.graphml"
"0.09","0.41","0.5","0.12670922155219","1,2,3,3,4,3,3,3,2,3,3,4,3,1,3,3,2","0.0016939640045166","louvain","graph_2024M12.graphml"
"0.08","0.42","0.5","0.127339313228168","1,2,2,1,3,4,4,4,2,5,1,3,4,4,5,4,2","0.00110507011413574","louvain","graph_2024M12.graphml"
"0.07","0.43","0.5","0.127181240097329","1,2,2,1,3,4,4,4,2,5,4,3,4,1,5,4,2","0.000853061676025391","louvain","graph_2024M12.graphml"
"0.06","0.44","0.5","0.126193588000526","1,2,3,1,4,2,3,3,2,4,3,3,3,1,4,3,2","0.000857114791870117","louvain","graph_2024M12.graphml"
"0.05","0.45","0.5","0.126672413702842","1,2,3,4,4,4,4,4,2,3,4,4,4,1,3,4,2","0.00084996223449707","louvain","graph_2024M12.graphml"
"0.04","0.46","0.5","0.127608791124859","1,2,3,2,2,4,4,4,2,3,4,4,4,1,3,4,2","0.00100994110107422","louvain","graph_2024M12.graphml"
"0.03","0.47","0.5","0.127419581621334","1,2,3,1,2,3,3,3,2,3,4,4,3,3,3,3,2","0.00104212760925293","louvain","graph_2024M12.graphml"
"0.02","0.48","0.5","0.129874413119193","1,2,3,2,2,4,4,4,2,3,4,4,4,1,3,4,2","0.000851154327392578","louvain","graph_2024M12.graphml"
"0.01","0.49","0.5","0.128220143500898","1,2,3,1,2,4,4,4,2,3,4,4,4,4,3,4,2","0.00104713439941406","louvain","graph_2024M12.graphml"
"0","0.5","0.5","0.128419865361429","1,2,3,1,2,4,4,4,2,3,4,4,4,4,3,4,2","0.000885009765625","louvain","graph_2024M12.graphml"
"0.49","0","0.51","0.128148981910941","1,2,3,2,3,1,3,3,2,4,4,3,3,1,4,4,2","0.000848054885864258","louvain","graph_2024M12.graphml"
"0.48","0.01","0.51","0.127109106538418","1,2,3,2,3,1,3,3,2,4,4,3,3,1,1,4,2","0.000814914703369141","louvain","graph_2024M12.graphml"
"0.47","0.02","0.51","0.128532754209556","1,2,3,2,3,1,3,3,2,4,4,3,3,1,4,4,2","0.00173592567443848","louvain","graph_2024M12.graphml"
"0.46","0.03","0.51","0.127502408396431","1,2,3,2,3,1,3,3,2,4,4,3,3,3,1,4,2","0.000966072082519531","louvain","graph_2024M12.graphml"
"0.45","0.04","0.51","0.127916404116782","1,2,3,2,3,1,3,3,2,4,4,3,3,1,4,3,2","0.000799894332885742","louvain","graph_2024M12.graphml"
"0.44","0.05","0.51","0.125125716034807","1,2,3,2,3,3,3,3,2,4,3,3,3,1,4,3,2","0.00171208381652832","louvain","graph_2024M12.graphml"
"0.43","0.06","0.51","0.126435484705761","1,2,3,2,4,1,3,3,2,5,3,4,3,3,5,4,2","0.00116991996765137","louvain","graph_2024M12.graphml"
"0.42","0.07","0.51","0.127232101504912","1,2,3,2,3,1,3,3,2,4,4,3,3,1,4,3,2","0.000884056091308594","louvain","graph_2024M12.graphml"
"0.41","0.08","0.51","0.125567692247867","1,2,3,2,3,2,3,3,2,3,3,3,3,1,1,3,2","0.000857114791870117","louvain","graph_2024M12.graphml"
"0.4","0.09","0.51","0.124812525819036","1,2,3,2,4,2,3,3,2,5,3,4,3,3,5,4,2","0.000826120376586914","louvain","graph_2024M12.graphml"
"0.39","0.1","0.51","0.12524857752778","1,2,3,3,4,2,3,3,2,5,1,4,3,3,5,4,2","0.00102090835571289","louvain","graph_2024M12.graphml"
"0.38","0.11","0.51","0.126134548868862","1,2,3,2,3,2,3,3,2,4,4,3,3,1,4,3,2","0.000923871994018555","louvain","graph_2024M12.graphml"
"0.37","0.12","0.51","0.127051813016694","1,2,3,2,3,2,3,3,2,4,4,3,3,1,4,3,2","0.000848054885864258","louvain","graph_2024M12.graphml"
"0.36","0.13","0.51","0.127051813016694","1,2,3,2,3,2,3,3,2,4,4,3,3,1,4,3,2","0.0010378360748291","louvain","graph_2024M12.graphml"
"0.35","0.14","0.51","0.127928414447669","1,2,3,2,3,2,3,3,2,4,4,3,3,1,4,3,2","0.000944137573242188","louvain","graph_2024M12.graphml"
"0.34","0.15","0.51","0.129019181605858","1,2,3,2,3,2,3,3,2,4,4,3,3,1,4,3,2","0.000809907913208008","louvain","graph_2024M12.graphml"
"0.33","0.16","0.51","0.126840415405262","1,2,3,4,4,2,4,4,2,4,4,3,4,1,1,4,2","0.000823974609375","louvain","graph_2024M12.graphml"
"0.32","0.17","0.51","0.12655311912681","1,2,3,3,3,2,3,3,2,4,3,3,3,1,4,3,2","0.000918865203857422","louvain","graph_2024M12.graphml"
"0.31","0.18","0.51","0.127315436499106","1,2,3,3,3,2,3,3,2,4,3,3,3,1,4,3,2","0.00100994110107422","louvain","graph_2024M12.graphml"
"0.3","0.19","0.51","0.127315436499106","1,2,3,3,3,2,3,3,2,4,3,3,3,1,4,3,2","0.00188803672790527","louvain","graph_2024M12.graphml"
"0.29","0.2","0.51","0.127315436499106","1,2,3,3,3,2,3,3,2,4,3,3,3,1,4,3,2","0.000946998596191406","louvain","graph_2024M12.graphml"
"0.28","0.21","0.51","0.126654024602424","1,2,3,3,3,2,3,3,2,4,3,3,3,1,4,3,2","0.000768899917602539","louvain","graph_2024M12.graphml"
"0.27","0.22","0.51","0.127236859980679","1,2,3,3,3,2,3,3,2,4,3,3,3,1,4,3,2","0.00162887573242188","louvain","graph_2024M12.graphml"
"0.26","0.23","0.51","0.12680760173892","1,2,3,1,4,2,3,3,2,3,3,4,3,3,1,3,2","0.000913143157958984","louvain","graph_2024M12.graphml"
"0.25","0.24","0.51","0.126809937509526","1,2,3,3,3,2,3,3,2,4,3,3,3,1,4,3,2","0.000895023345947266","louvain","graph_2024M12.graphml"
"0.24","0.25","0.51","0.127214346501836","1,2,3,4,3,2,3,3,2,4,4,3,3,1,4,3,2","0.000836849212646484","louvain","graph_2024M12.graphml"
"0.23","0.26","0.51","0.126706464898885","1,2,3,1,3,2,3,3,2,4,1,3,3,3,4,3,2","0.0015561580657959","louvain","graph_2024M12.graphml"
"0.22","0.27","0.51","0.126606989898393","1,2,3,1,4,3,3,3,2,5,3,4,3,1,5,3,2","0.00152301788330078","louvain","graph_2024M12.graphml"
"0.21","0.28","0.51","0.127012955452171","1,2,3,1,3,2,3,3,2,4,4,3,3,1,4,3,2","0.000957965850830078","louvain","graph_2024M12.graphml"
"0.2","0.29","0.51","0.125775240285578","1,2,3,1,4,3,3,3,2,3,3,4,3,1,3,3,2","0.000799179077148438","louvain","graph_2024M12.graphml"
"0.19","0.3","0.51","0.12595318359222","1,2,3,1,4,3,3,3,2,3,3,4,3,1,3,3,2","0.000914096832275391","louvain","graph_2024M12.graphml"
"0.18","0.31","0.51","0.125699282917154","1,2,3,1,3,2,3,3,2,4,1,3,3,3,4,3,2","0.00176095962524414","louvain","graph_2024M12.graphml"
"0.17","0.32","0.51","0.126609612179632","1,2,3,1,3,2,3,3,2,4,1,3,3,3,4,3,2","0.000854969024658203","louvain","graph_2024M12.graphml"
"0.16","0.33","0.51","0.12661534132962","1,2,3,1,4,3,3,3,2,3,3,4,3,1,3,3,2","0.000843048095703125","louvain","graph_2024M12.graphml"
"0.15","0.34","0.51","0.12710939909198","1,2,3,1,4,3,3,3,2,5,3,4,3,1,5,3,2","0.000905990600585938","louvain","graph_2024M12.graphml"
"0.14","0.35","0.51","0.127373887634951","1,2,2,1,3,4,4,4,2,4,4,3,4,1,4,4,2","0.000857830047607422","louvain","graph_2024M12.graphml"
"0.13","0.36","0.51","0.127122320809723","1,2,2,1,3,4,4,4,2,4,4,3,4,1,4,4,2","0.000991106033325195","louvain","graph_2024M12.graphml"
"0.12","0.37","0.51","0.125336841883078","1,2,3,1,3,2,3,3,2,4,4,3,3,1,4,3,2","0.000922918319702148","louvain","graph_2024M12.graphml"
"0.11","0.38","0.51","0.127472309438113","1,2,3,2,2,3,3,3,2,4,3,3,3,1,4,3,2","0.000899076461791992","louvain","graph_2024M12.graphml"
"0.1","0.39","0.51","0.127608791124859","1,2,3,2,2,4,4,4,2,3,4,4,4,1,3,4,2","0.000884056091308594","louvain","graph_2024M12.graphml"
"0.09","0.4","0.51","0.126991862880886","1,2,3,1,2,3,3,3,2,3,4,4,3,3,3,3,2","0.000956058502197266","louvain","graph_2024M12.graphml"
"0.08","0.41","0.51","0.126966777226501","1,2,3,1,2,4,4,4,2,3,1,4,4,4,3,4,2","0.00115704536437988","louvain","graph_2024M12.graphml"
"0.07","0.42","0.51","0.127420086032354","1,2,3,1,2,4,4,4,2,3,4,4,4,4,3,4,2","0.00084996223449707","louvain","graph_2024M12.graphml"
"0.06","0.43","0.51","0.127465989854601","1,2,3,2,2,4,4,4,2,3,5,5,4,1,3,4,2","0.000845909118652344","louvain","graph_2024M12.graphml"
"0.05","0.44","0.51","0.126498872938865","1,2,3,1,2,3,3,3,2,3,1,3,3,1,3,3,2","0.00136399269104004","louvain","graph_2024M12.graphml"
"0.04","0.45","0.51","0.126675662000337","1,2,3,1,2,4,4,4,2,3,4,4,4,4,3,4,2","0.00177597999572754","louvain","graph_2024M12.graphml"
"0.03","0.46","0.51","0.126495733610822","1,2,3,4,4,4,4,4,2,3,4,4,4,1,2,4,2","0.00091099739074707","louvain","graph_2024M12.graphml"
"0.02","0.47","0.51","0.126393280369859","1,2,3,4,4,4,4,4,2,3,4,4,4,1,2,4,2","0.000911951065063477","louvain","graph_2024M12.graphml"
"0.01","0.48","0.51","0.12652862286109","1,2,3,1,2,4,4,4,2,3,4,4,4,4,2,4,2","0.000892877578735352","louvain","graph_2024M12.graphml"
"0","0.49","0.51","0.125870216603807","1,2,3,4,4,4,4,4,2,3,4,4,4,1,2,4,2","0.000931024551391602","louvain","graph_2024M12.graphml"
"0.48","0","0.52","0.124910201334269","1,2,3,2,3,2,3,3,2,4,4,3,3,3,1,4,2","0.000916004180908203","louvain","graph_2024M12.graphml"
"0.47","0.01","0.52","0.124510471999409","1,2,3,2,3,2,3,3,2,4,4,3,3,3,1,4,2","0.00109004974365234","louvain","graph_2024M12.graphml"
"0.46","0.02","0.52","0.124122448979592","1,2,3,2,4,2,3,3,2,5,3,4,3,3,5,4,2","0.000727176666259766","louvain","graph_2024M12.graphml"
"0.45","0.03","0.52","0.126280427918605","1,2,3,2,3,2,3,3,2,4,4,3,3,1,4,3,2","0.000860929489135742","louvain","graph_2024M12.graphml"
"0.44","0.04","0.52","0.125370957195312","1,2,3,2,3,2,3,3,2,4,3,3,3,1,4,3,2","0.0020301342010498","louvain","graph_2024M12.graphml"
"0.43","0.05","0.52","0.126535119218615","1,2,3,2,3,2,3,3,2,4,4,3,3,1,4,3,2","0.0011751651763916","louvain","graph_2024M12.graphml"
"0.42","0.06","0.52","0.127900720247032","1,2,2,2,2,3,2,2,3,4,4,2,2,1,4,2,3","0.00208616256713867","louvain","graph_2024M12.graphml"
"0.41","0.07","0.52","0.127796166834996","1,2,2,2,2,3,2,2,3,4,4,2,2,1,4,2,3","0.000831127166748047","louvain","graph_2024M12.graphml"
"0.4","0.08","0.52","0.124785564086263","1,2,3,4,4,2,4,4,2,4,4,3,4,1,1,4,2","0.000948905944824219","louvain","graph_2024M12.graphml"
"0.39","0.09","0.52","0.125722565777733","1,2,3,2,3,2,3,3,2,4,4,3,3,1,4,3,2","0.000821828842163086","louvain","graph_2024M12.graphml"
"0.38","0.1","0.52","0.126454413389018","1,2,3,2,3,2,3,3,2,4,4,3,3,1,4,3,2","0.000841140747070312","louvain","graph_2024M12.graphml"
"0.37","0.11","0.52","0.127604402115262","1,2,3,2,3,2,3,3,2,4,4,3,3,1,4,3,2","0.00123500823974609","louvain","graph_2024M12.graphml"
"0.36","0.12","0.52","0.128173893693265","1,2,3,2,3,2,3,3,2,4,4,3,3,1,4,3,2","0.00113487243652344","louvain","graph_2024M12.graphml"
"0.35","0.13","0.52","0.127234936357254","1,2,3,3,3,2,3,3,2,4,3,3,3,1,4,3,2","0.00110697746276855","louvain","graph_2024M12.graphml"
"0.34","0.14","0.52","0.127138718972847","1,2,3,3,3,2,3,3,2,4,3,3,3,1,4,3,2","0.000864028930664062","louvain","graph_2024M12.graphml"
"0.33","0.15","0.52","0.127680269593044","1,2,3,4,3,2,3,3,2,4,4,3,3,1,4,3,2","0.000946998596191406","louvain","graph_2024M12.graphml"
"0.32","0.16","0.52","0.127298742728467","1,2,3,1,4,2,3,3,2,4,3,3,3,1,4,3,2","0.000789880752563477","louvain","graph_2024M12.graphml"
"0.31","0.17","0.52","0.126953066678611","1,2,3,1,3,2,3,3,2,4,1,3,3,3,4,3,2","0.000869035720825195","louvain","graph_2024M12.graphml"
"0.3","0.18","0.52","0.12644221131644","1,2,3,1,4,2,3,3,2,4,3,3,3,1,4,3,2","0.00211215019226074","louvain","graph_2024M12.graphml"
"0.29","0.19","0.52","0.12696469063816","1,2,3,1,3,2,3,3,2,4,4,3,3,1,4,3,2","0.00093388557434082","louvain","graph_2024M12.graphml"
"0.28","0.2","0.52","0.12696469063816","1,2,3,1,3,2,3,3,2,4,4,3,3,1,4,3,2","0.000935792922973633","louvain","graph_2024M12.graphml"
"0.27","0.21","0.52","0.125878106344579","1,2,3,2,2,2,3,3,2,4,3,3,3,1,4,3,2","0.00113296508789062","louvain","graph_2024M12.graphml"
"0.26","0.22","0.52","0.125929052352867","1,2,3,2,2,3,3,3,2,3,3,4,3,1,1,3,2","0.00118303298950195","louvain","graph_2024M12.graphml"
"0.25","0.23","0.52","0.125470426689722","1,2,3,1,4,3,3,3,2,3,1,4,3,3,3,3,2","0.000909805297851562","louvain","graph_2024M12.graphml"
"0.24","0.24","0.52","0.12283873351822","1,2,3,3,3,2,3,4,2,4,3,3,3,1,4,4,2","0.000872135162353516","louvain","graph_2024M12.graphml"
"0.23","0.25","0.52","0.124511323563418","1,2,3,1,4,3,3,3,2,3,3,4,3,1,3,3,2","0.00113701820373535","louvain","graph_2024M12.graphml"
"0.22","0.26","0.52","0.125731335666899","1,2,3,2,2,3,3,3,2,3,3,4,3,1,3,3,2","0.000926971435546875","louvain","graph_2024M12.graphml"
"0.21","0.27","0.52","0.125696888888889","1,2,2,1,3,4,4,4,2,4,4,3,4,4,4,4,2","0.00112485885620117","louvain","graph_2024M12.graphml"
"0.2","0.28","0.52","0.126154918165039","1,2,2,1,3,4,4,4,2,4,4,3,4,4,4,4,2","0.000851869583129883","louvain","graph_2024M12.graphml"
"0.19","0.29","0.52","0.125587953630366","1,2,2,1,3,4,4,4,2,4,1,3,4,4,4,4,2","0.000921010971069336","louvain","graph_2024M12.graphml"
"0.18","0.3","0.52","0.126610332866621","1,2,2,1,3,4,4,4,2,4,4,3,4,4,4,4,2","0.000910043716430664","louvain","graph_2024M12.graphml"
"0.17","0.31","0.52","0.126418508713914","1,2,3,1,2,3,3,3,2,3,4,4,3,3,3,3,2","0.000869035720825195","louvain","graph_2024M12.graphml"
"0.16","0.32","0.52","0.126418508713914","1,2,3,1,2,3,3,3,2,3,4,4,3,3,3,3,2","0.00164794921875","louvain","graph_2024M12.graphml"
"0.15","0.33","0.52","0.126264113639338","1,2,3,2,2,4,4,4,2,3,4,4,4,1,3,4,2","0.00177788734436035","louvain","graph_2024M12.graphml"
"0.14","0.34","0.52","0.126275492722239","1,2,3,2,2,4,4,4,2,3,4,4,4,1,3,4,2","0.0010380744934082","louvain","graph_2024M12.graphml"
"0.13","0.35","0.52","0.127560340040155","1,2,3,2,2,4,4,4,2,3,4,4,4,1,3,4,2","0.00123000144958496","louvain","graph_2024M12.graphml"
"0.12","0.36","0.52","0.126720030461219","1,2,3,1,2,4,4,4,2,3,4,4,4,4,3,4,2","0.00107693672180176","louvain","graph_2024M12.graphml"
"0.11","0.37","0.52","0.125134086692528","1,2,3,4,4,4,4,4,2,3,4,4,4,1,3,4,2","0.000926017761230469","louvain","graph_2024M12.graphml"
"0.1","0.38","0.52","0.125793894522274","1,2,3,2,2,4,4,4,2,3,5,5,4,1,3,4,2","0.000905990600585938","louvain","graph_2024M12.graphml"
"0.09","0.39","0.52","0.125793894522274","1,2,3,2,2,4,4,4,2,3,5,5,4,1,3,4,2","0.0013420581817627","louvain","graph_2024M12.graphml"
"0.08","0.4","0.52","0.125569198751301","1,2,3,4,2,4,4,4,2,3,5,5,4,1,2,4,2","0.00128912925720215","louvain","graph_2024M12.graphml"
"0.07","0.41","0.52","0.125146966999681","1,2,3,1,2,4,4,4,2,3,1,4,4,1,2,4,2","0.000891923904418945","louvain","graph_2024M12.graphml"
"0.06","0.42","0.52","0.126683507246185","1,2,3,1,2,4,4,4,2,3,4,4,4,4,2,4,2","0.00090789794921875","louvain","graph_2024M12.graphml"
"0.05","0.43","0.52","0.127020052596976","1,2,3,2,2,4,4,4,2,3,4,4,4,4,2,4,2","0.00088810920715332","louvain","graph_2024M12.graphml"
"0.04","0.44","0.52","0.125179775354019","1,2,3,2,2,4,4,4,2,3,4,4,4,4,1,4,2","0.00176501274108887","louvain","graph_2024M12.graphml"
"0.03","0.45","0.52","0.125179775354019","1,2,3,2,2,4,4,4,2,3,4,4,4,4,1,4,2","0.000945091247558594","louvain","graph_2024M12.graphml"
"0.02","0.46","0.52","0.124037528516926","1,2,3,2,4,3,3,4,2,3,4,4,4,1,2,4,2","0.000954866409301758","louvain","graph_2024M12.graphml"
"0.01","0.47","0.52","0.125607274475244","1,2,3,2,2,3,3,3,2,3,4,4,3,1,3,3,2","0.00091099739074707","louvain","graph_2024M12.graphml"
"0","0.48","0.52","0.125086905307976","1,2,3,2,2,4,4,4,2,3,4,4,4,4,1,4,2","0.00100898742675781","louvain","graph_2024M12.graphml"
"0.47","0","0.53","0.126807178835151","1,2,3,4,3,2,3,3,2,4,4,3,3,1,4,3,2","0.000911951065063477","louvain","graph_2024M12.graphml"
"0.46","0.01","0.53","0.126218165787585","1,2,3,2,3,2,3,3,2,4,4,3,3,1,4,3,2","0.00106692314147949","louvain","graph_2024M12.graphml"
"0.45","0.02","0.53","0.126648807814961","1,2,3,4,3,2,3,3,2,4,4,3,3,1,4,3,2","0.000911951065063477","louvain","graph_2024M12.graphml"
"0.44","0.03","0.53","0.12703125","1,2,3,2,3,2,3,3,2,4,4,3,3,1,4,3,2","0.00105595588684082","louvain","graph_2024M12.graphml"
"0.43","0.04","0.53","0.12703125","1,2,3,2,3,2,3,3,2,4,4,3,3,1,4,3,2","0.00117111206054688","louvain","graph_2024M12.graphml"
"0.42","0.05","0.53","0.127041113864995","1,2,3,2,3,2,3,3,2,4,4,3,3,1,4,3,2","0.000848054885864258","louvain","graph_2024M12.graphml"
"0.41","0.06","0.53","0.126618731113214","1,2,3,1,3,2,3,3,2,4,4,3,3,1,4,3,2","0.00191688537597656","louvain","graph_2024M12.graphml"
"0.4","0.07","0.53","0.127878142810524","1,2,3,1,3,2,3,3,2,4,4,3,3,1,4,3,2","0.000902891159057617","louvain","graph_2024M12.graphml"
"0.39","0.08","0.53","0.127129258754014","1,2,3,1,3,2,3,3,2,4,4,3,3,1,4,3,2","0.000936985015869141","louvain","graph_2024M12.graphml"
"0.38","0.09","0.53","0.125818500975932","1,2,3,1,3,2,3,3,2,4,1,3,3,3,4,3,2","0.000844001770019531","louvain","graph_2024M12.graphml"
"0.37","0.1","0.53","0.125717258309774","1,2,3,1,4,2,3,3,2,4,3,3,3,1,4,3,2","0.0010988712310791","louvain","graph_2024M12.graphml"
"0.36","0.11","0.53","0.126411585207404","1,2,3,2,2,1,3,3,2,4,4,3,3,3,4,3,2","0.000922203063964844","louvain","graph_2024M12.graphml"
"0.35","0.12","0.53","0.126748114211671","1,2,3,4,3,2,3,3,2,4,4,3,3,1,4,3,2","0.000886917114257812","louvain","graph_2024M12.graphml"
"0.34","0.13","0.53","0.125831829330372","1,2,3,3,3,2,3,3,2,4,3,3,3,1,4,3,2","0.000807046890258789","louvain","graph_2024M12.graphml"
"0.33","0.14","0.53","0.124706122772102","1,2,3,1,3,2,3,3,2,4,3,3,3,1,4,3,2","0.000885963439941406","louvain","graph_2024M12.graphml"
"0.32","0.15","0.53","0.125728916503257","1,2,3,1,4,2,3,3,2,3,3,4,3,3,1,3,2","0.000864982604980469","louvain","graph_2024M12.graphml"
"0.31","0.16","0.53","0.125239754143024","1,2,3,2,2,3,3,3,2,3,3,4,3,1,1,3,2","0.000931024551391602","louvain","graph_2024M12.graphml"
"0.3","0.17","0.53","0.125189974078388","1,2,3,1,3,2,3,3,2,4,4,3,3,1,4,3,2","0.000766992568969727","louvain","graph_2024M12.graphml"
"0.29","0.18","0.53","0.123541820900028","1,2,3,1,3,2,3,3,2,4,4,3,3,1,4,3,2","0.000874996185302734","louvain","graph_2024M12.graphml"
"0.28","0.19","0.53","0.125217156624439","1,2,3,1,4,3,3,3,2,3,1,4,3,3,3,3,2","0.000866889953613281","louvain","graph_2024M12.graphml"
"0.27","0.2","0.53","0.122447477930004","1,2,2,3,4,3,3,4,2,4,3,4,3,1,4,4,2","0.00174808502197266","louvain","graph_2024M12.graphml"
"0.26","0.21","0.53","0.124691425701675","1,2,3,2,2,4,4,4,3,2,4,2,4,1,1,4,3","0.00107693672180176","louvain","graph_2024M12.graphml"
"0.25","0.22","0.53","0.125014770488652","1,2,2,1,3,4,4,4,2,4,4,3,4,4,4,4,2","0.000837087631225586","louvain","graph_2024M12.graphml"
"0.24","0.23","0.53","0.125043974136172","1,2,2,3,4,3,3,3,2,3,3,4,3,1,3,3,2","0.000952005386352539","louvain","graph_2024M12.graphml"
"0.23","0.24","0.53","0.125154159905267","1,2,3,2,2,3,3,3,2,3,3,3,3,1,3,3,2","0.00105404853820801","louvain","graph_2024M12.graphml"
"0.22","0.25","0.53","0.125613746537396","1,2,3,2,2,3,3,3,2,4,3,3,3,1,4,3,2","0.000988006591796875","louvain","graph_2024M12.graphml"
"0.21","0.26","0.53","0.12472782026554","1,2,3,1,2,3,3,3,2,4,1,4,3,3,4,3,2","0.000890970230102539","louvain","graph_2024M12.graphml"
"0.2","0.27","0.53","0.12559015763168","1,2,3,2,2,4,4,4,2,3,4,4,4,1,3,4,2","0.000903129577636719","louvain","graph_2024M12.graphml"
"0.19","0.28","0.53","0.126874714532105","1,2,3,2,2,4,4,4,2,3,4,4,4,1,3,4,2","0.000849008560180664","louvain","graph_2024M12.graphml"
"0.18","0.29","0.53","0.126495490909952","1,2,3,1,2,4,4,4,2,3,1,4,4,1,3,4,2","0.000916957855224609","louvain","graph_2024M12.graphml"
"0.17","0.3","0.53","0.125796087029853","1,2,3,1,2,4,4,4,2,3,1,4,4,1,3,4,2","0.00084996223449707","louvain","graph_2024M12.graphml"
"0.16","0.31","0.53","0.125590075382756","1,2,3,2,2,3,3,3,2,3,1,3,3,1,3,3,2","0.00101590156555176","louvain","graph_2024M12.graphml"
"0.15","0.32","0.53","0.126371278435457","1,2,3,2,2,4,4,4,2,3,1,4,4,1,3,4,2","0.000947952270507812","louvain","graph_2024M12.graphml"
"0.14","0.33","0.53","0.125313031406101","1,2,3,1,2,3,3,3,2,3,1,3,3,1,2,3,2","0.00112700462341309","louvain","graph_2024M12.graphml"
"0.13","0.34","0.53","0.125261860548106","1,2,3,1,2,4,4,4,2,3,1,4,4,1,2,4,2","0.000922203063964844","louvain","graph_2024M12.graphml"
"0.12","0.35","0.53","0.126202745035355","1,2,3,4,4,3,4,4,3,2,4,4,4,1,3,4,3","0.000913858413696289","louvain","graph_2024M12.graphml"
"0.11","0.36","0.53","0.126945001401729","1,2,3,2,2,4,4,4,2,3,4,4,4,4,1,4,2","0.0016632080078125","louvain","graph_2024M12.graphml"
"0.1","0.37","0.53","0.124396121546513","1,2,3,2,2,4,4,4,2,3,4,4,4,4,1,4,2","0.00177311897277832","louvain","graph_2024M12.graphml"
"0.09","0.38","0.53","0.124359630527198","1,2,3,2,2,4,4,4,2,3,4,4,4,4,1,4,2","0.000972986221313477","louvain","graph_2024M12.graphml"
"0.08","0.39","0.53","0.124967671773322","1,2,3,2,2,4,4,4,2,3,5,5,4,1,4,4,2","0.000929117202758789","louvain","graph_2024M12.graphml"
"0.07","0.4","0.53","0.124967671773322","1,2,3,2,2,4,4,4,2,3,5,5,4,1,4,4,2","0.0010380744934082","louvain","graph_2024M12.graphml"
"0.06","0.41","0.53","0.123610755523186","1,2,3,2,2,3,3,4,2,3,5,4,5,1,5,4,5","0.000884056091308594","louvain","graph_2024M12.graphml"
"0.05","0.42","0.53","0.126119306860629","1,2,3,2,2,3,3,3,2,3,4,4,3,1,3,3,2","0.000869035720825195","louvain","graph_2024M12.graphml"
"0.04","0.43","0.53","0.126138206558285","1,2,3,2,2,3,3,3,2,3,4,4,3,1,3,3,2","0.00101399421691895","louvain","graph_2024M12.graphml"
"0.03","0.44","0.53","0.126409575431079","1,2,3,2,2,4,4,4,2,3,4,4,4,1,3,4,2","0.000972986221313477","louvain","graph_2024M12.graphml"
"0.02","0.45","0.53","0.126845151726434","1,2,3,2,2,4,4,4,2,3,5,5,4,1,4,4,2","0.000891923904418945","louvain","graph_2024M12.graphml"
"0.01","0.46","0.53","0.125398027746216","1,2,3,2,2,4,4,4,2,3,5,5,4,1,4,4,2","0.000890016555786133","louvain","graph_2024M12.graphml"
"0","0.47","0.53","0.125521666105777","1,2,3,2,2,4,4,4,2,3,5,5,4,1,4,4,2","0.000792026519775391","louvain","graph_2024M12.graphml"
"0.46","0","0.54","0.125807944814194","1,2,3,4,3,2,3,3,2,4,4,3,3,1,4,3,2","0.00122499465942383","louvain","graph_2024M12.graphml"
"0.45","0.01","0.54","0.125807944814194","1,2,3,4,3,2,3,3,2,4,4,3,3,1,4,3,2","0.00105595588684082","louvain","graph_2024M12.graphml"
"0.44","0.02","0.54","0.125020351410376","1,2,3,1,3,2,3,3,2,4,4,3,3,1,4,3,2","0.000856161117553711","louvain","graph_2024M12.graphml"
"0.43","0.03","0.54","0.125595344740064","1,2,3,1,3,2,3,3,2,4,4,3,3,1,4,3,2","0.000858068466186523","louvain","graph_2024M12.graphml"
"0.42","0.04","0.54","0.125264057146154","1,2,3,2,2,2,3,3,2,4,3,3,3,1,4,3,2","0.00141191482543945","louvain","graph_2024M12.graphml"
"0.41","0.05","0.54","0.125633763709565","1,2,3,1,3,2,3,3,2,4,3,3,3,1,4,3,2","0.00105190277099609","louvain","graph_2024M12.graphml"
"0.4","0.06","0.54","0.125317350585177","1,2,3,3,4,2,3,3,2,3,3,4,3,1,1,3,2","0.000905990600585938","louvain","graph_2024M12.graphml"
"0.39","0.07","0.54","0.125517713659606","1,2,3,1,4,2,3,3,2,3,3,4,3,3,1,3,2","0.00142002105712891","louvain","graph_2024M12.graphml"
"0.38","0.08","0.54","0.126253685703931","1,2,3,1,4,2,3,3,2,3,3,4,3,3,1,3,2","0.000955104827880859","louvain","graph_2024M12.graphml"
"0.37","0.09","0.54","0.124075942534087","1,2,3,3,4,2,3,3,2,3,3,4,3,1,1,3,2","0.000988960266113281","louvain","graph_2024M12.graphml"
"0.36","0.1","0.54","0.124759758644613","1,2,3,1,4,2,3,3,2,3,3,4,3,3,1,3,2","0.000946998596191406","louvain","graph_2024M12.graphml"
"0.35","0.11","0.54","0.123530357555787","1,2,3,3,4,2,3,3,2,3,3,4,3,1,1,3,2","0.000900983810424805","louvain","graph_2024M12.graphml"
"0.34","0.12","0.54","0.123283300923675","1,2,3,4,3,2,3,3,2,4,4,3,3,1,4,3,2","0.000967979431152344","louvain","graph_2024M12.graphml"
"0.33","0.13","0.54","0.121980444444444","1,2,2,3,3,2,3,3,2,3,3,3,3,1,3,3,2","0.000818967819213867","louvain","graph_2024M12.graphml"
"0.32","0.14","0.54","0.123442157017452","1,2,2,1,3,4,4,4,2,4,4,3,4,4,4,4,2","0.000878095626831055","louvain","graph_2024M12.graphml"
"0.31","0.15","0.54","0.125014770488652","1,2,2,1,3,4,4,4,2,4,4,3,4,4,4,4,2","0.00116777420043945","louvain","graph_2024M12.graphml"
"0.3","0.16","0.54","0.125747560314925","1,2,2,1,3,4,4,4,2,4,4,3,4,4,4,4,2","0.00108909606933594","louvain","graph_2024M12.graphml"
"0.29","0.17","0.54","0.124764199920077","1,2,3,1,2,4,4,4,2,4,4,3,4,4,4,4,2","0.00178313255310059","louvain","graph_2024M12.graphml"
"0.28","0.18","0.54","0.124667574021345","1,2,3,1,2,3,3,3,2,3,4,4,3,3,3,3,2","0.0011589527130127","louvain","graph_2024M12.graphml"
"0.27","0.19","0.54","0.123975934903047","1,2,3,1,2,3,3,3,2,3,1,4,3,3,3,3,2","0.00200700759887695","louvain","graph_2024M12.graphml"
"0.26","0.2","0.54","0.123617516891979","1,2,3,2,2,3,3,3,2,3,3,3,3,1,3,3,2","0.00283122062683105","louvain","graph_2024M12.graphml"
"0.25","0.21","0.54","0.125436370626682","1,2,3,2,2,4,4,4,2,3,5,5,4,1,3,4,2","0.00179696083068848","louvain","graph_2024M12.graphml"
"0.24","0.22","0.54","0.125647650824653","1,2,3,2,2,4,4,4,2,3,4,4,4,1,3,4,2","0.00183010101318359","louvain","graph_2024M12.graphml"
"0.23","0.23","0.54","0.1251646625327","1,2,3,2,2,3,3,3,2,4,1,3,3,1,4,3,2","0.00093388557434082","louvain","graph_2024M12.graphml"
"0.22","0.24","0.54","0.12528240817844","1,2,3,2,2,3,3,3,2,4,1,3,3,1,4,3,2","0.00135612487792969","louvain","graph_2024M12.graphml"
"0.21","0.25","0.54","0.125850572320499","1,2,3,2,2,3,3,3,2,4,1,3,3,1,4,3,2","0.000914096832275391","louvain","graph_2024M12.graphml"
"0.2","0.26","0.54","0.125552633144111","1,2,3,1,2,4,4,4,2,3,4,4,4,4,2,4,2","0.000973939895629883","louvain","graph_2024M12.graphml"
"0.19","0.27","0.54","0.12527746147673","1,2,3,2,2,4,4,4,2,3,4,4,4,4,1,4,2","0.000864982604980469","louvain","graph_2024M12.graphml"
"0.18","0.28","0.54","0.124653325135236","1,2,3,2,2,4,4,4,2,3,4,4,4,4,1,4,2","0.00100398063659668","louvain","graph_2024M12.graphml"
"0.17","0.29","0.54","0.124581879945856","1,2,3,2,2,4,4,4,2,3,5,5,4,1,4,4,2","0.000900983810424805","louvain","graph_2024M12.graphml"
"0.16","0.3","0.54","0.124396121546513","1,2,3,2,2,4,4,4,2,3,4,4,4,4,1,4,2","0.00170397758483887","louvain","graph_2024M12.graphml"
"0.15","0.31","0.54","0.125038038446348","1,2,3,2,2,4,4,4,2,3,5,5,4,1,4,4,2","0.0020439624786377","louvain","graph_2024M12.graphml"
"0.14","0.32","0.54","0.124919480627963","1,2,3,2,2,4,4,4,2,3,5,5,4,4,1,4,2","0.000894069671630859","louvain","graph_2024M12.graphml"
"0.13","0.33","0.54","0.12524433377392","1,2,3,2,2,4,4,4,2,3,5,5,4,1,4,4,2","0.000887155532836914","louvain","graph_2024M12.graphml"
"0.12","0.34","0.54","0.124607427746727","1,2,3,2,2,3,3,3,2,4,1,3,3,1,4,3,2","0.000902175903320312","louvain","graph_2024M12.graphml"
"0.11","0.35","0.54","0.126116055535778","1,2,3,2,2,4,4,4,2,3,4,4,4,1,3,4,2","0.000871896743774414","louvain","graph_2024M12.graphml"
"0.1","0.36","0.54","0.1258974503929","1,2,3,2,2,4,4,4,2,3,5,5,4,1,4,4,2","0.00150513648986816","louvain","graph_2024M12.graphml"
"0.09","0.37","0.54","0.12477890625","1,2,3,2,2,4,4,4,2,3,4,4,4,1,3,4,2","0.000936985015869141","louvain","graph_2024M12.graphml"
"0.08","0.38","0.54","0.124452736202094","1,2,3,2,2,4,4,4,2,3,5,5,4,1,4,4,2","0.00104212760925293","louvain","graph_2024M12.graphml"
"0.07","0.39","0.54","0.125089396210223","1,2,3,2,2,4,4,4,2,3,5,5,4,1,4,4,2","0.000881195068359375","louvain","graph_2024M12.graphml"
"0.06","0.4","0.54","0.125703890609467","1,2,3,2,2,4,4,4,2,3,5,5,4,1,4,4,2","0.000915050506591797","louvain","graph_2024M12.graphml"
"0.05","0.41","0.54","0.124644337265777","1,2,3,2,2,3,3,3,2,3,4,4,3,1,3,3,2","0.000935077667236328","louvain","graph_2024M12.graphml"
"0.04","0.42","0.54","0.123090720272522","1,2,3,2,2,4,4,4,2,3,4,4,4,1,3,4,2","0.000909090042114258","louvain","graph_2024M12.graphml"
"0.03","0.43","0.54","0.122977442463039","1,2,3,2,2,4,4,4,2,3,4,4,4,1,3,4,2","0.000956058502197266","louvain","graph_2024M12.graphml"
"0.02","0.44","0.54","0.123672214581924","1,2,3,2,2,3,3,3,2,3,4,3,4,1,4,3,4","0.000941038131713867","louvain","graph_2024M12.graphml"
"0.01","0.45","0.54","0.12523166095826","1,2,3,2,2,4,4,4,2,3,4,4,4,1,3,4,2","0.000950098037719727","louvain","graph_2024M12.graphml"
"0","0.46","0.54","0.12523166095826","1,2,3,2,2,4,4,4,2,3,4,4,4,1,3,4,2","0.00107097625732422","louvain","graph_2024M12.graphml"
"0.45","0","0.55","0.124649116221497","1,2,3,1,3,2,3,3,2,4,1,3,3,3,4,3,2","0.000693082809448242","louvain","graph_2024M12.graphml"
"0.44","0.01","0.55","0.124289819167254","1,2,3,1,4,2,3,3,2,3,3,4,3,3,1,3,2","0.000893115997314453","louvain","graph_2024M12.graphml"
"0.43","0.02","0.55","0.124606692521859","1,2,3,1,3,2,3,3,2,4,4,3,3,1,4,3,2","0.000987052917480469","louvain","graph_2024M12.graphml"
"0.42","0.03","0.55","0.124015420857903","1,2,3,1,4,2,3,3,2,3,3,4,3,3,1,3,2","0.000883102416992188","louvain","graph_2024M12.graphml"
"0.41","0.04","0.55","0.124335149393728","1,2,3,1,4,2,3,3,2,3,3,4,3,3,1,3,2","0.00084996223449707","louvain","graph_2024M12.graphml"
"0.4","0.05","0.55","0.123689017415425","1,2,2,1,3,2,4,4,2,4,4,3,4,4,1,4,2","0.000864028930664062","louvain","graph_2024M12.graphml"
"0.39","0.06","0.55","0.123437008493237","1,2,3,1,3,2,3,3,2,4,4,3,3,1,4,3,2","0.00085902214050293","louvain","graph_2024M12.graphml"
"0.38","0.07","0.55","0.123176","1,2,2,1,3,2,4,4,2,4,4,3,4,4,4,4,2","0.000869035720825195","louvain","graph_2024M12.graphml"
"0.37","0.08","0.55","0.122635619540431","1,2,2,1,3,2,4,4,2,4,4,3,4,4,4,4,2","0.000862836837768555","louvain","graph_2024M12.graphml"
"0.36","0.09","0.55","0.122535689408917","1,2,3,3,4,2,3,3,2,3,3,4,3,1,3,3,2","0.00124001502990723","louvain","graph_2024M12.graphml"
"0.35","0.1","0.55","0.123256452786876","1,2,3,2,2,3,3,3,2,3,3,4,3,1,3,3,2","0.000874042510986328","louvain","graph_2024M12.graphml"
"0.34","0.11","0.55","0.122605154483484","1,2,3,2,2,3,3,3,2,4,3,3,3,1,4,3,2","0.000905036926269531","louvain","graph_2024M12.graphml"
"0.33","0.12","0.55","0.123617516891979","1,2,3,2,2,3,3,3,2,3,3,3,3,1,3,3,2","0.000988006591796875","louvain","graph_2024M12.graphml"
"0.32","0.13","0.55","0.123066801689159","1,2,3,1,2,3,3,3,2,3,1,3,3,3,3,3,2","0.000884056091308594","louvain","graph_2024M12.graphml"
"0.31","0.14","0.55","0.122838041874439","1,2,3,2,2,4,4,4,2,4,4,3,4,1,4,4,2","0.00180411338806152","louvain","graph_2024M12.graphml"
"0.3","0.15","0.55","0.124547823486693","1,2,3,1,2,4,4,4,2,3,1,5,4,4,3,4,2","0.00088191032409668","louvain","graph_2024M12.graphml"
"0.29","0.16","0.55","0.12470301558608","1,2,3,2,2,4,4,4,2,3,4,4,4,4,3,4,2","0.00096893310546875","louvain","graph_2024M12.graphml"
"0.28","0.17","0.55","0.124591431984751","1,2,3,4,4,2,4,4,2,3,1,4,4,1,3,4,2","0.000905036926269531","louvain","graph_2024M12.graphml"
"0.27","0.18","0.55","0.124434128557979","1,2,3,2,2,4,4,4,2,3,1,5,4,1,4,4,2","0.000940084457397461","louvain","graph_2024M12.graphml"
"0.26","0.19","0.55","0.123586589962309","1,2,3,1,4,5,5,5,2,3,4,4,5,5,2,5,2","0.000926971435546875","louvain","graph_2024M12.graphml"
"0.25","0.2","0.55","0.124318097082044","1,2,3,2,2,4,4,4,2,3,5,5,4,1,4,4,2","0.000913858413696289","louvain","graph_2024M12.graphml"
"0.24","0.21","0.55","0.125667853238234","1,2,3,2,2,4,4,4,2,3,4,4,4,4,1,4,2","0.000902175903320312","louvain","graph_2024M12.graphml"
"0.23","0.22","0.55","0.125408278425301","1,2,3,2,2,4,4,4,2,3,4,4,4,4,1,4,2","0.000875949859619141","louvain","graph_2024M12.graphml"
"0.22","0.23","0.55","0.125408278425301","1,2,3,2,2,4,4,4,2,3,4,4,4,4,1,4,2","0.000674962997436523","louvain","graph_2024M12.graphml"
"0.21","0.24","0.55","0.125352688809297","1,2,3,2,2,4,4,4,2,3,5,5,4,1,4,4,2","0.00168013572692871","louvain","graph_2024M12.graphml"
"0.2","0.25","0.55","0.124953767472707","1,2,3,2,2,4,4,4,2,3,4,4,4,1,3,4,2","0.00175189971923828","louvain","graph_2024M12.graphml"
"0.19","0.26","0.55","0.124953767472707","1,2,3,2,2,4,4,4,2,3,4,4,4,1,3,4,2","0.000900983810424805","louvain","graph_2024M12.graphml"
"0.18","0.27","0.55","0.124647570402434","1,2,3,2,2,4,4,4,2,3,4,4,4,1,3,4,2","0.000704050064086914","louvain","graph_2024M12.graphml"
"0.17","0.28","0.55","0.123885209435005","1,2,3,2,2,4,4,4,2,3,5,5,4,1,4,4,2","0.000930070877075195","louvain","graph_2024M12.graphml"
"0.16","0.29","0.55","0.123963621610868","1,2,3,2,2,4,4,4,2,3,4,4,4,1,3,4,2","0.00111508369445801","louvain","graph_2024M12.graphml"
"0.15","0.3","0.55","0.1238984375","1,2,3,2,2,3,3,3,2,3,4,4,3,1,3,3,2","0.00106501579284668","louvain","graph_2024M12.graphml"
"0.14","0.31","0.55","0.124452736202094","1,2,3,2,2,4,4,4,2,3,5,5,4,1,4,4,2","0.00185012817382812","louvain","graph_2024M12.graphml"
"0.13","0.32","0.55","0.125553458465995","1,2,3,2,2,3,3,3,2,3,4,4,3,1,3,3,2","0.000934839248657227","louvain","graph_2024M12.graphml"
"0.12","0.33","0.55","0.125121438825772","1,2,3,2,2,3,3,3,2,3,4,4,3,1,3,3,2","0.000921010971069336","louvain","graph_2024M12.graphml"
"0.11","0.34","0.55","0.124084801735124","1,2,3,2,2,3,3,3,2,3,4,4,3,1,3,3,2","0.00106096267700195","louvain","graph_2024M12.graphml"
"0.1","0.35","0.55","0.12204762400745","1,2,3,2,2,3,3,4,2,3,3,4,3,3,1,4,2","0.000957965850830078","louvain","graph_2024M12.graphml"
"0.09","0.36","0.55","0.123635249596714","1,2,3,2,2,4,4,4,2,3,4,4,4,1,3,4,2","0.000910043716430664","louvain","graph_2024M12.graphml"
"0.08","0.37","0.55","0.123892197451503","1,2,3,2,2,3,3,3,2,3,4,4,3,1,3,3,2","0.000910043716430664","louvain","graph_2024M12.graphml"
"0.07","0.38","0.55","0.122985197616647","1,2,3,2,2,3,3,3,2,3,3,3,3,1,3,3,2","0.00091099739074707","louvain","graph_2024M12.graphml"
"0.06","0.39","0.55","0.123280683277178","1,2,2,1,3,2,2,2,4,2,3,2,2,3,4,2,4","0.000898122787475586","louvain","graph_2024M12.graphml"
"0.05","0.4","0.55","0.124350551090478","1,2,3,1,4,3,3,3,2,3,4,3,3,4,2,3,2","0.00126385688781738","louvain","graph_2024M12.graphml"
"0.04","0.41","0.55","0.124506426080831","1,2,3,2,2,4,4,4,2,3,4,4,4,4,1,4,2","0.0016639232635498","louvain","graph_2024M12.graphml"
"0.03","0.42","0.55","0.12391983806983","1,2,3,1,4,2,4,4,2,3,4,4,4,4,2,4,2","0.00195193290710449","louvain","graph_2024M12.graphml"
"0.02","0.43","0.55","0.12368066331133","1,2,3,1,4,3,3,3,2,3,4,3,3,4,2,3,2","0.000808000564575195","louvain","graph_2024M12.graphml"
"0.01","0.44","0.55","0.124550057733999","1,2,3,2,2,4,4,4,2,3,4,4,4,4,1,4,2","0.00178885459899902","louvain","graph_2024M12.graphml"
"0","0.45","0.55","0.124361593089341","1,2,3,2,2,4,4,4,2,3,4,4,4,4,1,4,2","0.000869035720825195","louvain","graph_2024M12.graphml"
"0.44","0","0.56","0.12217088267574","1,2,3,1,3,2,3,3,2,4,4,3,3,1,4,3,2","0.000936031341552734","louvain","graph_2024M12.graphml"
"0.43","0.01","0.56","0.121911256675274","1,2,2,1,3,2,4,4,2,4,4,3,4,4,4,4,2","0.000859975814819336","louvain","graph_2024M12.graphml"
"0.42","0.02","0.56","0.121911256675274","1,2,2,1,3,2,4,4,2,4,4,3,4,4,4,4,2","0.00163412094116211","louvain","graph_2024M12.graphml"
"0.41","0.03","0.56","0.123014998180342","1,2,3,2,2,4,3,3,2,4,3,3,3,1,4,3,2","0.00146198272705078","louvain","graph_2024M12.graphml"
"0.4","0.04","0.56","0.123770371969006","1,2,3,1,2,4,4,4,2,4,1,3,4,4,4,4,2","0.000962972640991211","louvain","graph_2024M12.graphml"
"0.39","0.05","0.56","0.123458655445062","1,2,3,2,2,4,3,3,2,4,3,3,3,1,4,3,2","0.00097203254699707","louvain","graph_2024M12.graphml"
"0.38","0.06","0.56","0.122914384717658","1,2,3,2,2,4,3,3,2,4,3,3,3,1,4,3,2","0.00208592414855957","louvain","graph_2024M12.graphml"
"0.37","0.07","0.56","0.122153484005373","1,2,3,2,2,3,3,3,2,4,3,3,3,1,4,3,2","0.000622987747192383","louvain","graph_2024M12.graphml"
"0.36","0.08","0.56","0.124340481228299","1,2,3,2,2,4,4,4,2,4,4,3,4,1,4,4,2","0.000958919525146484","louvain","graph_2024M12.graphml"
"0.35","0.09","0.56","0.125254651008258","1,2,3,1,2,4,4,4,2,3,4,3,4,4,4,4,2","0.000967979431152344","louvain","graph_2024M12.graphml"
"0.34","0.1","0.56","0.124717274289243","1,2,3,2,2,4,4,4,2,3,4,3,4,4,4,4,2","0.000869035720825195","louvain","graph_2024M12.graphml"
"0.33","0.11","0.56","0.123615853172494","1,2,3,2,2,4,4,4,2,3,4,4,4,4,1,4,2","0.00100016593933105","louvain","graph_2024M12.graphml"
"0.32","0.12","0.56","0.122913376200263","1,2,3,1,2,4,4,4,2,3,4,4,4,4,2,4,2","0.001007080078125","louvain","graph_2024M12.graphml"
"0.31","0.13","0.56","0.12494603645973","1,2,3,4,4,2,4,4,2,3,4,4,4,1,2,4,2","0.000792980194091797","louvain","graph_2024M12.graphml"
"0.3","0.14","0.56","0.123986077062221","1,2,3,2,2,4,4,4,2,3,4,4,4,4,1,4,2","0.000927925109863281","louvain","graph_2024M12.graphml"
"0.29","0.15","0.56","0.124396121546513","1,2,3,2,2,4,4,4,2,3,4,4,4,4,1,4,2","0.00111007690429688","louvain","graph_2024M12.graphml"
"0.28","0.16","0.56","0.124621187046817","1,2,3,2,2,4,4,4,2,3,4,4,4,4,1,4,2","0.00163412094116211","louvain","graph_2024M12.graphml"
"0.27","0.17","0.56","0.125938952091011","1,2,3,2,2,4,4,4,2,3,4,4,4,1,3,4,2","0.0012061595916748","louvain","graph_2024M12.graphml"
"0.26","0.18","0.56","0.125411351791088","1,2,3,2,2,4,4,4,2,3,4,4,4,1,3,4,2","0.00132894515991211","louvain","graph_2024M12.graphml"
"0.25","0.19","0.56","0.124078415572715","1,2,3,2,2,4,4,4,2,3,5,5,4,1,4,4,2","0.000869989395141602","louvain","graph_2024M12.graphml"
"0.24","0.2","0.56","0.122643098570707","1,2,3,2,2,4,4,4,2,3,5,5,4,1,4,4,2","0.000895977020263672","louvain","graph_2024M12.graphml"
"0.23","0.21","0.56","0.123262416693362","1,2,3,2,2,4,4,4,2,3,5,5,4,1,4,4,2","0.000927209854125977","louvain","graph_2024M12.graphml"
"0.22","0.22","0.56","0.122664281540912","1,2,3,2,2,4,4,4,2,3,4,4,4,1,3,4,2","0.00124883651733398","louvain","graph_2024M12.graphml"
"0.21","0.23","0.56","0.1238984375","1,2,3,2,2,3,3,3,2,3,4,4,3,1,3,3,2","0.000948905944824219","louvain","graph_2024M12.graphml"
"0.2","0.24","0.56","0.1238984375","1,2,3,2,2,3,3,3,2,3,4,4,3,1,3,3,2","0.00120902061462402","louvain","graph_2024M12.graphml"
"0.19","0.25","0.56","0.124636132560185","1,2,3,2,2,3,3,3,2,3,4,4,3,1,3,3,2","0.000891923904418945","louvain","graph_2024M12.graphml"
"0.18","0.26","0.56","0.122604812541177","1,2,3,2,2,3,3,3,2,3,3,3,3,1,1,3,2","0.00103902816772461","louvain","graph_2024M12.graphml"
"0.17","0.27","0.56","0.12230495172042","1,2,3,2,2,3,3,3,2,3,3,3,3,1,3,3,2","0.000915050506591797","louvain","graph_2024M12.graphml"
"0.16","0.28","0.56","0.12325614523086","1,2,3,2,2,3,3,3,2,3,4,4,3,1,3,3,2","0.00100183486938477","louvain","graph_2024M12.graphml"
"0.15","0.29","0.56","0.122035512879134","1,2,3,2,2,4,4,4,2,3,4,4,4,4,1,4,2","0.000965118408203125","louvain","graph_2024M12.graphml"
"0.14","0.3","0.56","0.122548320755175","1,2,3,2,2,3,3,3,2,3,3,3,3,1,1,3,2","0.000983953475952148","louvain","graph_2024M12.graphml"
"0.13","0.31","0.56","0.12177707079427","1,2,3,1,4,3,3,3,2,3,4,4,3,4,3,3,2","0.00100612640380859","louvain","graph_2024M12.graphml"
"0.12","0.32","0.56","0.122225902367421","1,2,3,1,2,3,2,2,3,2,2,2,2,2,3,2,3","0.00107407569885254","louvain","graph_2024M12.graphml"
"0.11","0.33","0.56","0.123743777589931","1,2,3,1,2,3,2,2,3,2,2,2,2,2,3,2,3","0.000869989395141602","louvain","graph_2024M12.graphml"
"0.1","0.34","0.56","0.121089815011253","1,2,3,2,2,3,3,3,2,3,3,3,3,1,3,3,3","0.00197815895080566","louvain","graph_2024M12.graphml"
"0.09","0.35","0.56","0.122868650242349","1,2,3,2,2,4,4,4,2,3,4,4,4,4,1,4,2","0.000989913940429688","louvain","graph_2024M12.graphml"
"0.08","0.36","0.56","0.122868650242349","1,2,3,2,2,4,4,4,2,3,4,4,4,4,1,4,2","0.00111889839172363","louvain","graph_2024M12.graphml"
"0.07","0.37","0.56","0.124032323232323","1,2,3,2,2,4,4,4,2,3,4,4,4,4,1,4,2","0.000976800918579102","louvain","graph_2024M12.graphml"
"0.06","0.38","0.56","0.122838043130208","1,2,3,1,4,4,4,4,2,3,4,4,4,4,2,4,2","0.00115513801574707","louvain","graph_2024M12.graphml"
"0.05","0.39","0.56","0.122181235268034","1,2,3,1,4,4,4,4,2,3,4,4,4,4,2,4,2","0.000939130783081055","louvain","graph_2024M12.graphml"
"0.04","0.4","0.56","0.121951662069967","1,2,3,4,2,4,4,4,2,3,4,4,4,2,1,4,2","0.000977039337158203","louvain","graph_2024M12.graphml"
"0.03","0.41","0.56","0.121668469548671","1,2,3,4,4,3,3,4,2,3,4,4,4,1,2,4,2","0.000935077667236328","louvain","graph_2024M12.graphml"
"0.02","0.42","0.56","0.121737770738548","1,2,3,2,2,3,3,3,2,3,3,3,3,1,1,3,2","0.000865936279296875","louvain","graph_2024M12.graphml"
"0.01","0.43","0.56","0.121576965828821","1,2,3,4,4,4,4,4,2,3,4,4,4,1,2,4,2","0.00088191032409668","louvain","graph_2024M12.graphml"
"0","0.44","0.56","0.121581114926249","1,2,3,1,3,3,3,3,2,3,3,3,3,3,2,3,2","0.00105595588684082","louvain","graph_2024M12.graphml"
"0.43","0","0.57","0.12236063052672","1,2,3,1,2,3,3,3,2,3,4,4,3,3,3,3,2","0.000890970230102539","louvain","graph_2024M12.graphml"
"0.42","0.01","0.57","0.122887778204964","1,2,3,2,2,4,4,4,2,4,4,3,4,1,4,4,2","0.000600099563598633","louvain","graph_2024M12.graphml"
"0.41","0.02","0.57","0.122846281712862","1,2,3,2,2,4,4,4,2,4,4,3,4,1,4,4,2","0.000910043716430664","louvain","graph_2024M12.graphml"
"0.4","0.03","0.57","0.122707302579305","1,2,3,2,2,4,4,4,2,3,4,3,4,4,1,4,2","0.000947952270507812","louvain","graph_2024M12.graphml"
"0.39","0.04","0.57","0.123308220603538","1,2,3,2,2,4,4,4,2,3,4,3,4,4,1,4,2","0.00111603736877441","louvain","graph_2024M12.graphml"
"0.38","0.05","0.57","0.122588943052264","1,2,3,2,2,4,4,4,2,3,4,3,4,4,1,4,2","0.000937938690185547","louvain","graph_2024M12.graphml"
"0.37","0.06","0.57","0.122918310322156","1,2,3,1,2,4,4,4,2,3,4,4,4,4,2,4,2","0.000851154327392578","louvain","graph_2024M12.graphml"
"0.36","0.07","0.57","0.123986077062221","1,2,3,2,2,4,4,4,2,3,4,4,4,4,1,4,2","0.00103020668029785","louvain","graph_2024M12.graphml"
"0.35","0.08","0.57","0.123078653795104","1,2,3,2,2,4,4,4,2,3,5,5,4,1,4,4,2","0.000864982604980469","louvain","graph_2024M12.graphml"
"0.34","0.09","0.57","0.124727028524311","1,2,3,2,2,4,4,4,2,3,4,4,4,1,3,4,2","0.000943899154663086","louvain","graph_2024M12.graphml"
"0.33","0.1","0.57","0.123124243823929","1,2,3,4,4,4,4,4,3,2,4,4,4,1,3,4,3","0.00100994110107422","louvain","graph_2024M12.graphml"
"0.32","0.11","0.57","0.122238419125811","1,2,3,2,2,3,3,3,2,3,4,4,3,1,3,3,2","0.00108790397644043","louvain","graph_2024M12.graphml"
"0.31","0.12","0.57","0.12314477538446","1,2,3,2,2,4,4,4,2,3,5,5,4,1,4,4,2","0.000957965850830078","louvain","graph_2024M12.graphml"
"0.3","0.13","0.57","0.121639063848584","1,2,3,4,4,3,4,4,3,2,4,4,4,1,3,4,3","0.000896215438842773","louvain","graph_2024M12.graphml"
"0.29","0.14","0.57","0.1231984375","1,2,3,2,2,4,4,4,2,3,4,4,4,1,3,4,2","0.000872135162353516","louvain","graph_2024M12.graphml"
"0.28","0.15","0.57","0.123571875","1,2,3,2,2,4,4,4,2,3,5,5,4,1,4,4,2","0.000951051712036133","louvain","graph_2024M12.graphml"
"0.27","0.16","0.57","0.123571875","1,2,3,2,2,4,4,4,2,3,5,5,4,1,4,4,2","0.00156402587890625","louvain","graph_2024M12.graphml"
"0.26","0.17","0.57","0.124208098832367","1,2,3,2,2,4,4,4,2,3,4,4,4,1,3,4,2","0.000833034515380859","louvain","graph_2024M12.graphml"
"0.25","0.18","0.57","0.123642606380927","1,2,3,2,2,4,4,4,2,3,5,5,4,1,4,4,2","0.00169706344604492","louvain","graph_2024M12.graphml"
"0.24","0.19","0.57","0.123773159122955","1,2,3,2,2,4,4,4,2,3,4,4,4,1,3,4,2","0.000977993011474609","louvain","graph_2024M12.graphml"
"0.23","0.2","0.57","0.123408250914781","1,2,3,2,2,4,4,4,2,3,4,4,4,1,3,4,2","0.0013740062713623","louvain","graph_2024M12.graphml"
"0.22","0.21","0.57","0.122600961678032","1,2,3,2,2,3,3,3,2,3,4,4,3,1,3,3,2","0.0018150806427002","louvain","graph_2024M12.graphml"
"0.21","0.22","0.57","0.122528397299159","1,2,3,2,2,4,4,4,2,3,4,4,4,1,3,4,2","0.000946044921875","louvain","graph_2024M12.graphml"
"0.2","0.23","0.57","0.121337006728001","1,2,3,1,4,4,4,4,2,3,4,4,4,4,2,4,2","0.00188899040222168","louvain","graph_2024M12.graphml"
"0.19","0.24","0.57","0.121738115849298","1,2,3,2,2,3,3,3,2,3,4,4,3,1,3,3,2","0.000926017761230469","louvain","graph_2024M12.graphml"
"0.18","0.25","0.57","0.121831970264679","1,2,3,2,2,4,4,4,2,3,4,4,4,1,3,4,2","0.000867128372192383","louvain","graph_2024M12.graphml"
"0.17","0.26","0.57","0.120775580011898","1,2,3,4,4,4,4,4,2,3,4,4,4,1,2,4,2","0.000854969024658203","louvain","graph_2024M12.graphml"
"0.16","0.27","0.57","0.121530922739032","1,2,3,2,2,4,4,4,2,3,4,4,4,4,1,4,2","0.000958919525146484","louvain","graph_2024M12.graphml"
"0.15","0.28","0.57","0.121371742152889","1,2,3,3,3,3,3,3,2,3,3,3,3,1,2,3,2","0.000915050506591797","louvain","graph_2024M12.graphml"
"0.14","0.29","0.57","0.121687419651056","1,2,3,3,3,3,3,3,2,3,3,3,3,1,2,3,2","0.00175189971923828","louvain","graph_2024M12.graphml"
"0.13","0.3","0.57","0.122952110901071","1,2,3,2,2,3,3,3,2,3,3,3,3,1,1,3,2","0.000863075256347656","louvain","graph_2024M12.graphml"
"0.12","0.31","0.57","0.122465772560135","1,2,3,2,2,3,3,3,2,3,4,3,3,1,1,3,2","0.00102686882019043","louvain","graph_2024M12.graphml"
"0.11","0.32","0.57","0.121746987951807","1,2,3,2,2,4,4,4,2,3,4,4,4,4,1,4,2","0.00198984146118164","louvain","graph_2024M12.graphml"
"0.1","0.33","0.57","0.121935240615754","1,2,3,2,2,3,3,3,2,3,3,3,3,1,1,3,2","0.000913858413696289","louvain","graph_2024M12.graphml"
"0.09","0.34","0.57","0.122644255781544","1,2,3,2,2,3,3,3,2,3,3,3,3,1,1,3,2","0.000987052917480469","louvain","graph_2024M12.graphml"
"0.08","0.35","0.57","0.12231343379453","1,2,3,1,4,2,4,4,2,3,4,4,4,4,2,4,2","0.000900030136108398","louvain","graph_2024M12.graphml"
"0.07","0.36","0.57","0.120768564772358","1,2,3,2,4,3,3,3,2,3,4,4,3,4,3,4,2","0.00101900100708008","louvain","graph_2024M12.graphml"
"0.06","0.37","0.57","0.121166383219955","1,2,3,2,3,3,3,3,2,4,3,3,3,3,4,3,2","0.000935077667236328","louvain","graph_2024M12.graphml"
"0.05","0.38","0.57","0.123884287495557","1,2,3,2,4,3,4,4,2,3,4,4,4,4,1,4,2","0.00186896324157715","louvain","graph_2024M12.graphml"
"0.04","0.39","0.57","0.122707888379258","1,2,3,2,3,3,3,3,2,3,3,3,3,3,1,3,2","0.00107002258300781","louvain","graph_2024M12.graphml"
"0.03","0.4","0.57","0.123066970697875","1,2,3,4,4,4,4,4,2,3,4,4,4,1,2,4,2","0.000953197479248047","louvain","graph_2024M12.graphml"
"0.02","0.41","0.57","0.122784743236027","1,2,3,1,4,4,4,4,2,3,4,4,4,4,2,4,2","0.000937938690185547","louvain","graph_2024M12.graphml"
"0.01","0.42","0.57","0.123495410804459","1,2,3,1,4,4,4,4,2,3,4,4,4,4,2,4,2","0.00145101547241211","louvain","graph_2024M12.graphml"
"0","0.43","0.57","0.122521022063524","1,2,3,4,4,4,4,4,2,3,4,4,4,1,2,4,2","0.000902175903320312","louvain","graph_2024M12.graphml"
"0.42","0","0.58","0.123137440231291","1,2,3,1,2,4,4,4,2,3,4,4,4,4,2,4,2","0.000902891159057617","louvain","graph_2024M12.graphml"
"0.41","0.01","0.58","0.123670219206967","1,2,3,2,2,4,4,4,2,3,4,4,4,4,1,4,2","0.00108599662780762","louvain","graph_2024M12.graphml"
"0.4","0.02","0.58","0.124401425815354","1,2,3,2,2,4,4,4,2,3,4,4,4,1,3,4,2","0.00207400321960449","louvain","graph_2024M12.graphml"
"0.39","0.03","0.58","0.12173797181633","1,2,3,2,2,4,4,4,2,3,4,4,4,1,3,4,2","0.000924110412597656","louvain","graph_2024M12.graphml"
"0.38","0.04","0.58","0.121706419840987","1,2,3,2,2,3,3,3,2,3,4,4,3,1,3,3,2","0.000906944274902344","louvain","graph_2024M12.graphml"
"0.37","0.05","0.58","0.121369407855702","1,2,3,2,2,4,4,4,2,3,4,4,4,1,3,4,2","0.000989198684692383","louvain","graph_2024M12.graphml"
"0.36","0.06","0.58","0.122889474173067","1,2,3,2,2,3,3,3,2,3,4,4,3,1,3,3,2","0.000909090042114258","louvain","graph_2024M12.graphml"
"0.35","0.07","0.58","0.122456831301311","1,2,3,2,2,3,3,3,2,3,4,4,3,1,3,3,2","0.0016930103302002","louvain","graph_2024M12.graphml"
"0.34","0.08","0.58","0.122664281540912","1,2,3,2,2,4,4,4,2,3,4,4,4,1,3,4,2","0.000876188278198242","louvain","graph_2024M12.graphml"
"0.33","0.09","0.58","0.122169385646219","1,2,3,2,2,3,3,3,2,3,4,4,3,1,3,3,2","0.000910043716430664","louvain","graph_2024M12.graphml"
"0.32","0.1","0.58","0.123295988960669","1,2,3,2,2,4,4,4,2,3,4,4,4,1,3,4,2","0.00164604187011719","louvain","graph_2024M12.graphml"
"0.31","0.11","0.58","0.123773159122955","1,2,3,2,2,4,4,4,2,3,4,4,4,1,3,4,2","0.000925064086914062","louvain","graph_2024M12.graphml"
"0.3","0.12","0.58","0.122542222713586","1,2,3,2,2,3,3,3,2,3,4,4,3,1,3,3,2","0.00099492073059082","louvain","graph_2024M12.graphml"
"0.29","0.13","0.58","0.122680221301833","1,2,3,2,2,4,4,4,2,3,4,4,4,1,3,4,2","0.00091099739074707","louvain","graph_2024M12.graphml"
"0.28","0.14","0.58","0.122528397299159","1,2,3,2,2,4,4,4,2,3,4,4,4,1,3,4,2","0.000884056091308594","louvain","graph_2024M12.graphml"
"0.27","0.15","0.58","0.121923267203152","1,2,3,1,2,3,3,3,2,3,3,3,3,2,1,3,2","0.00112295150756836","louvain","graph_2024M12.graphml"
"0.26","0.16","0.58","0.121738115849298","1,2,3,2,2,3,3,3,2,3,4,4,3,1,3,3,2","0.00118613243103027","louvain","graph_2024M12.graphml"
"0.25","0.17","0.58","0.121738115849298","1,2,3,2,2,3,3,3,2,3,4,4,3,1,3,3,2","0.00102806091308594","louvain","graph_2024M12.graphml"
"0.24","0.18","0.58","0.120543559519333","1,2,3,4,4,4,4,4,2,3,4,4,4,1,2,4,2","0.000904083251953125","louvain","graph_2024M12.graphml"
"0.23","0.19","0.58","0.120854402141582","1,2,3,2,4,3,3,3,2,3,4,4,3,4,3,4,2","0.00139904022216797","louvain","graph_2024M12.graphml"
"0.22","0.2","0.58","0.119293188396552","1,2,3,4,4,4,4,4,2,3,4,4,4,1,2,4,2","0.000921010971069336","louvain","graph_2024M12.graphml"
"0.21","0.21","0.58","0.120997649401452","1,2,3,2,2,3,3,3,2,3,4,4,3,1,3,4,2","0.000940799713134766","louvain","graph_2024M12.graphml"
"0.2","0.22","0.58","0.122984929636631","1,2,3,2,2,3,3,3,2,3,4,3,3,1,1,3,2","0.000926017761230469","louvain","graph_2024M12.graphml"
"0.19","0.23","0.58","0.122230331570998","1,2,3,1,2,3,3,3,2,3,4,4,3,2,3,4,2","0.00186491012573242","louvain","graph_2024M12.graphml"
"0.18","0.24","0.58","0.121481245559448","1,2,3,1,4,3,3,3,2,3,4,3,3,4,2,3,2","0.00105905532836914","louvain","graph_2024M12.graphml"
"0.17","0.25","0.58","0.121414952535636","1,2,3,2,2,3,3,3,2,3,3,3,3,1,1,3,2","0.00179100036621094","louvain","graph_2024M12.graphml"
"0.16","0.26","0.58","0.122034027454296","1,2,3,1,3,2,3,3,2,3,3,3,3,3,2,3,2","0.000867128372192383","louvain","graph_2024M12.graphml"
"0.15","0.27","0.58","0.121685969378608","1,2,3,4,4,4,4,4,2,3,4,4,4,1,2,4,2","0.00175595283508301","louvain","graph_2024M12.graphml"
"0.14","0.28","0.58","0.121865055745061","1,2,3,1,4,2,4,4,2,3,4,4,4,4,2,4,2","0.000890970230102539","louvain","graph_2024M12.graphml"
"0.13","0.29","0.58","0.121669248865067","1,2,3,1,4,2,4,4,2,3,4,4,4,4,2,4,2","0.00205302238464355","louvain","graph_2024M12.graphml"
"0.12","0.3","0.58","0.122075243078776","1,2,3,1,3,2,3,3,2,3,3,3,3,3,2,3,2","0.000905036926269531","louvain","graph_2024M12.graphml"
"0.11","0.31","0.58","0.122365709440489","1,2,3,1,4,2,4,4,2,3,4,4,4,4,2,4,2","0.00110697746276855","louvain","graph_2024M12.graphml"
"0.1","0.32","0.58","0.121743121573362","1,2,3,2,3,3,3,3,2,4,3,3,3,3,4,3,2","0.00090789794921875","louvain","graph_2024M12.graphml"
"0.09","0.33","0.58","0.121303733535066","1,2,3,1,3,3,3,3,2,3,3,3,3,3,2,3,2","0.000889062881469727","louvain","graph_2024M12.graphml"
"0.08","0.34","0.58","0.122429408410096","1,2,3,1,4,4,4,4,2,3,4,4,4,4,2,4,2","0.000964164733886719","louvain","graph_2024M12.graphml"
"0.07","0.35","0.58","0.121986161300523","1,2,3,2,4,3,3,3,2,4,3,3,3,1,2,3,2","0.00091099739074707","louvain","graph_2024M12.graphml"
"0.06","0.36","0.58","0.121587014260839","1,2,3,2,4,3,3,3,2,4,3,3,3,1,2,3,2","0.000989913940429688","louvain","graph_2024M12.graphml"
"0.05","0.37","0.58","0.122067794088474","1,2,3,1,4,4,4,4,2,3,4,4,4,4,2,4,2","0.00133895874023438","louvain","graph_2024M12.graphml"
"0.04","0.38","0.58","0.122572159537286","1,2,3,1,3,3,3,3,2,3,3,3,3,3,2,3,2","0.000857830047607422","louvain","graph_2024M12.graphml"
"0.03","0.39","0.58","0.122090160672637","1,2,3,2,3,3,3,3,2,3,3,3,3,1,2,3,2","0.000990867614746094","louvain","graph_2024M12.graphml"
"0.02","0.4","0.58","0.121959292075798","1,2,3,1,4,3,3,3,2,4,4,3,3,4,2,3,2","0.000943899154663086","louvain","graph_2024M12.graphml"
"0.01","0.41","0.58","0.122100453317901","1,2,3,2,3,3,3,3,2,3,3,3,3,1,2,3,2","0.000977993011474609","louvain","graph_2024M12.graphml"
"0","0.42","0.58","0.123767927718426","1,2,3,1,3,3,3,3,2,3,3,3,3,3,2,3,2","0.000946998596191406","louvain","graph_2024M12.graphml"
"0.41","0","0.59","0.121906137365073","1,2,3,2,2,3,3,3,2,4,3,3,3,1,4,3,2","0.000815868377685547","louvain","graph_2024M12.graphml"
"0.4","0.01","0.59","0.12146328125","1,2,3,2,2,3,3,3,2,4,3,3,3,1,4,3,2","0.000985860824584961","louvain","graph_2024M12.graphml"
"0.39","0.02","0.59","0.121329313872426","1,2,3,2,2,3,3,3,2,4,3,3,3,1,4,3,2","0.000895023345947266","louvain","graph_2024M12.graphml"
"0.38","0.03","0.59","0.120910458701439","1,2,3,2,2,3,3,3,2,4,3,3,3,1,4,3,2","0.000959157943725586","louvain","graph_2024M12.graphml"
"0.37","0.04","0.59","0.120471310087495","1,2,3,2,2,3,3,3,2,4,3,3,3,1,4,3,2","0.000874042510986328","louvain","graph_2024M12.graphml"
"0.36","0.05","0.59","0.120471310087495","1,2,3,2,2,3,3,3,2,4,3,3,3,1,4,3,2","0.00103402137756348","louvain","graph_2024M12.graphml"
"0.35","0.06","0.59","0.121918152720622","1,2,3,2,2,3,3,3,2,4,3,3,3,1,4,3,2","0.00170302391052246","louvain","graph_2024M12.graphml"
"0.34","0.07","0.59","0.120546500667959","1,2,3,1,4,2,4,4,2,3,4,4,4,4,2,4,2","0.000884056091308594","louvain","graph_2024M12.graphml"
"0.33","0.08","0.59","0.120554606426842","1,2,3,4,4,3,3,3,2,5,4,3,3,1,2,3,2","0.000988960266113281","louvain","graph_2024M12.graphml"
"0.32","0.09","0.59","0.121146448868983","1,2,3,2,2,3,3,3,2,3,3,3,3,1,1,3,2","0.000909805297851562","louvain","graph_2024M12.graphml"
"0.31","0.1","0.59","0.121542045126874","1,2,3,2,2,3,3,3,2,3,3,3,3,1,1,3,2","0.000998020172119141","louvain","graph_2024M12.graphml"
"0.3","0.11","0.59","0.121727411104701","1,2,3,2,2,3,3,3,2,3,4,4,3,1,3,3,2","0.000957965850830078","louvain","graph_2024M12.graphml"
"0.29","0.12","0.59","0.120569075174952","1,2,3,2,2,3,3,3,2,3,4,4,3,1,3,3,2","0.00171017646789551","louvain","graph_2024M12.graphml"
"0.28","0.13","0.59","0.11945598077153","1,2,3,2,2,3,3,3,2,3,4,4,3,1,3,4,2","0.00106596946716309","louvain","graph_2024M12.graphml"
"0.27","0.14","0.59","0.119624994108776","1,2,3,2,2,4,2,2,4,3,2,2,2,2,4,2,4","0.000947952270507812","louvain","graph_2024M12.graphml"
"0.26","0.15","0.59","0.12064921943652","1,2,3,2,2,3,3,3,2,3,4,4,3,1,3,4,2","0.00100994110107422","louvain","graph_2024M12.graphml"
"0.25","0.16","0.59","0.122688654586633","1,2,3,2,4,3,3,3,2,3,4,4,3,4,3,4,2","0.00107407569885254","louvain","graph_2024M12.graphml"
"0.24","0.17","0.59","0.12217660173313","1,2,3,1,4,2,4,4,2,3,4,4,4,4,2,4,2","0.0010991096496582","louvain","graph_2024M12.graphml"
"0.23","0.18","0.59","0.121481245559448","1,2,3,1,4,3,3,3,2,3,4,3,3,4,2,3,2","0.00111007690429688","louvain","graph_2024M12.graphml"
"0.22","0.19","0.59","0.122166295740386","1,2,3,4,4,4,4,4,2,3,4,4,4,1,2,4,2","0.00094294548034668","louvain","graph_2024M12.graphml"
"0.21","0.2","0.59","0.120201718138321","1,2,3,3,3,3,3,3,2,3,3,3,3,1,2,3,2","0.000962972640991211","louvain","graph_2024M12.graphml"
"0.2","0.21","0.59","0.12097380843286","1,2,3,1,4,3,3,3,2,3,4,3,3,4,2,3,2","0.000895023345947266","louvain","graph_2024M12.graphml"
"0.19","0.22","0.59","0.120939707722884","1,2,3,2,2,3,3,3,2,3,1,3,3,1,3,3,2","0.00101494789123535","louvain","graph_2024M12.graphml"
"0.18","0.23","0.59","0.120945564775528","1,2,3,2,2,3,3,3,2,3,1,3,3,1,2,3,2","0.00091099739074707","louvain","graph_2024M12.graphml"
"0.17","0.24","0.59","0.119744768514414","1,2,3,4,4,4,4,4,2,3,4,4,4,1,2,4,2","0.00094294548034668","louvain","graph_2024M12.graphml"
"0.16","0.25","0.59","0.119850145303036","1,2,3,2,2,3,3,3,2,3,4,4,3,1,3,3,2","0.00122404098510742","louvain","graph_2024M12.graphml"
"0.15","0.26","0.59","0.122065097677109","1,2,3,1,4,2,4,4,2,3,4,4,4,4,2,4,2","0.00149297714233398","louvain","graph_2024M12.graphml"
"0.14","0.27","0.59","0.121973733811469","1,2,3,1,4,2,4,4,2,3,4,4,4,4,2,4,2","0.00106406211853027","louvain","graph_2024M12.graphml"
"0.13","0.28","0.59","0.121692419967318","1,2,3,2,3,3,3,3,2,3,3,3,3,1,2,3,2","0.00092005729675293","louvain","graph_2024M12.graphml"
"0.12","0.29","0.59","0.121236884971672","1,2,3,1,4,4,4,4,2,3,4,4,4,4,2,4,2","0.0010221004486084","louvain","graph_2024M12.graphml"
"0.11","0.3","0.59","0.121234142676151","1,2,3,1,3,3,3,3,2,3,3,3,3,3,2,3,2","0.00105404853820801","louvain","graph_2024M12.graphml"
"0.1","0.31","0.59","0.121901588810115","1,2,3,2,4,3,3,3,2,4,3,3,3,1,2,3,2","0.000880002975463867","louvain","graph_2024M12.graphml"
"0.09","0.32","0.59","0.121619118442401","1,2,3,2,3,3,3,3,2,3,3,3,3,1,2,3,2","0.000939846038818359","louvain","graph_2024M12.graphml"
"0.08","0.33","0.59","0.12157382368848","1,2,3,1,3,3,3,3,2,3,3,3,3,3,2,3,2","0.000975847244262695","louvain","graph_2024M12.graphml"
"0.07","0.34","0.59","0.121091268155091","1,2,2,1,2,3,2,2,3,2,2,2,2,2,3,2,3","0.00096893310546875","louvain","graph_2024M12.graphml"
"0.06","0.35","0.59","0.12167178390775","1,2,3,2,3,3,3,3,2,3,3,3,3,1,2,3,2","0.00104594230651855","louvain","graph_2024M12.graphml"
"0.05","0.36","0.59","0.123286359119263","1,2,3,1,3,3,3,3,2,3,3,3,3,3,2,3,2","0.000952959060668945","louvain","graph_2024M12.graphml"
"0.04","0.37","0.59","0.123286359119263","1,2,3,1,3,3,3,3,2,3,3,3,3,3,2,3,2","0.000925064086914062","louvain","graph_2024M12.graphml"
"0.03","0.38","0.59","0.123101563772494","1,2,3,1,3,3,3,3,2,3,3,3,3,3,2,3,2","0.00106287002563477","louvain","graph_2024M12.graphml"
"0.02","0.39","0.59","0.124506189357021","1,2,3,1,2,4,2,2,3,2,2,4,2,2,3,2,3","0.000958919525146484","louvain","graph_2024M12.graphml"
"0.01","0.4","0.59","0.123398401058089","1,2,3,1,2,4,2,2,3,2,2,4,2,2,3,2,3","0.00144696235656738","louvain","graph_2024M12.graphml"
"0","0.41","0.59","0.122085522612122","1,2,3,1,4,4,4,4,2,3,4,4,4,4,2,4,2","0.000921964645385742","louvain","graph_2024M12.graphml"
"0.4","0","0.6","0.119819618591117","1,2,3,2,2,3,3,3,2,3,3,3,3,1,1,3,2","0.000880956649780273","louvain","graph_2024M12.graphml"
"0.39","0.01","0.6","0.120247481119717","1,2,3,2,2,3,3,3,2,3,4,4,3,1,3,3,2","0.000901937484741211","louvain","graph_2024M12.graphml"
"0.38","0.02","0.6","0.12155444314803","1,2,3,4,4,2,4,4,2,3,4,4,4,1,2,4,2","0.00145912170410156","louvain","graph_2024M12.graphml"
"0.37","0.03","0.6","0.122012116733949","1,2,3,4,4,2,4,4,2,3,4,4,4,1,2,4,2","0.000908136367797852","louvain","graph_2024M12.graphml"
"0.36","0.04","0.6","0.119981381829376","1,2,3,1,4,2,4,4,2,3,4,4,4,4,2,4,2","0.00104713439941406","louvain","graph_2024M12.graphml"
"0.35","0.05","0.6","0.11995326217581","1,2,3,2,2,3,3,3,2,3,4,4,3,1,3,4,2","0.00163698196411133","louvain","graph_2024M12.graphml"
"0.34","0.06","0.6","0.119158511967133","1,2,2,1,2,3,2,2,3,2,2,2,2,2,3,2,3","0.000908136367797852","louvain","graph_2024M12.graphml"
"0.33","0.07","0.6","0.118128925619835","1,2,3,1,2,3,3,3,2,3,4,4,3,2,3,4,2","0.000955820083618164","louvain","graph_2024M12.graphml"
"0.32","0.08","0.6","0.119790212141904","1,2,3,2,4,3,3,3,2,3,4,4,3,4,3,4,2","0.00103116035461426","louvain","graph_2024M12.graphml"
"0.31","0.09","0.6","0.12073794020864","1,2,3,2,4,3,3,3,2,3,4,4,3,4,3,4,2","0.00109696388244629","louvain","graph_2024M12.graphml"
"0.3","0.1","0.6","0.120185077660038","1,2,3,4,4,4,4,4,2,3,4,4,4,1,2,4,2","0.00100111961364746","louvain","graph_2024M12.graphml"
"0.29","0.11","0.6","0.120638871873737","1,2,3,1,3,2,3,3,2,3,3,3,3,3,2,3,2","0.00095677375793457","louvain","graph_2024M12.graphml"
"0.28","0.12","0.6","0.122347161963498","1,2,3,1,4,2,4,4,2,3,4,4,4,4,2,4,2","0.000993967056274414","louvain","graph_2024M12.graphml"
"0.27","0.13","0.6","0.119323721146668","1,2,3,2,3,3,3,3,2,3,3,3,3,1,3,3,2","0.00111198425292969","louvain","graph_2024M12.graphml"
"0.26","0.14","0.6","0.120939707722884","1,2,3,2,2,3,3,3,2,3,1,3,3,1,3,3,2","0.000903844833374023","louvain","graph_2024M12.graphml"
"0.25","0.15","0.6","0.119909201576177","1,2,3,2,2,3,3,3,2,3,1,3,3,1,3,3,2","0.00101709365844727","louvain","graph_2024M12.graphml"
"0.24","0.16","0.6","0.119915035411293","1,2,3,2,2,3,3,3,2,3,1,3,3,1,3,3,2","0.000998973846435547","louvain","graph_2024M12.graphml"
"0.23","0.17","0.6","0.119758793603019","1,2,3,1,4,2,4,4,2,3,4,4,4,4,2,4,2","0.00100207328796387","louvain","graph_2024M12.graphml"
"0.22","0.18","0.6","0.119384475333497","1,2,3,1,4,2,4,4,2,3,4,4,4,4,2,4,2","0.00110697746276855","louvain","graph_2024M12.graphml"
"0.21","0.19","0.6","0.119004344295123","1,2,3,1,4,2,4,4,2,3,4,4,4,4,2,4,2","0.000971078872680664","louvain","graph_2024M12.graphml"
"0.2","0.2","0.6","0.120615224913495","1,2,3,1,4,2,4,4,2,3,4,4,4,4,2,4,2","0.00185394287109375","louvain","graph_2024M12.graphml"
"0.19","0.21","0.6","0.121143361338301","1,2,3,1,4,2,4,4,2,3,4,4,4,4,2,4,2","0.00193905830383301","louvain","graph_2024M12.graphml"
"0.18","0.22","0.6","0.121119997141322","1,2,3,1,3,2,3,3,2,3,3,3,3,3,2,3,2","0.00101995468139648","louvain","graph_2024M12.graphml"
"0.17","0.23","0.6","0.120602578571184","1,2,3,1,4,4,4,4,2,3,4,4,4,4,2,4,2","0.0010528564453125","louvain","graph_2024M12.graphml"
"0.16","0.24","0.6","0.120657799248144","1,2,3,1,3,3,3,3,2,3,3,3,3,3,2,3,2","0.000922918319702148","louvain","graph_2024M12.graphml"
"0.15","0.25","0.6","0.121619118442401","1,2,3,2,3,3,3,3,2,3,3,3,3,1,2,3,2","0.000951051712036133","louvain","graph_2024M12.graphml"
"0.14","0.26","0.6","0.120934964845863","1,2,3,3,3,3,3,3,2,3,3,3,3,1,2,3,2","0.000908136367797852","louvain","graph_2024M12.graphml"
"0.13","0.27","0.6","0.121123642794417","1,2,3,2,3,3,3,3,2,3,3,3,3,1,2,3,2","0.000971078872680664","louvain","graph_2024M12.graphml"
"0.12","0.28","0.6","0.121344336297563","1,2,3,2,3,3,3,3,2,3,3,3,3,1,2,3,2","0.00123381614685059","louvain","graph_2024M12.graphml"
"0.11","0.29","0.6","0.121344336297563","1,2,3,2,3,3,3,3,2,3,3,3,3,1,2,3,2","0.00174593925476074","louvain","graph_2024M12.graphml"
"0.1","0.3","0.6","0.1209484289745","1,2,2,2,2,3,2,2,3,2,2,2,2,2,3,2,3","0.00101113319396973","louvain","graph_2024M12.graphml"
"0.09","0.31","0.6","0.121895491353472","1,2,3,2,4,3,3,3,2,4,4,3,3,1,2,3,2","0.00165200233459473","louvain","graph_2024M12.graphml"
"0.08","0.32","0.6","0.122289664873007","1,2,3,2,3,3,3,3,2,3,3,3,3,1,2,3,2","0.00164890289306641","louvain","graph_2024M12.graphml"
"0.07","0.33","0.6","0.121799873277862","1,2,3,2,3,3,3,3,2,3,3,3,3,1,2,3,2","0.000905990600585938","louvain","graph_2024M12.graphml"
"0.06","0.34","0.6","0.122784006797189","1,2,3,4,4,3,3,3,2,4,4,3,3,1,2,3,2","0.000830888748168945","louvain","graph_2024M12.graphml"
"0.05","0.35","0.6","0.122784006797189","1,2,3,4,4,3,3,3,2,4,4,3,3,1,2,3,2","0.000979185104370117","louvain","graph_2024M12.graphml"
"0.04","0.36","0.6","0.123108858471074","1,2,3,4,4,3,3,3,2,4,4,3,3,1,2,3,2","0.00109219551086426","louvain","graph_2024M12.graphml"
"0.03","0.37","0.6","0.123180413510831","1,2,3,4,4,3,3,3,2,4,4,3,3,1,2,3,2","0.000918149948120117","louvain","graph_2024M12.graphml"
"0.02","0.38","0.6","0.123927990041176","1,2,3,4,4,3,3,3,2,4,4,3,3,1,2,3,2","0.000948905944824219","louvain","graph_2024M12.graphml"
"0.01","0.39","0.6","0.123537297711386","1,2,3,1,4,3,3,3,2,4,4,3,3,4,2,3,2","0.000995874404907227","louvain","graph_2024M12.graphml"
"0","0.4","0.6","0.125918781957633","1,2,3,4,4,3,3,3,2,4,4,3,3,1,2,3,2","0.000966787338256836","louvain","graph_2024M12.graphml"
"0.39","0","0.61","0.119428940780564","1,2,3,2,2,3,3,3,2,4,3,3,3,1,4,3,2","0.000900030136108398","louvain","graph_2024M12.graphml"
"0.38","0.01","0.61","0.120329010759889","1,2,3,2,2,4,2,2,4,3,2,2,2,2,4,2,4","0.00088810920715332","louvain","graph_2024M12.graphml"
"0.37","0.02","0.61","0.120297439846904","1,2,3,2,4,3,3,3,2,3,4,4,3,4,3,4,2","0.000952005386352539","louvain","graph_2024M12.graphml"
"0.36","0.03","0.61","0.120762810277254","1,2,3,2,4,3,3,3,2,3,4,4,3,4,3,4,2","0.0010828971862793","louvain","graph_2024M12.graphml"
"0.35","0.04","0.61","0.120256986347961","1,2,3,3,3,2,3,3,2,3,3,3,3,1,2,3,2","0.0017390251159668","louvain","graph_2024M12.graphml"
"0.34","0.05","0.61","0.120769756873698","1,2,3,1,4,2,4,4,2,3,4,4,4,4,2,4,2","0.00110602378845215","louvain","graph_2024M12.graphml"
"0.33","0.06","0.61","0.12032498675674","1,2,3,2,2,3,3,3,2,3,4,3,3,1,1,3,2","0.00102400779724121","louvain","graph_2024M12.graphml"
"0.32","0.07","0.61","0.119909201576177","1,2,3,2,2,3,3,3,2,3,1,3,3,1,3,3,2","0.000614166259765625","louvain","graph_2024M12.graphml"
"0.31","0.08","0.61","0.120646015363536","1,2,3,2,2,3,3,3,2,4,1,3,3,1,4,3,2","0.00100207328796387","louvain","graph_2024M12.graphml"
"0.3","0.09","0.61","0.119358097345875","1,2,3,2,4,3,3,3,2,3,4,4,3,4,3,3,2","0.00104308128356934","louvain","graph_2024M12.graphml"
"0.29","0.1","0.61","0.119004344295123","1,2,3,1,4,2,4,4,2,3,4,4,4,4,2,4,2","0.00100588798522949","louvain","graph_2024M12.graphml"
"0.28","0.11","0.61","0.119004344295123","1,2,3,1,4,2,4,4,2,3,4,4,4,4,2,4,2","0.000857114791870117","louvain","graph_2024M12.graphml"
"0.27","0.12","0.61","0.119897863626715","1,2,3,2,2,3,3,3,2,3,1,3,3,1,2,3,2","0.00102901458740234","louvain","graph_2024M12.graphml"
"0.26","0.13","0.61","0.11999913984581","1,2,3,2,4,3,3,3,2,3,4,4,3,4,3,3,2","0.00109696388244629","louvain","graph_2024M12.graphml"
"0.25","0.14","0.61","0.119878258790092","1,2,3,2,3,3,3,3,2,3,3,3,3,1,2,3,2","0.000961065292358398","louvain","graph_2024M12.graphml"
"0.24","0.15","0.61","0.120150382966676","1,2,3,1,3,2,3,3,2,3,3,3,3,3,2,3,2","0.000962972640991211","louvain","graph_2024M12.graphml"
"0.23","0.16","0.61","0.120933620601211","1,2,3,2,3,3,3,3,2,3,3,3,3,1,2,3,2","0.000946044921875","louvain","graph_2024M12.graphml"
"0.22","0.17","0.61","0.121289882785978","1,2,3,2,3,3,3,3,2,3,3,3,3,1,2,3,2","0.00105595588684082","louvain","graph_2024M12.graphml"
"0.21","0.18","0.61","0.121619118442401","1,2,3,2,3,3,3,3,2,3,3,3,3,1,2,3,2","0.000970125198364258","louvain","graph_2024M12.graphml"
"0.2","0.19","0.61","0.121959292075798","1,2,3,1,4,3,3,3,2,4,4,3,3,4,2,3,2","0.000953912734985352","louvain","graph_2024M12.graphml"
"0.19","0.2","0.61","0.122563952117627","1,2,3,2,4,3,3,3,2,4,4,3,3,1,2,3,2","0.00267696380615234","louvain","graph_2024M12.graphml"
"0.18","0.21","0.61","0.122191185806409","1,2,3,2,3,3,3,3,2,3,3,3,3,1,2,3,2","0.000991106033325195","louvain","graph_2024M12.graphml"
"0.17","0.22","0.61","0.121989823402973","1,2,3,1,4,3,3,3,2,4,4,3,3,4,2,3,2","0.00108599662780762","louvain","graph_2024M12.graphml"
"0.16","0.23","0.61","0.119913222833358","1,2,3,3,3,3,3,3,2,3,3,3,3,1,2,3,2","0.00124406814575195","louvain","graph_2024M12.graphml"
"0.15","0.24","0.61","0.122140116339613","1,2,3,1,4,3,3,3,2,4,4,3,3,4,2,3,2","0.000924825668334961","louvain","graph_2024M12.graphml"
"0.14","0.25","0.61","0.121194685842942","1,2,3,1,3,3,3,3,2,3,3,3,3,3,2,3,2","0.00255799293518066","louvain","graph_2024M12.graphml"
"0.13","0.26","0.61","0.121646431276829","1,2,3,2,4,3,3,3,2,4,4,3,3,1,2,3,2","0.00141000747680664","louvain","graph_2024M12.graphml"
"0.12","0.27","0.61","0.122278530612245","1,2,3,4,4,3,3,3,2,4,4,3,3,1,2,3,2","0.000935077667236328","louvain","graph_2024M12.graphml"
"0.11","0.28","0.61","0.122792145121704","1,2,3,4,4,3,3,3,2,4,4,3,3,1,2,3,2","0.00128293037414551","louvain","graph_2024M12.graphml"
"0.1","0.29","0.61","0.123609019262756","1,2,3,4,4,3,3,3,2,4,4,3,3,1,2,3,2","0.000916004180908203","louvain","graph_2024M12.graphml"
"0.09","0.3","0.61","0.122388848508425","1,2,3,2,4,4,4,4,2,3,4,4,4,1,2,4,2","0.00193381309509277","louvain","graph_2024M12.graphml"
"0.08","0.31","0.61","0.12349516422484","1,2,3,2,4,3,3,3,2,4,4,3,3,4,1,3,2","0.000936031341552734","louvain","graph_2024M12.graphml"
"0.07","0.32","0.61","0.124518468883918","1,2,3,4,4,3,3,3,2,4,4,3,3,1,2,3,2","0.00183606147766113","louvain","graph_2024M12.graphml"
"0.06","0.33","0.61","0.123211328055309","1,2,3,4,4,3,3,3,2,4,4,3,3,1,2,3,2","0.00100207328796387","louvain","graph_2024M12.graphml"
"0.05","0.34","0.61","0.123211328055309","1,2,3,4,4,3,3,3,2,4,4,3,3,1,2,3,2","0.000918865203857422","louvain","graph_2024M12.graphml"
"0.04","0.35","0.61","0.124611245262199","1,2,3,4,4,3,3,3,2,4,4,3,3,1,2,3,2","0.00102901458740234","louvain","graph_2024M12.graphml"
"0.03","0.36","0.61","0.123795137480104","1,2,3,3,3,3,3,3,2,3,3,4,3,1,2,3,2","0.000881195068359375","louvain","graph_2024M12.graphml"
"0.02","0.37","0.61","0.123379580079708","1,2,3,3,3,3,3,3,2,3,3,4,3,1,2,3,2","0.00187301635742188","louvain","graph_2024M12.graphml"
"0.01","0.38","0.61","0.122906352665247","1,2,3,2,4,3,3,3,2,4,4,3,3,4,1,3,2","0.00127100944519043","louvain","graph_2024M12.graphml"
"0","0.39","0.61","0.122296920275668","1,2,3,3,4,3,3,3,2,4,4,3,3,4,2,3,2","0.00098109245300293","louvain","graph_2024M12.graphml"
"0.38","0","0.62","0.118208321727856","1,2,3,1,4,2,4,4,2,3,4,4,4,4,2,4,2","0.000892162322998047","louvain","graph_2024M12.graphml"
"0.37","0.01","0.62","0.118399616607705","1,2,3,2,2,3,3,3,2,3,1,3,3,1,3,3,2","0.00137996673583984","louvain","graph_2024M12.graphml"
"0.36","0.02","0.62","0.118346581301175","1,2,3,4,4,4,4,4,2,3,4,4,4,1,2,4,2","0.000899076461791992","louvain","graph_2024M12.graphml"
"0.35","0.03","0.62","0.118671986249555","1,2,3,1,4,4,4,4,2,3,4,4,4,4,2,4,2","0.000869989395141602","louvain","graph_2024M12.graphml"
"0.34","0.04","0.62","0.119972086609203","1,2,3,2,2,3,3,3,2,3,4,4,3,1,3,3,2","0.00114893913269043","louvain","graph_2024M12.graphml"
"0.33","0.05","0.62","0.119831372781866","1,2,3,2,4,3,3,3,2,3,4,4,3,4,3,3,2","0.000899791717529297","louvain","graph_2024M12.graphml"
"0.32","0.06","0.62","0.120000524716204","1,2,3,2,2,3,3,3,2,3,4,4,3,1,3,3,2","0.00191402435302734","louvain","graph_2024M12.graphml"
"0.31","0.07","0.62","0.119686385409576","1,2,3,2,2,3,3,3,2,3,1,3,3,1,2,3,2","0.000871181488037109","louvain","graph_2024M12.graphml"
"0.3","0.08","0.62","0.120133203410073","1,2,3,2,2,3,3,3,2,3,1,3,3,1,3,3,2","0.0010218620300293","louvain","graph_2024M12.graphml"
"0.29","0.09","0.62","0.120348938771945","1,2,3,1,3,3,3,3,2,3,3,3,3,3,2,3,2","0.000953912734985352","louvain","graph_2024M12.graphml"
"0.28","0.1","0.62","0.120176346574948","1,2,3,1,3,3,3,3,2,3,3,3,3,3,2,3,2","0.000894069671630859","louvain","graph_2024M12.graphml"
"0.27","0.11","0.62","0.120176346574948","1,2,3,1,3,3,3,3,2,3,3,3,3,3,2,3,2","0.000948905944824219","louvain","graph_2024M12.graphml"
"0.26","0.12","0.62","0.121125476490026","1,2,3,1,3,3,3,3,2,3,3,3,3,3,2,3,2","0.000941038131713867","louvain","graph_2024M12.graphml"
"0.25","0.13","0.62","0.121847270447531","1,2,3,1,3,3,3,3,2,3,3,3,3,3,2,3,2","0.00192093849182129","louvain","graph_2024M12.graphml"
"0.24","0.14","0.62","0.121973155758471","1,2,3,2,4,3,3,3,2,4,4,3,3,1,2,3,2","0.000865936279296875","louvain","graph_2024M12.graphml"
"0.23","0.15","0.62","0.121392623811177","1,2,3,1,4,3,3,3,2,4,4,3,3,4,2,3,2","0.000979900360107422","louvain","graph_2024M12.graphml"
"0.22","0.16","0.62","0.121556197949841","1,2,3,1,4,3,3,3,2,4,4,3,3,4,2,3,2","0.00110793113708496","louvain","graph_2024M12.graphml"
"0.21","0.17","0.62","0.121720945743771","1,2,3,2,4,3,3,3,2,4,4,3,3,1,2,3,2","0.00126791000366211","louvain","graph_2024M12.graphml"
"0.2","0.18","0.62","0.122157797433243","1,2,3,2,4,3,3,3,2,4,4,3,3,1,2,3,2","0.00101208686828613","louvain","graph_2024M12.graphml"
"0.19","0.19","0.62","0.122220122840097","1,2,3,1,4,3,3,3,2,4,4,3,3,4,2,3,2","0.000857114791870117","louvain","graph_2024M12.graphml"
"0.18","0.2","0.62","0.122081959183673","1,2,3,4,4,3,3,3,2,4,4,3,3,1,2,3,2","0.0017549991607666","louvain","graph_2024M12.graphml"
"0.17","0.21","0.62","0.122679103855216","1,2,3,4,4,3,3,3,2,4,4,3,3,1,2,3,2","0.000891923904418945","louvain","graph_2024M12.graphml"
"0.16","0.22","0.62","0.122695404463392","1,2,3,4,4,3,3,3,2,4,4,3,3,1,2,3,2","0.00176286697387695","louvain","graph_2024M12.graphml"
"0.15","0.23","0.62","0.122427769293659","1,2,3,4,4,3,3,3,2,4,4,3,3,1,2,3,2","0.000931024551391602","louvain","graph_2024M12.graphml"
"0.14","0.24","0.62","0.121966229372147","1,2,3,4,4,3,3,3,2,4,4,3,3,1,2,3,2","0.000961065292358398","louvain","graph_2024M12.graphml"
"0.13","0.25","0.62","0.123211328055309","1,2,3,4,4,3,3,3,2,4,4,3,3,1,2,3,2","0.000914096832275391","louvain","graph_2024M12.graphml"
"0.12","0.26","0.62","0.123211328055309","1,2,3,4,4,3,3,3,2,4,4,3,3,1,2,3,2","0.00112199783325195","louvain","graph_2024M12.graphml"
"0.11","0.27","0.62","0.123211328055309","1,2,3,4,4,3,3,3,2,4,4,3,3,1,2,3,2","0.00101613998413086","louvain","graph_2024M12.graphml"
"0.1","0.28","0.62","0.123211328055309","1,2,3,4,4,3,3,3,2,4,4,3,3,1,2,3,2","0.00156307220458984","louvain","graph_2024M12.graphml"
"0.09","0.29","0.62","0.124190476905445","1,2,3,4,4,3,3,3,2,4,4,3,3,1,2,3,2","0.000960826873779297","louvain","graph_2024M12.graphml"
"0.08","0.3","0.62","0.122624639758731","1,2,3,4,4,3,3,3,2,4,4,3,3,1,2,3,2","0.00186610221862793","louvain","graph_2024M12.graphml"
"0.07","0.31","0.62","0.121667283950617","1,2,3,4,4,3,3,3,2,4,4,3,3,1,2,3,2","0.000988006591796875","louvain","graph_2024M12.graphml"
"0.06","0.32","0.62","0.121445860090845","1,2,3,1,4,3,3,3,2,4,4,3,3,4,2,3,2","0.000978946685791016","louvain","graph_2024M12.graphml"
"0.05","0.33","0.62","0.12062603400054","1,2,3,1,4,3,4,3,2,4,4,3,3,4,3,3,3","0.000916004180908203","louvain","graph_2024M12.graphml"
"0.04","0.34","0.62","0.120253948330255","1,2,3,2,2,4,2,2,3,2,2,4,2,2,3,2,3","0.00104212760925293","louvain","graph_2024M12.graphml"
"0.03","0.35","0.62","0.119842162973223","1,2,3,3,3,3,3,3,2,3,3,3,3,1,2,3,2","0.00203680992126465","louvain","graph_2024M12.graphml"
"0.02","0.36","0.62","0.120496746453179","1,2,3,1,3,3,3,3,2,3,3,3,3,3,2,3,2","0.00173401832580566","louvain","graph_2024M12.graphml"
"0.01","0.37","0.62","0.121464479128926","1,2,3,1,3,3,3,3,2,3,3,3,3,3,2,3,2","0.00131988525390625","louvain","graph_2024M12.graphml"
"0","0.38","0.62","0.120872671660588","1,2,3,1,4,3,3,3,2,4,4,3,3,4,2,3,2","0.000919103622436523","louvain","graph_2024M12.graphml"
"0.37","0","0.63","0.119118172993409","1,2,3,1,4,4,4,4,2,3,4,4,4,4,2,4,2","0.00098109245300293","louvain","graph_2024M12.graphml"
"0.36","0.01","0.63","0.118715546399234","1,2,3,1,4,3,3,3,2,3,4,4,3,4,2,3,2","0.00106096267700195","louvain","graph_2024M12.graphml"
"0.35","0.02","0.63","0.120496453804144","1,2,3,2,3,3,3,3,2,3,1,3,3,1,2,3,2","0.00101280212402344","louvain","graph_2024M12.graphml"
"0.34","0.03","0.63","0.120275509261523","1,2,3,2,4,3,3,3,2,4,1,3,3,1,2,3,2","0.000914096832275391","louvain","graph_2024M12.graphml"
"0.33","0.04","0.63","0.120128448896231","1,2,3,2,4,3,3,3,2,4,3,3,3,1,2,3,2","0.00111985206604004","louvain","graph_2024M12.graphml"
"0.32","0.05","0.63","0.121125476490026","1,2,3,1,3,3,3,3,2,3,3,3,3,3,2,3,2","0.000957012176513672","louvain","graph_2024M12.graphml"
"0.31","0.06","0.63","0.120878424867592","1,2,3,1,4,3,3,3,2,4,4,3,3,4,2,3,2","0.000905990600585938","louvain","graph_2024M12.graphml"
"0.3","0.07","0.63","0.121052687464164","1,2,3,2,4,3,3,3,2,4,4,3,3,1,2,3,2","0.000966072082519531","louvain","graph_2024M12.graphml"
"0.29","0.08","0.63","0.121052687464164","1,2,3,2,4,3,3,3,2,4,4,3,3,1,2,3,2","0.000916004180908203","louvain","graph_2024M12.graphml"
"0.28","0.09","0.63","0.121052687464164","1,2,3,2,4,3,3,3,2,4,4,3,3,1,2,3,2","0.000906944274902344","louvain","graph_2024M12.graphml"
"0.27","0.1","0.63","0.122169375082574","1,2,3,2,4,3,3,3,2,4,4,3,3,1,2,3,2","0.000894784927368164","louvain","graph_2024M12.graphml"
"0.26","0.11","0.63","0.121720945743771","1,2,3,2,4,3,3,3,2,4,4,3,3,1,2,3,2","0.000948905944824219","louvain","graph_2024M12.graphml"
"0.25","0.12","0.63","0.120683637546924","1,2,3,2,4,3,3,3,2,4,4,3,3,1,2,3,2","0.00092315673828125","louvain","graph_2024M12.graphml"
"0.24","0.13","0.63","0.120600163265306","1,2,3,2,2,2,2,2,3,2,2,2,2,2,3,2,3","0.000953912734985352","louvain","graph_2024M12.graphml"
"0.23","0.14","0.63","0.122679103855216","1,2,3,4,4,3,3,3,2,4,4,3,3,1,2,3,2","0.000828981399536133","louvain","graph_2024M12.graphml"
"0.22","0.15","0.63","0.121767906400863","1,2,3,4,4,3,3,3,2,4,4,3,3,1,2,3,2","0.00175213813781738","louvain","graph_2024M12.graphml"
"0.21","0.16","0.63","0.121344115877644","1,2,3,4,4,3,3,3,2,4,4,3,3,1,2,3,2","0.000967979431152344","louvain","graph_2024M12.graphml"
"0.2","0.17","0.63","0.120998885453046","1,2,3,4,4,3,3,3,2,4,4,3,3,1,2,3,2","0.00132608413696289","louvain","graph_2024M12.graphml"
"0.19","0.18","0.63","0.121202081138881","1,2,3,4,4,3,3,3,2,4,4,3,3,1,2,3,2","0.000932931900024414","louvain","graph_2024M12.graphml"
"0.18","0.19","0.63","0.122211856339027","1,2,3,4,4,3,3,3,2,4,4,3,3,1,2,3,2","0.000936031341552734","louvain","graph_2024M12.graphml"
"0.17","0.2","0.63","0.123707233935109","1,2,3,4,4,3,3,3,2,4,4,3,3,1,2,3,2","0.000842094421386719","louvain","graph_2024M12.graphml"
"0.16","0.21","0.63","0.120785281224235","1,2,3,2,4,4,4,4,2,3,4,4,4,1,2,3,2","0.00168299674987793","louvain","graph_2024M12.graphml"
"0.15","0.22","0.63","0.122109549386161","1,2,3,4,4,3,3,3,2,4,4,3,3,1,2,3,2","0.000964879989624023","louvain","graph_2024M12.graphml"
"0.14","0.23","0.63","0.120251234567901","1,2,3,4,2,4,4,4,2,3,4,4,4,1,2,3,2","0.00203108787536621","louvain","graph_2024M12.graphml"
"0.13","0.24","0.63","0.121332368080786","1,2,3,1,4,3,3,3,2,4,4,3,3,4,2,3,2","0.00106310844421387","louvain","graph_2024M12.graphml"
"0.12","0.25","0.63","0.120383105568173","1,2,3,1,4,3,3,3,2,4,4,3,3,4,2,3,2","0.000829219818115234","louvain","graph_2024M12.graphml"
"0.11","0.26","0.63","0.120173366770032","1,2,3,1,4,3,3,3,2,4,4,3,3,4,2,3,2","0.00100898742675781","louvain","graph_2024M12.graphml"
"0.1","0.27","0.63","0.118260469832521","1,2,3,3,2,3,3,3,2,3,3,3,3,1,2,3,2","0.00249195098876953","louvain","graph_2024M12.graphml"
"0.09","0.28","0.63","0.120035131001847","1,2,3,1,4,3,3,3,2,4,4,3,3,4,2,3,2","0.00177407264709473","louvain","graph_2024M12.graphml"
"0.08","0.29","0.63","0.120216202857832","1,2,3,1,3,3,3,3,2,3,3,3,3,3,2,3,2","0.00135898590087891","louvain","graph_2024M12.graphml"
"0.07","0.3","0.63","0.121185463883663","1,2,3,1,3,3,3,3,2,3,3,3,3,3,2,3,2","0.00105500221252441","louvain","graph_2024M12.graphml"
"0.06","0.31","0.63","0.121062174567237","1,2,3,1,3,3,3,3,2,3,3,3,3,3,2,3,1","0.00121092796325684","louvain","graph_2024M12.graphml"
"0.05","0.32","0.63","0.121341146465442","1,2,3,1,3,3,3,3,2,3,3,3,3,3,2,3,1","0.00100493431091309","louvain","graph_2024M12.graphml"
"0.04","0.33","0.63","0.122010883630324","1,2,3,1,3,3,3,3,2,3,3,3,3,3,2,3,1","0.000936985015869141","louvain","graph_2024M12.graphml"
"0.03","0.34","0.63","0.122357341124909","1,2,3,1,3,3,3,3,2,3,3,3,3,3,2,3,1","0.000924110412597656","louvain","graph_2024M12.graphml"
"0.02","0.35","0.63","0.122357341124909","1,2,3,1,3,3,3,3,2,3,3,3,3,3,2,3,1","0.00137901306152344","louvain","graph_2024M12.graphml"
"0.01","0.36","0.63","0.122357341124909","1,2,3,1,3,3,3,3,2,3,3,3,3,3,2,3,1","0.00212883949279785","louvain","graph_2024M12.graphml"
"0","0.37","0.63","0.121752520087655","1,2,3,3,3,3,3,3,2,3,3,3,3,1,2,3,1","0.00126004219055176","louvain","graph_2024M12.graphml"
"0.36","0","0.64","0.120536551685604","1,2,3,2,4,3,3,3,2,4,4,3,3,1,2,3,2","0.00113797187805176","louvain","graph_2024M12.graphml"
"0.35","0.01","0.64","0.121052687464164","1,2,3,2,4,3,3,3,2,4,4,3,3,1,2,3,2","0.000924825668334961","louvain","graph_2024M12.graphml"
"0.34","0.02","0.64","0.121642272310143","1,2,3,1,4,3,3,3,2,4,4,3,3,4,2,3,2","0.000760078430175781","louvain","graph_2024M12.graphml"
"0.33","0.03","0.64","0.121642272310143","1,2,3,1,4,3,3,3,2,4,4,3,3,4,2,3,2","0.000895977020263672","louvain","graph_2024M12.graphml"
"0.32","0.04","0.64","0.120617657099999","1,2,3,2,4,3,3,3,2,4,4,3,3,1,2,3,2","0.000900030136108398","louvain","graph_2024M12.graphml"
"0.31","0.05","0.64","0.120617657099999","1,2,3,2,4,3,3,3,2,4,4,3,3,1,2,3,2","0.00120401382446289","louvain","graph_2024M12.graphml"
"0.3","0.06","0.64","0.121801795918367","1,2,3,4,4,3,3,3,2,4,4,3,3,1,2,3,2","0.00116109848022461","louvain","graph_2024M12.graphml"
"0.29","0.07","0.64","0.12229936024622","1,2,3,4,4,3,3,3,2,4,4,3,3,1,2,3,2","0.000918149948120117","louvain","graph_2024M12.graphml"
"0.28","0.08","0.64","0.119695497246518","1,2,3,2,2,2,2,2,3,2,2,2,2,1,3,2,3","0.00101113319396973","louvain","graph_2024M12.graphml"
"0.27","0.09","0.64","0.120998885453046","1,2,3,4,4,3,3,3,2,4,4,3,3,1,2,3,2","0.000914812088012695","louvain","graph_2024M12.graphml"
"0.26","0.1","0.64","0.122094544990265","1,2,3,4,4,3,3,3,2,4,4,3,3,1,2,3,2","0.00184106826782227","louvain","graph_2024M12.graphml"
"0.25","0.11","0.64","0.121511447192088","1,2,3,4,4,3,3,3,2,4,4,3,3,1,2,3,2","0.00184512138366699","louvain","graph_2024M12.graphml"
"0.24","0.12","0.64","0.121511447192088","1,2,3,4,4,3,3,3,2,4,4,3,3,1,2,3,2","0.000950098037719727","louvain","graph_2024M12.graphml"
"0.23","0.13","0.64","0.120706644144144","1,2,3,4,4,3,3,3,2,4,4,3,3,1,2,3,2","0.000828981399536133","louvain","graph_2024M12.graphml"
"0.22","0.14","0.64","0.120220227249642","1,2,3,4,4,3,3,3,2,4,4,3,3,1,2,3,2","0.00103306770324707","louvain","graph_2024M12.graphml"
"0.21","0.15","0.64","0.119628912925409","1,2,3,4,4,3,3,3,2,4,4,3,3,1,2,3,2","0.00191187858581543","louvain","graph_2024M12.graphml"
"0.2","0.16","0.64","0.120056563143741","1,2,3,1,4,3,3,3,2,4,4,3,3,4,2,3,2","0.00212907791137695","louvain","graph_2024M12.graphml"
"0.19","0.17","0.64","0.120383105568173","1,2,3,1,4,3,3,3,2,4,4,3,3,4,2,3,2","0.00207185745239258","louvain","graph_2024M12.graphml"
"0.18","0.18","0.64","0.120500359205445","1,2,3,1,4,3,3,3,2,4,3,3,3,4,2,3,2","0.00189113616943359","louvain","graph_2024M12.graphml"
"0.17","0.19","0.64","0.119076151293446","1,2,3,1,2,4,4,4,2,3,4,4,4,3,2,3,2","0.00104713439941406","louvain","graph_2024M12.graphml"
"0.16","0.2","0.64","0.119270562919878","1,2,3,4,4,3,3,3,2,4,3,3,3,1,2,3,2","0.00101518630981445","louvain","graph_2024M12.graphml"
"0.15","0.21","0.64","0.119114441697195","1,2,3,1,2,3,3,3,2,3,3,3,3,3,2,3,2","0.00172996520996094","louvain","graph_2024M12.graphml"
"0.14","0.22","0.64","0.120389807440751","1,2,3,1,4,3,3,3,2,4,3,3,3,4,2,3,2","0.000880002975463867","louvain","graph_2024M12.graphml"
"0.13","0.23","0.64","0.120827128691064","1,2,3,1,3,3,3,3,2,3,3,3,3,3,2,3,1","0.00100803375244141","louvain","graph_2024M12.graphml"
"0.12","0.24","0.64","0.12049970442974","1,2,3,1,3,3,3,3,2,3,3,3,3,3,2,3,1","0.000945091247558594","louvain","graph_2024M12.graphml"
"0.11","0.25","0.64","0.11984640831758","1,2,3,1,3,3,3,3,2,3,3,3,3,3,2,3,1","0.000929117202758789","louvain","graph_2024M12.graphml"
"0.1","0.26","0.64","0.120524709369153","1,2,3,1,3,3,3,3,2,3,3,3,3,3,2,3,1","0.000844955444335938","louvain","graph_2024M12.graphml"
"0.09","0.27","0.64","0.122081201626656","1,2,3,1,3,3,3,3,2,3,3,3,3,3,2,3,1","0.000960111618041992","louvain","graph_2024M12.graphml"
"0.08","0.28","0.64","0.122357341124909","1,2,3,1,3,3,3,3,2,3,3,3,3,3,2,3,1","0.000960111618041992","louvain","graph_2024M12.graphml"
"0.07","0.29","0.64","0.122357341124909","1,2,3,1,3,3,3,3,2,3,3,3,3,3,2,3,1","0.000941991806030273","louvain","graph_2024M12.graphml"
"0.06","0.3","0.64","0.12274554566736","1,2,2,1,2,2,2,2,3,2,2,2,2,2,3,2,1","0.000833034515380859","louvain","graph_2024M12.graphml"
"0.05","0.31","0.64","0.12305906751635","1,2,3,1,3,3,3,3,2,3,3,3,3,3,2,3,1","0.00105094909667969","louvain","graph_2024M12.graphml"
"0.04","0.32","0.64","0.122454784882758","1,2,3,1,3,3,3,3,2,3,3,3,3,3,2,3,1","0.00190901756286621","louvain","graph_2024M12.graphml"
"0.03","0.33","0.64","0.122454784882758","1,2,3,1,3,3,3,3,2,3,3,3,3,3,2,3,1","0.00101304054260254","louvain","graph_2024M12.graphml"
"0.02","0.34","0.64","0.121038314633017","1,2,3,1,3,3,3,3,2,3,3,3,3,3,2,3,1","0.000950813293457031","louvain","graph_2024M12.graphml"
"0.01","0.35","0.64","0.121455086132688","1,2,3,1,3,4,3,3,2,3,3,4,3,3,3,3,1","0.00117611885070801","louvain","graph_2024M12.graphml"
"0","0.36","0.64","0.121560561674271","1,2,3,1,4,3,3,3,2,4,3,3,3,4,3,3,1","0.000945091247558594","louvain","graph_2024M12.graphml"
"0.35","0","0.65","0.121457313940878","1,2,3,4,4,3,3,3,2,4,4,3,3,1,2,3,2","0.00101590156555176","louvain","graph_2024M12.graphml"
"0.34","0.01","0.65","0.121850507061149","1,2,3,4,4,3,3,3,2,4,4,3,3,1,2,3,2","0.000961065292358398","louvain","graph_2024M12.graphml"
"0.33","0.02","0.65","0.121427370330549","1,2,3,4,4,3,3,3,2,4,4,3,3,1,2,3,2","0.0010368824005127","louvain","graph_2024M12.graphml"
"0.32","0.03","0.65","0.122015483579043","1,2,3,4,4,3,3,3,2,4,4,3,3,1,2,3,2","0.000946998596191406","louvain","graph_2024M12.graphml"
"0.31","0.04","0.65","0.122015483579043","1,2,3,4,4,3,3,3,2,4,4,3,3,1,2,3,2","0.000884056091308594","louvain","graph_2024M12.graphml"
"0.3","0.05","0.65","0.121209609766158","1,2,3,4,4,3,3,3,2,4,4,3,3,1,2,3,2","0.00098419189453125","louvain","graph_2024M12.graphml"
"0.29","0.06","0.65","0.119057770465572","1,2,3,4,4,3,3,3,2,4,4,3,3,1,2,3,2","0.000977993011474609","louvain","graph_2024M12.graphml"
"0.28","0.07","0.65","0.118353759403636","1,2,3,4,4,3,3,3,2,4,4,3,3,1,2,3,2","0.000960111618041992","louvain","graph_2024M12.graphml"
"0.27","0.08","0.65","0.119034714172562","1,2,3,1,4,3,3,3,2,4,3,3,3,4,2,3,2","0.0012211799621582","louvain","graph_2024M12.graphml"
"0.26","0.09","0.65","0.118678742975698","1,2,3,1,4,3,3,3,2,4,3,3,3,4,2,3,2","0.00091099739074707","louvain","graph_2024M12.graphml"
"0.25","0.1","0.65","0.118094723016302","1,2,3,1,4,3,3,3,2,4,3,3,3,4,2,3,2","0.000903129577636719","louvain","graph_2024M12.graphml"
"0.24","0.11","0.65","0.119625137816979","1,2,3,1,4,3,3,3,2,4,3,3,3,4,2,3,2","0.000894069671630859","louvain","graph_2024M12.graphml"
"0.23","0.12","0.65","0.120524978790508","1,2,3,1,4,3,3,3,2,4,3,3,3,4,2,3,2","0.000883102416992188","louvain","graph_2024M12.graphml"
"0.22","0.13","0.65","0.120524978790508","1,2,3,1,4,3,3,3,2,4,3,3,3,4,2,3,2","0.00094914436340332","louvain","graph_2024M12.graphml"
"0.21","0.14","0.65","0.119757879483154","1,2,3,1,2,4,4,4,2,3,4,4,4,3,2,3,1","0.00104498863220215","louvain","graph_2024M12.graphml"
"0.2","0.15","0.65","0.120374177631579","1,2,3,1,2,3,3,3,2,3,3,3,3,3,2,3,1","0.00114703178405762","louvain","graph_2024M12.graphml"
"0.19","0.16","0.65","0.120627223496402","1,2,3,1,2,3,3,3,2,3,3,4,3,3,2,3,1","0.00178909301757812","louvain","graph_2024M12.graphml"
"0.18","0.17","0.65","0.119282232379759","1,2,3,1,3,3,3,3,2,3,3,3,3,3,2,3,1","0.00109195709228516","louvain","graph_2024M12.graphml"
"0.17","0.18","0.65","0.119565075820456","1,2,3,1,3,3,3,3,2,3,3,3,3,3,2,3,1","0.00101900100708008","louvain","graph_2024M12.graphml"
"0.16","0.19","0.65","0.120243383742911","1,2,3,1,3,3,3,3,2,3,3,3,3,3,2,3,1","0.000887870788574219","louvain","graph_2024M12.graphml"
"0.15","0.2","0.65","0.119960420604915","1,2,2,1,2,2,2,2,3,2,2,2,2,2,3,2,1","0.00104498863220215","louvain","graph_2024M12.graphml"
"0.14","0.21","0.65","0.121275951399706","1,2,3,1,3,3,3,3,2,3,3,3,3,3,2,3,1","0.000970840454101562","louvain","graph_2024M12.graphml"
"0.13","0.22","0.65","0.122386769211792","1,2,3,1,3,3,3,3,2,3,3,3,3,3,2,3,1","0.00094294548034668","louvain","graph_2024M12.graphml"
"0.12","0.23","0.65","0.122454784882758","1,2,3,1,3,3,3,3,2,3,3,3,3,3,2,3,1","0.00105500221252441","louvain","graph_2024M12.graphml"
"0.11","0.24","0.65","0.122454784882758","1,2,3,1,3,3,3,3,2,3,3,3,3,3,2,3,1","0.00100302696228027","louvain","graph_2024M12.graphml"
"0.1","0.25","0.65","0.122286304990649","1,2,3,1,3,3,3,3,2,3,3,3,3,3,2,3,1","0.00190401077270508","louvain","graph_2024M12.graphml"
"0.09","0.26","0.65","0.121180164252506","1,2,3,1,4,3,3,3,2,4,4,3,3,4,2,3,1","0.00112509727478027","louvain","graph_2024M12.graphml"
"0.08","0.27","0.65","0.121017559719483","1,2,3,1,4,3,3,3,2,4,4,3,3,4,2,3,1","0.00186800956726074","louvain","graph_2024M12.graphml"
"0.07","0.28","0.65","0.12030131401125","1,2,3,2,2,3,3,3,2,4,3,3,3,1,4,3,1","0.000906944274902344","louvain","graph_2024M12.graphml"
"0.06","0.29","0.65","0.121699627207794","1,2,3,1,3,3,3,3,2,3,3,3,3,3,2,3,1","0.000913858413696289","louvain","graph_2024M12.graphml"
"0.05","0.3","0.65","0.121568709907665","1,2,3,1,4,3,3,3,2,4,4,3,3,4,3,3,1","0.00098109245300293","louvain","graph_2024M12.graphml"
"0.04","0.31","0.65","0.123462276435067","1,2,3,1,4,3,3,3,2,4,4,3,3,4,3,3,1","0.00190901756286621","louvain","graph_2024M12.graphml"
"0.03","0.32","0.65","0.122682735656717","1,2,3,1,3,3,3,3,2,3,3,3,3,3,2,3,1","0.000958919525146484","louvain","graph_2024M12.graphml"
"0.02","0.33","0.65","0.123224176781097","1,2,3,1,4,3,3,3,2,4,4,3,3,4,3,3,1","0.0011289119720459","louvain","graph_2024M12.graphml"
"0.01","0.34","0.65","0.122955979783108","1,2,3,1,3,3,3,3,2,3,3,3,3,3,2,3,1","0.000983953475952148","louvain","graph_2024M12.graphml"
"0","0.35","0.65","0.12365230500586","1,2,3,4,4,3,3,3,2,4,4,3,3,1,3,3,1","0.00100088119506836","louvain","graph_2024M12.graphml"
"0.34","0","0.66","0.118368450422605","1,2,3,1,4,3,3,3,2,4,4,3,3,4,2,3,2","0.000988960266113281","louvain","graph_2024M12.graphml"
"0.33","0.01","0.66","0.118194444444444","1,2,3,1,4,3,3,3,2,4,4,3,3,4,2,3,2","0.000964164733886719","louvain","graph_2024M12.graphml"
"0.32","0.02","0.66","0.118694729373332","1,2,3,1,4,3,3,3,2,4,4,3,3,4,2,3,2","0.000932931900024414","louvain","graph_2024M12.graphml"
"0.31","0.03","0.66","0.118694729373332","1,2,3,1,4,3,3,3,2,4,4,3,3,4,2,3,2","0.000937938690185547","louvain","graph_2024M12.graphml"
"0.3","0.04","0.66","0.117199108696316","1,2,3,1,2,4,4,4,2,3,4,4,4,3,2,3,2","0.000923871994018555","louvain","graph_2024M12.graphml"
"0.29","0.05","0.66","0.119171795584014","1,2,3,1,4,3,3,3,2,4,3,3,3,4,2,3,2","0.000877857208251953","louvain","graph_2024M12.graphml"
"0.28","0.06","0.66","0.119273833676331","1,2,3,1,4,3,3,3,2,4,3,3,3,4,2,3,1","0.000900030136108398","louvain","graph_2024M12.graphml"
"0.27","0.07","0.66","0.119728090007569","1,2,3,1,4,3,3,3,2,4,3,3,3,4,2,3,1","0.00092005729675293","louvain","graph_2024M12.graphml"
"0.26","0.08","0.66","0.120446537719133","1,2,3,2,2,3,3,3,2,4,3,3,3,1,4,3,1","0.000905036926269531","louvain","graph_2024M12.graphml"
"0.25","0.09","0.66","0.119977903192093","1,2,3,1,4,3,3,3,2,4,4,3,3,4,2,3,1","0.000895023345947266","louvain","graph_2024M12.graphml"
"0.24","0.1","0.66","0.119282232379759","1,2,3,1,3,3,3,3,2,3,3,3,3,3,2,3,1","0.000935077667236328","louvain","graph_2024M12.graphml"
"0.23","0.11","0.66","0.119853391288492","1,2,3,1,2,3,3,3,2,3,3,3,3,3,2,3,1","0.000962972640991211","louvain","graph_2024M12.graphml"
"0.22","0.12","0.66","0.119995968126983","1,2,3,1,3,3,3,3,2,3,3,3,3,3,2,3,1","0.00104308128356934","louvain","graph_2024M12.graphml"
"0.21","0.13","0.66","0.120278113692294","1,2,3,1,3,3,3,3,2,3,3,3,3,3,2,3,1","0.00101900100708008","louvain","graph_2024M12.graphml"
"0.2","0.14","0.66","0.120278113692294","1,2,3,1,3,3,3,3,2,3,3,3,3,3,2,3,1","0.000982046127319336","louvain","graph_2024M12.graphml"
"0.19","0.15","0.66","0.120670410037293","1,2,3,1,3,3,3,3,2,3,3,3,3,3,2,3,1","0.00101208686828613","louvain","graph_2024M12.graphml"
"0.18","0.16","0.66","0.121622645998255","1,2,3,1,3,3,3,3,2,3,3,3,3,3,2,3,1","0.00100302696228027","louvain","graph_2024M12.graphml"
"0.17","0.17","0.66","0.120855787847854","1,2,3,1,3,3,3,3,2,3,3,3,3,3,2,3,1","0.00096583366394043","louvain","graph_2024M12.graphml"
"0.16","0.18","0.66","0.120532649715435","1,2,3,1,3,3,3,3,2,3,3,3,3,3,2,3,1","0.00118803977966309","louvain","graph_2024M12.graphml"
"0.15","0.19","0.66","0.120210019885375","1,2,3,1,3,3,3,3,2,3,3,3,3,3,2,3,1","0.00106310844421387","louvain","graph_2024M12.graphml"
"0.14","0.2","0.66","0.120715652165973","1,2,3,1,3,3,3,3,2,3,3,3,3,3,2,3,1","0.00214505195617676","louvain","graph_2024M12.graphml"
"0.13","0.21","0.66","0.120515902366864","1,2,3,4,4,3,3,3,2,4,4,3,3,1,2,3,1","0.000908136367797852","louvain","graph_2024M12.graphml"
"0.12","0.22","0.66","0.120715652165973","1,2,3,1,3,3,3,3,2,3,3,3,3,3,2,3,1","0.000941991806030273","louvain","graph_2024M12.graphml"
"0.11","0.23","0.66","0.121535749519233","1,2,3,1,4,3,3,3,2,4,4,3,3,4,2,3,1","0.00113081932067871","louvain","graph_2024M12.graphml"
"0.1","0.24","0.66","0.121182159752722","1,2,3,1,3,4,3,3,2,3,3,4,3,3,3,3,1","0.00130796432495117","louvain","graph_2024M12.graphml"
"0.09","0.25","0.66","0.121747107162337","1,2,3,2,2,3,3,3,2,3,3,3,3,1,3,3,1","0.000931024551391602","louvain","graph_2024M12.graphml"
"0.08","0.26","0.66","0.121812469291069","1,2,3,4,4,3,3,3,2,4,4,3,3,1,3,3,1","0.000954866409301758","louvain","graph_2024M12.graphml"
"0.07","0.27","0.66","0.12217519106408","1,2,3,4,4,3,3,3,2,4,4,3,3,1,3,3,1","0.00100207328796387","louvain","graph_2024M12.graphml"
"0.06","0.28","0.66","0.124599979526073","1,2,3,1,4,3,3,3,2,4,4,3,3,4,3,3,1","0.000898838043212891","louvain","graph_2024M12.graphml"
"0.05","0.29","0.66","0.124045498505998","1,2,3,1,4,3,3,3,2,4,4,3,3,4,3,3,1","0.000992059707641602","louvain","graph_2024M12.graphml"
"0.04","0.3","0.66","0.122945501730104","1,2,3,1,4,3,3,3,2,4,4,3,3,4,3,3,1","0.00100302696228027","louvain","graph_2024M12.graphml"
"0.03","0.31","0.66","0.121661138674927","1,2,3,2,2,3,3,3,2,3,3,3,3,1,3,3,1","0.0010840892791748","louvain","graph_2024M12.graphml"
"0.02","0.32","0.66","0.123283796677229","1,2,3,2,2,3,3,3,2,4,4,3,3,4,3,3,1","0.000931024551391602","louvain","graph_2024M12.graphml"
"0.01","0.33","0.66","0.123283796677229","1,2,3,2,2,3,3,3,2,4,4,3,3,4,3,3,1","0.00102806091308594","louvain","graph_2024M12.graphml"
"0","0.34","0.66","0.122752768196504","1,2,3,2,2,3,3,3,2,4,4,3,3,4,3,3,1","0.000986099243164062","louvain","graph_2024M12.graphml"
"0.33","0","0.67","0.119144472787169","1,2,3,1,4,3,3,3,2,4,3,3,3,4,2,3,1","0.000932931900024414","louvain","graph_2024M12.graphml"
"0.32","0.01","0.67","0.118563524353647","1,2,3,1,4,3,3,3,2,4,3,3,3,4,2,3,1","0.00096893310546875","louvain","graph_2024M12.graphml"
"0.31","0.02","0.67","0.118138390463177","1,2,3,1,2,4,4,4,2,3,4,4,4,3,2,3,1","0.00143003463745117","louvain","graph_2024M12.graphml"
"0.3","0.03","0.67","0.118040426336731","1,2,2,2,2,3,2,2,4,2,2,3,2,2,4,2,1","0.00151801109313965","louvain","graph_2024M12.graphml"
"0.29","0.04","0.67","0.119441934922404","1,2,3,1,4,3,3,3,2,4,4,3,3,4,2,3,1","0.000956058502197266","louvain","graph_2024M12.graphml"
"0.28","0.05","0.67","0.119908435727788","1,2,3,1,2,3,3,3,2,3,3,3,3,3,2,3,1","0.0010218620300293","louvain","graph_2024M12.graphml"
"0.27","0.06","0.67","0.120227034533818","1,2,3,1,2,3,3,3,2,3,3,3,3,3,2,3,1","0.000913858413696289","louvain","graph_2024M12.graphml"
"0.26","0.07","0.67","0.119389966168049","1,2,3,1,3,3,3,3,2,3,3,3,3,3,2,3,1","0.00106310844421387","louvain","graph_2024M12.graphml"
"0.25","0.08","0.67","0.120345968966099","1,2,3,1,3,3,3,3,2,3,3,3,3,3,2,3,1","0.000962972640991211","louvain","graph_2024M12.graphml"
"0.24","0.09","0.67","0.119504658702438","1,2,2,1,2,2,2,2,3,2,2,2,2,2,3,2,1","0.00119996070861816","louvain","graph_2024M12.graphml"
"0.23","0.1","0.67","0.119693352407848","1,2,3,1,3,3,3,3,2,3,3,3,3,3,2,3,1","0.000989913940429688","louvain","graph_2024M12.graphml"
"0.22","0.11","0.67","0.118785986819285","1,2,3,3,3,3,3,3,2,3,3,3,3,1,2,3,1","0.00103187561035156","louvain","graph_2024M12.graphml"
"0.21","0.12","0.67","0.120041741610432","1,2,3,1,3,3,3,3,2,3,3,3,3,3,2,3,1","0.000900030136108398","louvain","graph_2024M12.graphml"
"0.2","0.13","0.67","0.119883766480679","1,2,3,1,3,3,3,3,2,3,3,3,3,3,2,3,1","0.000981807708740234","louvain","graph_2024M12.graphml"
"0.19","0.14","0.67","0.12016252539101","1,2,3,1,3,3,3,3,2,3,3,3,3,3,2,3,1","0.00103497505187988","louvain","graph_2024M12.graphml"
"0.18","0.15","0.67","0.11967467035576","1,2,3,1,3,3,3,3,2,3,3,3,3,3,2,3,1","0.00145983695983887","louvain","graph_2024M12.graphml"
"0.17","0.16","0.67","0.121872453598914","1,2,3,1,3,3,3,3,2,3,3,3,3,3,2,3,1","0.00173091888427734","louvain","graph_2024M12.graphml"
"0.16","0.17","0.67","0.121872453598914","1,2,3,1,3,3,3,3,2,3,3,3,3,3,2,3,1","0.000962972640991211","louvain","graph_2024M12.graphml"
"0.15","0.18","0.67","0.121277023448273","1,2,3,1,3,3,3,3,2,3,3,3,3,3,2,3,1","0.000971078872680664","louvain","graph_2024M12.graphml"
"0.14","0.19","0.67","0.12150838929187","1,2,3,3,3,3,3,3,2,3,3,3,3,1,2,3,1","0.000847101211547852","louvain","graph_2024M12.graphml"
"0.13","0.2","0.67","0.122761960751379","1,2,3,1,4,3,3,3,2,4,4,3,3,4,3,3,1","0.00111293792724609","louvain","graph_2024M12.graphml"
"0.12","0.21","0.67","0.122699465007388","1,2,3,1,3,3,3,3,2,3,3,3,3,3,2,3,1","0.000957012176513672","louvain","graph_2024M12.graphml"
"0.11","0.22","0.67","0.122687534626039","1,2,3,1,3,4,3,3,2,3,3,4,3,3,3,3,1","0.000983953475952148","louvain","graph_2024M12.graphml"
"0.1","0.23","0.67","0.122422261836207","1,2,3,1,4,3,3,3,2,4,4,3,3,4,3,3,1","0.000967025756835938","louvain","graph_2024M12.graphml"
"0.09","0.24","0.67","0.122295215419898","1,2,3,2,2,3,3,3,2,3,3,3,3,1,3,3,1","0.000931978225708008","louvain","graph_2024M12.graphml"
"0.08","0.25","0.67","0.122668147260083","1,2,3,2,3,3,3,3,2,4,3,3,3,1,4,3,1","0.00123214721679688","louvain","graph_2024M12.graphml"
"0.07","0.26","0.67","0.121772114461427","1,2,3,2,4,4,4,3,2,4,4,3,4,4,4,3,1","0.00140094757080078","louvain","graph_2024M12.graphml"
"0.06","0.27","0.67","0.1212451171875","1,2,3,2,4,4,4,3,2,4,4,3,4,4,4,3,1","0.00100207328796387","louvain","graph_2024M12.graphml"
"0.05","0.28","0.67","0.121815854755874","1,2,3,2,4,4,4,3,2,4,4,3,4,4,4,3,1","0.00187206268310547","louvain","graph_2024M12.graphml"
"0.04","0.29","0.67","0.121411992513864","1,2,3,2,4,4,4,3,2,4,4,3,4,4,4,3,1","0.0010068416595459","louvain","graph_2024M12.graphml"
"0.03","0.3","0.67","0.122224271029116","1,2,3,2,4,4,4,3,2,4,4,3,4,4,4,3,1","0.00103402137756348","louvain","graph_2024M12.graphml"
"0.02","0.31","0.67","0.122035928272585","1,2,3,2,4,4,4,3,2,4,4,3,4,4,4,3,1","0.00102996826171875","louvain","graph_2024M12.graphml"
"0.01","0.32","0.67","0.121369356601325","1,2,3,2,4,4,4,3,2,4,4,3,4,4,4,3,1","0.000989198684692383","louvain","graph_2024M12.graphml"
"0","0.33","0.67","0.121462960994792","1,2,3,2,4,4,4,3,2,4,4,3,4,4,4,3,1","0.00102710723876953","louvain","graph_2024M12.graphml"
"0.32","0","0.68","0.118355950706048","1,2,3,2,2,4,2,2,3,2,2,4,2,2,3,2,1","0.000962018966674805","louvain","graph_2024M12.graphml"
"0.31","0.01","0.68","0.118414976045977","1,2,3,1,3,3,3,3,2,3,3,3,3,3,2,3,1","0.000990152359008789","louvain","graph_2024M12.graphml"
"0.3","0.02","0.68","0.118642970765363","1,2,3,1,2,3,3,3,2,3,3,3,3,3,2,3,1","0.0010530948638916","louvain","graph_2024M12.graphml"
"0.29","0.03","0.68","0.119693352407848","1,2,3,1,3,3,3,3,2,3,3,3,3,3,2,3,1","0.00092005729675293","louvain","graph_2024M12.graphml"
"0.28","0.04","0.68","0.119092256335447","1,2,3,1,3,3,3,3,2,3,3,3,3,3,2,3,1","0.00127911567687988","louvain","graph_2024M12.graphml"
"0.27","0.05","0.68","0.119458535859366","1,2,3,3,3,3,3,3,2,3,3,3,3,1,2,3,1","0.00107216835021973","louvain","graph_2024M12.graphml"
"0.26","0.06","0.68","0.118579456093613","1,2,3,3,3,4,3,3,2,3,3,4,3,3,2,3,1","0.000864028930664062","louvain","graph_2024M12.graphml"
"0.25","0.07","0.68","0.118579456093613","1,2,3,3,3,4,3,3,2,3,3,4,3,3,2,3,1","0.00096893310546875","louvain","graph_2024M12.graphml"
"0.24","0.08","0.68","0.119394320684034","1,2,3,1,3,3,3,3,2,3,3,3,3,3,2,3,1","0.000971794128417969","louvain","graph_2024M12.graphml"
"0.23","0.09","0.68","0.11974111319734","1,2,3,1,3,3,3,3,2,3,3,3,3,3,2,3,1","0.00185990333557129","louvain","graph_2024M12.graphml"
"0.22","0.1","0.68","0.120999886826618","1,2,3,1,3,3,3,3,2,3,3,3,3,3,2,3,1","0.000962972640991211","louvain","graph_2024M12.graphml"
"0.21","0.11","0.68","0.121277023448273","1,2,3,1,3,3,3,3,2,3,3,3,3,3,2,3,1","0.000950098037719727","louvain","graph_2024M12.graphml"
"0.2","0.12","0.68","0.121097690298218","1,2,3,1,4,3,3,3,2,4,4,3,3,4,2,3,1","0.00234413146972656","louvain","graph_2024M12.graphml"
"0.19","0.13","0.68","0.121466778321805","1,2,3,1,4,4,4,3,2,4,4,3,4,4,4,3,1","0.000928878784179688","louvain","graph_2024M12.graphml"
"0.18","0.14","0.68","0.122108458684812","1,2,3,1,3,3,3,3,2,3,3,3,3,3,2,3,1","0.000989913940429688","louvain","graph_2024M12.graphml"
"0.17","0.15","0.68","0.121765434114822","1,2,3,1,4,4,4,3,2,4,4,3,4,4,4,3,1","0.000961065292358398","louvain","graph_2024M12.graphml"
"0.16","0.16","0.68","0.121628942236864","1,2,3,1,3,3,3,3,2,3,3,3,3,3,2,3,1","0.0020139217376709","louvain","graph_2024M12.graphml"
"0.15","0.17","0.68","0.12281768088794","1,2,3,2,3,4,3,3,2,3,3,4,3,3,3,3,1","0.00092005729675293","louvain","graph_2024M12.graphml"
"0.14","0.18","0.68","0.121533422535641","1,2,3,2,4,3,3,3,2,4,4,3,3,4,3,3,1","0.00103402137756348","louvain","graph_2024M12.graphml"
"0.13","0.19","0.68","0.121895982874239","1,2,3,2,4,3,3,3,2,4,4,3,3,4,3,3,1","0.00111699104309082","louvain","graph_2024M12.graphml"
"0.12","0.2","0.68","0.12170215945279","1,2,3,2,4,4,4,3,2,4,4,3,4,4,4,3,1","0.00106120109558105","louvain","graph_2024M12.graphml"
"0.11","0.21","0.68","0.121750349645071","1,2,3,2,3,3,3,3,2,4,3,3,3,1,4,3,1","0.00114798545837402","louvain","graph_2024M12.graphml"
"0.1","0.22","0.68","0.121868425621301","1,2,3,2,4,4,4,3,2,4,4,3,4,4,4,3,1","0.00107908248901367","louvain","graph_2024M12.graphml"
"0.09","0.23","0.68","0.122051200762587","1,2,3,2,3,4,3,3,2,3,3,4,3,3,3,3,1","0.000969886779785156","louvain","graph_2024M12.graphml"
"0.08","0.24","0.68","0.12147861665145","1,2,3,2,3,3,3,3,2,4,3,3,3,1,4,3,1","0.000955104827880859","louvain","graph_2024M12.graphml"
"0.07","0.25","0.68","0.121462960994792","1,2,3,2,4,4,4,3,2,4,4,3,4,4,4,3,1","0.000973224639892578","louvain","graph_2024M12.graphml"
"0.06","0.26","0.68","0.121295637334397","1,2,3,2,3,4,3,3,2,3,3,4,3,3,3,3,1","0.00103402137756348","louvain","graph_2024M12.graphml"
"0.05","0.27","0.68","0.121720947646528","1,2,3,2,4,3,3,3,2,4,4,3,3,4,3,3,1","0.00186491012573242","louvain","graph_2024M12.graphml"
"0.04","0.28","0.68","0.120792986596345","1,2,3,2,2,3,3,3,2,4,4,3,3,1,3,3,1","0.00110507011413574","louvain","graph_2024M12.graphml"
"0.03","0.29","0.68","0.120475334423298","1,2,3,2,3,3,3,3,2,3,3,3,3,1,3,3,1","0.00102496147155762","louvain","graph_2024M12.graphml"
"0.02","0.3","0.68","0.121413315999629","1,2,3,2,2,3,3,3,2,4,4,3,3,1,3,3,1","0.000924110412597656","louvain","graph_2024M12.graphml"
"0.01","0.31","0.68","0.120566430653894","1,2,3,2,3,3,3,3,2,4,3,3,3,1,3,3,1","0.001007080078125","louvain","graph_2024M12.graphml"
"0","0.32","0.68","0.120974382054164","1,2,3,2,2,3,3,3,2,4,3,3,3,1,4,3,1","0.00104022026062012","louvain","graph_2024M12.graphml"
"0.31","0","0.69","0.11967467035576","1,2,3,1,3,3,3,3,2,3,3,3,3,3,2,3,1","0.000930070877075195","louvain","graph_2024M12.graphml"
"0.3","0.01","0.69","0.119358090752452","1,2,3,1,3,3,3,3,2,3,3,3,3,3,2,3,1","0.000941038131713867","louvain","graph_2024M12.graphml"
"0.29","0.02","0.69","0.120020391938039","1,2,3,1,3,3,3,3,2,3,3,3,3,3,2,3,1","0.00136208534240723","louvain","graph_2024M12.graphml"
"0.28","0.03","0.69","0.119437528293345","1,2,3,3,3,4,3,3,2,3,3,4,3,3,2,3,1","0.00109004974365234","louvain","graph_2024M12.graphml"
"0.27","0.04","0.69","0.120378544142304","1,2,3,3,3,3,3,3,2,3,3,3,3,1,2,3,1","0.0012660026550293","louvain","graph_2024M12.graphml"
"0.26","0.05","0.69","0.120366027183281","1,2,3,1,3,3,3,3,2,3,3,3,3,3,2,3,1","0.00147294998168945","louvain","graph_2024M12.graphml"
"0.25","0.06","0.69","0.121297976569868","1,2,3,1,3,3,3,3,2,3,3,3,3,3,2,3,1","0.00196409225463867","louvain","graph_2024M12.graphml"
"0.24","0.07","0.69","0.120664422979766","1,2,3,1,4,4,4,3,2,4,4,3,4,4,2,3,1","0.00180602073669434","louvain","graph_2024M12.graphml"
"0.23","0.08","0.69","0.12054108690841","1,2,3,3,3,3,3,3,2,3,3,3,3,1,2,3,1","0.00184202194213867","louvain","graph_2024M12.graphml"
"0.22","0.09","0.69","0.121885561840469","1,2,3,1,4,4,4,3,2,4,4,3,4,4,4,3,1","0.00106596946716309","louvain","graph_2024M12.graphml"
"0.21","0.1","0.69","0.121649789437859","1,2,3,2,4,4,4,3,2,4,4,3,4,4,4,3,1","0.00186777114868164","louvain","graph_2024M12.graphml"
"0.2","0.11","0.69","0.121212022569444","1,2,3,2,3,3,3,3,2,4,3,3,3,1,4,3,1","0.00092315673828125","louvain","graph_2024M12.graphml"
"0.19","0.12","0.69","0.120840782180373","1,2,3,2,4,4,4,3,2,4,4,3,4,4,4,3,1","0.00108504295349121","louvain","graph_2024M12.graphml"
"0.18","0.13","0.69","0.120840782180373","1,2,3,2,4,4,4,3,2,4,4,3,4,4,4,3,1","0.00101113319396973","louvain","graph_2024M12.graphml"
"0.17","0.14","0.69","0.121750349645071","1,2,3,2,3,3,3,3,2,4,3,3,3,1,4,3,1","0.00265407562255859","louvain","graph_2024M12.graphml"
"0.16","0.15","0.69","0.121531245157625","1,2,3,2,4,3,3,3,2,4,4,3,3,4,3,3,1","0.0010218620300293","louvain","graph_2024M12.graphml"
"0.15","0.16","0.69","0.122415223178118","1,2,3,2,4,3,3,3,2,4,4,3,3,4,3,3,1","0.000960826873779297","louvain","graph_2024M12.graphml"
"0.14","0.17","0.69","0.12147981268356","1,2,3,2,4,3,3,3,2,4,4,3,3,4,3,3,1","0.000960111618041992","louvain","graph_2024M12.graphml"
"0.13","0.18","0.69","0.122160726684618","1,2,3,2,4,3,3,3,2,4,4,3,3,4,3,3,1","0.00211596488952637","louvain","graph_2024M12.graphml"
"0.12","0.19","0.69","0.120997138568693","1,2,3,2,2,3,3,3,2,4,3,3,3,1,4,3,1","0.00100803375244141","louvain","graph_2024M12.graphml"
"0.11","0.2","0.69","0.120557001972387","1,2,3,2,3,3,3,3,2,3,3,3,3,1,3,3,1","0.00137495994567871","louvain","graph_2024M12.graphml"
"0.1","0.21","0.69","0.120952553916958","1,2,3,2,2,3,3,3,2,4,4,3,3,1,3,3,1","0.00188493728637695","louvain","graph_2024M12.graphml"
"0.09","0.22","0.69","0.121413315999629","1,2,3,2,2,3,3,3,2,4,4,3,3,1,3,3,1","0.00103402137756348","louvain","graph_2024M12.graphml"
"0.08","0.23","0.69","0.120742112367396","1,2,3,2,2,3,3,3,2,4,4,3,3,1,3,3,1","0.00101613998413086","louvain","graph_2024M12.graphml"
"0.07","0.24","0.69","0.120742112367396","1,2,3,2,2,3,3,3,2,4,4,3,3,1,3,3,1","0.00109004974365234","louvain","graph_2024M12.graphml"
"0.06","0.25","0.69","0.120821514060493","1,2,3,2,2,3,3,3,2,4,4,3,3,1,3,3,1","0.000733137130737305","louvain","graph_2024M12.graphml"
"0.05","0.26","0.69","0.119104069549762","1,2,3,1,3,3,3,3,2,3,3,3,3,3,3,3,1","0.00111794471740723","louvain","graph_2024M12.graphml"
"0.04","0.27","0.69","0.120337949575484","1,2,3,1,4,3,3,3,2,4,4,3,3,4,3,3,1","0.00115299224853516","louvain","graph_2024M12.graphml"
"0.03","0.28","0.69","0.121194721270632","1,2,3,2,2,3,3,3,2,4,4,3,3,1,3,3,1","0.00289416313171387","louvain","graph_2024M12.graphml"
"0.02","0.29","0.69","0.120302520151005","1,2,3,1,4,3,3,3,2,4,4,3,3,4,3,3,1","0.00104904174804688","louvain","graph_2024M12.graphml"
"0.01","0.3","0.69","0.120118711791103","1,2,3,2,3,3,3,3,2,3,3,3,3,1,3,3,1","0.00109696388244629","louvain","graph_2024M12.graphml"
"0","0.31","0.69","0.121381710787866","1,2,3,2,2,3,3,3,2,4,4,3,3,1,3,3,1","0.00128316879272461","louvain","graph_2024M12.graphml"
"0.3","0","0.7","0.11975745072905","1,2,3,1,3,3,3,3,2,3,3,3,3,3,2,3,1","0.00107693672180176","louvain","graph_2024M12.graphml"
"0.29","0.01","0.7","0.119445429362881","1,2,3,1,3,3,3,3,2,3,3,3,3,3,2,3,1","0.00100088119506836","louvain","graph_2024M12.graphml"
"0.28","0.02","0.7","0.120717498190204","1,2,3,1,4,3,3,3,2,4,4,3,3,4,3,3,1","0.000951051712036133","louvain","graph_2024M12.graphml"
"0.27","0.03","0.7","0.12124031886193","1,2,3,2,3,3,3,3,2,3,3,3,3,3,2,3,1","0.000918865203857422","louvain","graph_2024M12.graphml"
"0.26","0.04","0.7","0.120875108506944","1,2,3,2,3,3,3,3,2,4,3,3,3,1,4,3,1","0.000974893569946289","louvain","graph_2024M12.graphml"
"0.25","0.05","0.7","0.121041643882489","1,2,3,2,4,3,3,3,2,4,4,3,3,4,3,3,1","0.00194716453552246","louvain","graph_2024M12.graphml"
"0.24","0.06","0.7","0.121750349645071","1,2,3,2,3,3,3,3,2,4,3,3,3,1,4,3,1","0.000935077667236328","louvain","graph_2024M12.graphml"
"0.23","0.07","0.7","0.121531245157625","1,2,3,2,4,3,3,3,2,4,4,3,3,4,3,3,1","0.00196385383605957","louvain","graph_2024M12.graphml"
"0.22","0.08","0.7","0.121061505006846","1,2,3,2,3,3,3,3,2,3,3,3,3,3,3,3,1","0.0010068416595459","louvain","graph_2024M12.graphml"
"0.21","0.09","0.7","0.121445396053822","1,2,3,2,4,3,3,3,2,4,4,3,3,4,3,3,1","0.00124716758728027","louvain","graph_2024M12.graphml"
"0.2","0.1","0.7","0.121314410289671","1,2,3,2,4,3,3,3,2,4,4,3,3,4,3,3,1","0.000973939895629883","louvain","graph_2024M12.graphml"
"0.19","0.11","0.7","0.11936848312706","1,2,3,2,3,3,3,3,2,3,3,3,3,3,3,3,1","0.00229597091674805","louvain","graph_2024M12.graphml"
"0.18","0.12","0.7","0.120557001972387","1,2,3,2,3,3,3,3,2,3,3,3,3,1,3,3,1","0.000871896743774414","louvain","graph_2024M12.graphml"
"0.17","0.13","0.7","0.119979529192334","1,2,3,2,3,3,3,3,2,3,3,3,3,1,3,3,1","0.000986099243164062","louvain","graph_2024M12.graphml"
"0.16","0.14","0.7","0.121317326783808","1,2,3,2,2,3,3,3,2,4,3,3,3,1,4,3,1","0.00196385383605957","louvain","graph_2024M12.graphml"
"0.15","0.15","0.7","0.121268742190754","1,2,3,2,2,3,3,3,2,4,4,3,3,1,3,3,1","0.00110101699829102","louvain","graph_2024M12.graphml"
"0.14","0.16","0.7","0.120555072368893","1,2,3,2,2,3,3,3,2,4,3,3,3,1,4,3,1","0.000939130783081055","louvain","graph_2024M12.graphml"
"0.13","0.17","0.7","0.12015293637211","1,2,3,2,3,3,3,3,2,4,3,3,3,1,3,3,1","0.00104808807373047","louvain","graph_2024M12.graphml"
"0.12","0.18","0.7","0.120425674456956","1,2,3,1,4,3,3,3,2,4,4,3,3,4,3,3,1","0.000967979431152344","louvain","graph_2024M12.graphml"
"0.11","0.19","0.7","0.119896090911709","1,2,3,1,4,3,3,3,2,4,4,3,3,4,3,3,1","0.00113892555236816","louvain","graph_2024M12.graphml"
"0.1","0.2","0.7","0.119367378760769","1,2,3,1,4,3,3,3,2,4,4,3,3,4,3,3,1","0.000957012176513672","louvain","graph_2024M12.graphml"
"0.09","0.21","0.7","0.119504642063712","1,2,3,2,2,3,3,3,2,4,4,3,3,1,3,3,1","0.00105905532836914","louvain","graph_2024M12.graphml"
"0.08","0.22","0.7","0.120796553441111","1,2,3,2,2,3,3,3,2,4,4,3,3,1,3,3,1","0.00111699104309082","louvain","graph_2024M12.graphml"
"0.07","0.23","0.7","0.120133989284508","1,2,3,2,2,3,3,3,2,4,4,3,3,1,3,3,1","0.000953912734985352","louvain","graph_2024M12.graphml"
"0.06","0.24","0.7","0.118745167180143","1,2,3,2,3,3,3,3,2,3,3,3,3,1,3,3,1","0.000967979431152344","louvain","graph_2024M12.graphml"
"0.05","0.25","0.7","0.11929648241206","1,2,2,1,2,2,2,2,3,2,2,2,2,2,3,2,1","0.00113105773925781","louvain","graph_2024M12.graphml"
"0.04","0.26","0.7","0.119924970498255","1,2,3,2,3,3,3,3,2,3,3,3,3,1,3,3,1","0.000951051712036133","louvain","graph_2024M12.graphml"
"0.03","0.27","0.7","0.120327534741949","1,2,3,2,2,3,3,3,2,4,4,3,3,1,3,3,1","0.00103902816772461","louvain","graph_2024M12.graphml"
"0.02","0.28","0.7","0.1200565","1,2,3,1,3,3,3,3,2,3,3,3,3,3,2,3,1","0.00100493431091309","louvain","graph_2024M12.graphml"
"0.01","0.29","0.7","0.118925874420607","1,2,3,2,3,3,3,3,2,3,3,3,3,1,3,2,1","0.00119400024414062","louvain","graph_2024M12.graphml"
"0","0.3","0.7","0.119526376565451","1,2,3,2,3,3,3,3,2,3,3,3,3,1,3,2,1","0.000993013381958008","louvain","graph_2024M12.graphml"
"0.29","0","0.71","0.121191202802982","1,2,3,2,3,3,3,3,2,4,3,3,3,1,4,3,1","0.000872135162353516","louvain","graph_2024M12.graphml"
"0.28","0.01","0.71","0.12092190394373","1,2,3,2,3,4,3,3,2,3,3,4,3,3,3,3,1","0.000923871994018555","louvain","graph_2024M12.graphml"
"0.27","0.02","0.71","0.119435738012548","1,2,3,2,4,3,3,3,2,4,4,3,3,4,3,3,1","0.000926017761230469","louvain","graph_2024M12.graphml"
"0.26","0.03","0.71","0.120022888270663","1,2,3,2,3,4,3,3,2,3,3,4,3,3,3,3,1","0.000840902328491211","louvain","graph_2024M12.graphml"
"0.25","0.04","0.71","0.120599129734493","1,2,3,2,2,3,3,3,2,4,4,3,3,1,3,3,1","0.000912904739379883","louvain","graph_2024M12.graphml"
"0.24","0.05","0.71","0.120599129734493","1,2,3,2,2,3,3,3,2,4,4,3,3,1,3,3,1","0.000937938690185547","louvain","graph_2024M12.graphml"
"0.23","0.06","0.71","0.120116489141481","1,2,3,2,2,3,3,3,2,4,3,3,3,1,4,3,1","0.000998020172119141","louvain","graph_2024M12.graphml"
"0.22","0.07","0.71","0.120327177155401","1,2,3,2,3,3,3,3,2,4,3,3,3,1,3,3,1","0.00119805335998535","louvain","graph_2024M12.graphml"
"0.21","0.08","0.71","0.120703352769679","1,2,3,2,3,3,3,3,2,4,3,3,3,1,3,3,1","0.000999927520751953","louvain","graph_2024M12.graphml"
"0.2","0.09","0.71","0.120742112367396","1,2,3,2,2,3,3,3,2,4,4,3,3,1,3,3,1","0.000886917114257812","louvain","graph_2024M12.graphml"
"0.19","0.1","0.71","0.119380951247505","1,2,3,1,3,3,3,3,2,4,3,3,3,3,2,3,1","0.000976085662841797","louvain","graph_2024M12.graphml"
"0.18","0.11","0.71","0.117819194708977","1,2,3,3,3,3,3,3,2,4,3,3,3,1,2,3,1","0.000943899154663086","louvain","graph_2024M12.graphml"
"0.17","0.12","0.71","0.119058253700274","1,2,3,2,2,3,3,3,2,4,4,3,3,1,3,3,1","0.00251007080078125","louvain","graph_2024M12.graphml"
"0.16","0.13","0.71","0.118274045632612","1,2,3,2,3,3,3,3,2,4,3,3,3,1,3,3,1","0.0019080638885498","louvain","graph_2024M12.graphml"
"0.15","0.14","0.71","0.118694415108151","1,2,3,2,2,3,3,3,2,4,4,3,3,1,3,3,1","0.000931978225708008","louvain","graph_2024M12.graphml"
"0.14","0.15","0.71","0.119228139985716","1,2,3,2,2,3,3,3,2,4,4,3,3,1,3,3,1","0.00172615051269531","louvain","graph_2024M12.graphml"
"0.13","0.16","0.71","0.119578096546566","1,2,3,2,2,3,3,3,2,4,4,3,3,1,3,3,1","0.00139093399047852","louvain","graph_2024M12.graphml"
"0.12","0.17","0.71","0.119281597567667","1,2,3,2,2,3,3,3,2,4,4,3,3,1,3,3,1","0.00180506706237793","louvain","graph_2024M12.graphml"
"0.11","0.18","0.71","0.11920961591879","1,2,3,2,2,3,3,3,2,4,4,3,3,1,3,3,1","0.00154304504394531","louvain","graph_2024M12.graphml"
"0.1","0.19","0.71","0.119444592553991","1,2,3,2,2,3,3,3,2,4,4,3,3,1,3,3,1","0.00096583366394043","louvain","graph_2024M12.graphml"
"0.09","0.2","0.71","0.119571306942542","1,2,3,2,3,4,3,3,2,3,3,4,3,3,3,3,1","0.0009918212890625","louvain","graph_2024M12.graphml"
"0.08","0.21","0.71","0.1190965","1,2,3,2,3,3,3,3,2,3,3,3,3,1,3,3,1","0.00103998184204102","louvain","graph_2024M12.graphml"
"0.07","0.22","0.71","0.118608591200832","1,2,3,2,3,3,3,3,2,3,3,3,3,1,3,2,1","0.00102806091308594","louvain","graph_2024M12.graphml"
"0.06","0.23","0.71","0.118988638895077","1,2,3,2,3,3,3,3,2,3,3,3,3,1,3,2,1","0.00102782249450684","louvain","graph_2024M12.graphml"
"0.05","0.24","0.71","0.118322371931433","1,2,3,2,3,4,3,3,2,3,3,4,3,3,3,3,1","0.00105690956115723","louvain","graph_2024M12.graphml"
"0.04","0.25","0.71","0.118477504752795","1,2,3,2,2,3,3,3,2,4,4,3,3,1,3,3,1","0.00227594375610352","louvain","graph_2024M12.graphml"
"0.03","0.26","0.71","0.118868988567649","1,2,3,2,2,3,3,3,2,4,4,3,3,1,3,3,1","0.00106191635131836","louvain","graph_2024M12.graphml"
"0.02","0.27","0.71","0.119990687187531","1,2,3,2,3,3,3,3,2,3,3,3,3,1,3,2,1","0.0010991096496582","louvain","graph_2024M12.graphml"
"0.01","0.28","0.71","0.119587027088131","1,2,3,2,3,3,3,3,2,3,3,3,3,1,3,2,1","0.000957012176513672","louvain","graph_2024M12.graphml"
"0","0.29","0.71","0.119383144458735","1,2,2,3,3,3,3,3,2,3,3,3,3,1,3,2,1","0.00106406211853027","louvain","graph_2024M12.graphml"
"0.28","0","0.72","0.120820686928043","1,2,3,2,2,3,3,3,2,4,4,3,3,1,3,3,1","0.000945091247558594","louvain","graph_2024M12.graphml"
"0.27","0.01","0.72","0.120406601416077","1,2,3,2,2,3,3,3,2,4,4,3,3,1,3,3,1","0.000977993011474609","louvain","graph_2024M12.graphml"
"0.26","0.02","0.72","0.119514291877004","1,2,3,2,2,3,3,3,2,4,4,3,3,1,3,3,1","0.000917196273803711","louvain","graph_2024M12.graphml"
"0.25","0.03","0.72","0.118214331727177","1,2,3,2,2,3,3,3,2,4,4,3,3,1,3,3,1","0.00101304054260254","louvain","graph_2024M12.graphml"
"0.24","0.04","0.72","0.118274045632612","1,2,3,2,3,3,3,3,2,4,3,3,3,1,3,3,1","0.000908851623535156","louvain","graph_2024M12.graphml"
"0.23","0.05","0.72","0.11795779867726","1,2,3,2,3,3,3,3,2,4,3,3,3,1,3,3,1","0.00103116035461426","louvain","graph_2024M12.graphml"
"0.22","0.06","0.72","0.118694415108151","1,2,3,2,2,3,3,3,2,4,4,3,3,1,3,3,1","0.00185799598693848","louvain","graph_2024M12.graphml"
"0.21","0.07","0.72","0.118287419651056","1,2,3,2,2,3,3,3,2,4,4,3,3,1,3,3,1","0.00104498863220215","louvain","graph_2024M12.graphml"
"0.2","0.08","0.72","0.11882166542271","1,2,3,2,2,3,3,3,2,4,4,3,3,1,3,3,1","0.000946998596191406","louvain","graph_2024M12.graphml"
"0.19","0.09","0.72","0.117567048484651","1,2,3,2,3,3,3,3,2,4,3,3,3,1,3,3,1","0.00111889839172363","louvain","graph_2024M12.graphml"
"0.18","0.1","0.72","0.118938915683947","1,2,3,2,3,4,3,3,2,3,3,4,3,3,3,3,1","0.000965118408203125","louvain","graph_2024M12.graphml"
"0.17","0.11","0.72","0.118471879485815","1,2,3,2,3,3,3,3,2,3,3,3,3,1,3,3,1","0.00091099739074707","louvain","graph_2024M12.graphml"
"0.16","0.12","0.72","0.118928739242011","1,2,3,2,2,3,3,3,2,4,4,3,3,1,3,3,1","0.00102591514587402","louvain","graph_2024M12.graphml"
"0.15","0.13","0.72","0.118538178561532","1,2,3,2,3,3,3,3,2,3,3,3,3,1,3,3,1","0.000983953475952148","louvain","graph_2024M12.graphml"
"0.14","0.14","0.72","0.117994051816527","1,2,3,2,3,3,3,3,2,3,3,3,3,1,3,3,1","0.00106096267700195","louvain","graph_2024M12.graphml"
"0.13","0.15","0.72","0.11864406779661","1,2,3,2,2,3,3,3,2,4,4,3,3,1,3,3,1","0.000655174255371094","louvain","graph_2024M12.graphml"
"0.12","0.16","0.72","0.118558529538475","1,2,3,2,3,3,3,3,2,3,3,3,3,1,3,2,1","0.000928878784179688","louvain","graph_2024M12.graphml"
"0.11","0.17","0.72","0.117813340380987","1,2,3,2,3,3,3,3,2,3,3,3,3,1,3,3,1","0.00105190277099609","louvain","graph_2024M12.graphml"
"0.1","0.18","0.72","0.118122003966278","1,2,3,2,2,3,3,3,2,4,4,3,3,1,3,3,1","0.000982046127319336","louvain","graph_2024M12.graphml"
"0.09","0.19","0.72","0.118559952916352","1,2,3,2,2,3,3,3,2,4,4,3,3,1,3,3,1","0.00104212760925293","louvain","graph_2024M12.graphml"
"0.08","0.2","0.72","0.119120455717165","1,2,2,1,3,3,3,3,2,3,3,3,3,3,3,2,1","0.00183010101318359","louvain","graph_2024M12.graphml"
"0.07","0.21","0.72","0.118984202480041","1,2,2,1,3,3,3,3,2,3,3,3,3,3,3,2,1","0.000931024551391602","louvain","graph_2024M12.graphml"
"0.06","0.22","0.72","0.11884842519685","1,2,2,3,3,3,3,3,2,3,3,3,3,1,3,2,1","0.00111508369445801","louvain","graph_2024M12.graphml"
"0.05","0.23","0.72","0.118730354862132","1,2,3,1,4,3,3,3,2,3,3,4,3,3,3,3,1","0.000937938690185547","louvain","graph_2024M12.graphml"
"0.04","0.24","0.72","0.119512206843522","1,2,2,3,3,3,3,3,2,3,3,3,3,1,3,2,1","0.000982999801635742","louvain","graph_2024M12.graphml"
"0.03","0.25","0.72","0.119563148788927","1,2,3,2,2,4,2,2,3,2,2,4,2,2,3,2,1","0.00112295150756836","louvain","graph_2024M12.graphml"
"0.02","0.26","0.72","0.118581291411217","1,2,3,3,3,3,3,3,2,4,4,3,3,1,3,3,4","0.00113916397094727","louvain","graph_2024M12.graphml"
"0.01","0.27","0.72","0.119159621950276","1,2,2,3,3,3,3,3,2,4,3,3,3,1,3,2,4","0.00103282928466797","louvain","graph_2024M12.graphml"
"0","0.28","0.72","0.118651417910164","1,2,3,2,2,3,3,3,2,4,3,3,3,1,4,3,4","0.00197911262512207","louvain","graph_2024M12.graphml"
"0.27","0","0.73","0.119268157355619","1,2,3,2,2,3,3,3,2,4,4,3,3,1,3,3,1","0.00124216079711914","louvain","graph_2024M12.graphml"
"0.26","0.01","0.73","0.117647535110057","1,2,3,2,3,3,3,3,2,4,3,3,3,1,3,3,1","0.000914096832275391","louvain","graph_2024M12.graphml"
"0.25","0.02","0.73","0.118453679825431","1,2,3,2,2,3,3,3,2,4,4,3,3,1,3,3,1","0.00110483169555664","louvain","graph_2024M12.graphml"
"0.24","0.03","0.73","0.117543496376354","1,2,3,2,3,4,3,3,2,3,3,4,3,3,3,3,1","0.000964879989624023","louvain","graph_2024M12.graphml"
"0.23","0.04","0.73","0.119007976788943","1,2,3,2,3,4,3,3,2,3,3,4,3,3,3,3,1","0.00176000595092773","louvain","graph_2024M12.graphml"
"0.22","0.05","0.73","0.119314781868346","1,2,3,2,3,4,3,3,2,3,3,4,3,3,3,3,1","0.000997066497802734","louvain","graph_2024M12.graphml"
"0.21","0.06","0.73","0.1174345","1,2,3,2,3,3,3,3,2,3,3,3,3,1,3,3,1","0.0010230541229248","louvain","graph_2024M12.graphml"
"0.2","0.07","0.73","0.118535809844501","1,2,3,2,3,4,3,3,2,3,3,4,3,3,3,3,1","0.00117897987365723","louvain","graph_2024M12.graphml"
"0.19","0.08","0.73","0.118452980905065","1,2,3,2,3,4,3,3,2,3,3,4,3,3,3,3,1","0.00103187561035156","louvain","graph_2024M12.graphml"
"0.18","0.09","0.73","0.11841426589568","1,2,3,2,2,3,3,3,2,4,4,3,3,1,3,3,1","0.00102710723876953","louvain","graph_2024M12.graphml"
"0.17","0.1","0.73","0.118559952916352","1,2,3,2,2,3,3,3,2,4,4,3,3,1,3,3,1","0.00102090835571289","louvain","graph_2024M12.graphml"
"0.16","0.11","0.73","0.118357701877047","1,2,3,2,3,4,3,3,2,3,3,4,3,3,3,3,1","0.00103902816772461","louvain","graph_2024M12.graphml"
"0.15","0.12","0.73","0.118755024017253","1,2,3,2,3,3,3,3,2,3,3,3,3,1,3,2,1","0.00100898742675781","louvain","graph_2024M12.graphml"
"0.14","0.13","0.73","0.117174169167067","1,2,3,2,3,4,3,3,2,3,3,4,3,3,3,3,1","0.000913143157958984","louvain","graph_2024M12.graphml"
"0.13","0.14","0.73","0.118161809616065","1,2,2,1,3,3,3,3,2,3,3,3,3,3,3,2,1","0.000910043716430664","louvain","graph_2024M12.graphml"
"0.12","0.15","0.73","0.118754042632185","1,2,2,1,3,3,3,3,2,3,3,3,3,3,3,2,1","0.000905990600585938","louvain","graph_2024M12.graphml"
"0.11","0.16","0.73","0.11886087786425","1,2,3,2,4,3,3,3,2,3,3,4,3,1,3,3,1","0.00103902816772461","louvain","graph_2024M12.graphml"
"0.1","0.17","0.73","0.119324107896965","1,2,2,2,3,3,3,3,2,3,3,3,3,1,3,2,1","0.000984907150268555","louvain","graph_2024M12.graphml"
"0.09","0.18","0.73","0.118713475586313","1,2,3,3,4,3,3,3,2,3,3,4,3,1,3,3,1","0.00100493431091309","louvain","graph_2024M12.graphml"
"0.08","0.19","0.73","0.119091152400951","1,2,2,3,3,3,3,3,2,3,3,3,3,1,3,2,1","0.00114107131958008","louvain","graph_2024M12.graphml"
"0.07","0.2","0.73","0.118394765020821","1,2,3,3,4,3,3,3,2,3,3,4,3,1,3,3,1","0.000978946685791016","louvain","graph_2024M12.graphml"
"0.06","0.21","0.73","0.118374979575862","1,2,3,3,4,3,3,3,2,3,3,4,3,1,3,3,1","0.00100207328796387","louvain","graph_2024M12.graphml"
"0.05","0.22","0.73","0.118320773213826","1,2,2,3,3,3,3,3,2,4,3,3,3,1,4,2,4","0.00110292434692383","louvain","graph_2024M12.graphml"
"0.04","0.23","0.73","0.1175902535583","1,2,2,3,3,3,3,3,2,4,3,3,3,1,4,2,4","0.00102806091308594","louvain","graph_2024M12.graphml"
"0.03","0.24","0.73","0.118015650351541","1,2,2,3,3,3,3,3,2,4,3,3,3,1,4,2,4","0.000973939895629883","louvain","graph_2024M12.graphml"
"0.02","0.25","0.73","0.118696985733665","1,2,3,3,4,3,3,3,2,5,3,4,3,1,3,3,5","0.000958919525146484","louvain","graph_2024M12.graphml"
"0.01","0.26","0.73","0.11922200399517","1,2,3,2,2,3,3,3,2,4,3,3,3,1,4,3,4","0.00132989883422852","louvain","graph_2024M12.graphml"
"0","0.27","0.73","0.118896666555292","1,2,2,3,3,3,3,3,2,4,3,3,3,1,2,3,4","0.00105190277099609","louvain","graph_2024M12.graphml"
"0.26","0","0.74","0.118247038856419","1,2,3,2,2,3,3,3,2,4,4,3,3,1,3,3,1","0.00182199478149414","louvain","graph_2024M12.graphml"
"0.25","0.01","0.74","0.117971593895869","1,2,3,2,2,3,3,3,2,4,3,3,3,1,4,3,1","0.000916004180908203","louvain","graph_2024M12.graphml"
"0.24","0.02","0.74","0.117922188538748","1,2,3,2,4,3,3,3,2,4,3,3,3,1,3,3,1","0.00116991996765137","louvain","graph_2024M12.graphml"
"0.23","0.03","0.74","0.117951831753021","1,2,3,2,3,3,3,3,2,3,3,3,3,1,3,2,1","0.00178003311157227","louvain","graph_2024M12.graphml"
"0.22","0.04","0.74","0.117099228843285","1,2,3,2,3,4,3,3,2,3,3,4,3,3,3,3,1","0.000988960266113281","louvain","graph_2024M12.graphml"
"0.21","0.05","0.74","0.117507934852836","1,2,3,2,3,3,3,3,2,3,3,3,3,1,3,2,1","0.000931978225708008","louvain","graph_2024M12.graphml"
"0.2","0.06","0.74","0.117350680220503","1,2,3,1,3,3,3,3,2,3,3,3,3,3,2,3,1","0.00102806091308594","louvain","graph_2024M12.graphml"
"0.19","0.07","0.74","0.117626732024558","1,2,2,1,3,3,3,3,2,3,3,3,3,3,3,2,1","0.000921964645385742","louvain","graph_2024M12.graphml"
"0.18","0.08","0.74","0.117300104346138","1,2,2,2,3,3,3,3,2,3,3,3,3,1,3,2,1","0.000991106033325195","louvain","graph_2024M12.graphml"
"0.17","0.09","0.74","0.119042163263846","1,2,2,1,3,3,3,3,2,3,3,3,3,3,3,2,1","0.00110507011413574","louvain","graph_2024M12.graphml"
"0.16","0.1","0.74","0.119042163263846","1,2,2,1,3,3,3,3,2,3,3,3,3,3,3,2,1","0.00211596488952637","louvain","graph_2024M12.graphml"
"0.15","0.11","0.74","0.118202373083944","1,2,3,2,3,3,3,3,2,3,3,3,3,1,3,3,1","0.000953912734985352","louvain","graph_2024M12.graphml"
"0.14","0.12","0.74","0.118053029055495","1,2,3,3,4,3,3,3,2,3,3,4,3,1,3,3,1","0.00101304054260254","louvain","graph_2024M12.graphml"
"0.13","0.13","0.74","0.118880748748779","1,2,2,3,3,3,3,3,2,3,3,3,3,1,3,2,1","0.00226116180419922","louvain","graph_2024M12.graphml"
"0.12","0.14","0.74","0.1167159041015","1,2,3,3,4,3,3,3,2,3,3,4,3,1,3,3,1","0.000996828079223633","louvain","graph_2024M12.graphml"
"0.11","0.15","0.74","0.116578222228951","1,2,3,3,4,3,3,3,2,5,3,4,3,1,3,3,5","0.000993967056274414","louvain","graph_2024M12.graphml"
"0.1","0.16","0.74","0.117259240931699","1,2,2,3,3,3,3,3,2,4,3,3,3,1,4,2,4","0.000992059707641602","louvain","graph_2024M12.graphml"
"0.09","0.17","0.74","0.117511850468968","1,2,3,2,2,3,3,3,2,4,3,3,3,1,4,3,4","0.000955820083618164","louvain","graph_2024M12.graphml"
"0.08","0.18","0.74","0.118214660785549","1,2,3,3,3,3,3,3,2,4,3,3,3,1,2,3,4","0.00127792358398438","louvain","graph_2024M12.graphml"
"0.07","0.19","0.74","0.118188268399033","1,2,3,3,4,3,3,3,2,5,3,4,3,1,3,3,5","0.00132918357849121","louvain","graph_2024M12.graphml"
"0.06","0.2","0.74","0.11864799295243","1,2,3,3,3,3,3,3,2,4,3,3,3,1,3,3,4","0.00219416618347168","louvain","graph_2024M12.graphml"
"0.05","0.21","0.74","0.119192862426035","1,2,3,3,3,3,3,3,2,4,3,3,3,1,3,3,4","0.00100016593933105","louvain","graph_2024M12.graphml"
"0.04","0.22","0.74","0.118918297912393","1,2,3,3,3,3,3,3,2,4,3,3,3,1,3,3,4","0.00101518630981445","louvain","graph_2024M12.graphml"
"0.03","0.23","0.74","0.120146058927222","1,2,3,3,3,3,3,3,2,4,3,3,3,1,1,3,4","0.000983953475952148","louvain","graph_2024M12.graphml"
"0.02","0.24","0.74","0.119622142441935","1,2,3,3,3,3,3,3,2,4,3,3,3,1,1,3,4","0.00101900100708008","louvain","graph_2024M12.graphml"
"0.01","0.25","0.74","0.120213449460697","1,2,3,2,3,3,3,3,2,4,3,3,3,1,1,3,4","0.000972986221313477","louvain","graph_2024M12.graphml"
"0","0.26","0.74","0.11984716553288","1,2,3,2,2,3,3,3,2,4,3,3,3,1,1,2,4","0.00118803977966309","louvain","graph_2024M12.graphml"
"0.25","0","0.75","0.116977210570747","1,2,3,2,3,3,3,3,2,3,3,3,3,1,3,2,1","0.00182700157165527","louvain","graph_2024M12.graphml"
"0.24","0.01","0.75","0.116454936607417","1,2,3,2,2,3,3,3,2,4,4,3,3,1,3,3,1","0.00102090835571289","louvain","graph_2024M12.graphml"
"0.23","0.02","0.75","0.117466641706648","1,2,3,2,2,3,3,3,2,4,3,3,3,1,4,3,1","0.00113892555236816","louvain","graph_2024M12.graphml"
"0.22","0.03","0.75","0.118292964244521","1,2,3,2,3,3,3,3,2,3,3,3,3,1,3,2,1","0.00123906135559082","louvain","graph_2024M12.graphml"
"0.21","0.04","0.75","0.11795799692426","1,2,3,1,3,3,3,3,2,3,3,3,3,3,2,3,1","0.00152111053466797","louvain","graph_2024M12.graphml"
"0.2","0.05","0.75","0.118078879140322","1,2,3,2,3,3,3,3,2,3,3,3,3,1,3,2,1","0.00142717361450195","louvain","graph_2024M12.graphml"
"0.19","0.06","0.75","0.117269226238653","1,2,3,3,4,3,3,3,2,3,3,4,3,1,3,3,1","0.00110101699829102","louvain","graph_2024M12.graphml"
"0.18","0.07","0.75","0.117629998183167","1,2,3,2,2,3,3,3,2,4,3,3,3,1,4,3,1","0.000969886779785156","louvain","graph_2024M12.graphml"
"0.17","0.08","0.75","0.116372096436276","1,2,3,3,3,3,3,3,2,4,3,3,3,1,2,3,4","0.00108098983764648","louvain","graph_2024M12.graphml"
"0.16","0.09","0.75","0.116118559382705","1,2,3,3,4,3,3,3,2,5,3,4,3,1,3,3,5","0.00226902961730957","louvain","graph_2024M12.graphml"
"0.15","0.1","0.75","0.117108788489058","1,2,3,2,2,3,3,3,2,4,3,3,3,1,4,3,4","0.00100016593933105","louvain","graph_2024M12.graphml"
"0.14","0.11","0.75","0.117108788489058","1,2,3,2,2,3,3,3,2,4,3,3,3,1,4,3,4","0.001068115234375","louvain","graph_2024M12.graphml"
"0.13","0.12","0.75","0.117400046212788","1,2,3,3,4,3,3,3,2,5,3,4,3,1,3,3,5","0.00130105018615723","louvain","graph_2024M12.graphml"
"0.12","0.13","0.75","0.118517842635762","1,2,3,2,2,3,3,3,2,4,3,3,3,1,3,2,4","0.000989913940429688","louvain","graph_2024M12.graphml"
"0.11","0.14","0.75","0.118553338113338","1,2,3,2,2,3,3,3,2,4,3,3,3,1,3,2,4","0.00114107131958008","louvain","graph_2024M12.graphml"
"0.1","0.15","0.75","0.118120713444605","1,2,3,3,3,3,3,3,2,4,3,3,3,1,1,3,4","0.00190114974975586","louvain","graph_2024M12.graphml"
"0.09","0.16","0.75","0.118169455827476","1,2,3,3,3,3,3,3,2,4,3,3,3,1,1,3,4","0.00113201141357422","louvain","graph_2024M12.graphml"
"0.08","0.17","0.75","0.119332171146196","1,2,3,2,3,3,3,3,2,4,3,3,3,1,1,3,4","0.00203704833984375","louvain","graph_2024M12.graphml"
"0.07","0.18","0.75","0.11933876832173","1,2,3,2,3,3,3,3,2,4,3,3,3,1,1,3,4","0.00100111961364746","louvain","graph_2024M12.graphml"
"0.06","0.19","0.75","0.11933876832173","1,2,3,2,3,3,3,3,2,4,3,3,3,1,1,3,4","0.00103402137756348","louvain","graph_2024M12.graphml"
"0.05","0.2","0.75","0.118826303854875","1,2,3,2,3,3,3,3,2,4,3,3,3,1,1,3,4","0.00119400024414062","louvain","graph_2024M12.graphml"
"0.04","0.21","0.75","0.118302183781752","1,2,3,2,2,3,3,3,2,4,3,3,3,3,1,2,4","0.00105190277099609","louvain","graph_2024M12.graphml"
"0.03","0.22","0.75","0.11904629276072","1,2,3,2,2,3,3,3,2,4,3,3,3,3,1,2,4","0.00115585327148438","louvain","graph_2024M12.graphml"
"0.02","0.23","0.75","0.118914848074442","1,2,3,2,3,3,3,3,2,4,3,3,3,3,1,3,4","0.000998020172119141","louvain","graph_2024M12.graphml"
"0.01","0.24","0.75","0.118914848074442","1,2,3,2,3,3,3,3,2,4,3,3,3,3,1,3,4","0.000742912292480469","louvain","graph_2024M12.graphml"
"0","0.25","0.75","0.119098842534618","1,2,3,2,2,3,3,3,2,4,3,3,3,1,1,2,4","0.00100302696228027","louvain","graph_2024M12.graphml"
"0.24","0","0.76","0.1167159041015","1,2,3,3,4,3,3,3,2,3,3,4,3,1,3,3,1","0.00101399421691895","louvain","graph_2024M12.graphml"
"0.23","0.01","0.76","0.116689135349274","1,2,3,2,2,3,3,3,2,4,3,3,3,1,4,3,4","0.00162506103515625","louvain","graph_2024M12.graphml"
"0.22","0.02","0.76","0.117218015744246","1,2,3,2,2,3,3,3,2,4,3,3,3,1,4,3,4","0.0010991096496582","louvain","graph_2024M12.graphml"
"0.21","0.03","0.76","0.117209743012245","1,2,3,3,3,3,3,3,2,4,3,3,3,1,2,3,4","0.00205111503601074","louvain","graph_2024M12.graphml"
"0.2","0.04","0.76","0.116539475833742","1,2,3,3,2,3,3,3,2,4,3,3,3,1,3,3,4","0.00092315673828125","louvain","graph_2024M12.graphml"
"0.19","0.05","0.76","0.117151796288253","1,2,3,2,2,3,3,3,2,4,3,3,3,1,4,3,4","0.00119996070861816","louvain","graph_2024M12.graphml"
"0.18","0.06","0.76","0.11707229410081","1,2,3,3,4,3,3,3,2,5,3,4,3,1,3,3,5","0.000972986221313477","louvain","graph_2024M12.graphml"
"0.17","0.07","0.76","0.117830771715037","1,2,3,3,3,3,3,3,2,4,3,3,3,1,1,3,4","0.00112390518188477","louvain","graph_2024M12.graphml"
"0.16","0.08","0.76","0.118169455827476","1,2,3,3,3,3,3,3,2,4,3,3,3,1,1,3,4","0.000998020172119141","louvain","graph_2024M12.graphml"
"0.15","0.09","0.76","0.118169455827476","1,2,3,3,3,3,3,3,2,4,3,3,3,1,1,3,4","0.000953912734985352","louvain","graph_2024M12.graphml"
"0.14","0.1","0.76","0.118175913534736","1,2,3,3,3,3,3,3,2,4,3,3,3,1,1,3,4","0.00108194351196289","louvain","graph_2024M12.graphml"
"0.13","0.11","0.76","0.11933695080248","1,2,3,3,3,3,3,3,2,4,3,3,3,1,1,3,4","0.00105595588684082","louvain","graph_2024M12.graphml"
"0.12","0.12","0.76","0.119367083679989","1,2,3,2,2,3,3,3,2,4,3,3,3,1,1,2,4","0.00158095359802246","louvain","graph_2024M12.graphml"
"0.11","0.13","0.76","0.119036281271166","1,2,3,2,3,3,3,3,2,4,3,3,3,1,1,3,4","0.00139617919921875","louvain","graph_2024M12.graphml"
"0.1","0.14","0.76","0.119214607007576","1,2,3,2,2,3,3,3,2,4,3,3,3,1,1,2,4","0.00152802467346191","louvain","graph_2024M12.graphml"
"0.09","0.15","0.76","0.118737183922295","1,2,3,2,2,3,3,3,2,4,3,3,3,1,1,2,4","0.00149202346801758","louvain","graph_2024M12.graphml"
"0.08","0.16","0.76","0.118633410466358","1,2,3,2,2,3,3,3,2,4,3,3,3,3,1,2,4","0.00106596946716309","louvain","graph_2024M12.graphml"
"0.07","0.17","0.76","0.11949214607694","1,2,3,2,2,3,3,3,2,4,3,3,3,1,1,2,4","0.00102901458740234","louvain","graph_2024M12.graphml"
"0.06","0.18","0.76","0.119414602466129","1,2,3,2,3,3,3,3,2,4,3,3,3,1,1,3,4","0.00115299224853516","louvain","graph_2024M12.graphml"
"0.05","0.19","0.76","0.119471008851295","1,2,3,2,3,3,3,3,2,4,3,3,3,1,1,3,4","0.000977993011474609","louvain","graph_2024M12.graphml"
"0.04","0.2","0.76","0.120058787445494","1,2,3,1,3,3,3,3,2,4,4,3,3,1,1,3,4","0.00106096267700195","louvain","graph_2024M12.graphml"
"0.03","0.21","0.76","0.11906404892515","1,2,3,1,3,3,3,3,2,4,1,3,3,1,2,3,4","0.00223112106323242","louvain","graph_2024M12.graphml"
"0.02","0.22","0.76","0.119978655819454","1,2,3,1,3,2,3,3,2,4,3,3,3,1,1,3,4","0.00215315818786621","louvain","graph_2024M12.graphml"
"0.01","0.23","0.76","0.120307814292229","1,2,3,1,4,3,3,3,2,4,3,3,3,1,1,3,4","0.00108885765075684","louvain","graph_2024M12.graphml"
"0","0.24","0.76","0.119686130277151","1,2,3,1,4,3,3,3,2,4,3,3,3,1,1,3,4","0.0010378360748291","louvain","graph_2024M12.graphml"
"0.23","0","0.77","0.117340834691211","1,2,3,3,3,3,3,3,2,4,3,3,3,1,1,3,4","0.00107121467590332","louvain","graph_2024M12.graphml"
"0.22","0.01","0.77","0.118169455827476","1,2,3,3,3,3,3,3,2,4,3,3,3,1,1,3,4","0.0010528564453125","louvain","graph_2024M12.graphml"
"0.21","0.02","0.77","0.118158009203086","1,2,3,2,2,3,3,3,2,4,3,3,3,1,1,2,4","0.0010380744934082","louvain","graph_2024M12.graphml"
"0.2","0.03","0.77","0.118201456109191","1,2,3,3,2,3,3,3,2,4,3,3,3,2,1,2,4","0.00114798545837402","louvain","graph_2024M12.graphml"
"0.19","0.04","0.77","0.118815419501134","1,2,3,3,3,3,3,3,2,4,3,3,3,1,1,3,4","0.00101804733276367","louvain","graph_2024M12.graphml"
"0.18","0.05","0.77","0.118815419501134","1,2,3,3,3,3,3,3,2,4,3,3,3,1,1,3,4","0.000999927520751953","louvain","graph_2024M12.graphml"
"0.17","0.06","0.77","0.117796994676669","1,2,3,2,2,3,3,3,2,4,3,3,3,1,1,2,4","0.00133609771728516","louvain","graph_2024M12.graphml"
"0.16","0.07","0.77","0.118522293288963","1,2,3,2,3,3,3,3,2,4,3,3,3,1,1,3,4","0.00102114677429199","louvain","graph_2024M12.graphml"
"0.15","0.08","0.77","0.118522293288963","1,2,3,2,3,3,3,3,2,4,3,3,3,1,1,3,4","0.000966072082519531","louvain","graph_2024M12.graphml"
"0.14","0.09","0.77","0.119308027767889","1,2,3,2,2,3,3,3,2,4,3,3,3,1,1,2,4","0.0014040470123291","louvain","graph_2024M12.graphml"
"0.13","0.1","0.77","0.117609350229287","1,2,2,3,3,3,3,3,2,4,3,3,3,1,1,2,4","0.00103497505187988","louvain","graph_2024M12.graphml"
"0.12","0.11","0.77","0.118826758515817","1,2,3,1,3,3,3,3,2,4,3,3,3,3,1,3,4","0.000985145568847656","louvain","graph_2024M12.graphml"
"0.11","0.12","0.77","0.118837318586781","1,2,3,2,2,3,3,3,2,4,3,3,3,1,1,2,4","0.00119996070861816","louvain","graph_2024M12.graphml"
"0.1","0.13","0.77","0.11938629337193","1,2,3,1,3,2,3,3,2,4,3,3,3,1,1,3,4","0.00102710723876953","louvain","graph_2024M12.graphml"
"0.09","0.14","0.77","0.119490497724144","1,2,3,1,3,2,3,3,2,4,3,3,3,1,1,3,4","0.00105881690979004","louvain","graph_2024M12.graphml"
"0.08","0.15","0.77","0.119468685776095","1,2,3,1,3,2,3,3,2,4,3,3,3,1,1,3,4","0.000998020172119141","louvain","graph_2024M12.graphml"
"0.07","0.16","0.77","0.11920397382568","1,2,3,1,3,2,3,3,2,4,3,3,3,1,1,3,4","0.00108194351196289","louvain","graph_2024M12.graphml"
"0.06","0.17","0.77","0.119061530835981","1,2,3,1,3,2,3,3,2,4,3,3,3,1,1,3,4","0.00103211402893066","louvain","graph_2024M12.graphml"
"0.05","0.18","0.77","0.11864167298695","1,2,3,1,3,2,3,3,2,4,3,3,3,3,1,3,4","0.00120091438293457","louvain","graph_2024M12.graphml"
"0.04","0.19","0.77","0.118928986459929","1,2,3,1,3,2,3,3,2,4,3,3,3,3,1,3,4","0.00111699104309082","louvain","graph_2024M12.graphml"
"0.03","0.2","0.77","0.119427467136699","1,2,3,1,3,3,3,3,2,4,4,3,3,1,1,3,4","0.0016329288482666","louvain","graph_2024M12.graphml"
"0.02","0.21","0.77","0.119427467136699","1,2,3,1,3,3,3,3,2,4,4,3,3,1,1,3,4","0.00144314765930176","louvain","graph_2024M12.graphml"
"0.01","0.22","0.77","0.119603245072817","1,2,3,1,3,3,3,3,2,4,4,3,3,1,1,3,4","0.00107192993164062","louvain","graph_2024M12.graphml"
"0","0.23","0.77","0.119603147883175","1,2,3,3,3,2,3,3,2,3,3,3,3,3,1,3,1","0.00102496147155762","louvain","graph_2024M12.graphml"
"0.22","0","0.78","0.117802298323829","1,2,3,2,3,3,3,3,2,4,3,3,3,1,1,3,4","0.000955820083618164","louvain","graph_2024M12.graphml"
"0.21","0.01","0.78","0.118163081892932","1,2,3,2,3,3,3,3,2,4,3,3,3,1,1,3,4","0.000995159149169922","louvain","graph_2024M12.graphml"
"0.2","0.02","0.78","0.118584889151042","1,2,3,2,3,3,3,3,2,4,1,3,3,1,1,3,4","0.00100493431091309","louvain","graph_2024M12.graphml"
"0.19","0.03","0.78","0.11871697365149","1,2,3,2,3,3,3,3,2,4,3,3,3,1,1,3,4","0.00203609466552734","louvain","graph_2024M12.graphml"
"0.18","0.04","0.78","0.119006369988318","1,2,3,2,3,3,3,3,2,4,4,3,3,1,1,3,4","0.00101017951965332","louvain","graph_2024M12.graphml"
"0.17","0.05","0.78","0.118349795310625","1,2,3,1,3,3,3,3,2,4,3,3,3,3,1,3,4","0.00116109848022461","louvain","graph_2024M12.graphml"
"0.16","0.06","0.78","0.11938629337193","1,2,3,1,3,2,3,3,2,4,3,3,3,1,1,3,4","0.00113701820373535","louvain","graph_2024M12.graphml"
"0.15","0.07","0.78","0.118926560063489","1,2,3,1,3,3,3,3,2,4,4,3,3,1,1,3,4","0.000993967056274414","louvain","graph_2024M12.graphml"
"0.14","0.08","0.78","0.119100874227119","1,2,3,1,3,2,3,3,2,4,3,3,3,1,1,3,4","0.00130295753479004","louvain","graph_2024M12.graphml"
"0.13","0.09","0.78","0.117968858438749","1,2,3,1,3,2,3,3,2,4,3,3,3,3,1,3,4","0.00104594230651855","louvain","graph_2024M12.graphml"
"0.12","0.1","0.78","0.117459276406036","1,2,3,3,4,2,3,3,2,4,3,4,3,3,1,3,1","0.00112390518188477","louvain","graph_2024M12.graphml"
"0.11","0.11","0.78","0.117917524005487","1,2,3,3,3,2,3,3,2,4,3,3,3,3,1,3,4","0.00101804733276367","louvain","graph_2024M12.graphml"
"0.1","0.12","0.78","0.117966028303187","1,2,3,3,4,2,3,3,2,4,3,4,3,3,1,3,1","0.000906944274902344","louvain","graph_2024M12.graphml"
"0.09","0.13","0.78","0.118658287357116","1,2,3,1,3,3,3,3,2,4,4,3,3,1,1,3,4","0.000999927520751953","louvain","graph_2024M12.graphml"
"0.08","0.14","0.78","0.11771566631718","1,2,3,3,3,2,3,3,2,4,3,3,3,3,1,3,4","0.000824928283691406","louvain","graph_2024M12.graphml"
"0.07","0.15","0.78","0.118140370981297","1,2,3,1,4,3,3,3,2,4,4,3,3,1,3,4,1","0.000982999801635742","louvain","graph_2024M12.graphml"
"0.06","0.16","0.78","0.119319303593017","1,2,3,1,4,3,3,3,2,4,4,3,3,1,3,4,1","0.00106692314147949","louvain","graph_2024M12.graphml"
"0.05","0.17","0.78","0.118848032309571","1,2,3,1,4,3,3,3,2,4,4,3,3,1,3,4,1","0.000962018966674805","louvain","graph_2024M12.graphml"
"0.04","0.18","0.78","0.118733201132718","1,2,3,1,3,3,3,3,2,4,4,3,3,1,1,3,4","0.00159192085266113","louvain","graph_2024M12.graphml"
"0.03","0.19","0.78","0.119114481850479","1,2,3,1,3,3,3,3,2,4,4,3,3,1,1,3,4","0.00222110748291016","louvain","graph_2024M12.graphml"
"0.02","0.2","0.78","0.119951365949172","1,2,3,1,3,3,3,3,2,4,4,3,3,1,1,3,4","0.00107192993164062","louvain","graph_2024M12.graphml"
"0.01","0.21","0.78","0.119277927406916","1,2,3,3,3,4,3,3,2,4,3,5,3,3,1,3,4","0.00222492218017578","louvain","graph_2024M12.graphml"
"0","0.22","0.78","0.119244966953228","1,2,3,1,3,3,3,3,2,3,3,3,3,1,1,3,1","0.000984907150268555","louvain","graph_2024M12.graphml"
"0.21","0","0.79","0.118779688516488","1,2,3,1,3,2,3,3,2,4,3,3,3,3,1,3,4","0.00181007385253906","louvain","graph_2024M12.graphml"
"0.2","0.01","0.79","0.118330747916695","1,2,3,1,3,2,3,3,2,4,3,3,3,3,1,3,4","0.00203609466552734","louvain","graph_2024M12.graphml"
"0.19","0.02","0.79","0.117592973363025","1,2,3,3,3,2,3,3,2,4,3,3,3,3,1,3,4","0.00112605094909668","louvain","graph_2024M12.graphml"
"0.18","0.03","0.79","0.118027109507396","1,2,3,1,3,2,3,3,2,4,3,3,3,3,1,3,4","0.00121378898620605","louvain","graph_2024M12.graphml"
"0.17","0.04","0.79","0.118534807956104","1,2,3,1,3,2,3,3,2,4,3,3,3,3,1,3,4","0.00103306770324707","louvain","graph_2024M12.graphml"
"0.16","0.05","0.79","0.118343415534148","1,2,3,1,3,2,3,3,2,4,3,3,3,3,1,3,4","0.00104999542236328","louvain","graph_2024M12.graphml"
"0.15","0.06","0.79","0.118004772830165","1,2,3,3,3,2,3,3,2,4,3,3,3,3,1,3,4","0.00106620788574219","louvain","graph_2024M12.graphml"
"0.14","0.07","0.79","0.117359468240991","1,2,3,3,3,2,3,3,2,3,3,3,3,3,1,3,1","0.00106501579284668","louvain","graph_2024M12.graphml"
"0.13","0.08","0.79","0.118301597282935","1,2,3,1,3,2,3,3,2,4,4,3,3,3,1,3,4","0.00121498107910156","louvain","graph_2024M12.graphml"
"0.12","0.09","0.79","0.117380271020958","1,2,3,1,3,2,3,3,2,3,3,3,3,3,1,3,1","0.00214910507202148","louvain","graph_2024M12.graphml"
"0.11","0.1","0.79","0.117935596720438","1,2,3,1,3,2,3,3,2,4,4,3,3,3,1,3,4","0.000922918319702148","louvain","graph_2024M12.graphml"
"0.1","0.11","0.79","0.11798804827651","1,2,3,3,3,2,3,3,2,3,3,3,3,3,1,3,1","0.00113987922668457","louvain","graph_2024M12.graphml"
"0.09","0.12","0.79","0.11957173536832","1,2,3,1,3,3,3,3,2,4,4,3,3,1,1,3,4","0.0011141300201416","louvain","graph_2024M12.graphml"
"0.08","0.13","0.79","0.118445609005942","1,2,3,1,3,2,3,3,2,4,4,3,3,3,1,3,4","0.000992774963378906","louvain","graph_2024M12.graphml"
"0.07","0.14","0.79","0.118169715044117","1,2,3,1,3,3,3,3,2,4,4,3,3,1,1,3,4","0.00101208686828613","louvain","graph_2024M12.graphml"
"0.06","0.15","0.79","0.118011570247934","1,2,3,1,3,2,3,3,2,4,4,3,3,1,1,3,4","0.0012209415435791","louvain","graph_2024M12.graphml"
"0.05","0.16","0.79","0.118591511323687","1,2,3,1,3,4,3,3,2,4,3,3,3,3,1,3,4","0.00110101699829102","louvain","graph_2024M12.graphml"
"0.04","0.17","0.79","0.11814645742931","1,2,3,1,3,2,3,3,2,4,4,3,3,1,1,3,4","0.00144100189208984","louvain","graph_2024M12.graphml"
"0.03","0.18","0.79","0.117661771318105","1,2,3,1,3,2,3,3,2,4,4,3,3,1,1,3,4","0.00107288360595703","louvain","graph_2024M12.graphml"
"0.02","0.19","0.79","0.117712607967763","1,2,3,1,3,2,3,3,2,4,4,3,3,1,1,3,4","0.00100612640380859","louvain","graph_2024M12.graphml"
"0.01","0.2","0.79","0.118914366684193","1,2,3,1,3,2,3,3,2,4,4,3,3,1,1,3,4","0.00107407569885254","louvain","graph_2024M12.graphml"
"0","0.21","0.79","0.118914366684193","1,2,3,1,3,2,3,3,2,4,4,3,3,1,1,3,4","0.00109004974365234","louvain","graph_2024M12.graphml"
"0.2","0","0.8","0.118196068953309","1,2,3,1,3,3,3,3,2,4,4,3,3,1,1,3,4","0.000978946685791016","louvain","graph_2024M12.graphml"
"0.19","0.01","0.8","0.116845472843469","1,2,3,3,3,2,3,3,2,4,3,3,3,3,1,3,4","0.00105714797973633","louvain","graph_2024M12.graphml"
"0.18","0.02","0.8","0.117363291470434","1,2,3,3,3,2,3,3,2,3,3,3,3,3,1,3,1","0.00100898742675781","louvain","graph_2024M12.graphml"
"0.17","0.03","0.8","0.117363291470434","1,2,3,3,3,2,3,3,2,3,3,3,3,3,1,3,1","0.00111913681030273","louvain","graph_2024M12.graphml"
"0.16","0.04","0.8","0.117597084953913","1,2,3,1,3,2,3,3,2,4,4,3,3,3,1,3,4","0.00107002258300781","louvain","graph_2024M12.graphml"
"0.15","0.05","0.8","0.118503671188881","1,2,3,1,3,3,3,3,2,4,4,3,3,1,1,3,4","0.000998020172119141","louvain","graph_2024M12.graphml"
"0.14","0.06","0.8","0.118503671188881","1,2,3,1,3,3,3,3,2,4,4,3,3,1,1,3,4","0.000976085662841797","louvain","graph_2024M12.graphml"
"0.13","0.07","0.8","0.118169715044117","1,2,3,1,3,3,3,3,2,4,4,3,3,1,1,3,4","0.00251889228820801","louvain","graph_2024M12.graphml"
"0.12","0.08","0.8","0.117724826334564","1,2,3,1,3,3,3,3,2,4,4,3,3,1,1,3,4","0.00107097625732422","louvain","graph_2024M12.graphml"
"0.11","0.09","0.8","0.117257422116419","1,2,3,3,3,3,3,3,2,3,3,3,3,3,1,3,1","0.0011131763458252","louvain","graph_2024M12.graphml"
"0.1","0.1","0.8","0.117457710531737","1,2,3,3,3,2,3,3,2,3,3,3,3,3,1,3,1","0.00102806091308594","louvain","graph_2024M12.graphml"
"0.09","0.11","0.8","0.117661771318105","1,2,3,1,3,2,3,3,2,4,4,3,3,1,1,3,4","0.000998973846435547","louvain","graph_2024M12.graphml"
"0.08","0.12","0.8","0.118979803737109","1,2,3,3,3,2,3,3,2,3,3,4,3,3,1,3,1","0.00107598304748535","louvain","graph_2024M12.graphml"
"0.07","0.13","0.8","0.11866662245743","1,2,3,3,3,2,3,3,2,3,3,4,3,3,1,3,1","0.00103592872619629","louvain","graph_2024M12.graphml"
"0.06","0.14","0.8","0.117746954865286","1,2,3,1,3,2,3,3,2,4,4,3,3,3,3,3,4","0.00107407569885254","louvain","graph_2024M12.graphml"
"0.05","0.15","0.8","0.118318270163643","1,2,3,1,3,3,3,3,2,3,3,3,3,1,3,3,1","0.00115084648132324","louvain","graph_2024M12.graphml"
"0.04","0.16","0.8","0.117663335277202","1,2,3,1,3,3,3,3,2,4,4,3,3,1,3,3,4","0.00157308578491211","louvain","graph_2024M12.graphml"
"0.03","0.17","0.8","0.117622751463289","1,2,3,1,3,3,3,3,2,3,3,3,3,1,3,3,1","0.00106501579284668","louvain","graph_2024M12.graphml"
"0.02","0.18","0.8","0.117797162067454","1,2,2,1,2,3,2,2,3,4,4,2,2,2,1,2,4","0.00104594230651855","louvain","graph_2024M12.graphml"
"0.01","0.19","0.8","0.117700095663265","1,2,3,2,3,4,3,3,2,4,3,3,3,3,1,3,4","0.00110483169555664","louvain","graph_2024M12.graphml"
"0","0.2","0.8","0.117333033061948","1,2,3,2,3,4,3,3,2,4,3,3,3,3,1,3,4","0.000998020172119141","louvain","graph_2024M12.graphml"
"0.19","0","0.81","0.117345638223364","1,2,3,1,3,3,3,3,2,4,4,3,3,1,1,3,4","0.00119209289550781","louvain","graph_2024M12.graphml"
"0.18","0.01","0.81","0.116856087430542","1,2,3,1,3,3,3,3,2,4,4,3,3,1,1,3,4","0.00100517272949219","louvain","graph_2024M12.graphml"
"0.17","0.02","0.81","0.117866545455442","1,2,2,1,2,3,2,2,3,2,2,2,2,2,1,2,1","0.00111794471740723","louvain","graph_2024M12.graphml"
"0.16","0.03","0.81","0.117600605833858","1,2,3,1,3,3,3,3,2,3,3,3,3,1,1,3,1","0.00101399421691895","louvain","graph_2024M12.graphml"
"0.15","0.04","0.81","0.117545914293319","1,2,3,1,3,2,3,3,2,4,4,3,3,1,1,3,4","0.00113892555236816","louvain","graph_2024M12.graphml"
"0.14","0.05","0.81","0.117339172490018","1,2,3,1,3,4,3,3,2,4,3,3,3,3,1,3,4","0.00105500221252441","louvain","graph_2024M12.graphml"
"0.13","0.06","0.81","0.117393474555637","1,2,3,1,3,4,3,3,2,4,3,3,3,3,1,3,4","0.00115203857421875","louvain","graph_2024M12.graphml"
"0.12","0.07","0.81","0.116781529812121","1,2,3,1,3,4,3,3,2,4,3,3,3,3,1,3,4","0.00102114677429199","louvain","graph_2024M12.graphml"
"0.11","0.08","0.81","0.117888555973376","1,2,3,3,3,4,3,3,2,4,3,5,3,3,1,3,4","0.00104999542236328","louvain","graph_2024M12.graphml"
"0.1","0.09","0.81","0.117317296217246","1,2,3,1,3,2,3,3,2,4,4,3,3,1,1,3,4","0.00129413604736328","louvain","graph_2024M12.graphml"
"0.09","0.1","0.81","0.118309193198946","1,2,3,3,3,2,3,3,2,3,3,4,3,3,1,3,1","0.0011589527130127","louvain","graph_2024M12.graphml"
"0.08","0.11","0.81","0.117502744166845","1,2,3,3,4,4,3,3,2,4,3,4,3,3,1,3,1","0.000984907150268555","louvain","graph_2024M12.graphml"
"0.07","0.12","0.81","0.118218670280612","1,2,3,2,3,3,3,3,2,3,3,3,3,3,1,3,1","0.00135207176208496","louvain","graph_2024M12.graphml"
"0.06","0.13","0.81","0.116966297133016","1,2,3,2,3,4,3,3,2,4,3,3,3,3,1,3,4","0.000988960266113281","louvain","graph_2024M12.graphml"
"0.05","0.14","0.81","0.11674587654321","1,2,3,2,3,4,3,3,2,4,3,3,3,3,1,3,4","0.00187897682189941","louvain","graph_2024M12.graphml"
"0.04","0.15","0.81","0.117580899078459","1,2,3,2,3,4,3,3,2,4,4,3,3,3,1,3,1","0.00110197067260742","louvain","graph_2024M12.graphml"
"0.03","0.16","0.81","0.117497940873196","1,2,3,2,3,4,3,3,2,4,3,3,3,3,1,3,4","0.0009918212890625","louvain","graph_2024M12.graphml"
"0.02","0.17","0.81","0.118408254366043","1,2,3,2,3,4,3,3,2,4,4,3,3,3,1,3,1","0.00103211402893066","louvain","graph_2024M12.graphml"
"0.01","0.18","0.81","0.119211310495849","1,2,3,2,3,4,3,3,2,4,3,3,3,3,1,3,4","0.00117897987365723","louvain","graph_2024M12.graphml"
"0","0.19","0.81","0.118115069281519","1,2,3,2,3,4,3,3,2,4,3,3,3,3,1,3,4","0.00104308128356934","louvain","graph_2024M12.graphml"
"0.18","0","0.82","0.116587533479425","1,2,3,1,3,4,3,3,2,4,3,3,3,3,1,3,4","0.00100898742675781","louvain","graph_2024M12.graphml"
"0.17","0.01","0.82","0.11547794625148","1,2,3,1,3,4,3,3,2,4,3,3,3,3,1,3,4","0.00108695030212402","louvain","graph_2024M12.graphml"
"0.16","0.02","0.82","0.116856964748939","1,2,3,1,3,3,3,3,2,3,3,3,3,1,3,3,1","0.00108504295349121","louvain","graph_2024M12.graphml"
"0.15","0.03","0.82","0.117532093334156","1,2,2,1,2,3,2,2,3,2,2,2,2,2,1,2,2","0.00213408470153809","louvain","graph_2024M12.graphml"
"0.14","0.04","0.82","0.116659119713839","1,2,3,1,3,2,3,3,2,4,4,3,3,3,3,3,4","0.00101399421691895","louvain","graph_2024M12.graphml"
"0.13","0.05","0.82","0.117065988605781","1,2,3,2,3,4,3,3,2,4,3,3,3,3,1,3,4","0.00124716758728027","louvain","graph_2024M12.graphml"
"0.12","0.06","0.82","0.11674587654321","1,2,3,2,3,4,3,3,2,4,3,3,3,3,1,3,4","0.00111484527587891","louvain","graph_2024M12.graphml"
"0.11","0.07","0.82","0.117348345679012","1,2,3,2,3,3,3,3,2,3,3,3,3,3,1,3,1","0.0010368824005127","louvain","graph_2024M12.graphml"
"0.1","0.08","0.82","0.117063306168114","1,2,3,2,3,3,3,3,2,4,4,3,3,3,1,3,4","0.000998020172119141","louvain","graph_2024M12.graphml"
"0.09","0.09","0.82","0.116691187566018","1,2,3,2,3,3,3,3,2,3,3,4,3,3,1,3,1","0.00103902816772461","louvain","graph_2024M12.graphml"
"0.08","0.1","0.82","0.11759300590593","1,2,3,2,3,4,3,3,2,4,3,3,3,3,1,3,4","0.00104188919067383","louvain","graph_2024M12.graphml"
"0.07","0.11","0.82","0.117124163251379","1,2,3,2,3,4,3,3,2,4,3,3,3,3,1,3,4","0.00107097625732422","louvain","graph_2024M12.graphml"
"0.06","0.12","0.82","0.117891105435429","1,2,3,2,4,5,3,3,2,5,3,4,3,3,1,3,5","0.00122809410095215","louvain","graph_2024M12.graphml"
"0.05","0.13","0.82","0.117868283948229","1,2,3,2,4,4,3,3,2,4,3,4,3,3,1,3,1","0.00113487243652344","louvain","graph_2024M12.graphml"
"0.04","0.14","0.82","0.118807325707956","1,2,3,2,4,5,3,3,2,5,3,4,3,3,1,3,5","0.00102686882019043","louvain","graph_2024M12.graphml"
"0.03","0.15","0.82","0.11874280368175","1,2,3,2,4,4,3,3,2,4,3,4,3,3,1,3,1","0.00120210647583008","louvain","graph_2024M12.graphml"
"0.02","0.16","0.82","0.118807325707956","1,2,3,2,4,5,3,3,2,5,3,4,3,3,1,3,5","0.00109696388244629","louvain","graph_2024M12.graphml"
"0.01","0.17","0.82","0.118807325707956","1,2,3,2,4,5,3,3,2,5,3,4,3,3,1,3,5","0.0010378360748291","louvain","graph_2024M12.graphml"
"0","0.18","0.82","0.119508300744997","1,2,3,2,3,4,3,3,2,4,3,3,3,3,1,3,4","0.00100898742675781","louvain","graph_2024M12.graphml"
"0.17","0","0.83","0.117784783369983","1,2,3,2,3,4,3,3,2,3,3,4,3,3,1,3,1","0.00152993202209473","louvain","graph_2024M12.graphml"
"0.16","0.01","0.83","0.115859681274963","1,2,3,2,3,4,3,3,2,4,3,3,3,3,1,3,4","0.000983953475952148","louvain","graph_2024M12.graphml"
"0.15","0.02","0.83","0.116725272143472","1,2,3,2,3,3,3,3,2,3,3,4,3,3,1,3,1","0.00220894813537598","louvain","graph_2024M12.graphml"
"0.14","0.03","0.83","0.11608140631048","1,2,3,2,3,3,3,3,2,4,4,3,3,3,1,3,4","0.0016629695892334","louvain","graph_2024M12.graphml"
"0.13","0.04","0.83","0.116806771217021","1,2,3,2,3,4,3,3,2,4,3,3,3,3,1,3,4","0.00115513801574707","louvain","graph_2024M12.graphml"
"0.12","0.05","0.83","0.116530497389819","1,2,3,2,4,4,3,3,2,4,3,4,3,3,1,3,1","0.00128388404846191","louvain","graph_2024M12.graphml"
"0.11","0.06","0.83","0.1168808967418","1,2,3,2,4,5,3,3,2,5,3,4,3,3,1,3,5","0.00113391876220703","louvain","graph_2024M12.graphml"
"0.1","0.07","0.83","0.117942282596212","1,2,3,2,4,4,3,3,2,4,3,4,3,3,1,3,1","0.00100803375244141","louvain","graph_2024M12.graphml"
"0.09","0.08","0.83","0.118061374170309","1,2,3,2,3,4,3,3,2,4,3,3,3,3,1,3,4","0.00195598602294922","louvain","graph_2024M12.graphml"
"0.08","0.09","0.83","0.118689419386257","1,2,3,2,3,4,3,3,2,4,3,3,3,3,1,3,4","0.00107312202453613","louvain","graph_2024M12.graphml"
"0.07","0.1","0.83","0.117514158768902","1,2,3,2,3,4,3,3,2,3,3,4,3,3,1,3,1","0.00121212005615234","louvain","graph_2024M12.graphml"
"0.06","0.11","0.83","0.118614649185282","1,2,3,2,3,4,3,3,2,4,3,3,3,3,1,3,4","0.00220203399658203","louvain","graph_2024M12.graphml"
"0.05","0.12","0.83","0.117629867674858","1,2,3,2,3,4,3,3,2,4,3,3,3,3,1,3,4","0.00101494789123535","louvain","graph_2024M12.graphml"
"0.04","0.13","0.83","0.117590548204159","1,2,3,2,3,3,3,3,2,3,3,3,3,4,1,3,1","0.000975131988525391","louvain","graph_2024M12.graphml"
"0.03","0.14","0.83","0.117621172022684","1,2,3,1,3,4,3,3,2,4,3,3,3,1,1,3,4","0.00115394592285156","louvain","graph_2024M12.graphml"
"0.02","0.15","0.83","0.119189076349612","1,2,3,1,3,4,3,3,2,4,3,3,3,1,1,3,4","0.00115609169006348","louvain","graph_2024M12.graphml"
"0.01","0.16","0.83","0.118409219039437","1,2,3,1,3,4,3,3,2,4,3,3,3,1,1,3,4","0.00115180015563965","louvain","graph_2024M12.graphml"
"0","0.17","0.83","0.119210250452363","1,2,3,1,3,4,3,3,2,4,3,3,3,1,3,3,4","0.00124382972717285","louvain","graph_2024M12.graphml"
"0.16","0","0.84","0.11797052939366","1,2,3,2,3,4,3,3,2,4,3,3,3,3,1,3,4","0.00102615356445312","louvain","graph_2024M12.graphml"
"0.15","0.01","0.84","0.118261819037606","1,2,3,2,3,4,3,3,2,4,3,3,3,3,1,3,4","0.00110888481140137","louvain","graph_2024M12.graphml"
"0.14","0.02","0.84","0.117797524837436","1,2,3,2,3,4,3,3,2,4,3,3,3,3,1,3,4","0.00106406211853027","louvain","graph_2024M12.graphml"
"0.13","0.03","0.84","0.1178432905551","1,2,3,2,3,4,3,3,2,4,3,3,3,5,1,3,4","0.00158500671386719","louvain","graph_2024M12.graphml"
"0.12","0.04","0.84","0.117318120498318","1,2,3,2,3,4,3,3,2,4,3,3,3,3,1,3,4","0.00112605094909668","louvain","graph_2024M12.graphml"
"0.11","0.05","0.84","0.116963629023156","1,2,3,2,3,3,3,3,2,3,3,3,3,3,1,3,1","0.00110006332397461","louvain","graph_2024M12.graphml"
"0.1","0.06","0.84","0.117583474995177","1,2,3,2,3,4,3,3,2,4,3,3,3,3,1,3,4","0.00113606452941895","louvain","graph_2024M12.graphml"
"0.09","0.07","0.84","0.117930975343179","1,2,3,1,3,4,3,3,2,4,3,3,3,1,1,3,4","0.00108718872070312","louvain","graph_2024M12.graphml"
"0.08","0.08","0.84","0.117464440321583","1,2,3,1,3,4,3,3,2,4,3,3,3,1,3,3,4","0.00117897987365723","louvain","graph_2024M12.graphml"
"0.07","0.09","0.84","0.117484674512997","1,2,3,1,3,2,3,3,2,4,4,3,3,1,1,3,4","0.00123190879821777","louvain","graph_2024M12.graphml"
"0.06","0.1","0.84","0.117955930439952","1,2,3,1,3,3,3,3,2,3,3,3,3,1,3,3,1","0.00114107131958008","louvain","graph_2024M12.graphml"
"0.05","0.11","0.84","0.118559342160818","1,2,3,1,3,4,3,3,2,4,3,3,3,1,3,3,4","0.0011441707611084","louvain","graph_2024M12.graphml"
"0.04","0.12","0.84","0.118631954557952","1,2,3,1,3,4,3,3,2,4,3,3,3,1,3,3,4","0.00108098983764648","louvain","graph_2024M12.graphml"
"0.03","0.13","0.84","0.118440718694949","1,2,3,1,3,4,3,3,2,4,3,3,3,1,3,3,4","0.00101399421691895","louvain","graph_2024M12.graphml"
"0.02","0.14","0.84","0.118186690810321","1,2,3,1,3,4,3,3,2,4,3,3,3,1,3,3,4","0.00113511085510254","louvain","graph_2024M12.graphml"
"0.01","0.15","0.84","0.117924678374751","1,2,3,1,3,4,3,3,2,4,3,3,3,1,3,3,4","0.00224709510803223","louvain","graph_2024M12.graphml"
"0","0.16","0.84","0.118230685281945","1,2,3,1,3,4,3,3,2,4,3,3,3,1,3,3,4","0.00122523307800293","louvain","graph_2024M12.graphml"
"0.15","0","0.85","0.117595268060157","1,2,3,2,3,3,3,3,2,3,3,3,3,1,1,3,1","0.00117993354797363","louvain","graph_2024M12.graphml"
"0.14","0.01","0.85","0.116544743774198","1,2,3,2,3,3,3,3,2,3,3,3,3,3,1,3,1","0.00102710723876953","louvain","graph_2024M12.graphml"
"0.13","0.02","0.85","0.116732813110568","1,2,3,1,4,3,3,3,2,3,3,4,3,1,3,3,3","0.00193095207214355","louvain","graph_2024M12.graphml"
"0.12","0.03","0.85","0.115816505566721","1,2,3,1,3,3,3,3,2,4,4,3,3,1,3,3,4","0.00107312202453613","louvain","graph_2024M12.graphml"
"0.11","0.04","0.85","0.116818139954687","1,2,3,1,4,3,3,3,2,4,3,3,3,1,3,3,4","0.00110721588134766","louvain","graph_2024M12.graphml"
"0.1","0.05","0.85","0.117837418805301","1,2,3,1,3,4,3,3,2,4,3,3,3,1,3,3,4","0.0021522045135498","louvain","graph_2024M12.graphml"
"0.09","0.06","0.85","0.117851214125473","1,2,3,1,3,4,3,3,2,4,3,3,3,1,3,3,4","0.00107216835021973","louvain","graph_2024M12.graphml"
"0.08","0.07","0.85","0.118177999094613","1,2,3,1,3,4,3,3,2,4,3,3,3,1,3,3,4","0.00173497200012207","louvain","graph_2024M12.graphml"
"0.07","0.08","0.85","0.118369715785925","1,2,3,1,3,4,3,3,2,4,3,3,3,1,3,3,4","0.00113701820373535","louvain","graph_2024M12.graphml"
"0.06","0.09","0.85","0.117501895244162","1,2,3,3,3,4,3,3,2,4,3,3,3,3,1,3,4","0.00106191635131836","louvain","graph_2024M12.graphml"
"0.05","0.1","0.85","0.117441859628601","1,2,3,1,3,4,3,3,2,4,3,3,3,1,3,3,4","0.00106287002563477","louvain","graph_2024M12.graphml"
"0.04","0.11","0.85","0.116978957196208","1,2,3,1,3,4,3,3,2,4,3,3,3,1,3,3,4","0.00112485885620117","louvain","graph_2024M12.graphml"
"0.03","0.12","0.85","0.117819875935902","1,2,3,1,3,4,3,3,2,4,3,3,3,1,3,3,4","0.00122499465942383","louvain","graph_2024M12.graphml"
"0.02","0.13","0.85","0.117172592556783","1,2,3,1,3,3,3,3,2,3,3,3,3,1,3,3,1","0.00118398666381836","louvain","graph_2024M12.graphml"
"0.01","0.14","0.85","0.115690290602277","1,2,3,3,3,3,3,3,2,3,3,3,3,3,1,3,1","0.00105905532836914","louvain","graph_2024M12.graphml"
"0","0.15","0.85","0.117957527809341","1,2,3,1,3,3,3,3,2,3,3,3,3,1,3,3,1","0.00105810165405273","louvain","graph_2024M12.graphml"
"0.14","0","0.86","0.118253891092931","1,2,3,1,3,4,3,3,2,4,3,3,3,1,3,3,4","0.00111103057861328","louvain","graph_2024M12.graphml"
"0.13","0.01","0.86","0.117799947359896","1,2,3,1,3,3,3,3,2,3,3,4,3,1,4,3,1","0.00120711326599121","louvain","graph_2024M12.graphml"
"0.12","0.02","0.86","0.117405419279719","1,2,3,1,3,3,3,3,2,3,3,3,3,1,3,3,1","0.00131821632385254","louvain","graph_2024M12.graphml"
"0.11","0.03","0.86","0.117405419279719","1,2,3,1,3,3,3,3,2,3,3,3,3,1,3,3,1","0.00154304504394531","louvain","graph_2024M12.graphml"
"0.1","0.04","0.86","0.117405419279719","1,2,3,1,3,3,3,3,2,3,3,3,3,1,3,3,1","0.00113105773925781","louvain","graph_2024M12.graphml"
"0.09","0.05","0.86","0.117830508135469","1,2,3,1,3,4,3,3,2,4,3,3,3,1,3,3,4","0.00105905532836914","louvain","graph_2024M12.graphml"
"0.08","0.06","0.86","0.11757983701607","1,2,3,1,3,4,3,3,2,4,3,3,3,1,3,3,4","0.00110697746276855","louvain","graph_2024M12.graphml"
"0.07","0.07","0.86","0.117904182022112","1,2,3,1,3,4,3,3,2,4,3,3,3,1,3,3,4","0.000990152359008789","louvain","graph_2024M12.graphml"
"0.06","0.08","0.86","0.117957527809341","1,2,3,1,3,3,3,3,2,3,3,3,3,1,3,3,1","0.000930070877075195","louvain","graph_2024M12.graphml"
"0.05","0.09","0.86","0.118558866844181","1,2,3,1,3,3,3,3,2,3,3,3,3,1,3,3,1","0.000678062438964844","louvain","graph_2024M12.graphml"
"0.04","0.1","0.86","0.118351250386857","1,2,3,1,3,4,3,3,2,4,3,3,3,1,3,3,4","0.00254201889038086","louvain","graph_2024M12.graphml"
"0.03","0.11","0.86","0.117244563819197","1,2,3,1,3,3,3,3,2,3,3,3,3,1,3,3,3","0.00104999542236328","louvain","graph_2024M12.graphml"
"0.02","0.12","0.86","0.116775508808222","1,2,3,1,3,3,3,3,2,3,3,3,3,1,3,3,3","0.0010521411895752","louvain","graph_2024M12.graphml"
"0.01","0.13","0.86","0.11785661546269","1,2,3,1,3,4,3,3,2,4,3,3,3,1,2,3,4","0.00266408920288086","louvain","graph_2024M12.graphml"
"0","0.14","0.86","0.11785661546269","1,2,3,1,3,4,3,3,2,4,3,3,3,1,2,3,4","0.00116705894470215","louvain","graph_2024M12.graphml"
"0.13","0","0.87","0.11760900140647","1,2,3,1,3,3,3,3,2,3,3,3,3,1,3,3,1","0.00111198425292969","louvain","graph_2024M12.graphml"
"0.12","0.01","0.87","0.116957665884434","1,2,3,1,3,3,3,3,2,3,3,3,3,1,3,3,3","0.0016169548034668","louvain","graph_2024M12.graphml"
"0.11","0.02","0.87","0.117698255772897","1,2,3,1,3,4,3,3,2,4,3,3,3,1,3,3,4","0.00109601020812988","louvain","graph_2024M12.graphml"
"0.1","0.03","0.87","0.117340962209147","1,2,3,1,3,3,3,3,2,3,3,3,3,1,3,3,3","0.00101804733276367","louvain","graph_2024M12.graphml"
"0.09","0.04","0.87","0.117539219853075","1,2,3,1,3,4,3,3,2,4,3,3,3,1,3,3,4","0.000998020172119141","louvain","graph_2024M12.graphml"
"0.08","0.05","0.87","0.117858680555555","1,2,3,1,3,4,3,3,2,4,3,3,3,1,3,3,4","0.00110316276550293","louvain","graph_2024M12.graphml"
"0.07","0.06","0.87","0.118183158407646","1,2,3,1,3,4,3,3,2,4,3,3,3,1,2,3,4","0.00118398666381836","louvain","graph_2024M12.graphml"
"0.06","0.07","0.87","0.118262353616406","1,2,3,1,3,4,3,3,2,4,3,3,3,1,2,3,4","0.00118112564086914","louvain","graph_2024M12.graphml"
"0.05","0.08","0.87","0.117361643963708","1,2,3,1,3,4,3,3,2,4,3,3,3,1,2,3,4","0.00118303298950195","louvain","graph_2024M12.graphml"
"0.04","0.09","0.87","0.117685497947969","1,2,3,1,3,4,3,3,2,4,3,3,3,1,2,3,4","0.0011591911315918","louvain","graph_2024M12.graphml"
"0.03","0.1","0.87","0.117669655690948","1,2,3,1,3,4,3,3,2,4,3,3,3,1,2,3,4","0.0012199878692627","louvain","graph_2024M12.graphml"
"0.02","0.11","0.87","0.116737167685699","1,2,3,1,3,3,3,3,2,3,3,3,3,1,3,3,3","0.00129294395446777","louvain","graph_2024M12.graphml"
"0.01","0.12","0.87","0.117659472233002","1,2,3,1,3,3,3,3,2,3,3,3,3,1,2,3,3","0.00116801261901855","louvain","graph_2024M12.graphml"
"0","0.13","0.87","0.11654360576362","1,2,3,3,3,4,3,3,2,4,3,3,3,3,2,3,4","0.00113296508789062","louvain","graph_2024M12.graphml"
"0.12","0","0.88","0.117036552400957","1,2,3,1,3,4,3,3,2,4,3,3,3,1,2,3,4","0.00103902816772461","louvain","graph_2024M12.graphml"
"0.11","0.01","0.88","0.117361643963708","1,2,3,1,3,4,3,3,2,4,3,3,3,1,2,3,4","0.00112295150756836","louvain","graph_2024M12.graphml"
"0.1","0.02","0.88","0.117617853931845","1,2,3,1,3,3,3,3,2,3,3,3,3,1,2,3,3","0.00161886215209961","louvain","graph_2024M12.graphml"
"0.09","0.03","0.88","0.117732033840634","1,2,3,1,3,4,3,3,2,4,3,3,3,1,2,3,4","0.00104808807373047","louvain","graph_2024M12.graphml"
"0.08","0.04","0.88","0.11728391279722","1,2,3,1,3,4,3,3,2,4,3,3,3,1,2,3,4","0.00133419036865234","louvain","graph_2024M12.graphml"
"0.07","0.05","0.88","0.116727390560838","1,2,3,1,3,3,3,3,2,3,3,3,3,1,2,3,3","0.00106406211853027","louvain","graph_2024M12.graphml"
"0.06","0.06","0.88","0.117715202644612","1,2,3,1,3,4,3,3,2,4,3,3,3,1,2,3,4","0.00121498107910156","louvain","graph_2024M12.graphml"
"0.05","0.07","0.88","0.11792195074446","1,2,3,1,3,3,3,3,2,3,3,3,3,1,2,3,3","0.00115513801574707","louvain","graph_2024M12.graphml"
"0.04","0.08","0.88","0.118210086254081","1,2,3,3,3,3,3,3,2,3,3,3,3,1,2,3,3","0.00128388404846191","louvain","graph_2024M12.graphml"
"0.03","0.09","0.88","0.118210086254081","1,2,3,3,3,3,3,3,2,3,3,3,3,1,2,3,3","0.00112700462341309","louvain","graph_2024M12.graphml"
"0.02","0.1","0.88","0.118890277366936","1,2,3,4,3,3,3,3,2,4,3,3,3,4,2,3,4","0.00109481811523438","louvain","graph_2024M12.graphml"
"0.01","0.11","0.88","0.11801104143619","1,2,3,3,3,3,3,3,2,3,3,3,3,3,2,3,3","0.00198006629943848","louvain","graph_2024M12.graphml"
"0","0.12","0.88","0.119041087295485","1,2,3,4,3,3,3,3,2,4,3,3,3,4,2,3,4","0.00219511985778809","louvain","graph_2024M12.graphml"
"0.11","0","0.89","0.1174531617673","1,2,3,1,3,3,3,3,2,3,3,3,3,1,2,3,3","0.00222611427307129","louvain","graph_2024M12.graphml"
"0.1","0.01","0.89","0.117688021812393","1,2,3,1,3,3,3,3,2,3,3,3,3,1,2,3,3","0.0011899471282959","louvain","graph_2024M12.graphml"
"0.09","0.02","0.89","0.118116129415585","1,2,3,3,3,3,3,3,2,3,3,3,3,1,2,3,1","0.00127792358398438","louvain","graph_2024M12.graphml"
"0.08","0.03","0.89","0.118109845382573","1,2,3,3,3,3,3,3,2,3,3,3,3,3,2,3,1","0.00232195854187012","louvain","graph_2024M12.graphml"
"0.07","0.04","0.89","0.116931609937362","1,2,3,3,3,3,3,3,2,3,3,3,3,3,2,3,3","0.00123906135559082","louvain","graph_2024M12.graphml"
"0.06","0.05","0.89","0.118374253863411","1,2,3,4,3,3,3,3,2,4,3,3,3,4,2,3,4","0.0011599063873291","louvain","graph_2024M12.graphml"
"0.05","0.06","0.89","0.118434943606829","1,2,3,4,3,3,3,3,2,4,3,3,3,4,2,3,4","0.00105690956115723","louvain","graph_2024M12.graphml"
"0.04","0.07","0.89","0.116878834436667","1,2,3,3,3,3,3,3,2,3,3,3,3,3,2,3,1","0.00136494636535645","louvain","graph_2024M12.graphml"
"0.03","0.08","0.89","0.116951776931886","1,2,3,3,3,3,3,3,2,3,3,3,3,1,2,3,3","0.00149416923522949","louvain","graph_2024M12.graphml"
"0.02","0.09","0.89","0.117789117726958","1,2,3,4,3,3,3,3,2,4,3,3,3,4,2,3,4","0.00144505500793457","louvain","graph_2024M12.graphml"
"0.01","0.1","0.89","0.117789117726958","1,2,3,4,3,3,3,3,2,4,3,3,3,4,2,3,4","0.00116705894470215","louvain","graph_2024M12.graphml"
"0","0.11","0.89","0.117633644864691","1,2,3,4,3,3,3,3,2,4,3,3,3,4,2,3,4","0.00118708610534668","louvain","graph_2024M12.graphml"
"0.1","0","0.9","0.117770287080108","1,2,3,4,3,3,3,3,2,4,3,3,3,4,2,3,4","0.00218892097473145","louvain","graph_2024M12.graphml"
"0.09","0.01","0.9","0.117770287080108","1,2,3,4,3,3,3,3,2,4,3,3,3,4,2,3,4","0.00105381011962891","louvain","graph_2024M12.graphml"
"0.08","0.02","0.9","0.117465634678176","1,2,3,4,3,3,3,3,2,4,3,3,3,4,2,3,4","0.00138497352600098","louvain","graph_2024M12.graphml"
"0.07","0.03","0.9","0.117761969545477","1,2,3,4,3,3,3,3,2,4,3,3,3,4,2,3,4","0.00109696388244629","louvain","graph_2024M12.graphml"
"0.06","0.04","0.9","0.116911956777349","1,2,3,3,3,3,3,3,2,3,3,3,3,4,2,3,3","0.00199103355407715","louvain","graph_2024M12.graphml"
"0.05","0.05","0.9","0.116786875650364","1,2,3,4,3,3,3,3,2,4,3,3,3,4,2,3,4","0.00118184089660645","louvain","graph_2024M12.graphml"
"0.04","0.06","0.9","0.117752326645766","1,2,3,1,3,3,3,3,2,4,3,3,3,4,2,3,4","0.00104403495788574","louvain","graph_2024M12.graphml"
"0.03","0.07","0.9","0.116154568560609","1,2,3,1,3,3,3,3,2,3,3,3,3,3,3,3,3","0.000824928283691406","louvain","graph_2024M12.graphml"
"0.02","0.08","0.9","0.117882233434311","1,2,3,1,3,3,3,3,2,4,3,3,3,4,2,3,4","0.00104904174804688","louvain","graph_2024M12.graphml"
"0.01","0.09","0.9","0.117572057228396","1,2,3,1,3,3,3,3,2,4,3,3,3,4,2,3,4","0.00198006629943848","louvain","graph_2024M12.graphml"
"0","0.1","0.9","0.118172730214497","1,2,3,1,3,3,3,3,2,4,3,3,3,4,2,3,4","0.00109291076660156","louvain","graph_2024M12.graphml"
"0.09","0","0.91","0.117939847318804","1,2,3,1,3,3,3,3,2,4,3,3,3,4,2,3,4","0.00115013122558594","louvain","graph_2024M12.graphml"
"0.08","0.01","0.91","0.117939847318804","1,2,3,1,3,3,3,3,2,4,3,3,3,4,2,3,4","0.00103306770324707","louvain","graph_2024M12.graphml"
"0.07","0.02","0.91","0.117872951217646","1,2,3,1,3,3,3,3,2,4,3,3,3,4,2,3,4","0.00102400779724121","louvain","graph_2024M12.graphml"
"0.06","0.03","0.91","0.117743193754363","1,2,3,1,3,3,3,3,2,4,3,3,3,4,2,3,4","0.00110602378845215","louvain","graph_2024M12.graphml"
"0.05","0.04","0.91","0.118153646767346","1,2,3,1,3,3,3,3,2,4,3,3,3,1,2,3,4","0.00121092796325684","louvain","graph_2024M12.graphml"
"0.04","0.05","0.91","0.117912681548947","1,2,3,1,3,3,3,3,2,3,3,3,3,1,2,3,3","0.00116300582885742","louvain","graph_2024M12.graphml"
"0.03","0.06","0.91","0.117466293766839","1,2,3,1,3,3,3,3,2,3,3,3,3,1,2,3,3","0.00111794471740723","louvain","graph_2024M12.graphml"
"0.02","0.07","0.91","0.117587681638982","1,2,3,1,3,3,3,3,2,4,3,3,3,1,2,3,4","0.00105094909667969","louvain","graph_2024M12.graphml"
"0.01","0.08","0.91","0.118307977820556","1,2,3,1,3,3,3,3,2,4,3,3,3,1,2,3,4","0.00127100944519043","louvain","graph_2024M12.graphml"
"0","0.09","0.91","0.118609055130965","1,2,3,1,3,3,3,3,2,4,3,3,3,1,2,3,4","0.00110983848571777","louvain","graph_2024M12.graphml"
"0.08","0","0.92","0.117376966855322","1,2,3,1,3,3,3,3,2,3,3,3,3,1,2,3,3","0.00106906890869141","louvain","graph_2024M12.graphml"
"0.07","0.01","0.92","0.118005794910557","1,2,3,1,3,3,3,3,2,4,3,3,3,1,2,3,4","0.00104093551635742","louvain","graph_2024M12.graphml"
"0.06","0.02","0.92","0.117532879573315","1,2,3,1,3,3,3,3,2,3,3,3,3,1,2,3,3","0.0010979175567627","louvain","graph_2024M12.graphml"
"0.05","0.03","0.92","0.117601332523388","1,2,3,1,3,3,3,3,2,4,3,3,3,1,2,3,2","0.00105404853820801","louvain","graph_2024M12.graphml"
"0.04","0.04","0.92","0.11793092647914","1,2,3,1,3,3,3,3,2,3,3,3,3,1,2,3,2","0.00117206573486328","louvain","graph_2024M12.graphml"
"0.03","0.05","0.92","0.118625857058982","1,2,3,1,3,3,3,3,2,3,3,3,3,1,2,3,2","0.00131392478942871","louvain","graph_2024M12.graphml"
"0.02","0.06","0.92","0.117971191767449","1,2,3,1,3,3,3,3,2,3,3,3,3,1,2,3,2","0.00113701820373535","louvain","graph_2024M12.graphml"
"0.01","0.07","0.92","0.117773722469592","1,2,3,1,3,3,3,3,2,4,3,3,3,4,2,3,2","0.0010979175567627","louvain","graph_2024M12.graphml"
"0","0.08","0.92","0.118198016791266","1,2,3,1,3,3,3,3,2,3,3,3,3,1,2,3,2","0.00104284286499023","louvain","graph_2024M12.graphml"
"0.07","0","0.93","0.117514954721333","1,2,3,1,3,3,3,3,2,3,3,3,3,1,2,3,2","0.00125694274902344","louvain","graph_2024M12.graphml"
"0.06","0.01","0.93","0.117058128399613","1,2,3,1,3,3,3,3,2,4,3,3,3,4,2,3,2","0.00136089324951172","louvain","graph_2024M12.graphml"
"0.05","0.02","0.93","0.117453930167248","1,2,3,1,3,3,3,3,2,3,3,3,3,1,2,3,2","0.00133991241455078","louvain","graph_2024M12.graphml"
"0.04","0.03","0.93","0.117479095248775","1,2,3,1,3,3,3,3,2,4,3,3,3,4,2,3,2","0.00122594833374023","louvain","graph_2024M12.graphml"
"0.03","0.04","0.93","0.117596930552962","1,2,3,1,3,3,3,3,2,4,3,3,3,4,2,3,2","0.00211405754089355","louvain","graph_2024M12.graphml"
"0.02","0.05","0.93","0.116837916737077","1,2,3,1,3,3,3,3,2,3,3,3,3,1,2,3,2","0.00138497352600098","louvain","graph_2024M12.graphml"
"0.01","0.06","0.93","0.118012575417213","1,2,3,1,3,3,3,3,2,4,3,3,3,4,2,3,2","0.00113797187805176","louvain","graph_2024M12.graphml"
"0","0.07","0.93","0.117594795907147","1,2,3,1,3,3,3,3,2,4,3,3,3,4,2,3,2","0.000987052917480469","louvain","graph_2024M12.graphml"
"0.06","0","0.94","0.116885235245482","1,2,3,1,3,3,3,3,2,4,3,3,3,4,2,3,2","0.000802040100097656","louvain","graph_2024M12.graphml"
"0.05","0.01","0.94","0.116885235245482","1,2,3,1,3,3,3,3,2,4,3,3,3,4,2,3,2","0.00107288360595703","louvain","graph_2024M12.graphml"
"0.04","0.02","0.94","0.117740035651314","1,2,3,1,3,3,3,3,2,3,3,3,3,1,2,3,2","0.0010991096496582","louvain","graph_2024M12.graphml"
"0.03","0.03","0.94","0.118447036861955","1,2,3,1,3,3,3,3,2,3,3,3,3,1,2,3,2","0.00138592720031738","louvain","graph_2024M12.graphml"
"0.02","0.04","0.94","0.118550576592535","1,2,3,1,3,3,3,3,2,4,3,3,3,4,2,3,2","0.00120210647583008","louvain","graph_2024M12.graphml"
"0.01","0.05","0.94","0.118243593514911","1,2,3,1,3,3,3,3,2,4,3,3,3,4,2,3,2","0.00104594230651855","louvain","graph_2024M12.graphml"
"0","0.06","0.94","0.118672890682694","1,2,3,1,3,3,3,3,2,4,3,3,3,4,2,3,2","0.00116801261901855","louvain","graph_2024M12.graphml"
"0.05","0","0.95","0.117704566121555","1,2,3,1,3,3,3,3,2,4,3,3,3,4,2,3,2","0.00305795669555664","louvain","graph_2024M12.graphml"
"0.04","0.01","0.95","0.117170636942259","1,2,3,1,3,3,3,3,2,3,3,3,3,1,2,3,2","0.0023949146270752","louvain","graph_2024M12.graphml"
"0.03","0.02","0.95","0.116624556213018","1,2,3,1,3,3,3,3,2,4,3,3,3,4,2,3,2","0.00111508369445801","louvain","graph_2024M12.graphml"
"0.02","0.03","0.95","0.116866402103956","1,2,3,1,3,3,3,3,2,4,3,3,3,4,2,3,2","0.00121593475341797","louvain","graph_2024M12.graphml"
"0.01","0.04","0.95","0.116346207483742","1,2,3,2,2,3,3,3,2,4,3,3,3,4,3,3,2","0.00166106224060059","louvain","graph_2024M12.graphml"
"0","0.05","0.95","0.116818301208464","1,2,3,2,4,3,3,3,2,4,3,3,3,4,3,3,2","0.000882148742675781","louvain","graph_2024M12.graphml"
"0.04","0","0.96","0.116471965548495","1,2,3,2,4,3,3,3,2,4,3,3,3,4,3,3,2","0.00138711929321289","louvain","graph_2024M12.graphml"
"0.03","0.01","0.96","0.116451737711927","1,2,3,1,4,3,3,3,2,4,3,3,3,1,3,3,2","0.00135183334350586","louvain","graph_2024M12.graphml"
"0.02","0.02","0.96","0.116736399254001","1,2,3,2,4,3,3,3,2,4,3,3,3,4,3,3,2","0.00116705894470215","louvain","graph_2024M12.graphml"
"0.01","0.03","0.96","0.116673383930304","1,2,3,1,3,3,3,3,2,3,3,3,3,1,2,3,2","0.0012199878692627","louvain","graph_2024M12.graphml"
"0","0.04","0.96","0.116510543689622","1,2,3,1,3,3,3,3,2,3,3,3,3,1,2,3,2","0.00112795829772949","louvain","graph_2024M12.graphml"
"0.03","0","0.97","0.117010964099064","1,2,3,1,3,3,3,3,2,3,3,3,3,3,2,3,2","0.00109601020812988","louvain","graph_2024M12.graphml"
"0.02","0.01","0.97","0.117010964099064","1,2,3,1,3,3,3,3,2,3,3,3,3,3,2,3,2","0.00127506256103516","louvain","graph_2024M12.graphml"
"0.01","0.02","0.97","0.116594673120192","1,2,3,1,3,3,3,3,2,3,3,3,3,3,2,3,2","0.0022590160369873","louvain","graph_2024M12.graphml"
"0","0.03","0.97","0.116178935943623","1,2,3,1,3,3,3,3,2,3,3,3,3,3,2,3,2","0.00118684768676758","louvain","graph_2024M12.graphml"
"0.02","0","0.98","0.117151594215096","1,2,3,1,3,3,3,3,2,3,3,3,3,3,2,3,2","0.00270700454711914","louvain","graph_2024M12.graphml"
"0.01","0.01","0.98","0.117721583940397","1,2,3,1,3,3,3,3,2,3,3,3,3,1,2,3,2","0.00256085395812988","louvain","graph_2024M12.graphml"
"0","0.02","0.98","0.117939128981956","1,2,3,1,3,3,3,3,2,3,3,3,3,1,2,3,2","0.00157999992370605","louvain","graph_2024M12.graphml"
"0.01","0","0.99","0.1174295805469","1,2,3,1,3,3,3,3,2,3,3,3,3,1,2,3,2","0.00108599662780762","louvain","graph_2024M12.graphml"
"0","0.01","0.99","0.116871837908337","1,2,3,1,3,3,3,3,2,3,3,3,3,1,3,3,2","0.00123906135559082","louvain","graph_2024M12.graphml"
"0","0","1","0.117478827913736","1,2,3,1,3,3,3,3,2,3,3,3,3,1,2,3,2","0.00121116638183594","louvain","graph_2024M12.graphml"
