"Var1","Var2","Var3","modularity","partition","time","algorithm","network"
"1","0","0","0.62","1,2,3,4,5,6,7,7,8,7,9,10,7,11,12,13,14","0.000382184982299805","louvain","graph_2024M05.graphml"
"0.99","0.01","0","0.62","1,2,3,4,5,6,7,7,8,7,9,10,7,11,12,13,14","0.000387907028198242","louvain","graph_2024M05.graphml"
"0.98","0.02","0","0.5546875","1,2,3,4,5,6,7,7,8,7,9,10,7,11,12,13,14","0.000393152236938477","louvain","graph_2024M05.graphml"
"0.97","0.03","0","0.449826989619377","1,2,3,4,5,6,1,7,8,9,10,11,1,12,13,14,15","0.00038599967956543","louvain","graph_2024M05.graphml"
"0.96","0.04","0","0.469529085872576","1,2,3,4,5,6,7,7,8,7,9,10,7,11,12,13,14","0.000382900238037109","louvain","graph_2024M05.graphml"
"0.95","0.05","0","0.469529085872576","1,2,3,4,5,6,7,7,8,7,9,10,7,11,12,13,14","0.000414133071899414","louvain","graph_2024M05.graphml"
"0.94","0.06","0","0.469529085872576","1,2,3,4,5,6,7,7,8,7,9,10,7,11,12,13,14","0.000379085540771484","louvain","graph_2024M05.graphml"
"0.93","0.07","0","0.44671201814059","1,2,3,4,5,6,7,7,8,7,9,10,7,11,12,13,14","0.000356912612915039","louvain","graph_2024M05.graphml"
"0.92","0.08","0","0.450413223140496","1,2,3,4,5,6,7,7,8,7,9,10,7,11,12,13,14","0.000737905502319336","louvain","graph_2024M05.graphml"
"0.91","0.09","0","0.420604914933837","1,2,3,4,5,6,7,7,8,7,9,10,7,11,12,13,14","0.000378131866455078","louvain","graph_2024M05.graphml"
"0.9","0.1","0","0.440104166666667","1,2,3,4,5,6,7,7,8,9,10,11,7,12,13,14,15","0.000404119491577148","louvain","graph_2024M05.graphml"
"0.89","0.11","0","0.408","1,2,3,4,5,6,7,7,8,9,10,11,7,12,13,14,15","0.000382900238037109","louvain","graph_2024M05.graphml"
"0.88","0.12","0","0.411242603550296","1,2,3,4,5,6,7,7,8,9,10,11,7,12,13,14,15","0.000391006469726562","louvain","graph_2024M05.graphml"
"0.87","0.13","0","0.401627218934911","1,2,3,4,5,6,7,7,8,7,9,10,7,11,12,13,14","0.000380992889404297","louvain","graph_2024M05.graphml"
"0.86","0.14","0","0.356505102040816","1,2,3,4,5,6,7,7,8,9,10,11,7,12,13,14,15","0.000401973724365234","louvain","graph_2024M05.graphml"
"0.85","0.15","0","0.33115338882283","1,2,3,4,5,6,7,7,8,9,10,11,7,12,13,14,15","0.000539064407348633","louvain","graph_2024M05.graphml"
"0.84","0.16","0","0.350156087408949","1,2,3,4,5,6,7,7,8,8,9,10,7,11,12,13,14","0.000389814376831055","louvain","graph_2024M05.graphml"
"0.83","0.17","0","0.350156087408949","1,2,3,4,5,6,7,7,8,8,9,10,7,11,12,13,14","0.000399112701416016","louvain","graph_2024M05.graphml"
"0.82","0.18","0","0.36572265625","1,2,3,4,5,6,7,7,8,9,10,11,7,12,13,14,15","0.000394105911254883","louvain","graph_2024M05.graphml"
"0.81","0.19","0","0.376951331496786","1,2,3,4,5,6,7,7,8,9,10,11,7,12,13,14,15","0.000392913818359375","louvain","graph_2024M05.graphml"
"0.8","0.2","0","0.397762345679012","1,2,3,4,5,6,7,8,9,7,10,11,8,12,13,14,15","0.00038599967956543","louvain","graph_2024M05.graphml"
"0.79","0.21","0","0.373614958448753","1,2,3,4,5,6,7,8,9,7,10,8,8,11,12,13,14","0.000379085540771484","louvain","graph_2024M05.graphml"
"0.78","0.22","0","0.373614958448753","1,2,3,4,5,6,7,8,9,7,10,8,8,11,12,13,14","0.000371932983398438","louvain","graph_2024M05.graphml"
"0.77","0.23","0","0.3440625","1,2,3,4,5,6,7,8,9,7,10,8,8,11,12,13,14","0.000432968139648438","louvain","graph_2024M05.graphml"
"0.76","0.24","0","0.318820984315846","1,2,3,4,5,6,7,8,9,7,10,8,8,11,12,13,14","0.00037693977355957","louvain","graph_2024M05.graphml"
"0.75","0.25","0","0.318820984315846","1,2,3,4,5,6,7,8,9,7,10,8,8,11,12,13,14","0.000372171401977539","louvain","graph_2024M05.graphml"
"0.74","0.26","0","0.309382716049383","1,2,3,4,5,6,7,8,9,7,1,8,8,10,11,12,13","0.000400066375732422","louvain","graph_2024M05.graphml"
"0.73","0.27","0","0.299385633270321","1,2,3,4,5,6,7,7,8,9,1,10,7,11,12,13,14","0.000384092330932617","louvain","graph_2024M05.graphml"
"0.72","0.28","0","0.316623263888889","1,2,3,4,5,6,7,8,9,7,1,8,8,10,11,12,13","0.000406026840209961","louvain","graph_2024M05.graphml"
"0.71","0.29","0","0.3306","1,2,3,4,5,6,7,7,8,9,1,10,7,11,12,13,14","0.000395059585571289","louvain","graph_2024M05.graphml"
"0.7","0.3","0","0.316358024691358","1,2,3,4,5,6,7,7,2,7,1,8,7,9,10,11,12","0.000380039215087891","louvain","graph_2024M05.graphml"
"0.69","0.31","0","0.336575255102041","1,2,3,4,5,6,7,7,2,7,1,8,7,9,10,11,12","0.0004119873046875","louvain","graph_2024M05.graphml"
"0.68","0.32","0","0.344678953626635","1,2,3,4,5,6,7,7,2,7,1,8,7,9,10,11,12","0.000422000885009766","louvain","graph_2024M05.graphml"
"0.67","0.33","0","0.344678953626635","1,2,3,4,5,6,7,7,2,7,1,8,7,9,10,11,12","0.000392913818359375","louvain","graph_2024M05.graphml"
"0.66","0.34","0","0.33915614082236","1,2,3,4,5,6,7,7,2,7,1,8,7,9,10,1,11","0.000452041625976562","louvain","graph_2024M05.graphml"
"0.65","0.35","0","0.3302001953125","1,2,3,1,4,5,6,6,2,6,1,7,6,8,9,1,10","0.00042414665222168","louvain","graph_2024M05.graphml"
"0.64","0.36","0","0.322658402203857","1,2,3,1,4,5,6,6,2,6,1,7,6,8,9,1,10","0.000424861907958984","louvain","graph_2024M05.graphml"
"0.63","0.37","0","0.326464691468033","1,2,3,1,1,4,5,5,2,5,1,6,5,7,8,1,9","0.000401973724365234","louvain","graph_2024M05.graphml"
"0.62","0.38","0","0.330714285714286","1,2,3,1,1,4,5,5,2,5,1,6,5,1,7,1,8","0.000387191772460938","louvain","graph_2024M05.graphml"
"0.61","0.39","0","0.32349537037037","1,2,3,1,1,4,5,5,2,5,1,6,5,1,7,1,8","0.000385046005249023","louvain","graph_2024M05.graphml"
"0.6","0.4","0","0.316380569758948","1,2,3,1,1,4,5,5,2,5,1,6,5,1,7,1,8","0.000394105911254883","louvain","graph_2024M05.graphml"
"0.59","0.41","0","0.310844444444444","1,2,3,1,1,4,5,5,2,5,1,6,5,1,7,1,8","0.000422000885009766","louvain","graph_2024M05.graphml"
"0.58","0.42","0","0.310844444444444","1,2,3,1,1,4,5,5,2,5,1,6,5,1,7,1,8","0.000396966934204102","louvain","graph_2024M05.graphml"
"0.57","0.43","0","0.310844444444444","1,2,3,1,1,4,5,5,2,5,1,6,5,1,7,1,8","0.000605106353759766","louvain","graph_2024M05.graphml"
"0.56","0.44","0","0.306965761511216","1,2,3,1,1,4,5,5,2,5,1,6,5,1,7,1,8","0.000463962554931641","louvain","graph_2024M05.graphml"
"0.55","0.45","0","0.306965761511216","1,2,3,1,1,4,5,5,2,5,1,6,5,1,7,1,8","0.000404834747314453","louvain","graph_2024M05.graphml"
"0.54","0.46","0","0.306965761511216","1,2,3,1,1,4,5,5,2,5,1,6,5,1,7,1,8","0.000420093536376953","louvain","graph_2024M05.graphml"
"0.53","0.47","0","0.306965761511216","1,2,3,1,1,4,5,5,2,5,1,6,5,1,7,1,8","0.000397920608520508","louvain","graph_2024M05.graphml"
"0.52","0.48","0","0.310078125","1,2,3,1,1,4,5,6,2,5,1,6,5,1,7,5,8","0.000404119491577148","louvain","graph_2024M05.graphml"
"0.51","0.49","0","0.299462911888518","1,2,3,1,1,4,5,6,2,7,1,6,5,1,8,5,9","0.000559091567993164","louvain","graph_2024M05.graphml"
"0.5","0.5","0","0.299462911888518","1,2,3,1,1,4,5,6,2,7,1,6,5,1,8,5,9","0.000400066375732422","louvain","graph_2024M05.graphml"
"0.49","0.51","0","0.299674036281179","1,2,3,1,1,4,5,6,2,5,1,6,5,1,7,6,8","0.000411033630371094","louvain","graph_2024M05.graphml"
"0.48","0.52","0","0.298336938885884","1,2,3,1,1,4,5,6,2,5,1,6,5,1,7,6,8","0.0004119873046875","louvain","graph_2024M05.graphml"
"0.47","0.53","0","0.298336938885884","1,2,3,1,1,4,5,6,2,5,1,6,5,1,7,6,8","0.000386953353881836","louvain","graph_2024M05.graphml"
"0.46","0.54","0","0.286234567901234","1,2,3,1,2,4,5,6,2,5,1,7,6,1,8,6,9","0.000586986541748047","louvain","graph_2024M05.graphml"
"0.45","0.55","0","0.277351134215501","1,2,3,1,4,5,6,7,4,6,1,7,2,1,8,7,9","0.000430107116699219","louvain","graph_2024M05.graphml"
"0.44","0.56","0","0.268310249307479","1,2,3,1,4,5,6,7,4,6,1,7,2,1,8,7,9","0.00037693977355957","louvain","graph_2024M05.graphml"
"0.43","0.57","0","0.273355298118822","1,2,3,1,4,5,6,7,4,6,2,7,2,1,8,7,9","0.000408172607421875","louvain","graph_2024M05.graphml"
"0.42","0.58","0","0.274041760611705","1,2,3,1,4,5,6,7,4,6,2,7,2,1,8,7,9","0.000410079956054688","louvain","graph_2024M05.graphml"
"0.41","0.59","0","0.269944252210688","1,2,3,1,4,5,6,7,2,6,4,7,4,1,8,7,9","0.000420093536376953","louvain","graph_2024M05.graphml"
"0.4","0.6","0","0.272457347535112","1,2,3,1,4,5,6,7,2,6,4,7,4,1,8,7,9","0.000422000885009766","louvain","graph_2024M05.graphml"
"0.39","0.61","0","0.263446712018141","1,2,3,1,4,5,6,7,4,6,2,7,2,1,8,7,9","0.000393152236938477","louvain","graph_2024M05.graphml"
"0.38","0.62","0","0.257227705476461","1,2,3,1,4,5,6,7,2,6,4,7,4,1,8,7,9","0.000406980514526367","louvain","graph_2024M05.graphml"
"0.37","0.63","0","0.248181818181818","1,2,3,2,4,5,6,7,2,6,4,7,4,1,8,7,9","0.000399112701416016","louvain","graph_2024M05.graphml"
"0.36","0.64","0","0.250750750750751","1,2,3,2,4,5,6,6,2,6,4,6,4,1,7,4,8","0.000400781631469727","louvain","graph_2024M05.graphml"
"0.35","0.65","0","0.254623724489796","1,2,3,2,2,4,5,6,2,5,1,7,6,1,8,6,9","0.000419139862060547","louvain","graph_2024M05.graphml"
"0.34","0.66","0","0.24695652173913","1,2,3,4,4,5,6,6,4,2,1,6,7,1,8,7,9","0.000442981719970703","louvain","graph_2024M05.graphml"
"0.33","0.67","0","0.243356794024706","1,2,3,2,4,5,6,6,2,6,1,6,4,1,7,4,8","0.000398874282836914","louvain","graph_2024M05.graphml"
"0.32","0.68","0","0.260447460360118","1,2,3,2,4,5,6,6,2,6,1,6,4,1,7,4,8","0.000427961349487305","louvain","graph_2024M05.graphml"
"0.31","0.69","0","0.260447460360118","1,2,3,4,4,5,6,6,4,6,1,6,2,1,7,2,8","0.000428199768066406","louvain","graph_2024M05.graphml"
"0.3","0.7","0","0.260447460360118","1,2,3,4,2,5,6,6,4,6,1,6,2,1,7,4,8","0.000410079956054688","louvain","graph_2024M05.graphml"
"0.29","0.71","0","0.260447460360118","1,2,3,4,2,5,6,6,4,6,1,6,2,1,7,4,8","0.000432968139648438","louvain","graph_2024M05.graphml"
"0.28","0.72","0","0.258162070759625","1,2,3,4,4,5,6,6,4,6,1,6,2,1,7,2,8","0.000427961349487305","louvain","graph_2024M05.graphml"
"0.27","0.73","0","0.25392","1,2,3,2,4,5,6,6,2,6,1,6,4,1,7,4,8","0.000422000885009766","louvain","graph_2024M05.graphml"
"0.26","0.74","0","0.25392","1,2,3,2,4,5,6,6,2,6,1,6,4,1,7,4,8","0.000468969345092773","louvain","graph_2024M05.graphml"
"0.25","0.75","0","0.249118165784832","1,2,3,2,4,5,6,6,2,6,1,6,4,1,7,4,8","0.000410795211791992","louvain","graph_2024M05.graphml"
"0.24","0.76","0","0.251658503317007","1,2,3,2,4,5,6,6,2,6,1,6,4,1,7,4,8","0.000416994094848633","louvain","graph_2024M05.graphml"
"0.23","0.77","0","0.251276966528454","1,2,3,4,4,5,6,6,4,6,1,6,2,1,7,2,8","0.000500202178955078","louvain","graph_2024M05.graphml"
"0.22","0.78","0","0.253219509352602","1,2,3,2,4,5,6,6,2,6,1,6,4,1,7,1,8","0.000427007675170898","louvain","graph_2024M05.graphml"
"0.21","0.79","0","0.249610158164402","1,2,3,4,2,5,6,6,4,6,1,6,2,1,7,1,8","0.000411033630371094","louvain","graph_2024M05.graphml"
"0.2","0.8","0","0.248567257785467","1,2,3,4,2,5,6,6,4,6,1,6,2,1,7,1,8","0.000441074371337891","louvain","graph_2024M05.graphml"
"0.19","0.81","0","0.253103521764612","1,2,3,2,4,5,6,6,2,6,1,6,4,1,7,1,8","0.000443935394287109","louvain","graph_2024M05.graphml"
"0.18","0.82","0","0.253103521764612","1,2,3,2,4,5,6,6,2,6,1,6,4,1,7,1,8","0.000442028045654297","louvain","graph_2024M05.graphml"
"0.17","0.83","0","0.24734744578438","1,2,3,2,4,5,6,6,2,6,1,6,4,1,7,1,8","0.000427007675170898","louvain","graph_2024M05.graphml"
"0.16","0.84","0","0.243019218543694","1,2,3,1,1,4,5,5,2,5,1,5,6,1,7,6,8","0.000442028045654297","louvain","graph_2024M05.graphml"
"0.15","0.85","0","0.243019218543694","1,2,3,1,1,4,5,5,2,5,1,5,6,1,7,6,8","0.000422000885009766","louvain","graph_2024M05.graphml"
"0.14","0.86","0","0.239414544753086","1,2,3,1,1,4,5,5,2,5,1,5,6,1,7,6,8","0.000442028045654297","louvain","graph_2024M05.graphml"
"0.13","0.87","0","0.238349761673377","1,2,3,1,1,4,5,5,2,5,1,5,6,1,7,6,8","0.000419139862060547","louvain","graph_2024M05.graphml"
"0.12","0.88","0","0.234309898688654","1,2,1,1,1,3,4,4,2,4,1,4,5,1,6,5,7","0.000440835952758789","louvain","graph_2024M05.graphml"
"0.11","0.89","0","0.242150454953223","1,2,1,1,1,3,4,4,2,4,1,5,6,1,7,6,8","0.000431060791015625","louvain","graph_2024M05.graphml"
"0.1","0.9","0","0.242150454953223","1,2,1,1,1,3,4,4,2,4,1,5,6,1,7,6,8","0.000441074371337891","louvain","graph_2024M05.graphml"
"0.09","0.91","0","0.243864901332434","1,2,1,1,1,3,4,4,2,4,1,5,6,1,7,6,8","0.000447988510131836","louvain","graph_2024M05.graphml"
"0.08","0.92","0","0.245639958376691","1,2,1,1,1,3,4,4,2,4,1,4,5,1,6,5,7","0.000428199768066406","louvain","graph_2024M05.graphml"
"0.07","0.93","0","0.238975211976145","1,2,1,1,1,3,4,4,2,4,1,4,5,1,6,5,7","0.000431060791015625","louvain","graph_2024M05.graphml"
"0.06","0.94","0","0.236200128184586","1,2,1,1,2,3,4,4,2,2,1,4,5,1,6,5,7","0.000452995300292969","louvain","graph_2024M05.graphml"
"0.05","0.95","0","0.232357258459106","1,2,1,1,3,4,3,5,2,3,1,5,6,1,7,5,8","0.000544071197509766","louvain","graph_2024M05.graphml"
"0.04","0.96","0","0.230725436179982","1,2,1,1,3,4,3,5,2,3,1,5,6,1,7,5,8","0.000442981719970703","louvain","graph_2024M05.graphml"
"0.03","0.97","0","0.234885324430251","1,2,1,1,3,4,3,5,2,3,1,5,6,1,7,5,8","0.000431060791015625","louvain","graph_2024M05.graphml"
"0.02","0.98","0","0.239487412905711","1,2,1,1,3,4,5,5,2,5,1,5,3,1,6,5,7","0.000441074371337891","louvain","graph_2024M05.graphml"
"0.01","0.99","0","0.240980130638487","1,2,1,1,1,3,4,4,2,4,1,4,5,1,6,4,7","0.00043797492980957","louvain","graph_2024M05.graphml"
"0","1","0","0.241825208085612","1,2,1,1,3,4,5,5,2,5,1,5,3,1,6,5,7","0.000455856323242188","louvain","graph_2024M05.graphml"
"0.99","0","0.01","0.439909297052154","1,2,3,4,5,6,7,7,8,9,10,11,7,12,13,14,15","0.000375032424926758","louvain","graph_2024M05.graphml"
"0.98","0.01","0.01","0.43801652892562","1,2,3,4,5,6,7,7,8,7,9,10,7,11,12,13,14","0.000486850738525391","louvain","graph_2024M05.graphml"
"0.97","0.02","0.01","0.40310650887574","1,2,3,4,5,6,7,7,8,7,9,10,7,11,12,13,14","0.000375032424926758","louvain","graph_2024M05.graphml"
"0.96","0.03","0.01","0.420118343195266","1,2,3,4,5,6,7,7,8,9,10,11,7,12,13,14,15","0.00038909912109375","louvain","graph_2024M05.graphml"
"0.95","0.04","0.01","0.420118343195266","1,2,3,4,5,6,7,7,8,9,10,11,7,12,13,14,15","0.000480890274047852","louvain","graph_2024M05.graphml"
"0.94","0.05","0.01","0.397321428571428","1,2,3,4,5,6,7,7,8,9,10,11,7,12,13,14,15","0.000396966934204102","louvain","graph_2024M05.graphml"
"0.93","0.06","0.01","0.381666666666667","1,2,3,4,5,6,7,7,8,9,10,11,7,12,13,14,15","0.00038599967956543","louvain","graph_2024M05.graphml"
"0.92","0.07","0.01","0.357440166493236","1,2,3,4,5,6,7,7,8,8,9,10,7,11,12,13,14","0.000409126281738281","louvain","graph_2024M05.graphml"
"0.91","0.08","0.01","0.357440166493236","1,2,3,4,5,6,7,7,8,8,9,10,7,11,12,13,14","0.000506162643432617","louvain","graph_2024M05.graphml"
"0.9","0.09","0.01","0.36279296875","1,2,3,4,5,6,7,7,8,8,9,10,7,11,12,13,14","0.00039982795715332","louvain","graph_2024M05.graphml"
"0.89","0.1","0.01","0.36279296875","1,2,3,4,5,6,7,7,8,8,9,10,7,11,12,13,14","0.000445842742919922","louvain","graph_2024M05.graphml"
"0.88","0.11","0.01","0.36279296875","1,2,3,4,5,6,7,7,8,8,9,10,7,11,12,13,14","0.000380992889404297","louvain","graph_2024M05.graphml"
"0.87","0.12","0.01","0.345714285714286","1,2,3,4,5,6,7,7,8,9,10,7,7,11,12,13,14","0.000400066375732422","louvain","graph_2024M05.graphml"
"0.86","0.13","0.01","0.351466049382716","1,2,3,4,5,6,7,7,8,8,9,7,7,10,11,12,13","0.000382900238037109","louvain","graph_2024M05.graphml"
"0.85","0.14","0.01","0.338568298027758","1,2,3,4,5,6,7,7,8,9,10,7,7,11,12,13,14","0.000397920608520508","louvain","graph_2024M05.graphml"
"0.84","0.15","0.01","0.2978125","1,2,3,4,5,6,7,7,8,9,10,7,7,11,12,13,14","0.00037693977355957","louvain","graph_2024M05.graphml"
"0.83","0.16","0.01","0.303136830719308","1,2,3,4,5,6,7,8,9,7,10,11,8,12,13,14,15","0.000382184982299805","louvain","graph_2024M05.graphml"
"0.82","0.17","0.01","0.290617283950617","1,2,3,4,5,6,7,7,8,7,9,10,7,11,12,13,14","0.000418901443481445","louvain","graph_2024M05.graphml"
"0.81","0.18","0.01","0.296550094517958","1,2,3,4,5,6,7,7,8,7,1,9,7,10,11,12,13","0.000392913818359375","louvain","graph_2024M05.graphml"
"0.8","0.19","0.01","0.299858223062382","1,2,3,4,5,6,7,8,9,7,1,8,8,10,11,12,13","0.000382900238037109","louvain","graph_2024M05.graphml"
"0.79","0.2","0.01","0.299858223062382","1,2,3,4,5,6,7,8,9,7,1,8,8,10,11,12,13","0.000383138656616211","louvain","graph_2024M05.graphml"
"0.78","0.21","0.01","0.289496527777778","1,2,3,4,5,6,7,8,9,7,1,8,8,10,11,12,13","0.000405073165893555","louvain","graph_2024M05.graphml"
"0.77","0.22","0.01","0.301541024573095","1,2,3,4,5,6,7,7,8,9,1,10,7,11,12,13,14","0.000401973724365234","louvain","graph_2024M05.graphml"
"0.76","0.23","0.01","0.295078815840061","1,2,3,4,5,6,7,7,8,7,1,9,7,10,11,12,13","0.000428915023803711","louvain","graph_2024M05.graphml"
"0.75","0.24","0.01","0.312032751868993","1,2,3,4,5,6,7,7,2,7,1,8,7,9,10,11,12","0.00040888786315918","louvain","graph_2024M05.graphml"
"0.74","0.25","0.01","0.311239669421488","1,2,3,4,5,6,7,7,2,7,1,7,7,8,9,10,11","0.000504016876220703","louvain","graph_2024M05.graphml"
"0.73","0.26","0.01","0.316884661117717","1,2,3,4,5,6,7,7,2,7,1,8,7,9,10,1,11","0.000413179397583008","louvain","graph_2024M05.graphml"
"0.72","0.27","0.01","0.340231120666487","1,2,3,1,4,5,6,6,2,6,1,7,6,8,9,1,10","0.000400781631469727","louvain","graph_2024M05.graphml"
"0.71","0.28","0.01","0.318461538461538","1,2,3,1,4,5,6,6,2,6,1,7,6,8,9,1,10","0.000422954559326172","louvain","graph_2024M05.graphml"
"0.7","0.29","0.01","0.318230968858131","1,2,3,1,1,4,5,5,2,5,1,6,5,7,8,1,9","0.000517129898071289","louvain","graph_2024M05.graphml"
"0.69","0.3","0.01","0.318230968858131","1,2,3,1,1,4,5,5,2,5,1,6,5,7,8,1,9","0.000467061996459961","louvain","graph_2024M05.graphml"
"0.68","0.31","0.01","0.300238048006348","1,2,3,1,1,4,5,5,2,5,1,6,5,1,7,1,8","0.000409126281738281","louvain","graph_2024M05.graphml"
"0.67","0.32","0.01","0.309510030864198","1,2,3,1,1,4,5,5,2,5,1,6,5,1,7,1,8","0.00114607810974121","louvain","graph_2024M05.graphml"
"0.66","0.33","0.01","0.312722837305311","1,2,3,1,1,4,5,5,2,5,1,6,5,1,7,1,8","0.000396966934204102","louvain","graph_2024M05.graphml"
"0.65","0.34","0.01","0.312722837305311","1,2,3,1,1,4,5,5,2,5,1,6,5,1,7,1,8","0.000395059585571289","louvain","graph_2024M05.graphml"
"0.64","0.35","0.01","0.303670360110803","1,2,3,1,1,4,5,5,2,5,1,6,5,1,7,1,8","0.000410079956054688","louvain","graph_2024M05.graphml"
"0.63","0.36","0.01","0.303670360110803","1,2,3,1,1,4,5,6,2,5,1,6,5,1,7,1,8","0.00040888786315918","louvain","graph_2024M05.graphml"
"0.62","0.37","0.01","0.306965761511216","1,2,3,1,1,4,5,5,2,5,1,6,5,1,7,1,8","0.000538110733032227","louvain","graph_2024M05.graphml"
"0.61","0.38","0.01","0.306965761511216","1,2,3,1,1,4,5,5,2,5,1,6,5,1,7,1,8","0.000406026840209961","louvain","graph_2024M05.graphml"
"0.6","0.39","0.01","0.306965761511216","1,2,3,1,1,4,5,5,2,5,1,6,5,1,7,1,8","0.000409841537475586","louvain","graph_2024M05.graphml"
"0.59","0.4","0.01","0.28359375","1,2,3,1,1,4,5,6,2,7,1,6,5,1,8,5,9","0.000445842742919922","louvain","graph_2024M05.graphml"
"0.58","0.41","0.01","0.286465477823503","1,2,3,1,1,4,5,6,2,5,1,6,5,1,7,5,8","0.000400066375732422","louvain","graph_2024M05.graphml"
"0.57","0.42","0.01","0.294244497323022","1,2,3,1,1,4,5,6,2,5,1,6,5,1,7,5,8","0.000425815582275391","louvain","graph_2024M05.graphml"
"0.56","0.43","0.01","0.294244497323022","1,2,3,1,1,4,5,6,2,5,1,6,5,1,7,5,8","0.000391006469726562","louvain","graph_2024M05.graphml"
"0.55","0.44","0.01","0.289084047031499","1,2,3,1,1,4,5,6,2,7,5,6,5,1,8,5,9","0.000401973724365234","louvain","graph_2024M05.graphml"
"0.54","0.45","0.01","0.281443698347107","1,2,3,1,1,4,5,5,6,5,2,7,2,1,8,6,9","0.000473976135253906","louvain","graph_2024M05.graphml"
"0.53","0.46","0.01","0.28020451963136","1,2,3,1,1,4,5,6,2,5,5,6,5,1,7,6,8","0.000544071197509766","louvain","graph_2024M05.graphml"
"0.52","0.47","0.01","0.257186509732911","1,2,3,1,4,5,6,7,2,6,4,7,4,1,8,7,9","0.000422000885009766","louvain","graph_2024M05.graphml"
"0.51","0.48","0.01","0.25191135734072","1,2,3,1,4,5,6,7,4,6,2,7,2,1,8,7,9","0.00041508674621582","louvain","graph_2024M05.graphml"
"0.5","0.49","0.01","0.240128558310376","1,2,3,1,4,5,6,7,2,6,4,7,4,1,8,7,9","0.000560998916625977","louvain","graph_2024M05.graphml"
"0.49","0.5","0.01","0.240128558310376","1,2,3,1,4,5,6,7,2,6,4,7,4,1,8,7,9","0.000406026840209961","louvain","graph_2024M05.graphml"
"0.48","0.51","0.01","0.2514","1,2,3,1,2,4,5,6,2,5,6,7,6,1,8,6,9","0.000420808792114258","louvain","graph_2024M05.graphml"
"0.47","0.52","0.01","0.259166745216326","1,2,3,1,2,4,5,6,2,5,6,7,6,1,8,6,9","0.000417947769165039","louvain","graph_2024M05.graphml"
"0.46","0.53","0.01","0.257720044378698","1,2,3,1,4,5,6,7,2,6,4,7,4,1,8,7,9","0.000402927398681641","louvain","graph_2024M05.graphml"
"0.45","0.54","0.01","0.25437641723356","1,2,3,1,4,5,6,7,4,6,2,7,2,1,8,7,9","0.000393867492675781","louvain","graph_2024M05.graphml"
"0.44","0.55","0.01","0.25626692287536","1,2,3,1,4,5,6,7,2,6,4,7,4,1,8,7,9","0.000419855117797852","louvain","graph_2024M05.graphml"
"0.43","0.56","0.01","0.256375725948994","1,2,3,4,4,5,6,7,4,6,2,7,2,1,8,7,9","0.000402927398681641","louvain","graph_2024M05.graphml"
"0.42","0.57","0.01","0.250507264020777","1,2,3,2,4,5,6,7,2,6,4,7,4,1,8,7,9","0.000420093536376953","louvain","graph_2024M05.graphml"
"0.41","0.58","0.01","0.251195790816327","1,2,3,2,2,4,5,6,2,5,1,5,6,1,7,6,8","0.000425100326538086","louvain","graph_2024M05.graphml"
"0.4","0.59","0.01","0.244166171224732","1,2,3,4,4,5,6,6,4,2,1,6,2,1,7,6,8","0.000413894653320312","louvain","graph_2024M05.graphml"
"0.39","0.6","0.01","0.241561332950302","1,2,3,4,5,6,7,7,4,2,1,7,5,1,8,5,9","0.000439882278442383","louvain","graph_2024M05.graphml"
"0.38","0.61","0.01","0.246204364098581","1,2,3,2,4,5,6,6,2,6,1,6,4,1,7,4,8","0.000417947769165039","louvain","graph_2024M05.graphml"
"0.37","0.62","0.01","0.246204364098581","1,2,3,4,4,5,6,6,4,6,1,6,2,1,7,2,8","0.000412940979003906","louvain","graph_2024M05.graphml"
"0.36","0.63","0.01","0.255276278942695","1,2,3,4,2,5,6,6,4,6,1,6,2,1,7,4,8","0.000414848327636719","louvain","graph_2024M05.graphml"
"0.35","0.64","0.01","0.25392","1,2,3,2,4,5,6,6,2,6,1,6,4,1,7,4,8","0.000419139862060547","louvain","graph_2024M05.graphml"
"0.34","0.65","0.01","0.25392","1,2,3,4,2,5,6,6,4,6,1,6,2,1,7,4,8","0.000633001327514648","louvain","graph_2024M05.graphml"
"0.33","0.66","0.01","0.25392","1,2,3,4,2,5,6,6,4,6,1,6,2,1,7,4,8","0.000399112701416016","louvain","graph_2024M05.graphml"
"0.32","0.67","0.01","0.249118165784832","1,2,3,4,2,5,6,6,4,6,1,6,2,1,7,4,8","0.000433921813964844","louvain","graph_2024M05.graphml"
"0.31","0.68","0.01","0.247589111328125","1,2,3,4,2,5,6,6,4,6,1,6,2,1,7,4,8","0.000418186187744141","louvain","graph_2024M05.graphml"
"0.3","0.69","0.01","0.244366324139174","1,2,3,4,2,5,6,6,4,6,1,6,2,1,7,1,8","0.00061488151550293","louvain","graph_2024M05.graphml"
"0.29","0.7","0.01","0.241183431952663","1,2,3,4,4,5,6,6,4,6,1,6,2,1,7,1,8","0.000407934188842773","louvain","graph_2024M05.graphml"
"0.28","0.71","0.01","0.236389846797445","1,2,3,4,4,5,6,6,4,6,1,6,2,1,7,1,8","0.000432014465332031","louvain","graph_2024M05.graphml"
"0.27","0.72","0.01","0.238611049231455","1,2,3,4,2,5,6,6,4,6,1,6,2,1,7,1,8","0.000409126281738281","louvain","graph_2024M05.graphml"
"0.26","0.73","0.01","0.243703703703704","1,2,3,4,2,5,6,6,4,6,1,6,2,1,7,1,8","0.000417947769165039","louvain","graph_2024M05.graphml"
"0.25","0.74","0.01","0.248567257785467","1,2,3,4,4,5,6,6,4,6,1,6,2,1,7,1,8","0.000458955764770508","louvain","graph_2024M05.graphml"
"0.24","0.75","0.01","0.250551354757404","1,2,3,2,4,5,6,6,2,6,1,6,4,1,7,1,8","0.000447988510131836","louvain","graph_2024M05.graphml"
"0.23","0.76","0.01","0.243019218543694","1,2,3,1,1,4,5,5,2,5,1,5,6,1,7,6,8","0.000426054000854492","louvain","graph_2024M05.graphml"
"0.22","0.77","0.01","0.239414544753086","1,2,3,1,1,4,5,5,2,5,1,5,6,1,7,6,8","0.000433921813964844","louvain","graph_2024M05.graphml"
"0.21","0.78","0.01","0.239414544753086","1,2,3,1,1,4,5,5,2,5,1,5,6,1,7,6,8","0.000426054000854492","louvain","graph_2024M05.graphml"
"0.2","0.79","0.01","0.232477950835053","1,2,3,1,1,4,5,5,2,5,1,5,6,1,7,6,8","0.000481128692626953","louvain","graph_2024M05.graphml"
"0.19","0.8","0.01","0.229666666666667","1,2,1,1,1,3,4,4,2,4,1,4,5,1,6,5,7","0.000449180603027344","louvain","graph_2024M05.graphml"
"0.18","0.81","0.01","0.229666666666667","1,2,1,1,1,3,4,4,2,4,1,4,5,1,6,5,7","0.000418901443481445","louvain","graph_2024M05.graphml"
"0.17","0.82","0.01","0.229666666666667","1,2,1,1,1,3,4,4,2,4,1,4,5,1,6,5,7","0.000425100326538086","louvain","graph_2024M05.graphml"
"0.16","0.83","0.01","0.23711840107944","1,2,1,1,1,3,4,4,2,4,1,4,5,1,6,5,7","0.000428915023803711","louvain","graph_2024M05.graphml"
"0.15","0.84","0.01","0.2355563773833","1,2,1,1,1,3,4,4,2,4,1,4,5,1,6,5,7","0.000420093536376953","louvain","graph_2024M05.graphml"
"0.14","0.85","0.01","0.2355563773833","1,2,1,1,1,3,4,4,2,4,1,4,5,1,6,5,7","0.000432968139648438","louvain","graph_2024M05.graphml"
"0.13","0.86","0.01","0.238975211976145","1,2,1,1,1,3,4,4,2,4,1,4,5,1,6,5,7","0.000455856323242188","louvain","graph_2024M05.graphml"
"0.12","0.87","0.01","0.22865234375","1,2,1,1,1,3,4,4,2,4,1,4,5,1,6,5,7","0.000423908233642578","louvain","graph_2024M05.graphml"
"0.11","0.88","0.01","0.227785398567292","1,2,1,1,2,3,4,4,2,2,1,5,6,1,7,4,8","0.000454187393188477","louvain","graph_2024M05.graphml"
"0.1","0.89","0.01","0.227087959652226","1,2,1,1,2,3,4,4,2,2,1,4,5,1,6,2,7","0.000441074371337891","louvain","graph_2024M05.graphml"
"0.09","0.9","0.01","0.228824938307447","1,2,1,1,3,4,3,5,2,3,1,5,6,1,7,5,8","0.000436067581176758","louvain","graph_2024M05.graphml"
"0.08","0.91","0.01","0.228824938307447","1,2,1,1,3,4,3,5,2,3,1,5,6,1,7,5,8","0.000432968139648438","louvain","graph_2024M05.graphml"
"0.07","0.92","0.01","0.231977171667659","1,2,1,1,3,4,5,5,2,5,1,5,3,1,6,5,7","0.000463962554931641","louvain","graph_2024M05.graphml"
"0.06","0.93","0.01","0.240090968161144","1,2,1,1,3,4,5,5,2,5,1,5,3,1,6,5,7","0.000555038452148438","louvain","graph_2024M05.graphml"
"0.05","0.94","0.01","0.239216144876207","1,2,1,1,1,3,4,4,2,4,5,4,5,1,6,4,7","0.00044703483581543","louvain","graph_2024M05.graphml"
"0.04","0.95","0.01","0.232341244792324","1,2,1,1,3,4,5,5,2,3,3,5,6,1,7,5,8","0.000468969345092773","louvain","graph_2024M05.graphml"
"0.03","0.96","0.01","0.231871150827195","1,2,1,1,1,3,4,4,2,4,4,4,5,1,6,4,7","0.000438928604125977","louvain","graph_2024M05.graphml"
"0.02","0.97","0.01","0.234784446322908","1,2,1,1,1,3,4,4,2,4,4,5,6,1,7,4,8","0.000442981719970703","louvain","graph_2024M05.graphml"
"0.01","0.98","0.01","0.225868383742911","1,2,1,1,1,3,4,4,2,4,4,4,5,1,6,4,7","0.000417947769165039","louvain","graph_2024M05.graphml"
"0","0.99","0.01","0.225589663544918","1,2,1,1,1,3,4,4,2,4,4,4,5,1,6,4,7","0.000449895858764648","louvain","graph_2024M05.graphml"
"0.98","0","0.02","0.345","1,2,3,4,5,6,7,7,8,9,10,11,7,12,13,14,15","0.000355958938598633","louvain","graph_2024M05.graphml"
"0.97","0.01","0.02","0.350156087408949","1,2,3,4,5,6,7,7,8,8,9,10,7,11,12,13,14","0.000424861907958984","louvain","graph_2024M05.graphml"
"0.96","0.02","0.02","0.36279296875","1,2,3,4,5,6,7,7,8,8,9,10,7,11,12,13,14","0.000365972518920898","louvain","graph_2024M05.graphml"
"0.95","0.03","0.02","0.331747404844291","1,2,3,4,5,6,7,7,8,8,9,7,7,10,11,12,13","0.000365018844604492","louvain","graph_2024M05.graphml"
"0.94","0.04","0.02","0.331747404844291","1,2,3,4,5,6,7,7,8,8,9,7,7,10,11,12,13","0.000370025634765625","louvain","graph_2024M05.graphml"
"0.93","0.05","0.02","0.337551020408163","1,2,3,4,5,6,7,7,8,8,9,7,7,10,11,12,13","0.000586986541748047","louvain","graph_2024M05.graphml"
"0.92","0.06","0.02","0.351466049382716","1,2,3,4,5,6,7,7,8,8,9,7,7,10,11,12,13","0.000406026840209961","louvain","graph_2024M05.graphml"
"0.91","0.07","0.02","0.306706114398422","1,2,3,4,5,6,7,7,8,9,10,11,7,12,13,14,15","0.00038599967956543","louvain","graph_2024M05.graphml"
"0.9","0.08","0.02","0.276323616894706","1,2,3,4,5,6,7,7,8,9,10,7,7,11,12,13,14","0.000388145446777344","louvain","graph_2024M05.graphml"
"0.89","0.09","0.02","0.267441860465116","1,2,3,4,5,6,7,8,9,7,10,7,7,11,12,13,14","0.000394105911254883","louvain","graph_2024M05.graphml"
"0.88","0.1","0.02","0.277176852352623","1,2,3,4,5,6,7,7,8,7,9,10,7,11,12,13,14","0.000440120697021484","louvain","graph_2024M05.graphml"
"0.87","0.11","0.02","0.282799586776859","1,2,3,4,5,6,7,7,8,7,1,9,7,10,11,12,13","0.000401020050048828","louvain","graph_2024M05.graphml"
"0.86","0.12","0.02","0.275519848771266","1,2,3,4,5,6,7,7,8,9,1,10,7,11,12,13,14","0.000387907028198242","louvain","graph_2024M05.graphml"
"0.85","0.13","0.02","0.278428819444444","1,2,3,4,5,6,7,8,9,7,1,7,7,10,11,12,13","0.000400066375732422","louvain","graph_2024M05.graphml"
"0.84","0.14","0.02","0.292169929196168","1,2,3,4,5,6,7,7,8,7,1,9,7,10,11,12,13","0.000385046005249023","louvain","graph_2024M05.graphml"
"0.83","0.15","0.02","0.2818","1,2,3,4,5,6,7,7,8,7,1,9,7,10,11,12,13","0.000402927398681641","louvain","graph_2024M05.graphml"
"0.82","0.16","0.02","0.295078815840061","1,2,3,4,5,6,7,7,8,7,1,9,7,10,11,12,13","0.00041508674621582","louvain","graph_2024M05.graphml"
"0.81","0.17","0.02","0.316358024691358","1,2,3,4,5,6,7,7,2,7,1,8,7,9,10,1,11","0.000412940979003906","louvain","graph_2024M05.graphml"
"0.8","0.18","0.02","0.312561983471074","1,2,3,4,5,6,7,7,2,7,1,7,7,8,9,1,10","0.000518798828125","louvain","graph_2024M05.graphml"
"0.79","0.19","0.02","0.312096029547553","1,2,3,1,4,5,6,6,2,6,1,7,6,8,9,1,10","0.000400066375732422","louvain","graph_2024M05.graphml"
"0.78","0.2","0.02","0.289715598965814","1,2,3,1,4,5,6,6,2,6,1,7,6,8,9,1,10","0.000407218933105469","louvain","graph_2024M05.graphml"
"0.77","0.21","0.02","0.296568047337278","1,2,3,1,1,4,5,5,2,5,1,2,5,6,7,1,8","0.000401020050048828","louvain","graph_2024M05.graphml"
"0.76","0.22","0.02","0.307288384793111","1,2,3,1,1,4,5,5,2,5,1,6,5,7,8,1,9","0.000401973724365234","louvain","graph_2024M05.graphml"
"0.75","0.23","0.02","0.300238048006348","1,2,3,1,1,4,5,5,2,5,1,6,5,1,7,1,8","0.000396966934204102","louvain","graph_2024M05.graphml"
"0.74","0.24","0.02","0.300238048006348","1,2,3,1,1,4,5,5,2,5,1,6,5,1,7,1,8","0.000432014465332031","louvain","graph_2024M05.graphml"
"0.73","0.25","0.02","0.303530092592593","1,2,3,1,1,4,5,5,2,5,1,6,5,1,7,1,8","0.000391006469726562","louvain","graph_2024M05.graphml"
"0.72","0.26","0.02","0.312722837305311","1,2,3,1,1,4,5,5,2,5,1,6,5,1,7,1,8","0.00038599967956543","louvain","graph_2024M05.graphml"
"0.71","0.27","0.02","0.305423666910153","1,2,3,1,1,4,5,5,2,5,1,6,5,1,7,1,8","0.000415802001953125","louvain","graph_2024M05.graphml"
"0.7","0.28","0.02","0.305423666910153","1,2,3,1,1,4,5,5,2,5,1,6,5,1,7,1,8","0.000401020050048828","louvain","graph_2024M05.graphml"
"0.69","0.29","0.02","0.308533333333333","1,2,3,1,1,4,5,5,2,5,1,6,5,1,7,1,8","0.000409841537475586","louvain","graph_2024M05.graphml"
"0.68","0.3","0.02","0.303324099722992","1,2,3,1,1,4,5,5,2,5,1,6,5,1,7,1,8","0.000428915023803711","louvain","graph_2024M05.graphml"
"0.67","0.31","0.02","0.286328125","1,2,3,1,1,4,5,6,2,5,7,6,7,1,8,7,9","0.000395059585571289","louvain","graph_2024M05.graphml"
"0.66","0.32","0.02","0.278997104099985","1,2,3,1,1,4,5,6,2,5,7,6,7,1,8,7,9","0.000408172607421875","louvain","graph_2024M05.graphml"
"0.65","0.33","0.02","0.281751933372992","1,2,3,1,1,4,5,6,2,7,5,6,5,1,8,5,9","0.000425100326538086","louvain","graph_2024M05.graphml"
"0.64","0.34","0.02","0.281751933372992","1,2,3,1,1,4,5,6,2,7,5,6,5,1,8,5,9","0.000407934188842773","louvain","graph_2024M05.graphml"
"0.63","0.35","0.02","0.274518140589569","1,2,3,1,4,5,4,4,2,6,4,7,4,1,8,4,9","0.000397920608520508","louvain","graph_2024M05.graphml"
"0.62","0.36","0.02","0.276162790697674","1,2,3,1,4,5,4,4,2,6,4,7,4,1,8,4,9","0.000436782836914062","louvain","graph_2024M05.graphml"
"0.61","0.37","0.02","0.272275309917355","1,2,3,1,4,5,6,7,2,6,4,7,4,1,8,4,9","0.000405073165893555","louvain","graph_2024M05.graphml"
"0.6","0.38","0.02","0.271745991667719","1,2,3,1,4,5,4,4,2,6,4,7,4,1,8,2,9","0.000405073165893555","louvain","graph_2024M05.graphml"
"0.59","0.39","0.02","0.251589779165221","1,2,3,1,2,4,5,5,2,5,1,6,5,1,7,2,8","0.000419855117797852","louvain","graph_2024M05.graphml"
"0.58","0.4","0.02","0.241717451523546","1,2,3,1,2,4,5,6,2,7,5,6,5,1,8,6,9","0.000429868698120117","louvain","graph_2024M05.graphml"
"0.57","0.41","0.02","0.240128558310376","1,2,3,1,4,5,6,7,4,6,2,7,2,1,8,7,9","0.000463008880615234","louvain","graph_2024M05.graphml"
"0.56","0.42","0.02","0.240128558310376","1,2,3,1,4,5,6,7,2,6,4,7,4,1,8,7,9","0.000458002090454102","louvain","graph_2024M05.graphml"
"0.55","0.43","0.02","0.23465","1,2,3,1,4,5,6,7,2,6,4,7,4,1,8,7,9","0.000414133071899414","louvain","graph_2024M05.graphml"
"0.54","0.44","0.02","0.23465","1,2,3,1,4,5,6,7,4,6,2,7,2,1,8,7,9","0.000399112701416016","louvain","graph_2024M05.graphml"
"0.53","0.45","0.02","0.237378688363886","1,2,3,1,4,5,6,7,4,6,2,7,2,1,8,7,9","0.000433921813964844","louvain","graph_2024M05.graphml"
"0.52","0.46","0.02","0.237378688363886","1,2,3,1,4,5,6,7,4,6,2,7,2,1,8,7,9","0.000411033630371094","louvain","graph_2024M05.graphml"
"0.51","0.47","0.02","0.243809523809524","1,2,3,1,4,5,6,7,2,6,4,7,4,1,8,7,9","0.000416040420532227","louvain","graph_2024M05.graphml"
"0.5","0.48","0.02","0.247401519783387","1,2,3,1,4,5,6,7,4,6,2,7,2,1,8,7,9","0.000407934188842773","louvain","graph_2024M05.graphml"
"0.49","0.49","0.02","0.247790590017675","1,2,3,4,2,5,6,7,4,6,2,7,2,1,8,7,9","0.00041508674621582","louvain","graph_2024M05.graphml"
"0.48","0.5","0.02","0.245247933884298","1,2,3,2,2,4,5,6,2,5,6,7,6,1,8,6,9","0.000406980514526367","louvain","graph_2024M05.graphml"
"0.47","0.51","0.02","0.244850810556817","1,2,3,4,2,5,6,7,4,6,1,7,2,1,8,7,9","0.000438213348388672","louvain","graph_2024M05.graphml"
"0.46","0.52","0.02","0.246229609110495","1,2,3,2,2,4,5,6,2,5,1,7,6,1,8,6,9","0.000403165817260742","louvain","graph_2024M05.graphml"
"0.45","0.53","0.02","0.247753670830594","1,2,3,2,2,4,5,6,2,5,1,5,6,1,7,6,8","0.000422954559326172","louvain","graph_2024M05.graphml"
"0.44","0.54","0.02","0.247753670830594","1,2,3,4,4,5,2,6,4,2,1,2,6,1,7,6,8","0.000412940979003906","louvain","graph_2024M05.graphml"
"0.43","0.55","0.02","0.241875","1,2,3,2,4,5,6,6,2,6,1,6,4,1,7,4,8","0.000414848327636719","louvain","graph_2024M05.graphml"
"0.42","0.56","0.02","0.23700566901168","1,2,3,4,4,5,6,6,4,6,1,6,2,1,7,2,8","0.000512123107910156","louvain","graph_2024M05.graphml"
"0.41","0.57","0.02","0.244960010575716","1,2,3,4,4,5,6,6,4,6,1,6,2,1,7,2,8","0.000415802001953125","louvain","graph_2024M05.graphml"
"0.4","0.58","0.02","0.244960010575716","1,2,3,4,4,5,6,6,4,6,1,6,2,1,7,2,8","0.0004119873046875","louvain","graph_2024M05.graphml"
"0.39","0.59","0.02","0.239890400604686","1,2,3,2,4,5,6,6,2,6,1,6,4,1,7,4,8","0.00043797492980957","louvain","graph_2024M05.graphml"
"0.38","0.6","0.02","0.24505549011098","1,2,3,4,2,5,6,6,4,6,1,6,2,1,7,4,8","0.000416994094848633","louvain","graph_2024M05.graphml"
"0.37","0.61","0.02","0.241183431952663","1,2,3,4,4,5,6,6,4,6,1,6,2,1,7,1,8","0.000432014465332031","louvain","graph_2024M05.graphml"
"0.36","0.62","0.02","0.23655381388031","1,2,3,4,4,5,6,6,4,6,1,6,2,1,7,1,8","0.000426054000854492","louvain","graph_2024M05.graphml"
"0.35","0.63","0.02","0.232638888888889","1,2,3,4,2,5,6,6,4,6,1,6,2,1,7,1,8","0.00043797492980957","louvain","graph_2024M05.graphml"
"0.34","0.64","0.02","0.236389846797445","1,2,3,4,4,5,6,6,4,6,1,6,2,1,7,1,8","0.000435113906860352","louvain","graph_2024M05.graphml"
"0.33","0.65","0.02","0.238611049231455","1,2,3,4,4,5,6,6,4,6,1,6,2,1,7,1,8","0.000442028045654297","louvain","graph_2024M05.graphml"
"0.32","0.66","0.02","0.238611049231455","1,2,3,4,2,5,6,6,4,6,1,6,2,1,7,1,8","0.000442028045654297","louvain","graph_2024M05.graphml"
"0.31","0.67","0.02","0.237492674090255","1,2,3,4,2,5,6,6,4,6,1,6,2,1,7,1,8","0.00050806999206543","louvain","graph_2024M05.graphml"
"0.3","0.68","0.02","0.239107142857143","1,2,3,1,1,4,5,5,2,5,1,5,6,1,7,6,8","0.000497102737426758","louvain","graph_2024M05.graphml"
"0.29","0.69","0.02","0.234608049293364","1,2,3,1,1,4,5,5,2,5,1,5,6,1,7,6,8","0.000442981719970703","louvain","graph_2024M05.graphml"
"0.28","0.7","0.02","0.239414544753086","1,2,3,1,1,4,5,5,2,5,1,5,6,1,7,6,8","0.000459909439086914","louvain","graph_2024M05.graphml"
"0.27","0.71","0.02","0.232477950835053","1,2,3,1,1,4,5,5,2,5,1,5,6,1,7,6,8","0.000418186187744141","louvain","graph_2024M05.graphml"
"0.26","0.72","0.02","0.230437363038714","1,2,1,1,1,3,4,4,2,4,1,4,5,1,6,5,7","0.000429153442382812","louvain","graph_2024M05.graphml"
"0.25","0.73","0.02","0.226327792640674","1,2,1,1,1,3,4,4,2,4,1,4,5,1,6,5,7","0.000421047210693359","louvain","graph_2024M05.graphml"
"0.24","0.74","0.02","0.226327792640674","1,2,1,1,1,3,4,4,2,4,1,4,5,1,6,5,7","0.000463008880615234","louvain","graph_2024M05.graphml"
"0.23","0.75","0.02","0.228207236842105","1,2,1,1,1,3,4,4,2,4,1,4,5,1,6,5,7","0.0004119873046875","louvain","graph_2024M05.graphml"
"0.22","0.76","0.02","0.224892135503439","1,2,1,1,1,3,4,4,2,4,1,4,5,1,6,5,7","0.00042414665222168","louvain","graph_2024M05.graphml"
"0.21","0.77","0.02","0.231071800208117","1,2,1,1,1,3,4,4,2,4,1,4,5,1,6,5,7","0.000407934188842773","louvain","graph_2024M05.graphml"
"0.2","0.78","0.02","0.224431011400057","1,2,1,1,1,3,4,4,2,4,1,4,5,1,6,5,7","0.000419855117797852","louvain","graph_2024M05.graphml"
"0.19","0.79","0.02","0.224431011400057","1,2,1,1,1,3,4,4,2,4,1,4,5,1,6,5,7","0.000416040420532227","louvain","graph_2024M05.graphml"
"0.18","0.8","0.02","0.225208654720937","1,2,1,1,1,3,4,4,2,4,1,4,5,1,6,5,7","0.000434160232543945","louvain","graph_2024M05.graphml"
"0.17","0.81","0.02","0.221174363664076","1,2,1,1,2,3,4,4,2,2,1,4,5,1,6,5,7","0.000452995300292969","louvain","graph_2024M05.graphml"
"0.16","0.82","0.02","0.217820493753718","1,2,1,1,3,4,5,6,2,3,1,5,6,1,7,6,8","0.000567913055419922","louvain","graph_2024M05.graphml"
"0.15","0.83","0.02","0.223507805325987","1,2,1,1,3,4,5,5,2,3,1,5,6,1,7,3,8","0.000447988510131836","louvain","graph_2024M05.graphml"
"0.14","0.84","0.02","0.222722220230198","1,2,1,1,3,4,3,5,2,3,1,6,5,1,7,5,8","0.000463008880615234","louvain","graph_2024M05.graphml"
"0.13","0.85","0.02","0.225849935226358","1,2,1,1,3,4,3,5,2,3,1,5,6,1,7,5,8","0.000436067581176758","louvain","graph_2024M05.graphml"
"0.12","0.86","0.02","0.225849935226358","1,2,1,1,3,4,3,5,2,3,1,5,6,1,7,5,8","0.000681877136230469","louvain","graph_2024M05.graphml"
"0.11","0.87","0.02","0.228925122790604","1,2,1,1,3,4,5,5,2,5,1,5,3,1,6,5,7","0.000463962554931641","louvain","graph_2024M05.graphml"
"0.1","0.88","0.02","0.219702350206612","1,2,1,1,3,4,5,5,2,5,1,5,3,1,6,5,7","0.00045013427734375","louvain","graph_2024M05.graphml"
"0.09","0.89","0.02","0.227973533909678","1,2,1,1,1,3,4,5,2,4,4,5,6,1,7,4,8","0.000543832778930664","louvain","graph_2024M05.graphml"
"0.08","0.9","0.02","0.221266684582997","1,2,1,1,3,4,5,5,2,5,1,5,3,1,6,5,7","0.000426054000854492","louvain","graph_2024M05.graphml"
"0.07","0.91","0.02","0.22327246165084","1,2,1,1,1,3,4,4,2,4,4,4,5,1,6,4,7","0.000448942184448242","louvain","graph_2024M05.graphml"
"0.06","0.92","0.02","0.225989773557341","1,2,1,1,1,3,4,4,2,4,4,5,6,1,7,4,8","0.000456094741821289","louvain","graph_2024M05.graphml"
"0.05","0.93","0.02","0.227415711058366","1,2,1,1,1,3,4,4,2,4,4,4,5,1,6,4,7","0.000442028045654297","louvain","graph_2024M05.graphml"
"0.04","0.94","0.02","0.230332580285396","1,2,1,1,1,3,4,4,2,4,4,5,6,1,7,4,8","0.000448942184448242","louvain","graph_2024M05.graphml"
"0.03","0.95","0.02","0.231908401220571","1,2,1,1,3,4,3,3,2,3,3,5,6,1,7,3,8","0.000447988510131836","louvain","graph_2024M05.graphml"
"0.02","0.96","0.02","0.229709141274238","1,2,1,1,3,4,3,3,2,3,3,5,6,1,7,3,8","0.00043177604675293","louvain","graph_2024M05.graphml"
"0.01","0.97","0.02","0.232556578700099","1,2,1,1,3,4,3,3,2,3,3,5,6,1,7,3,8","0.000442028045654297","louvain","graph_2024M05.graphml"
"0","0.98","0.02","0.23006039150354","1,2,1,1,3,4,3,3,2,3,3,5,6,1,7,3,8","0.000486135482788086","louvain","graph_2024M05.graphml"
"0.97","0","0.03","0.279298036882808","1,2,3,4,5,6,7,7,8,9,10,11,7,12,13,14,15","0.000392913818359375","louvain","graph_2024M05.graphml"
"0.96","0.01","0.03","0.276323616894706","1,2,3,4,5,6,7,7,8,9,10,7,7,11,12,13,14","0.000402212142944336","louvain","graph_2024M05.graphml"
"0.95","0.02","0.03","0.284297052154195","1,2,3,4,5,6,7,7,8,9,10,11,7,12,13,14,15","0.000406980514526367","louvain","graph_2024M05.graphml"
"0.94","0.03","0.03","0.28691184424013","1,2,3,4,5,6,7,7,8,9,1,7,7,10,11,12,13","0.000447988510131836","louvain","graph_2024M05.graphml"
"0.93","0.04","0.03","0.26320987654321","1,2,3,4,5,6,7,7,8,9,1,7,7,10,11,12,13","0.000396013259887695","louvain","graph_2024M05.graphml"
"0.92","0.05","0.03","0.263941398865784","1,2,3,4,5,6,7,7,8,7,1,7,7,9,10,11,12","0.000382900238037109","louvain","graph_2024M05.graphml"
"0.91","0.06","0.03","0.270031688546854","1,2,3,4,5,6,7,7,8,7,1,7,7,9,10,11,12","0.000405073165893555","louvain","graph_2024M05.graphml"
"0.9","0.07","0.03","0.270031688546854","1,2,3,4,5,6,7,7,8,7,1,7,7,9,10,11,12","0.000391006469726562","louvain","graph_2024M05.graphml"
"0.89","0.08","0.03","0.275926697209496","1,2,3,4,5,6,7,7,8,7,1,9,7,10,11,12,13","0.000431060791015625","louvain","graph_2024M05.graphml"
"0.88","0.09","0.03","0.2574","1,2,3,4,5,6,7,8,7,7,1,8,8,9,10,1,11","0.000394105911254883","louvain","graph_2024M05.graphml"
"0.87","0.1","0.03","0.304556781772873","1,2,3,4,5,6,7,7,8,7,1,9,7,10,11,1,12","0.000416040420532227","louvain","graph_2024M05.graphml"
"0.86","0.11","0.03","0.296552785472453","1,2,3,1,4,5,6,6,2,6,1,7,6,8,9,1,10","0.000391960144042969","louvain","graph_2024M05.graphml"
"0.85","0.12","0.03","0.281959207124389","1,2,3,1,4,5,6,6,2,6,1,6,6,7,8,1,9","0.000393152236938477","louvain","graph_2024M05.graphml"
"0.84","0.13","0.03","0.27926638917794","1,2,3,1,1,4,5,5,2,5,1,2,5,6,7,1,8","0.000401973724365234","louvain","graph_2024M05.graphml"
"0.83","0.14","0.03","0.2886962890625","1,2,3,1,1,4,5,5,2,5,1,2,5,6,7,1,8","0.000593900680541992","louvain","graph_2024M05.graphml"
"0.82","0.15","0.03","0.273780351971486","1,2,3,1,1,4,5,5,2,5,1,2,5,1,6,1,7","0.000408172607421875","louvain","graph_2024M05.graphml"
"0.81","0.16","0.03","0.273780351971486","1,2,3,1,1,4,5,5,2,5,1,2,5,1,6,1,7","0.00038909912109375","louvain","graph_2024M05.graphml"
"0.8","0.17","0.03","0.269586221382063","1,2,3,1,1,4,5,5,2,5,5,2,5,1,6,1,7","0.000412940979003906","louvain","graph_2024M05.graphml"
"0.79","0.18","0.03","0.293676111840871","1,2,3,1,1,4,5,5,2,5,5,6,5,1,7,1,8","0.000400066375732422","louvain","graph_2024M05.graphml"
"0.78","0.19","0.03","0.286614317019722","1,2,3,1,1,4,5,5,2,5,5,6,5,1,7,1,8","0.000409841537475586","louvain","graph_2024M05.graphml"
"0.77","0.2","0.03","0.295733333333333","1,2,3,1,1,4,5,5,2,5,5,6,5,1,7,1,8","0.000381946563720703","louvain","graph_2024M05.graphml"
"0.76","0.21","0.03","0.295733333333333","1,2,3,1,1,4,5,5,2,5,5,6,5,1,7,1,8","0.000393867492675781","louvain","graph_2024M05.graphml"
"0.75","0.22","0.03","0.302664867599933","1,2,3,1,1,4,5,5,2,5,5,6,5,1,7,1,8","0.000423908233642578","louvain","graph_2024M05.graphml"
"0.74","0.23","0.03","0.277421875","1,2,3,1,1,4,5,5,2,5,5,6,5,1,7,1,8","0.00041508674621582","louvain","graph_2024M05.graphml"
"0.73","0.24","0.03","0.271452522481329","1,2,3,1,4,5,4,4,2,6,4,7,4,1,8,4,9","0.000403881072998047","louvain","graph_2024M05.graphml"
"0.72","0.25","0.03","0.264054134443783","1,2,3,1,4,5,4,4,2,4,1,6,4,1,7,1,8","0.000388860702514648","louvain","graph_2024M05.graphml"
"0.71","0.26","0.03","0.270431122078676","1,2,3,1,4,5,4,4,2,6,4,7,4,1,8,4,9","0.000391960144042969","louvain","graph_2024M05.graphml"
"0.7","0.27","0.03","0.261692176870748","1,2,3,1,1,4,5,5,2,5,1,6,5,1,7,5,8","0.000400066375732422","louvain","graph_2024M05.graphml"
"0.69","0.28","0.03","0.259396971335857","1,2,3,1,1,4,5,5,2,5,5,6,5,1,7,1,8","0.000409841537475586","louvain","graph_2024M05.graphml"
"0.68","0.29","0.03","0.262506760411033","1,2,3,1,4,5,4,4,2,6,4,7,4,1,8,4,9","0.000416040420532227","louvain","graph_2024M05.graphml"
"0.67","0.3","0.03","0.267283950617284","1,2,3,1,4,5,4,4,2,6,4,7,4,1,8,2,9","0.000432968139648438","louvain","graph_2024M05.graphml"
"0.66","0.31","0.03","0.255434782608696","1,2,3,1,4,5,4,4,2,6,4,7,4,1,8,2,9","0.000638008117675781","louvain","graph_2024M05.graphml"
"0.65","0.32","0.03","0.241163434903047","1,2,3,1,2,4,5,5,2,6,5,7,5,1,8,2,9","0.00040888786315918","louvain","graph_2024M05.graphml"
"0.64","0.33","0.03","0.234646267361111","1,2,3,1,2,4,5,5,2,6,5,7,5,1,8,2,9","0.000458002090454102","louvain","graph_2024M05.graphml"
"0.63","0.34","0.03","0.232351103706789","1,2,3,1,2,4,5,5,2,6,5,7,5,1,8,2,9","0.000411033630371094","louvain","graph_2024M05.graphml"
"0.62","0.35","0.03","0.228293031323334","1,2,3,1,4,5,6,7,4,6,2,7,2,1,8,7,9","0.000402927398681641","louvain","graph_2024M05.graphml"
"0.61","0.36","0.03","0.233802673196613","1,2,3,1,2,4,5,5,2,6,5,7,5,1,8,5,9","0.000436067581176758","louvain","graph_2024M05.graphml"
"0.6","0.37","0.03","0.23465","1,2,3,1,4,5,6,7,2,6,4,7,4,1,8,7,9","0.000405073165893555","louvain","graph_2024M05.graphml"
"0.59","0.38","0.03","0.237378688363886","1,2,3,1,4,5,6,7,2,6,4,7,4,1,8,7,9","0.000403881072998047","louvain","graph_2024M05.graphml"
"0.58","0.39","0.03","0.235507587897069","1,2,3,1,2,4,5,6,2,5,5,6,5,1,7,6,8","0.000406980514526367","louvain","graph_2024M05.graphml"
"0.57","0.4","0.03","0.232114242624187","1,2,3,1,4,5,2,6,4,2,2,6,2,1,7,6,8","0.000422954559326172","louvain","graph_2024M05.graphml"
"0.56","0.41","0.03","0.235566425015285","1,2,3,1,4,5,6,7,4,6,2,7,2,1,8,7,9","0.000431060791015625","louvain","graph_2024M05.graphml"
"0.55","0.42","0.03","0.236049154111607","1,2,3,2,4,5,6,7,2,6,4,7,4,1,8,7,9","0.000414848327636719","louvain","graph_2024M05.graphml"
"0.54","0.43","0.03","0.239462809917355","1,2,3,2,2,4,5,6,2,5,1,7,6,1,8,6,9","0.000413894653320312","louvain","graph_2024M05.graphml"
"0.53","0.44","0.03","0.232895057219382","1,2,3,4,2,5,6,7,4,6,1,7,2,1,8,7,9","0.00042414665222168","louvain","graph_2024M05.graphml"
"0.52","0.45","0.03","0.239437181122449","1,2,3,4,2,5,6,7,4,6,1,7,2,1,8,7,9","0.000551223754882812","louvain","graph_2024M05.graphml"
"0.51","0.46","0.03","0.234669187145558","1,2,3,4,2,5,6,7,4,6,1,7,2,1,8,7,9","0.000407934188842773","louvain","graph_2024M05.graphml"
"0.5","0.47","0.03","0.238754325259516","1,2,3,4,4,5,2,6,4,2,1,2,6,1,7,6,8","0.000422000885009766","louvain","graph_2024M05.graphml"
"0.49","0.48","0.03","0.238754325259516","1,2,3,2,2,4,5,6,2,5,1,5,6,1,7,6,8","0.000422954559326172","louvain","graph_2024M05.graphml"
"0.48","0.49","0.03","0.231423611111111","1,2,3,4,2,5,6,2,4,6,1,6,2,1,7,2,8","0.000437021255493164","louvain","graph_2024M05.graphml"
"0.47","0.5","0.03","0.237996038521959","1,2,3,2,2,4,5,6,2,5,1,5,6,1,7,6,8","0.00045013427734375","louvain","graph_2024M05.graphml"
"0.46","0.51","0.03","0.238449335712869","1,2,3,4,4,5,2,6,4,2,1,2,6,1,7,6,8","0.00046086311340332","louvain","graph_2024M05.graphml"
"0.45","0.52","0.03","0.229679459358919","1,2,3,4,2,5,6,6,4,6,1,6,2,1,7,1,8","0.000418901443481445","louvain","graph_2024M05.graphml"
"0.44","0.53","0.03","0.229679459358919","1,2,3,4,2,5,6,6,4,6,1,6,2,1,7,1,8","0.000422000885009766","louvain","graph_2024M05.graphml"
"0.43","0.54","0.03","0.227463434531787","1,2,3,4,2,5,6,6,4,6,1,6,2,1,7,1,8","0.000474929809570312","louvain","graph_2024M05.graphml"
"0.42","0.55","0.03","0.227463434531787","1,2,3,4,2,5,6,6,4,6,1,6,2,1,7,1,8","0.000423908233642578","louvain","graph_2024M05.graphml"
"0.41","0.56","0.03","0.227463434531787","1,2,3,4,2,5,6,6,4,6,1,6,2,1,7,1,8","0.000432968139648438","louvain","graph_2024M05.graphml"
"0.4","0.57","0.03","0.23114836266429","1,2,3,4,5,6,7,7,4,2,1,7,5,1,8,1,9","0.000471115112304688","louvain","graph_2024M05.graphml"
"0.39","0.58","0.03","0.23180687716263","1,2,3,4,2,5,6,6,4,6,1,6,2,1,7,1,8","0.000426054000854492","louvain","graph_2024M05.graphml"
"0.38","0.59","0.03","0.229500772550482","1,2,3,4,2,5,6,6,4,6,1,6,2,1,7,1,8","0.000461101531982422","louvain","graph_2024M05.graphml"
"0.37","0.6","0.03","0.225195383261736","1,2,3,1,4,5,6,6,2,6,1,6,4,1,7,1,8","0.0004119873046875","louvain","graph_2024M05.graphml"
"0.36","0.61","0.03","0.224209043810673","1,2,3,1,1,4,5,5,6,2,1,5,5,1,7,5,8","0.000550985336303711","louvain","graph_2024M05.graphml"
"0.35","0.62","0.03","0.227800237812128","1,2,3,1,1,4,5,5,2,5,1,5,6,1,7,6,8","0.000612974166870117","louvain","graph_2024M05.graphml"
"0.34","0.63","0.03","0.227800237812128","1,2,3,1,1,4,5,5,2,5,1,5,6,1,7,6,8","0.000513076782226562","louvain","graph_2024M05.graphml"
"0.33","0.64","0.03","0.21974235394802","1,2,1,1,1,3,4,4,2,4,1,4,5,1,6,5,7","0.000413179397583008","louvain","graph_2024M05.graphml"
"0.32","0.65","0.03","0.219787396964101","1,2,1,1,1,3,4,4,2,4,1,5,6,1,7,6,8","0.000420093536376953","louvain","graph_2024M05.graphml"
"0.31","0.66","0.03","0.22641550809175","1,2,1,1,1,3,4,4,2,4,1,4,5,1,6,5,7","0.000429153442382812","louvain","graph_2024M05.graphml"
"0.3","0.67","0.03","0.225725148447178","1,2,1,1,1,3,4,4,2,4,1,4,5,1,6,5,7","0.000441789627075195","louvain","graph_2024M05.graphml"
"0.29","0.68","0.03","0.220957336108221","1,2,1,1,1,3,4,5,2,4,1,4,5,1,6,5,7","0.000442028045654297","louvain","graph_2024M05.graphml"
"0.28","0.69","0.03","0.214024909732646","1,2,1,1,1,3,4,5,2,4,1,4,5,1,6,5,7","0.000472068786621094","louvain","graph_2024M05.graphml"
"0.27","0.7","0.03","0.217413074827752","1,2,1,1,1,3,4,4,2,2,1,5,4,1,6,4,7","0.000449895858764648","louvain","graph_2024M05.graphml"
"0.26","0.71","0.03","0.220976227206202","1,2,1,1,1,3,4,4,2,2,1,5,4,1,6,4,7","0.000416994094848633","louvain","graph_2024M05.graphml"
"0.25","0.72","0.03","0.214748659388141","1,2,1,1,1,3,4,5,2,4,1,4,5,1,6,5,7","0.000411033630371094","louvain","graph_2024M05.graphml"
"0.24","0.73","0.03","0.214748659388141","1,2,1,1,1,3,4,5,2,4,1,4,5,1,6,5,7","0.000452995300292969","louvain","graph_2024M05.graphml"
"0.23","0.74","0.03","0.21656378600823","1,2,1,1,1,3,4,5,2,4,1,4,5,1,6,5,7","0.000567913055419922","louvain","graph_2024M05.graphml"
"0.22","0.75","0.03","0.214065288518739","1,2,1,1,3,4,5,5,2,3,1,6,5,1,7,3,8","0.000439882278442383","louvain","graph_2024M05.graphml"
"0.21","0.76","0.03","0.21438162287705","1,2,1,1,3,4,5,5,2,3,1,5,6,1,7,3,8","0.000432014465332031","louvain","graph_2024M05.graphml"
"0.2","0.77","0.03","0.21438162287705","1,2,1,1,3,4,5,5,2,3,1,5,6,1,7,3,8","0.000431060791015625","louvain","graph_2024M05.graphml"
"0.19","0.78","0.03","0.216088780522787","1,2,1,1,3,4,5,5,2,3,1,5,6,1,7,3,8","0.000411033630371094","louvain","graph_2024M05.graphml"
"0.18","0.79","0.03","0.215057624568243","1,2,1,1,3,4,3,5,2,3,1,5,6,1,7,5,8","0.000429153442382812","louvain","graph_2024M05.graphml"
"0.17","0.8","0.03","0.214295151274937","1,2,1,1,3,4,3,5,2,3,1,5,6,1,7,5,8","0.000481128692626953","louvain","graph_2024M05.graphml"
"0.16","0.81","0.03","0.214698270420401","1,2,1,1,3,4,5,5,2,5,1,5,3,1,6,5,7","0.000483036041259766","louvain","graph_2024M05.graphml"
"0.15","0.82","0.03","0.213873456790123","1,2,1,1,1,3,4,4,2,4,5,4,5,1,6,4,7","0.000449895858764648","louvain","graph_2024M05.graphml"
"0.14","0.83","0.03","0.215698544000488","1,2,1,1,3,4,5,5,2,5,1,5,3,1,6,5,7","0.000466108322143555","louvain","graph_2024M05.graphml"
"0.13","0.84","0.03","0.213440405748098","1,2,1,1,1,3,4,5,2,4,4,5,6,1,7,4,8","0.000441074371337891","louvain","graph_2024M05.graphml"
"0.12","0.85","0.03","0.217325091821195","1,2,1,1,1,3,4,5,2,4,4,5,6,1,7,4,8","0.000450849533081055","louvain","graph_2024M05.graphml"
"0.11","0.86","0.03","0.225585518602191","1,2,1,1,1,3,4,4,2,4,4,5,6,1,7,4,8","0.000454902648925781","louvain","graph_2024M05.graphml"
"0.1","0.87","0.03","0.228228270710729","1,2,1,1,1,3,4,4,2,4,4,5,6,1,7,4,8","0.000442028045654297","louvain","graph_2024M05.graphml"
"0.09","0.88","0.03","0.225665574871924","1,2,1,1,1,3,4,4,2,4,4,5,6,1,7,4,8","0.000454187393188477","louvain","graph_2024M05.graphml"
"0.08","0.89","0.03","0.223019390581717","1,2,1,1,1,3,4,4,2,4,4,5,6,1,7,4,8","0.000424861907958984","louvain","graph_2024M05.graphml"
"0.07","0.9","0.03","0.222126768503852","1,2,1,1,3,4,3,3,2,3,3,3,5,1,6,3,7","0.00042414665222168","louvain","graph_2024M05.graphml"
"0.06","0.91","0.03","0.226502724905367","1,2,1,1,3,4,3,3,2,3,3,5,6,1,7,3,8","0.000524044036865234","louvain","graph_2024M05.graphml"
"0.05","0.92","0.03","0.224685027072053","1,2,1,1,3,4,3,3,2,3,3,5,6,1,7,3,8","0.000458002090454102","louvain","graph_2024M05.graphml"
"0.04","0.93","0.03","0.222317618241964","1,2,1,1,3,4,3,3,2,3,3,5,6,1,7,3,8","0.000431060791015625","louvain","graph_2024M05.graphml"
"0.03","0.94","0.03","0.222308853741244","1,2,1,1,3,4,3,3,2,3,3,5,6,1,7,3,8","0.000574827194213867","louvain","graph_2024M05.graphml"
"0.02","0.95","0.03","0.225945985687678","1,2,1,1,3,4,3,3,2,3,3,5,6,1,7,3,8","0.000478982925415039","louvain","graph_2024M05.graphml"
"0.01","0.96","0.03","0.215889810538222","1,2,1,1,3,4,3,3,2,3,3,5,6,1,7,3,8","0.0010688304901123","louvain","graph_2024M05.graphml"
"0","0.97","0.03","0.210891272189349","1,2,1,1,3,4,3,3,2,3,3,5,6,1,7,3,8","0.000479936599731445","louvain","graph_2024M05.graphml"
"0.96","0","0.04","0.265930862140775","1,2,3,4,5,6,7,8,9,7,1,7,7,10,11,1,12","0.000396966934204102","louvain","graph_2024M05.graphml"
"0.95","0.01","0.04","0.274260724698043","1,2,3,4,5,6,7,7,8,7,1,9,7,10,11,1,12","0.000393152236938477","louvain","graph_2024M05.graphml"
"0.94","0.02","0.04","0.2634","1,2,3,4,5,6,7,7,8,7,1,9,7,10,11,1,12","0.000391960144042969","louvain","graph_2024M05.graphml"
"0.93","0.03","0.04","0.258276966892132","1,2,3,1,4,5,6,6,7,6,1,8,6,9,10,1,11","0.00040888786315918","louvain","graph_2024M05.graphml"
"0.92","0.04","0.04","0.242419738406659","1,2,3,1,4,5,6,7,8,6,6,6,6,9,10,1,11","0.000391006469726562","louvain","graph_2024M05.graphml"
"0.91","0.05","0.04","0.252916666666667","1,2,3,1,1,4,5,5,2,5,5,5,5,6,7,1,8","0.000406026840209961","louvain","graph_2024M05.graphml"
"0.9","0.06","0.04","0.269463340891912","1,2,3,1,1,4,5,5,2,5,5,2,5,6,7,1,8","0.000406980514526367","louvain","graph_2024M05.graphml"
"0.89","0.07","0.04","0.267102846648301","1,2,3,1,1,4,5,5,2,5,5,2,5,1,6,1,7","0.000478029251098633","louvain","graph_2024M05.graphml"
"0.88","0.08","0.04","0.269586221382063","1,2,3,1,1,4,5,5,2,5,5,2,5,1,6,1,7","0.000395059585571289","louvain","graph_2024M05.graphml"
"0.87","0.09","0.04","0.269586221382063","1,2,3,1,1,4,5,5,2,5,5,2,5,1,6,1,7","0.000406980514526367","louvain","graph_2024M05.graphml"
"0.86","0.1","0.04","0.269586221382063","1,2,3,1,1,4,5,5,2,5,5,2,5,1,6,1,7","0.000407934188842773","louvain","graph_2024M05.graphml"
"0.85","0.11","0.04","0.266316207101766","1,2,3,1,1,4,5,5,2,5,5,2,5,1,6,1,7","0.000403881072998047","louvain","graph_2024M05.graphml"
"0.84","0.12","0.04","0.260320216049383","1,2,3,1,4,5,6,4,2,6,4,2,4,1,7,1,8","0.000384092330932617","louvain","graph_2024M05.graphml"
"0.83","0.13","0.04","0.278488888888889","1,2,3,1,4,5,4,4,2,6,4,7,4,1,8,1,9","0.000414133071899414","louvain","graph_2024M05.graphml"
"0.82","0.14","0.04","0.275596859477648","1,2,3,1,4,5,4,4,2,6,4,7,4,1,8,1,9","0.000658035278320312","louvain","graph_2024M05.graphml"
"0.81","0.15","0.04","0.271452522481329","1,2,3,1,4,5,4,4,2,6,4,7,4,1,8,4,9","0.000566005706787109","louvain","graph_2024M05.graphml"
"0.8","0.16","0.04","0.271452522481329","1,2,3,1,4,5,4,4,2,6,4,7,4,1,8,4,9","0.000573873519897461","louvain","graph_2024M05.graphml"
"0.79","0.17","0.04","0.265318262938727","1,2,3,1,4,5,4,4,2,6,4,7,4,1,8,4,9","0.000398874282836914","louvain","graph_2024M05.graphml"
"0.78","0.18","0.04","0.269415009435332","1,2,3,1,4,5,4,4,2,6,4,7,4,1,8,4,9","0.000421047210693359","louvain","graph_2024M05.graphml"
"0.77","0.19","0.04","0.262506760411033","1,2,3,1,4,5,4,4,2,6,4,7,4,1,8,4,9","0.000462055206298828","louvain","graph_2024M05.graphml"
"0.76","0.2","0.04","0.262506760411033","1,2,3,1,4,5,4,4,2,6,4,7,4,1,8,4,9","0.000398874282836914","louvain","graph_2024M05.graphml"
"0.75","0.21","0.04","0.262506760411033","1,2,3,1,4,5,4,4,2,6,4,7,4,1,8,4,9","0.000730991363525391","louvain","graph_2024M05.graphml"
"0.74","0.22","0.04","0.258026159334126","1,2,3,1,4,5,4,4,2,6,4,7,4,1,8,4,9","0.000413894653320312","louvain","graph_2024M05.graphml"
"0.73","0.23","0.04","0.244535684096124","1,2,3,1,4,5,4,4,2,4,1,6,4,1,7,2,8","0.000413894653320312","louvain","graph_2024M05.graphml"
"0.72","0.24","0.04","0.240663196016297","1,2,3,1,4,5,4,4,2,6,4,7,4,1,8,2,9","0.000380992889404297","louvain","graph_2024M05.graphml"
"0.71","0.25","0.04","0.233600583090379","1,2,3,1,2,4,5,5,2,6,5,7,5,1,8,2,9","0.000406980514526367","louvain","graph_2024M05.graphml"
"0.7","0.26","0.04","0.233600583090379","1,2,3,1,2,4,5,5,2,6,5,7,5,1,8,2,9","0.000404119491577148","louvain","graph_2024M05.graphml"
"0.69","0.27","0.04","0.236863585348434","1,2,3,1,2,4,5,5,2,6,5,7,5,1,8,2,9","0.000425100326538086","louvain","graph_2024M05.graphml"
"0.68","0.28","0.04","0.236863585348434","1,2,3,1,2,4,5,5,2,6,5,7,5,1,8,2,9","0.000406980514526367","louvain","graph_2024M05.graphml"
"0.67","0.29","0.04","0.236790510734242","1,2,3,1,2,4,5,6,2,5,5,6,5,1,7,6,8","0.000414133071899414","louvain","graph_2024M05.graphml"
"0.66","0.3","0.04","0.236790510734242","1,2,3,1,2,4,5,6,2,5,5,6,5,1,7,6,8","0.000416994094848633","louvain","graph_2024M05.graphml"
"0.65","0.31","0.04","0.235507587897069","1,2,3,1,2,4,5,6,2,5,5,6,5,1,7,6,8","0.000396966934204102","louvain","graph_2024M05.graphml"
"0.64","0.32","0.04","0.235507587897069","1,2,3,1,2,4,5,6,2,5,5,6,5,1,7,6,8","0.000419139862060547","louvain","graph_2024M05.graphml"
"0.63","0.33","0.04","0.23374149659864","1,2,3,1,2,4,5,6,2,5,5,6,5,1,7,6,8","0.000414848327636719","louvain","graph_2024M05.graphml"
"0.62","0.34","0.04","0.22939658241367","1,2,3,1,2,4,5,6,2,5,5,6,5,1,7,6,8","0.000422000885009766","louvain","graph_2024M05.graphml"
"0.61","0.35","0.04","0.236385826108913","1,2,3,2,2,4,5,6,2,5,5,6,5,1,7,6,8","0.0004119873046875","louvain","graph_2024M05.graphml"
"0.6","0.36","0.04","0.238161670918367","1,2,3,2,2,4,5,6,2,5,1,6,5,1,7,6,8","0.000431060791015625","louvain","graph_2024M05.graphml"
"0.59","0.37","0.04","0.233456026313729","1,2,3,2,2,4,5,6,2,5,1,6,5,1,7,6,8","0.000413894653320312","louvain","graph_2024M05.graphml"
"0.58","0.38","0.04","0.233456026313729","1,2,3,2,2,4,5,6,2,5,1,6,5,1,7,6,8","0.000411033630371094","louvain","graph_2024M05.graphml"
"0.57","0.39","0.04","0.225293005671077","1,2,3,4,2,5,2,6,4,2,1,6,2,1,7,6,8","0.000427961349487305","louvain","graph_2024M05.graphml"
"0.56","0.4","0.04","0.221945600475624","1,2,3,4,2,5,2,6,4,2,1,6,2,1,7,6,8","0.000457048416137695","louvain","graph_2024M05.graphml"
"0.55","0.41","0.04","0.230739354565356","1,2,3,2,2,4,5,6,2,5,1,5,6,1,7,6,8","0.000536203384399414","louvain","graph_2024M05.graphml"
"0.54","0.42","0.04","0.226076388888889","1,2,3,2,2,4,5,6,2,5,1,5,6,1,7,6,8","0.000424861907958984","louvain","graph_2024M05.graphml"
"0.53","0.43","0.04","0.226684443288241","1,2,3,2,2,4,5,6,2,5,1,5,6,1,7,6,8","0.000416994094848633","louvain","graph_2024M05.graphml"
"0.52","0.44","0.04","0.215765936004031","1,2,3,4,5,6,2,5,4,2,1,7,5,1,8,5,9","0.000620841979980469","louvain","graph_2024M05.graphml"
"0.51","0.45","0.04","0.223045446090892","1,2,3,4,4,5,2,6,4,2,1,6,6,1,7,6,8","0.000449180603027344","louvain","graph_2024M05.graphml"
"0.5","0.46","0.04","0.213298479658674","1,2,3,4,2,5,6,7,4,6,1,6,2,1,8,7,9","0.000450849533081055","louvain","graph_2024M05.graphml"
"0.49","0.47","0.04","0.215710059171598","1,2,3,4,2,5,6,7,4,6,1,6,2,1,8,7,9","0.000471115112304688","louvain","graph_2024M05.graphml"
"0.48","0.48","0.04","0.220499970864169","1,2,3,4,2,5,6,6,4,6,1,6,2,1,7,1,8","0.000440120697021484","louvain","graph_2024M05.graphml"
"0.47","0.49","0.04","0.214072543617998","1,2,3,4,4,5,2,2,4,2,1,2,2,1,6,2,7","0.000452995300292969","louvain","graph_2024M05.graphml"
"0.46","0.5","0.04","0.218394965471152","1,2,3,4,2,5,6,6,4,6,1,6,2,1,7,1,8","0.000439167022705078","louvain","graph_2024M05.graphml"
"0.45","0.51","0.04","0.220842879215728","1,2,3,4,2,5,6,6,4,6,1,6,2,1,7,1,8","0.000428199768066406","louvain","graph_2024M05.graphml"
"0.44","0.52","0.04","0.220016803192607","1,2,3,1,4,5,6,6,2,6,1,6,4,1,7,1,8","0.000417947769165039","louvain","graph_2024M05.graphml"
"0.43","0.53","0.04","0.215130023640662","1,2,3,1,1,4,5,5,6,2,1,7,8,1,9,5,10","0.000419855117797852","louvain","graph_2024M05.graphml"
"0.42","0.54","0.04","0.213237811139909","1,2,3,1,1,4,5,5,6,2,1,7,8,1,9,5,10","0.00041508674621582","louvain","graph_2024M05.graphml"
"0.41","0.55","0.04","0.21906957633309","1,2,1,1,1,3,4,4,5,2,1,6,4,1,7,4,8","0.000443935394287109","louvain","graph_2024M05.graphml"
"0.4","0.56","0.04","0.219266666666667","1,2,1,1,1,3,4,5,2,4,1,4,5,1,6,5,7","0.000410079956054688","louvain","graph_2024M05.graphml"
"0.39","0.57","0.04","0.219266666666667","1,2,1,1,1,3,4,5,2,4,1,4,5,1,6,5,7","0.000514984130859375","louvain","graph_2024M05.graphml"
"0.38","0.58","0.04","0.221240296478225","1,2,1,1,1,3,4,5,2,4,1,4,5,1,6,5,7","0.00040888786315918","louvain","graph_2024M05.graphml"
"0.37","0.59","0.04","0.2160280234098","1,2,1,1,1,3,4,4,2,4,1,5,4,1,6,4,7","0.00041508674621582","louvain","graph_2024M05.graphml"
"0.36","0.6","0.04","0.217827626918536","1,2,1,1,1,3,4,4,2,2,1,4,4,1,5,4,6","0.00049901008605957","louvain","graph_2024M05.graphml"
"0.35","0.61","0.04","0.212216469428008","1,2,1,1,1,3,4,4,2,2,1,5,4,1,6,4,7","0.000410079956054688","louvain","graph_2024M05.graphml"
"0.34","0.62","0.04","0.215890882871335","1,2,1,1,1,3,4,5,2,4,1,4,5,1,6,5,7","0.000442028045654297","louvain","graph_2024M05.graphml"
"0.33","0.63","0.04","0.213559590206084","1,2,1,1,1,3,4,5,2,4,1,4,5,1,6,5,7","0.000426054000854492","louvain","graph_2024M05.graphml"
"0.32","0.64","0.04","0.21041015625","1,2,1,1,1,3,4,5,2,4,1,4,5,1,6,5,7","0.000401020050048828","louvain","graph_2024M05.graphml"
"0.31","0.65","0.04","0.214285714285714","1,2,1,1,1,3,4,4,2,2,1,5,4,1,6,4,7","0.000396966934204102","louvain","graph_2024M05.graphml"
"0.3","0.66","0.04","0.21656378600823","1,2,1,1,1,3,4,5,2,4,1,4,5,1,6,5,7","0.000422954559326172","louvain","graph_2024M05.graphml"
"0.29","0.67","0.04","0.213049042116753","1,2,1,1,1,3,4,5,2,4,1,4,5,1,6,5,7","0.000429153442382812","louvain","graph_2024M05.graphml"
"0.28","0.68","0.04","0.210229568411387","1,2,1,1,3,4,5,5,2,3,1,5,5,1,6,3,7","0.00044703483581543","louvain","graph_2024M05.graphml"
"0.27","0.69","0.04","0.210853994490358","1,2,1,1,3,4,5,5,2,5,1,6,3,1,7,5,8","0.000452041625976562","louvain","graph_2024M05.graphml"
"0.26","0.7","0.04","0.206986961451247","1,2,1,1,3,4,5,5,2,3,1,5,6,1,7,3,8","0.000431060791015625","louvain","graph_2024M05.graphml"
"0.25","0.71","0.04","0.206278344671202","1,2,1,1,3,4,5,5,2,3,1,6,5,1,7,3,8","0.000439882278442383","louvain","graph_2024M05.graphml"
"0.24","0.72","0.04","0.205413631544749","1,2,1,1,3,4,5,5,2,3,1,5,6,1,7,3,8","0.000440120697021484","louvain","graph_2024M05.graphml"
"0.23","0.73","0.04","0.203572877230936","1,2,1,1,3,4,5,5,2,3,1,5,6,1,7,3,8","0.000410079956054688","louvain","graph_2024M05.graphml"
"0.22","0.74","0.04","0.208995918367347","1,2,1,1,3,4,3,5,2,3,1,5,6,1,7,5,8","0.000414133071899414","louvain","graph_2024M05.graphml"
"0.21","0.75","0.04","0.212916666666667","1,2,1,1,3,4,5,5,2,5,1,5,3,1,6,5,7","0.000458955764770508","louvain","graph_2024M05.graphml"
"0.2","0.76","0.04","0.212916666666667","1,2,1,1,3,4,5,5,2,5,1,5,3,1,6,5,7","0.000444173812866211","louvain","graph_2024M05.graphml"
"0.19","0.77","0.04","0.215698544000488","1,2,1,1,3,4,5,5,2,5,1,5,3,1,6,5,7","0.000442981719970703","louvain","graph_2024M05.graphml"
"0.18","0.78","0.04","0.21747071609709","1,2,1,1,3,4,5,5,2,5,1,5,3,1,6,5,7","0.00056004524230957","louvain","graph_2024M05.graphml"
"0.17","0.79","0.04","0.214846666069456","1,2,1,1,3,4,5,5,2,5,1,5,3,1,6,5,7","0.000448942184448242","louvain","graph_2024M05.graphml"
"0.16","0.8","0.04","0.209539810080351","1,2,1,1,1,3,4,5,2,4,4,5,6,1,7,4,8","0.000413894653320312","louvain","graph_2024M05.graphml"
"0.15","0.81","0.04","0.211515914095342","1,2,1,1,1,3,4,4,2,4,4,4,5,1,6,4,7","0.000416994094848633","louvain","graph_2024M05.graphml"
"0.14","0.82","0.04","0.224664894054439","1,2,1,1,1,3,4,4,2,4,4,5,6,1,7,4,8","0.000450849533081055","louvain","graph_2024M05.graphml"
"0.13","0.83","0.04","0.224664894054439","1,2,1,1,1,3,4,4,2,4,4,5,6,1,7,4,8","0.000440120697021484","louvain","graph_2024M05.graphml"
"0.12","0.84","0.04","0.222032335069444","1,2,1,1,1,3,4,4,2,4,4,5,6,1,7,4,8","0.000457048416137695","louvain","graph_2024M05.graphml"
"0.11","0.85","0.04","0.216660092044707","1,2,1,1,3,4,3,3,2,3,3,5,6,1,7,3,8","0.000442981719970703","louvain","graph_2024M05.graphml"
"0.1","0.86","0.04","0.216774828918462","1,2,1,1,3,4,3,3,2,3,3,3,5,1,6,3,7","0.000442028045654297","louvain","graph_2024M05.graphml"
"0.09","0.87","0.04","0.217036707012203","1,2,1,1,3,4,3,3,2,3,3,5,6,1,7,3,8","0.000554084777832031","louvain","graph_2024M05.graphml"
"0.08","0.88","0.04","0.214328623606305","1,2,1,1,3,4,3,3,2,3,3,5,6,1,7,3,8","0.000433921813964844","louvain","graph_2024M05.graphml"
"0.07","0.89","0.04","0.209291639174286","1,2,1,1,3,4,3,3,2,3,3,5,6,1,7,3,8","0.000428199768066406","louvain","graph_2024M05.graphml"
"0.06","0.9","0.04","0.207676106316247","1,2,1,1,3,4,3,3,2,3,3,5,6,1,7,3,8","0.000445127487182617","louvain","graph_2024M05.graphml"
"0.05","0.91","0.04","0.204476539161295","1,2,1,1,3,4,3,3,2,3,3,3,5,1,6,2,7","0.000447988510131836","louvain","graph_2024M05.graphml"
"0.04","0.92","0.04","0.208837664649341","1,2,1,1,2,3,2,2,4,2,2,5,6,1,7,6,8","0.000432968139648438","louvain","graph_2024M05.graphml"
"0.03","0.93","0.04","0.206120919570632","1,2,1,1,2,3,2,2,4,2,2,5,6,1,7,6,8","0.000472068786621094","louvain","graph_2024M05.graphml"
"0.02","0.94","0.04","0.210048674959437","1,2,1,1,2,3,2,2,4,2,2,5,6,1,7,6,8","0.000443935394287109","louvain","graph_2024M05.graphml"
"0.01","0.95","0.04","0.208194015775034","1,2,1,1,2,3,2,2,4,2,2,5,6,1,7,6,8","0.000458002090454102","louvain","graph_2024M05.graphml"
"0","0.96","0.04","0.201229338842975","1,2,3,1,2,4,5,5,2,6,5,5,3,6,7,3,8","0.000452995300292969","louvain","graph_2024M05.graphml"
"0.95","0","0.05","0.257852528402762","1,2,3,1,4,5,4,4,2,4,4,2,4,1,6,1,7","0.000545978546142578","louvain","graph_2024M05.graphml"
"0.94","0.01","0.05","0.259591836734694","1,2,3,1,1,4,5,5,2,5,5,2,5,1,6,1,7","0.000423908233642578","louvain","graph_2024M05.graphml"
"0.93","0.02","0.05","0.259591836734694","1,2,3,1,4,5,4,4,2,4,4,2,4,1,6,1,7","0.000392913818359375","louvain","graph_2024M05.graphml"
"0.92","0.03","0.05","0.262244323512854","1,2,3,1,4,5,4,4,2,6,4,2,4,1,7,1,8","0.000388860702514648","louvain","graph_2024M05.graphml"
"0.91","0.04","0.05","0.262244323512854","1,2,3,1,4,5,4,4,2,6,4,2,4,1,7,1,8","0.000483989715576172","louvain","graph_2024M05.graphml"
"0.9","0.05","0.05","0.245955555555556","1,2,3,1,4,5,4,4,2,6,4,2,4,1,7,1,8","0.000418901443481445","louvain","graph_2024M05.graphml"
"0.89","0.06","0.05","0.245955555555556","1,2,3,1,4,5,4,4,2,6,4,2,4,1,7,1,8","0.000411033630371094","louvain","graph_2024M05.graphml"
"0.88","0.07","0.05","0.242958340360938","1,2,3,1,4,5,4,4,2,6,4,2,4,1,7,4,8","0.000407218933105469","louvain","graph_2024M05.graphml"
"0.87","0.08","0.05","0.244832558884794","1,2,3,1,4,5,4,4,2,6,4,2,4,1,7,4,8","0.000404834747314453","louvain","graph_2024M05.graphml"
"0.86","0.09","0.05","0.265318262938727","1,2,3,1,4,5,4,4,2,6,4,7,4,1,8,4,9","0.000372886657714844","louvain","graph_2024M05.graphml"
"0.85","0.1","0.05","0.263180272108844","1,2,3,1,4,5,4,4,2,6,4,7,4,1,8,4,9","0.000401020050048828","louvain","graph_2024M05.graphml"
"0.84","0.11","0.05","0.266712802768166","1,2,3,1,4,5,4,4,2,6,4,7,4,1,8,4,9","0.000564098358154297","louvain","graph_2024M05.graphml"
"0.83","0.12","0.05","0.266712802768166","1,2,3,1,4,5,4,4,2,6,4,7,4,1,8,4,9","0.000427961349487305","louvain","graph_2024M05.graphml"
"0.82","0.13","0.05","0.262168739859383","1,2,3,1,4,5,4,4,2,6,4,7,4,1,8,4,9","0.000396966934204102","louvain","graph_2024M05.graphml"
"0.81","0.14","0.05","0.250387396694215","1,2,3,1,4,5,4,4,2,6,4,7,4,1,8,4,9","0.000466108322143555","louvain","graph_2024M05.graphml"
"0.8","0.15","0.05","0.249135802469136","1,2,3,1,4,5,4,4,2,6,4,7,4,1,8,4,9","0.00040888786315918","louvain","graph_2024M05.graphml"
"0.79","0.16","0.05","0.241434310018904","1,2,3,1,4,5,4,4,2,6,4,7,4,1,8,2,9","0.000450849533081055","louvain","graph_2024M05.graphml"
"0.78","0.17","0.05","0.22421052631579","1,2,3,1,4,5,4,4,2,6,4,7,4,1,8,2,9","0.000583887100219727","louvain","graph_2024M05.graphml"
"0.77","0.18","0.05","0.222710503472222","1,2,3,1,2,4,5,5,2,6,5,7,5,1,8,2,9","0.000417947769165039","louvain","graph_2024M05.graphml"
"0.76","0.19","0.05","0.230893377759267","1,2,3,1,2,4,5,5,2,5,5,6,5,1,7,2,8","0.000427961349487305","louvain","graph_2024M05.graphml"
"0.75","0.2","0.05","0.23795","1,2,3,1,2,4,5,5,2,5,1,6,5,1,7,2,8","0.000457048416137695","louvain","graph_2024M05.graphml"
"0.74","0.21","0.05","0.23795","1,2,3,1,2,4,5,5,2,5,1,6,5,1,7,2,8","0.000398159027099609","louvain","graph_2024M05.graphml"
"0.73","0.22","0.05","0.232967356141555","1,2,3,1,2,4,5,5,2,5,1,6,5,1,7,2,8","0.00059199333190918","louvain","graph_2024M05.graphml"
"0.72","0.23","0.05","0.235507587897069","1,2,3,1,2,4,5,6,2,5,5,6,5,1,7,6,8","0.000550031661987305","louvain","graph_2024M05.graphml"
"0.71","0.24","0.05","0.229567307692308","1,2,3,1,2,4,5,6,2,5,5,6,5,1,7,6,8","0.000387907028198242","louvain","graph_2024M05.graphml"
"0.7","0.25","0.05","0.229567307692308","1,2,3,1,2,4,5,6,2,5,5,6,5,1,7,6,8","0.000410079956054688","louvain","graph_2024M05.graphml"
"0.69","0.26","0.05","0.229567307692308","1,2,3,1,2,4,5,6,2,5,5,6,5,1,7,6,8","0.000401973724365234","louvain","graph_2024M05.graphml"
"0.68","0.27","0.05","0.228417586329655","1,2,3,1,2,4,5,6,2,5,5,6,5,1,7,6,8","0.000427961349487305","louvain","graph_2024M05.graphml"
"0.67","0.28","0.05","0.223423954212608","1,2,3,2,2,4,5,6,2,5,1,6,5,1,7,6,8","0.000427961349487305","louvain","graph_2024M05.graphml"
"0.66","0.29","0.05","0.225062900738576","1,2,3,2,2,4,5,6,2,5,1,6,5,1,7,6,8","0.00041508674621582","louvain","graph_2024M05.graphml"
"0.65","0.3","0.05","0.229352678571429","1,2,3,2,2,4,5,6,2,5,1,6,5,1,7,6,8","0.000400066375732422","louvain","graph_2024M05.graphml"
"0.64","0.31","0.05","0.230964083175803","1,2,3,2,2,4,5,6,2,5,1,6,5,1,7,6,8","0.000427961349487305","louvain","graph_2024M05.graphml"
"0.63","0.32","0.05","0.230964083175803","1,2,3,2,2,4,5,6,2,5,1,6,5,1,7,6,8","0.000448942184448242","louvain","graph_2024M05.graphml"
"0.62","0.33","0.05","0.220805802930193","1,2,3,2,2,4,5,6,2,5,1,6,6,1,7,6,8","0.000420093536376953","louvain","graph_2024M05.graphml"
"0.61","0.34","0.05","0.214988509049124","1,2,3,4,2,5,6,2,4,6,1,2,2,1,7,2,8","0.000439167022705078","louvain","graph_2024M05.graphml"
"0.6","0.35","0.05","0.219657127245407","1,2,3,4,4,5,2,6,4,2,1,6,2,1,7,6,8","0.000422000885009766","louvain","graph_2024M05.graphml"
"0.59","0.36","0.05","0.213332011368894","1,2,3,4,4,5,2,6,4,2,1,2,2,1,7,6,8","0.000465869903564453","louvain","graph_2024M05.graphml"
"0.58","0.37","0.05","0.21292924037461","1,2,3,4,4,5,2,2,4,2,1,2,2,1,6,1,7","0.000432014465332031","louvain","graph_2024M05.graphml"
"0.57","0.38","0.05","0.206956413912828","1,2,3,4,4,5,2,6,4,2,1,2,2,1,7,6,8","0.000411033630371094","louvain","graph_2024M05.graphml"
"0.56","0.39","0.05","0.215710059171598","1,2,3,4,2,5,6,7,4,6,1,6,2,1,8,7,9","0.000509023666381836","louvain","graph_2024M05.graphml"
"0.55","0.4","0.05","0.214760212108851","1,2,3,4,4,5,2,6,4,2,1,2,2,1,7,6,8","0.00049901008605957","louvain","graph_2024M05.graphml"
"0.54","0.41","0.05","0.217860422405877","1,2,3,4,4,5,2,6,4,2,1,2,6,1,7,6,8","0.0004119873046875","louvain","graph_2024M05.graphml"
"0.53","0.42","0.05","0.21490756967607","1,2,3,4,4,5,2,6,4,2,1,2,6,1,7,6,8","0.000430107116699219","louvain","graph_2024M05.graphml"
"0.52","0.43","0.05","0.213305898491084","1,2,3,4,4,5,2,6,4,2,1,2,6,1,7,6,8","0.000430107116699219","louvain","graph_2024M05.graphml"
"0.51","0.44","0.05","0.21347238755758","1,2,3,1,4,5,6,6,4,2,1,6,6,1,7,6,8","0.000398874282836914","louvain","graph_2024M05.graphml"
"0.5","0.45","0.05","0.209705415592144","1,2,3,1,1,4,5,5,6,2,1,5,5,1,7,5,8","0.000400066375732422","louvain","graph_2024M05.graphml"
"0.49","0.46","0.05","0.210548502281293","1,2,3,1,1,4,5,5,6,2,1,7,5,1,8,5,9","0.000494956970214844","louvain","graph_2024M05.graphml"
"0.48","0.47","0.05","0.210991743291424","1,2,1,1,1,3,4,4,5,2,1,6,4,1,7,4,8","0.000430107116699219","louvain","graph_2024M05.graphml"
"0.47","0.48","0.05","0.20883373991368","1,2,1,1,1,3,4,4,5,2,1,4,4,1,6,4,7","0.000430107116699219","louvain","graph_2024M05.graphml"
"0.46","0.49","0.05","0.217051883689312","1,2,1,1,1,3,4,5,2,4,1,4,5,5,6,5,7","0.00061798095703125","louvain","graph_2024M05.graphml"
"0.45","0.5","0.05","0.217051883689312","1,2,1,1,1,3,4,5,2,4,1,4,5,5,6,5,7","0.00038909912109375","louvain","graph_2024M05.graphml"
"0.44","0.51","0.05","0.219360075184758","1,2,1,1,1,3,4,5,2,4,1,4,5,1,6,5,7","0.000417947769165039","louvain","graph_2024M05.graphml"
"0.43","0.52","0.05","0.212341311134235","1,2,1,1,1,3,4,5,2,4,1,4,5,1,6,5,7","0.0004119873046875","louvain","graph_2024M05.graphml"
"0.42","0.53","0.05","0.210531722550953","1,2,1,1,1,3,4,4,2,2,1,4,4,1,5,4,6","0.000432014465332031","louvain","graph_2024M05.graphml"
"0.41","0.54","0.05","0.208081463751065","1,2,1,1,1,3,4,5,2,4,1,4,5,1,6,5,7","0.000502109527587891","louvain","graph_2024M05.graphml"
"0.4","0.55","0.05","0.209982374619452","1,2,1,1,1,3,4,5,2,4,1,4,5,1,6,5,7","0.000430107116699219","louvain","graph_2024M05.graphml"
"0.39","0.56","0.05","0.211344335843615","1,2,1,1,1,3,4,4,2,2,1,5,4,1,6,4,7","0.000518083572387695","louvain","graph_2024M05.graphml"
"0.38","0.57","0.05","0.206815394960642","1,2,1,1,1,3,4,5,2,4,1,4,5,1,6,5,7","0.000410079956054688","louvain","graph_2024M05.graphml"
"0.37","0.58","0.05","0.206815394960642","1,2,1,1,1,3,4,5,2,4,1,4,5,1,6,5,7","0.000449180603027344","louvain","graph_2024M05.graphml"
"0.36","0.59","0.05","0.213049042116753","1,2,1,1,1,3,4,5,2,4,1,4,5,1,6,5,7","0.000437021255493164","louvain","graph_2024M05.graphml"
"0.35","0.6","0.05","0.212691482554857","1,2,1,1,1,3,4,4,2,2,1,5,4,1,6,4,7","0.000501871109008789","louvain","graph_2024M05.graphml"
"0.34","0.61","0.05","0.209566478286734","1,2,1,1,1,3,4,5,2,4,1,4,5,1,6,5,7","0.000431060791015625","louvain","graph_2024M05.graphml"
"0.33","0.62","0.05","0.205242210190398","1,2,1,1,3,4,5,5,2,3,1,5,6,1,7,3,8","0.000422954559326172","louvain","graph_2024M05.graphml"
"0.32","0.63","0.05","0.199498269896194","1,2,1,1,2,3,4,4,2,2,1,4,5,1,6,2,7","0.0004119873046875","louvain","graph_2024M05.graphml"
"0.31","0.64","0.05","0.201228373702422","1,2,1,1,3,4,5,5,2,3,1,5,6,1,7,3,8","0.000428915023803711","louvain","graph_2024M05.graphml"
"0.3","0.65","0.05","0.19939468554427","1,2,1,1,3,4,5,5,2,3,1,5,6,1,7,3,8","0.00043487548828125","louvain","graph_2024M05.graphml"
"0.29","0.66","0.05","0.19939468554427","1,2,1,1,3,4,5,5,2,3,1,5,6,1,7,3,8","0.000416994094848633","louvain","graph_2024M05.graphml"
"0.28","0.67","0.05","0.19723345250426","1,2,1,1,3,4,5,6,2,3,1,5,6,1,7,6,8","0.000435829162597656","louvain","graph_2024M05.graphml"
"0.27","0.68","0.05","0.204851028910491","1,2,1,1,3,4,3,5,2,3,1,5,6,1,7,5,8","0.000419855117797852","louvain","graph_2024M05.graphml"
"0.26","0.69","0.05","0.20899784650916","1,2,1,1,3,4,5,5,2,5,1,5,3,1,6,5,7","0.000494003295898438","louvain","graph_2024M05.graphml"
"0.25","0.7","0.05","0.212916666666667","1,2,1,1,3,4,5,5,2,5,1,5,3,1,6,5,7","0.000509023666381836","louvain","graph_2024M05.graphml"
"0.24","0.71","0.05","0.209367254919526","1,2,1,1,3,4,5,5,2,5,1,5,3,1,6,5,7","0.000471115112304688","louvain","graph_2024M05.graphml"
"0.23","0.72","0.05","0.209367254919526","1,2,1,1,3,4,5,5,2,5,1,5,3,1,6,5,7","0.000462055206298828","louvain","graph_2024M05.graphml"
"0.22","0.73","0.05","0.212178048204159","1,2,1,1,3,4,5,5,2,5,1,5,3,1,6,5,7","0.000465154647827148","louvain","graph_2024M05.graphml"
"0.21","0.74","0.05","0.212178048204159","1,2,1,1,3,4,5,5,2,5,1,5,3,1,6,5,7","0.000463008880615234","louvain","graph_2024M05.graphml"
"0.2","0.75","0.05","0.210884353741497","1,2,1,1,3,4,5,5,2,5,5,5,3,1,6,5,7","0.000420093536376953","louvain","graph_2024M05.graphml"
"0.19","0.76","0.05","0.210884353741497","1,2,1,1,3,4,5,5,2,5,5,5,3,1,6,5,7","0.000441074371337891","louvain","graph_2024M05.graphml"
"0.18","0.77","0.05","0.210666232638889","1,2,1,1,3,4,5,5,2,5,5,6,3,1,7,5,8","0.000548839569091797","louvain","graph_2024M05.graphml"
"0.17","0.78","0.05","0.213293123605059","1,2,1,1,1,3,4,4,2,4,4,4,5,1,6,4,7","0.000419139862060547","louvain","graph_2024M05.graphml"
"0.16","0.79","0.05","0.21329456177941","1,2,1,1,3,4,3,3,2,3,3,5,6,1,7,3,8","0.00042414665222168","louvain","graph_2024M05.graphml"
"0.15","0.8","0.05","0.209501519458877","1,2,1,1,3,4,3,3,2,3,3,5,6,1,7,3,8","0.00042414665222168","louvain","graph_2024M05.graphml"
"0.14","0.81","0.05","0.206983938132064","1,2,1,1,3,4,3,3,2,3,3,5,6,1,7,3,8","0.000427007675170898","louvain","graph_2024M05.graphml"
"0.13","0.82","0.05","0.205337347429345","1,2,3,1,4,5,4,4,2,4,4,6,3,1,7,4,8","0.000441074371337891","louvain","graph_2024M05.graphml"
"0.12","0.83","0.05","0.204013186511298","1,2,3,1,4,5,4,4,2,4,4,4,3,1,6,4,7","0.000429868698120117","louvain","graph_2024M05.graphml"
"0.11","0.84","0.05","0.205970216302419","1,2,3,1,4,5,4,4,2,4,4,6,3,1,7,3,8","0.000522851943969727","louvain","graph_2024M05.graphml"
"0.1","0.85","0.05","0.202197535762305","1,2,3,1,2,4,2,2,5,2,2,6,3,1,7,3,8","0.000435113906860352","louvain","graph_2024M05.graphml"
"0.09","0.86","0.05","0.202197535762305","1,2,3,1,2,4,2,2,5,2,2,6,3,1,7,3,8","0.000432014465332031","louvain","graph_2024M05.graphml"
"0.08","0.87","0.05","0.205401481356788","1,2,3,1,2,4,2,2,5,2,2,6,3,1,7,3,8","0.000451087951660156","louvain","graph_2024M05.graphml"
"0.07","0.88","0.05","0.196745867768595","1,2,3,1,2,4,5,5,2,6,5,5,3,6,7,3,8","0.000533103942871094","louvain","graph_2024M05.graphml"
"0.06","0.89","0.05","0.194600847648492","1,2,3,1,2,4,5,5,2,6,5,5,3,6,7,3,8","0.000576972961425781","louvain","graph_2024M05.graphml"
"0.05","0.9","0.05","0.202905608311014","1,2,3,1,2,4,2,2,5,2,2,6,3,1,7,3,8","0.000452995300292969","louvain","graph_2024M05.graphml"
"0.04","0.91","0.05","0.20460898067526","1,2,3,1,2,4,2,2,5,2,2,6,3,1,7,3,8","0.000453948974609375","louvain","graph_2024M05.graphml"
"0.03","0.92","0.05","0.205412345679012","1,2,3,1,2,1,2,2,4,2,2,3,3,1,5,4,6","0.000451087951660156","louvain","graph_2024M05.graphml"
"0.02","0.93","0.05","0.204603233130858","1,2,3,1,2,1,2,2,4,2,2,5,3,1,6,3,7","0.00055694580078125","louvain","graph_2024M05.graphml"
"0.01","0.94","0.05","0.203504924592182","1,2,3,1,2,1,2,2,3,2,2,4,5,1,6,5,7","0.000533819198608398","louvain","graph_2024M05.graphml"
"0","0.95","0.05","0.205039949657711","1,2,3,1,2,1,2,2,3,2,2,4,4,1,5,3,6","0.000518083572387695","louvain","graph_2024M05.graphml"
"0.94","0","0.06","0.236850756081525","1,2,3,1,4,5,4,4,2,6,4,2,4,1,7,4,8","0.000401020050048828","louvain","graph_2024M05.graphml"
"0.93","0.01","0.06","0.236850756081525","1,2,3,1,4,5,4,4,2,6,4,2,4,1,7,4,8","0.000501871109008789","louvain","graph_2024M05.graphml"
"0.92","0.02","0.06","0.230171446883512","1,2,3,1,4,5,4,4,2,6,4,2,4,1,7,4,8","0.000466108322143555","louvain","graph_2024M05.graphml"
"0.91","0.03","0.06","0.238046875","1,2,3,1,4,5,4,4,2,6,4,2,4,1,7,4,8","0.000478982925415039","louvain","graph_2024M05.graphml"
"0.9","0.04","0.06","0.257947452460444","1,2,3,1,4,5,4,4,2,6,4,7,4,1,8,4,9","0.000405073165893555","louvain","graph_2024M05.graphml"
"0.89","0.05","0.06","0.257854671280277","1,2,3,1,4,5,4,4,2,6,4,7,4,1,8,4,9","0.000406980514526367","louvain","graph_2024M05.graphml"
"0.88","0.06","0.06","0.249677169421488","1,2,3,1,4,5,4,4,2,6,4,7,4,1,8,4,9","0.000396966934204102","louvain","graph_2024M05.graphml"
"0.87","0.07","0.06","0.249677169421488","1,2,3,1,4,5,4,4,2,6,4,7,4,1,8,4,9","0.000404119491577148","louvain","graph_2024M05.graphml"
"0.86","0.08","0.06","0.243509238014733","1,2,3,1,4,5,4,4,2,6,4,7,4,1,8,4,9","0.000410079956054688","louvain","graph_2024M05.graphml"
"0.85","0.09","0.06","0.22421052631579","1,2,3,1,4,5,4,4,2,6,4,7,4,1,8,2,9","0.00065302848815918","louvain","graph_2024M05.graphml"
"0.84","0.1","0.06","0.22421052631579","1,2,3,1,4,5,4,4,2,6,4,7,4,1,8,2,9","0.000549077987670898","louvain","graph_2024M05.graphml"
"0.83","0.11","0.06","0.224093952598576","1,2,3,1,2,4,5,5,2,5,1,6,5,1,7,2,8","0.000406026840209961","louvain","graph_2024M05.graphml"
"0.82","0.12","0.06","0.227665556018326","1,2,3,1,2,4,5,5,2,5,1,6,5,1,7,2,8","0.000401020050048828","louvain","graph_2024M05.graphml"
"0.81","0.13","0.06","0.234414855626977","1,2,3,1,2,4,5,5,2,5,1,6,5,1,7,2,8","0.000414133071899414","louvain","graph_2024M05.graphml"
"0.8","0.14","0.06","0.22945","1,2,3,1,2,4,5,5,2,5,1,6,5,1,7,2,8","0.000416040420532227","louvain","graph_2024M05.graphml"
"0.79","0.15","0.06","0.223066366042545","1,2,3,1,2,4,5,5,2,5,1,6,5,1,7,2,8","0.000442981719970703","louvain","graph_2024M05.graphml"
"0.78","0.16","0.06","0.230040531624093","1,2,3,1,2,4,5,5,2,5,1,6,5,1,7,2,8","0.000488042831420898","louvain","graph_2024M05.graphml"
"0.77","0.17","0.06","0.230040531624093","1,2,3,1,2,4,5,5,2,5,1,6,5,1,7,2,8","0.000409126281738281","louvain","graph_2024M05.graphml"
"0.76","0.18","0.06","0.229567307692308","1,2,3,1,2,4,5,6,2,5,5,6,5,1,7,6,8","0.000393152236938477","louvain","graph_2024M05.graphml"
"0.75","0.19","0.06","0.224716553287982","1,2,3,1,2,4,5,6,2,5,5,6,5,1,7,6,8","0.0004119873046875","louvain","graph_2024M05.graphml"
"0.74","0.2","0.06","0.223643986374356","1,2,3,1,2,4,5,6,2,5,5,6,5,1,7,6,8","0.000396966934204102","louvain","graph_2024M05.graphml"
"0.73","0.21","0.06","0.219421487603306","1,2,3,2,2,4,5,6,2,5,1,6,5,1,7,6,8","0.000579833984375","louvain","graph_2024M05.graphml"
"0.72","0.22","0.06","0.219421487603306","1,2,3,2,2,4,5,6,2,5,1,6,5,1,7,6,8","0.000391960144042969","louvain","graph_2024M05.graphml"
"0.71","0.23","0.06","0.219746492346939","1,2,3,2,2,4,5,6,2,5,1,6,5,1,7,6,8","0.000370025634765625","louvain","graph_2024M05.graphml"
"0.7","0.24","0.06","0.219490612496153","1,2,3,2,2,4,5,6,2,5,1,6,5,1,7,6,8","0.000426054000854492","louvain","graph_2024M05.graphml"
"0.69","0.25","0.06","0.214328922495274","1,2,3,2,2,4,5,6,2,5,1,6,5,1,7,6,8","0.000409126281738281","louvain","graph_2024M05.graphml"
"0.68","0.26","0.06","0.220805802930193","1,2,3,2,2,4,5,6,2,5,1,6,6,1,7,6,8","0.000391960144042969","louvain","graph_2024M05.graphml"
"0.67","0.27","0.06","0.215768660405339","1,2,3,2,2,4,5,6,2,5,1,6,5,1,7,6,8","0.000486135482788086","louvain","graph_2024M05.graphml"
"0.66","0.28","0.06","0.221882558452029","1,2,3,4,4,5,2,6,4,2,1,6,6,1,7,6,8","0.000438928604125977","louvain","graph_2024M05.graphml"
"0.65","0.29","0.06","0.218157181571816","1,2,3,4,4,5,2,6,4,2,1,6,6,1,7,6,8","0.000417947769165039","louvain","graph_2024M05.graphml"
"0.64","0.3","0.06","0.20944","1,2,3,4,4,5,2,6,4,2,1,6,6,1,7,6,8","0.000402212142944336","louvain","graph_2024M05.graphml"
"0.63","0.31","0.06","0.20068359375","1,2,3,2,2,4,5,6,2,5,1,5,6,1,7,6,8","0.000484943389892578","louvain","graph_2024M05.graphml"
"0.62","0.32","0.06","0.204074274382549","1,2,3,2,2,4,5,5,2,5,1,5,5,1,6,5,7","0.000444889068603516","louvain","graph_2024M05.graphml"
"0.61","0.33","0.06","0.210177514792899","1,2,3,4,4,5,2,2,4,2,1,2,2,1,6,2,7","0.000451087951660156","louvain","graph_2024M05.graphml"
"0.6","0.34","0.06","0.198739329526825","1,2,3,4,4,5,2,6,4,2,1,2,6,1,7,6,8","0.000442981719970703","louvain","graph_2024M05.graphml"
"0.59","0.35","0.06","0.207873799725652","1,2,3,4,4,5,2,6,4,2,1,2,6,1,7,6,8","0.00043487548828125","louvain","graph_2024M05.graphml"
"0.58","0.36","0.06","0.205471539592523","1,2,3,1,2,4,5,6,2,5,1,5,6,1,7,6,8","0.000452041625976562","louvain","graph_2024M05.graphml"
"0.57","0.37","0.06","0.203483256560219","1,2,3,1,1,4,5,6,2,5,1,5,6,1,7,6,8","0.000421047210693359","louvain","graph_2024M05.graphml"
"0.56","0.38","0.06","0.208086734693878","1,2,3,1,1,4,2,5,6,2,1,7,5,1,8,5,9","0.000422000885009766","louvain","graph_2024M05.graphml"
"0.55","0.39","0.06","0.205489982146399","1,2,1,1,1,3,2,4,5,2,1,4,4,1,6,4,7","0.000416994094848633","louvain","graph_2024M05.graphml"
"0.54","0.4","0.06","0.207714378268314","1,2,1,1,1,3,4,4,5,2,1,6,4,4,7,4,8","0.000417947769165039","louvain","graph_2024M05.graphml"
"0.53","0.41","0.06","0.203981008035062","1,2,1,1,1,3,4,5,2,4,1,4,5,5,6,5,7","0.000421047210693359","louvain","graph_2024M05.graphml"
"0.52","0.42","0.06","0.202908144631118","1,2,1,1,1,3,4,4,5,4,1,6,2,2,7,5,8","0.000441074371337891","louvain","graph_2024M05.graphml"
"0.51","0.43","0.06","0.206392832409972","1,2,1,1,1,3,4,5,2,4,1,4,5,5,6,5,7","0.000422954559326172","louvain","graph_2024M05.graphml"
"0.5","0.44","0.06","0.208614437510541","1,2,1,1,1,3,4,5,2,4,1,4,5,1,6,5,7","0.000401020050048828","louvain","graph_2024M05.graphml"
"0.49","0.45","0.06","0.211148093359632","1,2,1,1,1,3,4,4,2,4,1,5,4,1,6,4,7","0.000586032867431641","louvain","graph_2024M05.graphml"
"0.48","0.46","0.06","0.209217412471094","1,2,1,1,1,3,4,4,2,2,1,5,4,1,6,4,7","0.000414133071899414","louvain","graph_2024M05.graphml"
"0.47","0.47","0.06","0.206600673455313","1,2,1,1,1,3,4,4,2,4,1,4,4,1,5,1,6","0.000429153442382812","louvain","graph_2024M05.graphml"
"0.46","0.48","0.06","0.209982374619452","1,2,1,1,1,3,4,5,2,4,1,4,5,1,6,5,7","0.000427961349487305","louvain","graph_2024M05.graphml"
"0.45","0.49","0.06","0.204877180491278","1,2,1,1,1,3,4,4,2,4,1,4,4,1,5,2,6","0.000421047210693359","louvain","graph_2024M05.graphml"
"0.44","0.5","0.06","0.206815394960642","1,2,1,1,1,3,4,5,2,4,1,4,5,1,6,5,7","0.000419139862060547","louvain","graph_2024M05.graphml"
"0.43","0.51","0.06","0.20330078125","1,2,1,1,1,3,4,5,2,4,1,4,5,1,6,5,7","0.000442981719970703","louvain","graph_2024M05.graphml"
"0.42","0.52","0.06","0.206049149338374","1,2,1,1,1,3,4,4,2,2,1,5,4,1,6,4,7","0.000481843948364258","louvain","graph_2024M05.graphml"
"0.41","0.53","0.06","0.206048402273326","1,2,1,1,1,3,4,5,2,4,1,4,5,1,6,5,7","0.000431060791015625","louvain","graph_2024M05.graphml"
"0.4","0.54","0.06","0.200826446280992","1,2,1,1,1,3,4,5,2,4,1,4,5,1,6,5,7","0.000441074371337891","louvain","graph_2024M05.graphml"
"0.39","0.55","0.06","0.199485312138931","1,2,1,1,3,4,5,5,2,3,1,5,6,1,7,3,8","0.000463962554931641","louvain","graph_2024M05.graphml"
"0.38","0.56","0.06","0.201228373702422","1,2,1,1,3,4,5,5,2,3,1,5,6,1,7,3,8","0.000449895858764648","louvain","graph_2024M05.graphml"
"0.37","0.57","0.06","0.201228373702422","1,2,1,1,3,4,5,5,2,3,1,5,6,1,7,3,8","0.000494003295898438","louvain","graph_2024M05.graphml"
"0.36","0.58","0.06","0.198368728839643","1,2,1,1,3,4,5,6,2,3,1,5,6,1,7,6,8","0.000423192977905273","louvain","graph_2024M05.graphml"
"0.35","0.59","0.06","0.19939468554427","1,2,1,1,3,4,5,5,2,3,1,5,6,1,7,3,8","0.000460147857666016","louvain","graph_2024M05.graphml"
"0.34","0.6","0.06","0.200175056150086","1,2,1,1,3,4,5,5,2,5,1,6,3,1,7,5,8","0.000432014465332031","louvain","graph_2024M05.graphml"
"0.33","0.61","0.06","0.199762187871582","1,2,1,1,3,4,5,5,2,3,1,5,6,1,7,3,8","0.000461101531982422","louvain","graph_2024M05.graphml"
"0.32","0.62","0.06","0.19439243285124","1,2,1,1,3,4,5,5,2,3,1,5,6,1,7,3,8","0.000454902648925781","louvain","graph_2024M05.graphml"
"0.31","0.63","0.06","0.195124996098749","1,2,1,1,3,4,3,5,2,3,1,5,6,1,7,5,8","0.000427007675170898","louvain","graph_2024M05.graphml"
"0.3","0.64","0.06","0.209367254919526","1,2,1,1,3,4,5,5,2,5,1,5,3,1,6,5,7","0.000706195831298828","louvain","graph_2024M05.graphml"
"0.29","0.65","0.06","0.209367254919526","1,2,1,1,3,4,5,5,2,5,1,5,3,1,6,5,7","0.000470876693725586","louvain","graph_2024M05.graphml"
"0.28","0.66","0.06","0.206698960302457","1,2,1,1,3,4,5,5,2,5,1,5,3,1,6,5,7","0.000468969345092773","louvain","graph_2024M05.graphml"
"0.27","0.67","0.06","0.203520818115413","1,2,3,1,4,5,4,6,2,4,1,6,3,1,7,4,8","0.000453948974609375","louvain","graph_2024M05.graphml"
"0.26","0.68","0.06","0.202708112899997","1,2,3,1,4,5,4,6,2,4,1,6,3,1,7,4,8","0.000453948974609375","louvain","graph_2024M05.graphml"
"0.25","0.69","0.06","0.204711514235324","1,2,3,1,3,4,5,5,2,5,1,5,3,1,6,5,7","0.000443220138549805","louvain","graph_2024M05.graphml"
"0.24","0.7","0.06","0.201361110365379","1,2,3,1,1,4,5,5,2,5,5,5,3,1,6,5,7","0.000436067581176758","louvain","graph_2024M05.graphml"
"0.23","0.71","0.06","0.197015121630506","1,2,3,1,1,4,5,5,2,5,5,6,3,1,7,5,8","0.000589847564697266","louvain","graph_2024M05.graphml"
"0.22","0.72","0.06","0.192952249770432","1,2,3,1,3,4,5,5,2,5,5,5,3,1,6,5,7","0.000438928604125977","louvain","graph_2024M05.graphml"
"0.21","0.73","0.06","0.1969625","1,2,3,1,1,4,5,5,2,5,5,6,3,1,7,5,8","0.000432014465332031","louvain","graph_2024M05.graphml"
"0.2","0.74","0.06","0.203082288622867","1,2,3,1,4,5,4,4,2,4,4,6,3,1,7,4,8","0.000456094741821289","louvain","graph_2024M05.graphml"
"0.19","0.75","0.06","0.195578309911243","1,2,3,1,4,5,4,4,2,4,4,4,3,1,6,3,7","0.000447988510131836","louvain","graph_2024M05.graphml"
"0.18","0.76","0.06","0.201037064169776","1,2,3,1,4,5,4,4,2,4,4,6,3,1,7,4,8","0.000463008880615234","louvain","graph_2024M05.graphml"
"0.17","0.77","0.06","0.201623952741403","1,2,3,1,4,5,4,4,2,4,4,6,3,1,7,3,8","0.000496149063110352","louvain","graph_2024M05.graphml"
"0.16","0.78","0.06","0.197458085451595","1,2,3,1,4,5,4,4,2,4,4,6,3,1,7,3,8","0.000443935394287109","louvain","graph_2024M05.graphml"
"0.15","0.79","0.06","0.196330589849108","1,2,3,1,2,4,2,2,5,2,2,6,3,1,7,3,8","0.000456094741821289","louvain","graph_2024M05.graphml"
"0.14","0.8","0.06","0.200319838397441","1,2,3,1,2,4,2,2,5,2,2,6,3,1,7,3,8","0.000464200973510742","louvain","graph_2024M05.graphml"
"0.13","0.81","0.06","0.191539256198347","1,2,3,1,2,4,5,5,2,6,5,5,3,6,7,3,8","0.000516176223754883","louvain","graph_2024M05.graphml"
"0.12","0.82","0.06","0.19575766261952","1,2,3,1,2,4,2,2,5,2,2,3,3,1,6,5,7","0.000519990921020508","louvain","graph_2024M05.graphml"
"0.11","0.83","0.06","0.195706476116378","1,2,3,1,2,4,2,2,5,2,2,6,3,1,7,3,8","0.0004730224609375","louvain","graph_2024M05.graphml"
"0.1","0.84","0.06","0.205501234567901","1,2,3,1,2,1,2,2,4,2,2,5,3,1,6,3,7","0.000436067581176758","louvain","graph_2024M05.graphml"
"0.09","0.85","0.06","0.204603233130858","1,2,3,1,2,1,2,2,4,2,2,5,3,1,6,3,7","0.000437021255493164","louvain","graph_2024M05.graphml"
"0.08","0.86","0.06","0.203504924592182","1,2,3,1,2,1,2,2,3,2,2,4,5,1,6,5,7","0.000427961349487305","louvain","graph_2024M05.graphml"
"0.07","0.87","0.06","0.199385633270321","1,2,3,1,3,1,2,2,3,2,2,4,4,1,5,2,6","0.000481128692626953","louvain","graph_2024M05.graphml"
"0.06","0.88","0.06","0.198502459061688","1,2,3,1,2,1,2,2,3,2,2,4,5,1,6,5,7","0.000463962554931641","louvain","graph_2024M05.graphml"
"0.05","0.89","0.06","0.198041960618173","1,2,3,1,4,1,4,4,3,4,4,5,2,1,6,4,7","0.00044703483581543","louvain","graph_2024M05.graphml"
"0.04","0.9","0.06","0.191800129273197","1,2,3,1,4,1,4,4,3,4,4,5,2,1,6,4,7","0.000458955764770508","louvain","graph_2024M05.graphml"
"0.03","0.91","0.06","0.18652147371445","1,2,3,1,3,1,4,4,3,5,4,4,2,5,6,2,7","0.000530004501342773","louvain","graph_2024M05.graphml"
"0.02","0.92","0.06","0.193834677491143","1,2,3,1,2,1,2,2,3,2,2,4,5,1,6,5,7","0.000454902648925781","louvain","graph_2024M05.graphml"
"0.01","0.93","0.06","0.19473573641918","1,2,3,1,4,1,4,4,3,4,4,5,2,1,6,4,7","0.000622987747192383","louvain","graph_2024M05.graphml"
"0","0.94","0.06","0.192619741774261","1,2,2,1,3,1,3,3,2,4,5,3,5,4,6,5,7","0.000463962554931641","louvain","graph_2024M05.graphml"
"0.93","0","0.07","0.234641300039635","1,2,3,1,4,5,4,4,2,6,4,7,4,1,8,4,9","0.000396966934204102","louvain","graph_2024M05.graphml"
"0.92","0.01","0.07","0.218753773698829","1,2,3,1,4,5,4,4,2,6,4,7,4,1,8,4,9","0.000425100326538086","louvain","graph_2024M05.graphml"
"0.91","0.02","0.07","0.223347668628339","1,2,3,1,4,5,4,4,2,4,1,6,4,1,7,2,8","0.000413179397583008","louvain","graph_2024M05.graphml"
"0.9","0.03","0.07","0.223578559027778","1,2,3,1,1,4,5,5,2,5,1,6,5,1,7,2,8","0.000403881072998047","louvain","graph_2024M05.graphml"
"0.89","0.04","0.07","0.224093952598576","1,2,3,1,2,4,5,5,2,5,1,6,5,1,7,2,8","0.000430822372436523","louvain","graph_2024M05.graphml"
"0.88","0.05","0.07","0.227665556018326","1,2,3,1,2,4,5,5,2,5,1,6,5,1,7,2,8","0.000430107116699219","louvain","graph_2024M05.graphml"
"0.87","0.06","0.07","0.21635","1,2,3,1,2,4,5,5,2,5,1,6,5,1,7,2,8","0.000391960144042969","louvain","graph_2024M05.graphml"
"0.86","0.07","0.07","0.223066366042545","1,2,3,1,2,4,5,5,2,5,1,6,5,1,7,2,8","0.00039982795715332","louvain","graph_2024M05.graphml"
"0.85","0.08","0.07","0.223066366042545","1,2,3,1,2,4,5,5,2,5,1,6,5,1,7,2,8","0.000390052795410156","louvain","graph_2024M05.graphml"
"0.84","0.09","0.07","0.226595540176855","1,2,3,1,2,4,5,5,2,5,5,6,5,1,7,2,8","0.000406026840209961","louvain","graph_2024M05.graphml"
"0.83","0.1","0.07","0.221839947214629","1,2,3,1,2,4,5,5,2,5,5,6,5,1,7,2,8","0.000415802001953125","louvain","graph_2024M05.graphml"
"0.82","0.11","0.07","0.221839947214629","1,2,3,1,2,4,5,5,2,5,5,6,5,1,7,2,8","0.000404119491577148","louvain","graph_2024M05.graphml"
"0.81","0.12","0.07","0.224716553287982","1,2,3,1,2,4,5,6,2,5,5,6,5,1,7,6,8","0.000422000885009766","louvain","graph_2024M05.graphml"
"0.8","0.13","0.07","0.225094307270233","1,2,3,1,2,4,5,6,2,5,1,6,5,1,7,6,8","0.000416994094848633","louvain","graph_2024M05.graphml"
"0.79","0.14","0.07","0.219706632653061","1,2,3,2,2,4,5,5,2,6,1,7,5,1,8,5,9","0.000432014465332031","louvain","graph_2024M05.graphml"
"0.78","0.15","0.07","0.216265956613674","1,2,3,2,2,4,5,5,2,6,1,5,5,1,7,5,8","0.000416994094848633","louvain","graph_2024M05.graphml"
"0.77","0.16","0.07","0.211757463835026","1,2,3,2,2,4,5,5,2,6,1,7,5,1,8,5,9","0.000618934631347656","louvain","graph_2024M05.graphml"
"0.76","0.17","0.07","0.220273483947681","1,2,3,2,2,4,5,5,2,6,1,7,5,1,8,5,9","0.000432014465332031","louvain","graph_2024M05.graphml"
"0.75","0.18","0.07","0.213054277156841","1,2,3,2,2,4,5,5,2,5,1,6,5,1,7,5,8","0.000416040420532227","louvain","graph_2024M05.graphml"
"0.74","0.19","0.07","0.214369201548689","1,2,3,2,2,4,5,5,2,6,1,5,5,1,7,5,8","0.000417947769165039","louvain","graph_2024M05.graphml"
"0.73","0.2","0.07","0.215768660405339","1,2,3,2,2,4,5,6,2,5,1,6,6,1,7,6,8","0.000467061996459961","louvain","graph_2024M05.graphml"
"0.72","0.21","0.07","0.214944334403388","1,2,3,2,2,4,5,6,2,5,1,6,6,1,7,6,8","0.000395774841308594","louvain","graph_2024M05.graphml"
"0.71","0.22","0.07","0.205593348450491","1,2,3,4,4,5,2,6,4,2,1,6,6,1,7,6,8","0.000422000885009766","louvain","graph_2024M05.graphml"
"0.7","0.23","0.07","0.205593348450491","1,2,3,4,4,5,2,6,4,2,1,6,6,1,7,6,8","0.000443935394287109","louvain","graph_2024M05.graphml"
"0.69","0.24","0.07","0.205593348450491","1,2,3,4,4,5,2,6,4,2,1,6,6,1,7,6,8","0.000422954559326172","louvain","graph_2024M05.graphml"
"0.68","0.25","0.07","0.196346366761844","1,2,3,4,4,5,2,6,4,2,1,2,6,1,7,6,8","0.000471115112304688","louvain","graph_2024M05.graphml"
"0.67","0.26","0.07","0.193554866850321","1,2,3,4,4,5,2,6,4,2,1,2,6,1,7,6,8","0.000462055206298828","louvain","graph_2024M05.graphml"
"0.66","0.27","0.07","0.198739329526825","1,2,3,4,4,5,2,6,4,2,1,2,6,1,7,6,8","0.000451087951660156","louvain","graph_2024M05.graphml"
"0.65","0.28","0.07","0.195115838716863","1,2,3,4,4,5,2,6,4,2,1,2,6,1,7,6,8","0.000409126281738281","louvain","graph_2024M05.graphml"
"0.64","0.29","0.07","0.194149928072886","1,2,3,1,1,4,5,5,2,5,1,5,5,1,6,5,7","0.000439167022705078","louvain","graph_2024M05.graphml"
"0.63","0.3","0.07","0.194149928072886","1,2,3,1,1,4,5,5,2,5,1,5,5,1,6,5,7","0.000432968139648438","louvain","graph_2024M05.graphml"
"0.62","0.31","0.07","0.195965997686233","1,2,1,1,1,3,4,5,2,4,1,4,5,5,6,5,7","0.000448942184448242","louvain","graph_2024M05.graphml"
"0.61","0.32","0.07","0.204533229008754","1,2,1,1,1,3,2,4,5,2,1,6,4,4,7,4,8","0.000442981719970703","louvain","graph_2024M05.graphml"
"0.6","0.33","0.07","0.203063426534059","1,2,1,1,1,3,2,4,5,2,1,6,4,4,7,4,8","0.000706195831298828","louvain","graph_2024M05.graphml"
"0.59","0.34","0.07","0.199731593317599","1,2,1,1,1,3,2,4,5,2,1,6,4,4,7,4,8","0.000435113906860352","louvain","graph_2024M05.graphml"
"0.58","0.35","0.07","0.193617404621413","1,2,1,1,1,3,2,4,5,2,1,6,4,4,7,4,8","0.000622987747192383","louvain","graph_2024M05.graphml"
"0.57","0.36","0.07","0.197000519390582","1,2,1,1,1,3,2,2,4,2,1,5,2,1,6,2,7","0.000449895858764648","louvain","graph_2024M05.graphml"
"0.56","0.37","0.07","0.206472424557752","1,2,1,1,1,3,4,4,2,4,1,4,4,1,5,4,6","0.000407934188842773","louvain","graph_2024M05.graphml"
"0.55","0.38","0.07","0.20888657648283","1,2,1,1,1,3,4,4,2,4,1,5,4,1,6,4,7","0.000437021255493164","louvain","graph_2024M05.graphml"
"0.54","0.39","0.07","0.204491288625904","1,2,1,1,1,3,4,4,2,4,1,4,4,1,5,1,6","0.000432014465332031","louvain","graph_2024M05.graphml"
"0.53","0.4","0.07","0.204491288625904","1,2,1,1,1,3,4,4,2,4,1,4,4,1,5,1,6","0.000437021255493164","louvain","graph_2024M05.graphml"
"0.52","0.41","0.07","0.209982374619452","1,2,1,1,1,3,4,5,2,4,1,4,5,1,6,5,7","0.000432014465332031","louvain","graph_2024M05.graphml"
"0.51","0.42","0.07","0.206815394960642","1,2,1,1,1,3,4,5,2,4,1,4,5,1,6,5,7","0.000437021255493164","louvain","graph_2024M05.graphml"
"0.5","0.43","0.07","0.20330078125","1,2,1,1,1,3,4,5,2,4,1,4,5,1,6,5,7","0.000422000885009766","louvain","graph_2024M05.graphml"
"0.49","0.44","0.07","0.199818679834883","1,2,1,1,1,3,4,5,2,4,1,4,5,1,6,5,7","0.000423908233642578","louvain","graph_2024M05.graphml"
"0.48","0.45","0.07","0.202427221460143","1,2,1,1,1,3,4,4,2,2,1,5,4,1,6,4,7","0.000432014465332031","louvain","graph_2024M05.graphml"
"0.47","0.46","0.07","0.196516210588935","1,2,1,1,1,3,4,5,2,4,1,4,5,1,6,5,7","0.000428915023803711","louvain","graph_2024M05.graphml"
"0.46","0.47","0.07","0.193553719008264","1,2,1,1,1,3,4,5,2,4,1,4,5,1,6,5,7","0.000455141067504883","louvain","graph_2024M05.graphml"
"0.45","0.48","0.07","0.200520833333333","1,2,1,1,1,3,4,4,2,4,1,5,4,1,6,4,7","0.000465154647827148","louvain","graph_2024M05.graphml"
"0.44","0.49","0.07","0.200916955017301","1,2,1,1,3,4,5,5,2,3,1,5,5,1,6,3,7","0.000667095184326172","louvain","graph_2024M05.graphml"
"0.43","0.5","0.07","0.198539721623747","1,2,1,1,3,4,5,5,2,3,1,6,5,1,7,3,8","0.00043797492980957","louvain","graph_2024M05.graphml"
"0.42","0.51","0.07","0.201409545700379","1,2,1,1,3,4,5,5,2,3,1,6,5,1,7,3,8","0.000449180603027344","louvain","graph_2024M05.graphml"
"0.41","0.52","0.07","0.200356718192628","1,2,1,1,3,4,5,5,2,3,1,5,5,1,6,3,7","0.000561952590942383","louvain","graph_2024M05.graphml"
"0.4","0.53","0.07","0.195920712438954","1,2,3,1,4,5,3,3,2,4,1,3,3,1,6,4,7","0.00046086311340332","louvain","graph_2024M05.graphml"
"0.39","0.54","0.07","0.193362580482262","1,2,3,1,4,5,3,3,2,4,1,3,3,1,6,4,7","0.000462055206298828","louvain","graph_2024M05.graphml"
"0.38","0.55","0.07","0.191582659717237","1,2,3,1,4,5,3,3,2,4,1,6,3,1,7,4,8","0.000454187393188477","louvain","graph_2024M05.graphml"
"0.37","0.56","0.07","0.193163580246914","1,2,3,1,4,5,3,3,2,4,1,3,3,1,6,4,7","0.000538825988769531","louvain","graph_2024M05.graphml"
"0.36","0.57","0.07","0.190638258905406","1,2,3,1,4,5,3,3,2,4,1,3,3,1,6,4,7","0.00040888786315918","louvain","graph_2024M05.graphml"
"0.35","0.58","0.07","0.20036523009496","1,2,3,1,3,4,5,5,2,5,1,5,3,1,6,5,7","0.000474929809570312","louvain","graph_2024M05.graphml"
"0.34","0.59","0.07","0.197306046941843","1,2,3,1,3,4,5,5,2,5,1,5,3,1,6,5,7","0.000472784042358398","louvain","graph_2024M05.graphml"
"0.33","0.6","0.07","0.202976459936623","1,2,3,1,3,4,5,5,2,5,1,5,3,1,6,5,7","0.000935077667236328","louvain","graph_2024M05.graphml"
"0.32","0.61","0.07","0.200470311581423","1,2,3,1,4,5,4,3,2,4,1,3,3,1,6,4,7","0.000432014465332031","louvain","graph_2024M05.graphml"
"0.31","0.62","0.07","0.195526438419999","1,2,3,1,4,5,4,3,2,4,1,3,3,1,6,4,7","0.000510931015014648","louvain","graph_2024M05.graphml"
"0.3","0.63","0.07","0.188277181422043","1,2,3,1,4,5,4,3,2,4,1,3,3,1,6,4,7","0.000411033630371094","louvain","graph_2024M05.graphml"
"0.29","0.64","0.07","0.191261453561016","1,2,3,1,3,4,5,5,2,5,1,5,3,1,6,5,7","0.000441074371337891","louvain","graph_2024M05.graphml"
"0.28","0.65","0.07","0.184717557637433","1,2,3,1,3,4,5,5,2,5,1,5,3,1,6,5,7","0.000455141067504883","louvain","graph_2024M05.graphml"
"0.27","0.66","0.07","0.184537511447736","1,2,3,1,1,4,5,5,2,5,5,6,3,1,7,5,8","0.000421047210693359","louvain","graph_2024M05.graphml"
"0.26","0.67","0.07","0.185505593438327","1,2,3,1,1,4,5,5,2,5,5,6,3,1,7,5,8","0.000540018081665039","louvain","graph_2024M05.graphml"
"0.25","0.68","0.07","0.195506174003205","1,2,3,1,1,4,5,5,2,5,5,6,3,1,7,5,8","0.0004730224609375","louvain","graph_2024M05.graphml"
"0.24","0.69","0.07","0.187403628117914","1,2,3,1,4,5,6,4,2,6,6,4,3,1,7,3,8","0.000463008880615234","louvain","graph_2024M05.graphml"
"0.23","0.7","0.07","0.190704428334352","1,2,3,1,4,5,4,4,2,4,4,6,3,1,7,3,8","0.000498771667480469","louvain","graph_2024M05.graphml"
"0.22","0.71","0.07","0.190704428334352","1,2,3,1,4,5,4,4,2,4,4,6,3,1,7,3,8","0.000471115112304688","louvain","graph_2024M05.graphml"
"0.21","0.72","0.07","0.192794495529742","1,2,3,1,4,5,4,4,2,4,4,6,3,1,7,3,8","0.000471115112304688","louvain","graph_2024M05.graphml"
"0.2","0.73","0.07","0.19446008215008","1,2,3,1,4,5,4,4,2,4,4,6,3,1,7,3,8","0.000463962554931641","louvain","graph_2024M05.graphml"
"0.19","0.74","0.07","0.193886454021589","1,2,3,1,2,4,2,2,5,2,2,3,3,1,6,5,7","0.000439167022705078","louvain","graph_2024M05.graphml"
"0.18","0.75","0.07","0.192892216540865","1,2,3,1,4,5,4,4,2,4,4,3,3,1,6,4,7","0.000422954559326172","louvain","graph_2024M05.graphml"
"0.17","0.76","0.07","0.196478396045918","1,2,3,1,4,1,2,2,4,2,2,3,3,1,5,2,6","0.000442028045654297","louvain","graph_2024M05.graphml"
"0.16","0.77","0.07","0.194424498825904","1,2,3,1,4,1,2,2,4,2,2,3,3,1,5,2,6","0.000442981719970703","louvain","graph_2024M05.graphml"
"0.15","0.78","0.07","0.192741997537704","1,2,3,1,2,1,4,4,2,5,4,4,3,5,6,3,7","0.000450849533081055","louvain","graph_2024M05.graphml"
"0.14","0.79","0.07","0.194442344045369","1,2,3,1,2,1,2,2,3,2,2,4,4,1,5,3,6","0.000456094741821289","louvain","graph_2024M05.graphml"
"0.13","0.8","0.07","0.197369632890641","1,2,3,1,2,1,2,2,4,2,2,5,3,1,6,4,7","0.000450849533081055","louvain","graph_2024M05.graphml"
"0.12","0.81","0.07","0.187131930479747","1,2,3,1,4,1,4,4,3,5,2,4,2,5,6,3,7","0.000461101531982422","louvain","graph_2024M05.graphml"
"0.11","0.82","0.07","0.190469832113799","1,2,3,1,2,1,2,2,4,2,2,5,3,1,6,4,7","0.00050806999206543","louvain","graph_2024M05.graphml"
"0.1","0.83","0.07","0.190149370649291","1,2,3,1,2,1,2,2,3,2,4,5,4,1,6,2,7","0.000458955764770508","louvain","graph_2024M05.graphml"
"0.09","0.84","0.07","0.190113968592987","1,2,3,1,2,1,2,2,3,2,4,5,4,1,6,2,7","0.000443935394287109","louvain","graph_2024M05.graphml"
"0.08","0.85","0.07","0.19055163600077","1,2,3,1,4,1,2,2,3,2,2,5,4,1,6,2,7","0.000436067581176758","louvain","graph_2024M05.graphml"
"0.07","0.86","0.07","0.185412540127041","1,2,3,1,4,1,2,2,4,2,2,5,3,1,6,2,7","0.000734806060791016","louvain","graph_2024M05.graphml"
"0.06","0.87","0.07","0.185096646403934","1,2,3,1,2,1,2,2,3,2,4,5,4,1,6,2,7","0.000449895858764648","louvain","graph_2024M05.graphml"
"0.05","0.88","0.07","0.192011901664932","1,2,3,1,4,1,5,5,2,5,5,4,3,1,6,5,7","0.000484943389892578","louvain","graph_2024M05.graphml"
"0.04","0.89","0.07","0.194956532959146","1,2,3,1,4,1,5,5,2,5,5,4,3,1,6,5,7","0.000438213348388672","louvain","graph_2024M05.graphml"
"0.03","0.9","0.07","0.194956532959146","1,2,3,1,4,1,5,5,2,5,5,4,3,1,6,5,7","0.000441789627075195","louvain","graph_2024M05.graphml"
"0.02","0.91","0.07","0.190208490803729","1,2,3,1,4,1,5,5,2,5,5,4,3,1,6,5,7","0.000448942184448242","louvain","graph_2024M05.graphml"
"0.01","0.92","0.07","0.186384351012127","1,2,3,1,4,1,4,4,2,5,1,4,3,1,6,3,7","0.00047612190246582","louvain","graph_2024M05.graphml"
"0","0.93","0.07","0.184567518054778","1,2,3,1,4,1,5,5,2,5,5,4,3,1,6,5,7","0.000459909439086914","louvain","graph_2024M05.graphml"
"0.92","0","0.08","0.21635","1,2,3,1,2,4,5,5,2,5,1,6,5,1,7,2,8","0.000416994094848633","louvain","graph_2024M05.graphml"
"0.91","0.01","0.08","0.230040531624093","1,2,3,1,2,4,5,5,2,5,1,6,5,1,7,2,8","0.000417947769165039","louvain","graph_2024M05.graphml"
"0.9","0.02","0.08","0.225268121301775","1,2,3,1,2,4,5,5,2,5,1,6,5,1,7,2,8","0.000422000885009766","louvain","graph_2024M05.graphml"
"0.89","0.03","0.08","0.225268121301775","1,2,3,1,2,4,5,5,2,5,1,6,5,1,7,2,8","0.000421047210693359","louvain","graph_2024M05.graphml"
"0.88","0.04","0.08","0.225268121301775","1,2,3,1,2,4,5,5,2,5,1,6,5,1,7,2,8","0.000447988510131836","louvain","graph_2024M05.graphml"
"0.87","0.05","0.08","0.228707482993197","1,2,3,1,2,4,5,5,2,5,5,6,5,1,7,2,8","0.000402212142944336","louvain","graph_2024M05.graphml"
"0.86","0.06","0.08","0.214090909090909","1,2,3,1,2,4,5,5,2,5,1,6,5,1,7,2,8","0.000418186187744141","louvain","graph_2024M05.graphml"
"0.85","0.07","0.08","0.207768815099068","1,2,3,2,2,4,5,5,2,6,1,7,5,1,8,5,9","0.000421047210693359","louvain","graph_2024M05.graphml"
"0.84","0.08","0.08","0.210757156048015","1,2,3,2,2,4,5,5,2,6,1,5,5,1,7,5,8","0.000404834747314453","louvain","graph_2024M05.graphml"
"0.83","0.09","0.08","0.217226516052319","1,2,3,2,2,4,5,5,2,6,1,5,5,1,7,5,8","0.000423192977905273","louvain","graph_2024M05.graphml"
"0.82","0.1","0.08","0.209657389144569","1,2,3,2,2,4,5,5,2,2,1,6,5,1,7,5,8","0.000585079193115234","louvain","graph_2024M05.graphml"
"0.81","0.11","0.08","0.21599396725079","1,2,3,2,2,4,5,5,2,5,1,6,5,1,7,1,8","0.000427007675170898","louvain","graph_2024M05.graphml"
"0.8","0.12","0.08","0.21599396725079","1,2,3,2,2,4,5,5,2,5,1,6,5,1,7,5,8","0.000406980514526367","louvain","graph_2024M05.graphml"
"0.79","0.13","0.08","0.218325251007445","1,2,3,2,2,4,5,5,2,6,1,6,5,1,7,5,8","0.000460147857666016","louvain","graph_2024M05.graphml"
"0.78","0.14","0.08","0.204441987513007","1,2,3,2,2,4,5,5,2,6,1,6,5,1,7,5,8","0.000427961349487305","louvain","graph_2024M05.graphml"
"0.77","0.15","0.08","0.198286722096246","1,2,3,2,2,4,5,5,2,6,1,6,5,1,7,5,8","0.000416040420532227","louvain","graph_2024M05.graphml"
"0.76","0.16","0.08","0.19403076171875","1,2,3,4,4,5,6,6,4,2,1,2,6,1,7,6,8","0.000426769256591797","louvain","graph_2024M05.graphml"
"0.75","0.17","0.08","0.196983354365723","1,2,3,4,4,5,6,6,4,2,1,7,6,1,8,6,9","0.000438213348388672","louvain","graph_2024M05.graphml"
"0.74","0.18","0.08","0.195821921799429","1,2,3,4,4,5,2,6,4,2,1,6,2,1,7,6,8","0.000418901443481445","louvain","graph_2024M05.graphml"
"0.73","0.19","0.08","0.193849284866301","1,2,3,4,4,5,2,2,4,2,1,6,2,1,7,2,8","0.000445127487182617","louvain","graph_2024M05.graphml"
"0.72","0.2","0.08","0.192275562486077","1,2,3,4,4,5,2,2,4,2,1,2,2,1,6,1,7","0.000422000885009766","louvain","graph_2024M05.graphml"
"0.71","0.21","0.08","0.198251417769376","1,2,3,1,1,4,2,2,5,2,1,2,2,1,6,5,7","0.000421047210693359","louvain","graph_2024M05.graphml"
"0.7","0.22","0.08","0.188061224489796","1,2,3,1,1,4,5,5,6,2,1,5,5,5,7,5,8","0.000475883483886719","louvain","graph_2024M05.graphml"
"0.69","0.23","0.08","0.189527689754036","1,2,1,1,1,3,4,4,2,4,1,4,4,4,5,4,6","0.000429868698120117","louvain","graph_2024M05.graphml"
"0.68","0.24","0.08","0.197083911922238","1,2,1,1,1,3,4,4,5,2,1,4,4,4,6,4,7","0.000432014465332031","louvain","graph_2024M05.graphml"
"0.67","0.25","0.08","0.196349344135802","1,2,1,1,1,3,4,4,5,2,1,4,4,4,6,4,7","0.000435829162597656","louvain","graph_2024M05.graphml"
"0.66","0.26","0.08","0.18809349890431","1,2,1,1,1,3,2,2,4,2,1,5,2,2,6,4,7","0.000435113906860352","louvain","graph_2024M05.graphml"
"0.65","0.27","0.08","0.18809349890431","1,2,1,1,1,3,2,2,4,2,1,5,2,2,6,4,7","0.000434160232543945","louvain","graph_2024M05.graphml"
"0.64","0.28","0.08","0.189088888888889","1,2,1,1,1,3,4,4,5,2,1,4,4,1,6,4,7","0.000405073165893555","louvain","graph_2024M05.graphml"
"0.63","0.29","0.08","0.197130367036011","1,2,1,1,1,3,2,2,4,2,1,5,2,1,6,2,7","0.000457048416137695","louvain","graph_2024M05.graphml"
"0.62","0.3","0.08","0.194100588642659","1,2,1,1,1,3,4,4,5,2,1,4,4,1,6,4,7","0.000422000885009766","louvain","graph_2024M05.graphml"
"0.61","0.31","0.08","0.207970863683663","1,2,1,1,1,3,4,5,2,4,1,4,4,1,6,5,7","0.000420808792114258","louvain","graph_2024M05.graphml"
"0.6","0.32","0.08","0.209217412471094","1,2,1,1,1,3,4,4,2,2,1,5,4,1,6,4,7","0.000458955764770508","louvain","graph_2024M05.graphml"
"0.59","0.33","0.08","0.211344335843615","1,2,1,1,1,3,4,4,2,2,1,5,4,1,6,4,7","0.000443935394287109","louvain","graph_2024M05.graphml"
"0.58","0.34","0.08","0.204877180491278","1,2,1,1,1,3,4,4,2,4,1,4,4,1,5,2,6","0.000554084777832031","louvain","graph_2024M05.graphml"
"0.57","0.35","0.08","0.200358782454381","1,2,1,1,1,3,4,4,2,2,1,5,4,1,6,4,7","0.000453948974609375","louvain","graph_2024M05.graphml"
"0.56","0.36","0.08","0.200358782454381","1,2,1,1,1,3,4,4,2,2,1,5,4,1,6,4,7","0.000448942184448242","louvain","graph_2024M05.graphml"
"0.55","0.37","0.08","0.202204788816181","1,2,1,1,1,3,4,4,2,2,1,5,4,1,6,4,7","0.000433921813964844","louvain","graph_2024M05.graphml"
"0.54","0.38","0.08","0.197465564738292","1,2,1,1,1,3,4,4,2,2,1,4,4,1,5,4,6","0.000414848327636719","louvain","graph_2024M05.graphml"
"0.53","0.39","0.08","0.193678511240991","1,2,3,1,1,4,3,3,2,2,1,5,3,1,6,3,7","0.0004119873046875","louvain","graph_2024M05.graphml"
"0.52","0.4","0.08","0.193678511240991","1,2,3,1,1,4,3,3,2,2,1,5,3,1,6,3,7","0.000436067581176758","louvain","graph_2024M05.graphml"
"0.51","0.41","0.08","0.194566016596058","1,2,3,1,1,4,3,3,2,5,1,6,3,1,7,5,8","0.000425100326538086","louvain","graph_2024M05.graphml"
"0.5","0.42","0.08","0.196035018929151","1,2,3,1,4,5,3,3,2,4,1,6,3,1,7,4,8","0.000429153442382812","louvain","graph_2024M05.graphml"
"0.49","0.43","0.08","0.196035018929151","1,2,3,1,4,5,3,3,2,4,1,6,3,1,7,4,8","0.000447988510131836","louvain","graph_2024M05.graphml"
"0.48","0.44","0.08","0.193274081994053","1,2,3,1,4,5,3,3,2,4,1,6,3,1,7,4,8","0.000528097152709961","louvain","graph_2024M05.graphml"
"0.47","0.45","0.08","0.19105301797057","1,2,3,1,4,5,3,3,2,4,1,6,3,1,7,4,8","0.000467777252197266","louvain","graph_2024M05.graphml"
"0.46","0.46","0.08","0.19105301797057","1,2,3,1,4,5,3,3,2,4,1,6,3,1,7,4,8","0.000533103942871094","louvain","graph_2024M05.graphml"
"0.45","0.47","0.08","0.196607471676914","1,2,3,1,4,5,3,3,2,4,1,6,3,1,7,4,8","0.000441074371337891","louvain","graph_2024M05.graphml"
"0.44","0.48","0.08","0.191706602362565","1,2,3,1,4,5,3,3,2,4,1,6,3,1,7,4,8","0.00043487548828125","louvain","graph_2024M05.graphml"
"0.43","0.49","0.08","0.193530370728173","1,2,3,1,4,5,3,3,2,4,1,6,3,1,7,4,8","0.000461101531982422","louvain","graph_2024M05.graphml"
"0.42","0.5","0.08","0.193530370728173","1,2,3,1,4,5,3,3,2,4,1,6,3,1,7,4,8","0.000445127487182617","louvain","graph_2024M05.graphml"
"0.41","0.51","0.08","0.191689808593867","1,2,3,1,4,5,3,3,2,4,1,6,3,1,7,4,8","0.000441074371337891","louvain","graph_2024M05.graphml"
"0.4","0.52","0.08","0.196106486298994","1,2,3,1,4,5,3,3,2,4,1,3,3,1,6,3,7","0.000422954559326172","louvain","graph_2024M05.graphml"
"0.39","0.53","0.08","0.195165308921923","1,2,3,1,4,5,4,3,2,4,1,3,3,1,6,4,7","0.000438213348388672","louvain","graph_2024M05.graphml"
"0.38","0.54","0.08","0.188742084920918","1,2,3,1,3,4,5,5,2,5,1,5,3,1,6,5,7","0.000471830368041992","louvain","graph_2024M05.graphml"
"0.37","0.55","0.08","0.185818142361111","1,2,3,1,3,4,5,6,2,5,1,6,3,1,7,5,8","0.000453948974609375","louvain","graph_2024M05.graphml"
"0.36","0.56","0.08","0.183588821176407","1,2,3,1,3,4,5,6,2,5,1,6,3,1,7,5,8","0.000454902648925781","louvain","graph_2024M05.graphml"
"0.35","0.57","0.08","0.189930170836662","1,2,3,1,3,4,5,5,2,5,1,5,3,1,6,5,7","0.000460147857666016","louvain","graph_2024M05.graphml"
"0.34","0.58","0.08","0.186232670892149","1,2,3,1,3,4,5,5,2,5,1,5,3,1,6,5,7","0.000525951385498047","louvain","graph_2024M05.graphml"
"0.33","0.59","0.08","0.1844125","1,2,3,1,3,4,5,5,2,5,1,5,3,1,6,5,7","0.000451087951660156","louvain","graph_2024M05.graphml"
"0.32","0.6","0.08","0.177643233274285","1,2,3,1,3,4,5,5,2,5,1,5,3,1,6,5,7","0.000455856323242188","louvain","graph_2024M05.graphml"
"0.31","0.61","0.08","0.179976204640095","1,2,3,1,1,4,5,5,2,5,5,5,3,1,6,3,7","0.000449895858764648","louvain","graph_2024M05.graphml"
"0.3","0.62","0.08","0.184077198604958","1,2,3,1,1,4,5,5,2,5,5,6,3,1,7,5,8","0.000442981719970703","louvain","graph_2024M05.graphml"
"0.29","0.63","0.08","0.179319871521305","1,2,3,1,4,5,4,4,2,4,4,4,3,1,6,3,7","0.000454902648925781","louvain","graph_2024M05.graphml"
"0.28","0.64","0.08","0.182166564765482","1,2,3,1,4,5,4,4,2,4,4,6,3,1,7,4,8","0.000468969345092773","louvain","graph_2024M05.graphml"
"0.27","0.65","0.08","0.179480800432666","1,2,3,1,4,5,4,6,2,4,4,6,3,4,7,3,8","0.000471830368041992","louvain","graph_2024M05.graphml"
"0.26","0.66","0.08","0.184983632534768","1,2,3,1,2,4,5,5,2,5,3,5,3,1,6,5,7","0.00044703483581543","louvain","graph_2024M05.graphml"
"0.25","0.67","0.08","0.187210743801653","1,2,3,1,2,4,5,5,2,6,5,5,3,6,7,3,8","0.000463008880615234","louvain","graph_2024M05.graphml"
"0.24","0.68","0.08","0.194644975768666","1,2,2,1,3,1,4,4,3,4,4,5,2,1,6,4,7","0.000427961349487305","louvain","graph_2024M05.graphml"
"0.23","0.69","0.08","0.193107494613727","1,2,3,1,2,1,2,2,4,2,2,5,3,1,6,4,7","0.000555992126464844","louvain","graph_2024M05.graphml"
"0.22","0.7","0.08","0.192943982763927","1,2,3,1,4,1,2,2,4,2,2,5,3,1,6,3,7","0.000470876693725586","louvain","graph_2024M05.graphml"
"0.21","0.71","0.08","0.185359168241966","1,2,2,1,2,1,3,3,2,4,5,3,5,4,6,5,7","0.000458002090454102","louvain","graph_2024M05.graphml"
"0.2","0.72","0.08","0.190342598097503","1,2,3,1,2,1,2,2,3,2,4,5,4,1,6,2,7","0.000441074371337891","louvain","graph_2024M05.graphml"
"0.19","0.73","0.08","0.188746038931643","1,2,3,1,4,1,2,2,4,2,2,5,3,1,6,2,7","0.0004730224609375","louvain","graph_2024M05.graphml"
"0.18","0.74","0.08","0.188083524849181","1,2,3,1,2,1,2,2,4,2,2,5,3,1,6,4,7","0.000477075576782227","louvain","graph_2024M05.graphml"
"0.17","0.75","0.08","0.1858943545372","1,2,3,1,2,1,2,2,3,2,2,4,2,1,5,2,6","0.000550031661987305","louvain","graph_2024M05.graphml"
"0.16","0.76","0.08","0.188943224348563","1,2,3,1,2,1,2,2,3,2,2,4,5,1,6,5,7","0.000458955764770508","louvain","graph_2024M05.graphml"
"0.15","0.77","0.08","0.181815051393743","1,2,3,1,4,1,4,4,3,5,2,4,2,5,6,3,7","0.000490903854370117","louvain","graph_2024M05.graphml"
"0.14","0.78","0.08","0.181772008057713","1,2,2,1,3,1,4,4,2,5,3,4,3,5,6,4,7","0.000467061996459961","louvain","graph_2024M05.graphml"
"0.13","0.79","0.08","0.184994194385629","1,2,3,1,4,1,4,4,2,4,4,5,3,1,6,4,7","0.000444889068603516","louvain","graph_2024M05.graphml"
"0.12","0.8","0.08","0.186590797473285","1,2,3,1,4,1,4,4,2,4,4,5,3,1,6,4,7","0.000452041625976562","louvain","graph_2024M05.graphml"
"0.11","0.81","0.08","0.186297376093294","1,2,3,1,4,1,2,2,4,2,2,5,3,1,6,2,7","0.000477075576782227","louvain","graph_2024M05.graphml"
"0.1","0.82","0.08","0.190214673956872","1,2,3,1,4,1,5,5,2,5,5,4,3,1,6,5,7","0.00046086311340332","louvain","graph_2024M05.graphml"
"0.09","0.83","0.08","0.186933540737449","1,2,3,1,4,1,5,5,2,5,5,4,3,1,6,5,7","0.000442028045654297","louvain","graph_2024M05.graphml"
"0.08","0.84","0.08","0.185429264298312","1,2,3,1,4,1,5,5,2,5,5,4,3,1,6,5,7","0.000461101531982422","louvain","graph_2024M05.graphml"
"0.07","0.85","0.08","0.186220684352172","1,2,3,1,4,1,5,5,2,5,5,4,3,1,1,5,6","0.000442028045654297","louvain","graph_2024M05.graphml"
"0.06","0.86","0.08","0.1870202425472","1,2,3,1,4,1,5,5,2,5,5,4,3,1,1,5,6","0.000447988510131836","louvain","graph_2024M05.graphml"
"0.05","0.87","0.08","0.1861555432984","1,2,3,1,4,1,4,4,2,5,1,4,3,1,1,3,6","0.000438928604125977","louvain","graph_2024M05.graphml"
"0.04","0.88","0.08","0.1861555432984","1,2,3,1,4,1,4,4,2,5,1,4,3,1,1,3,6","0.000446081161499023","louvain","graph_2024M05.graphml"
"0.03","0.89","0.08","0.185332840236686","1,2,3,1,4,1,5,5,2,5,5,4,3,1,1,5,6","0.000585079193115234","louvain","graph_2024M05.graphml"
"0.02","0.9","0.08","0.188977846648301","1,2,3,1,4,1,4,4,2,4,1,4,3,1,1,4,5","0.000448942184448242","louvain","graph_2024M05.graphml"
"0.01","0.91","0.08","0.187376290494838","1,2,3,1,4,1,4,4,2,4,1,4,3,1,1,4,5","0.000459909439086914","louvain","graph_2024M05.graphml"
"0","0.92","0.08","0.183190955126317","1,2,3,2,4,1,4,5,2,4,1,4,3,4,1,5,6","0.000471830368041992","louvain","graph_2024M05.graphml"
"0.91","0","0.09","0.21070561516172","1,2,3,2,2,4,5,5,2,6,1,5,5,1,7,2,8","0.0004119873046875","louvain","graph_2024M05.graphml"
"0.9","0.01","0.09","0.203667296786389","1,2,3,2,2,4,5,5,2,5,1,6,5,1,7,1,8","0.000421047210693359","louvain","graph_2024M05.graphml"
"0.89","0.02","0.09","0.207008026159334","1,2,3,2,2,4,5,5,2,5,1,6,5,1,7,5,8","0.000423908233642578","louvain","graph_2024M05.graphml"
"0.88","0.03","0.09","0.20849435196195","1,2,3,2,2,4,5,5,2,6,1,5,5,1,7,5,8","0.000406026840209961","louvain","graph_2024M05.graphml"
"0.87","0.04","0.09","0.203119292862883","1,2,3,2,2,4,5,5,2,5,1,6,5,1,7,5,8","0.000427007675170898","louvain","graph_2024M05.graphml"
"0.86","0.05","0.09","0.20452837920907","1,2,3,2,2,4,5,5,2,6,1,5,5,1,7,5,8","0.000435113906860352","louvain","graph_2024M05.graphml"
"0.85","0.06","0.09","0.200992","1,2,3,2,2,4,5,5,2,6,1,6,5,1,7,5,8","0.000633955001831055","louvain","graph_2024M05.graphml"
"0.84","0.07","0.09","0.194976","1,2,3,2,2,4,5,5,2,5,1,5,5,1,6,1,7","0.000420093536376953","louvain","graph_2024M05.graphml"
"0.83","0.08","0.09","0.196302595112119","1,2,3,2,2,4,5,5,2,6,1,6,5,1,7,5,8","0.000416040420532227","louvain","graph_2024M05.graphml"
"0.82","0.09","0.09","0.192944385888772","1,2,3,2,2,4,5,5,2,6,1,6,5,1,7,5,8","0.000423908233642578","louvain","graph_2024M05.graphml"
"0.81","0.1","0.09","0.193757396449704","1,2,3,4,4,5,6,6,4,2,1,7,6,1,8,6,9","0.000425100326538086","louvain","graph_2024M05.graphml"
"0.8","0.11","0.09","0.190490064681545","1,2,3,4,4,5,6,6,4,2,1,2,6,1,7,6,8","0.000430822372436523","louvain","graph_2024M05.graphml"
"0.79","0.12","0.09","0.191247596293922","1,2,3,4,4,5,6,6,4,2,1,7,6,1,8,6,9","0.000503063201904297","louvain","graph_2024M05.graphml"
"0.78","0.13","0.09","0.18400548696845","1,2,3,1,1,4,2,2,5,2,1,6,2,2,7,5,8","0.000421047210693359","louvain","graph_2024M05.graphml"
"0.77","0.14","0.09","0.183679899180844","1,2,3,1,1,4,5,5,6,2,1,2,5,5,7,5,8","0.000442981719970703","louvain","graph_2024M05.graphml"
"0.76","0.15","0.09","0.189200744429355","1,2,1,1,1,3,4,4,5,2,1,2,4,4,6,4,7","0.000433921813964844","louvain","graph_2024M05.graphml"
"0.75","0.16","0.09","0.187487601666336","1,2,1,1,1,3,4,4,5,2,1,4,4,4,6,4,7","0.000463962554931641","louvain","graph_2024M05.graphml"
"0.74","0.17","0.09","0.186414930555556","1,2,1,1,1,3,2,2,4,2,1,5,2,2,6,4,7","0.000483036041259766","louvain","graph_2024M05.graphml"
"0.73","0.18","0.09","0.185787983929876","1,2,1,1,1,3,2,4,5,2,1,4,2,2,6,4,7","0.000432968139648438","louvain","graph_2024M05.graphml"
"0.72","0.19","0.09","0.187431519357195","1,2,1,1,1,3,2,2,4,2,1,5,2,2,6,2,7","0.000464200973510742","louvain","graph_2024M05.graphml"
"0.71","0.2","0.09","0.188640151344534","1,2,1,1,1,3,2,2,4,2,1,2,2,1,5,4,6","0.000437021255493164","louvain","graph_2024M05.graphml"
"0.7","0.21","0.09","0.186680780145039","1,2,1,1,1,3,2,2,4,2,1,2,2,1,5,2,6","0.000447988510131836","louvain","graph_2024M05.graphml"
"0.69","0.22","0.09","0.1912","1,2,1,1,1,3,2,2,4,2,1,2,2,1,5,4,6","0.000419139862060547","louvain","graph_2024M05.graphml"
"0.68","0.23","0.09","0.192711111111111","1,2,1,1,1,3,2,2,4,2,1,5,2,1,6,4,7","0.000423908233642578","louvain","graph_2024M05.graphml"
"0.67","0.24","0.09","0.195074543978812","1,2,3,1,1,4,3,3,2,3,1,5,3,1,6,3,7","0.000422000885009766","louvain","graph_2024M05.graphml"
"0.66","0.25","0.09","0.196399583766909","1,2,3,1,1,4,3,3,2,2,1,5,3,1,6,3,7","0.000468015670776367","louvain","graph_2024M05.graphml"
"0.65","0.26","0.09","0.195067441952454","1,2,3,1,1,4,3,3,2,2,1,5,3,1,6,3,7","0.000464916229248047","louvain","graph_2024M05.graphml"
"0.64","0.27","0.09","0.196250144670345","1,2,3,1,1,4,3,5,2,2,1,6,3,1,7,5,8","0.000442981719970703","louvain","graph_2024M05.graphml"
"0.63","0.28","0.09","0.19445594489819","1,2,3,1,1,4,3,3,2,2,1,5,3,1,6,3,7","0.000442981719970703","louvain","graph_2024M05.graphml"
"0.62","0.29","0.09","0.191682778108269","1,2,3,1,1,4,3,3,2,2,1,5,3,1,6,3,7","0.000464916229248047","louvain","graph_2024M05.graphml"
"0.61","0.3","0.09","0.190684424444767","1,2,3,1,1,4,3,3,2,2,1,5,3,1,6,3,7","0.000430107116699219","louvain","graph_2024M05.graphml"
"0.6","0.31","0.09","0.190684424444767","1,2,3,1,1,4,3,3,2,2,1,5,3,1,6,3,7","0.000416994094848633","louvain","graph_2024M05.graphml"
"0.59","0.32","0.09","0.190684424444767","1,2,3,1,1,4,3,3,2,2,1,5,3,1,6,3,7","0.000470161437988281","louvain","graph_2024M05.graphml"
"0.58","0.33","0.09","0.190684424444767","1,2,3,1,1,4,3,3,2,2,1,5,3,1,6,3,7","0.000576019287109375","louvain","graph_2024M05.graphml"
"0.57","0.34","0.09","0.198680018206645","1,2,3,1,1,4,3,3,2,2,1,5,3,1,6,3,7","0.000407934188842773","louvain","graph_2024M05.graphml"
"0.56","0.35","0.09","0.193888717896105","1,2,1,1,1,3,4,4,2,4,1,5,4,1,6,4,7","0.000442028045654297","louvain","graph_2024M05.graphml"
"0.55","0.36","0.09","0.192718367346939","1,2,3,1,4,5,3,3,2,4,1,6,3,1,7,4,8","0.000452041625976562","louvain","graph_2024M05.graphml"
"0.54","0.37","0.09","0.190034220041322","1,2,3,1,4,5,3,3,2,4,1,6,3,1,7,4,8","0.000439882278442383","louvain","graph_2024M05.graphml"
"0.53","0.38","0.09","0.19386756722636","1,2,3,1,4,5,3,3,2,4,1,6,3,1,7,4,8","0.00043797492980957","louvain","graph_2024M05.graphml"
"0.52","0.39","0.09","0.191192534565088","1,2,3,1,4,5,3,3,2,4,1,6,3,1,7,4,8","0.000432014465332031","louvain","graph_2024M05.graphml"
"0.51","0.4","0.09","0.191192534565088","1,2,3,1,4,5,3,3,2,4,1,6,3,1,7,4,8","0.000443935394287109","louvain","graph_2024M05.graphml"
"0.5","0.41","0.09","0.191192534565088","1,2,3,1,4,5,3,3,2,4,1,6,3,1,7,4,8","0.000413894653320312","louvain","graph_2024M05.graphml"
"0.49","0.42","0.09","0.188911363361913","1,2,3,1,4,5,3,3,2,4,1,6,3,1,7,4,8","0.000416040420532227","louvain","graph_2024M05.graphml"
"0.48","0.43","0.09","0.191689808593867","1,2,3,1,4,5,3,3,2,4,1,6,3,1,7,4,8","0.000463008880615234","louvain","graph_2024M05.graphml"
"0.47","0.44","0.09","0.191689808593867","1,2,3,1,4,5,3,3,2,4,1,6,3,1,7,4,8","0.000406980514526367","louvain","graph_2024M05.graphml"
"0.46","0.45","0.09","0.186384222059898","1,2,3,1,4,5,3,3,2,4,1,6,3,1,7,1,8","0.000436067581176758","louvain","graph_2024M05.graphml"
"0.45","0.46","0.09","0.191955732219966","1,2,3,1,4,5,3,3,2,4,1,6,3,1,7,4,8","0.000464916229248047","louvain","graph_2024M05.graphml"
"0.44","0.47","0.09","0.185818142361111","1,2,3,1,3,4,5,6,2,5,1,6,3,1,7,5,8","0.000721931457519531","louvain","graph_2024M05.graphml"
"0.43","0.48","0.09","0.183588821176407","1,2,3,1,3,4,5,6,2,5,1,6,3,1,7,5,8","0.000453948974609375","louvain","graph_2024M05.graphml"
"0.42","0.49","0.09","0.18261770645127","1,2,3,1,4,5,4,3,2,4,1,3,3,1,6,4,7","0.000458002090454102","louvain","graph_2024M05.graphml"
"0.41","0.5","0.09","0.182489067055394","1,2,3,1,3,4,5,6,2,5,1,6,3,1,7,5,8","0.000460147857666016","louvain","graph_2024M05.graphml"
"0.4","0.51","0.09","0.176641667285463","1,2,3,1,3,4,5,5,2,5,1,5,3,1,6,5,7","0.000421047210693359","louvain","graph_2024M05.graphml"
"0.39","0.52","0.09","0.178646568154254","1,2,1,1,1,3,4,4,2,4,1,5,4,1,6,4,7","0.000442981719970703","louvain","graph_2024M05.graphml"
"0.38","0.53","0.09","0.179972821471038","1,2,3,1,1,4,5,5,2,5,3,5,3,1,6,5,7","0.000416994094848633","louvain","graph_2024M05.graphml"
"0.37","0.54","0.09","0.181769031141869","1,2,3,1,1,4,5,5,2,5,3,5,3,1,6,5,7","0.000430822372436523","louvain","graph_2024M05.graphml"
"0.36","0.55","0.09","0.173608542899408","1,2,3,1,1,4,5,5,2,5,3,6,3,1,7,5,8","0.000458002090454102","louvain","graph_2024M05.graphml"
"0.35","0.56","0.09","0.176399901170234","1,2,3,1,1,4,5,5,2,5,5,3,3,1,6,5,7","0.000458002090454102","louvain","graph_2024M05.graphml"
"0.34","0.57","0.09","0.176399901170234","1,2,3,1,1,4,5,5,2,5,5,3,3,1,6,5,7","0.000456094741821289","louvain","graph_2024M05.graphml"
"0.33","0.58","0.09","0.172093023255814","1,2,3,1,4,5,6,4,2,6,3,4,3,1,7,6,8","0.000442981719970703","louvain","graph_2024M05.graphml"
"0.32","0.59","0.09","0.179988957081272","1,2,2,1,3,4,5,5,3,5,5,6,2,1,7,5,8","0.00046992301940918","louvain","graph_2024M05.graphml"
"0.31","0.6","0.09","0.181750273545998","1,2,2,1,3,1,4,4,3,4,4,5,2,1,6,4,7","0.000442028045654297","louvain","graph_2024M05.graphml"
"0.3","0.61","0.09","0.185073096181303","1,2,3,1,3,1,4,4,2,4,4,5,3,1,6,4,7","0.000427007675170898","louvain","graph_2024M05.graphml"
"0.29","0.62","0.09","0.187211214660506","1,2,3,1,2,1,4,4,2,5,4,4,3,5,6,3,7","0.000456094741821289","louvain","graph_2024M05.graphml"
"0.28","0.63","0.09","0.184735349716446","1,2,2,1,3,1,4,4,3,5,2,4,2,5,6,3,7","0.000458955764770508","louvain","graph_2024M05.graphml"
"0.27","0.64","0.09","0.18407964781079","1,2,3,1,3,1,2,2,4,2,2,5,3,1,6,4,7","0.000678777694702148","louvain","graph_2024M05.graphml"
"0.26","0.65","0.09","0.18407964781079","1,2,3,1,4,1,2,2,3,2,2,5,4,1,6,3,7","0.000465154647827148","louvain","graph_2024M05.graphml"
"0.25","0.66","0.09","0.188746038931643","1,2,3,1,2,1,2,2,4,2,2,5,3,1,6,4,7","0.000452041625976562","louvain","graph_2024M05.graphml"
"0.24","0.67","0.09","0.185796435756378","1,2,3,1,4,1,2,2,4,2,2,5,3,1,6,3,7","0.000436067581176758","louvain","graph_2024M05.graphml"
"0.23","0.68","0.09","0.18592996136659","1,2,3,1,4,1,2,2,3,2,2,5,4,1,6,2,7","0.000438928604125977","louvain","graph_2024M05.graphml"
"0.22","0.69","0.09","0.182025874897148","1,2,3,1,2,1,2,2,3,2,4,5,4,1,6,2,7","0.000436067581176758","louvain","graph_2024M05.graphml"
"0.21","0.7","0.09","0.183654513888889","1,2,3,1,4,1,4,4,3,4,4,5,2,1,6,4,7","0.000468015670776367","louvain","graph_2024M05.graphml"
"0.2","0.71","0.09","0.182546788106265","1,2,3,1,2,1,2,2,3,2,2,4,5,1,6,5,7","0.000651121139526367","louvain","graph_2024M05.graphml"
"0.19","0.72","0.09","0.186692408000135","1,2,3,1,4,1,4,4,3,4,4,5,2,1,6,4,7","0.000442981719970703","louvain","graph_2024M05.graphml"
"0.18","0.73","0.09","0.185215667831228","1,2,3,1,4,1,2,2,4,2,2,5,3,1,6,2,7","0.000458955764770508","louvain","graph_2024M05.graphml"
"0.17","0.74","0.09","0.177547574947959","1,2,3,1,3,1,2,2,4,2,2,2,3,1,5,4,6","0.000456809997558594","louvain","graph_2024M05.graphml"
"0.16","0.75","0.09","0.183900259673231","1,2,3,1,4,1,4,4,2,4,4,5,3,1,6,4,7","0.000456809997558594","louvain","graph_2024M05.graphml"
"0.15","0.76","0.09","0.186933540737449","1,2,3,1,4,1,5,5,2,5,5,4,3,1,6,5,7","0.000480890274047852","louvain","graph_2024M05.graphml"
"0.14","0.77","0.09","0.186903404208783","1,2,3,1,4,1,5,5,2,5,5,4,3,1,1,5,6","0.000468015670776367","louvain","graph_2024M05.graphml"
"0.13","0.78","0.09","0.186220684352172","1,2,3,1,4,1,5,5,2,5,5,4,3,1,1,5,6","0.000452041625976562","louvain","graph_2024M05.graphml"
"0.12","0.79","0.09","0.182001241502521","1,2,3,1,4,1,5,5,2,5,5,4,3,1,1,5,6","0.000478029251098633","louvain","graph_2024M05.graphml"
"0.11","0.8","0.09","0.180660717504958","1,2,3,1,4,1,5,5,2,5,5,4,3,1,1,5,6","0.000459909439086914","louvain","graph_2024M05.graphml"
"0.1","0.81","0.09","0.182190187981694","1,2,3,1,4,1,4,4,2,5,1,4,3,1,1,3,6","0.000444889068603516","louvain","graph_2024M05.graphml"
"0.09","0.82","0.09","0.184946972787134","1,2,3,1,4,1,4,4,2,5,1,4,3,1,1,3,6","0.000441789627075195","louvain","graph_2024M05.graphml"
"0.08","0.83","0.09","0.183346246556474","1,2,3,1,4,1,4,4,2,4,1,4,3,1,1,3,5","0.000562191009521484","louvain","graph_2024M05.graphml"
"0.07","0.84","0.09","0.181950872196511","1,2,3,1,4,1,4,4,2,4,1,4,3,1,1,3,5","0.000467061996459961","louvain","graph_2024M05.graphml"
"0.06","0.85","0.09","0.184290766317665","1,2,3,2,4,1,4,4,2,4,1,4,3,1,1,4,5","0.000493049621582031","louvain","graph_2024M05.graphml"
"0.05","0.86","0.09","0.181227107474027","1,2,3,2,4,1,4,3,2,4,1,4,3,4,1,3,5","0.000480890274047852","louvain","graph_2024M05.graphml"
"0.04","0.87","0.09","0.182023105100028","1,2,3,2,4,1,4,3,2,4,1,4,3,4,1,3,5","0.000490903854370117","louvain","graph_2024M05.graphml"
"0.03","0.88","0.09","0.179418181818182","1,2,3,2,4,1,5,5,2,5,1,4,3,5,1,5,6","0.000509023666381836","louvain","graph_2024M05.graphml"
"0.02","0.89","0.09","0.178396082755724","1,2,3,2,4,1,5,5,2,5,1,4,3,5,1,5,6","0.000488996505737305","louvain","graph_2024M05.graphml"
"0.01","0.9","0.09","0.178064023601263","1,2,3,2,4,1,4,5,2,4,1,4,3,4,1,5,6","0.000491857528686523","louvain","graph_2024M05.graphml"
"0","0.91","0.09","0.180178571428571","1,2,3,4,5,1,4,4,2,4,1,5,3,4,1,4,6","0.000464916229248047","louvain","graph_2024M05.graphml"
"0.9","0","0.1","0.19248","1,2,3,2,2,4,5,5,2,6,1,6,5,1,7,5,8","0.000401020050048828","louvain","graph_2024M05.graphml"
"0.89","0.01","0.1","0.192944385888772","1,2,3,2,2,4,5,5,2,6,1,6,5,1,7,5,8","0.000426054000854492","louvain","graph_2024M05.graphml"
"0.88","0.02","0.1","0.189910888671875","1,2,3,2,2,4,5,5,2,6,1,6,5,1,7,5,8","0.000413894653320312","louvain","graph_2024M05.graphml"
"0.87","0.03","0.1","0.189082840236686","1,2,3,2,2,4,5,5,2,6,1,6,5,5,7,5,8","0.000530004501342773","louvain","graph_2024M05.graphml"
"0.86","0.04","0.1","0.183109504132231","1,2,3,4,4,5,2,6,4,2,1,6,6,6,7,6,8","0.000422000885009766","louvain","graph_2024M05.graphml"
"0.85","0.05","0.1","0.184200267320116","1,2,3,1,1,4,5,5,2,2,1,6,5,5,7,5,8","0.000442981719970703","louvain","graph_2024M05.graphml"
"0.84","0.06","0.1","0.180932784636488","1,2,3,1,1,4,5,5,6,2,1,7,5,5,8,5,9","0.000432968139648438","louvain","graph_2024M05.graphml"
"0.83","0.07","0.1","0.181124165415869","1,2,1,1,1,3,2,2,4,2,1,5,2,2,6,2,7","0.000444173812866211","louvain","graph_2024M05.graphml"
"0.82","0.08","0.1","0.180071424978623","1,2,1,1,1,3,2,2,4,2,1,5,2,2,6,4,7","0.000578165054321289","louvain","graph_2024M05.graphml"
"0.81","0.09","0.1","0.176148081082441","1,2,1,1,1,3,2,2,4,2,1,2,2,1,5,4,6","0.000426054000854492","louvain","graph_2024M05.graphml"
"0.8","0.1","0.1","0.179067367235879","1,2,2,1,1,3,2,4,5,2,1,6,2,2,7,4,8","0.000576019287109375","louvain","graph_2024M05.graphml"
"0.79","0.11","0.1","0.183189946398811","1,2,3,1,1,4,3,3,5,2,1,6,3,3,7,3,8","0.000435113906860352","louvain","graph_2024M05.graphml"
"0.78","0.12","0.1","0.182711111111111","1,2,3,1,1,4,3,3,5,2,1,3,3,1,6,3,7","0.000446081161499023","louvain","graph_2024M05.graphml"
"0.77","0.13","0.1","0.186377777777778","1,2,2,1,1,3,2,2,4,2,1,5,2,1,6,4,7","0.000421047210693359","louvain","graph_2024M05.graphml"
"0.76","0.14","0.1","0.185711111111111","1,2,2,1,1,3,2,2,4,2,1,5,2,1,6,2,7","0.000499963760375977","louvain","graph_2024M05.graphml"
"0.75","0.15","0.1","0.188785579579843","1,2,2,1,1,3,2,2,4,2,1,5,2,1,6,4,7","0.000447988510131836","louvain","graph_2024M05.graphml"
"0.74","0.16","0.1","0.188785579579843","1,2,2,1,1,3,2,2,4,2,1,5,2,1,6,4,7","0.000570058822631836","louvain","graph_2024M05.graphml"
"0.73","0.17","0.1","0.188785579579843","1,2,2,1,1,3,2,2,4,2,1,5,2,1,6,4,7","0.000419139862060547","louvain","graph_2024M05.graphml"
"0.72","0.18","0.1","0.188495877653894","1,2,3,1,1,4,3,3,2,3,1,5,3,1,6,3,7","0.000428915023803711","louvain","graph_2024M05.graphml"
"0.71","0.19","0.1","0.177755968594776","1,2,3,1,1,4,3,3,2,2,1,5,3,1,6,3,7","0.000442028045654297","louvain","graph_2024M05.graphml"
"0.7","0.2","0.1","0.188206473515682","1,2,3,1,1,4,3,3,2,2,1,5,3,1,6,3,7","0.000458955764770508","louvain","graph_2024M05.graphml"
"0.69","0.21","0.1","0.185470964791952","1,2,3,1,1,4,3,3,2,2,1,5,3,1,6,3,7","0.00043797492980957","louvain","graph_2024M05.graphml"
"0.68","0.22","0.1","0.189972451790634","1,2,3,1,1,4,5,3,2,5,1,5,3,1,6,3,7","0.000432014465332031","louvain","graph_2024M05.graphml"
"0.67","0.23","0.1","0.191900130643054","1,2,3,1,1,4,5,3,2,5,1,5,3,1,6,3,7","0.00045013427734375","louvain","graph_2024M05.graphml"
"0.66","0.24","0.1","0.193678511240991","1,2,3,1,1,4,3,3,2,2,1,5,3,1,6,3,7","0.00042414665222168","louvain","graph_2024M05.graphml"
"0.65","0.25","0.1","0.193678511240991","1,2,3,1,1,4,3,3,2,2,1,5,3,1,6,3,7","0.000434160232543945","louvain","graph_2024M05.graphml"
"0.64","0.26","0.1","0.193678511240991","1,2,3,1,1,4,3,3,2,2,1,5,3,1,6,3,7","0.000416040420532227","louvain","graph_2024M05.graphml"
"0.63","0.27","0.1","0.186672822406894","1,2,3,1,1,4,3,3,2,2,1,5,3,1,6,3,7","0.000421047210693359","louvain","graph_2024M05.graphml"
"0.62","0.28","0.1","0.186046511627907","1,2,3,1,1,4,3,3,2,5,1,6,3,1,7,5,8","0.000447988510131836","louvain","graph_2024M05.graphml"
"0.61","0.29","0.1","0.183098824151143","1,2,3,1,4,5,3,3,2,4,1,6,3,1,7,4,8","0.00044703483581543","louvain","graph_2024M05.graphml"
"0.6","0.3","0.1","0.191978677902263","1,2,3,1,4,5,3,3,2,4,1,6,3,1,7,4,8","0.000572919845581055","louvain","graph_2024M05.graphml"
"0.59","0.31","0.1","0.191192534565088","1,2,3,1,4,5,3,3,2,4,1,6,3,1,7,4,8","0.000463962554931641","louvain","graph_2024M05.graphml"
"0.58","0.32","0.1","0.191192534565088","1,2,3,1,4,5,3,3,2,4,1,6,3,1,7,4,8","0.00043797492980957","louvain","graph_2024M05.graphml"
"0.57","0.33","0.1","0.191192534565088","1,2,3,1,4,5,3,3,2,4,1,6,3,1,7,4,8","0.000489950180053711","louvain","graph_2024M05.graphml"
"0.56","0.34","0.1","0.189336419753086","1,2,3,1,4,5,3,3,2,4,1,6,3,1,7,4,8","0.000448942184448242","louvain","graph_2024M05.graphml"
"0.55","0.35","0.1","0.188911363361913","1,2,3,1,4,5,3,3,2,4,1,6,3,1,7,4,8","0.000484943389892578","louvain","graph_2024M05.graphml"
"0.54","0.36","0.1","0.186732957090388","1,2,3,1,4,5,3,3,2,4,1,6,3,1,7,1,8","0.000465154647827148","louvain","graph_2024M05.graphml"
"0.53","0.37","0.1","0.183542060491493","1,2,3,1,4,5,3,3,2,4,1,6,3,1,7,1,8","0.000412940979003906","louvain","graph_2024M05.graphml"
"0.52","0.38","0.1","0.181402483564646","1,2,3,1,4,5,3,3,2,4,1,6,3,1,7,1,8","0.000451087951660156","louvain","graph_2024M05.graphml"
"0.51","0.39","0.1","0.182789157990041","1,2,3,1,4,5,3,3,2,4,1,6,3,1,7,4,8","0.000452995300292969","louvain","graph_2024M05.graphml"
"0.5","0.4","0.1","0.18060086072202","1,2,3,1,4,5,3,3,2,4,1,6,3,1,7,4,8","0.000494003295898438","louvain","graph_2024M05.graphml"
"0.49","0.41","0.1","0.180262984878369","1,2,3,1,3,4,5,5,2,3,3,5,3,1,6,5,7","0.000452995300292969","louvain","graph_2024M05.graphml"
"0.48","0.42","0.1","0.175361733289563","1,2,3,1,1,4,3,5,2,3,3,5,3,1,6,3,7","0.000456094741821289","louvain","graph_2024M05.graphml"
"0.47","0.43","0.1","0.1773125","1,2,3,1,1,4,3,5,2,3,3,5,3,1,6,3,7","0.000459194183349609","louvain","graph_2024M05.graphml"
"0.46","0.44","0.1","0.1773125","1,2,3,1,1,4,3,5,2,3,3,5,3,1,6,3,7","0.000444173812866211","louvain","graph_2024M05.graphml"
"0.45","0.45","0.1","0.174864714018782","1,2,3,1,1,4,5,5,2,5,3,6,3,1,7,5,8","0.000464200973510742","louvain","graph_2024M05.graphml"
"0.44","0.46","0.1","0.174312908982748","1,2,3,1,1,4,5,5,2,5,3,6,3,1,7,5,8","0.000463008880615234","louvain","graph_2024M05.graphml"
"0.43","0.47","0.1","0.174312908982748","1,2,3,1,1,4,5,5,2,5,3,6,3,1,7,5,8","0.000721931457519531","louvain","graph_2024M05.graphml"
"0.42","0.48","0.1","0.171776321990763","1,2,3,1,1,4,5,5,2,5,3,6,3,1,7,5,8","0.000486850738525391","louvain","graph_2024M05.graphml"
"0.41","0.49","0.1","0.173008243300914","1,2,3,1,3,4,5,5,2,5,3,6,3,1,7,5,8","0.000445842742919922","louvain","graph_2024M05.graphml"
"0.4","0.5","0.1","0.178238444753025","1,2,3,1,3,4,5,5,2,5,3,5,3,1,6,5,7","0.000446081161499023","louvain","graph_2024M05.graphml"
"0.39","0.51","0.1","0.178238444753025","1,2,3,1,3,4,5,5,2,5,3,5,3,1,6,5,7","0.000417947769165039","louvain","graph_2024M05.graphml"
"0.38","0.52","0.1","0.177557391322814","1,2,2,1,3,1,4,4,3,4,4,5,2,1,6,4,7","0.00045013427734375","louvain","graph_2024M05.graphml"
"0.37","0.53","0.1","0.173849586122057","1,2,2,1,3,1,4,4,3,4,4,5,2,1,6,4,7","0.000444889068603516","louvain","graph_2024M05.graphml"
"0.36","0.54","0.1","0.182248485331633","1,2,2,1,3,1,4,4,3,4,4,5,2,1,6,4,7","0.000439882278442383","louvain","graph_2024M05.graphml"
"0.35","0.55","0.1","0.177862401127731","1,2,2,1,3,1,4,4,3,4,4,5,2,1,6,4,7","0.000447988510131836","louvain","graph_2024M05.graphml"
"0.34","0.56","0.1","0.177862401127731","1,2,2,1,3,1,4,4,3,4,4,5,2,1,6,4,7","0.000453948974609375","louvain","graph_2024M05.graphml"
"0.33","0.57","0.1","0.179083948907356","1,2,3,1,3,1,4,4,2,4,4,5,3,1,6,4,7","0.000489950180053711","louvain","graph_2024M05.graphml"
"0.32","0.58","0.1","0.17996618608799","1,2,3,1,2,1,4,4,2,5,4,4,3,5,6,3,7","0.000459909439086914","louvain","graph_2024M05.graphml"
"0.31","0.59","0.1","0.183431416930738","1,2,3,1,4,1,2,2,3,2,2,5,4,1,6,3,7","0.000458002090454102","louvain","graph_2024M05.graphml"
"0.3","0.6","0.1","0.1858943545372","1,2,3,1,2,1,2,2,3,2,2,4,2,1,5,2,6","0.000475883483886719","louvain","graph_2024M05.graphml"
"0.29","0.61","0.1","0.182314735386285","1,2,3,1,3,1,2,2,4,2,2,5,3,1,6,4,7","0.000670909881591797","louvain","graph_2024M05.graphml"
"0.28","0.62","0.1","0.183923611111111","1,2,3,1,4,1,2,2,4,2,2,5,3,1,6,3,7","0.000470161437988281","louvain","graph_2024M05.graphml"
"0.27","0.63","0.1","0.179001736111111","1,2,2,1,3,1,4,4,3,5,2,4,2,5,6,3,7","0.000446081161499023","louvain","graph_2024M05.graphml"
"0.26","0.64","0.1","0.184148965234615","1,2,3,1,2,1,2,2,3,2,2,4,5,1,6,5,7","0.000456094741821289","louvain","graph_2024M05.graphml"
"0.25","0.65","0.1","0.180848562214458","1,2,3,1,4,1,2,2,4,2,2,5,3,1,6,2,7","0.000527858734130859","louvain","graph_2024M05.graphml"
"0.24","0.66","0.1","0.180795161610153","1,2,3,1,4,1,2,2,3,2,2,5,4,1,6,2,7","0.000451087951660156","louvain","graph_2024M05.graphml"
"0.23","0.67","0.1","0.179183467741935","1,2,3,1,2,1,2,2,3,2,2,4,2,1,5,2,6","0.000497102737426758","louvain","graph_2024M05.graphml"
"0.22","0.68","0.1","0.179956774890728","1,2,3,1,2,1,2,2,4,2,2,5,3,1,6,4,7","0.000448942184448242","louvain","graph_2024M05.graphml"
"0.21","0.69","0.1","0.183005031666164","1,2,2,1,3,1,3,3,2,3,3,4,3,1,1,3,5","0.000437021255493164","louvain","graph_2024M05.graphml"
"0.2","0.7","0.1","0.183458576137731","1,2,3,1,4,1,4,4,2,4,1,5,3,1,1,4,6","0.0004730224609375","louvain","graph_2024M05.graphml"
"0.19","0.71","0.1","0.182750685097428","1,2,3,1,4,1,5,5,2,5,5,4,3,1,1,5,6","0.000669002532958984","louvain","graph_2024M05.graphml"
"0.18","0.72","0.1","0.182750685097428","1,2,3,1,4,1,5,5,2,5,5,4,3,1,1,5,6","0.000452041625976562","louvain","graph_2024M05.graphml"
"0.17","0.73","0.1","0.180660717504958","1,2,3,1,4,1,5,5,2,5,5,4,3,1,1,5,6","0.000429153442382812","louvain","graph_2024M05.graphml"
"0.16","0.74","0.1","0.178990326037492","1,2,3,1,4,1,5,5,2,5,5,4,3,1,1,5,6","0.00049901008605957","louvain","graph_2024M05.graphml"
"0.15","0.75","0.1","0.17767758289144","1,2,3,1,4,1,5,5,2,5,5,4,3,1,1,5,6","0.000472784042358398","louvain","graph_2024M05.graphml"
"0.14","0.76","0.1","0.179668637684512","1,2,3,1,4,1,4,4,2,5,1,4,3,1,1,3,6","0.000498056411743164","louvain","graph_2024M05.graphml"
"0.13","0.77","0.1","0.177465290138839","1,2,3,1,4,1,4,4,2,4,1,4,3,1,1,3,5","0.000452041625976562","louvain","graph_2024M05.graphml"
"0.12","0.78","0.1","0.180048644988322","1,2,3,2,4,1,4,4,2,4,1,4,3,1,1,3,5","0.000479936599731445","louvain","graph_2024M05.graphml"
"0.11","0.79","0.1","0.180953360768176","1,2,3,2,4,1,4,4,2,4,1,4,3,1,1,4,5","0.000479936599731445","louvain","graph_2024M05.graphml"
"0.1","0.8","0.1","0.176427886408439","1,2,3,2,4,1,4,5,2,4,1,4,3,4,1,5,6","0.000575065612792969","louvain","graph_2024M05.graphml"
"0.09","0.81","0.1","0.177825036756984","1,2,3,2,4,1,4,5,2,4,1,4,3,4,1,5,6","0.000501155853271484","louvain","graph_2024M05.graphml"
"0.08","0.82","0.1","0.176905486825709","1,2,3,2,4,1,4,5,2,4,1,4,3,4,1,5,6","0.000498056411743164","louvain","graph_2024M05.graphml"
"0.07","0.83","0.1","0.175350765306122","1,2,3,2,4,1,4,5,2,4,1,4,3,4,1,5,6","0.000463008880615234","louvain","graph_2024M05.graphml"
"0.06","0.84","0.1","0.175350765306122","1,2,3,2,4,1,4,5,2,4,1,4,3,4,1,5,6","0.000594854354858398","louvain","graph_2024M05.graphml"
"0.05","0.85","0.1","0.17468750395765","1,2,3,4,5,1,4,4,2,4,1,5,3,4,1,4,6","0.000452041625976562","louvain","graph_2024M05.graphml"
"0.04","0.86","0.1","0.176391093037096","1,2,3,4,5,1,4,4,2,4,1,5,3,4,1,4,6","0.000465154647827148","louvain","graph_2024M05.graphml"
"0.03","0.87","0.1","0.174490612496153","1,2,3,4,5,1,4,4,2,4,1,5,3,4,1,4,6","0.000457048416137695","louvain","graph_2024M05.graphml"
"0.02","0.88","0.1","0.175136236496914","1,2,3,4,4,1,4,4,2,4,1,4,3,4,1,4,5","0.000457048416137695","louvain","graph_2024M05.graphml"
"0.01","0.89","0.1","0.173734749344476","1,2,3,4,4,1,4,4,2,4,1,4,3,4,1,4,5","0.000496864318847656","louvain","graph_2024M05.graphml"
"0","0.9","0.1","0.175225921521998","1,2,3,4,4,1,4,4,2,4,1,4,3,4,1,4,5","0.000516891479492188","louvain","graph_2024M05.graphml"
"0.89","0","0.11","0.172903777475982","1,2,3,1,1,4,3,3,5,2,1,6,3,3,7,3,8","0.000545978546142578","louvain","graph_2024M05.graphml"
"0.88","0.01","0.11","0.175783574687562","1,2,2,1,1,3,2,2,4,2,1,5,2,2,6,4,7","0.000416040420532227","louvain","graph_2024M05.graphml"
"0.87","0.02","0.11","0.175783574687562","1,2,2,1,1,3,2,2,4,2,1,5,2,2,6,4,7","0.000428915023803711","louvain","graph_2024M05.graphml"
"0.86","0.03","0.11","0.175612461419753","1,2,2,1,1,3,2,2,4,2,1,5,2,2,6,4,7","0.000406980514526367","louvain","graph_2024M05.graphml"
"0.85","0.04","0.11","0.179716033601169","1,2,1,1,1,3,2,2,4,2,1,2,2,1,5,4,6","0.000401020050048828","louvain","graph_2024M05.graphml"
"0.84","0.05","0.11","0.182086392504842","1,2,1,1,1,3,2,2,4,2,1,2,2,1,5,4,6","0.000409841537475586","louvain","graph_2024M05.graphml"
"0.83","0.06","0.11","0.183798027115896","1,2,2,1,1,3,2,2,4,2,1,5,2,1,6,4,7","0.000416040420532227","louvain","graph_2024M05.graphml"
"0.82","0.07","0.11","0.190508137119114","1,2,2,1,1,3,2,2,4,2,1,5,2,1,6,2,7","0.000457048416137695","louvain","graph_2024M05.graphml"
"0.81","0.08","0.11","0.187456717451524","1,2,3,1,1,4,3,3,5,2,1,2,3,1,6,3,7","0.000507116317749023","louvain","graph_2024M05.graphml"
"0.8","0.09","0.11","0.186317228416421","1,2,2,1,1,3,2,2,4,2,1,5,2,1,6,2,7","0.00046086311340332","louvain","graph_2024M05.graphml"
"0.79","0.1","0.11","0.180374609781478","1,2,2,1,1,3,2,2,4,2,1,5,2,1,6,4,7","0.000496149063110352","louvain","graph_2024M05.graphml"
"0.78","0.11","0.11","0.175362083654509","1,2,3,1,1,4,3,3,5,2,1,3,3,1,6,3,7","0.000593900680541992","louvain","graph_2024M05.graphml"
"0.77","0.12","0.11","0.181143942090898","1,2,3,1,1,4,3,3,2,2,1,5,3,1,6,3,7","0.000379085540771484","louvain","graph_2024M05.graphml"
"0.76","0.13","0.11","0.17845703125","1,2,3,1,1,4,3,3,2,2,1,5,3,1,6,3,7","0.000430822372436523","louvain","graph_2024M05.graphml"
"0.75","0.14","0.11","0.178993293705228","1,2,3,1,1,4,3,3,2,2,1,5,3,1,6,3,7","0.000397920608520508","louvain","graph_2024M05.graphml"
"0.74","0.15","0.11","0.181169784335127","1,2,3,1,1,4,3,3,2,2,1,5,3,1,6,3,7","0.00042414665222168","louvain","graph_2024M05.graphml"
"0.73","0.16","0.11","0.183056960142772","1,2,3,1,1,4,3,3,2,2,1,3,3,1,5,3,6","0.000423192977905273","louvain","graph_2024M05.graphml"
"0.72","0.17","0.11","0.184432629387269","1,2,3,1,1,4,3,3,2,2,1,5,3,1,6,3,7","0.000488996505737305","louvain","graph_2024M05.graphml"
"0.71","0.18","0.11","0.184152271737553","1,2,3,1,1,4,5,3,2,5,1,5,3,1,6,3,7","0.000639915466308594","louvain","graph_2024M05.graphml"
"0.7","0.19","0.11","0.186267987815553","1,2,3,1,1,4,3,3,2,2,1,5,3,1,6,3,7","0.000417947769165039","louvain","graph_2024M05.graphml"
"0.69","0.2","0.11","0.186672822406894","1,2,3,1,1,4,3,3,2,2,1,5,3,1,6,3,7","0.000402927398681641","louvain","graph_2024M05.graphml"
"0.68","0.21","0.11","0.183317184002138","1,2,3,1,1,4,3,3,2,5,1,6,3,1,7,5,8","0.000465154647827148","louvain","graph_2024M05.graphml"
"0.67","0.22","0.11","0.179151803408641","1,2,3,1,1,4,3,3,2,2,1,5,3,1,6,2,7","0.000441074371337891","louvain","graph_2024M05.graphml"
"0.66","0.23","0.11","0.184110568482875","1,2,3,1,4,5,3,3,2,4,1,3,3,1,6,4,7","0.00040888786315918","louvain","graph_2024M05.graphml"
"0.65","0.24","0.11","0.188360055548542","1,2,3,1,4,5,3,3,2,4,1,6,3,1,7,4,8","0.000532865524291992","louvain","graph_2024M05.graphml"
"0.64","0.25","0.11","0.186495427733217","1,2,3,1,4,5,3,3,2,4,1,6,3,1,7,4,8","0.000447988510131836","louvain","graph_2024M05.graphml"
"0.63","0.26","0.11","0.189336419753086","1,2,3,1,4,5,3,3,2,4,1,6,3,1,7,4,8","0.000444889068603516","louvain","graph_2024M05.graphml"
"0.62","0.27","0.11","0.18794529646178","1,2,3,1,4,5,3,3,2,4,1,6,3,1,7,4,8","0.000545978546142578","louvain","graph_2024M05.graphml"
"0.61","0.28","0.11","0.182582112476371","1,2,3,1,4,5,3,3,2,4,1,6,3,1,7,4,8","0.00044703483581543","louvain","graph_2024M05.graphml"
"0.6","0.29","0.11","0.180409057706355","1,2,3,1,4,5,3,3,2,4,4,6,3,1,7,1,8","0.000616073608398438","louvain","graph_2024M05.graphml"
"0.59","0.3","0.11","0.178272054572783","1,2,3,1,4,5,3,3,2,4,1,6,3,1,7,1,8","0.000438928604125977","louvain","graph_2024M05.graphml"
"0.58","0.31","0.11","0.176946582163875","1,2,3,1,4,5,3,3,2,4,4,6,3,1,7,1,8","0.000432968139648438","louvain","graph_2024M05.graphml"
"0.57","0.32","0.11","0.172340720221607","1,2,3,1,4,5,3,3,2,4,4,6,3,1,7,1,8","0.000464916229248047","louvain","graph_2024M05.graphml"
"0.56","0.33","0.11","0.164727105034722","1,2,3,1,3,4,5,6,2,3,3,5,3,1,7,6,8","0.000515937805175781","louvain","graph_2024M05.graphml"
"0.55","0.34","0.11","0.172866404506324","1,2,3,1,4,5,3,3,2,4,1,6,3,1,7,3,8","0.000560998916625977","louvain","graph_2024M05.graphml"
"0.54","0.35","0.11","0.177660442811958","1,2,3,1,4,5,3,3,2,4,1,6,3,1,7,3,8","0.000428915023803711","louvain","graph_2024M05.graphml"
"0.53","0.36","0.11","0.178375","1,2,3,1,4,5,3,3,2,4,1,3,3,1,6,3,7","0.000458002090454102","louvain","graph_2024M05.graphml"
"0.52","0.37","0.11","0.175714043048849","1,2,3,1,3,4,5,6,2,5,3,6,3,1,7,5,8","0.000455141067504883","louvain","graph_2024M05.graphml"
"0.51","0.38","0.11","0.17433198769704","1,2,3,1,3,4,5,6,2,5,3,6,3,1,7,5,8","0.000445842742919922","louvain","graph_2024M05.graphml"
"0.5","0.39","0.11","0.175231627342528","1,2,1,1,3,4,3,5,2,3,3,5,3,1,6,3,7","0.000471115112304688","louvain","graph_2024M05.graphml"
"0.49","0.4","0.11","0.171378860374076","1,2,3,1,3,4,5,5,2,5,3,6,3,1,7,5,8","0.000454902648925781","louvain","graph_2024M05.graphml"
"0.48","0.41","0.11","0.168480725623583","1,2,3,1,3,4,3,5,2,3,1,5,3,3,6,3,7","0.000555992126464844","louvain","graph_2024M05.graphml"
"0.47","0.42","0.11","0.169784580498866","1,2,3,1,3,4,5,5,2,5,3,6,3,1,7,5,8","0.000442028045654297","louvain","graph_2024M05.graphml"
"0.46","0.43","0.11","0.171593180746165","1,2,3,1,3,4,5,5,2,5,3,6,3,1,7,5,8","0.000441074371337891","louvain","graph_2024M05.graphml"
"0.45","0.44","0.11","0.175921477858328","1,2,3,1,3,1,3,3,2,3,3,4,3,1,5,3,6","0.000446081161499023","louvain","graph_2024M05.graphml"
"0.44","0.45","0.11","0.174606514603148","1,2,3,1,2,1,3,3,2,3,3,3,3,1,4,3,5","0.000454902648925781","louvain","graph_2024M05.graphml"
"0.43","0.46","0.11","0.171996887860609","1,2,3,1,2,1,3,3,2,3,3,3,3,1,4,3,5","0.00046086311340332","louvain","graph_2024M05.graphml"
"0.42","0.47","0.11","0.173001036352041","1,2,1,1,2,1,3,3,2,4,3,3,3,4,5,3,6","0.000465869903564453","louvain","graph_2024M05.graphml"
"0.41","0.48","0.11","0.174984337066333","1,2,3,1,2,1,3,3,2,4,3,3,3,4,5,3,6","0.000438928604125977","louvain","graph_2024M05.graphml"
"0.4","0.49","0.11","0.175250829629917","1,2,2,1,2,1,3,3,2,4,3,3,3,4,5,3,6","0.000461101531982422","louvain","graph_2024M05.graphml"
"0.39","0.5","0.11","0.17769890735611","1,2,2,1,2,1,3,3,2,4,3,5,3,4,6,3,7","0.000447988510131836","louvain","graph_2024M05.graphml"
"0.38","0.51","0.11","0.1777140024027","1,2,2,1,3,1,2,2,3,2,2,4,2,1,5,2,6","0.000461816787719727","louvain","graph_2024M05.graphml"
"0.37","0.52","0.11","0.176392871198066","1,2,2,1,2,1,3,3,2,4,3,5,3,4,6,3,7","0.000444173812866211","louvain","graph_2024M05.graphml"
"0.36","0.53","0.11","0.174404708012675","1,2,3,1,2,1,2,2,3,2,2,4,2,1,5,2,6","0.000501155853271484","louvain","graph_2024M05.graphml"
"0.35","0.54","0.11","0.178577055723814","1,2,3,1,2,1,2,2,3,4,2,5,2,4,6,2,7","0.000466108322143555","louvain","graph_2024M05.graphml"
"0.34","0.55","0.11","0.185139334744894","1,2,3,1,2,1,2,2,3,4,2,5,2,4,6,2,7","0.000458955764770508","louvain","graph_2024M05.graphml"
"0.33","0.56","0.11","0.180865358774523","1,2,3,1,2,1,2,2,3,4,2,5,2,4,6,2,7","0.000458002090454102","louvain","graph_2024M05.graphml"
"0.32","0.57","0.11","0.18085856185153","1,2,3,1,2,1,2,2,3,2,2,4,2,1,5,2,6","0.000455141067504883","louvain","graph_2024M05.graphml"
"0.31","0.58","0.11","0.18085856185153","1,2,3,1,2,1,2,2,3,2,2,4,2,1,5,2,6","0.000488996505737305","louvain","graph_2024M05.graphml"
"0.3","0.59","0.11","0.182801118626431","1,2,3,1,2,1,2,2,3,2,2,4,2,1,5,2,6","0.000442028045654297","louvain","graph_2024M05.graphml"
"0.29","0.6","0.11","0.182184","1,2,3,1,2,1,2,2,3,2,2,4,2,1,1,2,5","0.000483989715576172","louvain","graph_2024M05.graphml"
"0.28","0.61","0.11","0.182184","1,2,3,1,2,1,2,2,3,2,2,4,2,1,1,2,5","0.000468969345092773","louvain","graph_2024M05.graphml"
"0.27","0.62","0.11","0.182184","1,2,3,1,2,1,2,2,3,2,2,4,2,1,1,2,5","0.000476837158203125","louvain","graph_2024M05.graphml"
"0.26","0.63","0.11","0.176963853927708","1,2,3,1,4,1,4,4,2,4,1,5,3,1,1,4,6","0.000448942184448242","louvain","graph_2024M05.graphml"
"0.25","0.64","0.11","0.178596496582031","1,2,3,1,4,1,4,4,2,4,1,5,3,1,1,4,6","0.000448942184448242","louvain","graph_2024M05.graphml"
"0.24","0.65","0.11","0.178522979681281","1,2,3,1,4,1,4,4,2,5,1,4,3,1,1,3,6","0.000498056411743164","louvain","graph_2024M05.graphml"
"0.23","0.66","0.11","0.175856197061112","1,2,3,1,4,1,4,4,2,5,1,4,3,1,1,3,6","0.000452995300292969","louvain","graph_2024M05.graphml"
"0.22","0.67","0.11","0.176365134670156","1,2,3,1,4,1,5,5,2,5,5,4,3,1,1,5,6","0.000489950180053711","louvain","graph_2024M05.graphml"
"0.21","0.68","0.11","0.176408976124885","1,2,2,1,3,1,4,4,2,4,4,3,4,1,1,4,5","0.000460147857666016","louvain","graph_2024M05.graphml"
"0.2","0.69","0.11","0.176408976124885","1,2,2,1,3,1,4,4,2,4,4,3,4,1,1,4,5","0.000475883483886719","louvain","graph_2024M05.graphml"
"0.19","0.7","0.11","0.176909932360271","1,2,2,1,3,1,4,4,2,3,4,3,4,1,1,4,5","0.000468969345092773","louvain","graph_2024M05.graphml"
"0.18","0.71","0.11","0.175681651718467","1,2,3,2,4,1,4,4,2,4,1,4,3,1,1,3,5","0.000463008880615234","louvain","graph_2024M05.graphml"
"0.17","0.72","0.11","0.172689642025572","1,2,3,2,4,1,4,4,2,4,1,4,3,1,1,3,5","0.000456094741821289","louvain","graph_2024M05.graphml"
"0.16","0.73","0.11","0.172689642025572","1,2,3,2,4,1,4,4,2,4,1,4,3,1,1,3,5","0.000479936599731445","louvain","graph_2024M05.graphml"
"0.15","0.74","0.11","0.176337190082645","1,2,3,2,4,1,4,5,2,4,1,4,3,1,1,5,6","0.000487089157104492","louvain","graph_2024M05.graphml"
"0.14","0.75","0.11","0.176288845210108","1,2,3,2,4,1,4,5,2,4,1,4,3,4,1,5,6","0.000478982925415039","louvain","graph_2024M05.graphml"
"0.13","0.76","0.11","0.175350765306122","1,2,3,2,4,1,4,5,2,4,1,4,3,4,1,5,6","0.000478029251098633","louvain","graph_2024M05.graphml"
"0.12","0.77","0.11","0.173642684363167","1,2,3,2,4,1,4,4,2,4,1,4,3,4,1,4,5","0.000475883483886719","louvain","graph_2024M05.graphml"
"0.11","0.78","0.11","0.173680677802966","1,2,3,2,4,1,4,5,2,4,1,4,3,4,1,5,6","0.000476837158203125","louvain","graph_2024M05.graphml"
"0.1","0.79","0.11","0.172646796270581","1,2,3,4,5,1,4,4,2,4,1,5,3,4,1,4,6","0.000519037246704102","louvain","graph_2024M05.graphml"
"0.09","0.8","0.11","0.171423715232672","1,2,3,4,5,1,4,4,2,4,1,5,3,4,1,4,6","0.000481843948364258","louvain","graph_2024M05.graphml"
"0.08","0.81","0.11","0.171423715232672","1,2,3,4,5,1,4,4,2,4,1,5,3,4,1,4,6","0.000493049621582031","louvain","graph_2024M05.graphml"
"0.07","0.82","0.11","0.170952690972222","1,2,3,4,4,1,4,4,2,4,1,4,3,4,1,4,5","0.000510931015014648","louvain","graph_2024M05.graphml"
"0.06","0.83","0.11","0.172453634415297","1,2,3,4,4,1,4,4,2,4,1,4,3,4,1,4,5","0.000468015670776367","louvain","graph_2024M05.graphml"
"0.05","0.84","0.11","0.173893789634038","1,2,3,4,4,1,4,4,2,4,1,4,3,4,1,4,5","0.000507116317749023","louvain","graph_2024M05.graphml"
"0.04","0.85","0.11","0.176481281666354","1,2,3,4,4,1,4,4,2,4,1,4,3,4,1,4,5","0.000517845153808594","louvain","graph_2024M05.graphml"
"0.03","0.86","0.11","0.176481281666354","1,2,3,4,4,1,4,4,2,4,1,4,3,4,1,4,5","0.00053715705871582","louvain","graph_2024M05.graphml"
"0.02","0.87","0.11","0.177934512923855","1,2,3,4,4,1,4,4,2,4,1,4,3,4,1,4,5","0.000513076782226562","louvain","graph_2024M05.graphml"
"0.01","0.88","0.11","0.179421768707483","1,2,3,4,4,1,4,4,2,4,1,4,3,4,1,4,5","0.000458002090454102","louvain","graph_2024M05.graphml"
"0","0.89","0.11","0.17936792366691","1,2,3,4,5,1,4,4,2,4,1,5,3,4,1,4,6","0.000555038452148438","louvain","graph_2024M05.graphml"
"0.88","0","0.12","0.183583237216455","1,2,3,1,1,4,3,3,5,2,1,2,3,1,6,3,7","0.000403881072998047","louvain","graph_2024M05.graphml"
"0.87","0.01","0.12","0.183736717827627","1,2,2,1,1,3,2,2,4,2,1,5,2,1,6,2,7","0.000463008880615234","louvain","graph_2024M05.graphml"
"0.86","0.02","0.12","0.180374609781478","1,2,2,1,1,3,2,2,4,2,1,5,2,1,6,4,7","0.000422000885009766","louvain","graph_2024M05.graphml"
"0.85","0.03","0.12","0.178242525051726","1,2,3,1,1,4,3,3,5,2,1,6,3,1,7,3,8","0.00045013427734375","louvain","graph_2024M05.graphml"
"0.84","0.04","0.12","0.180319660310848","1,2,2,1,1,3,2,2,4,2,1,5,2,1,6,2,7","0.000423908233642578","louvain","graph_2024M05.graphml"
"0.83","0.05","0.12","0.18172524208171","1,2,3,1,1,4,3,3,2,2,1,5,3,1,6,3,7","0.000419139862060547","louvain","graph_2024M05.graphml"
"0.82","0.06","0.12","0.1785360463344","1,2,3,1,1,4,3,3,2,2,1,5,3,1,6,3,7","0.000524997711181641","louvain","graph_2024M05.graphml"
"0.81","0.07","0.12","0.1785360463344","1,2,3,1,1,4,3,3,2,2,1,5,3,1,6,3,7","0.000427961349487305","louvain","graph_2024M05.graphml"
"0.8","0.08","0.12","0.184432629387269","1,2,3,1,1,4,3,3,2,2,1,5,3,1,6,3,7","0.000430107116699219","louvain","graph_2024M05.graphml"
"0.79","0.09","0.12","0.184432629387269","1,2,3,1,1,4,3,3,2,2,1,5,3,1,6,3,7","0.000442028045654297","louvain","graph_2024M05.graphml"
"0.78","0.1","0.12","0.177892292059806","1,2,3,1,1,4,3,3,2,2,1,5,3,1,6,3,7","0.00044703483581543","louvain","graph_2024M05.graphml"
"0.77","0.11","0.12","0.177892292059806","1,2,3,1,1,4,3,3,2,2,1,5,3,1,6,3,7","0.000441789627075195","louvain","graph_2024M05.graphml"
"0.76","0.12","0.12","0.180613423899723","1,2,3,1,1,4,3,3,2,2,1,5,3,1,6,3,7","0.000452041625976562","louvain","graph_2024M05.graphml"
"0.75","0.13","0.12","0.180653876406416","1,2,3,1,1,4,3,3,2,2,1,5,3,1,6,3,7","0.000406980514526367","louvain","graph_2024M05.graphml"
"0.74","0.14","0.12","0.178491214163033","1,2,3,1,1,4,3,5,2,5,3,6,3,1,7,5,8","0.000445842742919922","louvain","graph_2024M05.graphml"
"0.73","0.15","0.12","0.175951020408163","1,2,3,1,1,4,3,3,2,5,1,3,3,1,6,5,7","0.000416994094848633","louvain","graph_2024M05.graphml"
"0.72","0.16","0.12","0.183904996722949","1,2,3,1,4,5,3,3,2,4,1,6,3,1,7,4,8","0.00046992301940918","louvain","graph_2024M05.graphml"
"0.71","0.17","0.12","0.18","1,2,3,1,4,5,3,3,2,4,1,3,3,1,6,4,7","0.000414848327636719","louvain","graph_2024M05.graphml"
"0.7","0.18","0.12","0.18612069228656","1,2,3,1,4,5,3,3,2,4,1,6,3,1,7,4,8","0.00043797492980957","louvain","graph_2024M05.graphml"
"0.69","0.19","0.12","0.180820567947684","1,2,3,1,4,5,3,3,2,4,1,6,3,1,7,1,8","0.000435113906860352","louvain","graph_2024M05.graphml"
"0.68","0.2","0.12","0.182582112476371","1,2,3,1,4,5,3,3,2,4,1,6,3,1,7,4,8","0.000440835952758789","louvain","graph_2024M05.graphml"
"0.67","0.21","0.12","0.180839437618147","1,2,3,1,4,5,3,3,2,4,1,3,3,1,6,4,7","0.000447988510131836","louvain","graph_2024M05.graphml"
"0.66","0.22","0.12","0.181117561268552","1,2,3,1,4,5,3,3,2,4,1,6,3,1,7,1,8","0.000443935394287109","louvain","graph_2024M05.graphml"
"0.65","0.23","0.12","0.17960615663196","1,2,3,1,4,5,3,3,2,4,1,6,3,1,7,1,8","0.000463962554931641","louvain","graph_2024M05.graphml"
"0.64","0.24","0.12","0.170863647346237","1,2,3,1,4,5,3,3,2,4,1,6,3,1,7,1,8","0.00045013427734375","louvain","graph_2024M05.graphml"
"0.63","0.25","0.12","0.169452120310341","1,2,3,1,4,5,3,3,2,4,1,6,3,1,7,1,8","0.000455141067504883","louvain","graph_2024M05.graphml"
"0.62","0.26","0.12","0.170558842866535","1,2,3,1,3,4,3,3,2,3,1,5,3,1,6,3,7","0.000448226928710938","louvain","graph_2024M05.graphml"
"0.61","0.27","0.12","0.167035996804865","1,2,3,1,3,4,3,3,2,3,1,5,3,1,6,3,7","0.000448942184448242","louvain","graph_2024M05.graphml"
"0.6","0.28","0.12","0.1702125","1,2,3,1,3,4,3,3,2,3,1,5,3,1,6,3,7","0.000411033630371094","louvain","graph_2024M05.graphml"
"0.59","0.29","0.12","0.171716046632509","1,2,3,1,4,5,3,3,2,4,1,3,3,1,6,3,7","0.000426054000854492","louvain","graph_2024M05.graphml"
"0.58","0.3","0.12","0.170897134121187","1,2,1,1,3,4,3,5,2,3,3,5,3,1,6,3,7","0.000463008880615234","louvain","graph_2024M05.graphml"
"0.57","0.31","0.12","0.170826888756692","1,2,3,1,3,4,3,5,2,3,3,5,3,1,6,3,7","0.000478029251098633","louvain","graph_2024M05.graphml"
"0.56","0.32","0.12","0.174823216411118","1,2,3,1,3,4,3,5,2,3,3,5,3,1,6,3,7","0.000461816787719727","louvain","graph_2024M05.graphml"
"0.55","0.33","0.12","0.171378860374076","1,2,3,1,3,4,5,5,2,5,3,6,3,1,7,5,8","0.000500917434692383","louvain","graph_2024M05.graphml"
"0.54","0.34","0.12","0.169784580498866","1,2,3,1,3,4,5,5,2,5,3,6,3,1,7,5,8","0.000442981719970703","louvain","graph_2024M05.graphml"
"0.53","0.35","0.12","0.168809523809524","1,2,1,1,3,4,3,3,2,3,1,3,3,1,5,3,6","0.00042414665222168","louvain","graph_2024M05.graphml"
"0.52","0.36","0.12","0.171515792721903","1,2,1,1,3,1,3,3,2,3,1,3,3,1,4,3,5","0.000419855117797852","louvain","graph_2024M05.graphml"
"0.51","0.37","0.12","0.169174163682418","1,2,3,1,3,1,4,4,2,4,3,4,3,1,5,4,6","0.000461816787719727","louvain","graph_2024M05.graphml"
"0.5","0.38","0.12","0.168730843810596","1,2,2,1,3,1,4,4,3,4,2,4,2,1,5,4,6","0.000467061996459961","louvain","graph_2024M05.graphml"
"0.49","0.39","0.12","0.16995867768595","1,2,3,1,2,1,3,3,2,3,3,3,3,1,4,3,5","0.000532865524291992","louvain","graph_2024M05.graphml"
"0.48","0.4","0.12","0.171137565605582","1,2,2,1,3,1,4,2,3,4,2,2,2,1,5,4,6","0.000459909439086914","louvain","graph_2024M05.graphml"
"0.47","0.41","0.12","0.177333333333333","1,2,3,1,2,1,3,3,2,4,1,3,3,4,5,3,6","0.000478029251098633","louvain","graph_2024M05.graphml"
"0.46","0.42","0.12","0.174015081563558","1,2,3,1,3,1,2,2,3,2,2,2,2,1,4,2,5","0.000452041625976562","louvain","graph_2024M05.graphml"
"0.45","0.43","0.12","0.176967913204063","1,2,2,1,2,1,3,3,2,4,3,3,3,4,5,3,6","0.000442981719970703","louvain","graph_2024M05.graphml"
"0.44","0.44","0.12","0.17201701617286","1,2,3,1,3,1,4,2,3,4,4,2,2,1,5,4,6","0.000449180603027344","louvain","graph_2024M05.graphml"
"0.43","0.45","0.12","0.17401745927387","1,2,2,1,2,1,3,3,2,4,3,5,3,4,6,3,7","0.000454902648925781","louvain","graph_2024M05.graphml"
"0.42","0.46","0.12","0.173213894367741","1,2,3,1,2,1,2,2,3,2,2,4,2,1,5,2,6","0.000453948974609375","louvain","graph_2024M05.graphml"
"0.41","0.47","0.12","0.171780738293594","1,2,3,1,2,1,2,2,3,2,2,4,2,1,5,2,6","0.000460147857666016","louvain","graph_2024M05.graphml"
"0.4","0.48","0.12","0.171504350414033","1,2,3,1,2,1,2,2,3,2,2,4,2,1,5,2,6","0.000547885894775391","louvain","graph_2024M05.graphml"
"0.39","0.49","0.12","0.177522843321688","1,2,3,1,2,1,2,2,3,2,2,4,2,1,5,2,6","0.000447988510131836","louvain","graph_2024M05.graphml"
"0.38","0.5","0.12","0.17865889212828","1,2,3,1,2,1,2,2,3,2,2,4,2,1,5,2,6","0.000451087951660156","louvain","graph_2024M05.graphml"
"0.37","0.51","0.12","0.18085856185153","1,2,3,1,2,1,2,2,3,2,2,4,2,1,5,2,6","0.000552892684936523","louvain","graph_2024M05.graphml"
"0.36","0.52","0.12","0.18470669827906","1,2,3,1,2,1,2,2,3,2,2,4,2,1,1,2,5","0.000491142272949219","louvain","graph_2024M05.graphml"
"0.35","0.53","0.12","0.182184","1,2,3,1,2,1,2,2,3,2,2,4,2,1,1,2,5","0.000444889068603516","louvain","graph_2024M05.graphml"
"0.34","0.54","0.12","0.179790796971477","1,2,3,1,2,1,2,2,3,4,2,5,2,1,1,2,6","0.000445127487182617","louvain","graph_2024M05.graphml"
"0.33","0.55","0.12","0.177193562610229","1,2,3,1,2,1,2,2,3,2,2,4,2,1,1,2,5","0.000448942184448242","louvain","graph_2024M05.graphml"
"0.32","0.56","0.12","0.180738111476223","1,2,2,1,3,1,3,3,2,4,3,5,3,1,1,3,6","0.000498056411743164","louvain","graph_2024M05.graphml"
"0.31","0.57","0.12","0.176959530045875","1,2,2,1,3,1,3,3,2,3,3,4,3,1,1,3,5","0.000432968139648438","louvain","graph_2024M05.graphml"
"0.3","0.58","0.12","0.176959530045875","1,2,2,1,3,1,3,3,2,3,3,4,3,1,1,3,5","0.000473976135253906","louvain","graph_2024M05.graphml"
"0.29","0.59","0.12","0.177181952662722","1,2,2,1,3,1,4,4,2,4,4,3,4,1,1,4,5","0.000472068786621094","louvain","graph_2024M05.graphml"
"0.28","0.6","0.12","0.175157946478914","1,2,2,1,3,1,3,3,2,3,3,4,3,1,1,3,5","0.000487089157104492","louvain","graph_2024M05.graphml"
"0.27","0.61","0.12","0.176437672176309","1,2,2,1,3,1,4,4,2,5,4,3,4,1,1,4,6","0.000471830368041992","louvain","graph_2024M05.graphml"
"0.26","0.62","0.12","0.176408976124885","1,2,2,1,3,1,4,4,2,4,4,3,4,1,1,4,5","0.000705957412719727","louvain","graph_2024M05.graphml"
"0.25","0.63","0.12","0.171829950816892","1,2,3,1,4,1,3,3,2,4,1,4,3,1,1,3,5","0.000468015670776367","louvain","graph_2024M05.graphml"
"0.24","0.64","0.12","0.170167631735327","1,2,3,1,4,1,5,5,2,4,1,4,3,1,1,5,6","0.000480890274047852","louvain","graph_2024M05.graphml"
"0.23","0.65","0.12","0.172689642025572","1,2,3,2,4,1,4,4,2,4,1,4,3,1,1,3,5","0.000496864318847656","louvain","graph_2024M05.graphml"
"0.22","0.66","0.12","0.169155630694092","1,2,3,2,4,1,4,4,2,4,1,4,3,1,1,3,5","0.000536918640136719","louvain","graph_2024M05.graphml"
"0.21","0.67","0.12","0.169155630694092","1,2,3,2,4,1,4,4,2,4,1,4,3,1,1,3,5","0.000483989715576172","louvain","graph_2024M05.graphml"
"0.2","0.68","0.12","0.171021487603306","1,2,3,2,4,1,4,4,2,4,1,4,3,1,1,4,5","0.000491857528686523","louvain","graph_2024M05.graphml"
"0.19","0.69","0.12","0.171914543749438","1,2,3,2,4,1,4,5,2,4,1,4,3,4,1,5,6","0.000463008880615234","louvain","graph_2024M05.graphml"
"0.18","0.7","0.12","0.173642684363167","1,2,3,2,4,1,4,4,2,4,1,4,3,4,1,4,5","0.000481843948364258","louvain","graph_2024M05.graphml"
"0.17","0.71","0.12","0.168685528664947","1,2,3,2,4,1,4,4,2,4,1,4,3,4,1,4,5","0.000485897064208984","louvain","graph_2024M05.graphml"
"0.16","0.72","0.12","0.170187750076947","1,2,3,2,4,1,4,4,2,4,1,4,3,4,1,4,5","0.000598907470703125","louvain","graph_2024M05.graphml"
"0.15","0.73","0.12","0.170187750076947","1,2,3,2,4,1,4,4,2,4,1,4,3,4,1,4,5","0.000469207763671875","louvain","graph_2024M05.graphml"
"0.14","0.74","0.12","0.171423715232672","1,2,3,4,5,1,4,4,2,4,1,5,3,4,1,4,6","0.00047612190246582","louvain","graph_2024M05.graphml"
"0.13","0.75","0.12","0.169801606781528","1,2,3,4,5,3,4,4,2,4,1,5,3,4,1,4,6","0.00049901008605957","louvain","graph_2024M05.graphml"
"0.12","0.76","0.12","0.171083241813394","1,2,3,4,4,3,4,4,2,4,1,4,3,4,1,4,5","0.000491142272949219","louvain","graph_2024M05.graphml"
"0.11","0.77","0.12","0.171083241813394","1,2,3,4,4,3,4,4,2,4,1,4,3,4,1,4,5","0.000452041625976562","louvain","graph_2024M05.graphml"
"0.1","0.78","0.12","0.171083241813394","1,2,3,4,4,3,4,4,2,4,1,4,3,4,1,4,5","0.000471115112304688","louvain","graph_2024M05.graphml"
"0.09","0.79","0.12","0.174581300431601","1,2,3,2,4,3,4,4,2,4,1,4,3,4,1,4,5","0.000468969345092773","louvain","graph_2024M05.graphml"
"0.08","0.8","0.12","0.175914966963516","1,2,3,4,4,3,4,4,2,4,1,4,3,4,1,4,5","0.000473976135253906","louvain","graph_2024M05.graphml"
"0.07","0.81","0.12","0.175914966963516","1,2,3,4,4,3,4,4,2,4,1,4,3,4,1,4,5","0.000477075576782227","louvain","graph_2024M05.graphml"
"0.06","0.82","0.12","0.175914966963516","1,2,3,4,4,3,4,4,2,4,1,4,3,4,1,4,5","0.000606060028076172","louvain","graph_2024M05.graphml"
"0.05","0.83","0.12","0.173173939167205","1,2,3,4,4,3,4,4,2,4,1,4,3,4,1,4,5","0.000489234924316406","louvain","graph_2024M05.graphml"
"0.04","0.84","0.12","0.176857871325924","1,2,3,4,5,3,4,4,2,4,1,5,3,4,1,4,6","0.000454902648925781","louvain","graph_2024M05.graphml"
"0.03","0.85","0.12","0.169163223140496","1,2,3,2,4,3,4,4,2,2,1,4,3,1,1,4,5","0.00049901008605957","louvain","graph_2024M05.graphml"
"0.02","0.86","0.12","0.171823635765944","1,2,1,2,3,4,3,3,2,2,1,3,4,1,1,3,5","0.000545978546142578","louvain","graph_2024M05.graphml"
"0.01","0.87","0.12","0.167724867724868","1,2,1,1,3,4,3,3,2,2,4,3,4,1,1,3,5","0.000455856323242188","louvain","graph_2024M05.graphml"
"0","0.88","0.12","0.169529121935587","1,2,1,1,3,4,3,3,2,3,4,3,4,3,1,3,5","0.00049591064453125","louvain","graph_2024M05.graphml"
"0.87","0","0.13","0.177180172381347","1,2,3,1,1,4,3,3,2,2,3,5,3,1,6,3,7","0.000436067581176758","louvain","graph_2024M05.graphml"
"0.86","0.01","0.13","0.173102046741182","1,2,3,1,1,4,3,3,2,2,3,5,3,1,6,3,7","0.000443935394287109","louvain","graph_2024M05.graphml"
"0.85","0.02","0.13","0.176808060525655","1,2,3,1,1,4,3,3,2,2,3,5,3,1,6,3,7","0.000424861907958984","louvain","graph_2024M05.graphml"
"0.84","0.03","0.13","0.176808060525655","1,2,3,1,1,4,3,3,2,2,3,5,3,1,6,3,7","0.000421762466430664","louvain","graph_2024M05.graphml"
"0.83","0.04","0.13","0.173805980725624","1,2,3,1,1,4,3,3,2,2,3,5,3,1,6,3,7","0.000581026077270508","louvain","graph_2024M05.graphml"
"0.82","0.05","0.13","0.172837370242215","1,2,3,1,1,4,3,3,2,5,3,5,3,1,6,3,7","0.000422000885009766","louvain","graph_2024M05.graphml"
"0.81","0.06","0.13","0.16830819739407","1,2,3,1,1,4,3,3,2,2,3,3,3,1,5,3,6","0.000436067581176758","louvain","graph_2024M05.graphml"
"0.8","0.07","0.13","0.170531103587429","1,2,3,1,1,4,3,3,2,2,3,5,3,1,6,3,7","0.000435829162597656","louvain","graph_2024M05.graphml"
"0.79","0.08","0.13","0.170008163265306","1,2,3,1,1,4,3,3,2,2,1,5,3,1,6,2,7","0.000428915023803711","louvain","graph_2024M05.graphml"
"0.78","0.09","0.13","0.175284879823805","1,2,3,1,1,4,3,3,2,2,1,5,3,1,6,2,7","0.000385046005249023","louvain","graph_2024M05.graphml"
"0.77","0.1","0.13","0.17310633251147","1,2,3,1,4,5,3,3,2,4,1,6,3,1,7,4,8","0.000439167022705078","louvain","graph_2024M05.graphml"
"0.76","0.11","0.13","0.170910493827161","1,2,3,1,4,5,3,3,2,4,1,6,3,1,7,4,8","0.000443935394287109","louvain","graph_2024M05.graphml"
"0.75","0.12","0.13","0.177922352372902","1,2,3,1,4,5,3,3,2,4,1,6,3,1,7,1,8","0.000464916229248047","louvain","graph_2024M05.graphml"
"0.74","0.13","0.13","0.182582112476371","1,2,3,1,4,5,3,3,2,4,1,6,3,1,7,4,8","0.000470161437988281","louvain","graph_2024M05.graphml"
"0.73","0.14","0.13","0.179058594755355","1,2,3,1,3,4,3,3,2,3,1,5,3,1,6,1,7","0.000461101531982422","louvain","graph_2024M05.graphml"
"0.72","0.15","0.13","0.172461577223482","1,2,3,1,3,4,3,3,2,3,1,5,3,1,6,1,7","0.000452041625976562","louvain","graph_2024M05.graphml"
"0.71","0.16","0.13","0.163886176215278","1,2,3,1,3,4,3,5,2,3,3,6,3,1,7,5,8","0.000442028045654297","louvain","graph_2024M05.graphml"
"0.7","0.17","0.13","0.166429980276134","1,2,3,1,4,5,3,3,2,4,1,3,3,1,6,3,7","0.000447988510131836","louvain","graph_2024M05.graphml"
"0.69","0.18","0.13","0.168640670553936","1,2,3,1,4,5,3,3,2,4,1,3,3,1,6,3,7","0.000469207763671875","louvain","graph_2024M05.graphml"
"0.68","0.19","0.13","0.166649488520704","1,2,3,1,4,5,3,3,2,4,1,3,3,1,6,3,7","0.000442028045654297","louvain","graph_2024M05.graphml"
"0.67","0.2","0.13","0.163669523518008","1,2,3,1,4,5,3,3,2,4,1,3,3,1,6,3,7","0.000445127487182617","louvain","graph_2024M05.graphml"
"0.66","0.21","0.13","0.1628375","1,2,3,1,3,4,5,5,2,3,3,5,3,1,6,3,7","0.000438928604125977","louvain","graph_2024M05.graphml"
"0.65","0.22","0.13","0.167619613375907","1,2,3,1,4,5,3,3,2,4,1,3,3,1,6,3,7","0.000447988510131836","louvain","graph_2024M05.graphml"
"0.64","0.23","0.13","0.1667409222544","1,2,2,1,2,3,4,4,5,2,2,4,2,1,6,2,7","0.000428915023803711","louvain","graph_2024M05.graphml"
"0.63","0.24","0.13","0.169271275692203","1,2,3,1,4,5,3,3,2,4,1,6,3,1,7,3,8","0.000416040420532227","louvain","graph_2024M05.graphml"
"0.62","0.25","0.13","0.167699594683759","1,2,3,1,3,4,5,5,2,3,3,5,3,3,6,5,7","0.000444889068603516","louvain","graph_2024M05.graphml"
"0.61","0.26","0.13","0.168939534023669","1,2,3,1,3,4,5,3,2,5,1,3,3,1,6,5,7","0.000464916229248047","louvain","graph_2024M05.graphml"
"0.6","0.27","0.13","0.167235686529952","1,2,1,1,3,4,3,3,2,3,1,5,3,1,6,3,7","0.000443935394287109","louvain","graph_2024M05.graphml"
"0.59","0.28","0.13","0.171681103837422","1,2,3,1,4,1,3,3,2,4,1,3,3,4,5,3,6","0.000427961349487305","louvain","graph_2024M05.graphml"
"0.58","0.29","0.13","0.167452677122769","1,2,3,1,3,1,4,4,2,4,3,4,3,1,5,4,6","0.000471830368041992","louvain","graph_2024M05.graphml"
"0.57","0.3","0.13","0.164769379681845","1,2,3,1,3,1,4,4,2,4,3,4,3,1,5,4,6","0.000444889068603516","louvain","graph_2024M05.graphml"
"0.56","0.31","0.13","0.170596943349805","1,2,3,1,2,1,3,3,2,4,1,3,3,4,5,3,6","0.000427007675170898","louvain","graph_2024M05.graphml"
"0.55","0.32","0.13","0.169356352036029","1,2,1,1,2,1,3,3,2,3,1,3,3,1,4,3,5","0.00043487548828125","louvain","graph_2024M05.graphml"
"0.54","0.33","0.13","0.175006654245409","1,2,1,1,2,1,3,3,2,3,1,3,3,1,4,3,5","0.000436067581176758","louvain","graph_2024M05.graphml"
"0.53","0.34","0.13","0.177425462372449","1,2,2,1,2,1,3,3,2,4,1,3,3,4,5,3,6","0.000519990921020508","louvain","graph_2024M05.graphml"
"0.52","0.35","0.13","0.174548148148148","1,2,3,1,3,1,4,2,3,4,2,2,2,1,5,4,6","0.000443935394287109","louvain","graph_2024M05.graphml"
"0.51","0.36","0.13","0.173652987704597","1,2,2,1,2,1,3,3,2,4,1,3,3,4,5,3,6","0.000448942184448242","louvain","graph_2024M05.graphml"
"0.5","0.37","0.13","0.170377241805813","1,2,2,1,3,1,4,3,2,4,3,3,3,1,5,4,6","0.000442981719970703","louvain","graph_2024M05.graphml"
"0.49","0.38","0.13","0.170043655252445","1,2,2,1,2,1,3,3,2,4,3,3,3,4,5,3,6","0.000453948974609375","louvain","graph_2024M05.graphml"
"0.48","0.39","0.13","0.164028972385695","1,2,3,1,3,1,4,2,3,4,4,2,2,1,5,4,6","0.000462055206298828","louvain","graph_2024M05.graphml"
"0.47","0.4","0.13","0.164257756391841","1,2,2,1,2,1,3,3,2,4,3,5,3,4,6,3,7","0.000448942184448242","louvain","graph_2024M05.graphml"
"0.46","0.41","0.13","0.17046875","1,2,3,1,2,1,2,2,3,2,2,4,2,1,5,2,6","0.000454187393188477","louvain","graph_2024M05.graphml"
"0.45","0.42","0.13","0.171691258759319","1,2,3,1,2,1,2,2,3,2,2,4,2,1,5,2,6","0.000486135482788086","louvain","graph_2024M05.graphml"
"0.44","0.43","0.13","0.176362611843453","1,2,3,1,3,1,2,2,3,2,2,4,2,1,5,2,6","0.00045013427734375","louvain","graph_2024M05.graphml"
"0.43","0.44","0.13","0.180191586838817","1,2,3,1,2,1,2,2,3,2,2,4,2,1,1,2,5","0.000458002090454102","louvain","graph_2024M05.graphml"
"0.42","0.45","0.13","0.181356996496794","1,2,3,1,2,1,2,2,3,2,2,4,2,1,1,2,5","0.000459909439086914","louvain","graph_2024M05.graphml"
"0.41","0.46","0.13","0.1774487508266","1,2,3,1,2,1,2,2,3,2,2,4,2,1,1,2,5","0.000463962554931641","louvain","graph_2024M05.graphml"
"0.4","0.47","0.13","0.179679687624006","1,2,3,1,2,1,2,2,3,2,2,4,2,1,1,2,5","0.000453948974609375","louvain","graph_2024M05.graphml"
"0.39","0.48","0.13","0.177685505574779","1,2,3,1,2,1,2,2,3,2,2,4,2,1,1,2,5","0.000442981719970703","louvain","graph_2024M05.graphml"
"0.38","0.49","0.13","0.177685505574779","1,2,3,1,2,1,2,2,3,2,2,4,2,1,1,2,5","0.000441074371337891","louvain","graph_2024M05.graphml"
"0.37","0.5","0.13","0.176959530045875","1,2,2,1,3,1,3,3,2,3,3,4,3,1,1,3,5","0.000474929809570312","louvain","graph_2024M05.graphml"
"0.36","0.51","0.13","0.17381225682384","1,2,2,1,3,1,3,3,2,3,3,4,3,1,1,3,5","0.000483989715576172","louvain","graph_2024M05.graphml"
"0.35","0.52","0.13","0.175613905325444","1,2,2,1,3,1,3,3,2,3,3,4,3,1,1,3,5","0.000607967376708984","louvain","graph_2024M05.graphml"
"0.34","0.53","0.13","0.175157946478914","1,2,2,1,3,1,3,3,2,3,3,4,3,1,1,3,5","0.000452041625976562","louvain","graph_2024M05.graphml"
"0.33","0.54","0.13","0.172843491735537","1,2,2,1,3,1,3,3,2,3,3,4,3,1,1,3,5","0.000459909439086914","louvain","graph_2024M05.graphml"
"0.32","0.55","0.13","0.172843491735537","1,2,2,1,3,1,4,4,2,4,4,3,4,1,1,4,5","0.000486135482788086","louvain","graph_2024M05.graphml"
"0.31","0.56","0.13","0.172932330827068","1,2,2,1,3,1,3,3,2,3,3,4,3,1,1,3,5","0.000618934631347656","louvain","graph_2024M05.graphml"
"0.3","0.57","0.13","0.168470507544582","1,2,3,1,4,1,5,5,2,4,1,4,3,1,1,5,6","0.000464916229248047","louvain","graph_2024M05.graphml"
"0.29","0.58","0.13","0.166556282439446","1,2,3,2,4,1,5,5,2,4,1,4,3,1,1,5,6","0.000488042831420898","louvain","graph_2024M05.graphml"
"0.28","0.59","0.13","0.166556282439446","1,2,3,2,4,1,5,5,2,4,1,4,3,1,1,5,6","0.000459909439086914","louvain","graph_2024M05.graphml"
"0.27","0.6","0.13","0.170307438016529","1,2,3,2,4,3,4,4,2,4,1,4,3,1,1,3,5","0.000490903854370117","louvain","graph_2024M05.graphml"
"0.26","0.61","0.13","0.168707992018483","1,2,3,2,4,3,4,4,2,4,1,4,3,1,1,3,5","0.000467061996459961","louvain","graph_2024M05.graphml"
"0.25","0.62","0.13","0.164330357142857","1,2,3,2,4,3,4,4,2,4,1,4,3,1,1,4,5","0.00064396858215332","louvain","graph_2024M05.graphml"
"0.24","0.63","0.13","0.166911513278707","1,2,3,2,4,3,4,4,2,4,1,4,3,1,1,4,5","0.000460147857666016","louvain","graph_2024M05.graphml"
"0.23","0.64","0.13","0.167331486611265","1,2,3,2,4,3,4,4,2,4,1,4,3,4,1,4,5","0.000622987747192383","louvain","graph_2024M05.graphml"
"0.22","0.65","0.13","0.167331486611265","1,2,3,2,4,3,4,4,2,4,1,4,3,4,1,4,5","0.000487089157104492","louvain","graph_2024M05.graphml"
"0.21","0.66","0.13","0.170112230426916","1,2,3,2,4,3,4,4,2,4,1,4,3,4,1,4,5","0.000480175018310547","louvain","graph_2024M05.graphml"
"0.2","0.67","0.13","0.170398099922839","1,2,3,2,4,3,4,4,2,4,1,4,3,4,1,4,5","0.000491857528686523","louvain","graph_2024M05.graphml"
"0.19","0.68","0.13","0.171189060642093","1,2,3,4,5,3,4,4,2,4,1,5,3,4,1,4,6","0.000486850738525391","louvain","graph_2024M05.graphml"
"0.18","0.69","0.13","0.171083241813394","1,2,3,4,4,3,4,4,2,4,1,4,3,4,1,4,5","0.000514030456542969","louvain","graph_2024M05.graphml"
"0.17","0.7","0.13","0.172110626941108","1,2,3,2,4,3,4,4,2,4,1,4,3,4,1,4,5","0.000546932220458984","louvain","graph_2024M05.graphml"
"0.16","0.71","0.13","0.169192156126853","1,2,3,4,5,3,4,4,2,4,1,5,3,4,1,4,6","0.0004730224609375","louvain","graph_2024M05.graphml"
"0.15","0.72","0.13","0.170636815804494","1,2,3,4,4,3,4,4,2,4,1,4,3,4,1,4,5","0.000484943389892578","louvain","graph_2024M05.graphml"
"0.14","0.73","0.13","0.171933352484918","1,2,3,4,4,3,4,4,2,4,1,4,3,4,1,4,5","0.000500917434692383","louvain","graph_2024M05.graphml"
"0.13","0.74","0.13","0.170562454346238","1,2,3,4,4,3,4,4,2,4,1,4,3,4,1,4,5","0.000483036041259766","louvain","graph_2024M05.graphml"
"0.12","0.75","0.13","0.170562454346238","1,2,3,4,4,3,4,4,2,4,1,4,3,4,1,4,5","0.000531911849975586","louvain","graph_2024M05.graphml"
"0.11","0.76","0.13","0.170228279461427","1,2,3,4,5,3,4,4,2,4,1,5,3,4,1,4,6","0.00048518180847168","louvain","graph_2024M05.graphml"
"0.1","0.77","0.13","0.168001623307275","1,2,3,4,5,3,4,4,2,4,1,5,3,4,1,4,6","0.000471115112304688","louvain","graph_2024M05.graphml"
"0.09","0.78","0.13","0.166496247259234","1,2,1,3,4,4,3,3,2,3,1,4,4,3,1,3,5","0.000513076782226562","louvain","graph_2024M05.graphml"
"0.08","0.79","0.13","0.162172640894945","1,2,1,1,3,4,3,3,2,3,4,3,4,3,1,3,5","0.000478029251098633","louvain","graph_2024M05.graphml"
"0.07","0.8","0.13","0.166583837072498","1,2,1,1,3,4,3,3,2,3,4,3,4,3,1,3,5","0.000471830368041992","louvain","graph_2024M05.graphml"
"0.06","0.81","0.13","0.166860278801474","1,2,1,1,3,4,3,3,2,3,4,3,4,3,1,3,5","0.000472068786621094","louvain","graph_2024M05.graphml"
"0.05","0.82","0.13","0.165644995969708","1,2,1,1,3,4,3,3,2,3,4,3,4,3,1,3,5","0.000486850738525391","louvain","graph_2024M05.graphml"
"0.04","0.83","0.13","0.1682958984375","1,2,1,1,3,4,3,3,2,5,4,3,4,5,1,3,6","0.000468015670776367","louvain","graph_2024M05.graphml"
"0.03","0.84","0.13","0.169621801030658","1,2,1,1,3,4,3,3,2,3,4,3,4,3,1,3,5","0.000545024871826172","louvain","graph_2024M05.graphml"
"0.02","0.85","0.13","0.16839145866286","1,2,1,1,3,4,3,3,2,3,4,3,4,3,1,3,5","0.000467061996459961","louvain","graph_2024M05.graphml"
"0.01","0.86","0.13","0.168326627218935","1,2,1,1,3,4,3,3,2,3,4,3,4,3,1,3,5","0.00049591064453125","louvain","graph_2024M05.graphml"
"0","0.87","0.13","0.167756174657951","1,2,1,1,3,4,3,3,2,3,1,3,4,3,1,3,5","0.000560998916625977","louvain","graph_2024M05.graphml"
"0.86","0","0.14","0.168908869659275","1,2,3,1,1,4,3,3,2,2,3,5,3,1,6,3,7","0.000432014465332031","louvain","graph_2024M05.graphml"
"0.85","0.01","0.14","0.173208163265306","1,2,3,1,1,4,3,3,2,3,1,5,3,1,6,3,7","0.000452041625976562","louvain","graph_2024M05.graphml"
"0.84","0.02","0.14","0.166602828050688","1,2,3,1,3,4,3,3,2,3,1,5,3,1,6,3,7","0.000459909439086914","louvain","graph_2024M05.graphml"
"0.83","0.03","0.14","0.165366249492837","1,2,3,1,3,4,3,3,2,3,1,5,3,1,6,3,7","0.000457048416137695","louvain","graph_2024M05.graphml"
"0.82","0.04","0.14","0.167484567901235","1,2,3,1,3,4,3,3,2,3,1,5,3,1,6,3,7","0.000450849533081055","louvain","graph_2024M05.graphml"
"0.81","0.05","0.14","0.166351606805293","1,2,3,1,3,4,3,3,2,3,1,3,3,1,5,1,6","0.000406980514526367","louvain","graph_2024M05.graphml"
"0.8","0.06","0.14","0.174828341855369","1,2,3,1,3,4,3,3,2,3,1,5,3,1,6,1,7","0.000437021255493164","louvain","graph_2024M05.graphml"
"0.79","0.07","0.14","0.169521576253253","1,2,1,1,3,4,3,3,2,3,1,5,3,1,6,3,7","0.000502109527587891","louvain","graph_2024M05.graphml"
"0.78","0.08","0.14","0.168157894736842","1,2,3,1,4,5,3,3,2,4,1,3,3,1,6,1,7","0.000488042831420898","louvain","graph_2024M05.graphml"
"0.77","0.09","0.14","0.165575279421433","1,2,3,1,3,4,3,3,2,3,3,5,3,1,6,3,7","0.0004730224609375","louvain","graph_2024M05.graphml"
"0.76","0.1","0.14","0.166429980276134","1,2,3,1,4,5,3,3,2,4,1,3,3,1,6,3,7","0.000663042068481445","louvain","graph_2024M05.graphml"
"0.75","0.11","0.14","0.161470277512948","1,2,3,1,4,5,3,3,2,4,1,3,3,1,6,3,7","0.000440835952758789","louvain","graph_2024M05.graphml"
"0.74","0.12","0.14","0.160085705540251","1,2,3,1,3,4,3,3,2,3,1,5,3,1,6,3,7","0.000465154647827148","louvain","graph_2024M05.graphml"
"0.73","0.13","0.14","0.16405","1,2,3,1,3,4,3,3,2,3,1,5,3,1,6,3,7","0.000460147857666016","louvain","graph_2024M05.graphml"
"0.72","0.14","0.14","0.166307764659291","1,2,3,1,4,5,3,3,2,4,1,6,3,1,7,3,8","0.000444889068603516","louvain","graph_2024M05.graphml"
"0.71","0.15","0.14","0.166159253483825","1,2,1,1,3,4,3,3,2,3,1,5,3,1,6,3,7","0.000452041625976562","louvain","graph_2024M05.graphml"
"0.7","0.16","0.14","0.170081364572101","1,2,3,1,4,5,3,3,2,4,1,6,3,1,7,3,8","0.00045013427734375","louvain","graph_2024M05.graphml"
"0.69","0.17","0.14","0.171088043060361","1,2,3,1,2,4,3,3,2,2,1,3,3,1,5,3,6","0.000449895858764648","louvain","graph_2024M05.graphml"
"0.68","0.18","0.14","0.171054166958389","1,2,3,1,4,5,3,3,2,4,1,6,3,4,7,3,8","0.000464916229248047","louvain","graph_2024M05.graphml"
"0.67","0.19","0.14","0.170937478120843","1,2,3,1,4,5,3,3,2,4,1,3,3,4,6,3,7","0.000406026840209961","louvain","graph_2024M05.graphml"
"0.66","0.2","0.14","0.170166887536219","1,2,3,1,2,1,3,3,2,2,1,3,3,2,4,3,5","0.000528097152709961","louvain","graph_2024M05.graphml"
"0.65","0.21","0.14","0.167885841558215","1,2,3,1,3,1,3,3,2,3,1,3,3,1,4,3,5","0.000448942184448242","louvain","graph_2024M05.graphml"
"0.64","0.22","0.14","0.16147083182909","1,2,3,1,3,1,4,4,2,4,3,4,3,1,5,4,6","0.000448942184448242","louvain","graph_2024M05.graphml"
"0.63","0.23","0.14","0.168224001359128","1,2,3,1,1,1,3,3,2,4,1,3,3,4,5,3,6","0.0004730224609375","louvain","graph_2024M05.graphml"
"0.62","0.24","0.14","0.169356352036029","1,2,1,1,2,1,3,3,2,3,1,3,3,1,4,3,5","0.000503778457641602","louvain","graph_2024M05.graphml"
"0.61","0.25","0.14","0.172438016528926","1,2,3,1,2,1,3,3,2,4,1,3,3,4,5,3,6","0.000468015670776367","louvain","graph_2024M05.graphml"
"0.6","0.26","0.14","0.172438016528926","1,2,3,1,2,1,3,3,2,4,1,3,3,4,5,3,6","0.000414848327636719","louvain","graph_2024M05.graphml"
"0.59","0.27","0.14","0.175878581283987","1,2,2,1,2,1,3,3,2,4,1,3,3,4,5,3,6","0.000453948974609375","louvain","graph_2024M05.graphml"
"0.58","0.28","0.14","0.172967734356645","1,2,2,1,2,1,3,3,2,4,1,3,3,4,5,3,6","0.00042414665222168","louvain","graph_2024M05.graphml"
"0.57","0.29","0.14","0.170372418527488","1,2,2,1,2,1,3,3,2,4,1,3,3,4,5,3,6","0.000435829162597656","louvain","graph_2024M05.graphml"
"0.56","0.3","0.14","0.161794194261727","1,2,2,1,3,1,4,3,2,4,3,3,3,1,5,4,6","0.000473976135253906","louvain","graph_2024M05.graphml"
"0.55","0.31","0.14","0.162086242148502","1,2,2,1,2,1,3,3,2,4,3,5,3,4,6,3,7","0.000462055206298828","louvain","graph_2024M05.graphml"
"0.54","0.32","0.14","0.160320330192125","1,2,2,1,2,1,3,3,2,4,3,5,3,4,6,3,7","0.000442981719970703","louvain","graph_2024M05.graphml"
"0.53","0.33","0.14","0.161826495304004","1,2,3,1,3,1,4,2,3,4,4,2,2,1,5,4,6","0.000461101531982422","louvain","graph_2024M05.graphml"
"0.52","0.34","0.14","0.164116524570648","1,2,3,1,3,1,4,2,3,4,4,2,2,1,5,4,6","0.000455141067504883","louvain","graph_2024M05.graphml"
"0.51","0.35","0.14","0.164116524570648","1,2,3,1,3,1,4,2,3,4,4,2,2,1,5,4,6","0.000441074371337891","louvain","graph_2024M05.graphml"
"0.5","0.36","0.14","0.173639095690185","1,2,3,1,2,1,2,2,3,2,2,4,2,1,1,2,5","0.000450849533081055","louvain","graph_2024M05.graphml"
"0.49","0.37","0.14","0.179000940607364","1,2,3,1,2,1,2,2,3,2,2,4,2,1,1,2,5","0.000546932220458984","louvain","graph_2024M05.graphml"
"0.48","0.38","0.14","0.177647233789411","1,2,3,1,2,1,2,2,3,2,2,4,2,1,1,2,5","0.000478029251098633","louvain","graph_2024M05.graphml"
"0.47","0.39","0.14","0.166460718002081","1,2,3,1,3,1,2,2,3,2,2,2,2,1,1,2,4","0.000586986541748047","louvain","graph_2024M05.graphml"
"0.46","0.4","0.14","0.172473452802336","1,2,3,1,2,1,2,2,3,2,2,4,2,1,1,2,5","0.00113201141357422","louvain","graph_2024M05.graphml"
"0.45","0.41","0.14","0.174335474930713","1,2,3,1,2,1,2,2,3,2,2,4,2,1,1,2,5","0.000662088394165039","louvain","graph_2024M05.graphml"
"0.44","0.42","0.14","0.174135098270197","1,2,3,1,2,1,2,2,3,2,2,4,2,1,1,2,5","0.000480890274047852","louvain","graph_2024M05.graphml"
"0.43","0.43","0.14","0.173576354980469","1,2,3,1,2,1,2,2,3,2,2,4,2,1,1,2,5","0.000453948974609375","louvain","graph_2024M05.graphml"
"0.42","0.44","0.14","0.172608316807884","1,2,2,1,3,1,3,3,2,3,3,4,3,1,1,3,5","0.000470876693725586","louvain","graph_2024M05.graphml"
"0.41","0.45","0.14","0.170762319989431","1,2,3,1,4,3,4,4,2,4,1,5,3,1,1,4,6","0.000483036041259766","louvain","graph_2024M05.graphml"
"0.4","0.46","0.14","0.168718314783521","1,2,3,1,4,3,4,4,2,4,1,5,3,1,1,4,6","0.000449180603027344","louvain","graph_2024M05.graphml"
"0.39","0.47","0.14","0.169306703397612","1,2,3,1,4,3,4,4,2,4,4,5,3,1,1,3,6","0.000457048416137695","louvain","graph_2024M05.graphml"
"0.38","0.48","0.14","0.168593476171632","1,2,3,1,4,3,5,5,2,5,5,4,3,1,1,5,6","0.0004730224609375","louvain","graph_2024M05.graphml"
"0.37","0.49","0.14","0.165945744254502","1,2,3,1,4,3,4,4,2,5,1,4,3,1,1,3,6","0.000458002090454102","louvain","graph_2024M05.graphml"
"0.36","0.5","0.14","0.163866232758269","1,2,3,1,4,3,5,5,2,4,1,4,3,1,1,5,6","0.000453948974609375","louvain","graph_2024M05.graphml"
"0.35","0.51","0.14","0.163596182958478","1,2,3,2,4,3,5,5,2,4,1,4,3,1,1,5,6","0.000787973403930664","louvain","graph_2024M05.graphml"
"0.34","0.52","0.14","0.164136840397924","1,2,3,2,4,3,4,4,2,4,1,4,3,1,1,3,5","0.000465869903564453","louvain","graph_2024M05.graphml"
"0.33","0.53","0.14","0.162552620260918","1,2,3,2,4,3,4,4,2,4,4,4,3,1,1,1,5","0.000480890274047852","louvain","graph_2024M05.graphml"
"0.32","0.54","0.14","0.160900056932871","1,2,3,2,4,3,5,5,2,4,5,4,3,1,1,1,6","0.000463008880615234","louvain","graph_2024M05.graphml"
"0.31","0.55","0.14","0.163641268740124","1,2,3,2,4,3,4,4,2,4,1,4,3,1,1,3,5","0.000489950180053711","louvain","graph_2024M05.graphml"
"0.3","0.56","0.14","0.163641268740124","1,2,3,2,4,3,4,4,2,4,3,4,3,1,1,1,5","0.000444173812866211","louvain","graph_2024M05.graphml"
"0.29","0.57","0.14","0.168345405160706","1,2,3,2,4,3,4,4,2,4,1,4,3,1,1,4,5","0.000463962554931641","louvain","graph_2024M05.graphml"
"0.28","0.58","0.14","0.164949215143121","1,2,3,4,5,3,5,4,2,4,1,5,3,1,1,4,6","0.000545024871826172","louvain","graph_2024M05.graphml"
"0.27","0.59","0.14","0.166883172067161","1,2,2,2,3,4,3,4,2,3,1,3,4,3,1,4,5","0.0004730224609375","louvain","graph_2024M05.graphml"
"0.26","0.6","0.14","0.166883172067161","1,2,2,2,3,4,3,4,2,3,1,3,4,3,1,4,5","0.000481128692626953","louvain","graph_2024M05.graphml"
"0.25","0.61","0.14","0.167867961351037","1,2,3,2,4,3,4,4,2,4,1,4,3,4,1,4,5","0.000538110733032227","louvain","graph_2024M05.graphml"
"0.24","0.62","0.14","0.167342449464923","1,2,3,4,5,3,4,4,2,4,1,5,3,4,1,4,6","0.000463962554931641","louvain","graph_2024M05.graphml"
"0.23","0.63","0.14","0.167992638236904","1,2,3,4,5,3,4,4,2,4,1,5,3,4,1,4,6","0.000496149063110352","louvain","graph_2024M05.graphml"
"0.22","0.64","0.14","0.167992638236904","1,2,3,4,5,3,4,4,2,4,1,5,3,4,1,4,6","0.000468969345092773","louvain","graph_2024M05.graphml"
"0.21","0.65","0.14","0.167986210858949","1,2,3,4,4,3,4,4,2,4,1,4,3,4,1,4,5","0.000494956970214844","louvain","graph_2024M05.graphml"
"0.2","0.66","0.14","0.167509359021183","1,2,3,4,3,3,4,4,2,4,1,3,3,4,1,4,5","0.000466108322143555","louvain","graph_2024M05.graphml"
"0.19","0.67","0.14","0.168477771271564","1,2,3,4,3,3,4,4,2,4,1,3,3,4,1,4,5","0.000495195388793945","louvain","graph_2024M05.graphml"
"0.18","0.68","0.14","0.16759320365544","1,2,3,4,5,3,4,4,2,4,1,5,3,4,1,4,6","0.000572919845581055","louvain","graph_2024M05.graphml"
"0.17","0.69","0.14","0.165501203585705","1,2,3,4,5,3,4,4,2,4,1,5,3,4,1,4,6","0.000471830368041992","louvain","graph_2024M05.graphml"
"0.16","0.7","0.14","0.160686055024456","1,2,1,3,4,4,3,3,2,3,1,4,4,3,1,3,5","0.000513076782226562","louvain","graph_2024M05.graphml"
"0.15","0.71","0.14","0.15968262226847","1,2,1,1,3,4,3,3,2,3,4,3,4,3,1,3,5","0.0004730224609375","louvain","graph_2024M05.graphml"
"0.14","0.72","0.14","0.159780134532352","1,2,1,1,3,4,3,3,2,3,4,3,4,3,1,3,5","0.000483036041259766","louvain","graph_2024M05.graphml"
"0.13","0.73","0.14","0.160569394295915","1,2,1,1,3,3,2,3,4,2,4,3,3,2,1,3,5","0.00049591064453125","louvain","graph_2024M05.graphml"
"0.12","0.74","0.14","0.16241370622323","1,2,1,1,3,4,2,3,5,2,5,3,4,2,1,3,6","0.000463008880615234","louvain","graph_2024M05.graphml"
"0.11","0.75","0.14","0.162776518014613","1,2,1,1,3,4,5,3,2,5,4,3,4,5,1,3,6","0.000471115112304688","louvain","graph_2024M05.graphml"
"0.1","0.76","0.14","0.163408290811281","1,2,1,1,3,4,5,3,2,5,4,3,4,5,1,3,6","0.000497102737426758","louvain","graph_2024M05.graphml"
"0.09","0.77","0.14","0.162151344469735","1,2,1,1,3,4,3,3,2,3,4,3,4,3,1,3,5","0.000515937805175781","louvain","graph_2024M05.graphml"
"0.08","0.78","0.14","0.163303993293705","1,2,1,3,4,3,4,4,2,4,1,4,3,4,1,4,5","0.000494956970214844","louvain","graph_2024M05.graphml"
"0.07","0.79","0.14","0.162125443786982","1,2,1,3,4,3,4,4,2,4,1,4,3,4,1,4,5","0.000503063201904297","louvain","graph_2024M05.graphml"
"0.06","0.8","0.14","0.164908490680732","1,2,1,3,4,3,4,4,2,4,1,4,3,4,1,4,5","0.000484943389892578","louvain","graph_2024M05.graphml"
"0.05","0.81","0.14","0.16577743902439","1,2,1,3,4,3,2,2,4,2,1,2,3,2,1,2,5","0.000487804412841797","louvain","graph_2024M05.graphml"
"0.04","0.82","0.14","0.166910009182736","1,2,1,3,4,3,4,4,2,4,1,4,3,4,1,4,5","0.000494003295898438","louvain","graph_2024M05.graphml"
"0.03","0.83","0.14","0.166204215003514","1,2,1,3,4,3,4,4,2,4,1,4,3,4,1,4,5","0.000609874725341797","louvain","graph_2024M05.graphml"
"0.02","0.84","0.14","0.166204215003514","1,2,1,3,4,3,4,4,2,4,1,4,3,4,1,4,5","0.000468015670776367","louvain","graph_2024M05.graphml"
"0.01","0.85","0.14","0.168368353114131","1,2,3,4,5,4,5,5,2,3,1,5,4,1,1,5,6","0.000513076782226562","louvain","graph_2024M05.graphml"
"0","0.86","0.14","0.165559452947846","1,2,2,3,4,5,4,4,3,2,1,4,5,1,1,4,6","0.000522851943969727","louvain","graph_2024M05.graphml"
"0.85","0","0.15","0.165896811399457","1,2,3,1,3,4,3,3,2,3,1,5,3,1,6,1,7","0.00042414665222168","louvain","graph_2024M05.graphml"
"0.84","0.01","0.15","0.163886176215278","1,2,3,1,4,5,3,3,2,4,1,3,3,1,6,3,7","0.000440120697021484","louvain","graph_2024M05.graphml"
"0.83","0.02","0.15","0.159217513536027","1,2,3,1,4,5,3,3,2,4,1,3,3,1,6,3,7","0.000429868698120117","louvain","graph_2024M05.graphml"
"0.82","0.03","0.15","0.158436588921283","1,2,1,1,3,4,3,3,2,3,1,3,3,1,5,3,6","0.000417947769165039","louvain","graph_2024M05.graphml"
"0.81","0.04","0.15","0.160085705540251","1,2,3,1,3,4,3,3,2,3,1,5,3,1,6,3,7","0.000480890274047852","louvain","graph_2024M05.graphml"
"0.8","0.05","0.15","0.159524538312417","1,2,3,1,4,5,3,3,2,4,1,3,3,1,6,3,7","0.000439882278442383","louvain","graph_2024M05.graphml"
"0.79","0.06","0.15","0.1637","1,2,3,1,4,5,3,3,2,4,1,3,3,1,6,3,7","0.000452041625976562","louvain","graph_2024M05.graphml"
"0.78","0.07","0.15","0.16405","1,2,3,1,3,4,3,3,2,3,1,5,3,1,6,3,7","0.00046992301940918","louvain","graph_2024M05.graphml"
"0.77","0.08","0.15","0.1637","1,2,3,1,4,5,3,3,2,4,1,3,3,1,6,3,7","0.000510931015014648","louvain","graph_2024M05.graphml"
"0.76","0.09","0.15","0.162458850028465","1,2,1,1,3,4,3,3,2,3,1,5,3,1,6,3,7","0.000455141067504883","louvain","graph_2024M05.graphml"
"0.75","0.1","0.15","0.16558001189768","1,2,3,1,2,4,3,3,2,2,1,3,3,2,5,3,6","0.000468969345092773","louvain","graph_2024M05.graphml"
"0.74","0.11","0.15","0.170820789283297","1,2,3,1,4,1,3,3,2,4,1,3,3,4,5,3,6","0.000431060791015625","louvain","graph_2024M05.graphml"
"0.73","0.12","0.15","0.170291431056981","1,2,3,1,2,1,3,3,2,2,1,4,3,2,5,3,6","0.000484943389892578","louvain","graph_2024M05.graphml"
"0.72","0.13","0.15","0.166539385907774","1,2,3,1,4,1,3,3,2,4,1,3,3,4,5,3,6","0.000442028045654297","louvain","graph_2024M05.graphml"
"0.71","0.14","0.15","0.171173607355327","1,2,3,1,1,1,3,3,2,2,1,3,3,2,4,3,5","0.000468969345092773","louvain","graph_2024M05.graphml"
"0.7","0.15","0.15","0.169645919067215","1,2,3,1,1,1,3,3,2,4,1,3,3,4,5,3,6","0.000447988510131836","louvain","graph_2024M05.graphml"
"0.69","0.16","0.15","0.167315461661476","1,2,3,1,2,1,3,3,2,3,1,3,3,1,4,3,5","0.000452041625976562","louvain","graph_2024M05.graphml"
"0.68","0.17","0.15","0.167820469657436","1,2,1,1,2,1,3,3,2,3,1,3,3,1,4,3,5","0.000451803207397461","louvain","graph_2024M05.graphml"
"0.67","0.18","0.15","0.170471841704718","1,2,3,1,2,1,3,3,2,4,1,3,3,4,5,3,6","0.000431060791015625","louvain","graph_2024M05.graphml"
"0.66","0.19","0.15","0.170619834710744","1,2,2,1,2,1,3,3,2,4,1,3,3,4,5,3,6","0.000428199768066406","louvain","graph_2024M05.graphml"
"0.65","0.2","0.15","0.168141325986849","1,2,2,1,2,1,3,3,2,4,1,3,3,4,5,3,6","0.000446081161499023","louvain","graph_2024M05.graphml"
"0.64","0.21","0.15","0.165387426900585","1,2,2,1,2,1,3,3,2,3,1,3,3,1,4,3,5","0.000425100326538086","louvain","graph_2024M05.graphml"
"0.63","0.22","0.15","0.170286607806869","1,2,2,1,2,1,3,3,2,4,1,3,3,4,5,3,6","0.00043797492980957","louvain","graph_2024M05.graphml"
"0.62","0.23","0.15","0.16414927517545","1,2,3,1,3,1,2,2,3,2,2,4,2,1,5,2,6","0.000627994537353516","louvain","graph_2024M05.graphml"
"0.61","0.24","0.15","0.162178341837205","1,2,3,1,3,1,4,2,3,4,2,2,2,1,5,4,6","0.000436067581176758","louvain","graph_2024M05.graphml"
"0.6","0.25","0.15","0.166127912922785","1,2,3,1,3,1,2,2,3,2,2,4,2,1,5,2,6","0.000432968139648438","louvain","graph_2024M05.graphml"
"0.59","0.26","0.15","0.163034770068899","1,2,3,1,3,1,4,2,3,4,2,2,2,1,5,4,6","0.000429153442382812","louvain","graph_2024M05.graphml"
"0.58","0.27","0.15","0.164704116940894","1,2,3,1,3,1,4,2,3,4,2,2,2,1,1,4,5","0.000481128692626953","louvain","graph_2024M05.graphml"
"0.57","0.28","0.15","0.166768789061816","1,2,2,1,3,1,3,3,2,3,3,4,3,1,1,3,5","0.000468969345092773","louvain","graph_2024M05.graphml"
"0.56","0.29","0.15","0.169140625","1,2,3,1,3,1,2,2,3,2,2,4,2,1,1,2,5","0.000532865524291992","louvain","graph_2024M05.graphml"
"0.55","0.3","0.15","0.166228765946196","1,2,3,1,3,1,2,2,3,2,2,4,2,1,1,2,5","0.000473976135253906","louvain","graph_2024M05.graphml"
"0.54","0.31","0.15","0.170826287721124","1,2,3,1,3,1,2,2,3,2,2,4,2,1,1,2,5","0.000435829162597656","louvain","graph_2024M05.graphml"
"0.53","0.32","0.15","0.172744","1,2,3,1,3,1,2,2,3,2,2,4,2,1,1,2,5","0.000450849533081055","louvain","graph_2024M05.graphml"
"0.52","0.33","0.15","0.168855505165029","1,2,3,1,3,1,2,2,3,2,2,4,2,1,1,2,5","0.000458002090454102","louvain","graph_2024M05.graphml"
"0.51","0.34","0.15","0.17066350044525","1,2,3,1,3,1,2,2,3,2,2,4,2,1,1,2,5","0.00053095817565918","louvain","graph_2024M05.graphml"
"0.5","0.35","0.15","0.170539091078182","1,2,3,1,2,1,2,2,3,2,2,4,2,1,1,2,5","0.000446081161499023","louvain","graph_2024M05.graphml"
"0.49","0.36","0.15","0.168367424185075","1,2,3,1,2,1,2,2,3,2,2,4,2,1,1,2,5","0.000448226928710938","louvain","graph_2024M05.graphml"
"0.48","0.37","0.15","0.169025298960399","1,2,2,1,3,1,3,3,2,3,3,4,3,1,1,3,5","0.000454187393188477","louvain","graph_2024M05.graphml"
"0.47","0.38","0.15","0.169720056957473","1,2,2,1,3,1,3,3,2,3,3,4,3,1,1,3,5","0.000485897064208984","louvain","graph_2024M05.graphml"
"0.46","0.39","0.15","0.170386341122312","1,2,2,1,3,3,3,3,2,4,3,5,3,1,1,3,6","0.000468015670776367","louvain","graph_2024M05.graphml"
"0.45","0.4","0.15","0.164677821288715","1,2,2,1,3,1,3,3,2,3,3,4,3,1,1,3,5","0.000480175018310547","louvain","graph_2024M05.graphml"
"0.44","0.41","0.15","0.168911052195991","1,2,2,1,3,1,3,3,2,3,3,4,3,1,1,3,5","0.000481843948364258","louvain","graph_2024M05.graphml"
"0.43","0.42","0.15","0.165813374000899","1,2,2,1,3,4,4,4,2,5,4,3,4,1,1,4,6","0.000463962554931641","louvain","graph_2024M05.graphml"
"0.42","0.43","0.15","0.166603589965398","1,2,2,1,3,4,4,4,2,3,4,3,4,1,1,4,5","0.000477075576782227","louvain","graph_2024M05.graphml"
"0.41","0.44","0.15","0.165834775724886","1,2,2,2,3,4,4,4,2,3,4,3,4,1,1,4,5","0.000468969345092773","louvain","graph_2024M05.graphml"
"0.4","0.45","0.15","0.161304085276202","1,2,2,2,3,4,4,4,2,3,4,3,4,1,1,4,5","0.00045013427734375","louvain","graph_2024M05.graphml"
"0.39","0.46","0.15","0.163287984481186","1,2,2,2,3,4,4,4,2,3,4,3,4,1,1,4,5","0.000452041625976562","louvain","graph_2024M05.graphml"
"0.38","0.47","0.15","0.163287984481186","1,2,2,2,3,4,4,4,2,3,4,3,4,1,1,4,5","0.000494003295898438","louvain","graph_2024M05.graphml"
"0.37","0.48","0.15","0.163287984481186","1,2,2,2,3,4,4,4,2,3,4,3,4,1,1,4,5","0.000459909439086914","louvain","graph_2024M05.graphml"
"0.36","0.49","0.15","0.16296019553957","1,2,2,2,3,4,4,4,2,3,4,3,4,1,1,4,5","0.000459909439086914","louvain","graph_2024M05.graphml"
"0.35","0.5","0.15","0.163287093108916","1,2,2,2,3,4,4,4,2,3,4,3,4,1,1,4,5","0.000458002090454102","louvain","graph_2024M05.graphml"
"0.34","0.51","0.15","0.165767928593413","1,2,3,2,4,3,4,3,2,4,1,4,3,1,1,3,5","0.000535964965820312","louvain","graph_2024M05.graphml"
"0.33","0.52","0.15","0.164641302753191","1,2,3,4,5,3,5,4,2,4,1,5,3,1,1,4,6","0.000471830368041992","louvain","graph_2024M05.graphml"
"0.32","0.53","0.15","0.164972752700617","1,2,3,2,4,3,4,3,2,4,1,4,3,4,1,3,5","0.000493049621582031","louvain","graph_2024M05.graphml"
"0.31","0.54","0.15","0.165439952437574","1,2,2,2,3,4,3,4,2,3,1,3,4,3,1,4,5","0.000476837158203125","louvain","graph_2024M05.graphml"
"0.3","0.55","0.15","0.164163153481891","1,2,2,2,3,4,3,4,2,3,1,3,4,3,1,4,5","0.000473976135253906","louvain","graph_2024M05.graphml"
"0.29","0.56","0.15","0.163583734231034","1,2,3,4,5,3,4,4,2,4,1,5,3,4,1,4,6","0.000479936599731445","louvain","graph_2024M05.graphml"
"0.28","0.57","0.15","0.162516518241885","1,2,3,4,3,3,4,4,2,4,1,3,3,4,1,4,5","0.000609159469604492","louvain","graph_2024M05.graphml"
"0.27","0.58","0.15","0.163965485756026","1,2,3,4,3,3,4,4,2,4,1,3,3,4,1,4,5","0.000509977340698242","louvain","graph_2024M05.graphml"
"0.26","0.59","0.15","0.163985861455688","1,2,3,4,5,3,4,4,2,4,1,5,3,4,1,4,6","0.000488996505737305","louvain","graph_2024M05.graphml"
"0.25","0.6","0.15","0.163985861455688","1,2,3,4,5,3,4,4,2,4,1,5,3,4,1,4,6","0.000470876693725586","louvain","graph_2024M05.graphml"
"0.24","0.61","0.15","0.165356894515513","1,2,3,4,5,3,4,4,2,4,1,5,3,4,1,4,6","0.000504016876220703","louvain","graph_2024M05.graphml"
"0.23","0.62","0.15","0.159640951097624","1,2,1,3,4,4,3,4,2,3,1,4,4,3,1,4,5","0.000478029251098633","louvain","graph_2024M05.graphml"
"0.22","0.63","0.15","0.156935483870968","1,2,1,1,3,4,3,3,2,3,4,3,4,3,1,3,5","0.000496864318847656","louvain","graph_2024M05.graphml"
"0.21","0.64","0.15","0.158491951075775","1,2,1,1,3,4,3,3,2,3,4,3,4,3,1,3,5","0.000481128692626953","louvain","graph_2024M05.graphml"
"0.2","0.65","0.15","0.158491951075775","1,2,1,1,3,4,3,3,2,3,4,3,4,3,1,3,5","0.000504970550537109","louvain","graph_2024M05.graphml"
"0.19","0.66","0.15","0.158687952311446","1,2,1,1,3,4,3,3,2,3,4,3,4,3,1,3,5","0.000502824783325195","louvain","graph_2024M05.graphml"
"0.18","0.67","0.15","0.158687952311446","1,2,1,1,3,4,3,3,2,3,4,3,4,3,1,3,5","0.000498056411743164","louvain","graph_2024M05.graphml"
"0.17","0.68","0.15","0.157469971837714","1,2,1,1,3,4,3,3,2,3,4,3,4,3,1,3,5","0.000494003295898438","louvain","graph_2024M05.graphml"
"0.16","0.69","0.15","0.15689453125","1,2,1,1,3,4,5,3,2,5,4,3,4,5,1,3,6","0.00050806999206543","louvain","graph_2024M05.graphml"
"0.15","0.7","0.15","0.157849787948487","1,2,1,1,3,4,2,3,5,2,5,3,4,2,1,3,6","0.000476837158203125","louvain","graph_2024M05.graphml"
"0.14","0.71","0.15","0.15810211469221","1,2,1,1,3,4,5,3,2,5,4,3,4,5,1,3,6","0.000478029251098633","louvain","graph_2024M05.graphml"
"0.13","0.72","0.15","0.162986982248521","1,2,1,3,4,3,5,4,2,5,1,4,3,5,1,4,6","0.000545024871826172","louvain","graph_2024M05.graphml"
"0.12","0.73","0.15","0.163465881290225","1,2,1,3,4,3,4,4,2,4,1,4,3,4,1,4,5","0.000485897064208984","louvain","graph_2024M05.graphml"
"0.11","0.74","0.15","0.164786914681705","1,2,1,3,4,3,4,4,2,4,1,4,3,4,1,4,5","0.000504016876220703","louvain","graph_2024M05.graphml"
"0.1","0.75","0.15","0.164786914681705","1,2,1,3,4,3,4,4,2,4,1,4,3,4,1,4,5","0.000502109527587891","louvain","graph_2024M05.graphml"
"0.09","0.76","0.15","0.164081090124926","1,2,1,3,4,3,4,4,2,4,1,4,3,4,1,4,5","0.000522851943969727","louvain","graph_2024M05.graphml"
"0.08","0.77","0.15","0.163244846857309","1,2,1,3,2,4,2,2,4,2,1,2,3,1,1,2,5","0.000683069229125977","louvain","graph_2024M05.graphml"
"0.07","0.78","0.15","0.164314944727891","1,2,1,3,4,3,4,4,2,5,1,4,3,1,1,4,6","0.000490903854370117","louvain","graph_2024M05.graphml"
"0.06","0.79","0.15","0.16418367704212","1,2,3,4,5,4,5,5,2,3,1,5,4,1,1,5,6","0.000638008117675781","louvain","graph_2024M05.graphml"
"0.05","0.8","0.15","0.162868405252304","1,2,3,4,5,4,5,5,2,3,1,5,4,1,1,5,6","0.000496149063110352","louvain","graph_2024M05.graphml"
"0.04","0.81","0.15","0.160464736285378","1,2,3,4,5,4,5,5,2,3,1,5,4,1,1,5,6","0.0005340576171875","louvain","graph_2024M05.graphml"
"0.03","0.82","0.15","0.162262540562466","1,2,3,4,5,4,5,5,2,3,1,5,4,1,1,5,6","0.000524997711181641","louvain","graph_2024M05.graphml"
"0.02","0.83","0.15","0.164070573408948","1,2,3,4,5,4,5,5,2,3,1,5,4,1,1,5,6","0.000459909439086914","louvain","graph_2024M05.graphml"
"0.01","0.84","0.15","0.159932785044259","1,2,3,4,5,4,5,5,2,3,1,5,4,1,1,5,6","0.000488042831420898","louvain","graph_2024M05.graphml"
"0","0.85","0.15","0.159932785044259","1,2,3,4,5,4,5,5,2,3,1,5,4,1,1,5,6","0.000516891479492188","louvain","graph_2024M05.graphml"
"0.84","0","0.16","0.1637","1,2,3,1,4,5,3,3,2,4,1,3,3,1,6,3,7","0.00043487548828125","louvain","graph_2024M05.graphml"
"0.83","0.01","0.16","0.16166679042598","1,2,3,1,4,5,3,3,2,4,1,3,3,1,6,3,7","0.000427961349487305","louvain","graph_2024M05.graphml"
"0.82","0.02","0.16","0.16218657954011","1,2,3,1,3,4,3,3,2,3,1,5,3,1,6,3,7","0.000459909439086914","louvain","graph_2024M05.graphml"
"0.81","0.03","0.16","0.164942501649543","1,2,3,1,4,1,3,3,2,4,1,3,3,4,5,3,6","0.000430107116699219","louvain","graph_2024M05.graphml"
"0.8","0.04","0.16","0.165079698476044","1,2,3,1,2,1,3,3,2,2,1,3,3,2,4,3,5","0.000502109527587891","louvain","graph_2024M05.graphml"
"0.79","0.05","0.16","0.166353792266661","1,2,3,1,4,1,3,3,2,4,1,3,3,4,5,3,6","0.000429868698120117","louvain","graph_2024M05.graphml"
"0.78","0.06","0.16","0.167261786682537","1,2,3,1,1,1,3,3,2,4,1,3,3,4,5,3,6","0.000458002090454102","louvain","graph_2024M05.graphml"
"0.77","0.07","0.16","0.171173607355327","1,2,3,1,1,1,3,3,2,2,1,3,3,2,4,3,5","0.000510215759277344","louvain","graph_2024M05.graphml"
"0.76","0.08","0.16","0.171173607355327","1,2,3,1,1,1,3,3,2,2,1,3,3,2,4,3,5","0.000444889068603516","louvain","graph_2024M05.graphml"
"0.75","0.09","0.16","0.172512835619897","1,2,3,1,2,1,3,3,2,2,1,3,3,2,4,3,5","0.00047612190246582","louvain","graph_2024M05.graphml"
"0.74","0.1","0.16","0.170596943349805","1,2,3,1,2,1,3,3,2,4,1,3,3,4,5,3,6","0.000432968139648438","louvain","graph_2024M05.graphml"
"0.73","0.11","0.16","0.170563665772609","1,2,3,1,2,1,3,3,2,4,1,3,3,4,5,3,6","0.000432014465332031","louvain","graph_2024M05.graphml"
"0.72","0.12","0.16","0.163022222222222","1,2,2,1,2,1,3,3,2,3,1,3,3,1,4,3,5","0.00045013427734375","louvain","graph_2024M05.graphml"
"0.71","0.13","0.16","0.163022222222222","1,2,2,1,2,1,3,3,2,3,1,3,3,1,4,3,5","0.00043797492980957","louvain","graph_2024M05.graphml"
"0.7","0.14","0.16","0.157717013720429","1,2,2,1,2,1,3,3,2,3,1,3,3,1,4,3,5","0.00044703483581543","louvain","graph_2024M05.graphml"
"0.69","0.15","0.16","0.165439178426191","1,2,2,1,2,3,3,3,2,4,1,3,3,4,5,3,6","0.000450849533081055","louvain","graph_2024M05.graphml"
"0.68","0.16","0.16","0.165530770505996","1,2,2,1,2,3,3,3,2,4,1,3,3,4,5,3,6","0.000468015670776367","louvain","graph_2024M05.graphml"
"0.67","0.17","0.16","0.163956541421458","1,2,2,1,2,3,3,3,2,4,1,3,3,1,5,3,6","0.000717878341674805","louvain","graph_2024M05.graphml"
"0.66","0.18","0.16","0.163159393971764","1,2,3,1,3,1,2,2,3,2,2,4,2,1,5,2,6","0.000462055206298828","louvain","graph_2024M05.graphml"
"0.65","0.19","0.16","0.167022636158331","1,2,3,1,3,1,2,2,3,2,2,4,2,1,1,2,5","0.000461816787719727","louvain","graph_2024M05.graphml"
"0.64","0.2","0.16","0.163932291666667","1,2,2,1,2,3,3,3,2,3,3,3,3,1,1,3,4","0.000474929809570312","louvain","graph_2024M05.graphml"
"0.63","0.21","0.16","0.161643671880336","1,2,3,1,2,2,2,2,3,2,2,3,2,1,1,2,4","0.000452041625976562","louvain","graph_2024M05.graphml"
"0.62","0.22","0.16","0.159553929787126","1,2,3,1,2,2,2,2,3,2,2,4,2,1,1,2,5","0.000477075576782227","louvain","graph_2024M05.graphml"
"0.61","0.23","0.16","0.163522910507928","1,2,3,1,3,1,2,2,3,2,2,4,2,1,1,2,5","0.000448942184448242","louvain","graph_2024M05.graphml"
"0.6","0.24","0.16","0.163411329235244","1,2,3,1,3,1,2,2,3,2,2,4,2,1,1,2,5","0.000438213348388672","louvain","graph_2024M05.graphml"
"0.59","0.25","0.16","0.158263576393929","1,2,2,1,2,1,3,3,2,4,3,3,3,1,1,3,5","0.000449895858764648","louvain","graph_2024M05.graphml"
"0.58","0.26","0.16","0.164505325312297","1,2,3,1,3,1,2,2,3,2,2,4,2,1,1,2,5","0.000456094741821289","louvain","graph_2024M05.graphml"
"0.57","0.27","0.16","0.17066350044525","1,2,3,1,3,1,2,2,3,2,2,4,2,1,1,2,5","0.000581979751586914","louvain","graph_2024M05.graphml"
"0.56","0.28","0.16","0.168958087916176","1,2,3,1,3,1,2,2,3,2,2,4,2,1,1,2,5","0.000455141067504883","louvain","graph_2024M05.graphml"
"0.55","0.29","0.16","0.166574394463668","1,2,3,1,3,1,2,2,3,2,2,4,2,1,1,2,5","0.000553131103515625","louvain","graph_2024M05.graphml"
"0.54","0.3","0.16","0.164824599918243","1,2,3,1,2,1,2,2,3,2,2,4,2,1,1,2,5","0.000452995300292969","louvain","graph_2024M05.graphml"
"0.53","0.31","0.16","0.16450818716858","1,2,2,1,3,1,3,3,2,3,3,4,3,1,1,3,5","0.000463008880615234","louvain","graph_2024M05.graphml"
"0.52","0.32","0.16","0.165746215790311","1,2,2,1,3,1,3,3,2,3,3,4,3,1,1,3,5","0.000485897064208984","louvain","graph_2024M05.graphml"
"0.51","0.33","0.16","0.16345988292011","1,2,2,1,3,1,3,3,2,3,3,4,3,1,1,3,5","0.000505924224853516","louvain","graph_2024M05.graphml"
"0.5","0.34","0.16","0.160157948631626","1,2,2,1,3,1,3,3,2,3,3,4,3,1,1,3,5","0.000476837158203125","louvain","graph_2024M05.graphml"
"0.49","0.35","0.16","0.164501596163679","1,2,2,1,3,3,3,3,2,4,3,5,3,1,1,3,6","0.000488042831420898","louvain","graph_2024M05.graphml"
"0.48","0.36","0.16","0.163594224519154","1,2,2,1,3,4,4,4,2,3,4,3,4,1,1,4,5","0.000485897064208984","louvain","graph_2024M05.graphml"
"0.47","0.37","0.16","0.161304085276202","1,2,2,2,3,4,4,4,2,3,4,3,4,1,1,4,5","0.000494956970214844","louvain","graph_2024M05.graphml"
"0.46","0.38","0.16","0.161669944619844","1,2,2,2,3,4,4,4,2,3,4,3,4,1,1,4,5","0.000480175018310547","louvain","graph_2024M05.graphml"
"0.45","0.39","0.16","0.163287984481186","1,2,2,2,3,4,4,4,2,3,4,3,4,1,1,4,5","0.000474929809570312","louvain","graph_2024M05.graphml"
"0.44","0.4","0.16","0.161332908163265","1,2,2,2,3,4,4,4,2,3,4,3,4,1,1,4,5","0.000454187393188477","louvain","graph_2024M05.graphml"
"0.43","0.41","0.16","0.161332908163265","1,2,2,2,3,4,4,4,2,3,4,3,4,1,1,4,5","0.00056004524230957","louvain","graph_2024M05.graphml"
"0.42","0.42","0.16","0.162922202099771","1,2,2,2,3,4,4,4,2,3,4,3,4,1,1,4,5","0.000438928604125977","louvain","graph_2024M05.graphml"
"0.41","0.43","0.16","0.162922202099771","1,2,2,2,3,4,4,4,2,3,4,3,4,1,1,4,5","0.000468969345092773","louvain","graph_2024M05.graphml"
"0.4","0.44","0.16","0.161668175645088","1,2,2,2,3,4,4,4,2,3,4,3,4,1,1,4,5","0.000571012496948242","louvain","graph_2024M05.graphml"
"0.39","0.45","0.16","0.165767928593413","1,2,3,2,4,3,4,3,2,4,1,4,3,1,1,3,5","0.000536203384399414","louvain","graph_2024M05.graphml"
"0.38","0.46","0.16","0.164442274305556","1,2,3,2,4,3,5,5,2,5,5,4,3,1,1,5,6","0.000483989715576172","louvain","graph_2024M05.graphml"
"0.37","0.47","0.16","0.161474435196195","1,2,3,4,5,3,5,4,2,4,1,5,3,1,1,4,6","0.000467061996459961","louvain","graph_2024M05.graphml"
"0.36","0.48","0.16","0.16410791040082","1,2,3,2,3,3,4,4,2,4,1,3,3,4,1,4,5","0.000497102737426758","louvain","graph_2024M05.graphml"
"0.35","0.49","0.16","0.16410791040082","1,2,3,2,3,3,4,4,2,4,1,3,3,4,1,4,5","0.00053095817565918","louvain","graph_2024M05.graphml"
"0.34","0.5","0.16","0.163731510226443","1,2,3,4,3,3,4,4,2,4,1,3,3,4,1,4,5","0.000463962554931641","louvain","graph_2024M05.graphml"
"0.33","0.51","0.16","0.161451060763029","1,2,3,4,3,3,4,4,2,4,1,3,3,4,1,4,5","0.000487089157104492","louvain","graph_2024M05.graphml"
"0.32","0.52","0.16","0.161451060763029","1,2,3,4,3,3,4,4,2,4,1,3,3,4,1,4,5","0.000472068786621094","louvain","graph_2024M05.graphml"
"0.31","0.53","0.16","0.16027784924106","1,2,3,4,5,3,4,4,2,4,1,5,3,4,1,4,6","0.000480890274047852","louvain","graph_2024M05.graphml"
"0.3","0.54","0.16","0.155779302285319","1,2,1,3,4,4,3,4,2,3,1,4,4,3,1,4,5","0.000451803207397461","louvain","graph_2024M05.graphml"
"0.29","0.55","0.16","0.15328786473267","1,2,1,1,3,4,4,4,2,4,4,3,4,4,1,4,5","0.000477075576782227","louvain","graph_2024M05.graphml"
"0.28","0.56","0.16","0.156935483870968","1,2,1,1,3,4,3,3,2,3,4,3,4,3,1,3,5","0.000494003295898438","louvain","graph_2024M05.graphml"
"0.27","0.57","0.16","0.158491951075775","1,2,1,1,3,4,3,3,2,3,4,3,4,3,1,3,5","0.000487089157104492","louvain","graph_2024M05.graphml"
"0.26","0.58","0.16","0.159881451347797","1,2,1,1,3,4,3,3,2,3,4,3,4,3,1,3,5","0.000478029251098633","louvain","graph_2024M05.graphml"
"0.25","0.59","0.16","0.156094734189972","1,2,1,1,3,4,3,3,2,3,4,3,4,3,1,3,5","0.000503063201904297","louvain","graph_2024M05.graphml"
"0.24","0.6","0.16","0.153773049786544","1,2,1,3,4,3,4,4,2,4,1,4,3,4,1,4,5","0.000504016876220703","louvain","graph_2024M05.graphml"
"0.23","0.61","0.16","0.153773049786544","1,2,1,1,3,4,3,3,2,3,4,3,4,3,1,3,5","0.000735998153686523","louvain","graph_2024M05.graphml"
"0.22","0.62","0.16","0.154283075048398","1,2,1,1,3,4,5,5,2,5,4,3,4,5,1,5,6","0.000504970550537109","louvain","graph_2024M05.graphml"
"0.21","0.63","0.16","0.1558203125","1,2,1,3,4,3,5,4,2,5,1,4,3,5,1,4,6","0.000452041625976562","louvain","graph_2024M05.graphml"
"0.2","0.64","0.16","0.1558203125","1,2,1,1,3,4,5,3,2,5,4,3,4,5,1,3,6","0.000560998916625977","louvain","graph_2024M05.graphml"
"0.19","0.65","0.16","0.158474633131727","1,2,1,3,4,3,5,4,2,5,1,4,3,5,1,4,6","0.00048518180847168","louvain","graph_2024M05.graphml"
"0.18","0.66","0.16","0.161860355029586","1,2,1,3,4,3,5,4,2,5,1,4,3,5,1,4,6","0.000484228134155273","louvain","graph_2024M05.graphml"
"0.17","0.67","0.16","0.164152772027551","1,2,1,3,4,3,5,4,2,5,1,4,3,5,1,4,6","0.000517845153808594","louvain","graph_2024M05.graphml"
"0.16","0.68","0.16","0.164152772027551","1,2,1,3,4,3,5,4,2,5,1,4,3,5,1,4,6","0.000814914703369141","louvain","graph_2024M05.graphml"
"0.15","0.69","0.16","0.162872663778051","1,2,1,3,4,3,4,4,2,4,1,4,3,4,1,4,5","0.000477075576782227","louvain","graph_2024M05.graphml"
"0.14","0.7","0.16","0.160967273579886","1,2,1,3,3,2,3,3,2,4,1,3,3,1,1,3,5","0.000473976135253906","louvain","graph_2024M05.graphml"
"0.13","0.71","0.16","0.160173758075295","1,2,1,3,2,4,2,2,4,2,1,2,3,1,1,2,5","0.000519990921020508","louvain","graph_2024M05.graphml"
"0.12","0.72","0.16","0.160173758075295","1,2,1,3,2,4,2,2,4,2,1,2,3,1,1,2,5","0.00053095817565918","louvain","graph_2024M05.graphml"
"0.11","0.73","0.16","0.161072664359862","1,2,3,4,5,4,5,5,2,3,1,5,4,1,1,5,6","0.00053715705871582","louvain","graph_2024M05.graphml"
"0.1","0.74","0.16","0.159769638994051","1,2,3,4,5,5,4,3,2,4,1,3,5,1,1,3,6","0.000599861145019531","louvain","graph_2024M05.graphml"
"0.09","0.75","0.16","0.160684730098719","1,2,3,4,5,4,5,5,2,3,1,5,4,1,1,5,6","0.000560998916625977","louvain","graph_2024M05.graphml"
"0.08","0.76","0.16","0.161109459637997","1,2,3,1,4,5,4,4,2,3,5,4,5,1,1,4,6","0.000467061996459961","louvain","graph_2024M05.graphml"
"0.07","0.77","0.16","0.158771428571429","1,2,3,1,4,5,4,4,2,3,5,4,5,1,1,4,6","0.000510215759277344","louvain","graph_2024M05.graphml"
"0.06","0.78","0.16","0.158630875516529","1,2,3,1,4,5,4,4,2,3,5,4,5,1,1,4,6","0.000495195388793945","louvain","graph_2024M05.graphml"
"0.05","0.79","0.16","0.158507293561876","1,2,2,1,3,4,5,5,3,2,4,5,4,1,1,5,6","0.000490903854370117","louvain","graph_2024M05.graphml"
"0.04","0.8","0.16","0.157996429279905","1,2,3,1,4,5,2,3,4,2,5,3,5,1,4,3,6","0.000489950180053711","louvain","graph_2024M05.graphml"
"0.03","0.81","0.16","0.157638713546269","1,2,2,1,3,4,5,5,3,2,4,5,4,1,3,5,6","0.000483036041259766","louvain","graph_2024M05.graphml"
"0.02","0.82","0.16","0.156956018518518","1,2,3,4,2,5,4,3,2,4,5,3,5,1,2,3,6","0.000504970550537109","louvain","graph_2024M05.graphml"
"0.01","0.83","0.16","0.158128858024691","1,2,3,1,2,4,5,5,2,3,4,5,4,1,2,5,6","0.000484943389892578","louvain","graph_2024M05.graphml"
"0","0.84","0.16","0.159644852110741","1,2,3,1,2,4,3,3,2,3,4,3,4,1,2,3,5","0.000488996505737305","louvain","graph_2024M05.graphml"
"0.83","0","0.17","0.166914140973011","1,2,3,1,1,3,3,3,2,2,1,3,3,2,4,2,5","0.000457048416137695","louvain","graph_2024M05.graphml"
"0.82","0.01","0.17","0.166673877771769","1,2,3,1,1,3,3,3,2,2,1,3,3,2,4,3,5","0.000485897064208984","louvain","graph_2024M05.graphml"
"0.81","0.02","0.17","0.167984825102881","1,2,3,1,2,3,3,3,2,2,1,3,3,2,4,3,5","0.00043797492980957","louvain","graph_2024M05.graphml"
"0.8","0.03","0.17","0.167792792792793","1,2,3,1,2,3,3,3,2,2,1,3,3,2,4,3,5","0.000451087951660156","louvain","graph_2024M05.graphml"
"0.79","0.04","0.17","0.162597530864198","1,2,2,1,2,3,3,3,2,4,1,3,3,4,5,3,6","0.000487804412841797","louvain","graph_2024M05.graphml"
"0.78","0.05","0.17","0.158735857478313","1,2,2,1,2,3,3,3,2,4,1,3,3,4,5,3,6","0.000452995300292969","louvain","graph_2024M05.graphml"
"0.77","0.06","0.17","0.156240381655894","1,2,2,1,2,3,3,3,2,4,1,3,3,4,5,3,6","0.000445842742919922","louvain","graph_2024M05.graphml"
"0.76","0.07","0.17","0.158082416429893","1,2,2,1,2,3,3,3,2,4,1,3,3,4,5,3,6","0.000586986541748047","louvain","graph_2024M05.graphml"
"0.75","0.08","0.17","0.162230623818525","1,2,2,1,2,3,3,3,2,4,1,3,3,4,5,3,6","0.000448942184448242","louvain","graph_2024M05.graphml"
"0.74","0.09","0.17","0.163653760404281","1,2,2,1,2,3,3,3,2,4,1,3,3,4,5,3,6","0.000439882278442383","louvain","graph_2024M05.graphml"
"0.73","0.1","0.17","0.163790086389508","1,2,2,1,2,3,3,3,2,4,1,3,3,1,5,3,6","0.000470161437988281","louvain","graph_2024M05.graphml"
"0.72","0.11","0.17","0.16566967544375","1,2,2,1,2,1,3,3,2,3,1,3,3,1,1,3,4","0.000444173812866211","louvain","graph_2024M05.graphml"
"0.71","0.12","0.17","0.168309378337214","1,2,3,1,3,1,2,2,3,2,1,4,2,1,1,2,5","0.00045013427734375","louvain","graph_2024M05.graphml"
"0.7","0.13","0.17","0.163385356191517","1,2,3,1,3,1,2,2,3,2,2,4,2,1,1,2,5","0.000514984130859375","louvain","graph_2024M05.graphml"
"0.69","0.14","0.17","0.158996994740796","1,2,2,1,2,3,3,3,2,4,4,3,3,1,1,3,5","0.000422000885009766","louvain","graph_2024M05.graphml"
"0.68","0.15","0.17","0.163758062348831","1,2,3,1,3,1,2,2,3,2,2,4,2,1,1,2,5","0.000510931015014648","louvain","graph_2024M05.graphml"
"0.67","0.16","0.17","0.162032486463973","1,2,3,1,3,1,2,2,3,2,2,4,2,1,1,2,5","0.000479936599731445","louvain","graph_2024M05.graphml"
"0.66","0.17","0.17","0.157342773844232","1,2,3,1,3,2,2,2,3,2,2,2,2,1,1,2,4","0.000548124313354492","louvain","graph_2024M05.graphml"
"0.65","0.18","0.17","0.156952252946287","1,2,2,1,2,3,3,3,2,4,1,3,3,1,1,3,5","0.000462055206298828","louvain","graph_2024M05.graphml"
"0.64","0.19","0.17","0.159703814225171","1,2,3,1,3,2,2,2,3,2,1,2,2,1,1,2,4","0.000465869903564453","louvain","graph_2024M05.graphml"
"0.63","0.2","0.17","0.161651234567901","1,2,3,1,3,2,2,2,3,4,1,2,2,1,1,2,5","0.000447988510131836","louvain","graph_2024M05.graphml"
"0.62","0.21","0.17","0.157790315580631","1,2,3,1,3,2,2,2,3,4,1,2,2,1,1,2,5","0.000504970550537109","louvain","graph_2024M05.graphml"
"0.61","0.22","0.17","0.157173156738281","1,2,3,1,3,2,2,2,3,4,1,2,2,1,1,2,5","0.000452995300292969","louvain","graph_2024M05.graphml"
"0.6","0.23","0.17","0.163971893491124","1,2,3,1,3,1,2,2,3,2,2,4,2,1,1,2,5","0.000448942184448242","louvain","graph_2024M05.graphml"
"0.59","0.24","0.17","0.163971893491124","1,2,3,1,3,1,2,2,3,2,2,4,2,1,1,2,5","0.000475168228149414","louvain","graph_2024M05.graphml"
"0.58","0.25","0.17","0.162218623950035","1,2,2,1,3,1,3,3,2,3,3,4,3,1,1,3,5","0.00109601020812988","louvain","graph_2024M05.graphml"
"0.57","0.26","0.17","0.16064079743681","1,2,2,1,3,3,3,3,2,4,3,5,3,1,1,3,6","0.000444173812866211","louvain","graph_2024M05.graphml"
"0.56","0.27","0.17","0.160273724660281","1,2,2,1,3,1,3,3,2,3,3,4,3,1,1,3,5","0.000499963760375977","louvain","graph_2024M05.graphml"
"0.55","0.28","0.17","0.156481481481481","1,2,2,1,3,1,3,3,2,3,3,4,3,1,1,3,5","0.000472068786621094","louvain","graph_2024M05.graphml"
"0.54","0.29","0.17","0.157290765570934","1,2,2,1,3,1,3,3,2,3,3,4,3,1,1,3,5","0.000468969345092773","louvain","graph_2024M05.graphml"
"0.53","0.3","0.17","0.158324144087377","1,2,2,2,3,4,4,4,2,3,4,3,4,1,1,4,5","0.000465154647827148","louvain","graph_2024M05.graphml"
"0.52","0.31","0.17","0.159946043868681","1,2,2,2,3,4,4,4,2,3,4,3,4,1,1,4,5","0.000476837158203125","louvain","graph_2024M05.graphml"
"0.51","0.32","0.17","0.159678061689855","1,2,2,2,3,4,4,4,2,3,4,3,4,1,1,4,5","0.000491857528686523","louvain","graph_2024M05.graphml"
"0.5","0.33","0.17","0.159678061689855","1,2,2,2,3,4,4,4,2,3,4,3,4,1,1,4,5","0.00046086311340332","louvain","graph_2024M05.graphml"
"0.49","0.34","0.17","0.159678061689855","1,2,2,2,3,4,4,4,2,3,4,3,4,1,1,4,5","0.000480890274047852","louvain","graph_2024M05.graphml"
"0.48","0.35","0.17","0.162922202099771","1,2,2,2,3,4,4,4,2,3,4,3,4,1,1,4,5","0.00046992301940918","louvain","graph_2024M05.graphml"
"0.47","0.36","0.17","0.162922202099771","1,2,2,2,3,4,4,4,2,3,4,3,4,1,1,4,5","0.000471115112304688","louvain","graph_2024M05.graphml"
"0.46","0.37","0.17","0.161636738594638","1,2,2,2,3,4,4,4,2,3,4,3,4,1,1,4,5","0.000442028045654297","louvain","graph_2024M05.graphml"
"0.45","0.38","0.17","0.160165565808039","1,2,2,2,3,4,4,4,2,3,4,3,4,1,1,4,5","0.000465154647827148","louvain","graph_2024M05.graphml"
"0.44","0.39","0.17","0.161802377107893","1,2,2,2,3,4,4,4,2,3,4,3,4,1,1,4,5","0.000468015670776367","louvain","graph_2024M05.graphml"
"0.43","0.4","0.17","0.162767447707762","1,2,2,3,4,4,4,3,2,3,1,4,4,1,1,3,5","0.000468015670776367","louvain","graph_2024M05.graphml"
"0.42","0.41","0.17","0.160008913492212","1,2,2,2,3,4,4,4,2,3,4,3,4,1,1,4,5","0.000472784042358398","louvain","graph_2024M05.graphml"
"0.41","0.42","0.17","0.160805600531165","1,2,2,2,3,3,4,4,2,4,1,3,3,4,1,4,5","0.000475168228149414","louvain","graph_2024M05.graphml"
"0.4","0.43","0.17","0.162926862673484","1,2,3,2,3,3,4,4,2,4,1,3,3,4,1,4,5","0.000468015670776367","louvain","graph_2024M05.graphml"
"0.39","0.44","0.17","0.161451060763029","1,2,3,4,3,3,4,4,2,4,1,3,3,4,1,4,5","0.000488042831420898","louvain","graph_2024M05.graphml"
"0.38","0.45","0.17","0.16027784924106","1,2,3,4,5,3,4,4,2,4,1,5,3,4,1,4,6","0.00047612190246582","louvain","graph_2024M05.graphml"
"0.37","0.46","0.17","0.157191570545152","1,2,1,3,4,4,3,3,2,3,1,4,4,3,1,3,5","0.000509977340698242","louvain","graph_2024M05.graphml"
"0.36","0.47","0.17","0.15305732686819","1,2,1,1,3,4,3,3,2,3,4,3,4,3,1,3,5","0.000461101531982422","louvain","graph_2024M05.graphml"
"0.35","0.48","0.17","0.15305732686819","1,2,1,1,3,4,3,3,2,3,4,3,4,3,1,3,5","0.000490903854370117","louvain","graph_2024M05.graphml"
"0.34","0.49","0.17","0.150621589635634","1,2,1,1,3,4,3,3,2,3,4,3,4,3,1,3,5","0.000484943389892578","louvain","graph_2024M05.graphml"
"0.33","0.5","0.17","0.151880150122517","1,2,1,1,3,4,3,3,2,3,4,3,4,3,1,3,5","0.000488996505737305","louvain","graph_2024M05.graphml"
"0.32","0.51","0.17","0.156094734189972","1,2,1,1,3,4,3,3,2,3,4,3,4,3,1,3,5","0.000503063201904297","louvain","graph_2024M05.graphml"
"0.31","0.52","0.17","0.156094734189972","1,2,1,3,4,3,4,4,2,4,1,4,3,4,1,4,5","0.000474929809570312","louvain","graph_2024M05.graphml"
"0.3","0.53","0.17","0.154933103669284","1,2,1,3,4,3,4,4,2,4,1,4,3,4,1,4,5","0.000467061996459961","louvain","graph_2024M05.graphml"
"0.29","0.54","0.17","0.153773049786544","1,2,1,1,3,4,3,3,2,3,4,3,4,3,1,3,5","0.000499963760375977","louvain","graph_2024M05.graphml"
"0.28","0.55","0.17","0.155141212768482","1,2,1,1,3,4,3,3,2,3,4,3,4,3,1,3,5","0.00050806999206543","louvain","graph_2024M05.graphml"
"0.27","0.56","0.17","0.154283075048398","1,2,1,3,4,3,5,5,2,5,1,4,3,5,1,5,6","0.000503063201904297","louvain","graph_2024M05.graphml"
"0.26","0.57","0.17","0.155074193767529","1,2,1,3,4,3,5,5,2,5,1,4,3,5,1,5,6","0.000576019287109375","louvain","graph_2024M05.graphml"
"0.25","0.58","0.17","0.156200570965626","1,2,1,3,4,3,5,4,2,5,1,4,3,5,1,4,6","0.000493049621582031","louvain","graph_2024M05.graphml"
"0.24","0.59","0.17","0.157381935990952","1,2,1,3,4,3,5,4,2,5,1,4,3,5,1,4,6","0.000498056411743164","louvain","graph_2024M05.graphml"
"0.23","0.6","0.17","0.158239053254438","1,2,1,3,4,3,5,4,2,5,1,4,3,5,1,4,6","0.000442981719970703","louvain","graph_2024M05.graphml"
"0.22","0.61","0.17","0.160418835514575","1,2,1,3,4,2,3,4,2,3,1,4,4,3,1,4,5","0.000465869903564453","louvain","graph_2024M05.graphml"
"0.21","0.62","0.17","0.157916594408594","1,2,1,3,4,3,2,4,3,2,1,4,4,1,1,4,5","0.000496864318847656","louvain","graph_2024M05.graphml"
"0.2","0.63","0.17","0.160687712585034","1,2,1,1,3,4,2,3,4,2,5,3,5,1,1,3,6","0.000555992126464844","louvain","graph_2024M05.graphml"
"0.19","0.64","0.17","0.159370074580211","1,2,1,1,3,4,2,3,4,2,5,3,5,1,1,3,6","0.000463008880615234","louvain","graph_2024M05.graphml"
"0.18","0.65","0.17","0.157621107266436","1,2,1,1,2,3,2,2,3,2,4,2,4,1,1,2,5","0.000509023666381836","louvain","graph_2024M05.graphml"
"0.17","0.66","0.17","0.155436851211073","1,2,1,3,3,4,3,3,2,3,4,3,4,1,1,3,5","0.000540971755981445","louvain","graph_2024M05.graphml"
"0.16","0.67","0.17","0.156233098972418","1,2,3,1,4,5,4,4,2,3,5,4,5,1,1,4,6","0.000473976135253906","louvain","graph_2024M05.graphml"
"0.15","0.68","0.17","0.15414397407197","1,2,3,1,4,5,4,4,2,3,5,4,5,1,1,4,6","0.000486135482788086","louvain","graph_2024M05.graphml"
"0.14","0.69","0.17","0.151489628748844","1,2,3,1,4,5,4,4,2,3,5,4,5,1,1,4,6","0.000478982925415039","louvain","graph_2024M05.graphml"
"0.13","0.7","0.17","0.157523072052987","1,2,3,1,4,5,4,4,2,3,5,4,5,1,1,4,6","0.000537872314453125","louvain","graph_2024M05.graphml"
"0.12","0.71","0.17","0.156971176864886","1,2,3,1,4,5,4,4,2,3,5,4,5,1,1,4,6","0.000512838363647461","louvain","graph_2024M05.graphml"
"0.11","0.72","0.17","0.157556040468161","1,2,3,1,4,5,2,3,4,2,5,3,5,1,1,3,6","0.000475883483886719","louvain","graph_2024M05.graphml"
"0.1","0.73","0.17","0.157638713546269","1,2,2,1,3,4,5,5,3,2,4,5,4,1,3,5,6","0.000468969345092773","louvain","graph_2024M05.graphml"
"0.09","0.74","0.17","0.155632626946725","1,2,2,1,3,4,5,5,3,2,4,5,4,1,3,5,6","0.000540971755981445","louvain","graph_2024M05.graphml"
"0.08","0.75","0.17","0.156153549382716","1,2,2,1,3,4,5,5,3,2,4,5,4,1,3,5,6","0.000511884689331055","louvain","graph_2024M05.graphml"
"0.07","0.76","0.17","0.157653025989672","1,2,3,1,4,2,5,5,2,3,4,5,4,1,2,5,6","0.000571012496948242","louvain","graph_2024M05.graphml"
"0.06","0.77","0.17","0.157653025989672","1,2,3,1,4,2,5,5,2,3,4,5,4,1,2,5,6","0.000479221343994141","louvain","graph_2024M05.graphml"
"0.05","0.78","0.17","0.155631113392102","1,2,3,3,4,2,3,3,2,3,4,5,4,1,2,5,6","0.0004730224609375","louvain","graph_2024M05.graphml"
"0.04","0.79","0.17","0.155390576010033","1,2,3,1,4,2,3,3,2,3,4,5,4,3,2,5,6","0.000522136688232422","louvain","graph_2024M05.graphml"
"0.03","0.8","0.17","0.161107071775325","1,2,3,3,4,2,3,3,2,3,4,5,4,1,2,5,6","0.000478982925415039","louvain","graph_2024M05.graphml"
"0.02","0.81","0.17","0.160240450642989","1,2,3,1,4,2,3,3,2,3,4,3,4,1,2,3,5","0.000500202178955078","louvain","graph_2024M05.graphml"
"0.01","0.82","0.17","0.160240450642989","1,2,3,1,4,2,3,3,2,3,4,3,4,1,2,3,5","0.000512123107910156","louvain","graph_2024M05.graphml"
"0","0.83","0.17","0.160524338073766","1,2,3,3,4,2,3,3,2,3,4,5,4,1,2,5,6","0.000478029251098633","louvain","graph_2024M05.graphml"
"0.82","0","0.18","0.158082416429893","1,2,2,1,2,3,3,3,2,4,1,3,3,4,5,3,6","0.000428915023803711","louvain","graph_2024M05.graphml"
"0.81","0.01","0.18","0.162230623818525","1,2,2,1,2,3,3,3,2,4,1,3,3,4,5,3,6","0.000509023666381836","louvain","graph_2024M05.graphml"
"0.8","0.02","0.18","0.163653298268683","1,2,2,1,2,1,3,3,2,3,1,4,3,1,1,3,5","0.000441074371337891","louvain","graph_2024M05.graphml"
"0.79","0.03","0.18","0.165173441539787","1,2,2,1,2,1,3,3,2,3,1,4,3,1,1,3,5","0.000447988510131836","louvain","graph_2024M05.graphml"
"0.78","0.04","0.18","0.164403996892875","1,2,2,1,2,1,3,3,2,3,1,4,3,1,1,3,5","0.000438928604125977","louvain","graph_2024M05.graphml"
"0.77","0.05","0.18","0.162352430555556","1,2,2,1,2,3,3,3,2,4,1,3,3,1,1,3,5","0.0004730224609375","louvain","graph_2024M05.graphml"
"0.76","0.06","0.18","0.161677822553104","1,2,3,1,3,1,2,2,3,2,1,4,2,1,1,2,5","0.00043797492980957","louvain","graph_2024M05.graphml"
"0.75","0.07","0.18","0.15892869339526","1,2,2,1,2,3,3,3,2,4,1,3,3,1,1,3,5","0.000435113906860352","louvain","graph_2024M05.graphml"
"0.74","0.08","0.18","0.163758062348831","1,2,3,1,3,1,2,2,3,2,2,4,2,1,1,2,5","0.000432014465332031","louvain","graph_2024M05.graphml"
"0.73","0.09","0.18","0.16027488546439","1,2,3,1,3,2,2,2,3,2,2,2,2,1,1,2,4","0.000458955764770508","louvain","graph_2024M05.graphml"
"0.72","0.1","0.18","0.164163196510014","1,2,3,1,3,1,2,2,3,2,1,4,2,1,1,2,5","0.000479936599731445","louvain","graph_2024M05.graphml"
"0.71","0.11","0.18","0.15881080905307","1,2,2,1,2,3,3,3,2,4,1,3,3,1,1,3,5","0.000468969345092773","louvain","graph_2024M05.graphml"
"0.7","0.12","0.18","0.158088","1,2,2,1,2,3,3,3,2,4,1,3,3,1,1,3,5","0.00044703483581543","louvain","graph_2024M05.graphml"
"0.69","0.13","0.18","0.159525384227765","1,2,2,1,2,3,3,3,2,4,1,3,3,1,1,3,5","0.000446081161499023","louvain","graph_2024M05.graphml"
"0.68","0.14","0.18","0.158573067146134","1,2,3,1,3,1,2,2,3,2,2,4,2,1,1,2,5","0.000466823577880859","louvain","graph_2024M05.graphml"
"0.67","0.15","0.18","0.158248901367188","1,2,3,1,3,1,2,2,3,2,2,4,2,1,1,2,5","0.000535964965820312","louvain","graph_2024M05.graphml"
"0.66","0.16","0.18","0.155091340664624","1,2,3,1,3,1,2,2,3,4,2,2,2,1,1,2,5","0.000571966171264648","louvain","graph_2024M05.graphml"
"0.65","0.17","0.18","0.156117231406807","1,2,3,1,3,1,2,2,3,2,2,4,2,1,1,2,5","0.000472068786621094","louvain","graph_2024M05.graphml"
"0.64","0.18","0.18","0.158011536960199","1,2,3,1,3,1,2,2,3,2,2,4,2,1,1,2,5","0.0004730224609375","louvain","graph_2024M05.graphml"
"0.63","0.19","0.18","0.152224991100036","1,2,2,1,2,1,3,3,2,4,3,3,3,1,1,3,5","0.000492095947265625","louvain","graph_2024M05.graphml"
"0.62","0.2","0.18","0.157426486968144","1,2,2,1,3,1,3,3,2,3,3,4,3,1,1,3,5","0.000454187393188477","louvain","graph_2024M05.graphml"
"0.61","0.21","0.18","0.152798353909465","1,2,2,1,3,3,3,3,2,4,3,5,3,1,1,3,6","0.000465869903564453","louvain","graph_2024M05.graphml"
"0.6","0.22","0.18","0.154436894922455","1,2,2,1,3,3,3,3,2,4,3,5,3,1,1,3,6","0.000504970550537109","louvain","graph_2024M05.graphml"
"0.59","0.23","0.18","0.155193388429752","1,2,2,2,3,1,3,3,2,4,3,4,3,1,1,3,5","0.000481843948364258","louvain","graph_2024M05.graphml"
"0.58","0.24","0.18","0.156827609745852","1,2,2,2,3,3,3,3,2,4,3,4,3,1,1,3,5","0.000572919845581055","louvain","graph_2024M05.graphml"
"0.57","0.25","0.18","0.156283804037587","1,2,2,2,3,4,4,4,2,3,4,3,4,1,1,4,5","0.00046992301940918","louvain","graph_2024M05.graphml"
"0.56","0.26","0.18","0.156283804037587","1,2,2,2,3,4,4,4,2,3,4,3,4,1,1,4,5","0.000470161437988281","louvain","graph_2024M05.graphml"
"0.55","0.27","0.18","0.157995186584545","1,2,2,2,3,4,4,4,2,3,4,3,4,1,1,4,5","0.000462055206298828","louvain","graph_2024M05.graphml"
"0.54","0.28","0.18","0.161269132653061","1,2,2,2,3,4,4,4,2,3,4,3,4,1,1,4,5","0.00046992301940918","louvain","graph_2024M05.graphml"
"0.53","0.29","0.18","0.158738242543132","1,2,2,2,3,4,4,4,2,3,4,3,4,1,1,4,5","0.000541210174560547","louvain","graph_2024M05.graphml"
"0.52","0.3","0.18","0.157275031527426","1,2,2,2,3,4,4,4,2,3,4,3,4,1,1,4,5","0.000442981719970703","louvain","graph_2024M05.graphml"
"0.51","0.31","0.18","0.157275031527426","1,2,2,2,3,4,4,4,2,3,4,3,4,1,1,4,5","0.000456094741821289","louvain","graph_2024M05.graphml"
"0.5","0.32","0.18","0.158583549317815","1,2,2,2,3,4,4,4,2,3,4,3,4,1,1,4,5","0.000505924224853516","louvain","graph_2024M05.graphml"
"0.49","0.33","0.18","0.158583549317815","1,2,2,2,3,4,4,4,2,3,4,3,4,1,1,4,5","0.000479221343994141","louvain","graph_2024M05.graphml"
"0.48","0.34","0.18","0.159024970273484","1,2,3,2,3,3,4,4,2,4,4,3,3,1,1,4,5","0.000523090362548828","louvain","graph_2024M05.graphml"
"0.47","0.35","0.18","0.157481469318822","1,2,3,4,3,3,3,4,2,4,1,3,3,1,1,4,5","0.000483989715576172","louvain","graph_2024M05.graphml"
"0.46","0.36","0.18","0.15740879057742","1,2,3,2,3,3,4,4,2,4,1,3,3,4,1,4,5","0.000532865524291992","louvain","graph_2024M05.graphml"
"0.45","0.37","0.18","0.157143828861001","1,2,2,2,3,4,4,4,2,4,1,3,4,4,1,4,5","0.000471115112304688","louvain","graph_2024M05.graphml"
"0.44","0.38","0.18","0.156763957721153","1,2,1,3,4,4,3,3,2,3,1,4,4,3,1,3,5","0.000488996505737305","louvain","graph_2024M05.graphml"
"0.43","0.39","0.18","0.150372948254093","1,2,1,3,4,3,4,4,2,4,1,4,3,4,1,4,5","0.000478982925415039","louvain","graph_2024M05.graphml"
"0.42","0.4","0.18","0.151790984989037","1,2,1,1,3,4,3,3,2,3,4,3,4,3,1,3,5","0.000509023666381836","louvain","graph_2024M05.graphml"
"0.41","0.41","0.18","0.150527330044721","1,2,1,1,3,4,3,3,2,3,4,3,4,3,1,3,5","0.000470876693725586","louvain","graph_2024M05.graphml"
"0.4","0.42","0.18","0.148121917680752","1,2,1,3,4,3,4,4,2,4,1,4,3,4,1,4,5","0.000510931015014648","louvain","graph_2024M05.graphml"
"0.39","0.43","0.18","0.148121917680752","1,2,1,3,4,3,4,4,2,4,1,4,3,4,1,4,5","0.000504016876220703","louvain","graph_2024M05.graphml"
"0.38","0.44","0.18","0.153469714795732","1,2,1,1,3,3,4,3,2,4,4,3,3,4,1,3,5","0.000481128692626953","louvain","graph_2024M05.graphml"
"0.37","0.45","0.18","0.15244142101285","1,2,1,3,4,3,4,4,2,4,1,4,3,4,1,4,5","0.000488042831420898","louvain","graph_2024M05.graphml"
"0.36","0.46","0.18","0.15244142101285","1,2,1,1,3,4,3,3,2,3,4,3,4,3,1,3,5","0.000471830368041992","louvain","graph_2024M05.graphml"
"0.35","0.47","0.18","0.153773049786544","1,2,1,1,3,4,3,3,2,3,4,3,4,3,1,3,5","0.000493049621582031","louvain","graph_2024M05.graphml"
"0.34","0.48","0.18","0.155141212768482","1,2,1,3,4,3,4,4,2,4,1,4,3,4,1,4,5","0.000513076782226562","louvain","graph_2024M05.graphml"
"0.33","0.49","0.18","0.156630859375","1,2,1,1,3,4,5,5,2,5,4,3,4,5,1,5,6","0.000477075576782227","louvain","graph_2024M05.graphml"
"0.32","0.5","0.18","0.154840669727248","1,2,1,1,3,4,5,5,2,5,4,3,4,5,1,5,6","0.000489950180053711","louvain","graph_2024M05.graphml"
"0.31","0.51","0.18","0.153523948279002","1,2,1,1,3,4,5,5,2,5,4,3,4,5,1,5,6","0.000550985336303711","louvain","graph_2024M05.graphml"
"0.3","0.52","0.18","0.153983431952663","1,2,1,1,3,4,5,4,2,5,4,3,4,5,1,4,6","0.000513076782226562","louvain","graph_2024M05.graphml"
"0.29","0.53","0.18","0.155139240035693","1,2,1,3,4,4,3,4,2,3,1,4,4,3,1,4,5","0.000474929809570312","louvain","graph_2024M05.graphml"
"0.28","0.54","0.18","0.156818981143305","1,2,1,1,2,3,2,4,3,2,4,2,4,1,1,4,5","0.000514030456542969","louvain","graph_2024M05.graphml"
"0.27","0.55","0.18","0.154124385958622","1,2,1,3,4,5,3,4,2,3,5,4,5,1,1,4,6","0.000473976135253906","louvain","graph_2024M05.graphml"
"0.26","0.56","0.18","0.154113358398859","1,2,1,1,2,3,2,4,3,2,4,2,4,1,1,4,5","0.000530004501342773","louvain","graph_2024M05.graphml"
"0.25","0.57","0.18","0.155045341549666","1,2,1,1,3,4,2,3,4,2,5,3,5,1,1,3,6","0.000620126724243164","louvain","graph_2024M05.graphml"
"0.24","0.58","0.18","0.156725054602727","1,2,1,1,3,4,3,5,2,3,4,5,4,1,1,5,6","0.000552177429199219","louvain","graph_2024M05.graphml"
"0.23","0.59","0.18","0.155223123296153","1,2,1,1,3,4,2,3,4,2,5,3,5,1,1,3,6","0.000463008880615234","louvain","graph_2024M05.graphml"
"0.22","0.6","0.18","0.153035076664566","1,2,1,1,3,4,2,3,4,2,5,3,5,1,1,3,6","0.000475168228149414","louvain","graph_2024M05.graphml"
"0.21","0.61","0.18","0.151246036464526","1,2,3,1,4,5,4,4,2,3,5,4,5,1,1,4,6","0.000550031661987305","louvain","graph_2024M05.graphml"
"0.2","0.62","0.18","0.1505077955025","1,2,3,1,4,5,4,4,2,3,5,4,5,1,1,4,6","0.000519990921020508","louvain","graph_2024M05.graphml"
"0.19","0.63","0.18","0.150733354437058","1,2,3,1,4,2,4,5,2,3,4,5,4,1,1,5,6","0.000488042831420898","louvain","graph_2024M05.graphml"
"0.18","0.64","0.18","0.153799195633439","1,2,3,1,4,2,4,4,2,3,4,4,4,1,1,4,5","0.000497102737426758","louvain","graph_2024M05.graphml"
"0.17","0.65","0.18","0.151172516096452","1,2,2,1,3,4,5,5,3,2,4,5,4,1,1,5,6","0.000483989715576172","louvain","graph_2024M05.graphml"
"0.16","0.66","0.18","0.150350336212917","1,2,3,1,4,5,2,3,4,2,5,3,5,1,4,3,6","0.000506877899169922","louvain","graph_2024M05.graphml"
"0.15","0.67","0.18","0.154483593392354","1,2,3,1,4,5,2,3,4,2,5,3,5,1,4,3,6","0.000514984130859375","louvain","graph_2024M05.graphml"
"0.14","0.68","0.18","0.155308814389085","1,2,2,1,3,4,5,5,3,2,4,5,4,1,3,5,6","0.000513076782226562","louvain","graph_2024M05.graphml"
"0.13","0.69","0.18","0.154741918744849","1,2,2,1,3,4,5,5,3,2,4,5,4,1,3,5,6","0.000478029251098633","louvain","graph_2024M05.graphml"
"0.12","0.7","0.18","0.153086883092513","1,2,2,1,3,3,4,4,2,2,3,4,3,1,2,4,5","0.000483989715576172","louvain","graph_2024M05.graphml"
"0.11","0.71","0.18","0.15403640457872","1,2,3,1,4,2,5,5,2,3,4,5,4,1,2,5,6","0.000493049621582031","louvain","graph_2024M05.graphml"
"0.1","0.72","0.18","0.154544914580998","1,2,3,1,4,2,5,5,2,3,4,5,4,1,2,5,6","0.000481843948364258","louvain","graph_2024M05.graphml"
"0.09","0.73","0.18","0.154544914580998","1,2,3,1,4,2,5,5,2,3,4,5,4,1,2,5,6","0.000519037246704102","louvain","graph_2024M05.graphml"
"0.08","0.74","0.18","0.155690689698225","1,2,3,1,4,2,5,5,2,3,4,5,4,1,2,5,6","0.000514030456542969","louvain","graph_2024M05.graphml"
"0.07","0.75","0.18","0.157461650840029","1,2,3,3,4,2,3,3,2,3,4,5,4,1,2,5,6","0.000768899917602539","louvain","graph_2024M05.graphml"
"0.06","0.76","0.18","0.157614601504189","1,2,3,1,4,2,3,3,2,3,4,3,4,1,2,3,5","0.000505924224853516","louvain","graph_2024M05.graphml"
"0.05","0.77","0.18","0.15664","1,2,3,1,4,2,3,3,2,3,4,3,4,1,2,3,5","0.000535964965820312","louvain","graph_2024M05.graphml"
"0.04","0.78","0.18","0.157500444444444","1,2,3,3,4,2,3,3,2,3,4,5,4,1,2,5,6","0.000504016876220703","louvain","graph_2024M05.graphml"
"0.03","0.79","0.18","0.155214628963829","1,2,3,3,4,2,3,3,2,3,4,5,4,1,2,5,6","0.000501155853271484","louvain","graph_2024M05.graphml"
"0.02","0.8","0.18","0.155084551068288","1,2,3,3,4,2,3,3,2,3,4,5,4,1,2,5,6","0.000506162643432617","louvain","graph_2024M05.graphml"
"0.01","0.81","0.18","0.153057479224377","1,2,3,1,4,2,5,3,2,5,4,3,4,1,2,3,6","0.000493049621582031","louvain","graph_2024M05.graphml"
"0","0.82","0.18","0.153057479224377","1,2,3,1,4,2,5,3,2,5,4,3,4,1,2,3,6","0.000506877899169922","louvain","graph_2024M05.graphml"
"0.81","0","0.19","0.15892869339526","1,2,2,1,2,3,3,3,2,4,1,3,3,1,1,3,5","0.000513792037963867","louvain","graph_2024M05.graphml"
"0.8","0.01","0.19","0.160570035055632","1,2,2,1,2,3,3,3,2,4,1,3,3,1,1,3,5","0.000452995300292969","louvain","graph_2024M05.graphml"
"0.79","0.02","0.19","0.160230784735286","1,2,2,1,2,1,3,3,2,3,3,3,3,1,1,3,4","0.000459909439086914","louvain","graph_2024M05.graphml"
"0.78","0.03","0.19","0.162640566430654","1,2,3,1,3,1,2,2,3,2,1,4,2,1,1,2,5","0.000452995300292969","louvain","graph_2024M05.graphml"
"0.77","0.04","0.19","0.157739022111492","1,2,3,1,3,1,2,2,3,2,1,4,2,1,1,2,5","0.000453948974609375","louvain","graph_2024M05.graphml"
"0.76","0.05","0.19","0.156941953302329","1,2,3,1,3,1,2,2,3,2,1,4,2,1,1,2,5","0.000510931015014648","louvain","graph_2024M05.graphml"
"0.75","0.06","0.19","0.154257999496095","1,2,2,1,2,3,3,3,2,4,1,3,3,1,1,3,5","0.000439882278442383","louvain","graph_2024M05.graphml"
"0.74","0.07","0.19","0.155705561411123","1,2,2,1,2,3,3,3,2,4,1,3,3,1,1,3,5","0.000458955764770508","louvain","graph_2024M05.graphml"
"0.73","0.08","0.19","0.155705561411123","1,2,2,1,2,3,3,3,2,4,1,3,3,1,1,3,5","0.000465869903564453","louvain","graph_2024M05.graphml"
"0.72","0.09","0.19","0.151242527690404","1,2,2,1,2,3,3,3,2,4,1,3,3,1,1,3,5","0.000453948974609375","louvain","graph_2024M05.graphml"
"0.71","0.1","0.19","0.149168391538586","1,2,3,1,3,2,2,2,3,4,1,2,2,1,1,2,5","0.000457048416137695","louvain","graph_2024M05.graphml"
"0.7","0.11","0.19","0.150209777984966","1,2,3,1,3,1,2,2,3,2,2,4,2,1,1,2,5","0.000471830368041992","louvain","graph_2024M05.graphml"
"0.69","0.12","0.19","0.147375746097337","1,2,2,1,2,1,3,3,2,4,3,3,3,1,1,3,5","0.000484943389892578","louvain","graph_2024M05.graphml"
"0.68","0.13","0.19","0.148432641754763","1,2,2,1,3,1,3,3,2,3,3,4,3,1,1,3,5","0.000450849533081055","louvain","graph_2024M05.graphml"
"0.67","0.14","0.19","0.15207777670292","1,2,2,1,2,3,3,3,2,4,3,5,3,1,1,3,6","0.000449895858764648","louvain","graph_2024M05.graphml"
"0.66","0.15","0.19","0.14574284119225","1,2,2,1,3,3,4,3,2,4,4,3,3,1,1,4,5","0.000472068786621094","louvain","graph_2024M05.graphml"
"0.65","0.16","0.19","0.150860738772827","1,2,2,2,3,3,3,3,2,4,3,4,3,1,1,3,5","0.000452041625976562","louvain","graph_2024M05.graphml"
"0.64","0.17","0.19","0.154161983471074","1,2,2,2,3,3,3,3,2,4,3,4,3,1,1,3,5","0.000532865524291992","louvain","graph_2024M05.graphml"
"0.63","0.18","0.19","0.156827609745852","1,2,2,2,3,3,3,3,2,4,3,4,3,1,1,3,5","0.000468015670776367","louvain","graph_2024M05.graphml"
"0.62","0.19","0.19","0.156283804037587","1,2,2,2,3,4,4,4,2,3,4,3,4,1,1,4,5","0.000484943389892578","louvain","graph_2024M05.graphml"
"0.61","0.2","0.19","0.15375573284002","1,2,2,2,3,4,4,4,2,3,4,3,4,1,1,4,5","0.000477075576782227","louvain","graph_2024M05.graphml"
"0.6","0.21","0.19","0.155588250088024","1,2,2,2,3,4,4,4,2,3,4,3,4,1,1,4,5","0.00047612190246582","louvain","graph_2024M05.graphml"
"0.59","0.22","0.19","0.155588250088024","1,2,2,2,3,4,4,4,2,3,4,3,4,1,1,4,5","0.000462055206298828","louvain","graph_2024M05.graphml"
"0.58","0.23","0.19","0.157275031527426","1,2,2,2,3,4,4,4,2,3,4,3,4,1,1,4,5","0.000463008880615234","louvain","graph_2024M05.graphml"
"0.57","0.24","0.19","0.157026777469991","1,2,2,2,3,4,4,4,2,3,4,3,4,1,1,4,5","0.000436067581176758","louvain","graph_2024M05.graphml"
"0.56","0.25","0.19","0.158583549317815","1,2,2,2,3,4,4,4,2,3,4,3,4,1,1,4,5","0.000497102737426758","louvain","graph_2024M05.graphml"
"0.55","0.26","0.19","0.156123408564815","1,2,2,2,3,1,3,3,2,3,3,4,3,1,1,3,5","0.000461101531982422","louvain","graph_2024M05.graphml"
"0.54","0.27","0.19","0.155984760802469","1,2,2,2,3,4,4,4,2,3,4,3,4,1,1,4,5","0.000442028045654297","louvain","graph_2024M05.graphml"
"0.53","0.28","0.19","0.15979381443299","1,2,2,2,3,1,3,3,2,3,1,3,3,1,1,3,4","0.000458002090454102","louvain","graph_2024M05.graphml"
"0.52","0.29","0.19","0.157573959094229","1,2,2,3,4,4,4,3,2,3,4,4,4,1,1,3,5","0.000482082366943359","louvain","graph_2024M05.graphml"
"0.51","0.3","0.19","0.153607576075319","1,2,1,2,3,4,4,4,2,4,4,3,4,4,1,4,5","0.000476837158203125","louvain","graph_2024M05.graphml"
"0.5","0.31","0.19","0.151875088498949","1,2,1,1,3,4,4,4,2,4,4,3,4,4,1,4,5","0.000478982925415039","louvain","graph_2024M05.graphml"
"0.49","0.32","0.19","0.147805281753653","1,2,1,3,4,3,3,3,2,3,3,4,3,1,1,3,5","0.000480890274047852","louvain","graph_2024M05.graphml"
"0.48","0.33","0.19","0.147315296566077","1,2,1,1,3,4,4,4,2,4,4,3,4,4,1,4,5","0.000730037689208984","louvain","graph_2024M05.graphml"
"0.47","0.34","0.19","0.148121917680752","1,2,1,1,3,4,3,3,2,3,4,3,4,3,1,3,5","0.000489950180053711","louvain","graph_2024M05.graphml"
"0.46","0.35","0.19","0.146978755752794","1,2,1,1,3,4,3,3,2,3,4,3,4,3,1,3,5","0.000702857971191406","louvain","graph_2024M05.graphml"
"0.45","0.36","0.19","0.149491165572783","1,2,1,1,3,4,3,3,2,3,4,3,4,3,1,3,5","0.000471115112304688","louvain","graph_2024M05.graphml"
"0.44","0.37","0.19","0.150883402977808","1,2,1,1,3,4,3,3,2,3,4,3,4,3,1,3,5","0.000481843948364258","louvain","graph_2024M05.graphml"
"0.43","0.38","0.19","0.153494719354456","1,2,1,1,3,4,5,4,2,5,4,3,4,5,1,4,6","0.000478029251098633","louvain","graph_2024M05.graphml"
"0.42","0.39","0.19","0.153168387326451","1,2,1,1,3,4,4,4,2,4,4,3,4,4,1,4,5","0.000527143478393555","louvain","graph_2024M05.graphml"
"0.41","0.4","0.19","0.153737679464628","1,2,1,1,3,3,4,3,2,4,3,3,3,4,1,3,5","0.0004730224609375","louvain","graph_2024M05.graphml"
"0.4","0.41","0.19","0.1538232421875","1,2,1,3,4,1,3,3,2,5,3,4,3,1,1,3,6","0.000592947006225586","louvain","graph_2024M05.graphml"
"0.39","0.42","0.19","0.150823656494734","1,2,1,1,3,4,5,4,2,5,4,3,4,5,1,4,6","0.000483989715576172","louvain","graph_2024M05.graphml"
"0.38","0.43","0.19","0.15170650887574","1,2,1,1,3,4,5,4,2,5,4,3,4,5,1,4,6","0.000505924224853516","louvain","graph_2024M05.graphml"
"0.37","0.44","0.19","0.152476204640095","1,2,1,3,4,1,3,3,2,5,3,4,3,1,1,3,6","0.000679969787597656","louvain","graph_2024M05.graphml"
"0.36","0.45","0.19","0.152878787878788","1,2,1,3,4,1,3,3,2,5,3,4,3,1,1,3,6","0.000479221343994141","louvain","graph_2024M05.graphml"
"0.35","0.46","0.19","0.153020213383655","1,2,1,3,4,1,3,3,2,5,3,4,3,1,1,3,6","0.000540018081665039","louvain","graph_2024M05.graphml"
"0.34","0.47","0.19","0.14913283021542","1,2,1,1,3,2,4,3,2,5,4,3,4,4,1,3,6","0.000742912292480469","louvain","graph_2024M05.graphml"
"0.33","0.48","0.19","0.152585693778229","1,2,1,1,3,4,5,3,4,2,5,3,5,5,1,3,6","0.000599861145019531","louvain","graph_2024M05.graphml"
"0.32","0.49","0.19","0.15285704282063","1,2,1,3,4,5,3,4,5,2,3,4,3,1,1,4,6","0.000618934631347656","louvain","graph_2024M05.graphml"
"0.31","0.5","0.19","0.152813276846049","1,2,1,1,3,4,5,5,4,2,5,3,5,5,1,5,6","0.000543832778930664","louvain","graph_2024M05.graphml"
"0.3","0.51","0.19","0.155624298431096","1,2,1,3,4,3,4,4,3,2,1,4,4,1,1,4,5","0.000568151473999023","louvain","graph_2024M05.graphml"
"0.29","0.52","0.19","0.148263390023055","1,2,1,3,4,3,4,5,3,2,4,5,4,1,1,5,6","0.00049901008605957","louvain","graph_2024M05.graphml"
"0.28","0.53","0.19","0.149959720618891","1,2,1,1,3,4,3,5,4,2,3,5,3,1,1,5,6","0.000520944595336914","louvain","graph_2024M05.graphml"
"0.27","0.54","0.19","0.150782834295285","1,2,1,3,4,2,3,5,2,3,4,5,4,1,1,5,6","0.000482797622680664","louvain","graph_2024M05.graphml"
"0.26","0.55","0.19","0.152014351277904","1,2,3,1,4,2,4,5,2,3,4,5,4,1,1,5,6","0.000540971755981445","louvain","graph_2024M05.graphml"
"0.25","0.56","0.19","0.151910292935934","1,2,3,1,4,2,4,5,2,3,4,5,4,1,1,5,6","0.00049901008605957","louvain","graph_2024M05.graphml"
"0.24","0.57","0.19","0.151048392303719","1,2,3,1,4,2,4,5,2,3,4,5,4,1,1,5,6","0.000502109527587891","louvain","graph_2024M05.graphml"
"0.23","0.58","0.19","0.151505653640151","1,2,2,3,4,4,3,3,4,2,1,5,3,3,1,3,6","0.000538110733032227","louvain","graph_2024M05.graphml"
"0.22","0.59","0.19","0.150732655035735","1,2,2,1,3,4,3,3,4,2,3,3,3,1,4,3,5","0.000567197799682617","louvain","graph_2024M05.graphml"
"0.21","0.6","0.19","0.152869701507592","1,2,3,1,4,4,2,3,4,2,2,3,2,1,4,3,5","0.000497817993164062","louvain","graph_2024M05.graphml"
"0.2","0.61","0.19","0.149668894498968","1,2,2,1,3,4,5,5,3,2,4,5,4,1,3,5,6","0.000515937805175781","louvain","graph_2024M05.graphml"
"0.19","0.62","0.19","0.14865236103904","1,2,2,1,3,4,5,5,3,2,4,5,4,1,3,5,6","0.000612020492553711","louvain","graph_2024M05.graphml"
"0.18","0.63","0.19","0.152559322545586","1,2,3,1,4,2,4,4,2,3,4,4,4,1,2,4,5","0.000506877899169922","louvain","graph_2024M05.graphml"
"0.17","0.64","0.19","0.155129296186808","1,2,3,1,4,2,5,5,2,3,4,5,4,1,2,5,6","0.000501871109008789","louvain","graph_2024M05.graphml"
"0.16","0.65","0.19","0.155129296186808","1,2,3,1,4,2,5,5,2,3,4,5,4,1,2,5,6","0.000506162643432617","louvain","graph_2024M05.graphml"
"0.15","0.66","0.19","0.153754135160681","1,2,3,1,4,2,5,5,2,3,4,5,4,1,2,5,6","0.000477075576782227","louvain","graph_2024M05.graphml"
"0.14","0.67","0.19","0.152558368402112","1,2,3,1,4,2,5,5,2,3,4,5,4,1,2,5,6","0.000504016876220703","louvain","graph_2024M05.graphml"
"0.13","0.68","0.19","0.154736096658573","1,2,3,1,4,2,5,5,2,3,4,5,4,1,2,5,6","0.000510931015014648","louvain","graph_2024M05.graphml"
"0.12","0.69","0.19","0.153903930884287","1,2,3,1,4,2,5,5,2,3,4,5,4,1,2,5,6","0.000483036041259766","louvain","graph_2024M05.graphml"
"0.11","0.7","0.19","0.153578666666667","1,2,3,1,4,2,3,3,2,3,4,3,4,1,2,3,5","0.000610828399658203","louvain","graph_2024M05.graphml"
"0.1","0.71","0.19","0.152490521729289","1,2,3,1,4,2,3,3,2,3,4,3,4,1,2,3,5","0.000514030456542969","louvain","graph_2024M05.graphml"
"0.09","0.72","0.19","0.154249134996275","1,2,3,1,4,2,3,3,2,3,4,3,4,1,2,3,5","0.000500917434692383","louvain","graph_2024M05.graphml"
"0.08","0.73","0.19","0.152916416943945","1,2,3,3,2,4,3,3,2,3,4,5,4,1,4,5,6","0.000483036041259766","louvain","graph_2024M05.graphml"
"0.07","0.74","0.19","0.152137970942609","1,2,3,1,2,4,5,3,2,5,4,3,4,1,4,3,6","0.000488042831420898","louvain","graph_2024M05.graphml"
"0.06","0.75","0.19","0.152275748995942","1,2,3,1,4,2,5,3,2,5,4,3,4,1,2,3,6","0.000512123107910156","louvain","graph_2024M05.graphml"
"0.05","0.76","0.19","0.152553982204861","1,2,3,1,4,5,4,3,2,4,5,3,5,1,5,3,6","0.000659942626953125","louvain","graph_2024M05.graphml"
"0.04","0.77","0.19","0.152411566840278","1,2,3,1,3,4,3,3,2,3,4,5,4,1,4,5,6","0.000504970550537109","louvain","graph_2024M05.graphml"
"0.03","0.78","0.19","0.149556984422678","1,2,3,1,3,4,3,3,2,3,4,4,4,1,4,4,5","0.000577211380004883","louvain","graph_2024M05.graphml"
"0.02","0.79","0.19","0.152856673241289","1,2,3,1,4,2,3,3,2,3,4,4,4,1,2,3,5","0.000492095947265625","louvain","graph_2024M05.graphml"
"0.01","0.8","0.19","0.151807392731581","1,2,3,1,3,4,3,3,2,3,4,3,4,1,4,3,5","0.00049901008605957","louvain","graph_2024M05.graphml"
"0","0.81","0.19","0.153086268649025","1,2,3,1,3,4,3,3,2,3,4,3,4,1,4,3,5","0.0005340576171875","louvain","graph_2024M05.graphml"
"0.8","0","0.2","0.151071052142104","1,2,2,1,2,3,3,3,2,4,1,3,3,1,1,3,5","0.000472068786621094","louvain","graph_2024M05.graphml"
"0.79","0.01","0.2","0.15406001699438","1,2,3,1,3,1,2,2,3,2,1,4,2,1,1,2,5","0.000439882278442383","louvain","graph_2024M05.graphml"
"0.78","0.02","0.2","0.153054733727811","1,2,2,1,2,3,3,3,2,4,1,3,3,1,1,3,5","0.000580072402954102","louvain","graph_2024M05.graphml"
"0.77","0.03","0.2","0.153054733727811","1,2,2,1,2,3,3,3,2,4,1,3,3,1,1,3,5","0.000463962554931641","louvain","graph_2024M05.graphml"
"0.76","0.04","0.2","0.150305772817303","1,2,3,1,3,1,2,2,3,2,1,4,2,1,1,2,5","0.000459909439086914","louvain","graph_2024M05.graphml"
"0.75","0.05","0.2","0.149535021764939","1,2,3,1,3,2,2,2,3,4,2,5,2,1,1,2,6","0.00070500373840332","louvain","graph_2024M05.graphml"
"0.74","0.06","0.2","0.148146858988639","1,2,2,1,2,3,3,3,2,4,3,5,3,1,1,3,6","0.000433921813964844","louvain","graph_2024M05.graphml"
"0.73","0.07","0.2","0.148146858988639","1,2,2,1,2,3,3,3,2,4,3,5,3,1,1,3,6","0.000491857528686523","louvain","graph_2024M05.graphml"
"0.72","0.08","0.2","0.146107709954257","1,2,2,1,2,3,3,3,2,4,3,5,3,1,1,3,6","0.000446081161499023","louvain","graph_2024M05.graphml"
"0.71","0.09","0.2","0.150748810553633","1,2,2,2,3,4,4,4,2,3,4,5,4,1,1,4,6","0.00044703483581543","louvain","graph_2024M05.graphml"
"0.7","0.1","0.2","0.152518780968619","1,2,2,2,3,3,3,3,2,4,3,4,3,1,1,3,5","0.000427961349487305","louvain","graph_2024M05.graphml"
"0.69","0.11","0.2","0.151761393997055","1,2,2,2,3,3,3,3,2,4,3,4,3,1,1,3,5","0.000451803207397461","louvain","graph_2024M05.graphml"
"0.68","0.12","0.2","0.152965660770031","1,2,2,2,3,3,3,3,2,4,3,4,3,1,1,3,5","0.000527858734130859","louvain","graph_2024M05.graphml"
"0.67","0.13","0.2","0.155588250088024","1,2,2,2,3,4,4,4,2,3,4,3,4,1,1,4,5","0.000454902648925781","louvain","graph_2024M05.graphml"
"0.66","0.14","0.2","0.155588250088024","1,2,2,2,3,4,4,4,2,3,4,3,4,1,1,4,5","0.000457048416137695","louvain","graph_2024M05.graphml"
"0.65","0.15","0.2","0.153685275131416","1,2,2,2,3,4,4,4,2,3,4,3,4,1,1,4,5","0.00067591667175293","louvain","graph_2024M05.graphml"
"0.64","0.16","0.2","0.153685275131416","1,2,2,2,3,4,4,4,2,3,4,3,4,1,1,4,5","0.000454902648925781","louvain","graph_2024M05.graphml"
"0.63","0.17","0.2","0.155290858725762","1,2,2,2,3,1,3,3,2,3,3,4,3,1,1,3,5","0.000500917434692383","louvain","graph_2024M05.graphml"
"0.62","0.18","0.2","0.153766687857597","1,2,2,2,3,1,3,3,2,3,3,4,3,1,1,3,5","0.000565052032470703","louvain","graph_2024M05.graphml"
"0.61","0.19","0.2","0.154955140890384","1,2,2,2,3,1,3,3,2,3,3,4,3,1,1,3,5","0.000503063201904297","louvain","graph_2024M05.graphml"
"0.6","0.2","0.2","0.154601836663833","1,2,2,2,3,4,4,4,2,3,4,3,4,1,1,4,5","0.000483989715576172","louvain","graph_2024M05.graphml"
"0.59","0.21","0.2","0.15430852257295","1,2,2,2,3,1,3,3,2,3,3,4,3,1,1,3,5","0.000590085983276367","louvain","graph_2024M05.graphml"
"0.58","0.22","0.2","0.155296977720964","1,2,1,2,3,1,4,4,2,4,4,3,4,1,1,4,5","0.000491142272949219","louvain","graph_2024M05.graphml"
"0.57","0.23","0.2","0.152076663304241","1,2,1,1,3,3,3,4,2,4,3,3,3,4,1,4,5","0.000491857528686523","louvain","graph_2024M05.graphml"
"0.56","0.24","0.2","0.147503359312013","1,2,1,1,3,3,3,4,2,4,3,3,3,4,1,4,5","0.000468969345092773","louvain","graph_2024M05.graphml"
"0.55","0.25","0.2","0.151752704726595","1,2,1,1,3,1,4,4,2,4,4,3,4,4,1,4,5","0.000536918640136719","louvain","graph_2024M05.graphml"
"0.54","0.26","0.2","0.148406240630266","1,2,1,1,3,4,4,4,2,4,4,3,4,4,1,4,5","0.000482082366943359","louvain","graph_2024M05.graphml"
"0.53","0.27","0.2","0.149973290598291","1,2,1,1,3,1,4,4,2,4,4,3,4,4,1,4,5","0.0004730224609375","louvain","graph_2024M05.graphml"
"0.52","0.28","0.2","0.148664373424246","1,2,1,1,3,1,4,4,2,4,4,3,4,4,1,4,5","0.000499963760375977","louvain","graph_2024M05.graphml"
"0.51","0.29","0.2","0.15027485902065","1,2,1,3,4,1,3,3,2,3,3,4,3,3,1,3,5","0.000487089157104492","louvain","graph_2024M05.graphml"
"0.5","0.3","0.2","0.148603989745233","1,2,1,1,3,4,3,3,2,3,4,3,4,3,1,3,5","0.000502824783325195","louvain","graph_2024M05.graphml"
"0.49","0.31","0.2","0.1511210182209","1,2,1,1,3,4,5,4,2,5,4,3,4,5,1,4,6","0.000476837158203125","louvain","graph_2024M05.graphml"
"0.48","0.32","0.2","0.153494719354456","1,2,1,1,3,4,5,4,2,5,4,3,4,5,1,4,6","0.000693082809448242","louvain","graph_2024M05.graphml"
"0.47","0.33","0.2","0.154774422421163","1,2,1,1,3,4,5,4,2,5,4,3,4,5,1,4,6","0.000500917434692383","louvain","graph_2024M05.graphml"
"0.46","0.34","0.2","0.154904358459254","1,2,1,1,3,4,5,4,2,5,4,3,4,5,1,4,6","0.000516891479492188","louvain","graph_2024M05.graphml"
"0.45","0.35","0.2","0.151272671848804","1,2,1,1,3,4,5,4,2,5,4,3,4,5,1,4,6","0.000576019287109375","louvain","graph_2024M05.graphml"
"0.44","0.36","0.2","0.149789228047725","1,2,1,3,4,1,3,3,2,5,3,4,3,1,1,3,6","0.000497817993164062","louvain","graph_2024M05.graphml"
"0.43","0.37","0.2","0.151564564259384","1,2,1,3,4,1,3,3,2,5,3,4,3,1,1,3,6","0.000483989715576172","louvain","graph_2024M05.graphml"
"0.42","0.38","0.2","0.1500172376252","1,2,1,3,4,1,3,3,2,5,3,4,3,1,1,3,6","0.000529050827026367","louvain","graph_2024M05.graphml"
"0.41","0.39","0.2","0.149498774782802","1,2,1,3,4,3,4,4,3,2,1,4,4,1,1,4,5","0.000476837158203125","louvain","graph_2024M05.graphml"
"0.4","0.4","0.2","0.149447278911565","1,2,1,3,3,2,3,3,2,4,3,5,3,1,1,5,6","0.000612020492553711","louvain","graph_2024M05.graphml"
"0.39","0.41","0.2","0.150771777509708","1,2,1,3,3,2,3,3,2,4,3,5,3,1,1,5,6","0.000456809997558594","louvain","graph_2024M05.graphml"
"0.38","0.42","0.2","0.154375614552606","1,2,1,1,3,4,3,3,4,2,3,3,3,1,1,3,5","0.000470161437988281","louvain","graph_2024M05.graphml"
"0.37","0.43","0.2","0.149210788021998","1,2,1,1,3,4,3,5,4,2,3,5,3,1,1,5,6","0.000458002090454102","louvain","graph_2024M05.graphml"
"0.36","0.44","0.2","0.14772343158464","1,2,1,1,3,4,3,5,4,2,3,5,3,1,1,5,6","0.000532865524291992","louvain","graph_2024M05.graphml"
"0.35","0.45","0.2","0.148263390023055","1,2,1,3,4,3,4,5,3,2,4,5,4,1,1,5,6","0.00049281120300293","louvain","graph_2024M05.graphml"
"0.34","0.46","0.2","0.148263390023055","1,2,1,3,4,3,4,5,3,2,4,5,4,1,1,5,6","0.000504970550537109","louvain","graph_2024M05.graphml"
"0.33","0.47","0.2","0.147194146616947","1,2,1,1,2,3,2,4,3,2,2,4,2,1,1,4,5","0.000520944595336914","louvain","graph_2024M05.graphml"
"0.32","0.48","0.2","0.146762286959968","1,2,3,1,4,2,4,5,2,3,4,5,4,1,1,5,6","0.00049901008605957","louvain","graph_2024M05.graphml"
"0.31","0.49","0.2","0.151910292935934","1,2,3,1,4,2,4,5,2,3,4,5,4,1,1,5,6","0.000494956970214844","louvain","graph_2024M05.graphml"
"0.3","0.5","0.2","0.150691362582157","1,2,1,1,3,2,2,4,3,2,2,4,2,1,1,4,5","0.000515937805175781","louvain","graph_2024M05.graphml"
"0.29","0.51","0.2","0.152296383086294","1,2,1,2,3,3,2,4,3,2,1,4,2,2,1,4,5","0.000507116317749023","louvain","graph_2024M05.graphml"
"0.28","0.52","0.2","0.150291489144677","1,2,1,1,3,2,2,4,3,2,2,4,2,1,3,4,5","0.000484943389892578","louvain","graph_2024M05.graphml"
"0.27","0.53","0.2","0.149841820987654","1,2,2,1,3,4,5,5,3,2,4,5,4,1,3,5,6","0.000483036041259766","louvain","graph_2024M05.graphml"
"0.26","0.54","0.2","0.14865236103904","1,2,2,1,3,4,5,5,3,2,4,5,4,1,3,5,6","0.000544071197509766","louvain","graph_2024M05.graphml"
"0.25","0.55","0.2","0.147622172705351","1,2,3,1,4,5,2,3,4,2,5,3,5,1,4,3,6","0.000514984130859375","louvain","graph_2024M05.graphml"
"0.24","0.56","0.2","0.14865236103904","1,2,2,1,3,4,5,5,3,2,4,5,4,1,3,5,6","0.000481843948364258","louvain","graph_2024M05.graphml"
"0.23","0.57","0.2","0.150336613935515","1,2,2,1,3,3,4,4,2,2,3,4,3,1,2,4,5","0.00049901008605957","louvain","graph_2024M05.graphml"
"0.22","0.58","0.2","0.151694501782698","1,2,3,1,4,2,4,4,2,3,4,4,4,1,2,4,5","0.000478982925415039","louvain","graph_2024M05.graphml"
"0.21","0.59","0.2","0.151727312549651","1,2,3,1,4,2,4,4,2,3,4,4,4,1,2,4,5","0.00051116943359375","louvain","graph_2024M05.graphml"
"0.2","0.6","0.2","0.15085583057656","1,2,3,1,4,2,4,4,2,3,4,4,4,1,2,4,5","0.000538110733032227","louvain","graph_2024M05.graphml"
"0.19","0.61","0.2","0.153006734911836","1,2,3,3,4,2,3,3,2,3,4,5,4,1,2,5,6","0.000488996505737305","louvain","graph_2024M05.graphml"
"0.18","0.62","0.2","0.149621807886986","1,2,3,1,4,2,5,5,2,3,4,5,4,1,2,5,6","0.000468969345092773","louvain","graph_2024M05.graphml"
"0.17","0.63","0.2","0.151064888888889","1,2,3,1,4,2,3,3,2,3,4,3,4,1,2,3,5","0.000513076782226562","louvain","graph_2024M05.graphml"
"0.16","0.64","0.2","0.149030106452589","1,2,3,1,4,2,3,3,2,3,4,3,4,1,2,3,5","0.000495195388793945","louvain","graph_2024M05.graphml"
"0.15","0.65","0.2","0.150432825484765","1,2,3,1,4,2,5,3,2,5,4,3,4,1,2,3,6","0.000488996505737305","louvain","graph_2024M05.graphml"
"0.14","0.66","0.2","0.150432825484765","1,2,3,1,4,2,5,3,2,5,4,3,4,1,2,3,6","0.000494956970214844","louvain","graph_2024M05.graphml"
"0.13","0.67","0.2","0.150322022160665","1,2,3,1,4,2,3,3,2,3,4,4,4,1,2,3,5","0.000509977340698242","louvain","graph_2024M05.graphml"
"0.12","0.68","0.2","0.153054194997279","1,2,3,3,4,2,3,3,2,3,4,5,4,1,2,5,6","0.000496149063110352","louvain","graph_2024M05.graphml"
"0.11","0.69","0.2","0.153764512803819","1,2,3,1,4,2,3,3,2,3,4,4,4,3,2,4,5","0.000500202178955078","louvain","graph_2024M05.graphml"
"0.1","0.7","0.2","0.148551254118397","1,2,3,1,4,5,4,3,2,4,5,3,5,1,5,3,6","0.000503063201904297","louvain","graph_2024M05.graphml"
"0.09","0.71","0.2","0.146926364234057","1,2,3,3,4,2,3,3,2,3,4,4,4,1,2,3,5","0.000510931015014648","louvain","graph_2024M05.graphml"
"0.08","0.72","0.2","0.149068747396918","1,2,3,1,4,4,3,3,2,3,4,4,4,1,4,3,5","0.000516891479492188","louvain","graph_2024M05.graphml"
"0.07","0.73","0.2","0.152944548944832","1,2,3,1,4,2,3,3,2,3,4,4,4,1,2,3,5","0.00053095817565918","louvain","graph_2024M05.graphml"
"0.06","0.74","0.2","0.154504085883673","1,2,3,1,4,2,3,3,2,3,4,4,4,1,2,3,5","0.000501871109008789","louvain","graph_2024M05.graphml"
"0.05","0.75","0.2","0.151936120399216","1,2,3,1,4,2,4,3,2,4,1,3,3,4,2,3,5","0.000502824783325195","louvain","graph_2024M05.graphml"
"0.04","0.76","0.2","0.149377540971188","1,2,3,1,4,4,5,3,2,5,1,3,4,5,4,3,6","0.000505924224853516","louvain","graph_2024M05.graphml"
"0.03","0.77","0.2","0.150479582414683","1,2,3,1,4,5,4,3,2,4,1,3,5,5,5,3,6","0.000654935836791992","louvain","graph_2024M05.graphml"
"0.02","0.78","0.2","0.155466448850276","1,2,3,1,4,2,3,3,2,3,1,5,4,3,4,3,6","0.000517129898071289","louvain","graph_2024M05.graphml"
"0.01","0.79","0.2","0.153424420187619","1,2,3,1,4,4,5,3,2,5,1,3,4,5,2,3,6","0.000504016876220703","louvain","graph_2024M05.graphml"
"0","0.8","0.2","0.152947188887315","1,2,3,1,4,5,4,3,2,4,1,3,5,5,5,3,6","0.000494956970214844","louvain","graph_2024M05.graphml"
"0.79","0","0.21","0.148146858988639","1,2,2,1,2,3,3,3,2,4,3,5,3,1,1,3,6","0.000532150268554688","louvain","graph_2024M05.graphml"
"0.78","0.01","0.21","0.149161841323365","1,2,2,1,2,1,3,3,2,4,3,3,3,1,1,3,5","0.000504016876220703","louvain","graph_2024M05.graphml"
"0.77","0.02","0.21","0.148065798010381","1,2,2,2,3,1,4,4,2,3,4,4,4,1,1,4,5","0.000462055206298828","louvain","graph_2024M05.graphml"
"0.76","0.03","0.21","0.144099173553719","1,2,2,2,2,3,3,3,2,4,3,4,3,1,1,3,5","0.000463962554931641","louvain","graph_2024M05.graphml"
"0.75","0.04","0.21","0.144099173553719","1,2,2,2,2,3,3,3,2,4,3,4,3,1,1,3,5","0.000478029251098633","louvain","graph_2024M05.graphml"
"0.74","0.05","0.21","0.147323303927746","1,2,2,2,2,3,3,3,2,4,3,4,3,1,1,3,5","0.000491142272949219","louvain","graph_2024M05.graphml"
"0.73","0.06","0.21","0.150988520408163","1,2,2,2,3,3,3,3,2,4,3,4,3,1,1,3,5","0.000470876693725586","louvain","graph_2024M05.graphml"
"0.72","0.07","0.21","0.150684070217796","1,2,2,2,3,3,3,3,2,4,3,3,3,1,1,1,5","0.000468969345092773","louvain","graph_2024M05.graphml"
"0.71","0.08","0.21","0.153559561594922","1,2,2,2,3,1,3,3,2,3,3,4,3,1,1,3,5","0.000455856323242188","louvain","graph_2024M05.graphml"
"0.7","0.09","0.21","0.153559561594922","1,2,2,2,3,1,3,3,2,3,3,4,3,1,1,3,5","0.000458002090454102","louvain","graph_2024M05.graphml"
"0.69","0.1","0.21","0.153434847608025","1,2,2,2,3,1,3,3,2,3,3,4,3,1,1,3,5","0.000471115112304688","louvain","graph_2024M05.graphml"
"0.68","0.11","0.21","0.154601836663833","1,2,2,2,3,4,4,4,2,3,4,3,4,1,1,4,5","0.000478982925415039","louvain","graph_2024M05.graphml"
"0.67","0.12","0.21","0.154601836663833","1,2,2,2,3,1,3,3,2,3,3,4,3,1,1,3,5","0.000478029251098633","louvain","graph_2024M05.graphml"
"0.66","0.13","0.21","0.153376932223543","1,2,2,2,3,4,4,4,2,3,4,3,4,1,1,4,5","0.000485897064208984","louvain","graph_2024M05.graphml"
"0.65","0.14","0.21","0.151788606599102","1,2,1,2,3,4,4,4,2,3,4,3,4,1,1,4,5","0.000499963760375977","louvain","graph_2024M05.graphml"
"0.64","0.15","0.21","0.151515151515151","1,2,1,1,3,4,4,4,2,3,4,3,4,1,1,4,5","0.000505924224853516","louvain","graph_2024M05.graphml"
"0.63","0.16","0.21","0.150252153928264","1,2,1,1,3,1,4,4,2,4,4,3,4,1,1,4,5","0.000482797622680664","louvain","graph_2024M05.graphml"
"0.62","0.17","0.21","0.150163934426229","1,2,1,1,3,1,4,4,2,4,4,3,4,1,1,4,5","0.000465869903564453","louvain","graph_2024M05.graphml"
"0.61","0.18","0.21","0.149078504811722","1,2,1,1,3,4,4,4,2,4,4,3,4,4,1,4,5","0.000513076782226562","louvain","graph_2024M05.graphml"
"0.6","0.19","0.21","0.150641971664699","1,2,1,1,3,1,4,4,2,4,4,3,4,4,1,4,5","0.000474929809570312","louvain","graph_2024M05.graphml"
"0.59","0.2","0.21","0.149207695771934","1,2,1,1,3,4,4,4,2,4,4,3,4,4,1,4,5","0.000478982925415039","louvain","graph_2024M05.graphml"
"0.58","0.21","0.21","0.146002419329825","1,2,1,1,3,4,4,4,2,4,4,3,4,4,1,4,5","0.000488042831420898","louvain","graph_2024M05.graphml"
"0.57","0.22","0.21","0.148430335097002","1,2,1,1,3,4,4,4,2,4,4,3,4,4,1,4,5","0.000488996505737305","louvain","graph_2024M05.graphml"
"0.56","0.23","0.21","0.148430335097002","1,2,1,1,3,4,4,4,2,4,4,3,4,4,1,4,5","0.000484943389892578","louvain","graph_2024M05.graphml"
"0.55","0.24","0.21","0.149485258772633","1,2,1,1,3,4,4,4,2,4,4,3,4,4,1,4,5","0.000483989715576172","louvain","graph_2024M05.graphml"
"0.54","0.25","0.21","0.150127566156402","1,2,1,3,4,1,3,3,2,3,3,4,3,3,1,4,5","0.000512838363647461","louvain","graph_2024M05.graphml"
"0.53","0.26","0.21","0.153596504764477","1,2,1,1,3,4,5,4,2,5,4,3,4,5,1,4,6","0.000543832778930664","louvain","graph_2024M05.graphml"
"0.52","0.27","0.21","0.154123014693901","1,2,1,1,3,3,4,3,2,4,3,5,3,4,1,5,6","0.000466108322143555","louvain","graph_2024M05.graphml"
"0.51","0.28","0.21","0.153313071624826","1,2,1,3,3,1,3,3,2,3,1,4,3,3,1,4,5","0.000490903854370117","louvain","graph_2024M05.graphml"
"0.5","0.29","0.21","0.151331496786042","1,2,1,1,3,3,3,3,2,4,1,2,3,3,1,3,5","0.000490903854370117","louvain","graph_2024M05.graphml"
"0.49","0.3","0.21","0.148073613252537","1,2,1,3,3,1,3,3,2,4,1,2,3,3,1,3,5","0.0004730224609375","louvain","graph_2024M05.graphml"
"0.48","0.31","0.21","0.147804690021155","1,2,1,1,3,3,3,3,2,4,3,5,3,3,1,5,6","0.000482082366943359","louvain","graph_2024M05.graphml"
"0.47","0.32","0.21","0.14842058364892","1,2,1,1,3,2,3,3,2,4,3,5,3,1,1,3,6","0.000464916229248047","louvain","graph_2024M05.graphml"
"0.46","0.33","0.21","0.149044330585877","1,2,1,3,4,2,4,4,2,3,1,4,4,1,1,4,5","0.000468969345092773","louvain","graph_2024M05.graphml"
"0.45","0.34","0.21","0.146344010233117","1,2,1,3,4,3,4,4,3,2,4,5,4,1,1,4,6","0.00049901008605957","louvain","graph_2024M05.graphml"
"0.44","0.35","0.21","0.144710207612457","1,2,1,3,4,3,4,4,3,2,4,5,4,1,1,4,6","0.000789165496826172","louvain","graph_2024M05.graphml"
"0.43","0.36","0.21","0.149210788021998","1,2,1,1,3,4,3,5,4,2,3,5,3,1,1,5,6","0.000588178634643555","louvain","graph_2024M05.graphml"
"0.42","0.37","0.21","0.14772343158464","1,2,1,1,3,4,3,5,4,2,3,5,3,1,1,5,6","0.000506162643432617","louvain","graph_2024M05.graphml"
"0.41","0.38","0.21","0.147194146616947","1,2,1,1,2,3,2,4,3,2,2,4,2,1,1,4,5","0.0005340576171875","louvain","graph_2024M05.graphml"
"0.4","0.39","0.21","0.147194146616947","1,2,1,1,2,3,2,4,3,2,2,4,2,1,1,4,5","0.000526905059814453","louvain","graph_2024M05.graphml"
"0.39","0.4","0.21","0.147194146616947","1,2,1,1,2,3,2,4,3,2,2,4,2,1,1,4,5","0.000504016876220703","louvain","graph_2024M05.graphml"
"0.38","0.41","0.21","0.148438532170696","1,2,1,2,2,3,2,4,3,2,1,4,2,1,1,4,5","0.000487089157104492","louvain","graph_2024M05.graphml"
"0.37","0.42","0.21","0.147212244897959","1,2,3,1,4,2,4,5,2,3,4,5,4,1,1,5,6","0.000485897064208984","louvain","graph_2024M05.graphml"
"0.36","0.43","0.21","0.146926567154487","1,2,1,1,3,2,2,4,3,2,2,4,2,1,1,4,5","0.000519037246704102","louvain","graph_2024M05.graphml"
"0.35","0.44","0.21","0.147152292370535","1,2,3,1,4,2,4,5,2,3,4,5,4,1,1,5,6","0.000459909439086914","louvain","graph_2024M05.graphml"
"0.34","0.45","0.21","0.14774929579675","1,2,2,2,3,3,2,4,3,2,2,4,2,1,3,4,5","0.000519990921020508","louvain","graph_2024M05.graphml"
"0.33","0.46","0.21","0.149971679301061","1,2,1,1,3,2,2,4,3,2,2,4,2,1,3,4,5","0.000550031661987305","louvain","graph_2024M05.graphml"
"0.32","0.47","0.21","0.15039737654321","1,2,2,1,3,3,2,4,3,2,2,4,2,1,3,4,5","0.000518083572387695","louvain","graph_2024M05.graphml"
"0.31","0.48","0.21","0.14954475308642","1,2,2,1,3,4,3,5,4,2,3,5,3,1,4,5,6","0.000462055206298828","louvain","graph_2024M05.graphml"
"0.3","0.49","0.21","0.149285226479232","1,2,2,1,3,4,5,5,3,2,4,5,4,1,3,5,6","0.000515937805175781","louvain","graph_2024M05.graphml"
"0.29","0.5","0.21","0.147813848752111","1,2,2,1,3,4,5,5,3,2,4,5,4,1,3,5,6","0.000694990158081055","louvain","graph_2024M05.graphml"
"0.28","0.51","0.21","0.150691271760877","1,2,3,1,4,2,4,4,2,3,4,4,4,1,2,4,5","0.000512838363647461","louvain","graph_2024M05.graphml"
"0.27","0.52","0.21","0.150691271760877","1,2,3,1,4,2,4,4,2,3,4,4,4,1,2,4,5","0.000509977340698242","louvain","graph_2024M05.graphml"
"0.26","0.53","0.21","0.147024478374865","1,2,3,1,4,2,4,4,2,3,4,4,4,1,2,4,5","0.000535964965820312","louvain","graph_2024M05.graphml"
"0.25","0.54","0.21","0.145257279215692","1,2,3,1,4,2,3,3,2,3,4,5,4,3,2,5,6","0.000487089157104492","louvain","graph_2024M05.graphml"
"0.24","0.55","0.21","0.146797878120621","1,2,3,1,2,4,3,3,2,3,4,3,4,1,4,3,5","0.000491857528686523","louvain","graph_2024M05.graphml"
"0.23","0.56","0.21","0.145589333333333","1,2,3,1,4,2,3,3,2,3,4,3,4,1,2,3,5","0.000589847564697266","louvain","graph_2024M05.graphml"
"0.22","0.57","0.21","0.147682735645699","1,2,3,1,4,2,3,3,2,3,4,3,4,1,2,3,5","0.000491857528686523","louvain","graph_2024M05.graphml"
"0.21","0.58","0.21","0.148296398891967","1,2,3,1,2,4,3,3,2,3,4,5,4,3,4,5,6","0.000489950180053711","louvain","graph_2024M05.graphml"
"0.2","0.59","0.21","0.150126411363934","1,2,3,3,2,4,3,3,2,3,4,5,4,1,4,5,6","0.000488042831420898","louvain","graph_2024M05.graphml"
"0.19","0.6","0.21","0.149714920095392","1,2,3,3,2,4,3,3,2,3,4,5,4,1,4,5,6","0.000504016876220703","louvain","graph_2024M05.graphml"
"0.18","0.61","0.21","0.147859672794738","1,2,3,1,3,2,4,3,2,4,3,3,3,4,2,3,5","0.000572919845581055","louvain","graph_2024M05.graphml"
"0.17","0.62","0.21","0.14807804018188","1,2,3,1,4,2,3,3,2,3,4,4,4,3,2,5,6","0.000535964965820312","louvain","graph_2024M05.graphml"
"0.16","0.63","0.21","0.145112046576483","1,2,3,1,4,3,4,3,2,4,3,3,3,1,3,3,5","0.000610113143920898","louvain","graph_2024M05.graphml"
"0.15","0.64","0.21","0.146262327416174","1,2,3,1,4,3,4,3,2,4,3,3,3,1,3,3,5","0.000506877899169922","louvain","graph_2024M05.graphml"
"0.14","0.65","0.21","0.149947287588505","1,2,3,1,4,2,3,3,2,3,4,4,4,1,2,3,5","0.000509023666381836","louvain","graph_2024M05.graphml"
"0.13","0.66","0.21","0.148986059934551","1,2,3,1,4,4,3,3,2,3,4,4,4,1,4,3,5","0.00049281120300293","louvain","graph_2024M05.graphml"
"0.12","0.67","0.21","0.151936120399216","1,2,3,1,4,2,4,3,2,4,1,3,3,4,2,3,5","0.000477075576782227","louvain","graph_2024M05.graphml"
"0.11","0.68","0.21","0.150629088440381","1,2,3,1,3,4,3,3,2,3,1,3,4,4,4,3,5","0.000505924224853516","louvain","graph_2024M05.graphml"
"0.1","0.69","0.21","0.150917906113482","1,2,3,1,4,2,4,3,2,4,1,3,3,4,2,3,5","0.0005340576171875","louvain","graph_2024M05.graphml"
"0.09","0.7","0.21","0.149828125","1,2,3,1,3,4,3,3,2,3,1,3,4,4,4,3,5","0.000477075576782227","louvain","graph_2024M05.graphml"
"0.08","0.71","0.21","0.151665625","1,2,3,1,4,2,3,3,2,3,1,4,4,3,2,3,5","0.000483036041259766","louvain","graph_2024M05.graphml"
"0.07","0.72","0.21","0.148848576812333","1,2,3,1,3,4,3,3,2,3,1,3,4,4,4,3,5","0.00050806999206543","louvain","graph_2024M05.graphml"
"0.06","0.73","0.21","0.150674566218998","1,2,3,1,4,4,3,3,2,3,1,5,4,3,4,3,6","0.000627994537353516","louvain","graph_2024M05.graphml"
"0.05","0.74","0.21","0.152264728431805","1,2,3,1,4,4,3,3,2,3,1,5,4,3,2,3,6","0.00050806999206543","louvain","graph_2024M05.graphml"
"0.04","0.75","0.21","0.149675004805844","1,2,3,1,4,2,5,3,2,5,5,3,4,1,4,3,6","0.000490903854370117","louvain","graph_2024M05.graphml"
"0.03","0.76","0.21","0.151447159746251","1,2,3,1,4,2,3,3,2,3,1,5,4,3,4,3,6","0.000499963760375977","louvain","graph_2024M05.graphml"
"0.02","0.77","0.21","0.150013911828606","1,2,3,1,4,4,5,3,2,5,1,3,4,5,4,3,6","0.000494956970214844","louvain","graph_2024M05.graphml"
"0.01","0.78","0.21","0.150480476121353","1,2,3,1,3,4,3,5,2,3,1,5,4,4,4,5,6","0.000516891479492188","louvain","graph_2024M05.graphml"
"0","0.79","0.21","0.151560766457101","1,2,3,1,4,4,3,3,2,3,1,5,4,3,4,2,6","0.000523805618286133","louvain","graph_2024M05.graphml"
"0.78","0","0.22","0.148990498070896","1,2,2,2,2,1,3,3,2,3,3,3,3,1,1,3,4","0.000857830047607422","louvain","graph_2024M05.graphml"
"0.77","0.01","0.22","0.15302023408054","1,2,2,2,3,1,3,3,2,3,3,4,3,1,1,3,5","0.000484943389892578","louvain","graph_2024M05.graphml"
"0.76","0.02","0.22","0.15034965034965","1,2,2,3,4,1,3,3,2,3,3,4,3,1,1,3,5","0.00048518180847168","louvain","graph_2024M05.graphml"
"0.75","0.03","0.22","0.152964650848765","1,2,2,2,3,4,4,4,2,3,4,3,4,1,1,4,5","0.000544071197509766","louvain","graph_2024M05.graphml"
"0.74","0.04","0.22","0.153376932223543","1,2,2,2,3,4,4,4,2,3,4,3,4,1,1,4,5","0.000482082366943359","louvain","graph_2024M05.graphml"
"0.73","0.05","0.22","0.153376932223543","1,2,2,2,3,4,4,4,2,3,4,3,4,1,1,4,5","0.000481843948364258","louvain","graph_2024M05.graphml"
"0.72","0.06","0.22","0.148925216345041","1,2,1,2,3,4,4,4,2,3,4,3,4,1,1,4,5","0.00046086311340332","louvain","graph_2024M05.graphml"
"0.71","0.07","0.22","0.14800643925223","1,2,1,1,3,4,4,4,2,3,4,3,4,1,1,4,5","0.000424861907958984","louvain","graph_2024M05.graphml"
"0.7","0.08","0.22","0.14800643925223","1,2,1,1,3,4,4,4,2,3,4,3,4,1,1,4,5","0.000436067581176758","louvain","graph_2024M05.graphml"
"0.69","0.09","0.22","0.144981599758392","1,2,1,1,3,4,4,4,2,3,4,3,4,1,1,4,5","0.000458002090454102","louvain","graph_2024M05.graphml"
"0.68","0.1","0.22","0.146451910003947","1,2,1,1,3,1,4,4,2,4,4,3,4,1,1,4,5","0.000457048416137695","louvain","graph_2024M05.graphml"
"0.67","0.11","0.22","0.149184123961219","1,2,1,1,3,1,4,4,2,4,4,3,4,1,1,4,5","0.000473976135253906","louvain","graph_2024M05.graphml"
"0.66","0.12","0.22","0.15042192958882","1,2,1,1,3,1,4,4,2,4,4,3,4,1,1,4,5","0.000444889068603516","louvain","graph_2024M05.graphml"
"0.65","0.13","0.22","0.149566573650649","1,2,1,1,3,1,3,3,2,3,3,3,3,1,1,3,4","0.00066685676574707","louvain","graph_2024M05.graphml"
"0.64","0.14","0.22","0.148350676378772","1,2,1,1,3,1,4,4,2,4,4,3,4,4,1,4,5","0.000497102737426758","louvain","graph_2024M05.graphml"
"0.63","0.15","0.22","0.148657092466616","1,2,1,1,3,3,3,3,2,3,3,4,3,3,1,4,5","0.000535964965820312","louvain","graph_2024M05.graphml"
"0.62","0.16","0.22","0.148439132641384","1,2,1,3,3,1,3,3,2,3,3,4,3,3,1,4,5","0.000595808029174805","louvain","graph_2024M05.graphml"
"0.61","0.17","0.22","0.147442743562359","1,2,1,3,3,1,3,3,2,3,3,4,3,3,1,4,5","0.000460147857666016","louvain","graph_2024M05.graphml"
"0.6","0.18","0.22","0.148426214365032","1,2,1,3,3,1,3,3,2,3,3,4,3,3,1,4,5","0.000496864318847656","louvain","graph_2024M05.graphml"
"0.59","0.19","0.22","0.150143705875545","1,2,1,1,3,1,3,3,2,4,3,3,3,3,1,3,5","0.000499963760375977","louvain","graph_2024M05.graphml"
"0.58","0.2","0.22","0.151824852071006","1,2,1,1,3,1,3,3,2,3,3,4,3,3,1,4,5","0.000472068786621094","louvain","graph_2024M05.graphml"
"0.57","0.21","0.22","0.15160994678712","1,2,1,1,3,1,3,3,2,4,1,3,3,3,1,3,5","0.000494956970214844","louvain","graph_2024M05.graphml"
"0.56","0.22","0.22","0.149462809917355","1,2,1,3,4,4,3,4,2,3,1,4,4,3,1,4,5","0.00071406364440918","louvain","graph_2024M05.graphml"
"0.55","0.23","0.22","0.148557675069024","1,2,1,3,4,4,2,4,3,2,1,2,4,1,1,4,5","0.000489950180053711","louvain","graph_2024M05.graphml"
"0.54","0.24","0.22","0.146647360213856","1,2,1,3,3,1,3,3,2,4,3,5,3,1,1,5,6","0.000494003295898438","louvain","graph_2024M05.graphml"
"0.53","0.25","0.22","0.1476491638322","1,2,1,1,3,4,3,3,4,2,3,2,3,1,1,3,5","0.000476837158203125","louvain","graph_2024M05.graphml"
"0.52","0.26","0.22","0.145005426980848","1,2,1,3,4,3,4,4,3,2,4,5,4,1,1,4,6","0.000485897064208984","louvain","graph_2024M05.graphml"
"0.51","0.27","0.22","0.144723183391003","1,2,1,3,4,3,4,4,3,2,1,5,4,4,1,4,6","0.000483989715576172","louvain","graph_2024M05.graphml"
"0.5","0.28","0.22","0.144710207612457","1,2,1,3,4,3,4,4,3,2,4,5,4,1,1,4,6","0.000478029251098633","louvain","graph_2024M05.graphml"
"0.49","0.29","0.22","0.141449505830854","1,2,1,3,4,2,3,4,2,3,4,5,4,1,1,4,6","0.000625848770141602","louvain","graph_2024M05.graphml"
"0.48","0.3","0.22","0.144357368103426","1,2,1,3,4,3,4,4,3,2,4,2,4,1,1,4,5","0.000502824783325195","louvain","graph_2024M05.graphml"
"0.47","0.31","0.22","0.145707340706338","1,2,1,2,2,3,2,4,3,2,2,4,2,1,1,4,5","0.000511884689331055","louvain","graph_2024M05.graphml"
"0.46","0.32","0.22","0.148479818998547","1,2,1,1,2,3,2,4,3,2,2,4,2,1,1,4,5","0.000491857528686523","louvain","graph_2024M05.graphml"
"0.45","0.33","0.22","0.148479818998547","1,2,1,1,2,3,2,4,3,2,2,4,2,1,1,4,5","0.000516891479492188","louvain","graph_2024M05.graphml"
"0.44","0.34","0.22","0.148479818998547","1,2,1,1,2,3,2,4,3,2,2,4,2,1,1,4,5","0.000525951385498047","louvain","graph_2024M05.graphml"
"0.43","0.35","0.22","0.148195918367347","1,2,1,3,2,3,2,4,3,2,2,4,2,1,1,4,5","0.000467061996459961","louvain","graph_2024M05.graphml"
"0.42","0.36","0.22","0.146839488636364","1,2,2,2,3,3,2,4,3,2,2,4,2,1,1,4,5","0.000502109527587891","louvain","graph_2024M05.graphml"
"0.41","0.37","0.22","0.145471033392452","1,2,1,2,3,3,2,4,3,2,2,4,2,1,1,4,5","0.000536918640136719","louvain","graph_2024M05.graphml"
"0.4","0.38","0.22","0.145009416195857","1,2,3,1,4,2,4,5,2,3,4,5,4,1,1,5,6","0.000483989715576172","louvain","graph_2024M05.graphml"
"0.39","0.39","0.22","0.145053497033203","1,2,2,1,3,4,3,3,4,2,3,3,3,1,4,3,5","0.000502824783325195","louvain","graph_2024M05.graphml"
"0.38","0.4","0.22","0.145848288130832","1,2,3,1,4,2,4,4,2,3,4,4,4,1,2,4,5","0.000502109527587891","louvain","graph_2024M05.graphml"
"0.37","0.41","0.22","0.147210648148148","1,2,2,1,3,4,3,3,4,2,3,3,3,1,4,3,5","0.000509977340698242","louvain","graph_2024M05.graphml"
"0.36","0.42","0.22","0.148016604816004","1,2,1,1,3,2,2,4,3,2,2,4,2,1,3,4,5","0.000512123107910156","louvain","graph_2024M05.graphml"
"0.35","0.43","0.22","0.149318124900394","1,2,2,2,3,3,2,4,3,2,2,4,2,1,3,4,5","0.000550031661987305","louvain","graph_2024M05.graphml"
"0.34","0.44","0.22","0.147872607514178","1,2,3,1,4,2,4,4,2,3,4,4,4,1,2,4,5","0.000509977340698242","louvain","graph_2024M05.graphml"
"0.33","0.45","0.22","0.148064280496713","1,2,3,1,4,2,4,4,2,3,4,4,4,1,2,4,5","0.000509023666381836","louvain","graph_2024M05.graphml"
"0.32","0.46","0.22","0.14824329402243","1,2,3,1,4,2,4,4,2,3,4,4,4,1,2,4,5","0.000501155853271484","louvain","graph_2024M05.graphml"
"0.31","0.47","0.22","0.147136829848558","1,2,3,1,4,2,4,4,2,3,4,4,4,1,2,4,5","0.000483989715576172","louvain","graph_2024M05.graphml"
"0.3","0.48","0.22","0.143182222222222","1,2,3,3,2,4,3,3,2,3,4,5,4,1,4,5,6","0.000541925430297852","louvain","graph_2024M05.graphml"
"0.29","0.49","0.22","0.142099790629244","1,2,3,3,4,2,3,3,2,3,4,5,4,1,2,5,6","0.000473976135253906","louvain","graph_2024M05.graphml"
"0.28","0.5","0.22","0.145362396530239","1,2,3,1,4,2,4,3,2,3,4,4,4,1,2,3,5","0.000663995742797852","louvain","graph_2024M05.graphml"
"0.27","0.51","0.22","0.149678632690599","1,2,3,1,4,2,4,4,2,3,4,4,4,1,2,4,5","0.000506877899169922","louvain","graph_2024M05.graphml"
"0.26","0.52","0.22","0.14872810504098","1,2,3,1,4,2,4,4,2,3,4,4,4,1,2,4,5","0.000535964965820312","louvain","graph_2024M05.graphml"
"0.25","0.53","0.22","0.148037685170667","1,2,3,1,4,2,4,4,2,3,4,4,4,1,2,4,5","0.000524997711181641","louvain","graph_2024M05.graphml"
"0.24","0.54","0.22","0.145419340342715","1,2,3,1,3,2,4,3,2,4,3,3,3,4,2,3,5","0.000487089157104492","louvain","graph_2024M05.graphml"
"0.23","0.55","0.22","0.145971147428315","1,2,3,3,4,2,3,3,2,3,4,4,4,1,2,5,6","0.000499963760375977","louvain","graph_2024M05.graphml"
"0.22","0.56","0.22","0.147123602892834","1,2,3,1,4,2,3,3,2,3,4,4,4,3,2,5,6","0.000497102737426758","louvain","graph_2024M05.graphml"
"0.21","0.57","0.22","0.145358154381512","1,2,3,1,4,3,4,3,2,4,3,3,3,1,3,3,5","0.000509977340698242","louvain","graph_2024M05.graphml"
"0.2","0.58","0.22","0.144699038882733","1,2,3,1,3,4,3,3,2,3,4,3,4,1,4,3,5","0.00052189826965332","louvain","graph_2024M05.graphml"
"0.19","0.59","0.22","0.144699038882733","1,2,3,1,3,4,3,3,2,3,4,3,4,1,4,3,5","0.000545978546142578","louvain","graph_2024M05.graphml"
"0.18","0.6","0.22","0.144492869732415","1,2,3,1,3,4,3,3,2,3,1,3,4,4,4,3,5","0.000520944595336914","louvain","graph_2024M05.graphml"
"0.17","0.61","0.22","0.149289263258397","1,2,3,1,4,5,4,3,2,4,1,3,5,5,5,3,6","0.000491857528686523","louvain","graph_2024M05.graphml"
"0.16","0.62","0.22","0.150084375","1,2,3,1,4,4,5,3,2,5,1,3,4,5,4,3,6","0.000478982925415039","louvain","graph_2024M05.graphml"
"0.15","0.63","0.22","0.148081111853667","1,2,3,1,4,5,4,3,2,4,1,3,5,5,5,3,6","0.000499963760375977","louvain","graph_2024M05.graphml"
"0.14","0.64","0.22","0.146817602472769","1,2,3,1,4,2,5,3,2,5,1,3,4,5,4,3,6","0.00137901306152344","louvain","graph_2024M05.graphml"
"0.13","0.65","0.22","0.145185185185185","1,2,3,1,4,2,5,3,2,5,1,3,4,5,4,3,6","0.000527858734130859","louvain","graph_2024M05.graphml"
"0.12","0.66","0.22","0.14566945770877","1,2,3,1,4,5,4,3,2,4,1,3,5,5,5,3,6","0.000486135482788086","louvain","graph_2024M05.graphml"
"0.11","0.67","0.22","0.14566945770877","1,2,3,1,4,5,4,3,2,4,1,3,5,5,5,3,6","0.000554084777832031","louvain","graph_2024M05.graphml"
"0.1","0.68","0.22","0.147317137639369","1,2,3,1,4,4,5,3,2,5,1,3,4,5,4,3,6","0.000481128692626953","louvain","graph_2024M05.graphml"
"0.09","0.69","0.22","0.149217681638162","1,2,3,1,3,3,4,5,2,4,4,5,3,1,2,5,6","0.000479936599731445","louvain","graph_2024M05.graphml"
"0.08","0.7","0.22","0.149792552699704","1,2,3,1,4,3,4,5,2,4,1,5,3,4,3,5,6","0.000500917434692383","louvain","graph_2024M05.graphml"
"0.07","0.71","0.22","0.151542075691964","1,2,3,1,4,3,4,5,2,4,1,5,3,4,3,5,6","0.000501871109008789","louvain","graph_2024M05.graphml"
"0.06","0.72","0.22","0.151542075691964","1,2,3,1,4,3,4,5,2,4,1,5,3,4,3,5,6","0.000612974166870117","louvain","graph_2024M05.graphml"
"0.05","0.73","0.22","0.149393424036281","1,2,3,1,4,3,4,5,2,4,1,5,3,1,3,5,6","0.000506877899169922","louvain","graph_2024M05.graphml"
"0.04","0.74","0.22","0.152135763347473","1,2,3,1,4,2,3,3,2,4,1,4,3,3,2,3,5","0.000647068023681641","louvain","graph_2024M05.graphml"
"0.03","0.75","0.22","0.152715045389818","1,2,3,1,4,4,3,3,2,3,1,5,4,1,4,3,6","0.000518083572387695","louvain","graph_2024M05.graphml"
"0.02","0.76","0.22","0.152101421057539","1,2,3,1,4,4,3,3,2,3,1,5,4,1,4,3,6","0.000562906265258789","louvain","graph_2024M05.graphml"
"0.01","0.77","0.22","0.15229063944847","1,2,3,1,4,2,3,3,2,4,4,4,3,1,2,3,5","0.00049901008605957","louvain","graph_2024M05.graphml"
"0","0.78","0.22","0.152273134790617","1,2,3,1,4,4,3,3,2,3,5,5,4,1,4,3,6","0.000535011291503906","louvain","graph_2024M05.graphml"
"0.77","0","0.23","0.14800643925223","1,2,1,1,3,4,4,4,2,3,4,3,4,1,1,4,5","0.000468015670776367","louvain","graph_2024M05.graphml"
"0.76","0.01","0.23","0.146164587180758","1,2,1,1,3,4,4,4,2,3,4,3,4,1,1,4,5","0.000457048416137695","louvain","graph_2024M05.graphml"
"0.75","0.02","0.23","0.144981599758392","1,2,1,1,3,4,4,4,2,3,4,3,4,1,1,4,5","0.000444173812866211","louvain","graph_2024M05.graphml"
"0.74","0.03","0.23","0.14635","1,2,1,1,3,4,4,4,2,3,4,3,4,1,1,4,5","0.000472068786621094","louvain","graph_2024M05.graphml"
"0.73","0.04","0.23","0.14818862534626","1,2,1,1,3,1,3,3,2,3,3,4,3,1,1,3,5","0.000462770462036133","louvain","graph_2024M05.graphml"
"0.72","0.05","0.23","0.148551464660038","1,2,1,1,3,3,3,3,2,3,3,4,3,3,1,5,6","0.000539064407348633","louvain","graph_2024M05.graphml"
"0.71","0.06","0.23","0.149616600452817","1,2,1,1,3,3,3,4,2,4,3,3,3,4,1,4,5","0.000435113906860352","louvain","graph_2024M05.graphml"
"0.7","0.07","0.23","0.150034635704759","1,2,1,1,3,3,3,4,2,4,3,3,3,4,1,4,5","0.000447988510131836","louvain","graph_2024M05.graphml"
"0.69","0.08","0.23","0.145860418241371","1,2,1,1,3,1,3,3,2,3,3,3,3,3,1,3,4","0.000453948974609375","louvain","graph_2024M05.graphml"
"0.68","0.09","0.23","0.146443889380927","1,2,1,3,3,1,3,3,2,3,3,4,3,3,1,4,5","0.000457048416137695","louvain","graph_2024M05.graphml"
"0.67","0.1","0.23","0.147442743562359","1,2,1,3,3,1,3,3,2,3,3,4,3,3,1,4,5","0.000448942184448242","louvain","graph_2024M05.graphml"
"0.66","0.11","0.23","0.151027260993197","1,2,1,3,3,1,3,3,2,3,3,4,3,3,1,4,5","0.00049901008605957","louvain","graph_2024M05.graphml"
"0.65","0.12","0.23","0.150448673982625","1,2,1,1,3,1,3,3,2,4,3,3,3,3,1,3,5","0.000558853149414062","louvain","graph_2024M05.graphml"
"0.64","0.13","0.23","0.147289322821685","1,2,1,2,3,1,3,3,2,4,1,3,3,3,1,3,5","0.000482797622680664","louvain","graph_2024M05.graphml"
"0.63","0.14","0.23","0.148645152945741","1,2,1,1,3,1,3,3,2,4,1,3,3,3,1,3,5","0.000598907470703125","louvain","graph_2024M05.graphml"
"0.62","0.15","0.23","0.146029902743504","1,2,1,3,3,3,3,3,2,4,3,5,3,1,1,5,6","0.000586032867431641","louvain","graph_2024M05.graphml"
"0.61","0.16","0.23","0.146887948318111","1,2,1,3,3,3,3,3,2,4,1,2,3,1,1,3,5","0.000622034072875977","louvain","graph_2024M05.graphml"
"0.6","0.17","0.23","0.145005426980848","1,2,1,3,4,3,4,4,3,2,4,5,4,1,1,4,6","0.000464200973510742","louvain","graph_2024M05.graphml"
"0.59","0.18","0.23","0.146400570826916","1,2,1,3,4,3,4,4,3,2,1,4,4,1,1,4,5","0.000464916229248047","louvain","graph_2024M05.graphml"
"0.58","0.19","0.23","0.145866478616455","1,2,1,3,3,4,3,3,4,2,1,2,3,1,1,3,5","0.000494956970214844","louvain","graph_2024M05.graphml"
"0.57","0.2","0.23","0.144937758626586","1,2,1,3,4,3,4,4,3,2,4,2,4,1,1,4,5","0.000509977340698242","louvain","graph_2024M05.graphml"
"0.56","0.21","0.23","0.143371384372158","1,2,1,3,4,3,4,4,3,2,1,2,4,4,1,4,5","0.000615835189819336","louvain","graph_2024M05.graphml"
"0.55","0.22","0.23","0.143345884792901","1,2,1,3,4,3,4,4,3,2,4,2,4,1,1,4,5","0.000487089157104492","louvain","graph_2024M05.graphml"
"0.54","0.23","0.23","0.144847721067003","1,2,1,3,2,3,2,2,3,2,1,4,2,2,1,2,5","0.000468969345092773","louvain","graph_2024M05.graphml"
"0.53","0.24","0.23","0.148066174455398","1,2,1,1,2,3,2,2,3,2,2,4,2,2,1,4,5","0.000467061996459961","louvain","graph_2024M05.graphml"
"0.52","0.25","0.23","0.148589391158468","1,2,1,2,2,3,2,2,3,2,1,4,2,2,1,4,5","0.000496149063110352","louvain","graph_2024M05.graphml"
"0.51","0.26","0.23","0.146878925460382","1,2,1,3,2,3,2,4,3,2,2,4,2,1,1,4,5","0.000608921051025391","louvain","graph_2024M05.graphml"
"0.5","0.27","0.23","0.148195918367347","1,2,1,3,2,3,2,4,3,2,2,4,2,1,1,4,5","0.000519990921020508","louvain","graph_2024M05.graphml"
"0.49","0.28","0.23","0.149446838905528","1,2,1,3,2,3,2,4,3,2,2,4,2,1,1,4,5","0.000506877899169922","louvain","graph_2024M05.graphml"
"0.48","0.29","0.23","0.148283831825952","1,2,1,2,3,3,2,4,3,2,2,4,2,1,1,4,5","0.000513792037963867","louvain","graph_2024M05.graphml"
"0.47","0.3","0.23","0.145568004085671","1,2,3,1,4,2,4,5,2,3,4,5,4,1,1,5,6","0.000611782073974609","louvain","graph_2024M05.graphml"
"0.46","0.31","0.23","0.147933499558137","1,2,1,2,3,3,2,2,3,2,1,4,2,2,1,4,5","0.000531196594238281","louvain","graph_2024M05.graphml"
"0.45","0.32","0.23","0.14620463838735","1,2,3,1,4,4,2,2,4,3,2,2,2,1,4,2,5","0.000528097152709961","louvain","graph_2024M05.graphml"
"0.44","0.33","0.23","0.144876880932467","1,2,2,1,3,4,3,3,4,2,3,3,3,1,4,3,5","0.000487089157104492","louvain","graph_2024M05.graphml"
"0.43","0.34","0.23","0.144876880932467","1,2,2,1,3,4,3,3,4,2,3,3,3,1,4,3,5","0.000483036041259766","louvain","graph_2024M05.graphml"
"0.42","0.35","0.23","0.146126339992236","1,2,2,3,4,4,3,3,4,2,3,3,3,1,4,3,5","0.00049901008605957","louvain","graph_2024M05.graphml"
"0.41","0.36","0.23","0.146103245253881","1,2,2,1,3,4,3,3,4,2,3,3,3,1,4,3,5","0.000492095947265625","louvain","graph_2024M05.graphml"
"0.4","0.37","0.23","0.146103245253881","1,2,2,1,3,4,3,3,4,2,3,3,3,1,4,3,5","0.000487089157104492","louvain","graph_2024M05.graphml"
"0.39","0.38","0.23","0.147797662527392","1,2,3,1,4,2,4,4,2,3,4,4,4,1,2,4,5","0.000531911849975586","louvain","graph_2024M05.graphml"
"0.38","0.39","0.23","0.147975922071916","1,2,3,1,4,2,4,4,2,3,4,4,4,1,2,4,5","0.00050806999206543","louvain","graph_2024M05.graphml"
"0.37","0.4","0.23","0.145911378649661","1,2,3,1,4,2,4,5,2,3,4,5,4,1,2,5,6","0.000477075576782227","louvain","graph_2024M05.graphml"
"0.36","0.41","0.23","0.147652359665007","1,2,3,1,4,2,4,4,2,3,4,4,4,1,2,4,5","0.000516176223754883","louvain","graph_2024M05.graphml"
"0.35","0.42","0.23","0.145310181685843","1,2,3,1,4,2,4,4,2,3,4,4,4,1,2,4,5","0.00049901008605957","louvain","graph_2024M05.graphml"
"0.34","0.43","0.23","0.146591154336158","1,2,3,1,4,2,4,4,2,3,4,4,4,1,2,4,5","0.000524044036865234","louvain","graph_2024M05.graphml"
"0.33","0.44","0.23","0.144310941828255","1,2,3,1,4,2,4,3,2,3,4,4,4,1,2,3,5","0.000524044036865234","louvain","graph_2024M05.graphml"
"0.32","0.45","0.23","0.145556244844535","1,2,3,1,4,2,4,4,2,3,4,4,4,1,2,4,5","0.000493049621582031","louvain","graph_2024M05.graphml"
"0.31","0.46","0.23","0.141558441558442","1,2,3,1,4,2,4,3,2,3,4,4,4,1,2,3,5","0.000715970993041992","louvain","graph_2024M05.graphml"
"0.3","0.47","0.23","0.145393906616189","1,2,3,1,4,2,4,4,2,3,4,4,4,1,2,4,5","0.000552892684936523","louvain","graph_2024M05.graphml"
"0.29","0.48","0.23","0.148667402409447","1,2,3,1,4,2,4,4,2,3,4,4,4,1,2,4,5","0.000478982925415039","louvain","graph_2024M05.graphml"
"0.28","0.49","0.23","0.146228112061015","1,2,3,1,4,2,3,3,2,3,4,4,4,3,2,5,6","0.00053715705871582","louvain","graph_2024M05.graphml"
"0.27","0.5","0.23","0.144181460849646","1,2,3,1,4,5,4,3,2,4,5,3,5,1,5,3,6","0.000480890274047852","louvain","graph_2024M05.graphml"
"0.26","0.51","0.23","0.147130820170579","1,2,3,1,4,3,4,3,2,4,3,3,3,1,3,3,5","0.000514030456542969","louvain","graph_2024M05.graphml"
"0.25","0.52","0.23","0.148406412610958","1,2,3,1,4,2,3,3,2,3,1,4,4,3,2,3,5","0.000676870346069336","louvain","graph_2024M05.graphml"
"0.24","0.53","0.23","0.146885647393233","1,2,3,1,4,2,4,3,2,4,1,3,3,4,2,3,5","0.000501155853271484","louvain","graph_2024M05.graphml"
"0.23","0.54","0.23","0.147524198968599","1,2,3,1,4,2,4,3,2,4,1,3,3,1,2,3,5","0.000475168228149414","louvain","graph_2024M05.graphml"
"0.22","0.55","0.23","0.149415980641467","1,2,3,1,4,3,4,5,2,4,1,5,3,4,3,5,6","0.000522851943969727","louvain","graph_2024M05.graphml"
"0.21","0.56","0.23","0.147675659198293","1,2,3,1,4,3,4,5,2,4,1,5,3,1,3,5,6","0.000493049621582031","louvain","graph_2024M05.graphml"
"0.2","0.57","0.23","0.148434340080532","1,2,3,1,4,2,4,5,2,4,1,5,3,3,3,5,6","0.000514984130859375","louvain","graph_2024M05.graphml"
"0.19","0.58","0.23","0.148968602285556","1,2,3,1,4,2,4,3,2,4,1,3,3,1,2,3,5","0.000527858734130859","louvain","graph_2024M05.graphml"
"0.18","0.59","0.23","0.149464749134948","1,2,3,1,4,3,4,5,2,4,1,5,3,4,3,5,6","0.000468969345092773","louvain","graph_2024M05.graphml"
"0.17","0.6","0.23","0.148797532295957","1,2,3,1,4,3,4,5,2,4,1,5,3,4,3,5,6","0.000488996505737305","louvain","graph_2024M05.graphml"
"0.16","0.61","0.23","0.14637315668271","1,2,3,1,3,2,3,3,2,3,1,4,3,3,2,3,5","0.000550985336303711","louvain","graph_2024M05.graphml"
"0.15","0.62","0.23","0.145111362557088","1,2,3,1,4,3,4,5,2,4,1,5,3,1,3,5,6","0.000529050827026367","louvain","graph_2024M05.graphml"
"0.14","0.63","0.23","0.146044831851385","1,2,3,1,4,3,4,5,2,4,1,5,3,4,3,5,6","0.00049901008605957","louvain","graph_2024M05.graphml"
"0.13","0.64","0.23","0.14695243158284","1,2,3,1,4,3,4,5,2,4,1,5,3,4,3,5,6","0.00049591064453125","louvain","graph_2024M05.graphml"
"0.12","0.65","0.23","0.149339521188804","1,2,3,1,3,2,3,3,2,3,1,4,3,3,2,3,5","0.000500917434692383","louvain","graph_2024M05.graphml"
"0.11","0.66","0.23","0.148968594908246","1,2,3,1,3,3,4,4,2,4,1,5,3,4,2,4,6","0.000517845153808594","louvain","graph_2024M05.graphml"
"0.1","0.67","0.23","0.150179680208351","1,2,3,1,4,3,4,4,2,4,1,4,3,1,3,4,5","0.000549077987670898","louvain","graph_2024M05.graphml"
"0.09","0.68","0.23","0.14966680758277","1,2,3,1,3,2,3,3,2,3,3,4,3,1,2,2,5","0.000524044036865234","louvain","graph_2024M05.graphml"
"0.08","0.69","0.23","0.150491349480969","1,2,3,1,4,2,4,4,2,4,3,4,3,1,3,4,5","0.000539064407348633","louvain","graph_2024M05.graphml"
"0.07","0.7","0.23","0.150703123278009","1,2,3,1,4,4,3,3,2,3,5,5,4,1,4,3,6","0.000514984130859375","louvain","graph_2024M05.graphml"
"0.06","0.71","0.23","0.151298694209101","1,2,3,1,4,2,3,3,2,4,4,4,3,1,2,3,5","0.000519990921020508","louvain","graph_2024M05.graphml"
"0.05","0.72","0.23","0.150925608967567","1,2,3,1,3,4,3,3,2,3,4,3,4,1,4,3,5","0.000524997711181641","louvain","graph_2024M05.graphml"
"0.04","0.73","0.23","0.150090556412894","1,2,3,2,4,4,3,3,2,3,1,5,4,1,4,3,6","0.000529050827026367","louvain","graph_2024M05.graphml"
"0.03","0.74","0.23","0.149437766782051","1,2,3,2,4,3,4,4,2,4,1,4,3,1,3,4,5","0.000488042831420898","louvain","graph_2024M05.graphml"
"0.02","0.75","0.23","0.153315459577209","1,2,3,2,4,3,4,4,2,4,1,4,3,1,3,4,5","0.000483036041259766","louvain","graph_2024M05.graphml"
"0.01","0.76","0.23","0.153963637121828","1,2,3,1,4,3,5,5,2,4,4,5,3,1,3,5,6","0.000478982925415039","louvain","graph_2024M05.graphml"
"0","0.77","0.23","0.15255423553719","1,2,3,1,3,4,3,3,2,3,4,3,4,1,4,3,5","0.000500202178955078","louvain","graph_2024M05.graphml"
"0.76","0","0.24","0.146167843591361","1,2,1,1,3,3,3,4,2,4,3,3,3,4,1,5,6","0.000453948974609375","louvain","graph_2024M05.graphml"
"0.75","0.01","0.24","0.148092764037604","1,2,1,1,3,3,3,4,2,4,3,5,3,4,1,4,6","0.000514984130859375","louvain","graph_2024M05.graphml"
"0.74","0.02","0.24","0.147877944239705","1,2,1,1,3,3,3,4,2,4,3,4,3,3,1,4,5","0.000465154647827148","louvain","graph_2024M05.graphml"
"0.73","0.03","0.24","0.146446084452786","1,2,1,3,3,1,3,3,2,3,3,4,3,3,1,4,5","0.000479936599731445","louvain","graph_2024M05.graphml"
"0.72","0.04","0.24","0.147174425714036","1,2,1,1,3,1,3,3,2,4,3,3,3,3,1,3,5","0.000453948974609375","louvain","graph_2024M05.graphml"
"0.71","0.05","0.24","0.147018114823855","1,2,1,1,3,1,3,3,2,4,1,3,3,3,1,3,5","0.000707149505615234","louvain","graph_2024M05.graphml"
"0.7","0.06","0.24","0.141596334027365","1,2,1,1,3,3,3,3,2,2,3,4,3,3,1,4,5","0.000452041625976562","louvain","graph_2024M05.graphml"
"0.69","0.07","0.24","0.142295684113866","1,2,1,3,3,1,3,3,2,4,3,5,3,1,1,5,6","0.0004730224609375","louvain","graph_2024M05.graphml"
"0.68","0.08","0.24","0.145880114348583","1,2,1,2,3,1,3,3,2,4,1,3,3,1,1,3,5","0.000518083572387695","louvain","graph_2024M05.graphml"
"0.67","0.09","0.24","0.143622933773172","1,2,1,1,3,3,3,3,2,4,3,5,3,1,1,3,6","0.000488996505737305","louvain","graph_2024M05.graphml"
"0.66","0.1","0.24","0.1437143938927","1,2,1,3,4,3,4,4,3,2,1,5,4,4,1,4,6","0.000760078430175781","louvain","graph_2024M05.graphml"
"0.65","0.11","0.24","0.14095335056256","1,2,1,3,4,3,4,4,3,2,4,5,4,1,1,4,6","0.000501871109008789","louvain","graph_2024M05.graphml"
"0.64","0.12","0.24","0.142478373702422","1,2,1,3,4,3,4,4,3,2,1,4,4,1,1,4,5","0.000546932220458984","louvain","graph_2024M05.graphml"
"0.63","0.13","0.24","0.143621915876196","1,2,1,3,4,3,4,4,3,2,1,2,4,4,1,4,5","0.000540018081665039","louvain","graph_2024M05.graphml"
"0.62","0.14","0.24","0.143770877780517","1,2,1,2,2,3,2,2,3,2,1,4,2,2,1,4,5","0.00049591064453125","louvain","graph_2024M05.graphml"
"0.61","0.15","0.24","0.144710823418064","1,2,1,2,2,3,2,2,3,2,1,4,2,2,1,4,5","0.000509023666381836","louvain","graph_2024M05.graphml"
"0.6","0.16","0.24","0.14616677168662","1,2,1,2,2,3,2,2,3,2,1,4,2,2,1,4,5","0.000499963760375977","louvain","graph_2024M05.graphml"
"0.59","0.17","0.24","0.144395352506872","1,2,1,1,3,4,3,3,4,2,3,2,3,3,1,4,5","0.000474214553833008","louvain","graph_2024M05.graphml"
"0.58","0.18","0.24","0.145325505350773","1,2,1,2,2,3,2,2,3,2,1,4,2,2,1,3,5","0.000658988952636719","louvain","graph_2024M05.graphml"
"0.57","0.19","0.24","0.145372369684978","1,2,1,3,2,3,2,2,3,2,1,2,2,1,1,2,4","0.000498056411743164","louvain","graph_2024M05.graphml"
"0.56","0.2","0.24","0.146682108729339","1,2,1,2,2,3,2,2,3,2,1,4,2,2,1,3,5","0.000489950180053711","louvain","graph_2024M05.graphml"
"0.55","0.21","0.24","0.145895209194215","1,2,1,2,2,3,2,2,3,2,2,4,2,1,1,3,5","0.000501871109008789","louvain","graph_2024M05.graphml"
"0.54","0.22","0.24","0.145041690407595","1,2,1,3,4,3,4,4,3,2,1,4,4,1,1,4,5","0.000514030456542969","louvain","graph_2024M05.graphml"
"0.53","0.23","0.24","0.143680775000798","1,2,1,2,3,3,2,2,3,2,2,4,2,1,1,2,5","0.000535964965820312","louvain","graph_2024M05.graphml"
"0.52","0.24","0.24","0.145450336997544","1,2,2,3,4,4,3,3,4,2,3,5,3,3,1,5,6","0.000500917434692383","louvain","graph_2024M05.graphml"
"0.51","0.25","0.24","0.143236882716049","1,2,2,1,3,3,4,4,3,2,4,5,4,4,3,4,6","0.000500917434692383","louvain","graph_2024M05.graphml"
"0.5","0.26","0.24","0.143011633995856","1,2,2,1,3,4,3,3,4,2,3,3,3,1,4,3,5","0.000487089157104492","louvain","graph_2024M05.graphml"
"0.49","0.27","0.24","0.141449553194059","1,2,2,1,3,4,3,3,4,2,3,3,3,1,4,3,5","0.000602960586547852","louvain","graph_2024M05.graphml"
"0.48","0.28","0.24","0.143185075696497","1,2,2,3,4,4,3,3,4,2,3,5,3,3,4,5,6","0.000498056411743164","louvain","graph_2024M05.graphml"
"0.47","0.29","0.24","0.147625270066598","1,2,2,1,3,4,3,3,4,2,3,3,3,1,4,3,5","0.000509977340698242","louvain","graph_2024M05.graphml"
"0.46","0.3","0.24","0.14656190926276","1,2,2,1,3,4,3,3,4,2,3,3,3,1,4,3,5","0.000519990921020508","louvain","graph_2024M05.graphml"
"0.45","0.31","0.24","0.14654127100073","1,2,2,1,3,4,3,3,4,2,3,3,3,1,4,3,5","0.000471830368041992","louvain","graph_2024M05.graphml"
"0.44","0.32","0.24","0.148563727873259","1,2,3,1,4,2,4,4,2,3,4,4,4,1,2,4,5","0.000468969345092773","louvain","graph_2024M05.graphml"
"0.43","0.33","0.24","0.148563727873259","1,2,3,1,4,2,4,4,2,3,4,4,4,1,2,4,5","0.000607013702392578","louvain","graph_2024M05.graphml"
"0.42","0.34","0.24","0.148069686509733","1,2,3,1,4,2,4,4,2,3,4,4,4,1,2,4,5","0.000489950180053711","louvain","graph_2024M05.graphml"
"0.41","0.35","0.24","0.147098762391912","1,2,3,1,4,2,4,4,2,3,4,4,4,1,2,4,5","0.000493049621582031","louvain","graph_2024M05.graphml"
"0.4","0.36","0.24","0.14588284732125","1,2,3,1,4,2,4,3,2,3,4,4,4,1,2,3,5","0.000652074813842773","louvain","graph_2024M05.graphml"
"0.39","0.37","0.24","0.145556244844535","1,2,3,1,4,2,4,4,2,3,4,4,4,1,2,4,5","0.000492095947265625","louvain","graph_2024M05.graphml"
"0.38","0.38","0.24","0.143143869117895","1,2,3,1,4,2,4,4,2,3,4,4,4,1,2,4,5","0.000594854354858398","louvain","graph_2024M05.graphml"
"0.37","0.39","0.24","0.145201884614352","1,2,3,1,4,2,4,4,2,3,4,4,4,1,2,4,5","0.000681161880493164","louvain","graph_2024M05.graphml"
"0.36","0.4","0.24","0.141831032215648","1,2,3,1,3,2,4,4,2,4,3,3,3,4,2,4,5","0.000561952590942383","louvain","graph_2024M05.graphml"
"0.35","0.41","0.24","0.144414858645628","1,2,3,1,2,2,3,3,2,3,3,4,3,3,2,4,5","0.000515937805175781","louvain","graph_2024M05.graphml"
"0.34","0.42","0.24","0.143589743589744","1,2,3,1,4,2,4,3,2,3,4,4,4,1,2,3,5","0.000468015670776367","louvain","graph_2024M05.graphml"
"0.33","0.43","0.24","0.145135759185249","1,2,3,1,3,2,4,3,2,4,3,3,3,4,2,3,5","0.000540018081665039","louvain","graph_2024M05.graphml"
"0.32","0.44","0.24","0.147411038676596","1,2,3,1,4,2,4,3,2,4,3,3,3,1,3,3,5","0.000530004501342773","louvain","graph_2024M05.graphml"
"0.31","0.45","0.24","0.146155993629805","1,2,3,1,3,2,4,4,2,4,1,5,3,4,3,4,6","0.000509023666381836","louvain","graph_2024M05.graphml"
"0.3","0.46","0.24","0.142973348157361","1,2,3,1,4,3,4,5,2,4,1,5,3,4,3,5,6","0.000481128692626953","louvain","graph_2024M05.graphml"
"0.29","0.47","0.24","0.146171875","1,2,3,1,3,2,3,3,2,3,1,4,3,3,2,3,5","0.000590085983276367","louvain","graph_2024M05.graphml"
"0.28","0.48","0.24","0.146765635721988","1,2,3,1,4,2,4,3,2,4,1,3,3,4,2,3,5","0.00048518180847168","louvain","graph_2024M05.graphml"
"0.27","0.49","0.24","0.14887827901672","1,2,3,1,3,2,3,3,2,3,1,4,3,3,2,4,5","0.000617027282714844","louvain","graph_2024M05.graphml"
"0.26","0.5","0.24","0.146642723676867","1,2,3,1,4,2,4,5,2,4,1,5,3,3,3,5,6","0.000527143478393555","louvain","graph_2024M05.graphml"
"0.25","0.51","0.24","0.146642723676867","1,2,3,1,3,2,4,4,2,4,1,5,3,4,3,4,6","0.000602006912231445","louvain","graph_2024M05.graphml"
"0.24","0.52","0.24","0.147628419127191","1,2,3,1,4,3,4,5,2,4,1,5,3,4,3,5,6","0.000494956970214844","louvain","graph_2024M05.graphml"
"0.23","0.53","0.24","0.146734272233766","1,2,3,1,4,3,4,5,2,4,1,5,3,4,3,5,6","0.000471830368041992","louvain","graph_2024M05.graphml"
"0.22","0.54","0.24","0.145666415307758","1,2,3,1,4,3,4,5,2,4,1,5,3,3,2,5,6","0.000504016876220703","louvain","graph_2024M05.graphml"
"0.21","0.55","0.24","0.144069873275922","1,2,3,1,4,3,4,5,2,4,1,5,3,4,3,5,6","0.000669956207275391","louvain","graph_2024M05.graphml"
"0.2","0.56","0.24","0.145007983742198","1,2,3,1,4,3,4,5,2,4,1,5,3,4,3,5,6","0.000500202178955078","louvain","graph_2024M05.graphml"
"0.19","0.57","0.24","0.145007983742198","1,2,3,1,4,3,4,5,2,4,1,5,3,4,3,5,6","0.000513076782226562","louvain","graph_2024M05.graphml"
"0.18","0.58","0.24","0.143953402366864","1,2,3,1,4,3,4,5,2,4,1,5,3,4,3,5,6","0.000479936599731445","louvain","graph_2024M05.graphml"
"0.17","0.59","0.24","0.145561941433462","1,2,3,1,4,3,4,5,2,4,3,5,3,1,2,5,6","0.000478029251098633","louvain","graph_2024M05.graphml"
"0.16","0.6","0.24","0.147463519049455","1,2,3,1,4,2,4,4,2,4,3,4,3,1,3,4,5","0.000514030456542969","louvain","graph_2024M05.graphml"
"0.15","0.61","0.24","0.147374098105953","1,2,3,1,3,3,4,5,2,4,4,5,3,1,2,5,6","0.000532865524291992","louvain","graph_2024M05.graphml"
"0.14","0.62","0.24","0.147815614014497","1,2,3,1,4,3,4,4,2,4,4,4,3,1,3,2,5","0.000488996505737305","louvain","graph_2024M05.graphml"
"0.13","0.63","0.24","0.149601049174547","1,2,3,1,3,3,4,4,2,4,5,5,3,1,2,4,6","0.000504016876220703","louvain","graph_2024M05.graphml"
"0.12","0.64","0.24","0.151129465455498","1,2,3,1,3,2,4,3,2,4,5,5,3,1,2,4,6","0.000538825988769531","louvain","graph_2024M05.graphml"
"0.11","0.65","0.24","0.149191454840454","1,2,3,1,3,2,4,3,2,4,5,5,3,1,2,4,6","0.000577926635742188","louvain","graph_2024M05.graphml"
"0.1","0.66","0.24","0.149426118827161","1,2,3,1,4,2,3,3,2,4,4,4,3,1,2,3,5","0.000540971755981445","louvain","graph_2024M05.graphml"
"0.09","0.67","0.24","0.148556456921999","1,2,3,2,4,4,3,3,2,3,1,5,4,1,4,3,6","0.000699043273925781","louvain","graph_2024M05.graphml"
"0.08","0.68","0.24","0.149507200422777","1,2,3,2,4,4,3,3,2,3,1,5,4,1,4,3,6","0.000512838363647461","louvain","graph_2024M05.graphml"
"0.07","0.69","0.24","0.150609349262943","1,2,3,1,4,2,4,3,2,4,4,4,3,1,2,4,5","0.000529050827026367","louvain","graph_2024M05.graphml"
"0.06","0.7","0.24","0.149674918664806","1,2,3,1,4,2,4,3,2,4,4,4,3,1,2,4,5","0.000485897064208984","louvain","graph_2024M05.graphml"
"0.05","0.71","0.24","0.14972882231405","1,2,3,1,3,2,4,4,2,5,5,4,3,1,3,4,6","0.000503063201904297","louvain","graph_2024M05.graphml"
"0.04","0.72","0.24","0.151284847311324","1,2,3,1,4,3,5,5,2,4,4,5,3,1,3,5,6","0.000489950180053711","louvain","graph_2024M05.graphml"
"0.03","0.73","0.24","0.153145544192841","1,2,3,2,4,3,4,4,2,4,1,4,3,1,3,4,5","0.000579833984375","louvain","graph_2024M05.graphml"
"0.02","0.74","0.24","0.1523721752304","1,2,3,2,4,4,3,3,2,3,1,3,4,1,4,3,5","0.000498056411743164","louvain","graph_2024M05.graphml"
"0.01","0.75","0.24","0.151608870987743","1,2,3,1,4,3,4,4,2,4,3,4,3,1,2,4,1","0.000524044036865234","louvain","graph_2024M05.graphml"
"0","0.76","0.24","0.152995061728395","1,2,3,2,4,3,4,4,2,4,1,4,3,1,3,4,1","0.000532865524291992","louvain","graph_2024M05.graphml"
"0.75","0","0.25","0.139242066063654","1,2,1,3,3,1,3,3,2,3,1,4,3,3,1,4,5","0.000483036041259766","louvain","graph_2024M05.graphml"
"0.74","0.01","0.25","0.141195249303357","1,2,1,1,3,3,3,3,2,4,3,5,3,1,1,3,6","0.000526905059814453","louvain","graph_2024M05.graphml"
"0.73","0.02","0.25","0.143866921768707","1,2,1,3,3,2,3,3,2,3,1,4,3,3,1,4,5","0.000510931015014648","louvain","graph_2024M05.graphml"
"0.72","0.03","0.25","0.141968068344946","1,2,1,3,3,2,3,3,2,3,1,4,3,3,1,4,5","0.00049901008605957","louvain","graph_2024M05.graphml"
"0.71","0.04","0.25","0.142262110726644","1,2,1,3,4,3,4,4,3,2,4,5,4,1,1,4,6","0.000551939010620117","louvain","graph_2024M05.graphml"
"0.7","0.05","0.25","0.14548493553572","1,2,1,2,2,3,2,2,3,2,1,4,2,2,1,4,5","0.000526189804077148","louvain","graph_2024M05.graphml"
"0.69","0.06","0.25","0.143235386616121","1,2,1,1,2,3,2,2,3,2,2,4,2,2,1,4,5","0.000611066818237305","louvain","graph_2024M05.graphml"
"0.68","0.07","0.25","0.143770877780517","1,2,1,2,2,3,2,2,3,2,1,4,2,2,1,4,5","0.000481128692626953","louvain","graph_2024M05.graphml"
"0.67","0.08","0.25","0.143789717414819","1,2,1,3,4,3,4,4,3,2,1,5,4,4,1,4,6","0.000524997711181641","louvain","graph_2024M05.graphml"
"0.66","0.09","0.25","0.144773231236868","1,2,1,3,4,3,4,4,3,2,1,5,4,4,1,4,6","0.000449895858764648","louvain","graph_2024M05.graphml"
"0.65","0.1","0.25","0.143657517505615","1,2,1,3,4,3,4,4,3,2,4,5,4,1,1,4,6","0.000461101531982422","louvain","graph_2024M05.graphml"
"0.64","0.11","0.25","0.145708984326894","1,2,1,1,2,3,2,2,3,2,2,4,2,2,1,3,5","0.000513076782226562","louvain","graph_2024M05.graphml"
"0.63","0.12","0.25","0.144534693877551","1,2,1,1,3,4,3,3,4,2,3,5,3,3,1,4,6","0.000535964965820312","louvain","graph_2024M05.graphml"
"0.62","0.13","0.25","0.147569892820248","1,2,1,3,4,3,4,4,3,2,4,5,4,1,1,4,6","0.000535011291503906","louvain","graph_2024M05.graphml"
"0.61","0.14","0.25","0.147585647906652","1,2,1,2,2,3,2,2,3,2,1,4,2,2,1,4,5","0.000506162643432617","louvain","graph_2024M05.graphml"
"0.6","0.15","0.25","0.144544565080167","1,2,1,3,4,4,3,3,4,2,3,5,3,1,1,3,6","0.000533819198608398","louvain","graph_2024M05.graphml"
"0.59","0.16","0.25","0.144544565080167","1,2,1,3,4,4,3,3,4,2,3,5,3,1,1,3,6","0.000771999359130859","louvain","graph_2024M05.graphml"
"0.58","0.17","0.25","0.14547376798477","1,2,1,2,3,3,2,2,3,2,2,4,2,2,1,4,5","0.000574827194213867","louvain","graph_2024M05.graphml"
"0.57","0.18","0.25","0.143177100821098","1,2,2,3,4,3,4,4,3,2,1,4,4,1,3,4,5","0.000511884689331055","louvain","graph_2024M05.graphml"
"0.56","0.19","0.25","0.142981674918488","1,2,2,1,3,4,3,3,4,2,3,3,3,1,4,3,5","0.000554084777832031","louvain","graph_2024M05.graphml"
"0.55","0.2","0.25","0.144045787202102","1,2,2,1,3,4,3,3,4,2,3,3,3,1,4,3,5","0.000501871109008789","louvain","graph_2024M05.graphml"
"0.54","0.21","0.25","0.14534250052256","1,2,2,1,3,4,3,3,4,2,3,3,3,1,4,3,5","0.000554084777832031","louvain","graph_2024M05.graphml"
"0.53","0.22","0.25","0.14534250052256","1,2,2,1,3,4,3,3,4,2,3,3,3,1,4,3,5","0.000524044036865234","louvain","graph_2024M05.graphml"
"0.52","0.23","0.25","0.147604673878717","1,2,2,1,3,4,3,3,4,2,3,3,3,1,4,3,5","0.000478982925415039","louvain","graph_2024M05.graphml"
"0.51","0.24","0.25","0.145004032228769","1,2,2,1,3,4,3,3,4,2,3,3,3,1,4,3,5","0.000510931015014648","louvain","graph_2024M05.graphml"
"0.5","0.25","0.25","0.146284975141635","1,2,2,1,3,4,3,3,4,2,3,3,3,1,4,3,5","0.000494003295898438","louvain","graph_2024M05.graphml"
"0.49","0.26","0.25","0.143046106002294","1,2,3,1,3,2,3,4,2,3,3,4,3,1,2,4,5","0.000494003295898438","louvain","graph_2024M05.graphml"
"0.48","0.27","0.25","0.145251848672685","1,2,3,1,4,2,4,4,2,3,4,4,4,1,2,4,5","0.000513076782226562","louvain","graph_2024M05.graphml"
"0.47","0.28","0.25","0.143065002332203","1,2,3,1,4,2,4,4,2,3,4,4,4,1,2,4,5","0.00053095817565918","louvain","graph_2024M05.graphml"
"0.46","0.29","0.25","0.144328254847645","1,2,3,1,4,2,4,4,2,3,4,4,4,1,2,4,5","0.000747919082641602","louvain","graph_2024M05.graphml"
"0.45","0.3","0.25","0.141356884292619","1,2,3,1,3,2,3,4,2,4,3,3,3,1,2,4,5","0.000512123107910156","louvain","graph_2024M05.graphml"
"0.44","0.31","0.25","0.138920559959521","1,2,3,1,2,3,4,3,2,4,3,3,3,4,3,3,5","0.000535964965820312","louvain","graph_2024M05.graphml"
"0.43","0.32","0.25","0.142353730470826","1,2,3,1,4,2,4,4,2,3,4,4,4,1,2,4,5","0.000577926635742188","louvain","graph_2024M05.graphml"
"0.42","0.33","0.25","0.145414201183432","1,2,3,1,4,2,4,4,2,3,4,4,4,1,2,4,5","0.000514984130859375","louvain","graph_2024M05.graphml"
"0.41","0.34","0.25","0.145414201183432","1,2,3,1,4,2,4,4,2,3,4,4,4,1,2,4,5","0.000505208969116211","louvain","graph_2024M05.graphml"
"0.4","0.35","0.25","0.145414201183432","1,2,3,1,4,2,4,4,2,3,4,4,4,1,2,4,5","0.000746011734008789","louvain","graph_2024M05.graphml"
"0.39","0.36","0.25","0.146627115207253","1,2,3,1,4,2,4,4,2,3,4,4,4,1,2,4,5","0.000519037246704102","louvain","graph_2024M05.graphml"
"0.38","0.37","0.25","0.14289677073768","1,2,3,1,4,2,3,3,2,4,1,3,3,1,2,3,5","0.000510215759277344","louvain","graph_2024M05.graphml"
"0.37","0.38","0.25","0.144003492440374","1,2,3,1,3,2,3,3,2,3,1,3,3,3,2,3,4","0.000522851943969727","louvain","graph_2024M05.graphml"
"0.36","0.39","0.25","0.14346329482855","1,2,3,1,3,3,3,3,2,3,1,4,3,3,2,3,5","0.000640869140625","louvain","graph_2024M05.graphml"
"0.35","0.4","0.25","0.146493898665875","1,2,3,1,3,2,3,3,2,3,1,4,3,3,2,4,5","0.000491857528686523","louvain","graph_2024M05.graphml"
"0.34","0.41","0.25","0.144145336773208","1,2,3,1,4,3,4,5,2,4,1,5,3,4,3,5,6","0.000504016876220703","louvain","graph_2024M05.graphml"
"0.33","0.42","0.25","0.144145336773208","1,2,3,1,4,3,4,5,2,4,1,5,3,4,3,5,6","0.000502109527587891","louvain","graph_2024M05.graphml"
"0.32","0.43","0.25","0.144877305288828","1,2,3,1,4,3,4,5,2,4,1,5,3,4,3,5,6","0.000510931015014648","louvain","graph_2024M05.graphml"
"0.31","0.44","0.25","0.145832827780339","1,2,3,1,4,3,4,5,2,4,1,5,3,4,3,5,6","0.000524997711181641","louvain","graph_2024M05.graphml"
"0.3","0.45","0.25","0.14646313687747","1,2,3,1,4,2,4,3,2,4,1,3,3,4,2,3,5","0.000520944595336914","louvain","graph_2024M05.graphml"
"0.29","0.46","0.25","0.144638618052226","1,2,3,1,4,2,4,3,2,4,1,3,3,4,2,3,5","0.000583887100219727","louvain","graph_2024M05.graphml"
"0.28","0.47","0.25","0.14366929022528","1,2,3,1,4,2,4,3,2,4,1,3,3,4,2,3,5","0.000559091567993164","louvain","graph_2024M05.graphml"
"0.27","0.48","0.25","0.142926322667974","1,2,3,1,3,3,4,4,2,4,1,5,3,4,2,4,6","0.000494956970214844","louvain","graph_2024M05.graphml"
"0.26","0.49","0.25","0.143886949889053","1,2,3,1,3,2,3,3,2,3,1,4,3,3,2,3,5","0.000513792037963867","louvain","graph_2024M05.graphml"
"0.25","0.5","0.25","0.145336967835803","1,2,3,1,3,2,3,3,2,3,1,4,3,3,2,4,5","0.000490903854370117","louvain","graph_2024M05.graphml"
"0.24","0.51","0.25","0.145570485472286","1,2,3,1,4,2,4,3,2,4,4,3,3,1,2,3,5","0.000674009323120117","louvain","graph_2024M05.graphml"
"0.23","0.52","0.25","0.146612811791383","1,2,3,1,4,2,4,3,2,4,4,3,3,1,2,3,5","0.000488042831420898","louvain","graph_2024M05.graphml"
"0.22","0.53","0.25","0.148601221895285","1,2,3,1,4,2,4,3,2,4,4,4,3,1,2,3,5","0.00053095817565918","louvain","graph_2024M05.graphml"
"0.21","0.54","0.25","0.147849146868311","1,2,3,1,4,2,4,3,2,4,4,4,3,1,2,3,5","0.000514030456542969","louvain","graph_2024M05.graphml"
"0.2","0.55","0.25","0.149416496084016","1,2,3,1,4,2,4,3,2,4,4,4,3,1,2,3,5","0.000502109527587891","louvain","graph_2024M05.graphml"
"0.19","0.56","0.25","0.148561117540271","1,2,3,1,4,2,4,3,2,4,4,4,3,1,2,3,5","0.000493049621582031","louvain","graph_2024M05.graphml"
"0.18","0.57","0.25","0.147790438000228","1,2,3,1,3,2,4,3,2,4,5,5,3,1,2,4,6","0.000485897064208984","louvain","graph_2024M05.graphml"
"0.17","0.58","0.25","0.147252514385381","1,2,3,1,3,2,4,3,2,4,4,4,3,1,2,4,5","0.000530004501342773","louvain","graph_2024M05.graphml"
"0.16","0.59","0.25","0.148007385834486","1,2,3,1,3,2,4,3,2,4,4,4,3,1,2,4,5","0.000529050827026367","louvain","graph_2024M05.graphml"
"0.15","0.6","0.25","0.149088746539797","1,2,3,4,3,4,2,3,4,2,1,5,3,1,4,2,6","0.000490903854370117","louvain","graph_2024M05.graphml"
"0.14","0.61","0.25","0.146605892456071","1,2,3,1,3,2,4,3,2,4,5,5,3,1,2,4,6","0.000486135482788086","louvain","graph_2024M05.graphml"
"0.13","0.62","0.25","0.146349739079202","1,2,3,4,3,4,2,3,4,2,1,5,3,1,4,2,6","0.00055694580078125","louvain","graph_2024M05.graphml"
"0.12","0.63","0.25","0.147971789579033","1,2,3,1,4,2,4,3,2,4,4,4,3,1,2,4,5","0.000528097152709961","louvain","graph_2024M05.graphml"
"0.11","0.64","0.25","0.149580164643333","1,2,3,1,4,2,4,3,2,4,4,4,3,1,2,4,5","0.000504970550537109","louvain","graph_2024M05.graphml"
"0.1","0.65","0.25","0.148760774758912","1,2,3,1,3,2,4,3,2,4,4,4,3,1,2,4,5","0.000468969345092773","louvain","graph_2024M05.graphml"
"0.09","0.66","0.25","0.148059353168679","1,2,3,2,4,2,4,3,2,4,1,4,3,1,2,4,5","0.000509977340698242","louvain","graph_2024M05.graphml"
"0.08","0.67","0.25","0.14927005290052","1,2,3,2,4,4,3,3,2,3,1,3,4,1,4,3,1","0.000516891479492188","louvain","graph_2024M05.graphml"
"0.07","0.68","0.25","0.149645746970663","1,2,3,1,4,2,3,3,2,3,4,3,4,1,2,3,1","0.000498056411743164","louvain","graph_2024M05.graphml"
"0.06","0.69","0.25","0.152995061728395","1,2,3,2,4,3,4,4,2,4,1,4,3,1,3,4,1","0.00051116943359375","louvain","graph_2024M05.graphml"
"0.05","0.7","0.25","0.153143209876543","1,2,3,2,4,4,3,3,2,3,1,3,4,1,4,3,1","0.000536918640136719","louvain","graph_2024M05.graphml"
"0.04","0.71","0.25","0.152133585245517","1,2,3,2,4,1,3,3,2,3,1,3,4,1,4,3,1","0.0005340576171875","louvain","graph_2024M05.graphml"
"0.03","0.72","0.25","0.151911189423938","1,2,3,2,4,1,4,4,2,4,3,4,3,1,3,4,1","0.000527858734130859","louvain","graph_2024M05.graphml"
"0.02","0.73","0.25","0.151911189423938","1,2,3,2,4,1,4,4,2,4,3,4,3,1,3,4,1","0.000576019287109375","louvain","graph_2024M05.graphml"
"0.01","0.74","0.25","0.154634257479317","1,2,3,2,4,1,4,4,2,4,3,4,3,1,3,4,1","0.000531911849975586","louvain","graph_2024M05.graphml"
"0","0.75","0.25","0.153745274102079","1,2,3,1,4,1,4,4,2,4,3,4,3,1,2,4,1","0.000488042831420898","louvain","graph_2024M05.graphml"
"0.74","0","0.26","0.142188615837009","1,2,1,3,4,3,4,4,3,2,1,5,4,4,1,4,6","0.000473976135253906","louvain","graph_2024M05.graphml"
"0.73","0.01","0.26","0.143485415483311","1,2,1,3,4,3,4,4,3,2,4,5,4,1,1,4,6","0.000463008880615234","louvain","graph_2024M05.graphml"
"0.72","0.02","0.26","0.143485415483311","1,2,1,3,4,3,4,4,3,2,4,5,4,1,1,4,6","0.00049591064453125","louvain","graph_2024M05.graphml"
"0.71","0.03","0.26","0.143855525749736","1,2,1,1,2,3,2,2,3,2,2,4,2,2,1,3,5","0.000504970550537109","louvain","graph_2024M05.graphml"
"0.7","0.04","0.26","0.142947384066587","1,2,1,3,3,2,3,3,2,3,1,4,3,3,1,4,5","0.000482082366943359","louvain","graph_2024M05.graphml"
"0.69","0.05","0.26","0.143359183673469","1,2,1,3,3,2,3,3,2,3,1,4,3,3,1,4,5","0.000477075576782227","louvain","graph_2024M05.graphml"
"0.68","0.06","0.26","0.141411899535124","1,2,1,3,4,3,4,4,3,2,1,5,4,4,4,4,6","0.000483036041259766","louvain","graph_2024M05.graphml"
"0.67","0.07","0.26","0.145444316767212","1,2,1,3,3,4,3,3,4,2,3,5,3,1,3,5,6","0.000728130340576172","louvain","graph_2024M05.graphml"
"0.66","0.08","0.26","0.14526086094029","1,2,1,3,4,4,3,3,4,2,1,5,3,3,3,3,6","0.000492095947265625","louvain","graph_2024M05.graphml"
"0.65","0.09","0.26","0.143853632420605","1,2,1,1,3,3,4,4,3,2,4,5,4,4,1,4,6","0.000508785247802734","louvain","graph_2024M05.graphml"
"0.64","0.1","0.26","0.142361111111111","1,2,1,3,4,4,3,3,4,2,3,5,3,3,1,5,6","0.000478029251098633","louvain","graph_2024M05.graphml"
"0.63","0.11","0.26","0.141002258783309","1,2,3,1,4,4,3,3,4,2,3,5,3,1,4,3,6","0.000542879104614258","louvain","graph_2024M05.graphml"
"0.62","0.12","0.26","0.140804250694361","1,2,2,3,4,4,3,3,4,2,3,5,3,1,4,3,6","0.000539064407348633","louvain","graph_2024M05.graphml"
"0.61","0.13","0.26","0.144425305704252","1,2,2,1,3,4,3,3,4,2,3,3,3,1,4,3,5","0.000519037246704102","louvain","graph_2024M05.graphml"
"0.6","0.14","0.26","0.144425305704252","1,2,2,1,3,4,3,3,4,2,3,3,3,1,4,3,5","0.000480890274047852","louvain","graph_2024M05.graphml"
"0.59","0.15","0.26","0.143375620274102","1,2,2,1,3,4,3,3,4,2,3,3,3,1,4,3,5","0.000491142272949219","louvain","graph_2024M05.graphml"
"0.58","0.16","0.26","0.140796201607012","1,2,2,1,3,4,3,3,4,2,3,3,3,1,4,3,5","0.000478982925415039","louvain","graph_2024M05.graphml"
"0.57","0.17","0.26","0.142479767794332","1,2,3,1,4,4,3,3,4,2,3,3,3,1,4,3,5","0.00049901008605957","louvain","graph_2024M05.graphml"
"0.56","0.18","0.26","0.144460093225428","1,2,2,1,3,4,3,3,4,2,3,3,3,1,4,3,5","0.000500917434692383","louvain","graph_2024M05.graphml"
"0.55","0.19","0.26","0.142718938429173","1,2,3,1,4,2,4,4,2,3,4,4,4,1,2,4,5","0.000488042831420898","louvain","graph_2024M05.graphml"
"0.54","0.2","0.26","0.142024299431707","1,2,3,1,4,2,4,4,2,3,4,4,4,1,2,4,5","0.000502824783325195","louvain","graph_2024M05.graphml"
"0.53","0.21","0.26","0.143287779951407","1,2,3,1,4,2,4,4,2,3,4,4,4,1,2,4,5","0.000512123107910156","louvain","graph_2024M05.graphml"
"0.52","0.22","0.26","0.144328254847645","1,2,3,1,4,2,4,4,2,3,4,4,4,1,2,4,5","0.000478029251098633","louvain","graph_2024M05.graphml"
"0.51","0.23","0.26","0.13837779247251","1,2,3,1,2,2,3,4,2,3,3,4,3,3,2,4,5","0.000470161437988281","louvain","graph_2024M05.graphml"
"0.5","0.24","0.26","0.140880418283016","1,2,3,1,4,2,4,4,2,3,4,4,4,1,2,4,5","0.000509977340698242","louvain","graph_2024M05.graphml"
"0.49","0.25","0.26","0.142111197616043","1,2,3,1,4,2,4,4,2,3,4,4,4,1,2,4,5","0.000518083572387695","louvain","graph_2024M05.graphml"
"0.48","0.26","0.26","0.142353730470826","1,2,3,1,4,2,4,4,2,3,4,4,4,1,2,4,5","0.000555992126464844","louvain","graph_2024M05.graphml"
"0.47","0.27","0.26","0.144404940490745","1,2,3,1,4,2,4,4,2,3,4,4,4,1,2,4,5","0.000500917434692383","louvain","graph_2024M05.graphml"
"0.46","0.28","0.26","0.1419208403922","1,2,3,1,4,2,4,4,2,3,4,4,4,1,2,4,5","0.000509023666381836","louvain","graph_2024M05.graphml"
"0.45","0.29","0.26","0.142188751802596","1,2,3,1,3,2,3,3,2,3,3,3,3,1,2,4,5","0.000494956970214844","louvain","graph_2024M05.graphml"
"0.44","0.3","0.26","0.142090092847669","1,2,3,1,3,2,3,3,2,3,1,3,3,1,2,3,4","0.000520944595336914","louvain","graph_2024M05.graphml"
"0.43","0.31","0.26","0.143441310042022","1,2,3,1,3,2,3,3,2,3,1,4,3,3,2,4,5","0.000561952590942383","louvain","graph_2024M05.graphml"
"0.42","0.32","0.26","0.142232146782998","1,2,3,1,3,2,3,3,2,3,1,3,3,1,2,3,4","0.000530004501342773","louvain","graph_2024M05.graphml"
"0.41","0.33","0.26","0.145571234009739","1,2,3,1,3,2,3,3,2,3,1,4,3,3,2,4,5","0.000510931015014648","louvain","graph_2024M05.graphml"
"0.4","0.34","0.26","0.146493898665875","1,2,3,1,3,2,3,3,2,3,1,4,3,3,2,4,5","0.000509023666381836","louvain","graph_2024M05.graphml"
"0.39","0.35","0.26","0.142270612113562","1,2,3,1,4,3,4,5,2,4,1,5,3,4,3,5,6","0.000488996505737305","louvain","graph_2024M05.graphml"
"0.38","0.36","0.26","0.141975308641975","1,2,3,1,4,3,4,5,2,4,1,5,3,4,3,5,6","0.000491857528686523","louvain","graph_2024M05.graphml"
"0.37","0.37","0.26","0.147216360495215","1,2,3,1,3,2,3,3,2,3,1,4,3,3,2,4,5","0.000531196594238281","louvain","graph_2024M05.graphml"
"0.36","0.38","0.26","0.144619274241523","1,2,3,1,4,2,4,3,2,4,1,3,3,4,2,3,5","0.000520944595336914","louvain","graph_2024M05.graphml"
"0.35","0.39","0.26","0.1431037326798","1,2,3,1,4,2,4,3,2,4,1,3,3,4,2,3,5","0.000488042831420898","louvain","graph_2024M05.graphml"
"0.34","0.4","0.26","0.142133095697342","1,2,3,1,4,2,4,3,2,4,1,3,3,4,2,3,5","0.000586032867431641","louvain","graph_2024M05.graphml"
"0.33","0.41","0.26","0.145336967835803","1,2,3,1,3,2,3,3,2,3,1,4,3,3,2,4,5","0.000519037246704102","louvain","graph_2024M05.graphml"
"0.32","0.42","0.26","0.145336967835803","1,2,3,1,3,2,3,3,2,3,1,4,3,3,2,4,5","0.00059199333190918","louvain","graph_2024M05.graphml"
"0.31","0.43","0.26","0.143600764634509","1,2,3,1,4,2,3,3,2,3,1,4,3,3,2,3,5","0.000530004501342773","louvain","graph_2024M05.graphml"
"0.3","0.44","0.26","0.144659121331047","1,2,3,1,3,2,3,3,2,3,4,4,3,1,2,3,5","0.000510931015014648","louvain","graph_2024M05.graphml"
"0.29","0.45","0.26","0.146673173814185","1,2,3,1,3,2,3,3,2,3,4,4,3,1,2,3,5","0.000517845153808594","louvain","graph_2024M05.graphml"
"0.28","0.46","0.26","0.146673173814185","1,2,3,1,3,2,3,3,2,3,4,4,3,1,2,3,5","0.000530004501342773","louvain","graph_2024M05.graphml"
"0.27","0.47","0.26","0.147714377892488","1,2,3,1,4,2,3,3,2,4,4,4,3,1,2,3,5","0.000513076782226562","louvain","graph_2024M05.graphml"
"0.26","0.48","0.26","0.145618634446523","1,2,3,1,4,2,3,3,2,4,4,4,3,1,2,2,5","0.000489950180053711","louvain","graph_2024M05.graphml"
"0.25","0.49","0.26","0.146653091973098","1,2,3,1,4,2,3,3,2,4,4,4,3,1,2,2,5","0.000500917434692383","louvain","graph_2024M05.graphml"
"0.24","0.5","0.26","0.146653091973098","1,2,3,1,4,2,3,3,2,4,4,4,3,1,2,2,5","0.000488996505737305","louvain","graph_2024M05.graphml"
"0.23","0.51","0.26","0.148034072471606","1,2,3,1,3,2,3,3,2,3,4,4,3,1,2,3,5","0.000510931015014648","louvain","graph_2024M05.graphml"
"0.22","0.52","0.26","0.147414051783265","1,2,3,1,4,2,3,3,2,4,4,4,3,1,2,3,5","0.000496149063110352","louvain","graph_2024M05.graphml"
"0.21","0.53","0.26","0.145279429250892","1,2,3,1,3,2,3,3,2,3,4,4,3,1,2,3,5","0.000524997711181641","louvain","graph_2024M05.graphml"
"0.2","0.54","0.26","0.146658739595719","1,2,3,1,4,2,3,3,2,4,4,4,3,1,2,3,5","0.000498056411743164","louvain","graph_2024M05.graphml"
"0.19","0.55","0.26","0.145691185480366","1,2,3,4,3,4,2,3,4,2,1,5,3,1,4,2,6","0.000530004501342773","louvain","graph_2024M05.graphml"
"0.18","0.56","0.26","0.1457460228102","1,2,3,1,4,2,3,3,2,4,4,4,3,1,2,3,5","0.000535964965820312","louvain","graph_2024M05.graphml"
"0.17","0.57","0.26","0.146758786017092","1,2,3,1,4,2,3,3,2,4,4,4,3,1,2,3,5","0.000529050827026367","louvain","graph_2024M05.graphml"
"0.16","0.58","0.26","0.149758868829693","1,2,3,1,4,2,3,3,2,4,4,4,3,1,2,3,1","0.000550985336303711","louvain","graph_2024M05.graphml"
"0.15","0.59","0.26","0.147000385368026","1,2,3,4,5,4,3,3,4,2,3,5,3,1,4,2,1","0.000512123107910156","louvain","graph_2024M05.graphml"
"0.14","0.6","0.26","0.14819903007372","1,2,3,1,4,2,4,3,2,4,3,4,3,1,2,4,1","0.000528097152709961","louvain","graph_2024M05.graphml"
"0.13","0.61","0.26","0.149493306084791","1,2,3,1,4,3,4,4,2,4,3,4,3,1,2,4,1","0.000580072402954102","louvain","graph_2024M05.graphml"
"0.12","0.62","0.26","0.149524830261405","1,2,3,2,3,1,3,3,2,3,3,4,3,1,2,4,1","0.000513076782226562","louvain","graph_2024M05.graphml"
"0.11","0.63","0.26","0.149676462526431","1,2,3,2,4,1,3,3,2,3,5,4,5,1,5,3,1","0.000536918640136719","louvain","graph_2024M05.graphml"
"0.1","0.64","0.26","0.149259751237773","1,2,3,2,4,1,4,4,2,4,3,4,3,1,3,4,1","0.000473976135253906","louvain","graph_2024M05.graphml"
"0.09","0.65","0.26","0.151110295379569","1,2,3,2,4,1,4,4,2,4,3,4,3,1,3,4,1","0.000633955001831055","louvain","graph_2024M05.graphml"
"0.08","0.66","0.26","0.150049126404374","1,2,3,2,4,1,3,3,2,3,4,3,4,1,2,3,1","0.000490188598632812","louvain","graph_2024M05.graphml"
"0.07","0.67","0.26","0.151363421550095","1,2,3,2,4,1,4,4,2,4,3,4,3,1,3,4,1","0.000585079193115234","louvain","graph_2024M05.graphml"
"0.06","0.68","0.26","0.152452165439178","1,2,3,1,4,1,4,4,2,4,3,4,3,1,2,4,1","0.000504016876220703","louvain","graph_2024M05.graphml"
"0.05","0.69","0.26","0.150603713459449","1,2,3,2,4,1,4,4,2,4,3,4,3,1,3,4,1","0.000557899475097656","louvain","graph_2024M05.graphml"
"0.04","0.7","0.26","0.150197080391524","1,2,3,1,4,1,4,4,2,4,3,4,3,1,2,4,1","0.000530004501342773","louvain","graph_2024M05.graphml"
"0.03","0.71","0.26","0.149961008109412","1,2,3,1,2,1,3,3,2,3,4,3,4,1,4,2,1","0.000557899475097656","louvain","graph_2024M05.graphml"
"0.02","0.72","0.26","0.14928136670497","1,2,3,1,2,1,3,3,2,3,4,3,4,1,4,2,1","0.00054478645324707","louvain","graph_2024M05.graphml"
"0.01","0.73","0.26","0.152261495844875","1,2,3,1,3,1,3,3,2,3,4,3,4,1,4,3,1","0.000518083572387695","louvain","graph_2024M05.graphml"
"0","0.74","0.26","0.154942886401294","1,2,3,1,3,1,3,3,2,3,4,3,4,1,4,3,1","0.000515937805175781","louvain","graph_2024M05.graphml"
"0.73","0","0.27","0.137024399920651","1,2,3,3,4,4,3,3,4,2,3,5,3,1,3,5,6","0.000498056411743164","louvain","graph_2024M05.graphml"
"0.72","0.01","0.27","0.137666831438458","1,2,3,1,4,4,3,3,4,2,3,5,3,3,3,5,6","0.000509977340698242","louvain","graph_2024M05.graphml"
"0.71","0.02","0.27","0.13897428294997","1,2,1,3,4,4,3,3,4,2,3,5,3,1,3,3,6","0.000507831573486328","louvain","graph_2024M05.graphml"
"0.7","0.03","0.27","0.14275136010313","1,2,1,3,4,4,3,3,4,2,1,5,3,3,3,3,6","0.000742912292480469","louvain","graph_2024M05.graphml"
"0.69","0.04","0.27","0.141532574568289","1,2,1,3,4,4,3,3,4,2,3,5,3,3,4,5,6","0.000509023666381836","louvain","graph_2024M05.graphml"
"0.68","0.05","0.27","0.14379808594483","1,2,1,3,4,3,4,4,3,2,1,4,4,1,3,4,5","0.000534772872924805","louvain","graph_2024M05.graphml"
"0.67","0.06","0.27","0.145472737476371","1,2,2,1,3,4,3,3,4,2,3,3,3,1,4,3,5","0.000617027282714844","louvain","graph_2024M05.graphml"
"0.66","0.07","0.27","0.143685757325142","1,2,3,1,4,4,3,3,4,2,3,3,3,1,4,3,5","0.000497102737426758","louvain","graph_2024M05.graphml"
"0.65","0.08","0.27","0.13905870620881","1,2,3,1,4,4,3,3,4,2,3,3,3,1,4,3,5","0.0005340576171875","louvain","graph_2024M05.graphml"
"0.64","0.09","0.27","0.13905870620881","1,2,3,1,4,4,3,3,4,2,3,3,3,1,4,3,5","0.000617027282714844","louvain","graph_2024M05.graphml"
"0.63","0.1","0.27","0.138847979639109","1,2,3,1,4,4,3,3,4,2,3,3,3,1,4,3,5","0.000486135482788086","louvain","graph_2024M05.graphml"
"0.62","0.11","0.27","0.13950387618832","1,2,3,1,4,4,3,3,4,2,3,3,3,1,4,3,5","0.000494956970214844","louvain","graph_2024M05.graphml"
"0.61","0.12","0.27","0.140671502649002","1,2,2,1,3,4,3,3,4,2,3,3,3,1,4,3,5","0.000458955764770508","louvain","graph_2024M05.graphml"
"0.6","0.13","0.27","0.143065002332203","1,2,3,1,4,2,4,4,2,3,4,4,4,1,2,4,5","0.0004730224609375","louvain","graph_2024M05.graphml"
"0.59","0.14","0.27","0.144328254847645","1,2,3,1,4,2,4,4,2,3,4,4,4,1,2,4,5","0.000471115112304688","louvain","graph_2024M05.graphml"
"0.58","0.15","0.27","0.140422935598443","1,2,3,1,4,2,4,4,2,3,4,4,4,1,2,4,5","0.000607013702392578","louvain","graph_2024M05.graphml"
"0.57","0.16","0.27","0.140422935598443","1,2,3,1,4,2,4,4,2,3,4,4,4,1,2,4,5","0.000492095947265625","louvain","graph_2024M05.graphml"
"0.56","0.17","0.27","0.142698600101198","1,2,3,1,4,2,4,4,2,3,4,4,4,1,2,4,5","0.000525951385498047","louvain","graph_2024M05.graphml"
"0.55","0.18","0.27","0.141250859657205","1,2,3,1,2,2,3,4,2,3,3,4,3,3,2,4,5","0.000568866729736328","louvain","graph_2024M05.graphml"
"0.54","0.19","0.27","0.143140436271859","1,2,3,1,4,2,4,4,2,3,4,4,4,1,2,4,5","0.000489950180053711","louvain","graph_2024M05.graphml"
"0.53","0.2","0.27","0.138954480936153","1,2,3,1,4,2,4,4,2,3,4,4,4,1,2,4,5","0.00049901008605957","louvain","graph_2024M05.graphml"
"0.52","0.21","0.27","0.140976416076635","1,2,3,1,2,2,3,4,2,3,3,4,3,3,2,4,5","0.000479936599731445","louvain","graph_2024M05.graphml"
"0.51","0.22","0.27","0.142090092847669","1,2,3,1,3,2,3,3,2,3,1,3,3,1,2,3,4","0.000493049621582031","louvain","graph_2024M05.graphml"
"0.5","0.23","0.27","0.144172495644049","1,2,3,1,3,2,3,3,2,3,1,4,3,3,2,4,5","0.00049281120300293","louvain","graph_2024M05.graphml"
"0.49","0.24","0.27","0.143020458414206","1,2,3,1,3,2,3,3,2,3,1,4,3,3,2,3,5","0.000530004501342773","louvain","graph_2024M05.graphml"
"0.48","0.25","0.27","0.145297603870623","1,2,3,1,3,2,3,3,2,3,1,4,3,3,2,4,5","0.000505924224853516","louvain","graph_2024M05.graphml"
"0.47","0.26","0.27","0.146493898665875","1,2,3,1,3,2,3,3,2,3,1,4,3,3,2,4,5","0.000523090362548828","louvain","graph_2024M05.graphml"
"0.46","0.27","0.27","0.146493898665875","1,2,3,1,3,2,3,3,2,3,1,4,3,3,2,4,5","0.000530004501342773","louvain","graph_2024M05.graphml"
"0.45","0.28","0.27","0.146877000457247","1,2,3,1,3,2,3,3,2,3,1,4,3,3,2,4,5","0.00050806999206543","louvain","graph_2024M05.graphml"
"0.44","0.29","0.27","0.14403648678833","1,2,3,1,3,2,3,3,2,3,1,4,3,3,2,4,5","0.00049901008605957","louvain","graph_2024M05.graphml"
"0.43","0.3","0.27","0.142045420579743","1,2,3,1,3,2,3,3,2,3,1,3,3,1,2,3,4","0.000509023666381836","louvain","graph_2024M05.graphml"
"0.42","0.31","0.27","0.144946454259683","1,2,3,1,3,2,3,3,2,3,1,4,3,3,2,4,5","0.000482082366943359","louvain","graph_2024M05.graphml"
"0.41","0.32","0.27","0.143457256878807","1,2,3,1,3,2,3,3,2,3,1,4,3,3,2,4,5","0.000507116317749023","louvain","graph_2024M05.graphml"
"0.4","0.33","0.27","0.143457256878807","1,2,3,1,3,2,3,3,2,3,1,4,3,3,2,4,5","0.000514984130859375","louvain","graph_2024M05.graphml"
"0.39","0.34","0.27","0.144453240569527","1,2,3,1,3,2,3,3,2,3,1,4,3,3,2,4,5","0.000531911849975586","louvain","graph_2024M05.graphml"
"0.38","0.35","0.27","0.143605978526531","1,2,3,1,3,2,3,3,2,3,1,4,3,3,2,4,5","0.000525951385498047","louvain","graph_2024M05.graphml"
"0.37","0.36","0.27","0.143812527185733","1,2,3,1,3,2,3,3,2,3,4,4,3,1,2,3,5","0.000514984130859375","louvain","graph_2024M05.graphml"
"0.36","0.37","0.27","0.143812527185733","1,2,3,1,3,2,3,3,2,3,4,4,3,1,2,3,5","0.000535964965820312","louvain","graph_2024M05.graphml"
"0.35","0.38","0.27","0.144464316946982","1,2,3,1,3,2,3,3,2,3,4,4,3,1,2,3,5","0.000517129898071289","louvain","graph_2024M05.graphml"
"0.34","0.39","0.27","0.143533381102567","1,2,3,1,4,2,3,3,2,4,4,3,3,1,2,3,5","0.000535011291503906","louvain","graph_2024M05.graphml"
"0.33","0.4","0.27","0.142997396760413","1,2,3,1,4,2,3,3,2,4,4,4,3,1,2,3,5","0.000523805618286133","louvain","graph_2024M05.graphml"
"0.32","0.41","0.27","0.142668512110727","1,2,3,1,4,2,3,3,2,4,4,4,3,1,2,2,5","0.000504016876220703","louvain","graph_2024M05.graphml"
"0.31","0.42","0.27","0.146653091973098","1,2,3,1,4,2,3,3,2,4,4,4,3,1,2,2,5","0.000710010528564453","louvain","graph_2024M05.graphml"
"0.3","0.43","0.27","0.145657761042376","1,2,3,1,4,2,3,3,2,4,4,4,3,1,2,2,5","0.000542879104614258","louvain","graph_2024M05.graphml"
"0.29","0.44","0.27","0.143910723994811","1,2,3,1,4,2,3,3,2,4,4,4,3,1,2,2,5","0.000499963760375977","louvain","graph_2024M05.graphml"
"0.28","0.45","0.27","0.143910723994811","1,2,3,1,4,2,3,3,2,4,4,4,3,1,2,2,5","0.000501871109008789","louvain","graph_2024M05.graphml"
"0.27","0.46","0.27","0.144997355591745","1,2,3,1,4,2,3,3,2,4,4,4,3,1,2,3,5","0.00139307975769043","louvain","graph_2024M05.graphml"
"0.26","0.47","0.27","0.144997355591745","1,2,3,1,4,2,3,3,2,4,4,4,3,1,2,3,5","0.00049901008605957","louvain","graph_2024M05.graphml"
"0.25","0.48","0.27","0.143801734742812","1,2,3,1,4,2,3,3,2,4,4,4,3,1,2,3,5","0.000478029251098633","louvain","graph_2024M05.graphml"
"0.24","0.49","0.27","0.143658389107817","1,2,3,1,4,4,2,3,4,2,3,5,3,1,4,2,6","0.000545978546142578","louvain","graph_2024M05.graphml"
"0.23","0.5","0.27","0.144631095068413","1,2,3,1,4,2,3,3,2,4,4,4,3,1,2,3,1","0.000540971755981445","louvain","graph_2024M05.graphml"
"0.22","0.51","0.27","0.145779160950841","1,2,3,1,4,2,3,3,2,4,4,4,3,1,2,3,1","0.000516891479492188","louvain","graph_2024M05.graphml"
"0.21","0.52","0.27","0.146586620404188","1,2,3,1,4,2,4,3,2,4,3,5,3,1,2,4,1","0.000504970550537109","louvain","graph_2024M05.graphml"
"0.2","0.53","0.27","0.14735071993754","1,2,3,1,4,2,4,4,2,4,3,4,3,1,3,4,1","0.000523090362548828","louvain","graph_2024M05.graphml"
"0.19","0.54","0.27","0.148249382716049","1,2,3,2,4,1,4,3,2,4,3,4,3,1,2,4,1","0.000535964965820312","louvain","graph_2024M05.graphml"
"0.18","0.55","0.27","0.147789568486177","1,2,3,2,4,1,4,4,2,4,3,4,3,1,3,4,1","0.000567913055419922","louvain","graph_2024M05.graphml"
"0.17","0.56","0.27","0.146901451690715","1,2,3,2,3,1,3,3,2,3,4,3,4,1,4,3,1","0.00049281120300293","louvain","graph_2024M05.graphml"
"0.16","0.57","0.27","0.148161714762561","1,2,3,2,3,1,3,3,2,3,3,4,3,1,2,3,1","0.000524997711181641","louvain","graph_2024M05.graphml"
"0.15","0.58","0.27","0.1483557440751","1,2,3,2,3,1,3,3,2,3,3,4,3,1,2,3,1","0.000519037246704102","louvain","graph_2024M05.graphml"
"0.14","0.59","0.27","0.148597948170325","1,2,3,2,4,1,4,4,2,4,3,4,3,1,3,4,1","0.000544071197509766","louvain","graph_2024M05.graphml"
"0.13","0.6","0.27","0.14799625974815","1,2,3,1,4,1,4,4,2,4,3,4,3,1,2,4,1","0.000523090362548828","louvain","graph_2024M05.graphml"
"0.12","0.61","0.27","0.148003214179548","1,2,3,2,4,1,4,4,2,4,3,4,3,1,3,4,1","0.000651121139526367","louvain","graph_2024M05.graphml"
"0.11","0.62","0.27","0.147873941289592","1,2,3,2,4,1,4,4,2,4,3,4,3,1,3,4,1","0.000533819198608398","louvain","graph_2024M05.graphml"
"0.1","0.63","0.27","0.147089180624717","1,2,3,2,4,1,4,4,2,4,3,4,3,1,3,4,1","0.000511884689331055","louvain","graph_2024M05.graphml"
"0.09","0.64","0.27","0.149474378770468","1,2,3,2,3,1,3,3,2,3,1,3,3,1,2,3,1","0.000532865524291992","louvain","graph_2024M05.graphml"
"0.08","0.65","0.27","0.15021163434903","1,2,3,1,4,1,3,3,2,3,4,3,4,1,4,2,1","0.000518083572387695","louvain","graph_2024M05.graphml"
"0.07","0.66","0.27","0.148432494628249","1,2,3,1,4,1,3,3,2,3,4,3,4,1,4,2,1","0.000547170639038086","louvain","graph_2024M05.graphml"
"0.06","0.67","0.27","0.148123046883513","1,2,3,1,4,1,3,3,2,3,1,3,4,1,2,4,1","0.000517129898071289","louvain","graph_2024M05.graphml"
"0.05","0.68","0.27","0.149001736111111","1,2,3,1,4,1,3,3,2,3,4,3,4,1,2,3,1","0.000513792037963867","louvain","graph_2024M05.graphml"
"0.04","0.69","0.27","0.150116052402955","1,2,3,1,4,1,3,3,2,3,4,3,4,1,2,3,1","0.000535964965820312","louvain","graph_2024M05.graphml"
"0.03","0.7","0.27","0.149761372174032","1,2,3,1,4,1,3,3,2,3,4,3,4,1,2,3,1","0.000480890274047852","louvain","graph_2024M05.graphml"
"0.02","0.71","0.27","0.151324582892368","1,2,3,1,4,1,3,3,2,3,4,3,4,1,2,3,1","0.000504970550537109","louvain","graph_2024M05.graphml"
"0.01","0.72","0.27","0.150391362239247","1,2,3,1,4,1,3,3,2,3,4,3,4,1,2,3,1","0.000509023666381836","louvain","graph_2024M05.graphml"
"0","0.73","0.27","0.151466141185802","1,2,3,1,4,1,3,3,2,3,4,3,4,1,2,3,1","0.000514984130859375","louvain","graph_2024M05.graphml"
"0.72","0","0.28","0.140121766043548","1,2,3,1,4,4,3,3,4,2,3,3,3,1,4,3,5","0.000493049621582031","louvain","graph_2024M05.graphml"
"0.71","0.01","0.28","0.13905870620881","1,2,3,1,4,4,3,3,4,2,3,3,3,1,4,3,5","0.0005340576171875","louvain","graph_2024M05.graphml"
"0.7","0.02","0.28","0.137566574905304","1,2,3,1,4,4,3,3,4,2,3,3,3,1,4,3,5","0.000509023666381836","louvain","graph_2024M05.graphml"
"0.69","0.03","0.28","0.138847979639109","1,2,3,1,4,4,3,3,4,2,3,3,3,1,4,3,5","0.000493049621582031","louvain","graph_2024M05.graphml"
"0.68","0.04","0.28","0.138428729062924","1,2,2,1,3,4,3,3,4,2,3,3,3,1,4,3,5","0.000459909439086914","louvain","graph_2024M05.graphml"
"0.67","0.05","0.28","0.138757748242793","1,2,3,1,4,4,3,3,4,2,3,3,3,1,4,3,5","0.000524997711181641","louvain","graph_2024M05.graphml"
"0.66","0.06","0.28","0.136666806640352","1,2,3,3,4,4,3,5,4,2,3,5,3,1,4,5,6","0.00051116943359375","louvain","graph_2024M05.graphml"
"0.65","0.07","0.28","0.140326947320561","1,2,3,1,4,2,4,4,2,3,4,4,4,1,2,4,5","0.000528812408447266","louvain","graph_2024M05.graphml"
"0.64","0.08","0.28","0.139377347112195","1,2,3,1,4,2,4,4,2,3,4,4,4,1,2,4,5","0.00046086311340332","louvain","graph_2024M05.graphml"
"0.63","0.09","0.28","0.141665988498264","1,2,3,1,4,2,4,4,2,3,4,4,4,1,2,4,5","0.000510931015014648","louvain","graph_2024M05.graphml"
"0.62","0.1","0.28","0.142698600101198","1,2,3,1,4,2,4,4,2,3,4,4,4,1,2,4,5","0.000504016876220703","louvain","graph_2024M05.graphml"
"0.61","0.11","0.28","0.140750457636415","1,2,3,1,4,2,4,4,2,3,4,4,4,1,2,4,5","0.000523090362548828","louvain","graph_2024M05.graphml"
"0.6","0.12","0.28","0.137770553567808","1,2,3,1,4,2,3,3,2,3,3,4,3,3,2,5,6","0.000506162643432617","louvain","graph_2024M05.graphml"
"0.59","0.13","0.28","0.139007835276968","1,2,3,1,2,2,3,3,2,3,3,4,3,3,2,4,5","0.000513076782226562","louvain","graph_2024M05.graphml"
"0.58","0.14","0.28","0.138243044629619","1,2,3,1,4,2,3,3,2,3,3,4,3,3,2,5,6","0.000472068786621094","louvain","graph_2024M05.graphml"
"0.57","0.15","0.28","0.142265457606367","1,2,3,1,3,2,3,3,2,3,1,4,3,3,2,4,5","0.000478982925415039","louvain","graph_2024M05.graphml"
"0.56","0.16","0.28","0.141130369350066","1,2,3,1,4,2,4,4,2,3,1,4,4,1,2,4,5","0.000494003295898438","louvain","graph_2024M05.graphml"
"0.55","0.17","0.28","0.142342759613981","1,2,3,1,4,2,3,3,2,3,1,4,3,3,2,3,5","0.000512123107910156","louvain","graph_2024M05.graphml"
"0.54","0.18","0.28","0.143441310042022","1,2,3,1,3,2,3,3,2,3,1,4,3,3,2,4,5","0.000504970550537109","louvain","graph_2024M05.graphml"
"0.53","0.19","0.28","0.144287038015933","1,2,3,1,3,2,3,3,2,3,1,3,3,1,2,3,4","0.000501155853271484","louvain","graph_2024M05.graphml"
"0.52","0.2","0.28","0.142713765862729","1,2,3,1,3,2,3,3,2,3,1,4,3,3,2,4,5","0.000501871109008789","louvain","graph_2024M05.graphml"
"0.51","0.21","0.28","0.143133174791914","1,2,3,1,3,2,3,3,2,3,1,4,3,3,2,4,5","0.00047612190246582","louvain","graph_2024M05.graphml"
"0.5","0.22","0.28","0.141487048250673","1,2,3,1,3,2,3,3,2,3,1,3,3,1,2,3,4","0.000494956970214844","louvain","graph_2024M05.graphml"
"0.49","0.23","0.28","0.141287923854848","1,2,3,1,3,2,3,3,2,3,1,3,3,1,2,3,4","0.000510931015014648","louvain","graph_2024M05.graphml"
"0.48","0.24","0.28","0.140576397398435","1,2,3,1,3,2,3,3,2,3,1,4,3,3,2,4,5","0.000758171081542969","louvain","graph_2024M05.graphml"
"0.47","0.25","0.28","0.139171340371383","1,2,3,1,4,2,3,3,2,4,1,3,3,1,2,3,5","0.000483989715576172","louvain","graph_2024M05.graphml"
"0.46","0.26","0.28","0.142398305678079","1,2,3,1,3,2,3,3,2,3,1,4,3,3,2,4,5","0.000542879104614258","louvain","graph_2024M05.graphml"
"0.45","0.27","0.28","0.140714566383136","1,2,3,1,3,2,3,3,2,3,3,3,3,1,2,3,4","0.000501155853271484","louvain","graph_2024M05.graphml"
"0.44","0.28","0.28","0.143812527185733","1,2,3,1,3,2,3,3,2,3,4,4,3,1,2,3,5","0.000525951385498047","louvain","graph_2024M05.graphml"
"0.43","0.29","0.28","0.143812527185733","1,2,3,1,3,2,3,3,2,3,4,4,3,1,2,3,5","0.000503063201904297","louvain","graph_2024M05.graphml"
"0.42","0.3","0.28","0.143616780045351","1,2,3,1,3,2,3,3,2,3,4,4,3,1,2,3,5","0.00053715705871582","louvain","graph_2024M05.graphml"
"0.41","0.31","0.28","0.143616780045351","1,2,3,1,3,2,3,3,2,3,4,4,3,1,2,3,5","0.000519037246704102","louvain","graph_2024M05.graphml"
"0.4","0.32","0.28","0.142735033090538","1,2,3,1,3,2,3,3,2,3,3,4,3,1,2,4,5","0.000504970550537109","louvain","graph_2024M05.graphml"
"0.39","0.33","0.28","0.141965557137771","1,2,3,1,3,2,3,3,2,3,3,3,3,1,2,3,4","0.0005340576171875","louvain","graph_2024M05.graphml"
"0.38","0.34","0.28","0.142572571579713","1,2,3,1,3,2,3,3,2,3,3,3,3,1,2,3,4","0.000541925430297852","louvain","graph_2024M05.graphml"
"0.37","0.35","0.28","0.14374890820159","1,2,3,1,3,2,3,3,2,3,3,3,3,1,2,2,4","0.000496864318847656","louvain","graph_2024M05.graphml"
"0.36","0.36","0.28","0.144286100594916","1,2,3,1,3,2,3,3,2,3,3,3,3,1,2,2,4","0.000550031661987305","louvain","graph_2024M05.graphml"
"0.35","0.37","0.28","0.143264732640328","1,2,3,1,3,2,3,3,2,3,3,3,3,1,2,2,4","0.000525951385498047","louvain","graph_2024M05.graphml"
"0.34","0.38","0.28","0.144245471341502","1,2,3,1,4,2,3,3,2,4,3,4,3,1,2,2,5","0.000495195388793945","louvain","graph_2024M05.graphml"
"0.33","0.39","0.28","0.142093994613248","1,2,3,1,4,2,3,3,2,4,3,4,3,1,2,2,5","0.000485897064208984","louvain","graph_2024M05.graphml"
"0.32","0.4","0.28","0.141962831663778","1,2,3,1,4,2,3,3,2,4,4,4,3,1,2,3,5","0.000514984130859375","louvain","graph_2024M05.graphml"
"0.31","0.41","0.28","0.142983361481203","1,2,3,1,4,2,3,3,2,4,4,4,3,1,2,3,1","0.000519037246704102","louvain","graph_2024M05.graphml"
"0.3","0.42","0.28","0.144685084918321","1,2,3,1,3,2,3,3,2,3,3,4,3,1,2,3,1","0.000546932220458984","louvain","graph_2024M05.graphml"
"0.29","0.43","0.28","0.144631095068413","1,2,3,1,4,2,3,3,2,4,4,4,3,1,2,3,1","0.000528097152709961","louvain","graph_2024M05.graphml"
"0.28","0.44","0.28","0.144125575162166","1,2,3,1,3,2,3,3,2,3,3,4,3,1,2,3,1","0.000524997711181641","louvain","graph_2024M05.graphml"
"0.27","0.45","0.28","0.144125575162166","1,2,3,1,3,2,3,3,2,3,3,4,3,1,2,3,1","0.000548839569091797","louvain","graph_2024M05.graphml"
"0.26","0.46","0.28","0.146447357226151","1,2,3,2,3,1,3,3,2,3,3,4,3,1,2,3,1","0.000535011291503906","louvain","graph_2024M05.graphml"
"0.25","0.47","0.28","0.146841975308642","1,2,3,2,3,1,3,3,2,3,3,3,3,1,2,3,1","0.000557899475097656","louvain","graph_2024M05.graphml"
"0.24","0.48","0.28","0.145552381748369","1,2,3,2,3,1,3,3,2,3,3,3,3,1,2,3,1","0.000529050827026367","louvain","graph_2024M05.graphml"
"0.23","0.49","0.28","0.146306484454538","1,2,3,2,4,1,4,3,2,4,3,4,3,1,2,4,1","0.000586032867431641","louvain","graph_2024M05.graphml"
"0.22","0.5","0.28","0.149312884917281","1,2,3,2,3,1,3,3,2,3,3,4,3,1,2,3,1","0.000703096389770508","louvain","graph_2024M05.graphml"
"0.21","0.51","0.28","0.146258945060018","1,2,3,2,3,1,3,3,2,3,4,3,4,1,4,3,1","0.000966072082519531","louvain","graph_2024M05.graphml"
"0.2","0.52","0.28","0.145416530204432","1,2,3,2,3,1,3,3,2,3,3,4,3,1,2,3,1","0.000515937805175781","louvain","graph_2024M05.graphml"
"0.19","0.53","0.28","0.14529153002533","1,2,3,2,3,1,3,3,2,3,3,3,3,1,2,3,1","0.000570058822631836","louvain","graph_2024M05.graphml"
"0.18","0.54","0.28","0.145846764537936","1,2,3,2,3,1,3,3,2,3,3,3,3,1,2,3,1","0.00053095817565918","louvain","graph_2024M05.graphml"
"0.17","0.55","0.28","0.146155215866754","1,2,3,2,3,1,3,3,2,3,1,3,3,1,2,3,1","0.000540018081665039","louvain","graph_2024M05.graphml"
"0.16","0.56","0.28","0.146489424734272","1,2,2,3,2,1,2,2,3,2,1,2,2,1,3,2,1","0.000507116317749023","louvain","graph_2024M05.graphml"
"0.15","0.57","0.28","0.145854847645429","1,2,3,1,4,1,3,3,2,3,4,3,4,1,4,2,1","0.000509977340698242","louvain","graph_2024M05.graphml"
"0.14","0.58","0.28","0.146492998199973","1,2,3,1,4,1,3,3,2,3,4,3,4,1,4,2,1","0.000514030456542969","louvain","graph_2024M05.graphml"
"0.13","0.59","0.28","0.146492998199973","1,2,3,1,4,1,3,3,2,3,4,3,4,1,4,2,1","0.000520944595336914","louvain","graph_2024M05.graphml"
"0.12","0.6","0.28","0.147727864583333","1,2,3,1,4,1,3,3,2,3,4,3,4,1,4,2,1","0.000542879104614258","louvain","graph_2024M05.graphml"
"0.11","0.61","0.28","0.147727864583333","1,2,3,1,4,1,3,3,2,3,4,3,4,1,4,2,1","0.000514030456542969","louvain","graph_2024M05.graphml"
"0.1","0.62","0.28","0.149653070711592","1,2,3,1,3,1,3,3,2,3,3,3,3,1,2,3,1","0.000540971755981445","louvain","graph_2024M05.graphml"
"0.09","0.63","0.28","0.147545847278191","1,2,3,1,3,1,3,3,2,3,3,3,3,1,2,3,1","0.0005340576171875","louvain","graph_2024M05.graphml"
"0.08","0.64","0.28","0.148240140419242","1,2,3,1,4,1,3,3,2,3,4,3,4,1,2,3,1","0.000495195388793945","louvain","graph_2024M05.graphml"
"0.07","0.65","0.28","0.146476468138276","1,2,3,1,4,1,3,3,2,3,4,3,4,1,2,3,1","0.000528812408447266","louvain","graph_2024M05.graphml"
"0.06","0.66","0.28","0.148931687487607","1,2,3,1,4,1,3,3,2,3,4,3,4,1,2,3,1","0.00050806999206543","louvain","graph_2024M05.graphml"
"0.05","0.67","0.28","0.149615220705142","1,2,3,1,4,1,3,3,2,3,4,3,4,1,2,3,1","0.000557899475097656","louvain","graph_2024M05.graphml"
"0.04","0.68","0.28","0.149615220705142","1,2,3,1,4,1,3,3,2,3,4,3,4,1,2,3,1","0.000505924224853516","louvain","graph_2024M05.graphml"
"0.03","0.69","0.28","0.147770876690947","1,2,3,1,4,1,3,3,2,3,4,3,4,1,2,3,1","0.000566005706787109","louvain","graph_2024M05.graphml"
"0.02","0.7","0.28","0.14799","1,2,3,1,4,1,3,3,2,3,4,3,4,1,2,3,1","0.00053095817565918","louvain","graph_2024M05.graphml"
"0.01","0.71","0.28","0.147274313648153","1,2,3,1,4,1,3,3,2,3,4,3,4,1,2,3,1","0.000531911849975586","louvain","graph_2024M05.graphml"
"0","0.72","0.28","0.145725072436382","1,2,3,1,4,1,3,3,2,3,3,3,4,1,4,3,1","0.000550031661987305","louvain","graph_2024M05.graphml"
"0.71","0","0.29","0.140422935598443","1,2,3,1,4,2,4,4,2,3,4,4,4,1,2,4,5","0.000745058059692383","louvain","graph_2024M05.graphml"
"0.7","0.01","0.29","0.141665988498264","1,2,3,1,4,2,4,4,2,3,4,4,4,1,2,4,5","0.000478982925415039","louvain","graph_2024M05.graphml"
"0.69","0.02","0.29","0.138489941176078","1,2,3,1,4,2,4,4,2,3,4,4,4,1,2,4,5","0.000480175018310547","louvain","graph_2024M05.graphml"
"0.68","0.03","0.29","0.139716627696886","1,2,3,1,4,2,4,4,2,3,4,4,4,1,2,4,5","0.000530004501342773","louvain","graph_2024M05.graphml"
"0.67","0.04","0.29","0.138691919826065","1,2,3,1,4,2,4,4,2,3,4,4,4,1,2,4,5","0.000629901885986328","louvain","graph_2024M05.graphml"
"0.66","0.05","0.29","0.139723865877712","1,2,3,1,4,2,4,4,2,3,4,4,4,1,2,4,5","0.000494956970214844","louvain","graph_2024M05.graphml"
"0.65","0.06","0.29","0.137478524573095","1,2,3,1,2,2,3,3,2,3,3,4,3,3,2,4,5","0.000483989715576172","louvain","graph_2024M05.graphml"
"0.64","0.07","0.29","0.139236388466593","1,2,3,1,3,2,3,3,2,3,1,4,3,3,2,4,5","0.000484943389892578","louvain","graph_2024M05.graphml"
"0.63","0.08","0.29","0.140211504566576","1,2,3,1,3,2,3,3,2,3,1,4,3,3,2,4,5","0.0005340576171875","louvain","graph_2024M05.graphml"
"0.62","0.09","0.29","0.142265457606367","1,2,3,1,3,2,3,3,2,3,1,4,3,3,2,4,5","0.000504970550537109","louvain","graph_2024M05.graphml"
"0.61","0.1","0.29","0.142265457606367","1,2,3,1,3,2,3,3,2,3,1,4,3,3,2,4,5","0.000499963760375977","louvain","graph_2024M05.graphml"
"0.6","0.11","0.29","0.142681264564921","1,2,3,1,3,2,3,4,2,3,1,4,3,3,2,4,5","0.000488042831420898","louvain","graph_2024M05.graphml"
"0.59","0.12","0.29","0.141778668844831","1,2,3,1,3,2,3,3,2,3,1,4,3,3,2,4,5","0.000531911849975586","louvain","graph_2024M05.graphml"
"0.58","0.13","0.29","0.140358600816457","1,2,3,1,3,2,3,3,2,3,1,4,3,3,2,4,5","0.00049591064453125","louvain","graph_2024M05.graphml"
"0.57","0.14","0.29","0.139486937555142","1,2,3,1,3,2,3,3,2,3,1,4,3,3,2,4,5","0.000475168228149414","louvain","graph_2024M05.graphml"
"0.56","0.15","0.29","0.142533308380974","1,2,3,1,3,2,3,3,2,3,1,4,3,3,2,4,5","0.000503063201904297","louvain","graph_2024M05.graphml"
"0.55","0.16","0.29","0.139725970074306","1,2,3,1,3,2,3,3,2,3,1,4,3,3,2,4,5","0.000537872314453125","louvain","graph_2024M05.graphml"
"0.54","0.17","0.29","0.140576397398435","1,2,3,1,3,2,3,3,2,3,1,4,3,3,2,4,5","0.000509977340698242","louvain","graph_2024M05.graphml"
"0.53","0.18","0.29","0.139171340371383","1,2,3,1,4,2,3,3,2,4,1,3,3,1,2,3,5","0.00053095817565918","louvain","graph_2024M05.graphml"
"0.52","0.19","0.29","0.141003490199704","1,2,3,1,3,2,3,3,2,3,3,4,3,3,2,4,5","0.000484943389892578","louvain","graph_2024M05.graphml"
"0.51","0.2","0.29","0.143909823493052","1,2,3,1,3,2,3,3,2,3,3,4,3,1,2,4,5","0.000520944595336914","louvain","graph_2024M05.graphml"
"0.5","0.21","0.29","0.142540199702667","1,2,3,1,3,2,3,3,2,3,3,4,3,1,2,4,5","0.00053095817565918","louvain","graph_2024M05.graphml"
"0.49","0.22","0.29","0.141318402150819","1,2,3,1,3,2,3,3,2,3,3,3,3,1,2,3,4","0.000511884689331055","louvain","graph_2024M05.graphml"
"0.48","0.23","0.29","0.143710317460317","1,2,3,1,3,2,3,3,2,3,3,4,3,1,2,4,5","0.000493049621582031","louvain","graph_2024M05.graphml"
"0.47","0.24","0.29","0.142362592933672","1,2,3,1,3,2,3,3,2,3,3,3,3,1,2,4,5","0.00051116943359375","louvain","graph_2024M05.graphml"
"0.46","0.25","0.29","0.141804245283019","1,2,3,1,3,2,3,3,2,3,3,4,3,1,2,4,5","0.000535964965820312","louvain","graph_2024M05.graphml"
"0.45","0.26","0.29","0.140633343716625","1,2,3,1,3,2,3,3,2,3,3,3,3,1,2,4,5","0.000504016876220703","louvain","graph_2024M05.graphml"
"0.44","0.27","0.29","0.142572571579713","1,2,3,1,3,2,3,3,2,3,3,3,3,1,2,3,4","0.000535011291503906","louvain","graph_2024M05.graphml"
"0.43","0.28","0.29","0.14120353865814","1,2,3,1,3,2,3,3,2,3,3,3,3,1,2,3,4","0.000523090362548828","louvain","graph_2024M05.graphml"
"0.42","0.29","0.29","0.139321254732288","1,2,3,1,3,2,3,3,2,3,3,3,3,1,2,2,4","0.000742912292480469","louvain","graph_2024M05.graphml"
"0.41","0.3","0.29","0.139874828532236","1,2,3,1,3,2,3,3,2,3,3,3,3,1,2,2,4","0.00050806999206543","louvain","graph_2024M05.graphml"
"0.4","0.31","0.29","0.14111227858701","1,2,3,1,3,2,3,3,2,3,3,3,3,1,2,2,4","0.000504970550537109","louvain","graph_2024M05.graphml"
"0.39","0.32","0.29","0.14109922050469","1,2,3,1,3,2,3,3,2,3,3,3,3,1,2,2,4","0.000587940216064453","louvain","graph_2024M05.graphml"
"0.38","0.33","0.29","0.142320196111438","1,2,3,1,3,2,3,3,2,3,3,3,3,1,2,2,1","0.000524997711181641","louvain","graph_2024M05.graphml"
"0.37","0.34","0.29","0.141536210376659","1,2,3,1,4,2,4,3,2,4,3,4,3,1,2,4,1","0.000523090362548828","louvain","graph_2024M05.graphml"
"0.36","0.35","0.29","0.142998544844998","1,2,3,1,3,2,3,3,2,3,3,4,3,1,2,4,1","0.000515937805175781","louvain","graph_2024M05.graphml"
"0.35","0.36","0.29","0.141617947254488","1,2,3,4,5,4,2,3,4,2,3,5,3,1,4,2,1","0.000602960586547852","louvain","graph_2024M05.graphml"
"0.34","0.37","0.29","0.141947690934177","1,2,3,4,5,4,2,3,4,2,3,5,3,1,4,2,1","0.000522136688232422","louvain","graph_2024M05.graphml"
"0.33","0.38","0.29","0.143479358666835","1,2,3,2,3,1,3,3,2,3,3,4,3,1,2,3,1","0.000547170639038086","louvain","graph_2024M05.graphml"
"0.32","0.39","0.29","0.145391348738045","1,2,3,2,3,1,3,3,2,3,3,4,3,1,2,3,1","0.000500917434692383","louvain","graph_2024M05.graphml"
"0.31","0.4","0.29","0.145907014350127","1,2,3,2,3,1,3,3,2,3,3,4,3,1,2,3,1","0.000506877899169922","louvain","graph_2024M05.graphml"
"0.3","0.41","0.29","0.146641975308642","1,2,3,2,3,1,3,3,2,3,3,4,3,1,2,3,1","0.000504016876220703","louvain","graph_2024M05.graphml"
"0.29","0.42","0.29","0.146009606639102","1,2,3,2,3,1,3,3,2,3,3,4,3,1,2,3,1","0.000519990921020508","louvain","graph_2024M05.graphml"
"0.28","0.43","0.29","0.147403378994099","1,2,3,2,3,1,3,3,2,3,3,3,3,1,2,3,1","0.000504970550537109","louvain","graph_2024M05.graphml"
"0.27","0.44","0.29","0.145959693395006","1,2,3,2,3,1,3,3,2,3,3,3,3,1,2,3,1","0.000513076782226562","louvain","graph_2024M05.graphml"
"0.26","0.45","0.29","0.144703060287476","1,2,3,2,3,1,3,3,2,3,3,3,3,1,2,3,1","0.00053095817565918","louvain","graph_2024M05.graphml"
"0.25","0.46","0.29","0.14529153002533","1,2,3,2,3,1,3,3,2,3,3,3,3,1,2,3,1","0.000522851943969727","louvain","graph_2024M05.graphml"
"0.24","0.47","0.29","0.144682774490467","1,2,3,2,3,1,3,3,2,3,1,4,3,1,2,3,1","0.000509977340698242","louvain","graph_2024M05.graphml"
"0.23","0.48","0.29","0.145250748996413","1,2,3,2,3,1,3,3,2,3,1,3,3,1,2,3,1","0.000503063201904297","louvain","graph_2024M05.graphml"
"0.22","0.49","0.29","0.141768591215795","1,2,3,1,3,1,3,3,2,3,3,3,3,1,2,2,1","0.000516891479492188","louvain","graph_2024M05.graphml"
"0.21","0.5","0.29","0.143536842105263","1,2,3,1,3,1,3,3,2,3,1,3,3,1,2,3,1","0.000494003295898438","louvain","graph_2024M05.graphml"
"0.2","0.51","0.29","0.146418698275824","1,2,3,1,3,1,3,3,2,3,1,3,3,1,2,3,1","0.00056910514831543","louvain","graph_2024M05.graphml"
"0.19","0.52","0.29","0.145404054550866","1,2,3,1,3,1,3,3,2,3,3,3,3,1,3,2,1","0.000553131103515625","louvain","graph_2024M05.graphml"
"0.18","0.53","0.29","0.147726430759978","1,2,3,1,3,1,3,3,2,3,1,3,3,1,2,3,1","0.00053715705871582","louvain","graph_2024M05.graphml"
"0.17","0.54","0.29","0.146484375","1,2,3,1,3,1,3,3,2,3,1,3,3,1,2,3,1","0.000524997711181641","louvain","graph_2024M05.graphml"
"0.16","0.55","0.29","0.146927201882643","1,2,3,1,3,1,3,3,2,3,1,3,3,1,2,3,1","0.00052189826965332","louvain","graph_2024M05.graphml"
"0.15","0.56","0.29","0.146742480603677","1,2,3,1,4,1,3,3,2,3,4,3,4,1,2,3,1","0.000538110733032227","louvain","graph_2024M05.graphml"
"0.14","0.57","0.29","0.144370632894383","1,2,2,1,3,1,4,4,2,4,3,4,3,1,2,4,1","0.000520944595336914","louvain","graph_2024M05.graphml"
"0.13","0.58","0.29","0.145650217146934","1,2,3,1,4,1,3,3,2,3,4,3,4,1,2,3,1","0.00053095817565918","louvain","graph_2024M05.graphml"
"0.12","0.59","0.29","0.146541823649944","1,2,3,1,4,1,3,3,2,3,4,3,4,1,2,3,1","0.000532150268554688","louvain","graph_2024M05.graphml"
"0.11","0.6","0.29","0.146258545046424","1,2,3,1,4,1,3,3,2,3,4,3,4,1,2,3,1","0.000531911849975586","louvain","graph_2024M05.graphml"
"0.1","0.61","0.29","0.145224294354839","1,2,3,1,4,1,3,3,2,3,4,3,4,1,2,3,1","0.000536918640136719","louvain","graph_2024M05.graphml"
"0.09","0.62","0.29","0.145224294354839","1,2,3,1,4,1,3,3,2,3,4,3,4,1,2,3,1","0.000519037246704102","louvain","graph_2024M05.graphml"
"0.08","0.63","0.29","0.147127923181031","1,2,3,1,4,1,3,3,2,3,4,3,4,1,2,3,1","0.000777006149291992","louvain","graph_2024M05.graphml"
"0.07","0.64","0.29","0.146434","1,2,3,1,4,1,3,3,2,3,4,3,4,1,2,3,1","0.00053095817565918","louvain","graph_2024M05.graphml"
"0.06","0.65","0.29","0.145380628878907","1,2,3,1,4,1,3,3,2,3,4,3,4,1,2,4,1","0.000889062881469727","louvain","graph_2024M05.graphml"
"0.05","0.66","0.29","0.144020455404384","1,2,3,1,4,1,3,3,2,3,3,3,4,1,4,3,1","0.000516891479492188","louvain","graph_2024M05.graphml"
"0.04","0.67","0.29","0.145895499070443","1,2,3,1,4,1,3,3,2,3,3,3,4,1,4,3,1","0.000654935836791992","louvain","graph_2024M05.graphml"
"0.03","0.68","0.29","0.143738830713175","1,2,3,1,4,1,3,3,2,3,3,3,4,1,4,3,1","0.000519037246704102","louvain","graph_2024M05.graphml"
"0.02","0.69","0.29","0.143043060361399","1,2,3,1,4,1,3,3,2,3,3,3,4,1,4,3,1","0.000524044036865234","louvain","graph_2024M05.graphml"
"0.01","0.7","0.29","0.142786026000977","1,2,3,1,4,5,3,3,2,5,3,3,4,1,4,3,1","0.000488042831420898","louvain","graph_2024M05.graphml"
"0","0.71","0.29","0.14431224085091","1,2,3,1,4,4,4,4,2,4,4,3,4,1,4,4,1","0.000544071197509766","louvain","graph_2024M05.graphml"
"0.7","0","0.3","0.135905703500832","1,2,3,1,3,2,3,3,2,3,1,3,3,1,2,3,4","0.000635147094726562","louvain","graph_2024M05.graphml"
"0.69","0.01","0.3","0.137993120152542","1,2,3,1,4,2,4,4,2,3,1,4,4,1,2,4,5","0.000483989715576172","louvain","graph_2024M05.graphml"
"0.68","0.02","0.3","0.139236388466593","1,2,3,1,3,2,3,3,2,3,1,4,3,3,2,4,5","0.000503063201904297","louvain","graph_2024M05.graphml"
"0.67","0.03","0.3","0.137025804363964","1,2,3,1,4,2,3,3,2,3,1,4,3,3,2,5,6","0.000466823577880859","louvain","graph_2024M05.graphml"
"0.66","0.04","0.3","0.13924353704268","1,2,3,1,4,2,3,3,2,3,1,4,3,3,2,3,5","0.00049901008605957","louvain","graph_2024M05.graphml"
"0.65","0.05","0.3","0.138166604067509","1,2,3,1,3,2,3,4,2,3,1,4,3,3,2,4,5","0.000489950180053711","louvain","graph_2024M05.graphml"
"0.64","0.06","0.3","0.137832687971767","1,2,3,1,3,2,4,4,2,3,4,4,4,1,2,4,5","0.000514984130859375","louvain","graph_2024M05.graphml"
"0.63","0.07","0.3","0.13786944907362","1,2,3,1,4,2,4,4,2,3,4,4,4,1,2,3,5","0.000632047653198242","louvain","graph_2024M05.graphml"
"0.62","0.08","0.3","0.140921466474292","1,2,3,1,4,2,3,3,2,4,3,3,3,1,2,3,5","0.000494003295898438","louvain","graph_2024M05.graphml"
"0.61","0.09","0.3","0.139552696078431","1,2,3,1,4,2,3,3,2,4,3,3,3,1,2,3,5","0.000591039657592773","louvain","graph_2024M05.graphml"
"0.6","0.1","0.3","0.138429506246282","1,2,3,1,3,2,3,3,2,3,3,4,3,3,2,4,5","0.000480890274047852","louvain","graph_2024M05.graphml"
"0.59","0.11","0.3","0.138281765482138","1,2,3,1,4,2,3,3,2,4,3,5,3,3,2,5,6","0.000492095947265625","louvain","graph_2024M05.graphml"
"0.58","0.12","0.3","0.138766684494131","1,2,3,1,4,2,4,3,2,4,3,3,3,1,2,3,5","0.000528097152709961","louvain","graph_2024M05.graphml"
"0.57","0.13","0.3","0.140578855795426","1,2,3,1,3,2,3,3,2,3,3,4,3,1,2,4,5","0.000523805618286133","louvain","graph_2024M05.graphml"
"0.56","0.14","0.3","0.142540199702667","1,2,3,1,3,2,3,3,2,3,3,4,3,1,2,4,5","0.00050806999206543","louvain","graph_2024M05.graphml"
"0.55","0.15","0.3","0.140371315192744","1,2,3,1,3,2,3,3,2,3,3,3,3,1,2,4,5","0.000512123107910156","louvain","graph_2024M05.graphml"
"0.54","0.16","0.3","0.141913366725815","1,2,3,1,3,2,3,3,2,3,3,4,3,1,2,4,5","0.000498056411743164","louvain","graph_2024M05.graphml"
"0.53","0.17","0.3","0.13992980455935","1,2,3,1,3,2,3,3,2,3,3,3,3,1,2,3,4","0.000526905059814453","louvain","graph_2024M05.graphml"
"0.52","0.18","0.3","0.140944173387209","1,2,3,1,3,2,3,3,2,3,3,4,3,1,2,4,5","0.000539064407348633","louvain","graph_2024M05.graphml"
"0.51","0.19","0.3","0.13992980455935","1,2,3,1,3,2,3,3,2,3,3,3,3,1,2,3,4","0.000527143478393555","louvain","graph_2024M05.graphml"
"0.5","0.2","0.3","0.14120353865814","1,2,3,1,3,2,3,3,2,3,3,3,3,1,2,3,4","0.000528097152709961","louvain","graph_2024M05.graphml"
"0.49","0.21","0.3","0.139189093734548","1,2,3,1,4,2,3,3,2,4,3,4,3,1,2,4,5","0.000499963760375977","louvain","graph_2024M05.graphml"
"0.48","0.22","0.3","0.137999903101297","1,2,3,1,3,2,3,3,2,3,3,3,3,1,2,2,4","0.000506162643432617","louvain","graph_2024M05.graphml"
"0.47","0.23","0.3","0.137999903101297","1,2,3,1,3,2,3,3,2,3,3,3,3,1,2,2,4","0.000674009323120117","louvain","graph_2024M05.graphml"
"0.46","0.24","0.3","0.14111227858701","1,2,3,1,3,2,3,3,2,3,3,3,3,1,2,2,4","0.000498056411743164","louvain","graph_2024M05.graphml"
"0.45","0.25","0.3","0.14066323160259","1,2,3,4,2,4,3,3,4,2,3,2,3,1,4,2,1","0.000710010528564453","louvain","graph_2024M05.graphml"
"0.44","0.26","0.3","0.141009797401673","1,2,3,1,3,2,3,3,2,3,3,3,3,1,2,2,1","0.000495195388793945","louvain","graph_2024M05.graphml"
"0.43","0.27","0.3","0.141009797401673","1,2,3,1,3,2,3,3,2,3,3,3,3,1,2,2,1","0.000516891479492188","louvain","graph_2024M05.graphml"
"0.42","0.28","0.3","0.141455783230681","1,2,3,1,3,2,3,3,2,3,3,3,3,1,2,2,1","0.000509023666381836","louvain","graph_2024M05.graphml"
"0.41","0.29","0.3","0.14174732164597","1,2,3,1,3,2,3,3,2,3,3,4,3,1,2,4,1","0.000524997711181641","louvain","graph_2024M05.graphml"
"0.4","0.3","0.3","0.142080074001086","1,2,3,4,3,1,2,3,4,2,3,3,3,1,4,2,1","0.000493049621582031","louvain","graph_2024M05.graphml"
"0.39","0.31","0.3","0.141935387436224","1,2,3,2,3,1,3,3,2,3,3,4,3,1,2,3,1","0.000780820846557617","louvain","graph_2024M05.graphml"
"0.38","0.32","0.3","0.143837037037037","1,2,3,2,3,1,3,3,2,3,3,4,3,1,2,3,1","0.000513076782226562","louvain","graph_2024M05.graphml"
"0.37","0.33","0.3","0.146297215844563","1,2,3,2,3,1,3,3,2,3,3,4,3,1,2,3,1","0.000501155853271484","louvain","graph_2024M05.graphml"
"0.36","0.34","0.3","0.147452109800252","1,2,3,2,3,1,3,3,2,3,3,4,3,1,2,3,1","0.000518083572387695","louvain","graph_2024M05.graphml"
"0.35","0.35","0.3","0.145153966912209","1,2,3,1,3,1,3,3,2,3,3,3,3,1,2,3,1","0.000526905059814453","louvain","graph_2024M05.graphml"
"0.34","0.36","0.3","0.145648291349252","1,2,3,2,3,1,3,3,2,3,3,4,3,1,2,3,1","0.000500917434692383","louvain","graph_2024M05.graphml"
"0.33","0.37","0.3","0.142741187929663","1,2,1,2,3,1,3,3,2,3,3,3,3,1,2,3,1","0.00056004524230957","louvain","graph_2024M05.graphml"
"0.32","0.38","0.3","0.143164014917262","1,2,3,1,3,1,3,3,2,3,3,3,3,1,2,3,1","0.000523090362548828","louvain","graph_2024M05.graphml"
"0.31","0.39","0.3","0.142121762008499","1,2,1,2,3,1,3,3,2,3,3,3,3,1,2,3,1","0.000528097152709961","louvain","graph_2024M05.graphml"
"0.3","0.4","0.3","0.141827414859907","1,2,2,3,2,1,2,2,3,2,1,2,2,1,3,2,1","0.000494003295898438","louvain","graph_2024M05.graphml"
"0.29","0.41","0.3","0.141166420995217","1,2,2,3,2,1,2,2,3,2,1,2,2,1,3,2,1","0.000522851943969727","louvain","graph_2024M05.graphml"
"0.28","0.42","0.3","0.14234459833795","1,2,3,1,3,1,3,3,2,3,1,3,3,1,2,3,1","0.000531911849975586","louvain","graph_2024M05.graphml"
"0.27","0.43","0.3","0.14234459833795","1,2,3,1,3,1,3,3,2,3,1,3,3,1,2,3,1","0.000523805618286133","louvain","graph_2024M05.graphml"
"0.26","0.44","0.3","0.14524522148825","1,2,3,1,3,1,3,3,2,3,1,3,3,1,2,3,1","0.000506162643432617","louvain","graph_2024M05.graphml"
"0.25","0.45","0.3","0.145832697730571","1,2,3,1,3,1,3,3,2,3,1,3,3,1,2,3,1","0.000498056411743164","louvain","graph_2024M05.graphml"
"0.24","0.46","0.3","0.145832697730571","1,2,3,1,3,1,3,3,2,3,1,3,3,1,2,3,1","0.000490903854370117","louvain","graph_2024M05.graphml"
"0.23","0.47","0.3","0.144594184027778","1,2,3,1,3,1,3,3,2,3,1,3,3,1,2,3,1","0.000504970550537109","louvain","graph_2024M05.graphml"
"0.22","0.48","0.3","0.146304299168403","1,2,3,1,3,1,3,3,2,3,3,3,3,1,2,2,1","0.000572919845581055","louvain","graph_2024M05.graphml"
"0.21","0.49","0.3","0.143889831362537","1,2,3,1,2,1,3,3,2,3,4,3,4,1,4,2,1","0.000502824783325195","louvain","graph_2024M05.graphml"
"0.2","0.5","0.3","0.143086554505878","1,2,3,1,2,1,3,3,2,3,4,3,4,1,4,2,1","0.000517129898071289","louvain","graph_2024M05.graphml"
"0.19","0.51","0.3","0.14314602749686","1,2,2,1,3,1,4,4,2,4,3,4,3,1,2,4,1","0.000506877899169922","louvain","graph_2024M05.graphml"
"0.18","0.52","0.3","0.142003877155392","1,2,2,1,3,1,4,4,2,4,3,4,3,1,2,4,1","0.000730991363525391","louvain","graph_2024M05.graphml"
"0.17","0.53","0.3","0.142952084417274","1,2,3,1,4,1,3,3,2,3,4,3,4,1,2,3,1","0.000518083572387695","louvain","graph_2024M05.graphml"
"0.16","0.54","0.3","0.144510928751584","1,2,3,1,4,1,3,3,2,3,4,3,4,1,2,3,1","0.000612020492553711","louvain","graph_2024M05.graphml"
"0.15","0.55","0.3","0.144031951097563","1,2,3,1,4,1,3,3,2,3,4,3,4,1,2,3,1","0.000513076782226562","louvain","graph_2024M05.graphml"
"0.14","0.56","0.3","0.144913072638263","1,2,3,1,4,1,3,3,2,3,4,3,4,1,2,3,1","0.000515937805175781","louvain","graph_2024M05.graphml"
"0.13","0.57","0.3","0.144913072638263","1,2,3,1,4,1,3,3,2,3,4,3,4,1,2,3,1","0.000536918640136719","louvain","graph_2024M05.graphml"
"0.12","0.58","0.3","0.143531300672109","1,2,3,1,4,1,3,3,2,3,4,3,4,1,2,3,1","0.000716924667358398","louvain","graph_2024M05.graphml"
"0.11","0.59","0.3","0.142862464464268","1,2,3,1,3,1,3,3,2,3,3,3,3,1,2,3,1","0.000532150268554688","louvain","graph_2024M05.graphml"
"0.1","0.6","0.3","0.142057889231553","1,2,3,1,4,1,3,3,2,3,3,3,4,1,4,3,1","0.000597953796386719","louvain","graph_2024M05.graphml"
"0.09","0.61","0.3","0.142057889231553","1,2,3,1,4,1,3,3,2,3,3,3,4,1,4,3,1","0.000502109527587891","louvain","graph_2024M05.graphml"
"0.08","0.62","0.3","0.142057889231553","1,2,3,1,4,1,3,3,2,3,3,3,4,1,4,3,1","0.000528097152709961","louvain","graph_2024M05.graphml"
"0.07","0.63","0.3","0.141670227050781","1,2,3,1,3,1,3,3,2,3,3,3,3,1,2,3,1","0.000557899475097656","louvain","graph_2024M05.graphml"
"0.06","0.64","0.3","0.142824017343765","1,2,3,1,4,1,3,4,2,3,4,4,4,1,4,4,1","0.000546932220458984","louvain","graph_2024M05.graphml"
"0.05","0.65","0.3","0.146690195435369","1,2,3,1,3,1,3,3,2,3,3,3,3,1,1,3,1","0.000566005706787109","louvain","graph_2024M05.graphml"
"0.04","0.66","0.3","0.145465976331361","1,2,3,1,4,4,4,4,2,4,4,3,4,1,1,4,1","0.000554084777832031","louvain","graph_2024M05.graphml"
"0.03","0.67","0.3","0.146340606508876","1,2,3,1,3,4,3,3,2,4,3,3,3,1,1,3,1","0.000560998916625977","louvain","graph_2024M05.graphml"
"0.02","0.68","0.3","0.142716406386574","1,2,3,1,3,3,3,3,2,3,3,3,3,1,1,3,1","0.000636100769042969","louvain","graph_2024M05.graphml"
"0.01","0.69","0.3","0.143349983374055","1,2,3,1,4,4,4,4,2,4,4,3,4,1,1,4,1","0.000579833984375","louvain","graph_2024M05.graphml"
"0","0.7","0.3","0.141319085743802","1,2,3,1,4,4,2,4,5,2,4,3,4,1,1,4,1","0.000550031661987305","louvain","graph_2024M05.graphml"
"0.69","0","0.31","0.138363054412437","1,2,3,1,4,2,3,4,2,4,3,4,3,3,2,4,5","0.000525951385498047","louvain","graph_2024M05.graphml"
"0.68","0.01","0.31","0.140333645713187","1,2,3,1,4,2,3,5,2,4,3,5,3,3,2,5,6","0.000505924224853516","louvain","graph_2024M05.graphml"
"0.67","0.02","0.31","0.140042802230977","1,2,3,1,3,2,4,4,2,3,4,4,4,1,2,4,5","0.000504016876220703","louvain","graph_2024M05.graphml"
"0.66","0.03","0.31","0.138281765482138","1,2,3,1,4,2,3,3,2,4,3,5,3,3,2,5,6","0.000485897064208984","louvain","graph_2024M05.graphml"
"0.65","0.04","0.31","0.138360871898994","1,2,3,1,4,2,4,3,2,3,4,4,4,1,2,3,5","0.000627994537353516","louvain","graph_2024M05.graphml"
"0.64","0.05","0.31","0.138718102810651","1,2,3,1,3,2,3,3,2,4,3,3,3,1,2,4,5","0.000501155853271484","louvain","graph_2024M05.graphml"
"0.63","0.06","0.31","0.139706939484384","1,2,3,1,3,2,3,3,2,3,3,4,3,1,2,4,5","0.000553131103515625","louvain","graph_2024M05.graphml"
"0.62","0.07","0.31","0.138795351473923","1,2,3,1,3,2,3,3,2,3,3,4,3,1,2,4,5","0.000488996505737305","louvain","graph_2024M05.graphml"
"0.61","0.08","0.31","0.139626271573733","1,2,3,1,3,2,3,3,2,3,3,3,3,1,2,3,4","0.000526905059814453","louvain","graph_2024M05.graphml"
"0.6","0.09","0.31","0.141606447250027","1,2,3,1,3,2,3,3,2,3,3,3,3,1,2,3,4","0.00054621696472168","louvain","graph_2024M05.graphml"
"0.59","0.1","0.31","0.140611093805625","1,2,3,1,3,2,3,3,2,3,3,3,3,1,2,3,4","0.000538110733032227","louvain","graph_2024M05.graphml"
"0.58","0.11","0.31","0.139413148788927","1,2,3,1,4,2,3,3,2,4,3,3,3,1,2,3,5","0.000522136688232422","louvain","graph_2024M05.graphml"
"0.57","0.12","0.31","0.139927593731402","1,2,3,1,3,2,3,3,2,3,3,4,3,1,2,4,5","0.00052189826965332","louvain","graph_2024M05.graphml"
"0.56","0.13","0.31","0.138808743703849","1,2,3,1,4,2,3,3,2,4,3,4,3,1,2,4,5","0.00056004524230957","louvain","graph_2024M05.graphml"
"0.55","0.14","0.31","0.137988101676582","1,2,3,1,4,2,3,3,2,4,3,4,3,1,2,4,5","0.000731945037841797","louvain","graph_2024M05.graphml"
"0.54","0.15","0.31","0.137988101676582","1,2,3,1,4,2,3,3,2,4,3,4,3,1,2,4,5","0.000524044036865234","louvain","graph_2024M05.graphml"
"0.53","0.16","0.31","0.140194891433631","1,2,3,1,4,2,3,3,2,4,3,4,3,1,2,2,1","0.000507831573486328","louvain","graph_2024M05.graphml"
"0.52","0.17","0.31","0.143874136639978","1,2,3,1,3,2,3,3,2,3,3,4,3,1,2,2,1","0.000490903854370117","louvain","graph_2024M05.graphml"
"0.51","0.18","0.31","0.143525309917355","1,2,3,1,3,2,3,3,2,3,3,4,3,1,2,2,1","0.000545978546142578","louvain","graph_2024M05.graphml"
"0.5","0.19","0.31","0.142700315197886","1,2,3,1,3,2,3,3,2,3,3,4,3,1,2,2,1","0.000544071197509766","louvain","graph_2024M05.graphml"
"0.49","0.2","0.31","0.142700315197886","1,2,3,1,3,2,3,3,2,3,3,4,3,1,2,2,1","0.000493049621582031","louvain","graph_2024M05.graphml"
"0.48","0.21","0.31","0.142545949278722","1,2,3,1,3,2,3,3,2,3,3,4,3,1,2,2,1","0.000548124313354492","louvain","graph_2024M05.graphml"
"0.47","0.22","0.31","0.141222067920717","1,2,3,4,3,1,3,3,4,3,3,2,3,1,4,2,1","0.000530004501342773","louvain","graph_2024M05.graphml"
"0.46","0.23","0.31","0.141199845852789","1,2,3,2,3,1,3,3,2,3,3,4,3,1,2,3,1","0.000507116317749023","louvain","graph_2024M05.graphml"
"0.45","0.24","0.31","0.141199845852789","1,2,3,2,3,1,3,3,2,3,3,4,3,1,2,3,1","0.000511884689331055","louvain","graph_2024M05.graphml"
"0.44","0.25","0.31","0.143671604938272","1,2,3,2,3,1,3,3,2,3,3,3,3,1,2,3,1","0.000504016876220703","louvain","graph_2024M05.graphml"
"0.43","0.26","0.31","0.143638891064296","1,2,3,2,3,1,3,3,2,3,3,3,3,1,2,3,1","0.000520944595336914","louvain","graph_2024M05.graphml"
"0.42","0.27","0.31","0.142676490797187","1,2,3,2,3,1,3,3,2,3,3,3,3,1,2,3,1","0.000500917434692383","louvain","graph_2024M05.graphml"
"0.41","0.28","0.31","0.144703094906657","1,2,3,2,3,1,3,3,2,3,3,4,3,1,2,3,1","0.000531911849975586","louvain","graph_2024M05.graphml"
"0.4","0.29","0.31","0.143453847285707","1,2,3,2,3,1,3,3,2,3,3,4,3,1,2,3,1","0.000532865524291992","louvain","graph_2024M05.graphml"
"0.39","0.3","0.31","0.142100661625709","1,2,1,2,3,1,3,3,2,3,3,3,3,1,2,3,1","0.000514030456542969","louvain","graph_2024M05.graphml"
"0.38","0.31","0.31","0.140561458743277","1,2,3,2,3,1,3,3,2,3,3,4,3,1,2,3,1","0.000519990921020508","louvain","graph_2024M05.graphml"
"0.37","0.32","0.31","0.140669634873836","1,2,3,2,3,1,3,3,2,3,1,3,3,1,2,3,1","0.000667095184326172","louvain","graph_2024M05.graphml"
"0.36","0.33","0.31","0.139427642632771","1,2,3,2,3,1,3,3,2,3,1,3,3,1,2,3,1","0.000487089157104492","louvain","graph_2024M05.graphml"
"0.35","0.34","0.31","0.140495699411498","1,2,3,1,3,1,3,3,2,3,1,3,3,1,2,3,1","0.000547885894775391","louvain","graph_2024M05.graphml"
"0.34","0.35","0.31","0.139192952187691","1,2,3,1,3,1,3,3,2,3,3,3,3,1,2,2,1","0.000650167465209961","louvain","graph_2024M05.graphml"
"0.33","0.36","0.31","0.140992797783933","1,2,3,1,3,1,3,3,2,3,3,3,3,1,2,2,1","0.000528097152709961","louvain","graph_2024M05.graphml"
"0.32","0.37","0.31","0.141488948520585","1,2,3,1,3,1,3,3,2,3,1,3,3,1,2,3,1","0.000527858734130859","louvain","graph_2024M05.graphml"
"0.31","0.38","0.31","0.144056038934893","1,2,3,1,3,1,3,3,2,3,3,3,3,1,2,2,1","0.000552892684936523","louvain","graph_2024M05.graphml"
"0.3","0.39","0.31","0.144594184027778","1,2,3,1,3,1,3,3,2,3,1,3,3,1,2,3,1","0.000509977340698242","louvain","graph_2024M05.graphml"
"0.29","0.4","0.31","0.145473956284767","1,2,3,1,3,1,3,3,2,3,3,3,3,1,2,3,1","0.000555992126464844","louvain","graph_2024M05.graphml"
"0.28","0.41","0.31","0.144393175048639","1,2,3,1,3,1,3,3,2,3,1,3,3,1,2,3,1","0.000518083572387695","louvain","graph_2024M05.graphml"
"0.27","0.42","0.31","0.140838389502844","1,2,3,1,2,1,3,3,2,3,3,3,3,1,2,2,1","0.000510931015014648","louvain","graph_2024M05.graphml"
"0.26","0.43","0.31","0.140039381200747","1,2,3,1,3,1,3,3,2,3,1,3,3,1,2,3,1","0.000545024871826172","louvain","graph_2024M05.graphml"
"0.25","0.44","0.31","0.14071442384046","1,2,3,1,2,1,3,3,2,3,4,3,4,1,4,2,1","0.000539064407348633","louvain","graph_2024M05.graphml"
"0.24","0.45","0.31","0.140907489058991","1,2,3,1,3,1,3,3,2,3,3,3,3,1,2,3,1","0.000515937805175781","louvain","graph_2024M05.graphml"
"0.23","0.46","0.31","0.141861034588307","1,2,3,1,4,1,3,3,2,3,4,3,4,1,2,3,1","0.000520229339599609","louvain","graph_2024M05.graphml"
"0.22","0.47","0.31","0.141419663761707","1,2,3,1,2,1,4,4,2,4,3,4,3,1,3,4,1","0.000493049621582031","louvain","graph_2024M05.graphml"
"0.21","0.48","0.31","0.143362607054725","1,2,3,1,4,1,3,3,2,3,4,3,4,1,2,3,1","0.000551939010620117","louvain","graph_2024M05.graphml"
"0.2","0.49","0.31","0.144913072638263","1,2,3,1,4,1,3,3,2,3,4,3,4,1,2,3,1","0.000519037246704102","louvain","graph_2024M05.graphml"
"0.19","0.5","0.31","0.14271202044412","1,2,3,1,4,1,3,3,2,3,4,3,4,1,2,3,1","0.000509023666381836","louvain","graph_2024M05.graphml"
"0.18","0.51","0.31","0.14271202044412","1,2,3,1,4,1,3,3,2,3,4,3,4,1,2,3,1","0.000543117523193359","louvain","graph_2024M05.graphml"
"0.17","0.52","0.31","0.143415351436134","1,2,3,1,3,1,3,3,2,3,3,3,3,1,2,3,1","0.000519037246704102","louvain","graph_2024M05.graphml"
"0.16","0.53","0.31","0.142581511974879","1,2,3,1,3,1,3,3,2,3,3,3,3,1,2,3,1","0.000541925430297852","louvain","graph_2024M05.graphml"
"0.15","0.54","0.31","0.140870094240188","1,2,3,1,3,1,3,3,2,3,3,3,3,1,2,3,1","0.000568866729736328","louvain","graph_2024M05.graphml"
"0.14","0.55","0.31","0.141843521722414","1,2,3,1,2,4,3,3,2,4,3,3,3,1,2,3,1","0.000667095184326172","louvain","graph_2024M05.graphml"
"0.13","0.56","0.31","0.142309694530891","1,2,3,1,3,1,3,3,2,3,3,3,3,1,1,3,1","0.000535964965820312","louvain","graph_2024M05.graphml"
"0.12","0.57","0.31","0.143607397538191","1,2,3,1,2,4,3,3,2,4,3,3,3,1,1,3,1","0.000554800033569336","louvain","graph_2024M05.graphml"
"0.11","0.58","0.31","0.143909887831087","1,2,3,1,3,1,3,3,2,3,3,3,3,1,1,3,1","0.000528812408447266","louvain","graph_2024M05.graphml"
"0.1","0.59","0.31","0.14562864311039","1,2,3,1,3,1,3,3,2,3,3,3,3,1,1,3,1","0.000523090362548828","louvain","graph_2024M05.graphml"
"0.09","0.6","0.31","0.145196670188536","1,2,3,1,3,4,3,3,2,4,3,3,3,1,1,3,1","0.000554084777832031","louvain","graph_2024M05.graphml"
"0.08","0.61","0.31","0.145196670188536","1,2,3,1,3,4,3,3,2,4,3,3,3,1,1,3,1","0.000519037246704102","louvain","graph_2024M05.graphml"
"0.07","0.62","0.31","0.144204773814859","1,2,3,1,3,4,3,3,2,4,3,3,3,1,1,3,1","0.000609159469604492","louvain","graph_2024M05.graphml"
"0.06","0.63","0.31","0.142038280532599","1,2,3,1,3,4,3,3,2,4,3,3,3,1,1,3,1","0.000538110733032227","louvain","graph_2024M05.graphml"
"0.05","0.64","0.31","0.142963325602753","1,2,3,1,3,4,3,3,2,4,3,3,3,1,1,3,1","0.000893115997314453","louvain","graph_2024M05.graphml"
"0.04","0.65","0.31","0.142152638130805","1,2,3,1,4,4,2,4,5,2,4,3,4,1,1,4,1","0.000509023666381836","louvain","graph_2024M05.graphml"
"0.03","0.66","0.31","0.141440301882526","1,2,3,1,4,4,2,4,5,2,4,3,4,1,1,4,1","0.000608921051025391","louvain","graph_2024M05.graphml"
"0.02","0.67","0.31","0.141503190901443","1,2,3,1,3,4,3,3,2,4,3,3,3,1,1,3,1","0.000540018081665039","louvain","graph_2024M05.graphml"
"0.01","0.68","0.31","0.141124507287239","1,2,3,1,4,4,3,4,2,3,4,3,4,1,1,4,1","0.000559806823730469","louvain","graph_2024M05.graphml"
"0","0.69","0.31","0.142614150619519","1,2,3,1,2,2,2,2,4,2,2,3,2,1,1,2,1","0.000593900680541992","louvain","graph_2024M05.graphml"
"0.68","0","0.32","0.136749959936815","1,2,3,1,4,2,3,3,2,4,3,3,3,1,2,3,5","0.000501155853271484","louvain","graph_2024M05.graphml"
"0.67","0.01","0.32","0.138160430839002","1,2,3,1,3,2,3,3,2,3,3,3,3,1,2,3,4","0.000479936599731445","louvain","graph_2024M05.graphml"
"0.66","0.02","0.32","0.13992980455935","1,2,3,1,3,2,3,3,2,3,3,3,3,1,2,3,4","0.000506877899169922","louvain","graph_2024M05.graphml"
"0.65","0.03","0.32","0.139413148788927","1,2,3,1,4,2,3,3,2,4,3,3,3,1,2,3,5","0.000472784042358398","louvain","graph_2024M05.graphml"
"0.64","0.04","0.32","0.136810381233923","1,2,3,1,4,2,3,3,2,4,3,3,3,1,2,3,5","0.000493049621582031","louvain","graph_2024M05.graphml"
"0.63","0.05","0.32","0.139747467027688","1,2,3,1,3,2,3,3,2,3,3,4,3,1,2,4,5","0.000498056411743164","louvain","graph_2024M05.graphml"
"0.62","0.06","0.32","0.139818565672154","1,2,3,1,3,2,3,3,2,3,3,4,3,1,2,4,5","0.00052189826965332","louvain","graph_2024M05.graphml"
"0.61","0.07","0.32","0.139818565672154","1,2,3,1,3,2,3,3,2,3,3,4,3,1,2,4,5","0.000522136688232422","louvain","graph_2024M05.graphml"
"0.6","0.08","0.32","0.141797978296417","1,2,3,1,3,2,3,3,2,3,3,4,3,1,2,4,1","0.000511884689331055","louvain","graph_2024M05.graphml"
"0.59","0.09","0.32","0.141615289117078","1,2,3,1,3,2,3,3,2,3,3,4,3,1,2,4,1","0.000507116317749023","louvain","graph_2024M05.graphml"
"0.58","0.1","0.32","0.140913971768729","1,2,3,1,3,2,3,3,2,3,3,4,3,1,2,2,1","0.000519037246704102","louvain","graph_2024M05.graphml"
"0.57","0.11","0.32","0.140091116173121","1,2,3,1,3,2,3,3,2,3,3,4,3,1,2,2,1","0.000521183013916016","louvain","graph_2024M05.graphml"
"0.56","0.12","0.32","0.141856921487603","1,2,3,1,3,2,3,3,2,3,3,4,3,1,2,2,1","0.000489950180053711","louvain","graph_2024M05.graphml"
"0.55","0.13","0.32","0.143729141499969","1,2,3,4,3,4,3,3,4,3,3,2,3,1,4,2,1","0.000494956970214844","louvain","graph_2024M05.graphml"
"0.54","0.14","0.32","0.140546763457942","1,2,3,2,3,1,3,3,2,3,3,4,3,1,2,4,1","0.000707149505615234","louvain","graph_2024M05.graphml"
"0.53","0.15","0.32","0.140458786623499","1,2,3,1,3,1,3,3,2,3,3,4,3,1,2,2,1","0.00050806999206543","louvain","graph_2024M05.graphml"
"0.52","0.16","0.32","0.141162310006056","1,2,3,2,3,1,3,3,2,3,3,3,3,1,2,3,1","0.000494956970214844","louvain","graph_2024M05.graphml"
"0.51","0.17","0.32","0.14239012345679","1,2,3,2,3,1,3,3,2,3,3,3,3,1,2,3,1","0.000509023666381836","louvain","graph_2024M05.graphml"
"0.5","0.18","0.32","0.141427524938422","1,2,3,2,3,1,3,3,2,3,3,3,3,1,2,3,1","0.000540971755981445","louvain","graph_2024M05.graphml"
"0.49","0.19","0.32","0.139197111237811","1,2,3,2,3,1,3,3,2,3,3,3,3,1,2,3,1","0.000536203384399414","louvain","graph_2024M05.graphml"
"0.48","0.2","0.32","0.139197111237811","1,2,3,2,3,1,3,3,2,3,3,3,3,1,2,3,1","0.000523090362548828","louvain","graph_2024M05.graphml"
"0.47","0.21","0.32","0.139215070643642","1,2,1,2,3,1,3,3,2,3,3,3,3,1,2,3,1","0.000513792037963867","louvain","graph_2024M05.graphml"
"0.46","0.22","0.32","0.141718996966978","1,2,1,2,3,1,3,3,2,3,3,3,3,1,2,3,1","0.000562906265258789","louvain","graph_2024M05.graphml"
"0.45","0.23","0.32","0.138286857442702","1,2,1,2,3,1,3,3,2,3,3,3,3,1,2,3,1","0.000576019287109375","louvain","graph_2024M05.graphml"
"0.44","0.24","0.32","0.1376987960761","1,2,1,2,3,1,3,3,2,3,3,3,3,1,2,3,1","0.000512838363647461","louvain","graph_2024M05.graphml"
"0.43","0.25","0.32","0.138023926011858","1,2,3,2,3,1,3,3,2,3,1,4,3,1,2,3,1","0.000519037246704102","louvain","graph_2024M05.graphml"
"0.42","0.26","0.32","0.138589859665007","1,2,3,1,3,1,3,3,2,3,3,3,3,1,2,3,1","0.000517845153808594","louvain","graph_2024M05.graphml"
"0.41","0.27","0.32","0.13924161899739","1,2,3,1,3,1,3,3,2,3,1,3,3,1,2,3,1","0.000528097152709961","louvain","graph_2024M05.graphml"
"0.4","0.28","0.32","0.138403116920425","1,2,3,1,3,1,3,3,2,3,1,3,3,1,2,3,1","0.000492095947265625","louvain","graph_2024M05.graphml"
"0.39","0.29","0.32","0.139613103352717","1,2,3,1,3,1,3,3,2,3,3,3,3,1,2,2,1","0.00055694580078125","louvain","graph_2024M05.graphml"
"0.38","0.3","0.32","0.139613103352717","1,2,3,1,3,1,3,3,2,3,3,3,3,1,2,2,1","0.000521183013916016","louvain","graph_2024M05.graphml"
"0.37","0.31","0.32","0.138896398891967","1,2,3,1,3,1,3,3,2,3,1,3,3,1,2,3,1","0.000522136688232422","louvain","graph_2024M05.graphml"
"0.36","0.32","0.32","0.140864100139034","1,2,3,1,3,1,3,3,2,3,1,3,3,1,2,3,1","0.000531911849975586","louvain","graph_2024M05.graphml"
"0.35","0.33","0.32","0.143732089678036","1,2,3,1,3,1,3,3,2,3,1,3,3,1,2,3,1","0.000560998916625977","louvain","graph_2024M05.graphml"
"0.34","0.34","0.32","0.140715761486223","1,2,3,1,3,1,3,3,2,3,3,3,3,1,2,3,1","0.00053095817565918","louvain","graph_2024M05.graphml"
"0.33","0.35","0.32","0.138834066783123","1,2,3,1,3,1,3,3,2,3,1,3,3,1,2,3,1","0.000525951385498047","louvain","graph_2024M05.graphml"
"0.32","0.36","0.32","0.137472242086642","1,2,3,1,3,1,3,3,2,3,3,3,3,1,2,3,1","0.000550031661987305","louvain","graph_2024M05.graphml"
"0.31","0.37","0.32","0.138586005830904","1,2,3,1,3,1,3,3,2,3,3,3,3,1,2,3,1","0.000473976135253906","louvain","graph_2024M05.graphml"
"0.3","0.38","0.32","0.140336650337438","1,2,3,1,2,1,3,3,2,3,3,3,3,1,2,2,1","0.000537872314453125","louvain","graph_2024M05.graphml"
"0.29","0.39","0.32","0.139493763215263","1,2,3,1,3,1,3,3,2,3,3,3,3,1,2,3,1","0.000517845153808594","louvain","graph_2024M05.graphml"
"0.28","0.4","0.32","0.140065299459239","1,2,3,1,3,1,3,3,2,3,3,3,3,1,2,3,1","0.000523805618286133","louvain","graph_2024M05.graphml"
"0.27","0.41","0.32","0.14173775044634","1,2,3,1,3,1,3,3,2,3,3,3,3,1,2,3,1","0.000543832778930664","louvain","graph_2024M05.graphml"
"0.26","0.42","0.32","0.141121923205128","1,2,3,1,3,1,3,3,2,3,3,3,3,1,2,3,1","0.000549077987670898","louvain","graph_2024M05.graphml"
"0.25","0.43","0.32","0.14271202044412","1,2,3,1,4,1,3,3,2,3,4,3,4,1,2,3,1","0.000531911849975586","louvain","graph_2024M05.graphml"
"0.24","0.44","0.32","0.14271202044412","1,2,3,1,4,1,3,3,2,3,4,3,4,1,2,3,1","0.00051116943359375","louvain","graph_2024M05.graphml"
"0.23","0.45","0.32","0.14368591314577","1,2,3,1,3,1,3,3,2,3,3,3,3,1,2,3,1","0.000526905059814453","louvain","graph_2024M05.graphml"
"0.22","0.46","0.32","0.142852958177756","1,2,3,1,3,1,3,3,2,3,3,3,3,1,2,3,1","0.000524997711181641","louvain","graph_2024M05.graphml"
"0.21","0.47","0.32","0.142021560091656","1,2,3,1,3,1,3,3,2,3,3,3,3,1,2,3,1","0.000513076782226562","louvain","graph_2024M05.graphml"
"0.2","0.48","0.32","0.140957847159769","1,2,3,1,3,1,3,3,2,3,3,3,3,1,1,3,1","0.000663995742797852","louvain","graph_2024M05.graphml"
"0.19","0.49","0.32","0.142822672883204","1,2,3,1,3,1,3,3,2,3,3,3,3,1,1,3,1","0.000555992126464844","louvain","graph_2024M05.graphml"
"0.18","0.5","0.32","0.143607397538191","1,2,3,1,2,4,3,3,2,4,3,3,3,1,1,3,1","0.000525951385498047","louvain","graph_2024M05.graphml"
"0.17","0.51","0.32","0.142766735773091","1,2,3,1,3,1,3,3,2,3,3,3,3,1,1,3,1","0.000567913055419922","louvain","graph_2024M05.graphml"
"0.16","0.52","0.32","0.141711140263264","1,2,3,1,2,4,3,3,2,4,3,3,3,1,1,3,1","0.000564098358154297","louvain","graph_2024M05.graphml"
"0.15","0.53","0.32","0.143562557801559","1,2,3,1,3,4,3,3,2,4,3,3,3,1,1,3,1","0.00049901008605957","louvain","graph_2024M05.graphml"
"0.14","0.54","0.32","0.142304862770235","1,2,3,1,3,4,3,3,2,4,3,3,3,1,1,3,1","0.000535011291503906","louvain","graph_2024M05.graphml"
"0.13","0.55","0.32","0.142304862770235","1,2,3,1,3,4,3,3,2,4,3,3,3,1,1,3,1","0.000502824783325195","louvain","graph_2024M05.graphml"
"0.12","0.56","0.32","0.1419295493646","1,2,3,1,3,4,3,3,2,4,3,3,3,1,1,3,1","0.000553131103515625","louvain","graph_2024M05.graphml"
"0.11","0.57","0.32","0.14216108433003","1,2,3,1,3,2,3,3,2,2,3,3,3,1,1,3,1","0.000566959381103516","louvain","graph_2024M05.graphml"
"0.1","0.58","0.32","0.141512993948024","1,2,3,1,4,4,4,4,2,4,4,3,4,1,1,4,1","0.000519037246704102","louvain","graph_2024M05.graphml"
"0.09","0.59","0.32","0.138894581378258","1,2,3,1,4,4,2,4,3,2,4,4,4,1,1,4,1","0.000554084777832031","louvain","graph_2024M05.graphml"
"0.08","0.6","0.32","0.139739659050509","1,2,3,1,3,4,3,3,2,4,3,3,3,1,1,3,1","0.00055384635925293","louvain","graph_2024M05.graphml"
"0.07","0.61","0.32","0.140656825923661","1,2,3,1,4,4,2,4,5,2,4,3,4,1,1,4,1","0.000566959381103516","louvain","graph_2024M05.graphml"
"0.06","0.62","0.32","0.14135557690628","1,2,3,1,3,4,3,3,2,4,3,3,3,1,1,3,1","0.000530004501342773","louvain","graph_2024M05.graphml"
"0.05","0.63","0.32","0.14231245383519","1,2,3,1,3,4,3,3,2,4,3,3,3,1,1,3,1","0.000571966171264648","louvain","graph_2024M05.graphml"
"0.04","0.64","0.32","0.141517875651249","1,2,3,1,2,2,2,2,4,2,2,3,2,1,1,2,1","0.000552892684936523","louvain","graph_2024M05.graphml"
"0.03","0.65","0.32","0.14304012345679","1,2,3,1,2,2,2,2,4,2,2,3,2,1,1,2,1","0.000812053680419922","louvain","graph_2024M05.graphml"
"0.02","0.66","0.32","0.141637504935935","1,2,3,1,3,4,3,3,2,4,3,3,3,1,1,3,1","0.000524997711181641","louvain","graph_2024M05.graphml"
"0.01","0.67","0.32","0.141647180471453","1,2,3,1,4,5,4,4,2,5,4,3,4,1,1,4,1","0.000597000122070312","louvain","graph_2024M05.graphml"
"0","0.68","0.32","0.140101504112493","1,2,3,1,4,5,4,4,2,5,4,3,4,1,1,4,1","0.000542163848876953","louvain","graph_2024M05.graphml"
"0.67","0","0.33","0.140965603315395","1,2,3,1,3,2,3,3,2,3,3,4,3,1,2,4,1","0.000514984130859375","louvain","graph_2024M05.graphml"
"0.66","0.01","0.33","0.138863786497556","1,2,3,1,3,2,3,3,2,3,3,4,3,1,2,4,1","0.000505924224853516","louvain","graph_2024M05.graphml"
"0.65","0.02","0.33","0.140831758034026","1,2,3,1,3,2,3,3,2,3,3,4,3,1,2,4,1","0.00050806999206543","louvain","graph_2024M05.graphml"
"0.64","0.03","0.33","0.140913971768729","1,2,3,1,3,2,3,3,2,3,3,4,3,1,2,2,1","0.000519990921020508","louvain","graph_2024M05.graphml"
"0.63","0.04","0.33","0.140091116173121","1,2,3,1,3,2,3,3,2,3,3,4,3,1,2,2,1","0.000563859939575195","louvain","graph_2024M05.graphml"
"0.62","0.05","0.33","0.138809400826446","1,2,3,1,3,2,3,3,2,3,3,4,3,1,2,2,1","0.000522136688232422","louvain","graph_2024M05.graphml"
"0.61","0.06","0.33","0.139878803181416","1,2,3,2,3,1,3,3,2,3,3,3,3,1,2,3,1","0.00053095817565918","louvain","graph_2024M05.graphml"
"0.6","0.07","0.33","0.140524140843371","1,2,3,2,3,1,3,3,2,3,3,3,3,1,2,3,1","0.000509023666381836","louvain","graph_2024M05.graphml"
"0.59","0.08","0.33","0.139863569709072","1,2,3,2,3,1,3,3,2,3,3,3,3,1,2,3,1","0.000492095947265625","louvain","graph_2024M05.graphml"
"0.58","0.09","0.33","0.139540478469849","1,2,3,2,3,1,3,3,2,3,3,3,3,1,2,3,1","0.000519990921020508","louvain","graph_2024M05.graphml"
"0.57","0.1","0.33","0.140792592592593","1,2,3,2,3,1,3,3,2,3,3,3,3,1,2,3,1","0.000511884689331055","louvain","graph_2024M05.graphml"
"0.56","0.11","0.33","0.139197111237811","1,2,3,2,3,1,3,3,2,3,3,3,3,1,2,3,1","0.000518083572387695","louvain","graph_2024M05.graphml"
"0.55","0.12","0.33","0.139197111237811","1,2,3,2,3,1,3,3,2,3,3,3,3,1,2,3,1","0.000540971755981445","louvain","graph_2024M05.graphml"
"0.54","0.13","0.33","0.137352976693636","1,2,1,2,3,1,3,3,2,3,3,3,3,1,2,3,1","0.000545978546142578","louvain","graph_2024M05.graphml"
"0.53","0.14","0.33","0.13728339613788","1,2,1,2,3,1,3,3,2,3,3,3,3,1,2,3,1","0.00049901008605957","louvain","graph_2024M05.graphml"
"0.52","0.15","0.33","0.134304944442071","1,2,2,3,2,1,2,2,3,2,2,2,2,1,3,2,1","0.00052189826965332","louvain","graph_2024M05.graphml"
"0.51","0.16","0.33","0.134801165645321","1,2,1,2,3,1,3,3,2,3,3,3,3,1,2,3,1","0.000537872314453125","louvain","graph_2024M05.graphml"
"0.5","0.17","0.33","0.133920949391003","1,2,3,2,3,1,3,3,2,3,1,3,3,1,2,3,1","0.000515937805175781","louvain","graph_2024M05.graphml"
"0.49","0.18","0.33","0.135412186379928","1,2,3,1,3,1,3,3,2,3,3,3,3,1,2,3,1","0.000495195388793945","louvain","graph_2024M05.graphml"
"0.48","0.19","0.33","0.13792780699832","1,2,3,1,3,1,3,3,2,3,1,4,3,1,2,3,1","0.000566959381103516","louvain","graph_2024M05.graphml"
"0.47","0.2","0.33","0.138740503998436","1,2,3,1,3,1,3,3,2,3,1,4,3,1,2,3,1","0.000590085983276367","louvain","graph_2024M05.graphml"
"0.46","0.21","0.33","0.138403116920425","1,2,3,1,3,1,3,3,2,3,1,3,3,1,2,3,1","0.000505924224853516","louvain","graph_2024M05.graphml"
"0.45","0.22","0.33","0.138403745838452","1,2,3,1,3,1,3,3,2,3,3,3,3,1,2,2,1","0.000500202178955078","louvain","graph_2024M05.graphml"
"0.44","0.23","0.33","0.138403745838452","1,2,3,1,3,1,3,3,2,3,3,3,3,1,2,2,1","0.000504016876220703","louvain","graph_2024M05.graphml"
"0.43","0.24","0.33","0.137198891966759","1,2,3,1,3,1,3,3,2,3,3,3,3,1,2,2,1","0.00050806999206543","louvain","graph_2024M05.graphml"
"0.42","0.25","0.33","0.136512693312619","1,2,3,1,3,1,3,3,2,3,3,3,3,1,2,2,1","0.00052189826965332","louvain","graph_2024M05.graphml"
"0.41","0.26","0.33","0.138631824520928","1,2,3,1,3,1,3,3,2,3,3,3,3,1,2,2,1","0.000513076782226562","louvain","graph_2024M05.graphml"
"0.4","0.27","0.33","0.137102656755309","1,2,2,1,3,1,3,3,2,3,1,3,3,1,2,3,1","0.0005950927734375","louvain","graph_2024M05.graphml"
"0.39","0.28","0.33","0.137801078339156","1,2,2,1,3,1,3,3,2,3,1,3,3,1,2,3,1","0.000545978546142578","louvain","graph_2024M05.graphml"
"0.38","0.29","0.33","0.137801078339156","1,2,2,1,3,1,3,3,2,3,1,3,3,1,2,3,1","0.000538825988769531","louvain","graph_2024M05.graphml"
"0.37","0.3","0.33","0.138714788805422","1,2,3,1,2,1,3,3,2,3,3,3,3,1,2,2,1","0.000525951385498047","louvain","graph_2024M05.graphml"
"0.36","0.31","0.33","0.138506758543195","1,2,3,1,3,1,3,3,2,3,1,3,3,1,2,3,1","0.000522851943969727","louvain","graph_2024M05.graphml"
"0.35","0.32","0.33","0.138916432488922","1,2,3,1,3,1,3,3,2,3,3,3,3,1,2,3,1","0.000502824783325195","louvain","graph_2024M05.graphml"
"0.34","0.33","0.33","0.137735825861758","1,2,3,1,3,1,3,3,2,3,3,3,3,1,2,3,1","0.000535011291503906","louvain","graph_2024M05.graphml"
"0.33","0.34","0.33","0.139992874753551","1,2,3,1,3,1,3,3,2,3,3,3,3,1,2,3,1","0.000524997711181641","louvain","graph_2024M05.graphml"
"0.32","0.35","0.33","0.139726346480536","1,2,3,1,3,1,3,3,2,3,3,3,3,1,2,3,1","0.000568866729736328","louvain","graph_2024M05.graphml"
"0.31","0.36","0.33","0.140124939741276","1,2,3,1,3,1,3,3,2,3,1,3,3,1,2,3,1","0.000501155853271484","louvain","graph_2024M05.graphml"
"0.3","0.37","0.33","0.142498883438929","1,2,3,1,3,1,3,3,2,3,1,3,3,1,2,3,1","0.000590085983276367","louvain","graph_2024M05.graphml"
"0.29","0.38","0.33","0.14368591314577","1,2,3,1,3,1,3,3,2,3,3,3,3,1,2,3,1","0.000501871109008789","louvain","graph_2024M05.graphml"
"0.28","0.39","0.33","0.143398729425129","1,2,3,1,3,1,3,3,2,3,3,3,3,1,2,3,1","0.000539064407348633","louvain","graph_2024M05.graphml"
"0.27","0.4","0.33","0.143481849463699","1,2,3,1,3,1,3,3,2,3,3,3,3,1,1,3,1","0.000521183013916016","louvain","graph_2024M05.graphml"
"0.26","0.41","0.33","0.143729334871203","1,2,3,1,3,1,3,3,2,3,3,3,3,1,1,3,1","0.000933170318603516","louvain","graph_2024M05.graphml"
"0.25","0.42","0.33","0.141731896016594","1,2,3,1,2,4,3,3,2,4,3,3,3,1,1,3,1","0.000529050827026367","louvain","graph_2024M05.graphml"
"0.24","0.43","0.33","0.141731896016594","1,2,3,1,2,4,3,3,2,4,3,3,3,1,1,3,1","0.000535011291503906","louvain","graph_2024M05.graphml"
"0.23","0.44","0.33","0.139061091178462","1,2,3,1,2,4,3,3,2,4,3,3,3,1,1,3,1","0.000530004501342773","louvain","graph_2024M05.graphml"
"0.22","0.45","0.33","0.139851448249132","1,2,3,1,2,4,3,3,2,4,3,3,3,1,1,3,1","0.000524997711181641","louvain","graph_2024M05.graphml"
"0.21","0.46","0.33","0.140772049405816","1,2,3,1,2,4,3,3,2,4,3,3,3,1,1,3,1","0.000555038452148438","louvain","graph_2024M05.graphml"
"0.2","0.47","0.33","0.141753277256646","1,2,3,1,3,4,3,3,2,4,3,3,3,1,1,3,1","0.000629186630249023","louvain","graph_2024M05.graphml"
"0.19","0.48","0.33","0.14164716553288","1,2,3,1,3,4,3,3,2,4,3,3,3,1,1,3,1","0.000558853149414062","louvain","graph_2024M05.graphml"
"0.18","0.49","0.33","0.140565137561624","1,2,3,1,3,4,3,3,2,4,3,3,3,1,1,3,1","0.000587940216064453","louvain","graph_2024M05.graphml"
"0.17","0.5","0.33","0.140730816689623","1,2,3,1,3,4,3,3,2,4,3,3,3,1,1,3,1","0.000541925430297852","louvain","graph_2024M05.graphml"
"0.16","0.51","0.33","0.141442819315254","1,2,3,1,3,4,3,3,2,4,3,3,3,1,1,3,1","0.000566959381103516","louvain","graph_2024M05.graphml"
"0.15","0.52","0.33","0.140368458526166","1,2,3,1,3,4,3,3,2,4,3,3,3,1,1,3,1","0.000588178634643555","louvain","graph_2024M05.graphml"
"0.14","0.53","0.33","0.140368458526166","1,2,3,1,3,4,3,3,2,4,3,3,3,1,1,3,1","0.000551939010620117","louvain","graph_2024M05.graphml"
"0.13","0.54","0.33","0.139805930788761","1,2,3,1,2,2,2,2,4,2,2,3,2,1,1,2,1","0.00059199333190918","louvain","graph_2024M05.graphml"
"0.12","0.55","0.33","0.139805930788761","1,2,3,1,2,2,2,2,4,2,2,3,2,1,1,2,1","0.000586032867431641","louvain","graph_2024M05.graphml"
"0.11","0.56","0.33","0.139848013017436","1,2,3,1,4,4,4,4,2,4,4,3,4,1,1,4,1","0.000713109970092773","louvain","graph_2024M05.graphml"
"0.1","0.57","0.33","0.141517875651249","1,2,3,1,2,2,2,2,4,2,2,3,2,1,1,2,1","0.00056004524230957","louvain","graph_2024M05.graphml"
"0.09","0.58","0.33","0.140318418866846","1,2,3,1,2,2,2,2,4,2,2,3,2,1,1,2,1","0.000555992126464844","louvain","graph_2024M05.graphml"
"0.08","0.59","0.33","0.139235676566649","1,2,3,1,2,2,2,2,4,2,2,3,2,1,1,2,1","0.000548839569091797","louvain","graph_2024M05.graphml"
"0.07","0.6","0.33","0.138598733378953","1,2,3,1,4,5,4,4,2,5,4,3,4,1,1,4,1","0.000496864318847656","louvain","graph_2024M05.graphml"
"0.06","0.61","0.33","0.137193399931152","1,2,3,1,4,4,4,4,2,4,4,3,4,1,1,4,1","0.000519990921020508","louvain","graph_2024M05.graphml"
"0.05","0.62","0.33","0.139685950413223","1,2,3,1,3,4,3,3,2,4,3,3,3,1,1,3,1","0.000499963760375977","louvain","graph_2024M05.graphml"
"0.04","0.63","0.33","0.138654022878713","1,2,3,1,3,4,3,3,2,4,3,3,3,1,1,3,1","0.000552892684936523","louvain","graph_2024M05.graphml"
"0.03","0.64","0.33","0.138298292825122","1,2,3,1,4,4,4,4,2,4,4,3,4,1,1,4,1","0.000530004501342773","louvain","graph_2024M05.graphml"
"0.02","0.65","0.33","0.13748072396721","1,2,3,4,3,4,3,3,2,4,3,3,3,1,1,3,1","0.000571966171264648","louvain","graph_2024M05.graphml"
"0.01","0.66","0.33","0.138406720666632","1,2,3,4,3,4,3,3,2,4,3,3,3,1,1,3,1","0.000580787658691406","louvain","graph_2024M05.graphml"
"0","0.67","0.33","0.140200892857143","1,2,3,1,3,4,3,3,2,4,3,3,3,1,1,3,1","0.000529050827026367","louvain","graph_2024M05.graphml"
"0.66","0","0.34","0.138659418845663","1,2,3,4,3,1,3,3,4,3,3,3,3,1,4,2,1","0.000596046447753906","louvain","graph_2024M05.graphml"
"0.65","0.01","0.34","0.138898577008929","1,2,3,2,3,1,3,3,2,3,3,3,3,1,2,3,1","0.000540971755981445","louvain","graph_2024M05.graphml"
"0.64","0.02","0.34","0.137739892163233","1,2,3,4,3,1,3,3,4,3,3,3,3,1,4,2,1","0.000514984130859375","louvain","graph_2024M05.graphml"
"0.63","0.03","0.34","0.137649274094031","1,2,3,4,3,1,3,3,4,3,3,3,3,1,4,2,1","0.000524044036865234","louvain","graph_2024M05.graphml"
"0.62","0.04","0.34","0.137263587594957","1,2,3,2,3,1,3,3,2,3,3,3,3,1,2,3,1","0.000496149063110352","louvain","graph_2024M05.graphml"
"0.61","0.05","0.34","0.135505373747132","1,2,3,4,3,1,3,3,4,3,3,3,3,1,4,2,1","0.000489950180053711","louvain","graph_2024M05.graphml"
"0.6","0.06","0.34","0.135169428630254","1,2,1,2,3,1,3,3,2,3,3,3,3,1,2,3,1","0.000483036041259766","louvain","graph_2024M05.graphml"
"0.59","0.07","0.34","0.133865784499055","1,2,1,2,3,1,3,3,2,3,3,3,3,1,2,3,1","0.000511884689331055","louvain","graph_2024M05.graphml"
"0.58","0.08","0.34","0.133865784499055","1,2,1,2,3,1,3,3,2,3,3,3,3,1,2,3,1","0.000499963760375977","louvain","graph_2024M05.graphml"
"0.57","0.09","0.34","0.132958625265268","1,2,1,2,3,1,3,3,2,3,3,3,3,1,2,3,1","0.00052189826965332","louvain","graph_2024M05.graphml"
"0.56","0.1","0.34","0.133585853894174","1,2,2,3,2,1,2,2,3,2,1,2,2,1,3,2,1","0.000488996505737305","louvain","graph_2024M05.graphml"
"0.55","0.11","0.34","0.135412186379928","1,2,3,1,3,1,3,3,2,3,3,3,3,1,2,3,1","0.000491142272949219","louvain","graph_2024M05.graphml"
"0.54","0.12","0.34","0.135412186379928","1,2,3,1,3,1,3,3,2,3,3,3,3,1,2,3,1","0.00046992301940918","louvain","graph_2024M05.graphml"
"0.53","0.13","0.34","0.135412186379928","1,2,3,1,3,1,3,3,2,3,3,3,3,1,2,3,1","0.000523090362548828","louvain","graph_2024M05.graphml"
"0.52","0.14","0.34","0.135873698506111","1,2,3,1,3,1,3,3,2,3,1,4,3,1,2,3,1","0.000483036041259766","louvain","graph_2024M05.graphml"
"0.51","0.15","0.34","0.136432916608933","1,2,3,1,3,1,3,3,2,3,1,4,3,1,2,3,1","0.000530004501342773","louvain","graph_2024M05.graphml"
"0.5","0.16","0.34","0.136512693312619","1,2,3,1,3,1,3,3,2,3,3,3,3,1,2,2,1","0.000551939010620117","louvain","graph_2024M05.graphml"
"0.49","0.17","0.34","0.136512693312619","1,2,3,1,3,1,3,3,2,3,3,3,3,1,2,2,1","0.000557899475097656","louvain","graph_2024M05.graphml"
"0.48","0.18","0.34","0.135316816757424","1,2,3,1,3,1,3,3,2,3,3,3,3,1,2,2,1","0.000681877136230469","louvain","graph_2024M05.graphml"
"0.47","0.19","0.34","0.133166350422068","1,2,3,1,3,1,3,3,2,3,3,3,3,1,2,2,1","0.000498056411743164","louvain","graph_2024M05.graphml"
"0.46","0.2","0.34","0.134397838262414","1,2,2,1,3,1,3,3,2,3,3,3,3,1,2,3,1","0.000559091567993164","louvain","graph_2024M05.graphml"
"0.45","0.21","0.34","0.137102656755309","1,2,2,1,3,1,3,3,2,3,1,3,3,1,2,3,1","0.000500917434692383","louvain","graph_2024M05.graphml"
"0.44","0.22","0.34","0.136911856340514","1,2,3,1,2,1,3,3,2,3,3,3,3,1,2,2,1","0.000533103942871094","louvain","graph_2024M05.graphml"
"0.43","0.23","0.34","0.139547805539031","1,2,2,1,3,1,3,3,2,3,3,3,3,1,2,3,1","0.000490903854370117","louvain","graph_2024M05.graphml"
"0.42","0.24","0.34","0.139030716779492","1,2,3,1,2,1,3,3,2,3,3,3,3,1,2,2,1","0.000506877899169922","louvain","graph_2024M05.graphml"
"0.41","0.25","0.34","0.139581675339251","1,2,2,1,3,1,3,3,2,3,3,3,3,1,2,3,1","0.000507831573486328","louvain","graph_2024M05.graphml"
"0.4","0.26","0.34","0.141511038059342","1,2,3,1,2,1,3,3,2,3,3,3,3,1,2,2,1","0.000500917434692383","louvain","graph_2024M05.graphml"
"0.39","0.27","0.34","0.139917108766631","1,2,3,1,2,1,3,3,2,3,3,3,3,1,2,2,1","0.000591039657592773","louvain","graph_2024M05.graphml"
"0.38","0.28","0.34","0.140124939741276","1,2,3,1,3,1,3,3,2,3,1,3,3,1,2,3,1","0.000504016876220703","louvain","graph_2024M05.graphml"
"0.37","0.29","0.34","0.140124939741276","1,2,3,1,3,1,3,3,2,3,1,3,3,1,2,3,1","0.000529050827026367","louvain","graph_2024M05.graphml"
"0.36","0.3","0.34","0.140821177441628","1,2,3,1,3,1,3,3,2,3,3,3,3,1,2,3,1","0.000518798828125","louvain","graph_2024M05.graphml"
"0.35","0.31","0.34","0.142368395255367","1,2,3,1,3,1,3,3,2,3,1,4,3,1,1,3,1","0.000496864318847656","louvain","graph_2024M05.graphml"
"0.34","0.32","0.34","0.143481849463699","1,2,3,1,3,1,3,3,2,3,3,3,3,1,1,3,1","0.000524044036865234","louvain","graph_2024M05.graphml"
"0.33","0.33","0.34","0.144547458130855","1,2,3,1,3,1,3,3,2,3,3,3,3,1,1,3,1","0.000518083572387695","louvain","graph_2024M05.graphml"
"0.32","0.34","0.34","0.144990921020508","1,2,3,1,3,1,3,3,2,3,3,3,3,1,1,3,1","0.00049901008605957","louvain","graph_2024M05.graphml"
"0.31","0.35","0.34","0.141084144582657","1,2,3,1,3,1,3,3,2,3,3,3,3,1,1,3,1","0.000540018081665039","louvain","graph_2024M05.graphml"
"0.3","0.36","0.34","0.139851448249132","1,2,3,1,2,4,3,3,2,4,3,3,3,1,1,3,1","0.00056004524230957","louvain","graph_2024M05.graphml"
"0.29","0.37","0.34","0.139851448249132","1,2,3,1,2,4,3,3,2,4,3,3,3,1,1,3,1","0.000564098358154297","louvain","graph_2024M05.graphml"
"0.28","0.38","0.34","0.140772049405816","1,2,3,1,2,4,3,3,2,4,3,3,3,1,1,3,1","0.000559091567993164","louvain","graph_2024M05.graphml"
"0.27","0.39","0.34","0.138987846345983","1,2,3,1,2,4,3,3,2,4,3,3,3,1,1,3,1","0.000532150268554688","louvain","graph_2024M05.graphml"
"0.26","0.4","0.34","0.139773344489952","1,2,3,1,2,4,3,3,2,4,3,3,3,1,1,3,1","0.000574827194213867","louvain","graph_2024M05.graphml"
"0.25","0.41","0.34","0.141268384705095","1,2,3,1,2,4,3,3,2,4,3,3,3,1,1,3,1","0.000519037246704102","louvain","graph_2024M05.graphml"
"0.24","0.42","0.34","0.140730816689623","1,2,3,1,3,4,3,3,2,4,3,3,3,1,1,3,1","0.000702142715454102","louvain","graph_2024M05.graphml"
"0.23","0.43","0.34","0.139656090422776","1,2,3,1,3,4,3,3,2,4,3,3,3,1,1,3,1","0.000546932220458984","louvain","graph_2024M05.graphml"
"0.22","0.44","0.34","0.140368458526166","1,2,3,1,3,4,3,3,2,4,3,3,3,1,1,3,1","0.000523090362548828","louvain","graph_2024M05.graphml"
"0.21","0.45","0.34","0.140368458526166","1,2,3,1,3,4,3,3,2,4,3,3,3,1,1,3,1","0.000511884689331055","louvain","graph_2024M05.graphml"
"0.2","0.46","0.34","0.141989725252982","1,2,3,1,3,4,3,3,2,4,3,3,3,1,1,3,1","0.000533103942871094","louvain","graph_2024M05.graphml"
"0.19","0.47","0.34","0.141989725252982","1,2,3,1,3,4,3,3,2,4,3,3,3,1,1,3,1","0.000785112380981445","louvain","graph_2024M05.graphml"
"0.18","0.48","0.34","0.141239189127351","1,2,3,1,3,4,3,3,2,4,3,3,3,1,1,3,1","0.000542163848876953","louvain","graph_2024M05.graphml"
"0.17","0.49","0.34","0.139594724430081","1,2,3,1,3,4,3,3,2,4,3,3,3,1,1,3,1","0.000552177429199219","louvain","graph_2024M05.graphml"
"0.16","0.5","0.34","0.138973341993615","1,2,3,1,3,4,3,3,2,4,3,3,3,1,1,3,1","0.000703096389770508","louvain","graph_2024M05.graphml"
"0.15","0.51","0.34","0.138687080990484","1,2,3,1,4,4,4,4,2,4,4,3,4,1,1,4,1","0.000625848770141602","louvain","graph_2024M05.graphml"
"0.14","0.52","0.34","0.1365760308068","1,2,3,1,4,4,4,4,2,4,4,3,4,1,1,4,1","0.000546932220458984","louvain","graph_2024M05.graphml"
"0.13","0.53","0.34","0.137123214876558","1,2,3,1,2,2,2,2,4,2,2,3,2,1,1,2,1","0.00053095817565918","louvain","graph_2024M05.graphml"
"0.12","0.54","0.34","0.138419734668869","1,2,3,1,4,5,4,4,2,5,4,3,4,1,1,4,1","0.000514030456542969","louvain","graph_2024M05.graphml"
"0.11","0.55","0.34","0.137690909090909","1,2,3,1,4,4,4,4,2,4,4,3,4,1,1,4,1","0.00056910514831543","louvain","graph_2024M05.graphml"
"0.1","0.56","0.34","0.137777974690191","1,2,3,1,4,4,4,4,2,4,4,3,4,1,1,4,1","0.00055384635925293","louvain","graph_2024M05.graphml"
"0.09","0.57","0.34","0.137067581398847","1,2,3,1,3,4,3,3,2,4,3,3,3,1,1,3,1","0.000535964965820312","louvain","graph_2024M05.graphml"
"0.08","0.58","0.34","0.138406720666632","1,2,3,4,3,4,3,3,2,4,3,3,3,1,1,3,1","0.000571012496948242","louvain","graph_2024M05.graphml"
"0.07","0.59","0.34","0.139054436920022","1,2,3,1,3,4,3,3,2,4,3,3,3,1,1,3,1","0.000589847564697266","louvain","graph_2024M05.graphml"
"0.06","0.6","0.34","0.138034583317275","1,2,3,1,3,4,3,3,2,4,3,3,3,1,1,3,1","0.000528097152709961","louvain","graph_2024M05.graphml"
"0.05","0.61","0.34","0.136713152284087","1,2,3,1,4,4,3,4,2,4,3,3,3,1,1,4,1","0.000555992126464844","louvain","graph_2024M05.graphml"
"0.04","0.62","0.34","0.136931631294541","1,2,3,1,3,4,3,3,2,4,3,3,3,1,1,3,1","0.000794172286987305","louvain","graph_2024M05.graphml"
"0.03","0.63","0.34","0.137004687563183","1,2,3,1,3,4,3,3,2,4,3,3,3,1,1,3,1","0.000558853149414062","louvain","graph_2024M05.graphml"
"0.02","0.64","0.34","0.135318954413904","1,2,3,1,3,4,3,3,2,4,3,3,3,1,1,3,1","0.000599145889282227","louvain","graph_2024M05.graphml"
"0.01","0.65","0.34","0.135318954413904","1,2,3,1,3,4,3,3,2,4,3,3,3,1,1,3,1","0.000555038452148438","louvain","graph_2024M05.graphml"
"0","0.66","0.34","0.13588656500035","1,2,3,1,4,4,4,4,2,4,4,3,4,1,1,4,1","0.000645160675048828","louvain","graph_2024M05.graphml"
"0.65","0","0.35","0.133865784499055","1,2,1,2,3,1,3,3,2,3,3,3,3,1,2,3,1","0.000541925430297852","louvain","graph_2024M05.graphml"
"0.64","0.01","0.35","0.133629898240288","1,2,1,2,3,1,3,3,2,3,3,3,3,1,2,3,1","0.000514984130859375","louvain","graph_2024M05.graphml"
"0.63","0.02","0.35","0.132991323573127","1,2,3,1,3,1,3,3,2,3,3,3,3,1,2,3,1","0.000612974166870117","louvain","graph_2024M05.graphml"
"0.62","0.03","0.35","0.134149612671985","1,2,3,1,3,1,3,3,2,3,3,3,3,1,2,3,1","0.000550031661987305","louvain","graph_2024M05.graphml"
"0.61","0.04","0.35","0.134149612671985","1,2,3,1,3,1,3,3,2,3,3,3,3,1,2,3,1","0.00053095817565918","louvain","graph_2024M05.graphml"
"0.6","0.05","0.35","0.136061172613237","1,2,3,1,3,1,3,3,2,3,3,3,3,1,2,3,1","0.000483989715576172","louvain","graph_2024M05.graphml"
"0.59","0.06","0.35","0.133572119950325","1,2,3,1,3,1,3,3,2,3,3,3,3,1,2,3,1","0.000515937805175781","louvain","graph_2024M05.graphml"
"0.58","0.07","0.35","0.133889776644642","1,2,3,1,3,1,3,3,2,3,3,3,3,1,2,3,1","0.000506877899169922","louvain","graph_2024M05.graphml"
"0.57","0.08","0.35","0.13516574979081","1,2,3,1,3,1,3,3,2,3,3,3,3,1,2,3,1","0.000702857971191406","louvain","graph_2024M05.graphml"
"0.56","0.09","0.35","0.13516574979081","1,2,3,1,3,1,3,3,2,3,3,3,3,1,2,3,1","0.000516176223754883","louvain","graph_2024M05.graphml"
"0.55","0.1","0.35","0.135316816757424","1,2,3,1,3,1,3,3,2,3,3,3,3,1,2,2,1","0.000647068023681641","louvain","graph_2024M05.graphml"
"0.54","0.11","0.35","0.133866927222327","1,2,3,1,3,1,3,3,2,3,3,3,3,1,2,2,1","0.000670909881591797","louvain","graph_2024M05.graphml"
"0.53","0.12","0.35","0.13409762140521","1,2,2,1,3,1,3,3,2,3,3,3,3,1,2,3,1","0.00052189826965332","louvain","graph_2024M05.graphml"
"0.52","0.13","0.35","0.1334318205973","1,2,3,1,3,1,2,2,3,4,4,2,2,1,3,2,1","0.000535011291503906","louvain","graph_2024M05.graphml"
"0.51","0.14","0.35","0.135709906611126","1,2,3,1,2,1,3,3,2,3,3,4,3,1,2,2,1","0.000491857528686523","louvain","graph_2024M05.graphml"
"0.5","0.15","0.35","0.138934631928688","1,2,2,1,3,1,3,3,2,3,3,3,3,1,2,3,1","0.000538110733032227","louvain","graph_2024M05.graphml"
"0.49","0.16","0.35","0.137577252296913","1,2,3,1,2,1,3,3,2,3,3,3,3,1,2,2,1","0.00049281120300293","louvain","graph_2024M05.graphml"
"0.48","0.17","0.35","0.138307501779477","1,2,3,1,2,1,3,3,2,3,3,3,3,1,2,2,1","0.000515937805175781","louvain","graph_2024M05.graphml"
"0.47","0.18","0.35","0.139192578144208","1,2,2,1,3,1,3,3,2,4,4,3,3,1,2,3,1","0.00049901008605957","louvain","graph_2024M05.graphml"
"0.46","0.19","0.35","0.139464506373569","1,2,2,1,3,1,3,3,2,3,3,3,3,1,2,3,1","0.000504970550537109","louvain","graph_2024M05.graphml"
"0.45","0.2","0.35","0.138620455125117","1,2,2,1,3,1,3,3,2,3,3,3,3,1,2,3,1","0.000522136688232422","louvain","graph_2024M05.graphml"
"0.44","0.21","0.35","0.139225577006822","1,2,2,1,3,1,3,3,2,3,3,3,3,1,2,3,1","0.000586986541748047","louvain","graph_2024M05.graphml"
"0.43","0.22","0.35","0.138856872060755","1,2,3,1,3,1,3,3,2,3,1,3,3,1,2,3,1","0.000539064407348633","louvain","graph_2024M05.graphml"
"0.42","0.23","0.35","0.140868506653913","1,2,3,1,3,1,3,3,2,3,3,3,3,1,1,3,1","0.000552892684936523","louvain","graph_2024M05.graphml"
"0.41","0.24","0.35","0.14005220143613","1,2,3,1,3,1,3,3,2,3,3,3,3,1,1,3,1","0.000512838363647461","louvain","graph_2024M05.graphml"
"0.4","0.25","0.35","0.142280597061194","1,2,3,1,3,1,3,3,2,3,3,3,3,1,1,3,1","0.000598907470703125","louvain","graph_2024M05.graphml"
"0.39","0.26","0.35","0.141243472118758","1,2,3,1,3,1,3,3,2,3,3,4,3,1,1,3,1","0.000506877899169922","louvain","graph_2024M05.graphml"
"0.38","0.27","0.35","0.140436373585035","1,2,3,1,3,1,3,3,2,3,3,3,3,1,1,3,1","0.000603914260864258","louvain","graph_2024M05.graphml"
"0.37","0.28","0.35","0.140194174757282","1,2,3,1,3,1,3,3,2,3,3,3,3,1,1,3,1","0.00055694580078125","louvain","graph_2024M05.graphml"
"0.36","0.29","0.35","0.139397797608317","1,2,3,1,3,1,3,3,2,3,3,3,3,1,1,3,1","0.000535011291503906","louvain","graph_2024M05.graphml"
"0.35","0.3","0.35","0.139404227724691","1,2,3,1,3,1,3,3,2,3,3,3,3,1,1,3,1","0.000545978546142578","louvain","graph_2024M05.graphml"
"0.34","0.31","0.35","0.140057322485207","1,2,3,1,2,4,3,3,2,4,3,3,3,1,1,3,1","0.000580072402954102","louvain","graph_2024M05.graphml"
"0.33","0.32","0.35","0.138987846345983","1,2,3,1,2,4,3,3,2,4,3,3,3,1,1,3,1","0.000514030456542969","louvain","graph_2024M05.graphml"
"0.32","0.33","0.35","0.138987846345983","1,2,3,1,2,4,3,3,2,4,3,3,3,1,1,3,1","0.000725030899047852","louvain","graph_2024M05.graphml"
"0.31","0.34","0.35","0.137938130062351","1,2,3,1,2,4,3,3,2,4,3,3,3,1,1,3,1","0.000575065612792969","louvain","graph_2024M05.graphml"
"0.3","0.35","0.35","0.138937313475666","1,2,3,1,3,4,3,3,2,4,3,3,3,1,1,3,1","0.000535011291503906","louvain","graph_2024M05.graphml"
"0.29","0.36","0.35","0.138937313475666","1,2,3,1,3,4,3,3,2,4,3,3,3,1,1,3,1","0.000732898712158203","louvain","graph_2024M05.graphml"
"0.28","0.37","0.35","0.139656090422776","1,2,3,1,3,4,3,3,2,4,3,3,3,1,1,3,1","0.000561952590942383","louvain","graph_2024M05.graphml"
"0.27","0.38","0.35","0.139656090422776","1,2,3,1,3,4,3,3,2,4,3,3,3,1,1,3,1","0.000588893890380859","louvain","graph_2024M05.graphml"
"0.26","0.39","0.35","0.139435742257031","1,2,3,1,4,1,4,4,2,4,4,3,4,1,1,4,1","0.000518798828125","louvain","graph_2024M05.graphml"
"0.25","0.4","0.35","0.141283723635538","1,2,3,1,3,4,3,3,2,4,3,3,3,1,1,3,1","0.000516176223754883","louvain","graph_2024M05.graphml"
"0.24","0.41","0.35","0.1402124908135","1,2,3,1,3,4,3,3,2,4,3,3,3,1,1,3,1","0.000500202178955078","louvain","graph_2024M05.graphml"
"0.23","0.42","0.35","0.138151940855424","1,2,3,1,3,4,3,3,2,4,3,3,3,1,1,3,1","0.000550985336303711","louvain","graph_2024M05.graphml"
"0.22","0.43","0.35","0.136659024671912","1,2,3,1,3,4,3,3,2,4,3,3,3,1,1,3,1","0.000624895095825195","louvain","graph_2024M05.graphml"
"0.21","0.44","0.35","0.135615664274724","1,2,3,1,3,4,3,3,2,4,3,3,3,1,1,3,1","0.000545024871826172","louvain","graph_2024M05.graphml"
"0.2","0.45","0.35","0.136028953791768","1,2,3,1,3,4,3,3,2,4,3,3,3,1,1,3,1","0.000549077987670898","louvain","graph_2024M05.graphml"
"0.19","0.46","0.35","0.136728655959425","1,2,3,1,3,4,3,3,2,4,3,3,3,1,1,3,1","0.000705957412719727","louvain","graph_2024M05.graphml"
"0.18","0.47","0.35","0.135943477294369","1,2,3,1,4,4,4,4,2,4,4,3,4,1,1,4,1","0.000699043273925781","louvain","graph_2024M05.graphml"
"0.17","0.48","0.35","0.136725619834711","1,2,3,1,3,4,3,3,2,4,3,3,3,1,1,3,1","0.000594854354858398","louvain","graph_2024M05.graphml"
"0.16","0.49","0.35","0.134757461273184","1,2,3,1,4,4,3,4,2,4,3,3,3,1,1,4,1","0.00054621696472168","louvain","graph_2024M05.graphml"
"0.15","0.5","0.35","0.136507889624029","1,2,3,1,4,2,2,2,4,2,2,3,2,1,1,2,1","0.000527858734130859","louvain","graph_2024M05.graphml"
"0.14","0.51","0.35","0.137543023135448","1,2,3,1,4,4,4,4,2,4,4,3,4,1,1,4,1","0.000545978546142578","louvain","graph_2024M05.graphml"
"0.13","0.52","0.35","0.135172980819876","1,2,3,1,3,3,3,3,2,3,3,3,3,1,1,3,1","0.000752925872802734","louvain","graph_2024M05.graphml"
"0.12","0.53","0.35","0.136417410714286","1,2,3,1,3,4,3,3,2,4,3,3,3,1,1,3,1","0.00128293037414551","louvain","graph_2024M05.graphml"
"0.11","0.54","0.35","0.133538295543097","1,2,3,1,4,4,4,4,2,4,4,3,4,1,1,4,1","0.000559806823730469","louvain","graph_2024M05.graphml"
"0.1","0.55","0.35","0.137672646796271","1,2,3,1,3,4,3,3,2,4,3,3,3,1,1,3,1","0.000555038452148438","louvain","graph_2024M05.graphml"
"0.09","0.56","0.35","0.136108116789854","1,2,3,1,4,4,4,4,2,4,4,3,4,1,1,4,1","0.000659942626953125","louvain","graph_2024M05.graphml"
"0.08","0.57","0.35","0.136979129666637","1,2,3,1,3,4,3,3,2,4,3,3,3,1,1,3,1","0.000600814819335938","louvain","graph_2024M05.graphml"
"0.07","0.58","0.35","0.135297401247082","1,2,3,1,3,4,3,3,2,4,3,3,3,1,1,3,1","0.000576972961425781","louvain","graph_2024M05.graphml"
"0.06","0.59","0.35","0.136818556996184","1,2,3,1,3,4,3,3,2,4,3,3,3,1,1,3,1","0.000602960586547852","louvain","graph_2024M05.graphml"
"0.05","0.6","0.35","0.136383226699365","1,2,3,1,3,4,3,3,2,4,3,3,3,1,1,3,1","0.000540971755981445","louvain","graph_2024M05.graphml"
"0.04","0.61","0.35","0.136094835069444","1,2,3,1,4,5,4,5,2,4,5,3,5,1,1,5,1","0.000555992126464844","louvain","graph_2024M05.graphml"
"0.03","0.62","0.35","0.135207013804911","1,2,3,1,2,2,2,2,4,2,5,3,5,1,1,2,1","0.000555992126464844","louvain","graph_2024M05.graphml"
"0.02","0.63","0.35","0.136527155091412","1,2,3,1,4,4,4,4,2,4,4,3,4,1,1,4,1","0.000576972961425781","louvain","graph_2024M05.graphml"
"0.01","0.64","0.35","0.135569262782402","1,2,3,1,2,2,2,2,4,2,5,3,5,1,1,2,1","0.000524997711181641","louvain","graph_2024M05.graphml"
"0","0.65","0.35","0.13631950430876","1,2,3,1,4,4,4,4,2,4,5,3,5,1,1,4,5","0.000531196594238281","louvain","graph_2024M05.graphml"
"0.64","0","0.36","0.135261060040218","1,2,3,1,3,1,3,3,2,3,3,3,3,1,2,2,1","0.000554084777832031","louvain","graph_2024M05.graphml"
"0.63","0.01","0.36","0.133305292955189","1,2,3,1,3,1,3,3,2,3,3,3,3,1,2,3,1","0.000514984130859375","louvain","graph_2024M05.graphml"
"0.62","0.02","0.36","0.1337108033241","1,2,3,1,3,1,3,3,2,3,1,4,3,1,2,3,1","0.000524997711181641","louvain","graph_2024M05.graphml"
"0.61","0.03","0.36","0.132721470941318","1,2,3,1,3,1,3,3,2,3,3,3,3,1,2,3,1","0.000512123107910156","louvain","graph_2024M05.graphml"
"0.6","0.04","0.36","0.131796409534477","1,2,3,1,3,1,3,3,2,3,3,3,3,1,2,3,1","0.000545024871826172","louvain","graph_2024M05.graphml"
"0.59","0.05","0.36","0.13409762140521","1,2,2,1,3,1,3,3,2,3,3,3,3,1,2,3,1","0.00053095817565918","louvain","graph_2024M05.graphml"
"0.58","0.06","0.36","0.131824848549261","1,2,3,1,3,1,2,2,3,2,2,2,2,1,3,2,1","0.000505208969116211","louvain","graph_2024M05.graphml"
"0.57","0.07","0.36","0.133641830153185","1,2,2,1,3,1,3,3,2,3,3,3,3,1,2,3,1","0.000512838363647461","louvain","graph_2024M05.graphml"
"0.56","0.08","0.36","0.134747680044831","1,2,2,1,3,1,3,3,2,3,3,3,3,1,2,3,1","0.00049591064453125","louvain","graph_2024M05.graphml"
"0.55","0.09","0.36","0.137136481099713","1,2,2,1,3,1,3,3,2,3,3,3,3,1,2,3,1","0.000524044036865234","louvain","graph_2024M05.graphml"
"0.54","0.1","0.36","0.137147241914182","1,2,2,1,3,1,3,3,2,3,3,3,3,1,2,3,1","0.000510931015014648","louvain","graph_2024M05.graphml"
"0.53","0.11","0.36","0.13776451015424","1,2,2,1,3,1,3,3,2,3,3,3,3,1,2,3,1","0.000519990921020508","louvain","graph_2024M05.graphml"
"0.52","0.12","0.36","0.138620455125117","1,2,2,1,3,1,3,3,2,3,3,3,3,1,2,3,1","0.000509023666381836","louvain","graph_2024M05.graphml"
"0.51","0.13","0.36","0.138486856754207","1,2,3,1,2,1,3,3,2,3,3,3,3,1,2,2,1","0.000533819198608398","louvain","graph_2024M05.graphml"
"0.5","0.14","0.36","0.138620455125117","1,2,2,1,3,1,3,3,2,3,3,3,3,1,2,3,1","0.000540971755981445","louvain","graph_2024M05.graphml"
"0.49","0.15","0.36","0.138763890904985","1,2,3,1,2,1,3,3,2,3,3,3,3,1,1,2,1","0.000606060028076172","louvain","graph_2024M05.graphml"
"0.48","0.16","0.36","0.138606","1,2,2,1,3,1,3,3,2,3,3,3,3,1,1,3,1","0.000518083572387695","louvain","graph_2024M05.graphml"
"0.47","0.17","0.36","0.138896186648368","1,2,2,1,3,1,3,3,2,3,3,3,3,1,1,3,1","0.000535011291503906","louvain","graph_2024M05.graphml"
"0.46","0.18","0.36","0.138847068068734","1,2,3,1,3,1,3,3,2,3,1,3,3,1,1,3,1","0.000505924224853516","louvain","graph_2024M05.graphml"
"0.45","0.19","0.36","0.138822614803099","1,2,3,1,3,1,3,3,2,3,3,3,3,1,1,3,1","0.000532865524291992","louvain","graph_2024M05.graphml"
"0.44","0.2","0.36","0.139944076538086","1,2,3,1,3,1,3,3,2,3,3,4,3,1,1,3,1","0.000519037246704102","louvain","graph_2024M05.graphml"
"0.43","0.21","0.36","0.138524050326273","1,2,3,1,3,1,3,3,2,3,3,3,3,1,1,3,1","0.000546932220458984","louvain","graph_2024M05.graphml"
"0.42","0.22","0.36","0.139087567159959","1,2,3,1,3,1,3,3,2,3,3,3,3,1,1,3,1","0.000555992126464844","louvain","graph_2024M05.graphml"
"0.41","0.23","0.36","0.139087567159959","1,2,3,1,3,1,3,3,2,3,3,3,3,1,1,3,1","0.000709056854248047","louvain","graph_2024M05.graphml"
"0.4","0.24","0.36","0.138765448598721","1,2,3,1,3,1,3,3,2,3,3,3,3,1,1,3,1","0.00100803375244141","louvain","graph_2024M05.graphml"
"0.39","0.25","0.36","0.138195266272189","1,2,3,1,2,4,3,3,2,4,3,3,3,1,1,3,1","0.000542879104614258","louvain","graph_2024M05.graphml"
"0.38","0.26","0.36","0.137153647328071","1,2,3,1,2,4,3,3,2,4,3,3,3,1,1,3,1","0.000654935836791992","louvain","graph_2024M05.graphml"
"0.37","0.27","0.36","0.137153647328071","1,2,3,1,2,4,3,3,2,4,3,3,3,1,1,3,1","0.000538110733032227","louvain","graph_2024M05.graphml"
"0.36","0.28","0.36","0.137006802721088","1,2,3,1,2,4,3,3,2,4,3,3,3,1,1,3,1","0.000519990921020508","louvain","graph_2024M05.graphml"
"0.35","0.29","0.36","0.138937313475666","1,2,3,1,3,4,3,3,2,4,3,3,3,1,1,3,1","0.000546932220458984","louvain","graph_2024M05.graphml"
"0.34","0.3","0.36","0.139202751951331","1,2,3,1,4,2,3,3,4,2,3,3,3,1,1,3,1","0.000545024871826172","louvain","graph_2024M05.graphml"
"0.33","0.31","0.36","0.139202751951331","1,2,3,1,4,2,3,3,4,2,3,3,3,1,1,3,1","0.000537872314453125","louvain","graph_2024M05.graphml"
"0.32","0.32","0.36","0.140571377714489","1,2,3,1,3,4,3,3,2,4,3,3,3,1,1,3,1","0.000542879104614258","louvain","graph_2024M05.graphml"
"0.31","0.33","0.36","0.138852182147097","1,2,3,1,3,4,3,3,2,4,3,3,3,1,1,3,1","0.000540971755981445","louvain","graph_2024M05.graphml"
"0.3","0.34","0.36","0.136726914390719","1,2,3,1,3,4,3,3,2,4,3,3,3,1,1,3,1","0.000594854354858398","louvain","graph_2024M05.graphml"
"0.29","0.35","0.36","0.134730154766983","1,2,3,1,3,4,3,3,2,4,3,3,3,1,1,3,1","0.0005340576171875","louvain","graph_2024M05.graphml"
"0.28","0.36","0.36","0.13562585733882","1,2,3,1,3,4,3,3,2,4,3,3,3,1,1,3,1","0.000538110733032227","louvain","graph_2024M05.graphml"
"0.27","0.37","0.36","0.137043681322422","1,2,3,1,3,4,3,3,2,4,3,3,3,1,1,3,1","0.00100302696228027","louvain","graph_2024M05.graphml"
"0.26","0.38","0.36","0.132361388948962","1,2,3,1,4,4,4,4,2,4,4,3,4,4,1,4,1","0.000597953796386719","louvain","graph_2024M05.graphml"
"0.25","0.39","0.36","0.13555909080275","1,2,3,1,4,1,2,2,4,2,2,3,2,1,1,2,1","0.000584840774536133","louvain","graph_2024M05.graphml"
"0.24","0.4","0.36","0.135943477294369","1,2,3,1,4,4,4,4,2,4,4,3,4,1,1,4,1","0.000532865524291992","louvain","graph_2024M05.graphml"
"0.23","0.41","0.36","0.135516681433856","1,2,3,1,4,4,4,4,2,4,4,3,4,1,1,4,1","0.000678062438964844","louvain","graph_2024M05.graphml"
"0.22","0.42","0.36","0.135818696177274","1,2,3,1,4,2,3,3,4,2,3,3,3,1,1,3,1","0.000546932220458984","louvain","graph_2024M05.graphml"
"0.21","0.43","0.36","0.136208099991884","1,2,3,1,3,4,3,3,2,4,3,3,3,1,1,3,1","0.000557899475097656","louvain","graph_2024M05.graphml"
"0.2","0.44","0.36","0.135737852861454","1,2,3,1,3,4,3,3,2,4,3,3,3,1,1,3,1","0.000583887100219727","louvain","graph_2024M05.graphml"
"0.19","0.45","0.36","0.134351084183674","1,2,3,1,4,4,4,4,2,4,4,3,4,1,1,4,1","0.00056004524230957","louvain","graph_2024M05.graphml"
"0.18","0.46","0.36","0.134850726727219","1,2,3,1,4,4,4,4,2,4,4,3,4,1,1,4,1","0.000576972961425781","louvain","graph_2024M05.graphml"
"0.17","0.47","0.36","0.134662072206124","1,2,3,1,3,4,3,3,2,4,3,3,3,1,1,3,1","0.000756025314331055","louvain","graph_2024M05.graphml"
"0.16","0.48","0.36","0.135528911585861","1,2,3,1,3,4,3,3,2,4,3,3,3,1,1,3,1","0.000601053237915039","louvain","graph_2024M05.graphml"
"0.15","0.49","0.36","0.13550913757191","1,2,3,1,3,4,3,3,2,4,3,3,3,1,1,3,1","0.000607967376708984","louvain","graph_2024M05.graphml"
"0.14","0.5","0.36","0.136286549707602","1,2,3,1,3,4,3,3,2,4,3,3,3,1,1,3,1","0.000706195831298828","louvain","graph_2024M05.graphml"
"0.13","0.51","0.36","0.134862951733581","1,2,3,1,3,4,3,3,2,4,3,3,3,1,1,3,1","0.000648021697998047","louvain","graph_2024M05.graphml"
"0.12","0.52","0.36","0.135720572961877","1,2,3,1,3,4,3,3,2,4,3,3,3,1,1,3,1","0.000581979751586914","louvain","graph_2024M05.graphml"
"0.11","0.53","0.36","0.135720572961877","1,2,3,1,3,4,3,3,2,4,3,3,3,1,1,3,1","0.000600814819335938","louvain","graph_2024M05.graphml"
"0.1","0.54","0.36","0.135957694347994","1,2,3,1,3,4,3,3,2,4,3,3,3,1,1,3,1","0.000576019287109375","louvain","graph_2024M05.graphml"
"0.09","0.55","0.36","0.135787388774046","1,2,3,1,4,4,2,4,5,2,4,3,4,1,1,4,4","0.000612974166870117","louvain","graph_2024M05.graphml"
"0.08","0.56","0.36","0.135898400585376","1,2,3,1,4,4,2,4,5,2,4,3,4,1,1,4,4","0.000669956207275391","louvain","graph_2024M05.graphml"
"0.07","0.57","0.36","0.135728498718721","1,2,3,1,4,4,2,4,5,2,4,3,4,1,1,4,4","0.000567913055419922","louvain","graph_2024M05.graphml"
"0.06","0.58","0.36","0.136806194754913","1,2,3,1,4,4,4,4,2,4,4,3,4,1,1,4,4","0.000541925430297852","louvain","graph_2024M05.graphml"
"0.05","0.59","0.36","0.138464460515743","1,2,3,1,4,4,4,4,2,3,4,3,4,3,1,4,1","0.000609159469604492","louvain","graph_2024M05.graphml"
"0.04","0.6","0.36","0.139155002336252","1,2,3,1,4,4,4,4,2,4,4,3,4,1,1,4,4","0.000713109970092773","louvain","graph_2024M05.graphml"
"0.03","0.61","0.36","0.139155002336252","1,2,3,1,4,4,4,4,2,4,4,3,4,1,1,4,4","0.000569820404052734","louvain","graph_2024M05.graphml"
"0.02","0.62","0.36","0.139746459808413","1,2,3,1,4,4,4,4,2,3,4,3,4,3,1,4,1","0.000580072402954102","louvain","graph_2024M05.graphml"
"0.01","0.63","0.36","0.136664751508187","1,2,3,1,4,4,4,4,2,4,4,3,4,1,1,4,4","0.000533819198608398","louvain","graph_2024M05.graphml"
"0","0.64","0.36","0.138986603118451","1,2,3,1,4,4,4,4,2,3,4,3,4,3,1,4,2","0.000604152679443359","louvain","graph_2024M05.graphml"
"0.63","0","0.37","0.130577107025189","1,2,2,1,3,1,3,3,2,3,3,3,3,1,2,3,1","0.000570058822631836","louvain","graph_2024M05.graphml"
"0.62","0.01","0.37","0.133081159747576","1,2,3,1,2,1,3,3,2,3,3,4,3,1,2,2,1","0.000490903854370117","louvain","graph_2024M05.graphml"
"0.61","0.02","0.37","0.132564684824838","1,2,3,1,3,1,3,3,2,3,1,4,3,1,2,3,1","0.000489950180053711","louvain","graph_2024M05.graphml"
"0.6","0.03","0.37","0.13589416005409","1,2,2,1,3,1,3,3,2,3,3,3,3,1,2,3,1","0.000497817993164062","louvain","graph_2024M05.graphml"
"0.59","0.04","0.37","0.13652381188446","1,2,2,1,3,1,3,3,2,3,3,3,3,1,2,3,1","0.000552177429199219","louvain","graph_2024M05.graphml"
"0.58","0.05","0.37","0.137028874604632","1,2,3,1,2,1,3,3,2,3,3,3,3,1,2,2,1","0.000468015670776367","louvain","graph_2024M05.graphml"
"0.57","0.06","0.37","0.137761365114464","1,2,3,1,2,1,3,3,2,3,3,3,3,1,2,2,1","0.000518083572387695","louvain","graph_2024M05.graphml"
"0.56","0.07","0.37","0.135685311527234","1,2,2,1,3,1,3,3,2,3,3,3,3,3,1,3,1","0.000524997711181641","louvain","graph_2024M05.graphml"
"0.55","0.08","0.37","0.136512","1,2,3,1,2,1,3,3,2,3,3,3,3,1,1,2,1","0.000540018081665039","louvain","graph_2024M05.graphml"
"0.54","0.09","0.37","0.137443675523205","1,2,2,1,3,1,3,3,2,3,3,3,3,1,1,3,1","0.000497817993164062","louvain","graph_2024M05.graphml"
"0.53","0.1","0.37","0.137678896798138","1,2,2,1,3,1,3,3,2,3,3,3,3,1,1,3,1","0.000509023666381836","louvain","graph_2024M05.graphml"
"0.52","0.11","0.37","0.135988689090597","1,2,2,1,3,1,3,3,2,3,3,3,3,1,1,3,1","0.000541210174560547","louvain","graph_2024M05.graphml"
"0.51","0.12","0.37","0.136615575823777","1,2,2,1,3,1,3,3,2,3,3,3,3,1,1,3,1","0.000537872314453125","louvain","graph_2024M05.graphml"
"0.5","0.13","0.37","0.139959335327148","1,2,2,1,3,1,3,3,2,3,3,3,3,1,1,3,1","0.000528812408447266","louvain","graph_2024M05.graphml"
"0.49","0.14","0.37","0.138524050326273","1,2,3,1,3,1,3,3,2,3,3,3,3,1,1,3,1","0.000594854354858398","louvain","graph_2024M05.graphml"
"0.48","0.15","0.37","0.138531620463595","1,2,3,1,3,1,3,3,2,3,3,4,3,1,1,3,1","0.000529050827026367","louvain","graph_2024M05.graphml"
"0.47","0.16","0.37","0.137951820804038","1,2,3,1,3,1,3,3,2,3,3,3,3,1,1,3,1","0.000568866729736328","louvain","graph_2024M05.graphml"
"0.46","0.17","0.37","0.137078121925594","1,2,3,1,3,1,3,3,2,3,3,3,3,1,1,3,1","0.000527858734130859","louvain","graph_2024M05.graphml"
"0.45","0.18","0.37","0.136296227810651","1,2,3,1,3,1,3,3,2,3,3,3,3,1,1,3,1","0.000537872314453125","louvain","graph_2024M05.graphml"
"0.44","0.19","0.37","0.135150916773811","1,2,3,1,3,4,3,3,2,4,4,3,3,1,1,3,1","0.000559806823730469","louvain","graph_2024M05.graphml"
"0.43","0.2","0.37","0.135738245181368","1,2,3,1,3,1,3,3,2,3,3,3,3,1,1,3,1","0.000513076782226562","louvain","graph_2024M05.graphml"
"0.42","0.21","0.37","0.136215474039974","1,2,3,1,2,4,3,3,2,4,3,3,3,1,1,3,1","0.000538110733032227","louvain","graph_2024M05.graphml"
"0.41","0.22","0.37","0.136215474039974","1,2,3,1,2,4,3,3,2,4,3,3,3,1,1,3,1","0.000536918640136719","louvain","graph_2024M05.graphml"
"0.4","0.23","0.37","0.137916818193275","1,2,3,1,3,4,3,3,2,4,4,3,3,1,1,3,1","0.000518083572387695","louvain","graph_2024M05.graphml"
"0.39","0.24","0.37","0.138130805324141","1,2,3,1,3,4,3,3,2,4,3,3,3,1,1,3,1","0.000532150268554688","louvain","graph_2024M05.graphml"
"0.38","0.25","0.37","0.137066114534456","1,2,3,1,3,4,3,3,2,4,3,3,3,1,1,3,1","0.000745058059692383","louvain","graph_2024M05.graphml"
"0.37","0.26","0.37","0.136726914390719","1,2,3,1,3,4,3,3,2,4,3,3,3,1,1,3,1","0.000562906265258789","louvain","graph_2024M05.graphml"
"0.36","0.27","0.37","0.135200281243038","1,2,3,1,3,4,3,3,2,4,3,3,3,1,1,3,1","0.000512123107910156","louvain","graph_2024M05.graphml"
"0.35","0.28","0.37","0.136337855890885","1,2,3,1,3,4,3,3,2,4,3,3,3,1,1,3,1","0.000538825988769531","louvain","graph_2024M05.graphml"
"0.34","0.29","0.37","0.13648172454375","1,2,3,1,3,4,3,3,2,4,3,3,3,1,1,3,1","0.000501871109008789","louvain","graph_2024M05.graphml"
"0.33","0.3","0.37","0.13648172454375","1,2,3,1,3,4,3,3,2,4,3,3,3,1,1,3,1","0.000541925430297852","louvain","graph_2024M05.graphml"
"0.32","0.31","0.37","0.135441446799308","1,2,3,1,3,4,3,3,2,4,3,3,3,1,1,3,1","0.000515937805175781","louvain","graph_2024M05.graphml"
"0.31","0.32","0.37","0.13597665568462","1,2,3,1,3,4,3,3,2,4,3,3,3,1,1,3,1","0.000525951385498047","louvain","graph_2024M05.graphml"
"0.3","0.33","0.37","0.135421487603306","1,2,3,1,3,4,3,3,2,4,3,3,3,1,1,3,1","0.000519037246704102","louvain","graph_2024M05.graphml"
"0.29","0.34","0.37","0.136330668452006","1,2,3,1,3,4,3,3,2,4,3,3,3,1,1,3,1","0.000559806823730469","louvain","graph_2024M05.graphml"
"0.28","0.35","0.37","0.136459358619269","1,2,3,1,3,1,3,3,2,3,3,3,3,1,1,3,1","0.00062108039855957","louvain","graph_2024M05.graphml"
"0.27","0.36","0.37","0.135458819902108","1,2,3,1,3,4,3,3,2,4,3,3,3,1,1,3,1","0.000561952590942383","louvain","graph_2024M05.graphml"
"0.26","0.37","0.37","0.133754783163265","1,2,3,1,3,4,3,3,2,4,3,3,3,1,1,3,1","0.000570058822631836","louvain","graph_2024M05.graphml"
"0.25","0.38","0.37","0.133640589601584","1,2,3,1,4,4,4,4,2,4,4,3,4,1,1,4,1","0.000533819198608398","louvain","graph_2024M05.graphml"
"0.24","0.39","0.37","0.133216404370856","1,2,3,1,3,4,3,3,2,4,3,3,3,1,1,3,1","0.000631093978881836","louvain","graph_2024M05.graphml"
"0.23","0.4","0.37","0.133492719179116","1,2,3,1,4,4,4,4,2,4,4,3,4,1,1,4,1","0.000550031661987305","louvain","graph_2024M05.graphml"
"0.22","0.41","0.37","0.133629766492788","1,2,3,1,3,4,3,3,2,4,3,3,3,1,1,3,1","0.000561952590942383","louvain","graph_2024M05.graphml"
"0.21","0.42","0.37","0.133893520220162","1,2,3,1,4,4,4,4,2,4,4,3,4,1,1,4,1","0.000511884689331055","louvain","graph_2024M05.graphml"
"0.2","0.43","0.37","0.133180978762696","1,2,3,1,3,4,3,3,2,4,3,3,3,1,1,3,1","0.000524044036865234","louvain","graph_2024M05.graphml"
"0.19","0.44","0.37","0.136038851274179","1,2,3,1,4,4,4,4,2,5,4,3,4,5,1,4,1","0.000615119934082031","louvain","graph_2024M05.graphml"
"0.18","0.45","0.37","0.133201316550926","1,2,3,1,4,4,4,4,2,5,4,3,4,5,1,4,1","0.000586032867431641","louvain","graph_2024M05.graphml"
"0.17","0.46","0.37","0.133034035011574","1,2,3,1,3,4,3,3,2,4,3,3,3,1,1,3,3","0.000551939010620117","louvain","graph_2024M05.graphml"
"0.16","0.47","0.37","0.133201316550926","1,2,3,1,4,4,4,4,2,5,4,3,4,5,1,4,1","0.000586032867431641","louvain","graph_2024M05.graphml"
"0.15","0.48","0.37","0.135053588314079","1,2,3,1,4,4,4,4,2,5,4,3,4,5,1,4,1","0.000586032867431641","louvain","graph_2024M05.graphml"
"0.14","0.49","0.37","0.135053588314079","1,2,3,1,4,4,4,4,2,5,4,3,4,5,1,4,1","0.000633955001831055","louvain","graph_2024M05.graphml"
"0.13","0.5","0.37","0.135728498718721","1,2,3,1,4,4,2,4,5,2,4,3,4,1,1,4,4","0.000698089599609375","louvain","graph_2024M05.graphml"
"0.12","0.51","0.37","0.135728498718721","1,2,3,1,4,4,2,4,5,2,4,3,4,1,1,4,4","0.00058293342590332","louvain","graph_2024M05.graphml"
"0.11","0.52","0.37","0.139025494922931","1,2,3,1,4,4,3,4,2,3,4,3,4,1,1,4,4","0.00052189826965332","louvain","graph_2024M05.graphml"
"0.1","0.53","0.37","0.139296905030926","1,2,3,1,4,4,4,4,2,3,4,3,4,3,1,4,1","0.000548839569091797","louvain","graph_2024M05.graphml"
"0.09","0.54","0.37","0.140311096223385","1,2,3,1,4,4,4,4,2,3,4,3,4,3,1,4,1","0.000524997711181641","louvain","graph_2024M05.graphml"
"0.08","0.55","0.37","0.140018660975164","1,2,3,1,4,4,4,4,2,3,4,3,4,3,1,4,1","0.000550031661987305","louvain","graph_2024M05.graphml"
"0.07","0.56","0.37","0.140281887335759","1,2,3,1,4,4,4,4,2,3,4,3,4,3,1,4,1","0.000571012496948242","louvain","graph_2024M05.graphml"
"0.06","0.57","0.37","0.138921856631005","1,2,3,1,4,4,4,4,2,3,4,3,4,3,1,4,2","0.000599861145019531","louvain","graph_2024M05.graphml"
"0.05","0.58","0.37","0.138626805069295","1,2,3,1,4,4,4,4,2,3,4,3,4,3,1,4,2","0.00059199333190918","louvain","graph_2024M05.graphml"
"0.04","0.59","0.37","0.136271950640721","1,2,3,1,4,4,4,4,2,5,4,3,4,5,1,4,2","0.000576019287109375","louvain","graph_2024M05.graphml"
"0.03","0.6","0.37","0.135817225599344","1,2,3,1,4,4,4,4,2,3,4,3,4,3,1,4,2","0.000601053237915039","louvain","graph_2024M05.graphml"
"0.02","0.61","0.37","0.135960472141328","1,2,3,1,4,4,4,4,2,3,4,3,4,3,1,4,2","0.000566005706787109","louvain","graph_2024M05.graphml"
"0.01","0.62","0.37","0.135872422690836","1,2,3,1,4,4,4,4,2,5,4,3,4,1,1,4,2","0.0005340576171875","louvain","graph_2024M05.graphml"
"0","0.63","0.37","0.135872422690836","1,2,3,1,4,4,4,4,2,5,4,3,4,1,1,4,2","0.000564098358154297","louvain","graph_2024M05.graphml"
"0.62","0","0.38","0.134846615377171","1,2,3,1,2,1,3,3,2,3,3,4,3,3,1,2,1","0.000547170639038086","louvain","graph_2024M05.graphml"
"0.61","0.01","0.38","0.136202264247935","1,2,2,1,3,1,3,3,2,3,3,3,3,1,1,3,1","0.000497817993164062","louvain","graph_2024M05.graphml"
"0.6","0.02","0.38","0.136093083294489","1,2,2,1,3,1,3,3,2,3,3,3,3,1,1,3,1","0.000532865524291992","louvain","graph_2024M05.graphml"
"0.59","0.03","0.38","0.135710224487795","1,2,2,1,3,1,3,3,2,4,4,3,3,1,1,3,1","0.000510931015014648","louvain","graph_2024M05.graphml"
"0.58","0.04","0.38","0.13492438563327","1,2,3,1,2,1,4,4,2,3,4,4,4,1,1,2,1","0.000520944595336914","louvain","graph_2024M05.graphml"
"0.57","0.05","0.38","0.136440960381921","1,2,2,1,3,1,3,3,2,3,3,3,3,1,1,3,1","0.000532150268554688","louvain","graph_2024M05.graphml"
"0.56","0.06","0.38","0.137051732855748","1,2,2,1,3,1,3,3,2,3,3,3,3,1,1,3,1","0.000569820404052734","louvain","graph_2024M05.graphml"
"0.55","0.07","0.38","0.138555526733398","1,2,2,1,3,1,3,3,2,3,3,3,3,1,1,3,1","0.000746011734008789","louvain","graph_2024M05.graphml"
"0.54","0.08","0.38","0.137421200825325","1,2,2,1,3,1,3,3,2,3,3,3,3,1,1,3,1","0.000523805618286133","louvain","graph_2024M05.graphml"
"0.53","0.09","0.38","0.137123113932859","1,2,2,1,3,1,3,3,2,3,3,3,3,1,1,3,1","0.000612974166870117","louvain","graph_2024M05.graphml"
"0.52","0.1","0.38","0.136512201666642","1,2,3,1,3,1,3,3,2,3,3,3,3,1,1,3,1","0.000555038452148438","louvain","graph_2024M05.graphml"
"0.51","0.11","0.38","0.137078121925594","1,2,3,1,3,1,3,3,2,3,3,3,3,1,1,3,1","0.000581026077270508","louvain","graph_2024M05.graphml"
"0.5","0.12","0.38","0.136296227810651","1,2,3,1,3,1,3,3,2,3,3,3,3,1,1,3,1","0.000539064407348633","louvain","graph_2024M05.graphml"
"0.49","0.13","0.38","0.136475903172296","1,2,3,1,2,4,3,3,2,4,3,3,3,1,1,3,1","0.000562906265258789","louvain","graph_2024M05.graphml"
"0.48","0.14","0.38","0.137329919585106","1,2,3,1,3,1,3,3,2,3,3,3,3,1,1,3,1","0.000571012496948242","louvain","graph_2024M05.graphml"
"0.47","0.15","0.38","0.13630564270121","1,2,3,1,2,4,3,3,2,4,3,3,3,1,1,3,1","0.000566005706787109","louvain","graph_2024M05.graphml"
"0.46","0.16","0.38","0.136820551670413","1,2,3,1,2,4,3,3,2,4,3,3,3,1,1,3,1","0.000576019287109375","louvain","graph_2024M05.graphml"
"0.45","0.17","0.38","0.138090527968348","1,2,3,1,4,2,3,3,4,2,3,3,3,1,1,3,1","0.000553131103515625","louvain","graph_2024M05.graphml"
"0.44","0.18","0.38","0.137042531105781","1,2,3,1,4,2,3,3,4,2,3,3,3,1,1,3,1","0.000526905059814453","louvain","graph_2024M05.graphml"
"0.43","0.19","0.38","0.138781595058111","1,2,3,1,4,2,3,3,4,2,3,3,3,1,1,3,1","0.000560998916625977","louvain","graph_2024M05.graphml"
"0.42","0.2","0.38","0.135927138791683","1,2,3,1,2,4,3,3,2,4,3,3,3,1,1,3,1","0.000569820404052734","louvain","graph_2024M05.graphml"
"0.41","0.21","0.38","0.137179998378028","1,2,3,1,3,4,3,3,2,4,3,3,3,1,1,3,1","0.000538110733032227","louvain","graph_2024M05.graphml"
"0.4","0.22","0.38","0.137179998378028","1,2,3,1,3,4,3,3,2,4,3,3,3,1,1,3,1","0.000537872314453125","louvain","graph_2024M05.graphml"
"0.39","0.23","0.38","0.135579774316038","1,2,3,1,3,4,3,3,2,4,3,3,3,1,1,3,1","0.000526905059814453","louvain","graph_2024M05.graphml"
"0.38","0.24","0.38","0.131164169526986","1,2,3,1,4,3,3,4,2,3,3,4,3,3,1,4,1","0.000529050827026367","louvain","graph_2024M05.graphml"
"0.37","0.25","0.38","0.135441086365816","1,2,3,1,3,4,3,3,2,4,3,3,3,1,1,3,1","0.000540018081665039","louvain","graph_2024M05.graphml"
"0.36","0.26","0.38","0.13482868338194","1,2,3,1,3,4,3,3,2,4,3,3,3,1,1,3,1","0.000627994537353516","louvain","graph_2024M05.graphml"
"0.35","0.27","0.38","0.132086629566396","1,2,3,1,3,3,3,3,2,3,3,3,3,1,1,3,1","0.000477075576782227","louvain","graph_2024M05.graphml"
"0.34","0.28","0.38","0.135276826033283","1,2,3,1,4,2,3,3,4,2,3,3,3,1,1,3,1","0.000510931015014648","louvain","graph_2024M05.graphml"
"0.33","0.29","0.38","0.133640589601584","1,2,3,1,4,4,4,4,2,4,4,3,4,1,1,4,1","0.000639915466308594","louvain","graph_2024M05.graphml"
"0.32","0.3","0.38","0.131419574797996","1,2,3,1,4,3,3,3,2,3,3,4,3,3,1,4,1","0.000576972961425781","louvain","graph_2024M05.graphml"
"0.31","0.31","0.38","0.133432960575474","1,2,3,1,3,3,3,3,2,3,3,3,3,1,1,3,1","0.000523090362548828","louvain","graph_2024M05.graphml"
"0.3","0.32","0.38","0.132850531124495","1,2,3,1,4,4,4,4,2,4,4,3,4,4,1,4,1","0.000571012496948242","louvain","graph_2024M05.graphml"
"0.29","0.33","0.38","0.132675835632858","1,2,3,1,4,4,4,4,2,5,4,3,4,5,1,4,1","0.000519990921020508","louvain","graph_2024M05.graphml"
"0.28","0.34","0.38","0.132693498066808","1,2,3,1,4,4,4,4,2,4,4,3,4,1,1,4,1","0.000535964965820312","louvain","graph_2024M05.graphml"
"0.27","0.35","0.38","0.130389392175092","1,2,3,1,4,3,3,3,4,2,3,3,3,1,1,3,1","0.0005340576171875","louvain","graph_2024M05.graphml"
"0.26","0.36","0.38","0.13054033081729","1,2,3,1,3,4,3,3,2,4,3,3,3,1,1,3,1","0.000540018081665039","louvain","graph_2024M05.graphml"
"0.25","0.37","0.38","0.131224326372928","1,2,3,1,4,4,4,4,2,5,4,3,4,5,1,4,1","0.000546932220458984","louvain","graph_2024M05.graphml"
"0.24","0.38","0.38","0.133229950327932","1,2,3,1,3,4,3,3,2,4,3,3,3,1,1,3,1","0.000535964965820312","louvain","graph_2024M05.graphml"
"0.23","0.39","0.38","0.133330240298847","1,2,3,1,4,4,4,4,2,5,4,3,4,5,1,4,1","0.000511884689331055","louvain","graph_2024M05.graphml"
"0.22","0.4","0.38","0.133116222267454","1,2,3,1,3,4,3,3,2,4,3,3,3,1,1,3,3","0.000542163848876953","louvain","graph_2024M05.graphml"
"0.21","0.41","0.38","0.135804102259215","1,2,3,1,4,4,4,4,2,5,4,3,4,5,1,4,1","0.000756025314331055","louvain","graph_2024M05.graphml"
"0.2","0.42","0.38","0.136548653428565","1,2,3,1,4,4,4,4,2,5,4,3,4,5,1,4,1","0.000563144683837891","louvain","graph_2024M05.graphml"
"0.19","0.43","0.38","0.137693482283922","1,2,3,1,4,4,4,4,2,3,4,3,4,3,1,4,1","0.000535964965820312","louvain","graph_2024M05.graphml"
"0.18","0.44","0.38","0.137693482283922","1,2,3,1,4,4,4,4,2,3,4,3,4,3,1,4,1","0.000590085983276367","louvain","graph_2024M05.graphml"
"0.17","0.45","0.38","0.137003634288111","1,2,3,1,4,4,4,4,2,3,4,3,4,3,1,4,1","0.000571012496948242","louvain","graph_2024M05.graphml"
"0.16","0.46","0.38","0.137465870702022","1,2,3,1,4,4,4,4,2,3,4,3,4,3,1,4,1","0.000545978546142578","louvain","graph_2024M05.graphml"
"0.15","0.47","0.38","0.136649265971215","1,2,3,1,4,4,4,4,2,5,4,3,4,1,1,4,1","0.000535011291503906","louvain","graph_2024M05.graphml"
"0.14","0.48","0.38","0.138723235482104","1,2,3,1,4,4,4,4,2,3,4,3,4,3,1,4,1","0.000574827194213867","louvain","graph_2024M05.graphml"
"0.13","0.49","0.38","0.138001553562601","1,2,3,1,4,4,4,4,2,3,4,3,4,3,1,4,1","0.000555992126464844","louvain","graph_2024M05.graphml"
"0.12","0.5","0.38","0.13768495628496","1,2,3,1,4,4,4,4,2,3,4,3,4,3,1,4,2","0.000560998916625977","louvain","graph_2024M05.graphml"
"0.11","0.51","0.38","0.136847627775117","1,2,3,1,4,4,4,4,2,3,4,3,4,3,1,4,2","0.000561952590942383","louvain","graph_2024M05.graphml"
"0.1","0.52","0.38","0.136212624584718","1,2,3,1,4,4,4,4,2,3,4,3,4,3,1,4,2","0.000641107559204102","louvain","graph_2024M05.graphml"
"0.09","0.53","0.38","0.135817225599344","1,2,3,1,4,4,4,4,2,3,4,3,4,3,1,4,2","0.000581979751586914","louvain","graph_2024M05.graphml"
"0.08","0.54","0.38","0.13576098727368","1,2,3,1,4,4,4,4,2,5,4,3,4,1,1,4,2","0.000540971755981445","louvain","graph_2024M05.graphml"
"0.07","0.55","0.38","0.134090179869015","1,2,3,1,4,4,4,4,2,3,4,3,4,1,1,4,2","0.000586032867431641","louvain","graph_2024M05.graphml"
"0.06","0.56","0.38","0.134090179869015","1,2,3,1,4,4,4,4,2,3,4,3,4,1,1,4,2","0.000793933868408203","louvain","graph_2024M05.graphml"
"0.05","0.57","0.38","0.135731716137051","1,2,3,1,4,4,4,4,2,5,4,3,4,1,1,4,2","0.000555038452148438","louvain","graph_2024M05.graphml"
"0.04","0.58","0.38","0.13745013558862","1,2,3,1,4,4,4,4,2,4,4,3,4,1,1,4,2","0.000581979751586914","louvain","graph_2024M05.graphml"
"0.03","0.59","0.38","0.135851675589927","1,2,3,1,4,4,4,4,2,4,4,3,4,1,1,4,2","0.000610113143920898","louvain","graph_2024M05.graphml"
"0.02","0.6","0.38","0.134923416680722","1,2,3,1,4,4,4,4,2,4,4,3,4,1,1,4,2","0.000580072402954102","louvain","graph_2024M05.graphml"
"0.01","0.61","0.38","0.135193808532778","1,2,3,1,4,4,4,4,2,4,4,3,4,1,1,4,2","0.000581026077270508","louvain","graph_2024M05.graphml"
"0","0.62","0.38","0.135049523888297","1,2,3,1,3,3,3,3,2,3,3,3,3,1,1,3,2","0.000564098358154297","louvain","graph_2024M05.graphml"
"0.61","0","0.39","0.135719299316406","1,2,2,1,3,1,3,3,2,3,3,3,3,1,1,3,1","0.00052189826965332","louvain","graph_2024M05.graphml"
"0.6","0.01","0.39","0.136092707769966","1,2,2,1,3,1,3,3,2,3,3,3,3,1,1,3,1","0.000581026077270508","louvain","graph_2024M05.graphml"
"0.59","0.02","0.39","0.138303243602452","1,2,2,1,3,1,3,3,2,3,3,3,3,1,1,3,1","0.000522136688232422","louvain","graph_2024M05.graphml"
"0.58","0.03","0.39","0.138303243602452","1,2,2,1,3,1,3,3,2,3,3,3,3,1,1,3,1","0.000514030456542969","louvain","graph_2024M05.graphml"
"0.57","0.04","0.39","0.138303243602452","1,2,2,1,3,1,3,3,2,3,3,3,3,1,1,3,1","0.000522851943969727","louvain","graph_2024M05.graphml"
"0.56","0.05","0.39","0.138884985207101","1,2,2,1,3,1,3,3,2,3,3,3,3,1,1,3,1","0.00049901008605957","louvain","graph_2024M05.graphml"
"0.55","0.06","0.39","0.138459863945578","1,2,3,1,3,1,3,3,2,3,3,3,3,1,1,3,1","0.000561952590942383","louvain","graph_2024M05.graphml"
"0.54","0.07","0.39","0.13709227340321","1,2,3,1,2,4,3,3,2,4,3,3,3,1,1,3,1","0.000519037246704102","louvain","graph_2024M05.graphml"
"0.53","0.08","0.39","0.134444642221431","1,2,3,1,2,4,3,3,2,4,3,3,3,1,1,3,1","0.000509023666381836","louvain","graph_2024M05.graphml"
"0.52","0.09","0.39","0.134181200180903","1,2,3,1,2,4,3,3,2,4,3,3,3,1,1,3,1","0.000535011291503906","louvain","graph_2024M05.graphml"
"0.51","0.1","0.39","0.132743130076169","1,2,3,1,3,3,3,3,2,3,3,3,3,1,1,3,1","0.000524997711181641","louvain","graph_2024M05.graphml"
"0.5","0.11","0.39","0.132520118623301","1,2,3,1,3,3,3,3,2,3,3,3,3,1,1,3,1","0.000525951385498047","louvain","graph_2024M05.graphml"
"0.49","0.12","0.39","0.135079736060388","1,2,3,1,2,4,3,3,2,4,3,3,3,1,1,3,1","0.000540971755981445","louvain","graph_2024M05.graphml"
"0.48","0.13","0.39","0.134626775234542","1,2,3,1,2,4,3,3,2,4,3,3,3,1,1,3,1","0.000583887100219727","louvain","graph_2024M05.graphml"
"0.47","0.14","0.39","0.133968573744527","1,2,3,1,4,4,4,4,2,4,4,3,4,1,1,4,1","0.000536918640136719","louvain","graph_2024M05.graphml"
"0.46","0.15","0.39","0.136271018057959","1,2,3,1,2,4,3,3,2,4,3,3,3,1,1,3,1","0.000571012496948242","louvain","graph_2024M05.graphml"
"0.45","0.16","0.39","0.133122666764703","1,2,3,1,4,4,4,4,2,4,4,3,4,1,1,4,1","0.000565052032470703","louvain","graph_2024M05.graphml"
"0.44","0.17","0.39","0.133935944909159","1,2,3,1,3,4,3,3,2,4,3,3,3,1,1,3,1","0.000696897506713867","louvain","graph_2024M05.graphml"
"0.43","0.18","0.39","0.132573673999756","1,2,3,1,4,2,3,3,4,2,3,3,3,1,1,3,1","0.00053095817565918","louvain","graph_2024M05.graphml"
"0.42","0.19","0.39","0.133436055975635","1,2,3,1,4,2,3,3,4,2,3,3,3,1,1,3,1","0.000606060028076172","louvain","graph_2024M05.graphml"
"0.41","0.2","0.39","0.134076021319051","1,2,3,1,3,4,3,3,2,4,3,3,3,1,1,3,1","0.000501871109008789","louvain","graph_2024M05.graphml"
"0.4","0.21","0.39","0.131042934826719","1,2,3,1,3,3,3,3,2,3,3,3,3,1,1,3,1","0.000612974166870117","louvain","graph_2024M05.graphml"
"0.39","0.22","0.39","0.132470454203616","1,2,3,1,4,2,3,3,4,2,3,3,3,1,1,3,1","0.000538110733032227","louvain","graph_2024M05.graphml"
"0.38","0.23","0.39","0.133754783163265","1,2,3,1,3,4,3,3,2,4,3,3,3,1,1,3,1","0.000524997711181641","louvain","graph_2024M05.graphml"
"0.37","0.24","0.39","0.133754783163265","1,2,3,1,3,4,3,3,2,4,3,3,3,1,1,3,1","0.000565052032470703","louvain","graph_2024M05.graphml"
"0.36","0.25","0.39","0.131307844172828","1,2,3,1,4,2,3,3,4,2,3,3,3,1,1,3,1","0.000542163848876953","louvain","graph_2024M05.graphml"
"0.35","0.26","0.39","0.130869061198175","1,2,3,1,4,3,3,3,4,2,3,3,3,1,1,3,1","0.000744819641113281","louvain","graph_2024M05.graphml"
"0.34","0.27","0.39","0.130556181874902","1,2,3,1,4,4,4,4,2,5,4,3,4,5,1,4,1","0.000550031661987305","louvain","graph_2024M05.graphml"
"0.33","0.28","0.39","0.129610649430594","1,2,3,1,4,4,4,4,2,5,4,3,4,5,1,4,1","0.000542879104614258","louvain","graph_2024M05.graphml"
"0.32","0.29","0.39","0.129859956909818","1,2,3,1,3,4,3,3,2,4,3,3,3,1,1,3,1","0.000765800476074219","louvain","graph_2024M05.graphml"
"0.31","0.3","0.39","0.130136253606533","1,2,3,1,3,4,3,3,2,4,3,3,3,1,1,3,1","0.000576019287109375","louvain","graph_2024M05.graphml"
"0.3","0.31","0.39","0.131364651750052","1,2,3,1,4,4,4,4,2,5,4,3,4,5,1,4,1","0.000633001327514648","louvain","graph_2024M05.graphml"
"0.29","0.32","0.39","0.131757571373457","1,2,3,1,4,4,4,4,2,4,4,3,4,1,1,4,1","0.000655889511108398","louvain","graph_2024M05.graphml"
"0.28","0.33","0.39","0.13257631507018","1,2,3,1,4,4,4,4,2,5,4,3,4,5,1,4,1","0.000540971755981445","louvain","graph_2024M05.graphml"
"0.27","0.34","0.39","0.135804102259215","1,2,3,1,4,4,4,4,2,5,4,3,4,5,1,4,1","0.000557184219360352","louvain","graph_2024M05.graphml"
"0.26","0.35","0.39","0.137287289946977","1,2,3,1,4,4,4,4,2,5,4,3,4,1,1,4,1","0.000533103942871094","louvain","graph_2024M05.graphml"
"0.25","0.36","0.39","0.137287289946977","1,2,3,1,4,4,4,4,2,5,4,3,4,1,1,4,1","0.000524997711181641","louvain","graph_2024M05.graphml"
"0.24","0.37","0.39","0.135856527138578","1,2,3,1,4,4,4,4,2,3,4,3,4,3,1,4,1","0.000538110733032227","louvain","graph_2024M05.graphml"
"0.23","0.38","0.39","0.136689128586239","1,2,3,1,4,4,4,4,2,3,4,3,4,3,1,4,1","0.00058293342590332","louvain","graph_2024M05.graphml"
"0.22","0.39","0.39","0.136649265971215","1,2,3,1,4,4,4,4,2,5,4,3,4,1,1,4,1","0.000559091567993164","louvain","graph_2024M05.graphml"
"0.21","0.4","0.39","0.136617351335823","1,2,3,1,4,4,4,4,2,3,4,3,4,3,1,4,1","0.00055694580078125","louvain","graph_2024M05.graphml"
"0.2","0.41","0.39","0.134750845303129","1,2,3,1,4,4,4,4,2,3,4,3,4,3,1,4,1","0.000584125518798828","louvain","graph_2024M05.graphml"
"0.19","0.42","0.39","0.136028500968425","1,2,3,1,4,4,4,4,2,3,4,3,4,3,1,4,1","0.000577926635742188","louvain","graph_2024M05.graphml"
"0.18","0.43","0.39","0.135659836019731","1,2,3,1,4,4,4,4,2,3,4,3,4,3,1,4,2","0.000545978546142578","louvain","graph_2024M05.graphml"
"0.17","0.44","0.39","0.135524264882988","1,2,3,1,4,4,4,4,2,3,4,3,4,3,1,4,2","0.000550031661987305","louvain","graph_2024M05.graphml"
"0.16","0.45","0.39","0.134892274919703","1,2,3,1,4,4,4,4,2,3,4,3,4,3,1,4,2","0.000589132308959961","louvain","graph_2024M05.graphml"
"0.15","0.46","0.39","0.135286023303089","1,2,3,1,4,4,4,4,2,5,4,3,4,1,1,4,2","0.000504016876220703","louvain","graph_2024M05.graphml"
"0.14","0.47","0.39","0.136009998268698","1,2,3,1,4,4,4,4,2,5,4,3,4,1,1,4,2","0.000524997711181641","louvain","graph_2024M05.graphml"
"0.13","0.48","0.39","0.134973125503897","1,2,3,1,4,4,4,4,2,5,4,3,4,1,1,4,2","0.000548124313354492","louvain","graph_2024M05.graphml"
"0.12","0.49","0.39","0.134973125503897","1,2,3,1,4,4,4,4,2,5,4,3,4,1,1,4,2","0.000509977340698242","louvain","graph_2024M05.graphml"
"0.11","0.5","0.39","0.13560046180097","1,2,3,1,4,4,4,4,2,3,4,3,4,1,1,4,2","0.000575065612792969","louvain","graph_2024M05.graphml"
"0.1","0.51","0.39","0.135731716137051","1,2,3,1,4,4,4,4,2,5,4,3,4,1,1,4,2","0.000573873519897461","louvain","graph_2024M05.graphml"
"0.09","0.52","0.39","0.134923416680722","1,2,3,1,4,4,4,4,2,4,4,3,4,1,1,4,2","0.000594139099121094","louvain","graph_2024M05.graphml"
"0.08","0.53","0.39","0.134411553788","1,2,3,1,4,4,4,4,2,4,4,3,4,1,1,4,2","0.000548124313354492","louvain","graph_2024M05.graphml"
"0.07","0.54","0.39","0.135141779396462","1,2,3,1,4,4,4,4,2,4,4,3,4,1,1,4,2","0.00058293342590332","louvain","graph_2024M05.graphml"
"0.06","0.55","0.39","0.135684483755617","1,2,3,1,4,4,4,4,2,4,4,3,4,1,1,4,2","0.000561952590942383","louvain","graph_2024M05.graphml"
"0.05","0.56","0.39","0.13456530448718","1,2,3,1,3,3,3,3,2,3,3,3,3,1,1,3,2","0.00059199333190918","louvain","graph_2024M05.graphml"
"0.04","0.57","0.39","0.132582755769682","1,2,3,2,3,3,3,3,2,3,3,3,3,1,1,3,3","0.000607967376708984","louvain","graph_2024M05.graphml"
"0.03","0.58","0.39","0.133965880968802","1,2,3,2,3,3,3,3,2,3,3,3,3,1,1,3,3","0.000572919845581055","louvain","graph_2024M05.graphml"
"0.02","0.59","0.39","0.13298891654381","1,2,3,2,4,3,4,4,2,4,4,4,3,1,1,4,3","0.000609874725341797","louvain","graph_2024M05.graphml"
"0.01","0.6","0.39","0.133546216641834","1,2,3,2,3,3,3,3,2,3,3,3,3,1,1,3,2","0.000602006912231445","louvain","graph_2024M05.graphml"
"0","0.61","0.39","0.133379026560121","1,2,3,1,4,4,4,4,2,4,4,3,4,1,1,4,2","0.000579118728637695","louvain","graph_2024M05.graphml"
"0.6","0","0.4","0.134121751779612","1,2,2,1,3,1,3,3,2,3,3,3,3,1,1,3,1","0.000538110733032227","louvain","graph_2024M05.graphml"
"0.59","0.01","0.4","0.132836791226186","1,2,2,1,3,3,3,3,2,3,3,3,3,1,1,3,1","0.000551939010620117","louvain","graph_2024M05.graphml"
"0.58","0.02","0.4","0.133153431805748","1,2,3,1,2,4,3,3,2,4,3,3,3,1,1,3,1","0.000519990921020508","louvain","graph_2024M05.graphml"
"0.57","0.03","0.4","0.134053629137916","1,2,3,1,2,4,3,3,2,4,3,3,3,1,1,3,1","0.000522136688232422","louvain","graph_2024M05.graphml"
"0.56","0.04","0.4","0.133863680663845","1,2,3,1,2,4,3,3,2,4,3,3,3,1,1,3,1","0.000547170639038086","louvain","graph_2024M05.graphml"
"0.55","0.05","0.4","0.131623875726712","1,2,3,1,2,4,3,3,2,4,3,3,3,1,1,3,1","0.000527858734130859","louvain","graph_2024M05.graphml"
"0.54","0.06","0.4","0.133094993141289","1,2,3,1,2,4,3,3,2,4,3,3,3,1,1,3,1","0.000543117523193359","louvain","graph_2024M05.graphml"
"0.53","0.07","0.4","0.133983757059734","1,2,3,1,2,4,3,3,2,4,3,3,3,1,1,3,1","0.000535964965820312","louvain","graph_2024M05.graphml"
"0.52","0.08","0.4","0.133275302231346","1,2,3,1,4,2,3,3,4,2,3,3,3,1,1,3,1","0.000557899475097656","louvain","graph_2024M05.graphml"
"0.51","0.09","0.4","0.132644739964373","1,2,3,1,4,2,3,3,4,2,3,3,3,1,1,3,1","0.000527858734130859","louvain","graph_2024M05.graphml"
"0.5","0.1","0.4","0.128056973931739","1,2,3,1,4,3,3,4,2,3,3,4,3,3,1,4,1","0.000543117523193359","louvain","graph_2024M05.graphml"
"0.49","0.11","0.4","0.133436055975635","1,2,3,1,4,2,3,3,4,2,3,3,3,1,1,3,1","0.000533103942871094","louvain","graph_2024M05.graphml"
"0.48","0.12","0.4","0.130679282188616","1,2,3,1,4,3,3,4,2,3,3,4,3,3,1,4,1","0.0005340576171875","louvain","graph_2024M05.graphml"
"0.47","0.13","0.4","0.133375734527107","1,2,3,1,3,4,3,3,2,4,3,3,3,1,1,3,1","0.000570058822631836","louvain","graph_2024M05.graphml"
"0.46","0.14","0.4","0.132358690977336","1,2,3,1,3,4,3,3,2,4,3,3,3,1,1,3,1","0.000541925430297852","louvain","graph_2024M05.graphml"
"0.45","0.15","0.4","0.131238678845339","1,2,3,1,3,4,3,3,2,4,3,3,3,1,1,3,1","0.000581026077270508","louvain","graph_2024M05.graphml"
"0.44","0.16","0.4","0.129942602040816","1,2,3,1,3,3,3,3,2,3,3,4,3,3,1,3,1","0.000552892684936523","louvain","graph_2024M05.graphml"
"0.43","0.17","0.4","0.130684002656321","1,2,3,1,4,4,4,4,2,4,4,3,4,1,1,4,1","0.000539064407348633","louvain","graph_2024M05.graphml"
"0.42","0.18","0.4","0.129863339534768","1,2,3,1,4,4,4,4,2,4,4,3,4,1,1,4,4","0.000514984130859375","louvain","graph_2024M05.graphml"
"0.41","0.19","0.4","0.128605668996575","1,2,3,1,3,3,3,3,2,4,3,3,3,4,1,3,3","0.000541925430297852","louvain","graph_2024M05.graphml"
"0.4","0.2","0.4","0.130384759127875","1,2,3,1,3,4,3,3,2,4,3,3,3,1,1,3,1","0.000533103942871094","louvain","graph_2024M05.graphml"
"0.39","0.21","0.4","0.13048205593775","1,2,3,1,3,4,3,3,2,4,3,3,3,1,1,3,1","0.000577926635742188","louvain","graph_2024M05.graphml"
"0.38","0.22","0.4","0.130596139847531","1,2,3,1,4,4,4,4,2,5,4,3,4,5,1,4,1","0.000555992126464844","louvain","graph_2024M05.graphml"
"0.37","0.23","0.4","0.130647917180633","1,2,3,1,4,4,4,4,2,4,4,3,4,1,1,4,1","0.000529050827026367","louvain","graph_2024M05.graphml"
"0.36","0.24","0.4","0.130596139847531","1,2,3,1,4,4,4,4,2,5,4,3,4,5,1,4,1","0.000570058822631836","louvain","graph_2024M05.graphml"
"0.35","0.25","0.4","0.130424196597353","1,2,3,1,4,4,4,4,2,5,4,3,4,5,1,4,1","0.000541925430297852","louvain","graph_2024M05.graphml"
"0.34","0.26","0.4","0.133405071778355","1,2,3,1,4,4,4,4,2,5,4,3,4,5,1,4,1","0.000516176223754883","louvain","graph_2024M05.graphml"
"0.33","0.27","0.4","0.133499359442535","1,2,3,1,3,4,3,3,2,4,3,3,3,1,1,3,1","0.000536203384399414","louvain","graph_2024M05.graphml"
"0.32","0.28","0.4","0.134115636147444","1,2,3,1,4,4,4,4,2,5,4,3,4,5,1,4,1","0.000578165054321289","louvain","graph_2024M05.graphml"
"0.31","0.29","0.4","0.133180373325118","1,2,3,1,4,4,4,4,2,5,4,3,4,5,1,4,1","0.000535011291503906","louvain","graph_2024M05.graphml"
"0.3","0.3","0.4","0.135372863982108","1,2,3,1,4,4,4,4,2,3,4,3,4,3,1,4,1","0.00052189826965332","louvain","graph_2024M05.graphml"
"0.29","0.31","0.4","0.134737889943669","1,2,3,1,4,4,4,4,2,3,4,3,4,3,1,4,1","0.000552892684936523","louvain","graph_2024M05.graphml"
"0.28","0.32","0.4","0.134573398448722","1,2,3,1,4,4,4,4,2,3,4,3,4,3,1,4,1","0.000570058822631836","louvain","graph_2024M05.graphml"
"0.27","0.33","0.4","0.135342003743608","1,2,3,1,4,4,4,4,2,3,4,3,4,3,1,4,1","0.000586986541748047","louvain","graph_2024M05.graphml"
"0.26","0.34","0.4","0.135423235439845","1,2,3,1,4,4,4,4,2,3,4,3,4,3,1,4,1","0.000553131103515625","louvain","graph_2024M05.graphml"
"0.25","0.35","0.4","0.134288207067035","1,2,3,1,4,4,4,4,2,3,4,3,4,3,1,4,1","0.000571012496948242","louvain","graph_2024M05.graphml"
"0.24","0.36","0.4","0.135524264882988","1,2,3,1,4,4,4,4,2,3,4,3,4,3,1,4,2","0.000603914260864258","louvain","graph_2024M05.graphml"
"0.23","0.37","0.4","0.134892274919703","1,2,3,1,4,4,4,4,2,3,4,3,4,3,1,4,2","0.00058293342590332","louvain","graph_2024M05.graphml"
"0.22","0.38","0.4","0.135202513489516","1,2,3,1,4,4,4,4,2,4,4,3,4,1,1,4,2","0.000574827194213867","louvain","graph_2024M05.graphml"
"0.21","0.39","0.4","0.134556524959427","1,2,3,1,4,4,4,4,2,5,4,3,4,1,1,4,2","0.000550031661987305","louvain","graph_2024M05.graphml"
"0.2","0.4","0.4","0.135286023303089","1,2,3,1,4,4,4,4,2,5,4,3,4,1,1,4,2","0.000538825988769531","louvain","graph_2024M05.graphml"
"0.19","0.41","0.4","0.134673649584488","1,2,3,1,4,4,4,4,2,5,4,3,4,1,1,4,2","0.000539064407348633","louvain","graph_2024M05.graphml"
"0.18","0.42","0.4","0.136203160282974","1,2,3,1,3,3,3,3,2,4,3,5,3,1,1,3,2","0.000535964965820312","louvain","graph_2024M05.graphml"
"0.17","0.43","0.4","0.134887390923679","1,2,3,2,3,3,3,3,2,4,3,5,3,1,1,3,2","0.000766992568969727","louvain","graph_2024M05.graphml"
"0.16","0.44","0.4","0.133407363341926","1,2,3,2,3,3,3,3,2,4,3,5,3,1,1,3,2","0.00062108039855957","louvain","graph_2024M05.graphml"
"0.15","0.45","0.4","0.13288011999296","1,2,3,1,3,4,3,3,2,4,3,3,3,1,1,3,2","0.000590801239013672","louvain","graph_2024M05.graphml"
"0.14","0.46","0.4","0.134820610657139","1,2,3,1,3,3,3,3,2,3,3,3,3,1,1,3,2","0.000689983367919922","louvain","graph_2024M05.graphml"
"0.13","0.47","0.4","0.131748180302406","1,2,3,2,3,3,3,3,2,3,3,3,3,1,1,3,3","0.00056004524230957","louvain","graph_2024M05.graphml"
"0.12","0.48","0.4","0.13348295435392","1,2,3,1,3,4,3,3,2,4,3,3,3,1,1,3,2","0.000593900680541992","louvain","graph_2024M05.graphml"
"0.11","0.49","0.4","0.133674434714281","1,2,3,1,3,3,3,3,2,3,3,3,3,1,1,3,2","0.000590085983276367","louvain","graph_2024M05.graphml"
"0.1","0.5","0.4","0.135271106166236","1,2,3,1,3,3,3,3,2,3,3,4,3,1,1,3,2","0.000517845153808594","louvain","graph_2024M05.graphml"
"0.09","0.51","0.4","0.131735588576513","1,2,3,2,3,3,3,3,2,3,3,3,3,1,1,3,3","0.000597000122070312","louvain","graph_2024M05.graphml"
"0.08","0.52","0.4","0.132023864364685","1,2,3,1,3,3,3,3,2,3,3,3,3,1,1,3,2","0.000558137893676758","louvain","graph_2024M05.graphml"
"0.07","0.53","0.4","0.132106197075537","1,2,3,2,4,3,4,4,2,4,4,4,3,1,1,4,3","0.000607013702392578","louvain","graph_2024M05.graphml"
"0.06","0.54","0.4","0.132081344162688","1,2,3,2,4,3,4,4,2,4,4,4,3,1,1,4,3","0.000633001327514648","louvain","graph_2024M05.graphml"
"0.05","0.55","0.4","0.130698747316823","1,2,3,2,4,3,4,4,2,4,4,4,3,1,1,4,3","0.000589132308959961","louvain","graph_2024M05.graphml"
"0.04","0.56","0.4","0.13034912109375","1,2,3,2,4,3,4,4,2,4,4,4,3,1,1,4,3","0.000568866729736328","louvain","graph_2024M05.graphml"
"0.03","0.57","0.4","0.131744957785831","1,2,3,1,4,4,4,4,2,4,4,3,4,1,1,4,2","0.000578165054321289","louvain","graph_2024M05.graphml"
"0.02","0.58","0.4","0.132764863380973","1,2,3,2,3,3,3,3,2,3,3,3,3,1,1,3,2","0.000586032867431641","louvain","graph_2024M05.graphml"
"0.01","0.59","0.4","0.132245658313803","1,2,3,2,4,3,4,4,2,4,4,4,3,1,1,4,3","0.000543832778930664","louvain","graph_2024M05.graphml"
"0","0.6","0.4","0.132076711203056","1,2,3,1,4,3,4,4,2,4,4,4,3,1,1,4,3","0.000563144683837891","louvain","graph_2024M05.graphml"
"0.59","0","0.41","0.131115225991078","1,2,3,1,4,2,3,3,4,2,3,3,3,1,1,3,1","0.000543117523193359","louvain","graph_2024M05.graphml"
"0.58","0.01","0.41","0.130103718015806","1,2,3,1,4,2,3,3,4,2,3,3,3,1,1,3,1","0.000528097152709961","louvain","graph_2024M05.graphml"
"0.57","0.02","0.41","0.128458385326517","1,2,3,1,2,4,4,3,2,4,4,3,4,4,1,2,1","0.000625133514404297","louvain","graph_2024M05.graphml"
"0.56","0.03","0.41","0.132600754476594","1,2,3,1,4,2,3,3,4,2,3,3,3,1,1,3,1","0.000591039657592773","louvain","graph_2024M05.graphml"
"0.55","0.04","0.41","0.132682369293909","1,2,3,1,4,2,3,3,4,2,3,3,3,1,1,3,1","0.000673055648803711","louvain","graph_2024M05.graphml"
"0.54","0.05","0.41","0.131474220837189","1,2,3,1,3,4,3,3,2,4,3,3,3,1,1,3,3","0.000625133514404297","louvain","graph_2024M05.graphml"
"0.53","0.06","0.41","0.130002997562851","1,2,3,1,4,2,3,3,4,2,3,3,3,1,1,3,1","0.00053095817565918","louvain","graph_2024M05.graphml"
"0.52","0.07","0.41","0.131570125931107","1,2,3,1,4,4,4,4,2,4,4,3,4,1,1,4,1","0.000545024871826172","louvain","graph_2024M05.graphml"
"0.51","0.08","0.41","0.130544957027787","1,2,3,1,4,4,4,4,2,4,4,3,4,1,1,4,1","0.00054478645324707","louvain","graph_2024M05.graphml"
"0.5","0.09","0.41","0.130463966836735","1,2,3,1,4,4,4,4,2,4,4,3,4,1,1,4,1","0.000564813613891602","louvain","graph_2024M05.graphml"
"0.49","0.1","0.41","0.130130526633469","1,2,3,1,3,4,3,3,2,4,3,3,3,1,1,3,3","0.000567913055419922","louvain","graph_2024M05.graphml"
"0.48","0.11","0.41","0.12885977436242","1,2,3,1,4,4,4,4,2,4,4,3,4,1,1,4,4","0.000555992126464844","louvain","graph_2024M05.graphml"
"0.47","0.12","0.41","0.128933070999904","1,2,3,1,3,4,3,3,2,4,3,3,3,1,1,3,3","0.000549077987670898","louvain","graph_2024M05.graphml"
"0.46","0.13","0.41","0.128933070999904","1,2,3,1,3,4,3,3,2,4,3,3,3,1,1,3,3","0.000559091567993164","louvain","graph_2024M05.graphml"
"0.45","0.14","0.41","0.129616805170822","1,2,3,1,3,4,3,3,2,4,3,3,3,1,1,3,3","0.000716924667358398","louvain","graph_2024M05.graphml"
"0.44","0.15","0.41","0.13048205593775","1,2,3,1,3,4,3,3,2,4,3,3,3,1,1,3,3","0.000588178634643555","louvain","graph_2024M05.graphml"
"0.43","0.16","0.41","0.130656880576369","1,2,3,1,3,4,3,3,2,4,3,3,3,1,1,3,1","0.000551939010620117","louvain","graph_2024M05.graphml"
"0.42","0.17","0.41","0.131364651750052","1,2,3,1,4,4,4,4,2,5,4,3,4,5,1,4,1","0.000527858734130859","louvain","graph_2024M05.graphml"
"0.41","0.18","0.41","0.131364651750052","1,2,3,1,4,4,4,4,2,5,4,3,4,5,1,4,1","0.000545024871826172","louvain","graph_2024M05.graphml"
"0.4","0.19","0.41","0.131148726851852","1,2,3,1,4,4,4,4,2,4,4,3,4,1,1,4,1","0.000580072402954102","louvain","graph_2024M05.graphml"
"0.39","0.2","0.41","0.132527047705979","1,2,3,1,3,4,3,3,2,4,3,3,3,1,1,3,1","0.000603914260864258","louvain","graph_2024M05.graphml"
"0.38","0.21","0.41","0.13393057474522","1,2,3,1,4,4,4,4,2,5,4,3,4,5,1,4,1","0.000566005706787109","louvain","graph_2024M05.graphml"
"0.37","0.22","0.41","0.132860879151811","1,2,3,1,4,4,4,4,2,5,4,3,4,5,1,4,1","0.000535964965820312","louvain","graph_2024M05.graphml"
"0.36","0.23","0.41","0.13397797295251","1,2,3,1,4,4,4,4,2,3,4,3,4,3,1,4,1","0.000657081604003906","louvain","graph_2024M05.graphml"
"0.35","0.24","0.41","0.132747061409598","1,2,3,1,4,4,4,4,2,3,4,3,4,3,1,4,1","0.000545978546142578","louvain","graph_2024M05.graphml"
"0.34","0.25","0.41","0.132463875060893","1,2,3,1,4,4,4,4,2,3,4,3,4,3,1,4,1","0.000568151473999023","louvain","graph_2024M05.graphml"
"0.33","0.26","0.41","0.132083466490139","1,2,3,1,4,4,4,4,2,3,4,3,4,3,1,4,1","0.000539064407348633","louvain","graph_2024M05.graphml"
"0.32","0.27","0.41","0.134128248727535","1,2,3,1,4,4,4,4,2,3,4,3,4,3,1,4,1","0.000566005706787109","louvain","graph_2024M05.graphml"
"0.31","0.28","0.41","0.13497611883536","1,2,3,1,3,3,3,3,2,4,3,4,3,4,1,3,1","0.000541925430297852","louvain","graph_2024M05.graphml"
"0.3","0.29","0.41","0.132808868867382","1,2,3,1,3,3,3,3,2,4,3,4,3,4,1,3,2","0.000538110733032227","louvain","graph_2024M05.graphml"
"0.29","0.3","0.41","0.134492179495936","1,2,3,1,3,3,3,3,2,4,3,5,3,1,1,3,2","0.00056004524230957","louvain","graph_2024M05.graphml"
"0.28","0.31","0.41","0.135308085263972","1,2,3,1,3,3,3,3,2,3,3,4,3,1,1,3,2","0.000550985336303711","louvain","graph_2024M05.graphml"
"0.27","0.32","0.41","0.134636001183339","1,2,3,1,3,3,3,3,2,3,3,4,3,1,1,3,2","0.000675201416015625","louvain","graph_2024M05.graphml"
"0.26","0.33","0.41","0.134636001183339","1,2,3,1,3,3,3,3,2,3,3,4,3,1,1,3,2","0.000555038452148438","louvain","graph_2024M05.graphml"
"0.25","0.34","0.41","0.134128559989612","1,2,3,1,3,3,3,3,2,3,3,4,3,1,1,3,2","0.000551939010620117","louvain","graph_2024M05.graphml"
"0.24","0.35","0.41","0.132238743601351","1,2,3,2,3,3,3,3,2,3,3,3,3,1,1,3,2","0.000568866729736328","louvain","graph_2024M05.graphml"
"0.23","0.36","0.41","0.134095059592464","1,2,3,2,3,3,3,3,2,3,3,4,3,1,1,3,2","0.000519990921020508","louvain","graph_2024M05.graphml"
"0.22","0.37","0.41","0.132901940604144","1,2,3,2,3,4,3,3,2,4,3,3,3,1,1,3,2","0.000542163848876953","louvain","graph_2024M05.graphml"
"0.21","0.38","0.41","0.132466396454849","1,2,3,1,3,4,3,3,2,4,3,3,3,1,1,3,2","0.000566005706787109","louvain","graph_2024M05.graphml"
"0.2","0.39","0.41","0.132473033528986","1,2,3,2,3,3,3,3,2,3,3,3,3,1,1,3,2","0.000536918640136719","louvain","graph_2024M05.graphml"
"0.19","0.4","0.41","0.131748180302406","1,2,3,2,3,3,3,3,2,3,3,3,3,1,1,3,3","0.00055384635925293","louvain","graph_2024M05.graphml"
"0.18","0.41","0.41","0.133774676447784","1,2,3,1,3,3,3,3,2,3,3,4,3,1,1,3,2","0.000550985336303711","louvain","graph_2024M05.graphml"
"0.17","0.42","0.41","0.132748390354753","1,2,3,1,3,3,3,3,2,3,3,3,3,1,1,3,2","0.000577211380004883","louvain","graph_2024M05.graphml"
"0.16","0.43","0.41","0.13274496","1,2,3,2,3,3,3,3,2,3,3,3,3,1,1,3,2","0.000587940216064453","louvain","graph_2024M05.graphml"
"0.15","0.44","0.41","0.132054059109142","1,2,3,1,3,3,3,3,2,3,3,3,3,1,1,3,2","0.000573158264160156","louvain","graph_2024M05.graphml"
"0.14","0.45","0.41","0.131583706088743","1,2,3,1,3,3,3,3,2,3,3,3,3,1,1,3,2","0.000575780868530273","louvain","graph_2024M05.graphml"
"0.13","0.46","0.41","0.132812480502335","1,2,3,1,3,3,3,3,2,4,4,3,3,1,1,4,2","0.00100183486938477","louvain","graph_2024M05.graphml"
"0.12","0.47","0.41","0.131829728481442","1,2,3,1,3,3,3,3,2,3,3,3,3,1,1,3,2","0.000545978546142578","louvain","graph_2024M05.graphml"
"0.11","0.48","0.41","0.129039306640625","1,2,3,2,4,3,4,4,2,4,4,4,3,1,1,4,3","0.000633001327514648","louvain","graph_2024M05.graphml"
"0.1","0.49","0.41","0.130481818336696","1,2,3,2,3,3,3,3,2,3,3,3,3,1,1,3,2","0.000642061233520508","louvain","graph_2024M05.graphml"
"0.09","0.5","0.41","0.130481818336696","1,2,3,2,3,3,3,3,2,3,3,3,3,1,1,3,2","0.000555992126464844","louvain","graph_2024M05.graphml"
"0.08","0.51","0.41","0.131791067088461","1,2,3,2,3,3,3,3,2,3,3,3,3,1,1,3,3","0.000648021697998047","louvain","graph_2024M05.graphml"
"0.07","0.52","0.41","0.131716732643848","1,2,3,1,3,3,3,3,2,3,3,3,3,1,1,3,3","0.000619888305664062","louvain","graph_2024M05.graphml"
"0.06","0.53","0.41","0.132263042600613","1,2,3,1,3,3,3,3,2,4,4,3,3,1,4,4,2","0.000572919845581055","louvain","graph_2024M05.graphml"
"0.05","0.54","0.41","0.1305560318549","1,2,3,1,3,3,3,3,2,4,4,3,3,1,4,4,3","0.000551939010620117","louvain","graph_2024M05.graphml"
"0.04","0.55","0.41","0.132850887573964","1,2,3,1,3,3,3,3,2,4,4,3,3,1,4,4,2","0.000674962997436523","louvain","graph_2024M05.graphml"
"0.03","0.56","0.41","0.131461538461538","1,2,3,1,4,3,4,4,2,4,4,4,3,1,1,4,3","0.000581026077270508","louvain","graph_2024M05.graphml"
"0.02","0.57","0.41","0.13202068895543","1,2,3,1,3,3,3,3,2,4,4,3,3,1,4,4,2","0.000562906265258789","louvain","graph_2024M05.graphml"
"0.01","0.58","0.41","0.13202068895543","1,2,3,1,3,3,3,3,2,4,4,3,3,1,4,4,2","0.000564098358154297","louvain","graph_2024M05.graphml"
"0","0.59","0.41","0.128919561958906","1,2,3,1,4,3,4,4,2,4,3,4,3,4,1,2,3","0.000580072402954102","louvain","graph_2024M05.graphml"
"0.58","0","0.42","0.132040590549143","1,2,3,1,3,4,3,3,2,4,3,3,3,1,1,3,3","0.0005340576171875","louvain","graph_2024M05.graphml"
"0.57","0.01","0.42","0.130081508955745","1,2,3,1,3,4,3,3,2,4,3,3,3,1,1,3,1","0.000524997711181641","louvain","graph_2024M05.graphml"
"0.56","0.02","0.42","0.129462691326531","1,2,3,1,3,4,3,3,2,4,3,3,3,1,1,3,3","0.000662088394165039","louvain","graph_2024M05.graphml"
"0.55","0.03","0.42","0.123860913149033","1,2,3,1,4,2,2,2,4,2,2,3,2,1,1,2,2","0.000544071197509766","louvain","graph_2024M05.graphml"
"0.54","0.04","0.42","0.129735387524923","1,2,3,1,3,4,3,3,2,4,3,3,3,1,1,3,3","0.000545024871826172","louvain","graph_2024M05.graphml"
"0.53","0.05","0.42","0.129616805170822","1,2,3,1,3,4,3,3,2,4,3,3,3,1,1,3,3","0.000553131103515625","louvain","graph_2024M05.graphml"
"0.52","0.06","0.42","0.128530317020622","1,2,3,1,4,4,4,4,2,4,4,3,4,1,1,4,1","0.000580072402954102","louvain","graph_2024M05.graphml"
"0.51","0.07","0.42","0.13048205593775","1,2,3,1,3,4,3,3,2,4,3,3,3,1,1,3,1","0.000583887100219727","louvain","graph_2024M05.graphml"
"0.5","0.08","0.42","0.131340468971588","1,2,3,1,3,4,3,3,2,4,3,3,3,1,1,3,1","0.000518083572387695","louvain","graph_2024M05.graphml"
"0.49","0.09","0.42","0.13269100025495","1,2,3,1,3,4,3,3,2,4,3,3,3,1,1,3,1","0.000541925430297852","louvain","graph_2024M05.graphml"
"0.48","0.1","0.42","0.13269100025495","1,2,3,1,3,4,3,3,2,4,3,3,3,1,1,3,1","0.000605106353759766","louvain","graph_2024M05.graphml"
"0.47","0.11","0.42","0.131712665406427","1,2,3,1,3,4,3,3,2,4,3,3,3,1,1,3,1","0.000550985336303711","louvain","graph_2024M05.graphml"
"0.46","0.12","0.42","0.131894488013961","1,2,3,1,3,4,3,3,2,4,3,3,3,1,1,3,1","0.000555038452148438","louvain","graph_2024M05.graphml"
"0.45","0.13","0.42","0.12984238972135","1,2,3,1,3,3,3,3,2,4,3,5,3,4,1,3,1","0.000542879104614258","louvain","graph_2024M05.graphml"
"0.44","0.14","0.42","0.131233580409082","1,2,3,1,3,3,3,3,2,4,3,5,3,4,1,3,1","0.000543117523193359","louvain","graph_2024M05.graphml"
"0.43","0.15","0.42","0.132280224580368","1,2,3,1,3,3,3,3,2,4,3,5,3,4,1,3,1","0.000539064407348633","louvain","graph_2024M05.graphml"
"0.42","0.16","0.42","0.132452045444028","1,2,3,1,3,3,3,3,2,4,3,5,3,4,1,3,1","0.000557184219360352","louvain","graph_2024M05.graphml"
"0.41","0.17","0.42","0.132765419558072","1,2,3,1,3,3,3,3,2,4,3,4,3,4,1,3,1","0.000549077987670898","louvain","graph_2024M05.graphml"
"0.4","0.18","0.42","0.132238396810456","1,2,3,1,3,3,3,3,2,4,3,4,3,4,1,3,1","0.000526905059814453","louvain","graph_2024M05.graphml"
"0.39","0.19","0.42","0.131335804736478","1,2,3,1,3,3,3,3,2,4,3,4,3,4,1,3,1","0.00054621696472168","louvain","graph_2024M05.graphml"
"0.38","0.2","0.42","0.131268017206432","1,2,3,1,3,3,3,3,2,4,3,4,3,4,1,3,1","0.000579833984375","louvain","graph_2024M05.graphml"
"0.37","0.21","0.42","0.133358407624076","1,2,3,1,3,3,3,3,2,4,3,4,3,4,1,3,1","0.000579833984375","louvain","graph_2024M05.graphml"
"0.36","0.22","0.42","0.132667129935964","1,2,3,1,3,3,3,3,2,4,3,4,3,4,1,3,2","0.000545024871826172","louvain","graph_2024M05.graphml"
"0.35","0.23","0.42","0.13364355667764","1,2,3,1,3,3,3,3,2,4,3,5,3,1,1,3,2","0.000517129898071289","louvain","graph_2024M05.graphml"
"0.34","0.24","0.42","0.135308085263972","1,2,3,1,3,3,3,3,2,3,3,4,3,1,1,3,2","0.000537872314453125","louvain","graph_2024M05.graphml"
"0.33","0.25","0.42","0.135335061028393","1,2,3,1,3,3,3,3,2,4,3,5,3,1,1,3,2","0.000498056411743164","louvain","graph_2024M05.graphml"
"0.32","0.26","0.42","0.133830959419511","1,2,3,1,3,3,3,3,2,4,3,5,3,1,1,3,2","0.00055384635925293","louvain","graph_2024M05.graphml"
"0.31","0.27","0.42","0.133233865761637","1,2,3,1,3,3,3,3,2,4,3,5,3,1,1,3,2","0.000568866729736328","louvain","graph_2024M05.graphml"
"0.3","0.28","0.42","0.134095059592464","1,2,3,2,3,3,3,3,2,3,3,4,3,1,1,3,2","0.000551939010620117","louvain","graph_2024M05.graphml"
"0.29","0.29","0.42","0.133178894480386","1,2,3,2,3,3,3,3,2,3,3,4,3,1,1,3,2","0.000581979751586914","louvain","graph_2024M05.graphml"
"0.28","0.3","0.42","0.13226532907511","1,2,3,2,3,3,3,3,2,3,3,4,3,1,1,3,2","0.000550985336303711","louvain","graph_2024M05.graphml"
"0.27","0.31","0.42","0.131227443981757","1,2,3,2,3,4,3,3,2,4,3,3,3,1,1,3,2","0.000519990921020508","louvain","graph_2024M05.graphml"
"0.26","0.32","0.42","0.132473033528986","1,2,3,2,3,3,3,3,2,3,3,3,3,1,1,3,2","0.000564098358154297","louvain","graph_2024M05.graphml"
"0.25","0.33","0.42","0.13187174817898","1,2,3,1,3,3,3,3,2,3,3,3,3,1,1,2,2","0.000538110733032227","louvain","graph_2024M05.graphml"
"0.24","0.34","0.42","0.131425376614476","1,2,3,2,3,3,3,3,2,4,3,5,3,1,1,3,2","0.000527858734130859","louvain","graph_2024M05.graphml"
"0.23","0.35","0.42","0.13231744","1,2,3,1,3,4,3,3,2,4,3,3,3,1,1,3,2","0.000537872314453125","louvain","graph_2024M05.graphml"
"0.22","0.36","0.42","0.131719339526958","1,2,3,1,4,3,3,3,2,4,3,3,3,1,1,4,2","0.000581026077270508","louvain","graph_2024M05.graphml"
"0.21","0.37","0.42","0.132054059109142","1,2,3,1,3,3,3,3,2,3,3,3,3,1,1,3,2","0.00054478645324707","louvain","graph_2024M05.graphml"
"0.2","0.38","0.42","0.130719733976959","1,2,3,1,3,3,3,3,2,3,3,3,3,1,1,3,2","0.00059199333190918","louvain","graph_2024M05.graphml"
"0.19","0.39","0.42","0.128931665206682","1,2,3,2,3,3,3,3,2,3,3,3,3,1,1,3,2","0.000668048858642578","louvain","graph_2024M05.graphml"
"0.18","0.4","0.42","0.12922313066892","1,2,3,2,3,3,3,3,2,4,4,3,3,1,1,4,2","0.000606060028076172","louvain","graph_2024M05.graphml"
"0.17","0.41","0.42","0.130054931640625","1,2,3,2,3,3,3,3,2,3,3,3,3,1,1,3,2","0.00058293342590332","louvain","graph_2024M05.graphml"
"0.16","0.42","0.42","0.130481818336696","1,2,3,2,3,3,3,3,2,3,3,3,3,1,1,3,2","0.000606060028076172","louvain","graph_2024M05.graphml"
"0.15","0.43","0.42","0.130481818336696","1,2,3,2,3,3,3,3,2,3,3,3,3,1,1,3,2","0.000636100769042969","louvain","graph_2024M05.graphml"
"0.14","0.44","0.42","0.132242428933194","1,2,3,1,3,3,3,3,2,3,3,3,3,1,1,3,2","0.00056004524230957","louvain","graph_2024M05.graphml"
"0.13","0.45","0.42","0.132749233820083","1,2,3,1,3,3,3,3,2,3,3,3,3,1,1,3,2","0.000567913055419922","louvain","graph_2024M05.graphml"
"0.12","0.46","0.42","0.131855716052104","1,2,3,1,3,3,3,3,2,3,3,3,3,1,1,3,2","0.000597000122070312","louvain","graph_2024M05.graphml"
"0.11","0.47","0.42","0.132263042600613","1,2,3,1,3,3,3,3,2,4,4,3,3,1,4,4,2","0.000558137893676758","louvain","graph_2024M05.graphml"
"0.1","0.48","0.42","0.13217561211868","1,2,3,1,3,3,3,3,2,4,4,3,3,1,4,4,2","0.00055694580078125","louvain","graph_2024M05.graphml"
"0.09","0.49","0.42","0.131345562130177","1,2,3,1,3,3,3,3,2,4,4,3,3,1,4,4,2","0.000552892684936523","louvain","graph_2024M05.graphml"
"0.08","0.5","0.42","0.130526091147232","1,2,3,1,3,3,3,3,2,3,3,3,3,1,1,3,2","0.000644922256469727","louvain","graph_2024M05.graphml"
"0.07","0.51","0.42","0.129245381970748","1,2,3,1,3,3,3,3,2,3,3,3,3,1,1,3,2","0.000572919845581055","louvain","graph_2024M05.graphml"
"0.06","0.52","0.42","0.130158994924117","1,2,3,3,3,3,3,3,2,4,4,3,3,1,1,4,2","0.000608921051025391","louvain","graph_2024M05.graphml"
"0.05","0.53","0.42","0.131000498886743","1,2,3,1,4,4,4,4,2,4,4,3,4,1,1,4,2","0.000611782073974609","louvain","graph_2024M05.graphml"
"0.04","0.54","0.42","0.129606290174472","1,2,3,1,3,3,3,3,2,4,4,3,3,3,1,4,2","0.000555038452148438","louvain","graph_2024M05.graphml"
"0.03","0.55","0.42","0.1299835251595","1,2,3,1,3,3,3,3,2,3,3,3,3,1,1,3,2","0.000590085983276367","louvain","graph_2024M05.graphml"
"0.02","0.56","0.42","0.130226856220061","1,2,3,1,3,3,3,3,2,3,3,3,3,1,1,3,2","0.000650882720947266","louvain","graph_2024M05.graphml"
"0.01","0.57","0.42","0.129584487534626","1,2,3,2,3,4,3,3,2,4,3,3,3,1,4,3,2","0.000547885894775391","louvain","graph_2024M05.graphml"
"0","0.58","0.42","0.130942303408331","1,2,3,2,3,3,3,3,2,4,3,3,3,1,4,3,2","0.00059199333190918","louvain","graph_2024M05.graphml"
"0.57","0","0.43","0.131832704391022","1,2,3,1,3,4,3,3,2,4,3,3,3,1,1,3,1","0.000550985336303711","louvain","graph_2024M05.graphml"
"0.56","0.01","0.43","0.13269100025495","1,2,3,1,3,4,3,3,2,4,3,3,3,1,1,3,1","0.0006561279296875","louvain","graph_2024M05.graphml"
"0.55","0.02","0.43","0.131712665406427","1,2,3,1,3,4,3,3,2,4,3,3,3,1,1,3,1","0.000584840774536133","louvain","graph_2024M05.graphml"
"0.54","0.03","0.43","0.131041726948302","1,2,3,1,3,4,3,3,2,4,3,3,3,1,1,3,1","0.000563859939575195","louvain","graph_2024M05.graphml"
"0.53","0.04","0.43","0.130736581219095","1,2,3,1,3,4,3,3,2,4,3,3,3,1,1,3,1","0.00053715705871582","louvain","graph_2024M05.graphml"
"0.52","0.05","0.43","0.130619797859691","1,2,3,1,3,4,3,3,2,4,3,3,3,1,1,3,1","0.000628948211669922","louvain","graph_2024M05.graphml"
"0.51","0.06","0.43","0.129085922461945","1,2,3,1,3,4,3,3,2,4,3,3,3,1,1,3,1","0.000768899917602539","louvain","graph_2024M05.graphml"
"0.5","0.07","0.43","0.128577270814884","1,2,3,1,3,4,3,3,2,4,3,3,3,1,1,3,1","0.00053095817565918","louvain","graph_2024M05.graphml"
"0.49","0.08","0.43","0.130587777774553","1,2,3,1,3,4,3,3,2,4,3,3,3,1,1,3,1","0.000569820404052734","louvain","graph_2024M05.graphml"
"0.48","0.09","0.43","0.131733697213444","1,2,3,1,3,3,3,3,2,4,3,5,3,4,1,3,1","0.000694036483764648","louvain","graph_2024M05.graphml"
"0.47","0.1","0.43","0.130720987034332","1,2,3,1,3,3,3,3,4,2,3,5,3,4,1,3,1","0.000545024871826172","louvain","graph_2024M05.graphml"
"0.46","0.11","0.43","0.130604665447648","1,2,3,1,3,3,3,3,2,4,3,4,3,4,1,3,1","0.000561952590942383","louvain","graph_2024M05.graphml"
"0.45","0.12","0.43","0.130435703693242","1,2,3,1,3,3,3,3,2,4,3,4,3,4,1,3,1","0.000578880310058594","louvain","graph_2024M05.graphml"
"0.44","0.13","0.43","0.131268017206432","1,2,3,1,3,3,3,3,2,4,3,4,3,4,1,3,1","0.000552892684936523","louvain","graph_2024M05.graphml"
"0.43","0.14","0.43","0.132004955201843","1,2,3,1,3,3,3,3,2,4,3,4,3,4,1,3,1","0.000547885894775391","louvain","graph_2024M05.graphml"
"0.42","0.15","0.43","0.132208936298626","1,2,3,1,3,3,3,3,2,4,3,5,3,1,1,3,2","0.000739097595214844","louvain","graph_2024M05.graphml"
"0.41","0.16","0.43","0.132984183397534","1,2,3,1,3,3,3,3,2,4,3,5,3,1,1,3,2","0.000536918640136719","louvain","graph_2024M05.graphml"
"0.4","0.17","0.43","0.133704061230608","1,2,3,1,3,3,3,3,2,4,3,5,3,1,1,3,2","0.000558137893676758","louvain","graph_2024M05.graphml"
"0.39","0.18","0.43","0.131228473954333","1,2,3,1,3,3,3,3,2,3,3,4,3,1,1,3,2","0.000545024871826172","louvain","graph_2024M05.graphml"
"0.38","0.19","0.43","0.133188273327563","1,2,3,1,3,3,3,3,2,3,3,4,3,1,1,3,2","0.000581026077270508","louvain","graph_2024M05.graphml"
"0.37","0.2","0.43","0.133562001601839","1,2,3,2,3,3,3,3,2,3,3,4,3,1,1,3,2","0.000550985336303711","louvain","graph_2024M05.graphml"
"0.36","0.21","0.43","0.132645296680764","1,2,3,2,3,3,3,3,2,3,3,4,3,1,1,3,2","0.000775814056396484","louvain","graph_2024M05.graphml"
"0.35","0.22","0.43","0.13226532907511","1,2,3,2,3,3,3,3,2,3,3,4,3,1,1,3,2","0.000543832778930664","louvain","graph_2024M05.graphml"
"0.34","0.23","0.43","0.13226532907511","1,2,3,2,3,3,3,3,2,3,3,4,3,1,1,3,2","0.000567913055419922","louvain","graph_2024M05.graphml"
"0.33","0.24","0.43","0.132859936329904","1,2,3,2,3,3,3,3,2,4,3,5,3,1,1,3,2","0.000599145889282227","louvain","graph_2024M05.graphml"
"0.32","0.25","0.43","0.132859936329904","1,2,3,2,3,3,3,3,2,4,3,5,3,1,1,3,2","0.000536918640136719","louvain","graph_2024M05.graphml"
"0.31","0.26","0.43","0.130505983350676","1,2,3,2,3,3,3,3,2,3,3,4,3,1,1,3,2","0.0005340576171875","louvain","graph_2024M05.graphml"
"0.3","0.27","0.43","0.129099343690116","1,2,3,4,3,3,3,4,2,3,3,4,3,1,1,2,2","0.000586032867431641","louvain","graph_2024M05.graphml"
"0.29","0.28","0.43","0.12846208","1,2,3,4,3,3,3,4,2,3,3,4,3,1,1,3,2","0.000569820404052734","louvain","graph_2024M05.graphml"
"0.28","0.29","0.43","0.130731723396487","1,2,3,1,3,3,3,3,2,3,3,3,3,1,1,3,2","0.000563859939575195","louvain","graph_2024M05.graphml"
"0.27","0.3","0.43","0.13079256883522","1,2,3,1,3,4,3,3,2,4,3,3,3,1,1,3,2","0.000547885894775391","louvain","graph_2024M05.graphml"
"0.26","0.31","0.43","0.131165127784009","1,2,3,1,3,3,3,3,2,3,3,3,3,1,1,3,2","0.000586986541748047","louvain","graph_2024M05.graphml"
"0.25","0.32","0.43","0.128754291234668","1,2,3,2,3,3,3,3,2,3,3,3,3,1,1,3,2","0.000571966171264648","louvain","graph_2024M05.graphml"
"0.24","0.33","0.43","0.128754291234668","1,2,3,2,3,3,3,3,2,3,3,3,3,1,1,3,2","0.000557899475097656","louvain","graph_2024M05.graphml"
"0.23","0.34","0.43","0.128754291234668","1,2,3,2,3,3,3,3,2,3,3,3,3,1,1,3,2","0.000607967376708984","louvain","graph_2024M05.graphml"
"0.22","0.35","0.43","0.130054931640625","1,2,3,2,3,3,3,3,2,3,3,3,3,1,1,3,2","0.000591039657592773","louvain","graph_2024M05.graphml"
"0.21","0.36","0.43","0.130910946694756","1,2,3,1,3,3,3,3,2,3,3,3,3,1,1,3,2","0.000574111938476562","louvain","graph_2024M05.graphml"
"0.2","0.37","0.43","0.130910946694756","1,2,3,1,3,3,3,3,2,3,3,3,3,1,1,3,2","0.000541925430297852","louvain","graph_2024M05.graphml"
"0.19","0.38","0.43","0.131346205779098","1,2,3,1,3,3,3,3,2,3,3,3,3,1,1,3,2","0.000571012496948242","louvain","graph_2024M05.graphml"
"0.18","0.39","0.43","0.13158254176691","1,2,3,1,3,3,3,3,2,4,4,3,3,1,4,4,2","0.000619173049926758","louvain","graph_2024M05.graphml"
"0.17","0.4","0.43","0.130868639053254","1,2,3,1,3,4,3,3,2,4,3,3,3,1,4,3,2","0.000545978546142578","louvain","graph_2024M05.graphml"
"0.16","0.41","0.43","0.131409019910422","1,2,3,1,3,3,3,3,2,3,3,3,3,1,1,3,2","0.000538110733032227","louvain","graph_2024M05.graphml"
"0.15","0.42","0.43","0.130501313955989","1,2,3,1,3,3,3,3,2,4,4,3,3,1,4,4,2","0.000550031661987305","louvain","graph_2024M05.graphml"
"0.14","0.43","0.43","0.129685873364069","1,2,3,1,4,4,4,4,2,4,4,3,4,1,1,4,2","0.000725984573364258","louvain","graph_2024M05.graphml"
"0.13","0.44","0.43","0.130158994924117","1,2,3,3,3,3,3,3,2,4,4,3,3,1,1,4,2","0.000544071197509766","louvain","graph_2024M05.graphml"
"0.12","0.45","0.43","0.130540091602205","1,2,3,1,3,3,3,3,2,3,3,3,3,1,1,3,2","0.00061798095703125","louvain","graph_2024M05.graphml"
"0.11","0.46","0.43","0.130953230742307","1,2,3,3,3,3,3,3,2,4,4,3,3,1,1,4,2","0.00056910514831543","louvain","graph_2024M05.graphml"
"0.1","0.47","0.43","0.128934063595021","1,2,3,1,4,4,4,4,2,4,4,3,4,1,1,4,2","0.000589132308959961","louvain","graph_2024M05.graphml"
"0.09","0.48","0.43","0.130356138409058","1,2,3,1,3,3,3,3,2,4,4,3,3,3,1,4,2","0.000581026077270508","louvain","graph_2024M05.graphml"
"0.08","0.49","0.43","0.12978744510276","1,2,3,1,3,3,3,3,2,3,3,3,3,1,1,3,2","0.000576019287109375","louvain","graph_2024M05.graphml"
"0.07","0.5","0.43","0.130774919063207","1,2,3,1,3,3,3,3,2,4,4,3,3,3,1,4,2","0.000547885894775391","louvain","graph_2024M05.graphml"
"0.06","0.51","0.43","0.131786505079755","1,2,3,2,3,3,3,3,2,4,4,3,3,3,1,4,2","0.000625848770141602","louvain","graph_2024M05.graphml"
"0.05","0.52","0.43","0.130377953140651","1,2,3,2,3,3,3,3,2,4,3,3,3,1,4,3,2","0.000579118728637695","louvain","graph_2024M05.graphml"
"0.04","0.53","0.43","0.1304365584893","1,2,3,2,3,3,3,3,2,4,3,3,3,1,4,3,2","0.000586032867431641","louvain","graph_2024M05.graphml"
"0.03","0.54","0.43","0.131143842069579","1,2,3,2,3,3,3,3,2,4,4,3,3,3,4,3,2","0.000578880310058594","louvain","graph_2024M05.graphml"
"0.02","0.55","0.43","0.131949519675263","1,2,3,2,3,3,3,3,2,4,4,3,3,1,4,3,2","0.000571966171264648","louvain","graph_2024M05.graphml"
"0.01","0.56","0.43","0.132288159815329","1,2,3,2,3,3,3,3,2,3,3,3,3,1,1,3,2","0.00058293342590332","louvain","graph_2024M05.graphml"
"0","0.57","0.43","0.133985726643599","1,2,3,2,3,3,4,3,2,4,4,3,3,1,1,4,2","0.000588893890380859","louvain","graph_2024M05.graphml"
"0.56","0","0.44","0.127921807562394","1,2,3,1,3,4,3,3,2,4,3,3,3,1,1,3,1","0.000555038452148438","louvain","graph_2024M05.graphml"
"0.55","0.01","0.44","0.128767623639419","1,2,3,1,3,4,3,3,2,4,3,3,3,1,1,3,1","0.000527143478393555","louvain","graph_2024M05.graphml"
"0.54","0.02","0.44","0.131261872299457","1,2,3,1,3,4,3,3,2,4,3,3,3,4,1,3,1","0.000539064407348633","louvain","graph_2024M05.graphml"
"0.53","0.03","0.44","0.129867832359386","1,2,3,1,3,3,3,3,2,4,3,4,3,4,1,3,1","0.000526905059814453","louvain","graph_2024M05.graphml"
"0.52","0.04","0.44","0.128968090340083","1,2,3,1,3,3,3,3,2,4,3,4,3,4,1,3,1","0.000745773315429688","louvain","graph_2024M05.graphml"
"0.51","0.05","0.44","0.129158957700727","1,2,3,1,3,2,3,3,4,2,3,3,3,4,1,3,1","0.000543117523193359","louvain","graph_2024M05.graphml"
"0.5","0.06","0.44","0.129911096347011","1,2,3,1,3,3,3,3,2,4,3,4,3,4,1,3,1","0.000550031661987305","louvain","graph_2024M05.graphml"
"0.49","0.07","0.44","0.130369067460095","1,2,3,1,3,4,3,3,2,4,3,3,3,1,1,3,1","0.000681877136230469","louvain","graph_2024M05.graphml"
"0.48","0.08","0.44","0.132208936298626","1,2,3,1,3,3,3,3,2,4,3,5,3,1,1,3,2","0.000550031661987305","louvain","graph_2024M05.graphml"
"0.47","0.09","0.44","0.13078784921714","1,2,3,1,3,3,3,3,2,3,3,4,3,1,1,3,2","0.000558853149414062","louvain","graph_2024M05.graphml"
"0.46","0.1","0.44","0.131467643962984","1,2,3,1,3,3,3,3,2,4,3,5,3,1,1,3,2","0.000747919082641602","louvain","graph_2024M05.graphml"
"0.45","0.11","0.44","0.1301208933816","1,2,3,1,3,4,3,3,2,4,3,3,3,1,1,3,2","0.000550031661987305","louvain","graph_2024M05.graphml"
"0.44","0.12","0.44","0.130657160149709","1,2,3,1,3,3,3,3,2,4,3,5,3,1,1,3,2","0.000514030456542969","louvain","graph_2024M05.graphml"
"0.43","0.13","0.44","0.13210748926527","1,2,3,2,3,3,3,3,2,3,3,4,3,1,1,3,2","0.000554084777832031","louvain","graph_2024M05.graphml"
"0.42","0.14","0.44","0.131192863855782","1,2,3,2,3,3,3,3,2,3,3,4,3,1,1,3,2","0.000657081604003906","louvain","graph_2024M05.graphml"
"0.41","0.15","0.44","0.131731196559589","1,2,3,2,3,3,3,3,2,3,3,4,3,1,1,3,2","0.000519037246704102","louvain","graph_2024M05.graphml"
"0.4","0.16","0.44","0.131731196559589","1,2,3,2,3,3,3,3,2,3,3,4,3,1,1,3,2","0.000547885894775391","louvain","graph_2024M05.graphml"
"0.39","0.17","0.44","0.132160750875801","1,2,3,2,3,3,3,3,2,4,3,5,3,1,1,3,2","0.000548839569091797","louvain","graph_2024M05.graphml"
"0.38","0.18","0.44","0.13067753468054","1,2,3,4,3,3,3,3,2,4,3,4,3,1,1,3,2","0.0005340576171875","louvain","graph_2024M05.graphml"
"0.37","0.19","0.44","0.129824111025539","1,2,3,2,3,3,3,3,2,3,3,4,3,1,1,3,2","0.000517845153808594","louvain","graph_2024M05.graphml"
"0.36","0.2","0.44","0.128495938206112","1,2,3,2,4,4,4,4,2,4,4,3,4,1,1,4,2","0.000619888305664062","louvain","graph_2024M05.graphml"
"0.35","0.21","0.44","0.127911635313211","1,2,3,3,3,3,3,3,2,3,3,3,3,1,1,2,2","0.000566959381103516","louvain","graph_2024M05.graphml"
"0.34","0.22","0.44","0.128449683557142","1,2,3,2,3,3,3,3,2,3,3,3,3,1,1,3,2","0.000586986541748047","louvain","graph_2024M05.graphml"
"0.33","0.23","0.44","0.128648193690745","1,2,3,3,4,3,3,3,2,4,3,3,3,1,1,4,2","0.000581979751586914","louvain","graph_2024M05.graphml"
"0.32","0.24","0.44","0.126808854750841","1,2,3,4,3,3,3,4,2,3,3,4,3,1,1,3,2","0.00069117546081543","louvain","graph_2024M05.graphml"
"0.31","0.25","0.44","0.127678095356191","1,2,3,3,3,3,3,3,2,4,4,3,3,1,1,4,2","0.000593900680541992","louvain","graph_2024M05.graphml"
"0.3","0.26","0.44","0.129202822295444","1,2,3,2,4,3,4,3,2,4,4,3,3,1,1,4,2","0.00061798095703125","louvain","graph_2024M05.graphml"
"0.29","0.27","0.44","0.12922313066892","1,2,3,2,3,3,3,3,2,4,4,3,3,1,1,4,2","0.000543117523193359","louvain","graph_2024M05.graphml"
"0.28","0.28","0.44","0.1291455078125","1,2,3,1,3,3,3,3,2,3,3,3,3,1,1,3,2","0.000570058822631836","louvain","graph_2024M05.graphml"
"0.27","0.29","0.44","0.131346205779098","1,2,3,1,3,3,3,3,2,3,3,3,3,1,1,3,2","0.000555038452148438","louvain","graph_2024M05.graphml"
"0.26","0.3","0.44","0.130452496845142","1,2,3,1,3,3,3,3,2,3,3,3,3,1,1,3,2","0.000555038452148438","louvain","graph_2024M05.graphml"
"0.25","0.31","0.44","0.129561291683041","1,2,3,1,3,3,3,3,2,3,3,3,3,1,1,3,2","0.000575065612792969","louvain","graph_2024M05.graphml"
"0.24","0.32","0.44","0.129592716430422","1,2,3,1,3,3,3,3,2,3,3,3,3,1,1,3,2","0.000540971755981445","louvain","graph_2024M05.graphml"
"0.23","0.33","0.44","0.130977746631084","1,2,3,1,3,3,3,3,2,3,3,3,3,1,1,3,2","0.000691890716552734","louvain","graph_2024M05.graphml"
"0.22","0.34","0.44","0.13012372695901","1,2,3,1,3,3,3,3,2,3,3,3,3,1,1,3,2","0.000536918640136719","louvain","graph_2024M05.graphml"
"0.21","0.35","0.44","0.130554163510285","1,2,3,1,3,3,3,3,2,3,3,3,3,1,1,3,2","0.000690221786499023","louvain","graph_2024M05.graphml"
"0.2","0.36","0.44","0.130657887069518","1,2,3,1,3,3,3,3,2,4,4,3,3,1,4,4,2","0.000561952590942383","louvain","graph_2024M05.graphml"
"0.19","0.37","0.44","0.130540091602205","1,2,3,1,3,3,3,3,2,3,3,3,3,1,1,3,2","0.000535964965820312","louvain","graph_2024M05.graphml"
"0.18","0.38","0.44","0.130953230742307","1,2,3,3,3,3,3,3,2,4,4,3,3,1,1,4,2","0.000589132308959961","louvain","graph_2024M05.graphml"
"0.17","0.39","0.44","0.129553168650626","1,2,3,3,3,3,3,3,2,4,4,3,3,1,1,4,2","0.000607967376708984","louvain","graph_2024M05.graphml"
"0.16","0.4","0.44","0.128741066620422","1,2,3,3,3,3,3,3,2,4,4,3,3,1,1,4,2","0.000571966171264648","louvain","graph_2024M05.graphml"
"0.15","0.41","0.44","0.129515502685585","1,2,3,3,3,3,3,3,2,4,4,3,3,1,1,4,2","0.000555992126464844","louvain","graph_2024M05.graphml"
"0.14","0.42","0.44","0.129515502685585","1,2,3,3,3,3,3,3,2,4,4,3,3,1,1,4,2","0.000552892684936523","louvain","graph_2024M05.graphml"
"0.13","0.43","0.44","0.130150941262932","1,2,3,1,3,3,3,3,2,4,4,3,3,3,1,4,2","0.000658035278320312","louvain","graph_2024M05.graphml"
"0.12","0.44","0.44","0.129080870022943","1,2,3,2,3,3,3,3,2,4,3,3,3,1,4,3,2","0.000577211380004883","louvain","graph_2024M05.graphml"
"0.11","0.45","0.44","0.131286759495465","1,2,3,2,3,3,3,3,2,4,4,3,3,3,1,4,2","0.000576019287109375","louvain","graph_2024M05.graphml"
"0.1","0.46","0.44","0.131286759495465","1,2,3,2,3,3,3,3,2,4,4,3,3,3,1,4,2","0.00073695182800293","louvain","graph_2024M05.graphml"
"0.09","0.47","0.44","0.131286759495465","1,2,3,2,3,3,3,3,2,4,4,3,3,3,1,4,2","0.000560998916625977","louvain","graph_2024M05.graphml"
"0.08","0.48","0.44","0.131143842069579","1,2,3,2,3,3,3,3,2,4,4,3,3,3,4,3,2","0.000579118728637695","louvain","graph_2024M05.graphml"
"0.07","0.49","0.44","0.132076817558299","1,2,3,2,3,4,3,3,2,4,3,3,3,1,4,3,2","0.000609874725341797","louvain","graph_2024M05.graphml"
"0.06","0.5","0.44","0.130636507836074","1,2,3,2,3,3,3,3,2,4,3,3,3,1,4,3,2","0.000587940216064453","louvain","graph_2024M05.graphml"
"0.05","0.51","0.44","0.13192365916955","1,2,3,2,4,3,4,4,2,4,3,4,3,4,1,4,3","0.000571966171264648","louvain","graph_2024M05.graphml"
"0.04","0.52","0.44","0.13192365916955","1,2,3,2,4,3,4,4,2,4,3,4,3,4,1,4,3","0.000627994537353516","louvain","graph_2024M05.graphml"
"0.03","0.53","0.44","0.133067446392091","1,2,3,2,4,3,4,4,2,4,3,4,3,4,1,4,3","0.000746011734008789","louvain","graph_2024M05.graphml"
"0.02","0.54","0.44","0.133838239375891","1,2,3,2,4,3,4,4,2,4,3,4,3,4,1,4,3","0.000619888305664062","louvain","graph_2024M05.graphml"
"0.01","0.55","0.44","0.132769563596302","1,2,3,2,4,3,4,4,2,4,3,4,3,4,1,4,3","0.000571966171264648","louvain","graph_2024M05.graphml"
"0","0.56","0.44","0.132039576998897","1,2,3,2,4,4,4,4,2,4,3,4,3,4,1,4,3","0.000560998916625977","louvain","graph_2024M05.graphml"
"0.55","0","0.45","0.128537432467198","1,2,3,1,3,3,3,3,2,4,3,5,3,1,1,3,1","0.000503063201904297","louvain","graph_2024M05.graphml"
"0.54","0.01","0.45","0.127827777777778","1,2,2,1,2,2,2,2,3,2,2,4,2,1,1,2,3","0.000518798828125","louvain","graph_2024M05.graphml"
"0.53","0.02","0.45","0.131467643962984","1,2,3,1,3,3,3,3,2,4,3,5,3,1,1,3,2","0.000588893890380859","louvain","graph_2024M05.graphml"
"0.52","0.03","0.45","0.129936879826597","1,2,3,1,3,3,3,3,2,4,3,5,3,1,1,3,2","0.000529050827026367","louvain","graph_2024M05.graphml"
"0.51","0.04","0.45","0.129936879826597","1,2,3,1,3,3,3,3,2,4,3,5,3,1,1,3,2","0.000559091567993164","louvain","graph_2024M05.graphml"
"0.5","0.05","0.45","0.129936879826597","1,2,3,1,3,3,3,3,2,4,3,5,3,1,1,3,2","0.000542163848876953","louvain","graph_2024M05.graphml"
"0.49","0.06","0.45","0.130170911963296","1,2,3,4,3,3,3,3,2,4,3,4,3,1,1,3,2","0.00054621696472168","louvain","graph_2024M05.graphml"
"0.48","0.07","0.45","0.131319963248786","1,2,3,2,3,3,3,3,2,4,3,5,3,1,1,3,2","0.000545978546142578","louvain","graph_2024M05.graphml"
"0.47","0.08","0.45","0.13013557819642","1,2,3,2,3,4,3,3,2,4,3,3,3,1,1,3,2","0.000581026077270508","louvain","graph_2024M05.graphml"
"0.46","0.09","0.45","0.129932664787048","1,2,3,2,3,3,3,3,2,3,3,3,3,1,1,3,2","0.000562191009521484","louvain","graph_2024M05.graphml"
"0.45","0.1","0.45","0.130163971580368","1,2,3,2,3,3,3,3,2,4,3,5,3,1,1,3,2","0.000577926635742188","louvain","graph_2024M05.graphml"
"0.44","0.11","0.45","0.128981529656608","1,2,3,2,3,3,3,3,2,4,3,5,3,1,1,3,2","0.000783205032348633","louvain","graph_2024M05.graphml"
"0.43","0.12","0.45","0.127723038430124","1,2,3,2,3,3,3,3,2,4,3,5,3,1,1,3,2","0.000563144683837891","louvain","graph_2024M05.graphml"
"0.42","0.13","0.45","0.127328","1,2,3,2,3,4,3,3,2,4,3,3,3,1,1,3,2","0.000523090362548828","louvain","graph_2024M05.graphml"
"0.41","0.14","0.45","0.128039226694158","1,2,3,2,4,4,4,4,2,4,4,3,4,1,1,4,2","0.000572919845581055","louvain","graph_2024M05.graphml"
"0.4","0.15","0.45","0.128587562861046","1,2,3,2,4,4,4,4,2,4,4,3,4,1,1,4,2","0.000550985336303711","louvain","graph_2024M05.graphml"
"0.39","0.16","0.45","0.127761131803466","1,2,3,2,4,3,3,3,2,4,3,3,3,1,1,4,2","0.000565052032470703","louvain","graph_2024M05.graphml"
"0.38","0.17","0.45","0.128262794932779","1,2,3,1,3,3,3,3,2,3,3,3,3,1,1,3,2","0.000558853149414062","louvain","graph_2024M05.graphml"
"0.37","0.18","0.45","0.129198338396677","1,2,3,2,3,3,3,3,2,3,3,3,3,1,1,3,2","0.000520944595336914","louvain","graph_2024M05.graphml"
"0.36","0.19","0.45","0.127552868750447","1,2,3,2,4,3,4,3,2,4,4,3,3,1,1,4,2","0.000666141510009766","louvain","graph_2024M05.graphml"
"0.35","0.2","0.45","0.12765569245765","1,2,3,3,4,3,4,3,2,4,4,3,3,1,1,4,2","0.000581979751586914","louvain","graph_2024M05.graphml"
"0.34","0.21","0.45","0.128519287109375","1,2,3,3,4,3,4,3,2,4,4,3,3,1,1,4,2","0.000574111938476562","louvain","graph_2024M05.graphml"
"0.33","0.22","0.45","0.128521656428024","1,2,3,3,4,3,4,3,2,4,4,3,3,1,1,4,2","0.000581979751586914","louvain","graph_2024M05.graphml"
"0.32","0.23","0.45","0.129592716430422","1,2,3,1,3,3,3,3,2,3,3,3,3,1,1,3,2","0.000569820404052734","louvain","graph_2024M05.graphml"
"0.31","0.24","0.45","0.130024620074501","1,2,3,1,3,3,3,3,2,3,3,3,3,1,1,3,2","0.000564098358154297","louvain","graph_2024M05.graphml"
"0.3","0.25","0.45","0.129623668639053","1,2,3,1,3,3,3,3,2,3,3,3,3,1,1,3,2","0.00055694580078125","louvain","graph_2024M05.graphml"
"0.29","0.26","0.45","0.128729693791641","1,2,3,1,3,3,3,3,2,4,4,3,3,1,4,4,2","0.000758171081542969","louvain","graph_2024M05.graphml"
"0.28","0.27","0.45","0.129977601960179","1,2,3,1,3,3,3,3,2,4,4,3,3,1,4,4,2","0.000558137893676758","louvain","graph_2024M05.graphml"
"0.27","0.28","0.45","0.13012372695901","1,2,3,1,3,3,3,3,2,3,3,3,3,1,1,3,2","0.000599861145019531","louvain","graph_2024M05.graphml"
"0.26","0.29","0.45","0.129977601960179","1,2,3,1,3,3,3,3,2,4,4,3,3,1,4,4,2","0.000643014907836914","louvain","graph_2024M05.graphml"
"0.25","0.3","0.45","0.131391517325996","1,2,3,1,3,3,3,3,2,4,4,3,3,1,4,4,2","0.000549077987670898","louvain","graph_2024M05.graphml"
"0.24","0.31","0.45","0.128929063360882","1,2,3,3,3,3,3,3,2,4,4,3,3,1,1,4,2","0.000573158264160156","louvain","graph_2024M05.graphml"
"0.23","0.32","0.45","0.12757111697538","1,2,3,1,3,3,3,3,2,3,3,3,3,1,1,3,2","0.000560998916625977","louvain","graph_2024M05.graphml"
"0.22","0.33","0.45","0.12807819388286","1,2,3,1,4,4,4,4,2,4,4,3,4,1,1,4,2","0.000559806823730469","louvain","graph_2024M05.graphml"
"0.21","0.34","0.45","0.129515502685585","1,2,3,3,3,3,3,3,2,4,4,3,3,1,1,4,2","0.000587940216064453","louvain","graph_2024M05.graphml"
"0.2","0.35","0.45","0.129631974673526","1,2,3,3,3,3,3,3,2,4,4,3,3,1,1,4,2","0.000612020492553711","louvain","graph_2024M05.graphml"
"0.19","0.36","0.45","0.129427851274698","1,2,3,3,3,3,3,3,2,4,4,3,3,1,1,4,2","0.00055694580078125","louvain","graph_2024M05.graphml"
"0.18","0.37","0.45","0.129042745011295","1,2,3,3,3,3,3,3,2,4,4,3,3,1,1,4,2","0.000604867935180664","louvain","graph_2024M05.graphml"
"0.17","0.38","0.45","0.130047976614436","1,2,3,2,4,3,3,3,2,4,3,3,3,3,1,4,2","0.00060582160949707","louvain","graph_2024M05.graphml"
"0.16","0.39","0.45","0.130776567629805","1,2,3,2,3,3,3,3,2,4,4,3,3,3,1,4,2","0.000723838806152344","louvain","graph_2024M05.graphml"
"0.15","0.4","0.45","0.131286926890261","1,2,3,2,3,4,3,3,2,4,3,3,3,1,4,3,2","0.000570058822631836","louvain","graph_2024M05.graphml"
"0.14","0.41","0.45","0.131037516193411","1,2,3,2,3,4,3,3,2,4,3,3,3,1,4,3,2","0.000597000122070312","louvain","graph_2024M05.graphml"
"0.13","0.42","0.45","0.131184683391199","1,2,3,2,3,3,3,3,2,4,3,3,3,1,4,3,2","0.000568866729736328","louvain","graph_2024M05.graphml"
"0.12","0.43","0.45","0.130216627074251","1,2,3,2,3,3,3,3,2,3,3,3,3,1,1,3,2","0.000573873519897461","louvain","graph_2024M05.graphml"
"0.11","0.44","0.45","0.130923442906574","1,2,3,2,3,3,3,3,2,4,3,3,3,1,4,3,2","0.000875949859619141","louvain","graph_2024M05.graphml"
"0.1","0.45","0.45","0.130657631083324","1,2,3,2,4,3,4,4,2,4,3,4,3,4,1,4,3","0.000608921051025391","louvain","graph_2024M05.graphml"
"0.09","0.46","0.45","0.132099577910733","1,2,3,2,3,4,3,3,2,4,3,3,3,1,4,3,2","0.000586986541748047","louvain","graph_2024M05.graphml"
"0.08","0.47","0.45","0.131997509541093","1,2,3,2,3,3,3,3,2,4,4,3,3,1,4,3,2","0.000581979751586914","louvain","graph_2024M05.graphml"
"0.07","0.48","0.45","0.131848701927457","1,2,3,2,3,1,3,3,2,4,4,3,3,1,4,3,2","0.000583887100219727","louvain","graph_2024M05.graphml"
"0.06","0.49","0.45","0.129875231978362","1,2,3,2,4,3,4,4,2,4,3,4,3,4,1,4,3","0.000669956207275391","louvain","graph_2024M05.graphml"
"0.05","0.5","0.45","0.131307668031459","1,2,3,2,4,3,3,4,2,5,3,4,3,1,5,4,2","0.00058293342590332","louvain","graph_2024M05.graphml"
"0.04","0.51","0.45","0.131812341442189","1,2,3,2,4,3,3,4,2,5,3,4,3,1,5,4,2","0.000555038452148438","louvain","graph_2024M05.graphml"
"0.03","0.52","0.45","0.130788775510204","1,2,3,2,4,3,3,4,2,5,3,4,3,1,5,4,2","0.000551939010620117","louvain","graph_2024M05.graphml"
"0.02","0.53","0.45","0.130984057352254","1,2,3,2,4,3,3,4,2,5,3,4,3,1,5,4,2","0.00058293342590332","louvain","graph_2024M05.graphml"
"0.01","0.54","0.45","0.131279110708717","1,2,3,3,4,3,3,4,2,5,3,4,3,1,5,4,2","0.000560998916625977","louvain","graph_2024M05.graphml"
"0","0.55","0.45","0.131279110708717","1,2,3,3,4,3,3,4,2,5,3,4,3,1,5,4,2","0.000579833984375","louvain","graph_2024M05.graphml"
"0.54","0","0.46","0.130770837965183","1,2,3,2,3,3,3,3,2,4,3,5,3,1,1,3,2","0.000771999359130859","louvain","graph_2024M05.graphml"
"0.53","0.01","0.46","0.131544911900662","1,2,3,4,3,3,3,3,2,4,3,4,3,1,1,3,2","0.000547170639038086","louvain","graph_2024M05.graphml"
"0.52","0.02","0.46","0.130262409941173","1,2,3,2,3,3,3,3,2,4,3,5,3,1,1,3,2","0.000512123107910156","louvain","graph_2024M05.graphml"
"0.51","0.03","0.46","0.130216963445277","1,2,3,2,3,4,3,3,2,4,3,3,3,1,1,3,2","0.000561952590942383","louvain","graph_2024M05.graphml"
"0.5","0.04","0.46","0.127565643491124","1,2,3,2,3,3,3,3,2,4,3,5,3,1,1,3,2","0.000554084777832031","louvain","graph_2024M05.graphml"
"0.49","0.05","0.46","0.127810907708744","1,2,3,2,3,4,3,3,2,4,3,3,3,1,1,3,2","0.000549077987670898","louvain","graph_2024M05.graphml"
"0.48","0.06","0.46","0.12710784","1,2,3,2,3,3,3,3,2,4,3,5,3,1,1,3,2","0.000519990921020508","louvain","graph_2024M05.graphml"
"0.47","0.07","0.46","0.128600281332591","1,2,3,2,4,4,4,4,2,5,4,3,4,1,1,4,2","0.000537872314453125","louvain","graph_2024M05.graphml"
"0.46","0.08","0.46","0.128248841753003","1,2,3,2,4,4,4,4,2,4,4,3,4,1,1,4,2","0.000535964965820312","louvain","graph_2024M05.graphml"
"0.45","0.09","0.46","0.125994258603932","1,2,3,2,3,3,3,3,2,3,3,3,3,1,1,3,2","0.000524997711181641","louvain","graph_2024M05.graphml"
"0.44","0.1","0.46","0.126318666097647","1,2,3,2,4,3,3,3,2,4,3,3,3,1,1,4,2","0.000551939010620117","louvain","graph_2024M05.graphml"
"0.43","0.11","0.46","0.128935692455852","1,2,3,3,4,3,3,3,2,4,4,3,3,1,1,4,2","0.000559806823730469","louvain","graph_2024M05.graphml"
"0.42","0.12","0.46","0.1291455078125","1,2,3,1,3,3,3,3,2,3,3,3,3,1,1,3,2","0.000557899475097656","louvain","graph_2024M05.graphml"
"0.41","0.13","0.46","0.128970431828194","1,2,3,1,3,3,3,3,2,4,4,3,3,1,1,4,2","0.000540971755981445","louvain","graph_2024M05.graphml"
"0.4","0.14","0.46","0.128277146806081","1,2,3,1,3,3,3,3,2,3,3,3,3,1,1,3,2","0.000561952590942383","louvain","graph_2024M05.graphml"
"0.39","0.15","0.46","0.128277146806081","1,2,3,1,3,3,3,3,2,3,3,3,3,1,1,3,2","0.000599861145019531","louvain","graph_2024M05.graphml"
"0.38","0.16","0.46","0.127869528127366","1,2,3,1,3,3,3,3,2,3,3,3,3,1,1,3,2","0.000559091567993164","louvain","graph_2024M05.graphml"
"0.37","0.17","0.46","0.129343850022862","1,2,3,1,4,4,4,4,2,4,4,3,4,1,1,4,2","0.00055694580078125","louvain","graph_2024M05.graphml"
"0.36","0.18","0.46","0.129179732940696","1,2,3,1,3,3,3,3,2,3,3,3,3,1,1,3,2","0.000597000122070312","louvain","graph_2024M05.graphml"
"0.35","0.19","0.46","0.130045332063817","1,2,3,1,3,3,3,3,2,3,3,3,3,1,1,3,2","0.000576019287109375","louvain","graph_2024M05.graphml"
"0.34","0.2","0.46","0.129165146966679","1,2,3,1,3,3,3,3,2,3,3,3,3,1,1,3,2","0.000526905059814453","louvain","graph_2024M05.graphml"
"0.33","0.21","0.46","0.130657887069518","1,2,3,1,3,3,3,3,2,4,4,3,3,1,4,4,2","0.000561952590942383","louvain","graph_2024M05.graphml"
"0.32","0.22","0.46","0.131418240630577","1,2,3,1,3,3,3,3,2,3,3,3,3,1,1,3,2","0.000572919845581055","louvain","graph_2024M05.graphml"
"0.31","0.23","0.46","0.128635215794307","1,2,3,1,3,3,3,3,2,4,4,3,3,1,4,4,2","0.000554084777832031","louvain","graph_2024M05.graphml"
"0.3","0.24","0.46","0.128635215794307","1,2,3,1,3,3,3,3,2,4,4,3,3,1,4,4,2","0.000687122344970703","louvain","graph_2024M05.graphml"
"0.29","0.25","0.46","0.128000611531476","1,2,3,1,3,3,3,3,2,3,3,3,3,1,1,3,2","0.00053095817565918","louvain","graph_2024M05.graphml"
"0.28","0.26","0.46","0.12846453585426","1,2,3,1,3,3,3,3,2,3,3,3,3,1,1,3,2","0.00061798095703125","louvain","graph_2024M05.graphml"
"0.27","0.27","0.46","0.12809655718243","1,2,3,1,3,4,3,3,2,4,3,3,3,1,4,3,2","0.000615835189819336","louvain","graph_2024M05.graphml"
"0.26","0.28","0.46","0.12809655718243","1,2,3,1,3,4,3,3,2,4,3,3,3,1,4,3,2","0.000694036483764648","louvain","graph_2024M05.graphml"
"0.25","0.29","0.46","0.126675167628814","1,2,3,3,3,3,3,3,2,4,3,3,3,1,4,2,2","0.000536918640136719","louvain","graph_2024M05.graphml"
"0.24","0.3","0.46","0.128882990251608","1,2,3,3,3,3,3,3,2,4,4,3,3,1,1,4,2","0.000593900680541992","louvain","graph_2024M05.graphml"
"0.23","0.31","0.46","0.130081094387862","1,2,3,3,3,3,3,3,2,4,4,3,3,1,1,4,2","0.000728130340576172","louvain","graph_2024M05.graphml"
"0.22","0.32","0.46","0.12991881587405","1,2,3,2,3,4,3,3,2,4,3,3,3,1,4,3,2","0.000558137893676758","louvain","graph_2024M05.graphml"
"0.21","0.33","0.46","0.12991881587405","1,2,3,2,3,4,3,3,2,4,3,3,3,1,4,3,2","0.000587224960327148","louvain","graph_2024M05.graphml"
"0.2","0.34","0.46","0.130084512096915","1,2,3,2,3,3,3,3,2,4,3,3,3,1,4,3,2","0.000684976577758789","louvain","graph_2024M05.graphml"
"0.19","0.35","0.46","0.130636507836074","1,2,3,2,3,3,3,3,2,4,3,3,3,1,4,3,2","0.000593900680541992","louvain","graph_2024M05.graphml"
"0.18","0.36","0.46","0.130378860014619","1,2,3,2,3,3,3,3,2,4,3,3,3,1,4,3,2","0.000599861145019531","louvain","graph_2024M05.graphml"
"0.17","0.37","0.46","0.130378860014619","1,2,3,2,3,3,3,3,2,4,3,3,3,1,4,3,2","0.000576972961425781","louvain","graph_2024M05.graphml"
"0.16","0.38","0.46","0.130961853195935","1,2,3,2,3,4,3,3,2,4,3,3,3,1,4,3,2","0.00059819221496582","louvain","graph_2024M05.graphml"
"0.15","0.39","0.46","0.130962304640744","1,2,3,2,3,3,3,3,2,4,3,3,3,1,4,3,2","0.000585794448852539","louvain","graph_2024M05.graphml"
"0.14","0.4","0.46","0.130701280928865","1,2,3,2,3,1,3,3,2,4,4,3,3,1,4,3,2","0.000627994537353516","louvain","graph_2024M05.graphml"
"0.13","0.41","0.46","0.131299937072138","1,2,3,2,3,1,3,3,2,4,4,3,3,1,4,3,2","0.000662088394165039","louvain","graph_2024M05.graphml"
"0.12","0.42","0.46","0.130543738768847","1,2,3,2,4,3,3,3,2,3,3,4,3,3,1,4,2","0.000571012496948242","louvain","graph_2024M05.graphml"
"0.11","0.43","0.46","0.130619533150458","1,2,3,2,3,1,3,3,2,4,4,3,3,1,4,3,2","0.000813007354736328","louvain","graph_2024M05.graphml"
"0.1","0.44","0.46","0.129689151473114","1,2,3,2,3,1,3,3,2,4,3,3,3,1,4,3,2","0.000588178634643555","louvain","graph_2024M05.graphml"
"0.09","0.45","0.46","0.130028694345695","1,2,3,2,3,2,3,3,2,4,3,3,3,1,4,3,2","0.000584125518798828","louvain","graph_2024M05.graphml"
"0.08","0.46","0.46","0.132559730395855","1,2,3,2,4,3,3,3,2,5,3,4,3,1,5,3,2","0.000555992126464844","louvain","graph_2024M05.graphml"
"0.07","0.47","0.46","0.132354971201303","1,2,3,2,4,3,3,3,2,3,3,4,3,1,1,3,2","0.000576972961425781","louvain","graph_2024M05.graphml"
"0.06","0.48","0.46","0.13284516741677","1,2,3,2,4,3,3,3,2,3,3,4,3,1,1,3,2","0.000564813613891602","louvain","graph_2024M05.graphml"
"0.05","0.49","0.46","0.129639952390399","1,2,3,2,4,3,4,3,2,4,3,4,3,1,1,4,2","0.000731945037841797","louvain","graph_2024M05.graphml"
"0.04","0.5","0.46","0.131272882211842","1,2,3,2,4,3,3,3,2,5,3,4,3,1,5,3,2","0.000570058822631836","louvain","graph_2024M05.graphml"
"0.03","0.51","0.46","0.129243854404507","1,2,3,3,4,3,3,4,2,5,3,4,3,1,5,4,2","0.00092315673828125","louvain","graph_2024M05.graphml"
"0.02","0.52","0.46","0.130856276590542","1,2,3,2,4,3,3,3,2,5,3,4,3,1,5,3,2","0.000561952590942383","louvain","graph_2024M05.graphml"
"0.01","0.53","0.46","0.13211525630776","1,2,3,2,4,3,3,3,2,5,3,4,3,1,5,3,2","0.000566959381103516","louvain","graph_2024M05.graphml"
"0","0.54","0.46","0.133392074063614","1,2,3,2,4,3,3,3,2,3,3,4,3,1,1,3,2","0.000678062438964844","louvain","graph_2024M05.graphml"
"0.53","0","0.47","0.127796766603108","1,2,3,2,4,3,3,3,2,4,3,3,3,1,1,3,2","0.000546932220458984","louvain","graph_2024M05.graphml"
"0.52","0.01","0.47","0.126713816772612","1,2,3,3,4,3,3,3,2,4,3,3,3,1,1,4,2","0.000560998916625977","louvain","graph_2024M05.graphml"
"0.51","0.02","0.47","0.125773355395332","1,2,3,2,4,4,4,4,2,4,4,3,4,1,1,4,2","0.000559806823730469","louvain","graph_2024M05.graphml"
"0.5","0.03","0.47","0.126077232333887","1,2,3,3,4,3,3,3,2,4,3,3,3,1,1,4,2","0.000627040863037109","louvain","graph_2024M05.graphml"
"0.49","0.04","0.47","0.126452488977719","1,2,3,3,3,3,3,3,2,4,4,3,3,1,1,4,2","0.000575065612792969","louvain","graph_2024M05.graphml"
"0.48","0.05","0.47","0.127841102085578","1,2,3,1,3,3,3,3,2,3,3,3,3,1,1,3,2","0.000601053237915039","louvain","graph_2024M05.graphml"
"0.47","0.06","0.47","0.127841102085578","1,2,3,1,3,3,3,3,2,3,3,3,3,1,1,3,2","0.000509023666381836","louvain","graph_2024M05.graphml"
"0.46","0.07","0.47","0.127422630851511","1,2,3,1,3,3,3,3,2,3,3,3,3,1,1,3,2","0.000530004501342773","louvain","graph_2024M05.graphml"
"0.45","0.08","0.47","0.127422630851511","1,2,3,1,3,3,3,3,2,3,3,3,3,1,1,3,2","0.000540018081665039","louvain","graph_2024M05.graphml"
"0.44","0.09","0.47","0.12698365300316","1,2,3,1,3,3,3,3,2,3,3,3,3,1,1,3,2","0.000607013702392578","louvain","graph_2024M05.graphml"
"0.43","0.1","0.47","0.12698365300316","1,2,3,1,3,3,3,3,2,3,3,3,3,1,1,3,2","0.000568151473999023","louvain","graph_2024M05.graphml"
"0.42","0.11","0.47","0.128300977443074","1,2,3,1,3,3,3,3,2,3,3,3,3,1,1,3,2","0.000531911849975586","louvain","graph_2024M05.graphml"
"0.41","0.12","0.47","0.129179732940696","1,2,3,1,3,3,3,3,2,3,3,3,3,1,1,3,2","0.000748157501220703","louvain","graph_2024M05.graphml"
"0.4","0.13","0.47","0.127613394651614","1,2,3,1,3,3,3,3,2,3,3,3,3,1,3,3,2","0.000568866729736328","louvain","graph_2024M05.graphml"
"0.39","0.14","0.47","0.127409824602296","1,2,3,1,3,3,3,3,2,4,4,3,3,1,4,4,2","0.000550031661987305","louvain","graph_2024M05.graphml"
"0.38","0.15","0.47","0.128660061518241","1,2,3,1,3,4,3,3,2,4,3,3,3,1,4,3,2","0.000695943832397461","louvain","graph_2024M05.graphml"
"0.37","0.16","0.47","0.128810662553281","1,2,3,1,3,3,3,3,2,4,4,3,3,1,4,4,2","0.000564098358154297","louvain","graph_2024M05.graphml"
"0.36","0.17","0.47","0.128900127170023","1,2,3,1,3,3,3,3,2,3,3,3,3,1,1,3,2","0.000616073608398438","louvain","graph_2024M05.graphml"
"0.35","0.18","0.47","0.128283614176614","1,2,3,1,4,3,3,3,2,4,3,3,3,1,4,4,2","0.000566959381103516","louvain","graph_2024M05.graphml"
"0.34","0.19","0.47","0.128502459155407","1,2,3,3,3,3,3,3,2,4,4,3,3,1,1,4,2","0.000600814819335938","louvain","graph_2024M05.graphml"
"0.33","0.2","0.47","0.128502459155407","1,2,3,3,3,3,3,3,2,4,4,3,3,1,1,4,2","0.000549793243408203","louvain","graph_2024M05.graphml"
"0.32","0.21","0.47","0.128030057084111","1,2,3,1,3,3,3,3,2,3,3,3,3,1,1,3,2","0.000586986541748047","louvain","graph_2024M05.graphml"
"0.31","0.22","0.47","0.127494723402916","1,2,3,3,4,3,3,3,2,4,3,3,3,1,1,4,2","0.000557184219360352","louvain","graph_2024M05.graphml"
"0.3","0.23","0.47","0.128882990251608","1,2,3,3,4,3,3,3,2,4,3,3,3,1,1,4,2","0.000622034072875977","louvain","graph_2024M05.graphml"
"0.29","0.24","0.47","0.128108057684662","1,2,3,3,4,3,3,3,2,5,3,4,3,1,5,2,2","0.000676870346069336","louvain","graph_2024M05.graphml"
"0.28","0.25","0.47","0.130060800042265","1,2,3,3,4,3,3,3,2,5,3,4,3,1,5,2,2","0.000581026077270508","louvain","graph_2024M05.graphml"
"0.27","0.26","0.47","0.130192832884003","1,2,3,2,4,3,3,3,2,4,3,3,3,3,1,4,2","0.000602960586547852","louvain","graph_2024M05.graphml"
"0.26","0.27","0.47","0.130694326564542","1,2,3,2,4,3,3,3,2,5,3,4,3,1,5,3,2","0.000519990921020508","louvain","graph_2024M05.graphml"
"0.25","0.28","0.47","0.130566867674315","1,2,3,2,4,3,3,3,2,4,3,3,3,3,1,4,2","0.000704050064086914","louvain","graph_2024M05.graphml"
"0.24","0.29","0.47","0.129890787197232","1,2,3,2,3,3,3,3,2,4,3,3,3,1,4,3,2","0.000616073608398438","louvain","graph_2024M05.graphml"
"0.23","0.3","0.47","0.130181660899654","1,2,3,2,3,4,3,3,2,4,3,3,3,1,4,3,2","0.000502824783325195","louvain","graph_2024M05.graphml"
"0.22","0.31","0.47","0.13067614568711","1,2,3,2,3,3,3,3,2,4,3,3,3,1,4,3,2","0.000500917434692383","louvain","graph_2024M05.graphml"
"0.21","0.32","0.47","0.130503489797006","1,2,3,2,4,3,3,3,2,5,3,4,3,1,5,4,2","0.000575065612792969","louvain","graph_2024M05.graphml"
"0.2","0.33","0.47","0.129754609048951","1,2,3,2,4,3,3,3,2,5,3,4,3,1,5,4,2","0.000561952590942383","louvain","graph_2024M05.graphml"
"0.19","0.34","0.47","0.128829027515228","1,2,3,2,3,1,3,3,2,4,3,3,3,1,4,3,2","0.000684976577758789","louvain","graph_2024M05.graphml"
"0.18","0.35","0.47","0.129239716300277","1,2,3,2,4,1,3,3,2,5,3,4,3,1,5,3,2","0.000602960586547852","louvain","graph_2024M05.graphml"
"0.17","0.36","0.47","0.130463824260152","1,2,3,2,4,3,4,3,2,4,3,4,3,1,1,4,2","0.000539779663085938","louvain","graph_2024M05.graphml"
"0.16","0.37","0.47","0.130016379175869","1,2,3,2,4,3,4,3,2,4,3,4,3,1,1,4,2","0.000566959381103516","louvain","graph_2024M05.graphml"
"0.15","0.38","0.47","0.129652040816327","1,2,3,2,4,2,3,3,2,3,3,4,3,1,1,3,2","0.000635147094726562","louvain","graph_2024M05.graphml"
"0.14","0.39","0.47","0.130832299695068","1,2,3,2,4,2,3,3,2,3,3,4,3,1,1,3,2","0.000654935836791992","louvain","graph_2024M05.graphml"
"0.13","0.4","0.47","0.131115128120762","1,2,3,4,4,2,4,4,2,4,4,3,4,1,1,4,2","0.000598907470703125","louvain","graph_2024M05.graphml"
"0.12","0.41","0.47","0.130904469179594","1,2,3,2,4,3,3,3,2,3,3,4,3,1,1,3,2","0.000761985778808594","louvain","graph_2024M05.graphml"
"0.11","0.42","0.47","0.1287864142785","1,2,3,2,4,3,3,3,2,3,3,4,3,1,1,3,2","0.000567913055419922","louvain","graph_2024M05.graphml"
"0.1","0.43","0.47","0.129160117945823","1,2,3,2,4,3,3,3,2,5,3,4,3,1,5,3,2","0.000587940216064453","louvain","graph_2024M05.graphml"
"0.09","0.44","0.47","0.129654193065135","1,2,3,3,3,2,3,3,2,4,3,3,3,1,4,3,2","0.000712871551513672","louvain","graph_2024M05.graphml"
"0.08","0.45","0.47","0.130286195811616","1,2,3,2,3,3,3,3,2,4,4,3,3,1,4,3,2","0.000598907470703125","louvain","graph_2024M05.graphml"
"0.07","0.46","0.47","0.131106676081379","1,2,3,2,4,3,3,3,2,5,3,4,3,1,5,3,2","0.000587940216064453","louvain","graph_2024M05.graphml"
"0.06","0.47","0.47","0.131244910157633","1,2,3,2,4,3,3,3,2,5,3,4,3,1,5,3,2","0.000570058822631836","louvain","graph_2024M05.graphml"
"0.05","0.48","0.47","0.130179518266434","1,2,3,2,3,3,3,3,2,4,4,3,3,1,4,3,2","0.000568151473999023","louvain","graph_2024M05.graphml"
"0.04","0.49","0.47","0.130869916765755","1,2,3,2,2,3,3,3,2,3,3,4,3,1,1,3,2","0.00059199333190918","louvain","graph_2024M05.graphml"
"0.03","0.5","0.47","0.128355766944114","1,2,3,3,3,2,3,3,2,3,3,3,3,1,1,3,2","0.000577926635742188","louvain","graph_2024M05.graphml"
"0.02","0.51","0.47","0.130528315380991","1,2,3,2,2,3,3,3,2,3,3,4,3,1,3,3,3","0.000624179840087891","louvain","graph_2024M05.graphml"
"0.01","0.52","0.47","0.129503275875298","1,2,3,2,2,4,4,4,2,4,3,5,3,1,4,4,3","0.000598907470703125","louvain","graph_2024M05.graphml"
"0","0.53","0.47","0.128983584161964","1,2,3,2,2,3,3,3,2,3,3,4,3,1,3,3,3","0.000612020492553711","louvain","graph_2024M05.graphml"
"0.52","0","0.48","0.128812328449699","1,2,3,1,4,4,4,4,2,4,4,3,4,1,1,4,2","0.000571012496948242","louvain","graph_2024M05.graphml"
"0.51","0.01","0.48","0.127501762307575","1,2,3,1,4,3,3,3,2,4,3,3,3,1,1,4,2","0.000540971755981445","louvain","graph_2024M05.graphml"
"0.5","0.02","0.48","0.127501762307575","1,2,3,1,4,3,3,3,2,4,3,3,3,1,1,4,2","0.000623941421508789","louvain","graph_2024M05.graphml"
"0.49","0.03","0.48","0.127937576207895","1,2,3,1,4,4,4,4,2,4,4,3,4,1,1,4,2","0.000548124313354492","louvain","graph_2024M05.graphml"
"0.48","0.04","0.48","0.128300977443074","1,2,3,1,3,3,3,3,2,3,3,3,3,1,1,3,2","0.000570058822631836","louvain","graph_2024M05.graphml"
"0.47","0.05","0.48","0.127859537849132","1,2,3,1,3,3,3,3,2,3,3,3,3,1,1,3,2","0.000592947006225586","louvain","graph_2024M05.graphml"
"0.46","0.06","0.48","0.126585163987319","1,2,3,1,3,3,3,3,2,3,3,3,3,3,1,2,2","0.000581979751586914","louvain","graph_2024M05.graphml"
"0.45","0.07","0.48","0.126546466017252","1,2,3,1,4,3,3,3,2,3,3,4,3,1,1,3,2","0.00055694580078125","louvain","graph_2024M05.graphml"
"0.44","0.08","0.48","0.125203168044077","1,2,3,1,3,3,3,3,2,3,3,3,3,3,1,3,2","0.000638961791992188","louvain","graph_2024M05.graphml"
"0.43","0.09","0.48","0.127587599602048","1,2,3,1,3,4,3,3,2,4,3,3,3,1,4,3,2","0.000568866729736328","louvain","graph_2024M05.graphml"
"0.42","0.1","0.48","0.127610417940691","1,2,3,1,4,3,3,3,2,4,3,3,3,1,4,4,2","0.000550031661987305","louvain","graph_2024M05.graphml"
"0.41","0.11","0.48","0.128167591436157","1,2,3,1,3,4,3,3,2,4,3,3,3,1,4,3,2","0.000539779663085938","louvain","graph_2024M05.graphml"
"0.4","0.12","0.48","0.129013418130353","1,2,3,1,4,3,3,3,2,4,3,3,3,1,4,4,2","0.000546932220458984","louvain","graph_2024M05.graphml"
"0.39","0.13","0.48","0.128502459155407","1,2,3,3,3,3,3,3,2,4,4,3,3,1,1,4,2","0.000639915466308594","louvain","graph_2024M05.graphml"
"0.38","0.14","0.48","0.128030057084111","1,2,3,1,3,3,3,3,2,3,3,3,3,1,1,3,2","0.000585079193115234","louvain","graph_2024M05.graphml"
"0.37","0.15","0.48","0.12669309584424","1,2,3,3,4,3,3,3,2,4,3,3,3,1,1,4,2","0.000549077987670898","louvain","graph_2024M05.graphml"
"0.36","0.16","0.48","0.127460837740554","1,2,3,3,3,3,3,3,2,4,4,3,3,1,1,4,2","0.000720977783203125","louvain","graph_2024M05.graphml"
"0.35","0.17","0.48","0.126714190242816","1,2,3,1,3,4,3,3,2,4,3,3,3,1,4,3,2","0.000552177429199219","louvain","graph_2024M05.graphml"
"0.34","0.18","0.48","0.128626124929138","1,2,3,2,3,4,3,3,2,4,3,3,3,1,4,3,2","0.000575065612792969","louvain","graph_2024M05.graphml"
"0.33","0.19","0.48","0.128657338820302","1,2,3,2,3,3,3,3,2,4,3,3,3,1,4,3,2","0.000562906265258789","louvain","graph_2024M05.graphml"
"0.32","0.2","0.48","0.129177119377163","1,2,3,3,4,3,3,3,2,5,3,4,3,1,5,2,2","0.000610113143920898","louvain","graph_2024M05.graphml"
"0.31","0.21","0.48","0.130669333910035","1,2,3,2,3,3,3,3,2,4,4,3,3,3,1,4,2","0.000569820404052734","louvain","graph_2024M05.graphml"
"0.3","0.22","0.48","0.130669333910035","1,2,3,2,4,3,3,3,2,4,3,3,3,3,1,4,2","0.000619173049926758","louvain","graph_2024M05.graphml"
"0.29","0.23","0.48","0.130579112948264","1,2,3,2,4,3,3,3,2,5,3,4,3,1,5,4,2","0.00056910514831543","louvain","graph_2024M05.graphml"
"0.28","0.24","0.48","0.129029783153072","1,2,3,2,4,3,3,3,2,5,3,4,3,1,5,4,2","0.000545978546142578","louvain","graph_2024M05.graphml"
"0.27","0.25","0.48","0.128644314868805","1,2,3,2,4,1,3,3,2,5,3,4,3,3,5,4,2","0.000535011291503906","louvain","graph_2024M05.graphml"
"0.26","0.26","0.48","0.128058198737629","1,2,3,2,4,3,3,3,2,5,3,4,3,1,5,4,2","0.00059199333190918","louvain","graph_2024M05.graphml"
"0.25","0.27","0.48","0.127857329975662","1,2,3,2,4,1,3,3,2,5,3,4,3,3,5,4,2","0.000593900680541992","louvain","graph_2024M05.graphml"
"0.24","0.28","0.48","0.129135829797187","1,2,3,2,3,1,3,3,2,4,4,3,3,1,4,3,2","0.000578165054321289","louvain","graph_2024M05.graphml"
"0.23","0.29","0.48","0.128532684643652","1,2,3,2,3,1,3,3,2,4,3,3,3,1,4,3,2","0.00061488151550293","louvain","graph_2024M05.graphml"
"0.22","0.3","0.48","0.130252496413229","1,2,3,2,4,2,3,3,2,3,3,4,3,1,1,3,2","0.000713109970092773","louvain","graph_2024M05.graphml"
"0.21","0.31","0.48","0.129088775510204","1,2,3,2,4,3,4,3,2,4,3,4,3,1,1,4,2","0.00059199333190918","louvain","graph_2024M05.graphml"
"0.2","0.32","0.48","0.128176854661674","1,2,3,2,4,3,4,3,2,4,3,4,3,1,1,4,2","0.000581026077270508","louvain","graph_2024M05.graphml"
"0.19","0.33","0.48","0.128725875214315","1,2,3,3,3,2,3,4,2,3,3,4,3,1,1,4,2","0.00177597999572754","louvain","graph_2024M05.graphml"
"0.18","0.34","0.48","0.127991715477695","1,2,3,3,3,2,3,3,2,4,3,3,3,1,4,3,2","0.000604152679443359","louvain","graph_2024M05.graphml"
"0.17","0.35","0.48","0.128282504584379","1,2,3,2,3,2,3,3,2,4,4,3,3,1,4,3,2","0.000638961791992188","louvain","graph_2024M05.graphml"
"0.16","0.36","0.48","0.129595825079814","1,2,3,2,3,2,3,3,2,4,4,3,3,1,4,3,2","0.000555038452148438","louvain","graph_2024M05.graphml"
"0.15","0.37","0.48","0.129251586937834","1,2,3,3,3,2,3,3,2,4,3,3,3,1,4,3,2","0.000586032867431641","louvain","graph_2024M05.graphml"
"0.14","0.38","0.48","0.129417575431561","1,2,3,2,4,3,3,3,2,5,3,4,3,1,5,3,2","0.000560998916625977","louvain","graph_2024M05.graphml"
"0.13","0.39","0.48","0.12916817448286","1,2,3,3,3,2,3,3,2,4,3,3,3,1,4,3,2","0.000602960586547852","louvain","graph_2024M05.graphml"
"0.12","0.4","0.48","0.129717399691358","1,2,3,2,4,3,3,3,2,5,3,4,3,1,5,3,2","0.000597000122070312","louvain","graph_2024M05.graphml"
"0.11","0.41","0.48","0.129082738760506","1,2,3,3,3,3,3,4,2,3,3,4,3,1,1,4,2","0.000580072402954102","louvain","graph_2024M05.graphml"
"0.1","0.42","0.48","0.130010939357907","1,2,3,2,2,3,3,3,2,3,3,4,3,1,1,3,2","0.000684022903442383","louvain","graph_2024M05.graphml"
"0.09","0.43","0.48","0.12720683254845","1,2,3,3,3,3,3,3,2,4,3,3,3,1,4,3,2","0.000619888305664062","louvain","graph_2024M05.graphml"
"0.08","0.44","0.48","0.128393368219614","1,2,3,2,2,3,3,3,2,4,3,3,3,1,4,3,2","0.000590085983276367","louvain","graph_2024M05.graphml"
"0.07","0.45","0.48","0.126572672781135","1,2,3,1,4,2,4,4,2,4,3,4,3,1,1,4,3","0.000808000564575195","louvain","graph_2024M05.graphml"
"0.06","0.46","0.48","0.128302459197936","1,2,3,1,4,3,3,3,2,3,3,4,3,1,3,3,2","0.000575065612792969","louvain","graph_2024M05.graphml"
"0.05","0.47","0.48","0.126870269073069","1,2,3,4,4,5,5,5,2,5,4,3,4,1,5,5,2","0.000540018081665039","louvain","graph_2024M05.graphml"
"0.04","0.48","0.48","0.128953324373819","1,2,3,1,4,3,3,3,2,3,3,4,3,1,3,3,2","0.000709056854248047","louvain","graph_2024M05.graphml"
"0.03","0.49","0.48","0.12723019907248","1,2,3,3,3,4,4,4,2,4,3,3,3,1,4,4,2","0.000621795654296875","louvain","graph_2024M05.graphml"
"0.02","0.5","0.48","0.126991417092768","1,2,3,1,4,2,3,3,2,4,3,3,3,1,4,3,3","0.000599145889282227","louvain","graph_2024M05.graphml"
"0.01","0.51","0.48","0.128046932067202","1,2,3,1,4,3,3,3,2,3,3,4,3,1,3,3,2","0.000644207000732422","louvain","graph_2024M05.graphml"
"0","0.52","0.48","0.128000559426334","1,2,3,1,4,3,3,3,2,3,3,4,3,1,3,3,2","0.000607013702392578","louvain","graph_2024M05.graphml"
"0.51","0","0.49","0.124926734453225","1,2,3,1,3,3,3,3,2,3,3,3,3,1,1,3,2","0.000578880310058594","louvain","graph_2024M05.graphml"
"0.5","0.01","0.49","0.125792213671344","1,2,3,1,3,3,3,3,2,3,3,3,3,1,1,3,2","0.00053095817565918","louvain","graph_2024M05.graphml"
"0.49","0.02","0.49","0.124706673072126","1,2,3,1,3,3,3,3,2,3,3,3,3,1,3,3,2","0.000566959381103516","louvain","graph_2024M05.graphml"
"0.48","0.03","0.49","0.128042598089815","1,2,3,1,3,3,3,3,2,3,3,3,3,1,1,3,2","0.000573158264160156","louvain","graph_2024M05.graphml"
"0.47","0.04","0.49","0.128042598089815","1,2,3,1,3,3,3,3,2,3,3,3,3,1,1,3,2","0.000561952590942383","louvain","graph_2024M05.graphml"
"0.46","0.05","0.49","0.12975735774423","1,2,3,1,3,3,3,3,2,3,3,3,3,1,1,3,2","0.000564098358154297","louvain","graph_2024M05.graphml"
"0.45","0.06","0.49","0.127263524786047","1,2,3,1,3,4,3,3,2,4,3,3,3,1,4,3,2","0.000558853149414062","louvain","graph_2024M05.graphml"
"0.44","0.07","0.49","0.127512191186489","1,2,3,3,3,3,3,3,2,4,4,3,3,1,1,4,2","0.000564813613891602","louvain","graph_2024M05.graphml"
"0.43","0.08","0.49","0.127313371808536","1,2,3,3,4,3,3,3,2,4,3,3,3,1,1,4,2","0.000576019287109375","louvain","graph_2024M05.graphml"
"0.42","0.09","0.49","0.127650524941087","1,2,3,3,4,3,3,3,2,4,3,3,3,1,1,4,2","0.000580787658691406","louvain","graph_2024M05.graphml"
"0.41","0.1","0.49","0.126984215120347","1,2,3,1,3,3,3,3,2,4,3,3,3,1,4,3,2","0.000703096389770508","louvain","graph_2024M05.graphml"
"0.4","0.11","0.49","0.128073021687256","1,2,3,3,4,3,3,3,2,4,3,3,3,1,1,4,2","0.000586986541748047","louvain","graph_2024M05.graphml"
"0.39","0.12","0.49","0.12886015895802","1,2,3,2,4,3,3,3,2,4,3,3,3,1,1,4,2","0.000606060028076172","louvain","graph_2024M05.graphml"
"0.38","0.13","0.49","0.128408275270474","1,2,3,2,3,3,3,3,2,4,3,3,3,1,4,3,2","0.000716209411621094","louvain","graph_2024M05.graphml"
"0.37","0.14","0.49","0.129859773219674","1,2,3,2,3,4,3,3,2,4,3,3,3,1,4,3,2","0.000567913055419922","louvain","graph_2024M05.graphml"
"0.36","0.15","0.49","0.129271327256928","1,2,3,2,4,3,3,3,2,5,3,4,3,1,5,3,2","0.000571966171264648","louvain","graph_2024M05.graphml"
"0.35","0.16","0.49","0.12913909408023","1,2,3,2,3,1,3,3,2,4,3,3,3,1,4,3,2","0.00065302848815918","louvain","graph_2024M05.graphml"
"0.34","0.17","0.49","0.128606065499919","1,2,3,2,4,3,3,3,2,5,3,4,3,1,5,4,2","0.000578165054321289","louvain","graph_2024M05.graphml"
"0.33","0.18","0.49","0.128058198737629","1,2,3,2,4,3,3,3,2,5,3,4,3,1,5,4,2","0.00061798095703125","louvain","graph_2024M05.graphml"
"0.32","0.19","0.49","0.128058198737629","1,2,3,2,4,3,3,3,2,5,3,4,3,1,5,4,2","0.000616073608398438","louvain","graph_2024M05.graphml"
"0.31","0.2","0.49","0.128085427177654","1,2,3,2,4,3,3,3,2,5,3,4,3,1,5,4,2","0.000540971755981445","louvain","graph_2024M05.graphml"
"0.3","0.21","0.49","0.12868220443978","1,2,3,2,3,1,3,3,2,4,4,3,3,1,4,3,2","0.00056004524230957","louvain","graph_2024M05.graphml"
"0.29","0.22","0.49","0.128707623828994","1,2,3,2,3,1,3,3,2,4,4,3,3,1,4,3,2","0.000632047653198242","louvain","graph_2024M05.graphml"
"0.28","0.23","0.49","0.126663678543433","1,2,3,2,3,2,3,3,2,4,4,3,3,1,4,3,2","0.000586032867431641","louvain","graph_2024M05.graphml"
"0.27","0.24","0.49","0.127389388073149","1,2,3,2,3,3,3,3,2,3,3,3,3,1,1,3,2","0.000615119934082031","louvain","graph_2024M05.graphml"
"0.26","0.25","0.49","0.127545518746662","1,2,3,2,3,2,3,3,2,4,4,3,3,1,4,3,2","0.0005950927734375","louvain","graph_2024M05.graphml"
"0.25","0.26","0.49","0.127938991129563","1,2,3,2,3,2,3,3,2,4,4,3,3,1,4,3,2","0.000669002532958984","louvain","graph_2024M05.graphml"
"0.24","0.27","0.49","0.126567149375124","1,2,3,2,3,2,3,3,2,4,3,3,3,1,4,3,2","0.000607013702392578","louvain","graph_2024M05.graphml"
"0.23","0.28","0.49","0.130078501989031","1,2,3,4,4,2,4,4,2,4,4,3,4,1,1,4,2","0.000637054443359375","louvain","graph_2024M05.graphml"
"0.22","0.29","0.49","0.129741112131127","1,2,3,3,3,2,3,3,2,4,3,3,3,1,4,3,2","0.000590085983276367","louvain","graph_2024M05.graphml"
"0.21","0.3","0.49","0.130168734160331","1,2,3,2,3,2,3,3,2,4,4,3,3,1,4,3,2","0.000547170639038086","louvain","graph_2024M05.graphml"
"0.2","0.31","0.49","0.130168734160331","1,2,3,2,3,2,3,3,2,4,4,3,3,1,4,3,2","0.000571012496948242","louvain","graph_2024M05.graphml"
"0.19","0.32","0.49","0.128590521488815","1,2,3,3,3,2,3,3,2,4,3,3,3,1,4,3,2","0.000561952590942383","louvain","graph_2024M05.graphml"
"0.18","0.33","0.49","0.129076468050781","1,2,3,3,3,2,3,3,2,4,3,3,3,1,4,3,2","0.000591039657592773","louvain","graph_2024M05.graphml"
"0.17","0.34","0.49","0.128727755563017","1,2,3,2,4,3,3,3,2,5,3,4,3,1,5,3,2","0.000573158264160156","louvain","graph_2024M05.graphml"
"0.16","0.35","0.49","0.127641933990544","1,2,3,3,3,3,3,3,2,4,3,3,3,1,4,3,2","0.000562906265258789","louvain","graph_2024M05.graphml"
"0.15","0.36","0.49","0.127411133126725","1,2,3,3,3,3,3,3,2,4,3,3,3,1,4,3,2","0.000627994537353516","louvain","graph_2024M05.graphml"
"0.14","0.37","0.49","0.127901107149559","1,2,3,2,2,3,3,3,2,4,3,3,3,1,4,3,2","0.000594854354858398","louvain","graph_2024M05.graphml"
"0.13","0.38","0.49","0.127158357968288","1,2,3,1,3,3,3,3,2,4,3,3,3,1,4,3,2","0.000635862350463867","louvain","graph_2024M05.graphml"
"0.12","0.39","0.49","0.12682429305145","1,2,3,2,3,3,3,3,2,3,3,3,3,1,1,3,2","0.000910043716430664","louvain","graph_2024M05.graphml"
"0.11","0.4","0.49","0.129018516731136","1,2,3,1,4,3,3,3,2,3,3,4,3,1,3,3,2","0.000627994537353516","louvain","graph_2024M05.graphml"
"0.1","0.41","0.49","0.127098040229206","1,2,3,2,2,3,3,3,2,3,3,3,3,1,3,3,2","0.000590085983276367","louvain","graph_2024M05.graphml"
"0.09","0.42","0.49","0.128117632802344","1,2,3,1,3,3,3,3,2,4,4,3,3,1,4,3,2","0.000609874725341797","louvain","graph_2024M05.graphml"
"0.08","0.43","0.49","0.126892208869463","1,2,3,1,4,3,3,3,2,3,3,4,3,1,3,3,2","0.000617027282714844","louvain","graph_2024M05.graphml"
"0.07","0.44","0.49","0.128473197125617","1,2,3,1,4,3,3,3,2,3,3,4,3,1,3,3,2","0.000638008117675781","louvain","graph_2024M05.graphml"
"0.06","0.45","0.49","0.128538408728211","1,2,3,1,4,3,3,3,2,5,3,4,3,1,5,3,2","0.000753164291381836","louvain","graph_2024M05.graphml"
"0.05","0.46","0.49","0.128055808474968","1,2,3,1,4,3,3,3,2,3,3,4,3,1,3,3,2","0.000591039657592773","louvain","graph_2024M05.graphml"
"0.04","0.47","0.49","0.12650759367206","1,2,3,1,4,3,3,4,2,4,1,4,3,3,4,4,2","0.000589132308959961","louvain","graph_2024M05.graphml"
"0.03","0.48","0.49","0.126672016643313","1,2,3,3,4,3,3,4,2,4,3,4,3,1,4,4,2","0.000586986541748047","louvain","graph_2024M05.graphml"
"0.02","0.49","0.49","0.127530075703965","1,2,3,3,4,3,3,4,2,4,3,4,3,1,4,4,2","0.000733137130737305","louvain","graph_2024M05.graphml"
"0.01","0.5","0.49","0.127300444444444","1,2,2,3,4,3,3,4,2,4,3,4,3,1,4,4,2","0.000618934631347656","louvain","graph_2024M05.graphml"
"0","0.51","0.49","0.127122320809723","1,2,3,4,4,2,4,4,2,3,4,4,4,1,3,4,2","0.000609874725341797","louvain","graph_2024M05.graphml"
"0.5","0","0.5","0.128030057084111","1,2,3,1,3,3,3,3,2,3,3,3,3,1,1,3,2","0.00058293342590332","louvain","graph_2024M05.graphml"
"0.49","0.01","0.5","0.127029405212742","1,2,3,3,4,3,3,3,2,4,3,3,3,1,1,4,2","0.00059199333190918","louvain","graph_2024M05.graphml"
"0.48","0.02","0.5","0.126725160014042","1,2,3,3,4,3,3,3,2,4,3,3,3,1,1,4,2","0.000563859939575195","louvain","graph_2024M05.graphml"
"0.47","0.03","0.5","0.127344389754246","1,2,3,3,4,3,3,3,2,4,3,3,3,1,1,4,2","0.000573873519897461","louvain","graph_2024M05.graphml"
"0.46","0.04","0.5","0.126243737287464","1,2,3,1,3,3,3,3,2,4,3,3,3,1,4,3,2","0.000621795654296875","louvain","graph_2024M05.graphml"
"0.45","0.05","0.5","0.128963037468718","1,2,3,2,3,3,3,3,2,4,3,3,3,1,4,3,2","0.000517845153808594","louvain","graph_2024M05.graphml"
"0.44","0.06","0.5","0.128963037468718","1,2,3,2,3,3,3,3,2,4,3,3,3,1,4,3,2","0.000564098358154297","louvain","graph_2024M05.graphml"
"0.43","0.07","0.5","0.128741700820564","1,2,3,2,4,3,3,3,2,4,3,3,3,1,1,4,2","0.00074315071105957","louvain","graph_2024M05.graphml"
"0.42","0.08","0.5","0.128610426491231","1,2,3,2,3,1,3,3,2,4,3,3,3,1,4,3,2","0.000607013702392578","louvain","graph_2024M05.graphml"
"0.41","0.09","0.5","0.129331344237839","1,2,3,2,3,1,3,3,2,4,4,3,3,3,1,4,2","0.000683069229125977","louvain","graph_2024M05.graphml"
"0.4","0.1","0.5","0.128265839493696","1,2,3,2,3,1,3,3,2,4,4,3,3,3,1,4,2","0.000602006912231445","louvain","graph_2024M05.graphml"
"0.39","0.11","0.5","0.128375788774841","1,2,3,2,3,1,3,3,2,4,4,3,3,1,4,3,2","0.000560998916625977","louvain","graph_2024M05.graphml"
"0.38","0.12","0.5","0.129115991179124","1,2,3,2,3,1,3,3,2,4,4,3,3,1,4,3,2","0.000562191009521484","louvain","graph_2024M05.graphml"
"0.37","0.13","0.5","0.128402984826716","1,2,3,2,4,3,3,3,2,5,3,4,3,1,5,4,2","0.000624179840087891","louvain","graph_2024M05.graphml"
"0.36","0.14","0.5","0.12800361672612","1,2,3,2,3,1,3,3,2,4,4,3,3,1,4,3,2","0.000577926635742188","louvain","graph_2024M05.graphml"
"0.35","0.15","0.5","0.126701028593542","1,2,3,2,4,2,3,3,2,5,3,4,3,3,5,4,2","0.000578880310058594","louvain","graph_2024M05.graphml"
"0.34","0.16","0.5","0.126496486576136","1,2,3,2,3,2,3,3,2,4,4,3,3,1,4,3,2","0.000561952590942383","louvain","graph_2024M05.graphml"
"0.33","0.17","0.5","0.126872436560241","1,2,3,2,3,2,3,3,2,4,4,3,3,1,4,3,2","0.000636100769042969","louvain","graph_2024M05.graphml"
"0.32","0.18","0.5","0.127260198179166","1,2,3,2,3,2,3,3,2,4,3,3,3,1,4,3,2","0.000583887100219727","louvain","graph_2024M05.graphml"
"0.31","0.19","0.5","0.126743401879124","1,2,3,4,4,2,4,4,2,4,4,3,4,1,1,4,2","0.000603914260864258","louvain","graph_2024M05.graphml"
"0.3","0.2","0.5","0.126608127221837","1,2,3,2,3,2,3,3,2,4,4,3,3,1,4,3,2","0.00086522102355957","louvain","graph_2024M05.graphml"
"0.29","0.21","0.5","0.129595825079814","1,2,3,2,3,2,3,3,2,4,4,3,3,1,4,3,2","0.000551939010620117","louvain","graph_2024M05.graphml"
"0.28","0.22","0.5","0.129741112131127","1,2,3,3,3,2,3,3,2,4,3,3,3,1,4,3,2","0.000638961791992188","louvain","graph_2024M05.graphml"
"0.27","0.23","0.5","0.130078501989031","1,2,3,4,4,2,4,4,2,4,4,3,4,1,1,4,2","0.000600099563598633","louvain","graph_2024M05.graphml"
"0.26","0.24","0.5","0.128883325649839","1,2,3,3,3,2,3,3,2,4,3,3,3,1,4,3,2","0.000606060028076172","louvain","graph_2024M05.graphml"
"0.25","0.25","0.5","0.12807858556751","1,2,3,3,3,2,3,3,2,4,3,3,3,1,4,3,2","0.000535964965820312","louvain","graph_2024M05.graphml"
"0.24","0.26","0.5","0.127315436499106","1,2,3,3,3,2,3,3,2,4,3,3,3,1,4,3,2","0.000585079193115234","louvain","graph_2024M05.graphml"
"0.23","0.27","0.5","0.128047283246752","1,2,3,4,3,2,3,3,2,4,4,3,3,1,4,3,2","0.000826120376586914","louvain","graph_2024M05.graphml"
"0.22","0.28","0.5","0.128366235768139","1,2,3,3,3,2,3,3,2,4,3,3,3,1,4,3,2","0.000540971755981445","louvain","graph_2024M05.graphml"
"0.21","0.29","0.5","0.128556413116894","1,2,3,3,3,2,3,3,2,4,3,3,3,1,4,3,2","0.000591039657592773","louvain","graph_2024M05.graphml"
"0.2","0.3","0.5","0.126600675548884","1,2,3,3,4,3,3,3,2,3,3,4,3,1,1,3,2","0.000805854797363281","louvain","graph_2024M05.graphml"
"0.19","0.31","0.5","0.126647528543438","1,2,3,1,3,3,3,3,2,4,3,3,3,1,4,3,2","0.000558853149414062","louvain","graph_2024M05.graphml"
"0.18","0.32","0.5","0.126647528543438","1,2,3,1,3,3,3,3,2,4,3,3,3,1,4,3,2","0.000576972961425781","louvain","graph_2024M05.graphml"
"0.17","0.33","0.5","0.126290008835168","1,2,3,3,4,3,3,3,2,3,3,4,3,1,1,3,2","0.000583887100219727","louvain","graph_2024M05.graphml"
"0.16","0.34","0.5","0.126864732287473","1,2,3,4,3,3,3,3,2,4,4,3,3,1,4,3,2","0.000620126724243164","louvain","graph_2024M05.graphml"
"0.15","0.35","0.5","0.126771778212674","1,2,3,4,3,2,3,3,2,4,4,3,3,1,4,3,2","0.000597953796386719","louvain","graph_2024M05.graphml"
"0.14","0.36","0.5","0.125124285643658","1,2,3,3,3,2,3,4,2,4,3,3,3,1,4,4,2","0.000694036483764648","louvain","graph_2024M05.graphml"
"0.13","0.37","0.5","0.125326029308128","1,2,3,3,4,3,3,3,2,3,3,4,3,1,3,3,2","0.000566005706787109","louvain","graph_2024M05.graphml"
"0.12","0.38","0.5","0.128814566712915","1,2,3,1,3,2,3,3,2,4,4,3,3,1,4,3,2","0.000647068023681641","louvain","graph_2024M05.graphml"
"0.11","0.39","0.5","0.12764019638755","1,2,3,1,4,3,3,3,2,4,1,3,3,3,4,3,2","0.000623941421508789","louvain","graph_2024M05.graphml"
"0.1","0.4","0.5","0.127559409762933","1,2,3,1,4,3,3,3,2,5,1,4,3,3,5,3,2","0.000597000122070312","louvain","graph_2024M05.graphml"
"0.09","0.41","0.5","0.128167329470001","1,2,3,1,4,3,3,3,2,5,1,4,3,3,5,3,2","0.000637054443359375","louvain","graph_2024M05.graphml"
"0.08","0.42","0.5","0.126906689881756","1,2,3,4,3,2,3,3,2,4,4,3,3,1,4,3,2","0.000646829605102539","louvain","graph_2024M05.graphml"
"0.07","0.43","0.5","0.12731032848574","1,2,2,1,3,3,3,3,2,4,1,3,3,3,4,3,2","0.000594854354858398","louvain","graph_2024M05.graphml"
"0.06","0.44","0.5","0.126053243278804","1,2,2,1,3,2,3,3,2,4,3,3,3,1,4,3,2","0.000574827194213867","louvain","graph_2024M05.graphml"
"0.05","0.45","0.5","0.126995248224846","1,2,3,1,4,3,3,3,2,3,3,4,3,1,3,3,2","0.00059199333190918","louvain","graph_2024M05.graphml"
"0.04","0.46","0.5","0.127608791124859","1,2,3,2,2,4,4,4,2,3,4,4,4,1,3,4,2","0.000589132308959961","louvain","graph_2024M05.graphml"
"0.03","0.47","0.5","0.127419581621334","1,2,3,1,2,3,3,3,2,3,4,4,3,3,3,3,2","0.000603914260864258","louvain","graph_2024M05.graphml"
"0.02","0.48","0.5","0.129874413119193","1,2,3,2,2,4,4,4,2,3,4,4,4,1,3,4,2","0.000614166259765625","louvain","graph_2024M05.graphml"
"0.01","0.49","0.5","0.128220143500898","1,2,3,1,2,4,4,4,2,3,4,4,4,4,3,4,2","0.000602006912231445","louvain","graph_2024M05.graphml"
"0","0.5","0.5","0.128419865361429","1,2,3,1,2,4,4,4,2,3,4,4,4,4,3,4,2","0.000610113143920898","louvain","graph_2024M05.graphml"
"0.49","0","0.51","0.127995885811873","1,2,3,2,3,1,3,3,2,4,3,3,3,1,4,3,2","0.000601053237915039","louvain","graph_2024M05.graphml"
"0.48","0.01","0.51","0.127109106538418","1,2,3,2,3,1,3,3,2,4,4,3,3,1,1,4,2","0.000581979751586914","louvain","graph_2024M05.graphml"
"0.47","0.02","0.51","0.128532754209556","1,2,3,2,3,1,3,3,2,4,4,3,3,1,4,4,2","0.000588893890380859","louvain","graph_2024M05.graphml"
"0.46","0.03","0.51","0.126520036168199","1,2,3,2,3,1,3,3,2,4,3,3,3,1,4,3,2","0.000756025314331055","louvain","graph_2024M05.graphml"
"0.45","0.04","0.51","0.126974375131275","1,2,3,2,3,3,3,3,2,4,3,3,3,1,4,3,2","0.000609874725341797","louvain","graph_2024M05.graphml"
"0.44","0.05","0.51","0.125125716034807","1,2,3,2,3,3,3,3,2,4,3,3,3,1,4,3,2","0.000553131103515625","louvain","graph_2024M05.graphml"
"0.43","0.06","0.51","0.127405413798458","1,2,3,2,3,1,3,3,2,4,4,3,3,1,4,3,2","0.000581026077270508","louvain","graph_2024M05.graphml"
"0.42","0.07","0.51","0.127232101504912","1,2,3,2,3,1,3,3,2,4,4,3,3,1,4,3,2","0.00060582160949707","louvain","graph_2024M05.graphml"
"0.41","0.08","0.51","0.126480502495902","1,2,3,2,3,2,3,3,2,4,4,3,3,1,4,3,2","0.000583887100219727","louvain","graph_2024M05.graphml"
"0.4","0.09","0.51","0.124812525819036","1,2,3,2,4,2,3,3,2,5,3,4,3,3,5,4,2","0.000744104385375977","louvain","graph_2024M05.graphml"
"0.39","0.1","0.51","0.12554078294819","1,2,3,2,4,2,3,3,2,5,3,4,3,3,5,4,2","0.000565052032470703","louvain","graph_2024M05.graphml"
"0.38","0.11","0.51","0.126134548868862","1,2,3,2,3,2,3,3,2,4,4,3,3,1,4,3,2","0.000579118728637695","louvain","graph_2024M05.graphml"
"0.37","0.12","0.51","0.127051813016694","1,2,3,2,3,2,3,3,2,4,4,3,3,1,4,3,2","0.000569820404052734","louvain","graph_2024M05.graphml"
"0.36","0.13","0.51","0.127051813016694","1,2,3,2,3,2,3,3,2,4,4,3,3,1,4,3,2","0.000653982162475586","louvain","graph_2024M05.graphml"
"0.35","0.14","0.51","0.127126271707802","1,2,3,4,4,2,4,4,2,4,4,3,4,1,1,4,2","0.000578165054321289","louvain","graph_2024M05.graphml"
"0.34","0.15","0.51","0.128327783739427","1,2,3,4,4,2,4,4,2,4,4,3,4,1,1,4,2","0.000707149505615234","louvain","graph_2024M05.graphml"
"0.33","0.16","0.51","0.128091741830779","1,2,3,2,3,2,3,3,2,4,4,3,3,1,4,3,2","0.000774860382080078","louvain","graph_2024M05.graphml"
"0.32","0.17","0.51","0.12655311912681","1,2,3,3,3,2,3,3,2,4,3,3,3,1,4,3,2","0.000586032867431641","louvain","graph_2024M05.graphml"
"0.31","0.18","0.51","0.126761036210588","1,2,3,4,4,2,4,4,2,4,4,3,4,1,1,4,2","0.000581979751586914","louvain","graph_2024M05.graphml"
"0.3","0.19","0.51","0.127315436499106","1,2,3,3,3,2,3,3,2,4,3,3,3,1,4,3,2","0.000587940216064453","louvain","graph_2024M05.graphml"
"0.29","0.2","0.51","0.127315436499106","1,2,3,3,3,2,3,3,2,4,3,3,3,1,4,3,2","0.000567913055419922","louvain","graph_2024M05.graphml"
"0.28","0.21","0.51","0.126654024602424","1,2,3,3,3,2,3,3,2,4,3,3,3,1,4,3,2","0.000597000122070312","louvain","graph_2024M05.graphml"
"0.27","0.22","0.51","0.128468972648231","1,2,3,1,3,2,3,3,2,4,4,3,3,1,4,3,2","0.000713825225830078","louvain","graph_2024M05.graphml"
"0.26","0.23","0.51","0.127236859980679","1,2,3,3,3,2,3,3,2,4,3,3,3,1,4,3,2","0.000589847564697266","louvain","graph_2024M05.graphml"
"0.25","0.24","0.51","0.126809937509526","1,2,3,3,3,2,3,3,2,4,3,3,3,1,4,3,2","0.000622034072875977","louvain","graph_2024M05.graphml"
"0.24","0.25","0.51","0.127499888022933","1,2,3,1,3,2,3,3,2,4,4,3,3,1,4,3,2","0.000545978546142578","louvain","graph_2024M05.graphml"
"0.23","0.26","0.51","0.12553195427831","1,2,3,3,4,3,3,3,2,3,3,4,3,1,1,3,2","0.000585079193115234","louvain","graph_2024M05.graphml"
"0.22","0.27","0.51","0.12748017338138","1,2,3,1,3,2,3,3,2,4,4,3,3,1,4,3,2","0.00094914436340332","louvain","graph_2024M05.graphml"
"0.21","0.28","0.51","0.127012955452171","1,2,3,1,3,2,3,3,2,4,4,3,3,1,4,3,2","0.000670909881591797","louvain","graph_2024M05.graphml"
"0.2","0.29","0.51","0.125775240285578","1,2,3,1,4,3,3,3,2,3,3,4,3,1,3,3,2","0.000618219375610352","louvain","graph_2024M05.graphml"
"0.19","0.3","0.51","0.126597897213708","1,2,3,1,3,2,3,3,2,4,4,3,3,1,4,3,2","0.000590085983276367","louvain","graph_2024M05.graphml"
"0.18","0.31","0.51","0.124702123640485","1,2,3,3,3,2,3,3,2,4,3,3,3,1,4,3,2","0.000608921051025391","louvain","graph_2024M05.graphml"
"0.17","0.32","0.51","0.124572766992478","1,2,3,3,3,2,3,4,2,4,3,3,3,1,4,4,2","0.000578165054321289","louvain","graph_2024M05.graphml"
"0.16","0.33","0.51","0.12661534132962","1,2,3,1,4,3,3,3,2,3,3,4,3,1,3,3,2","0.000735998153686523","louvain","graph_2024M05.graphml"
"0.15","0.34","0.51","0.12710939909198","1,2,3,1,4,3,3,3,2,5,3,4,3,1,5,3,2","0.000622987747192383","louvain","graph_2024M05.graphml"
"0.14","0.35","0.51","0.127373887634951","1,2,2,1,3,4,4,4,2,4,4,3,4,1,4,4,2","0.000720977783203125","louvain","graph_2024M05.graphml"
"0.13","0.36","0.51","0.127122320809723","1,2,2,1,3,4,4,4,2,4,4,3,4,1,4,4,2","0.000573158264160156","louvain","graph_2024M05.graphml"
"0.12","0.37","0.51","0.12638518528942","1,2,2,1,3,4,4,4,2,4,4,3,4,1,4,4,2","0.000578165054321289","louvain","graph_2024M05.graphml"
"0.11","0.38","0.51","0.127472309438113","1,2,3,2,2,3,3,3,2,4,3,3,3,1,4,3,2","0.00101900100708008","louvain","graph_2024M05.graphml"
"0.1","0.39","0.51","0.127608791124859","1,2,3,2,2,4,4,4,2,3,4,4,4,1,3,4,2","0.000581026077270508","louvain","graph_2024M05.graphml"
"0.09","0.4","0.51","0.127174515235457","1,2,3,2,2,3,3,3,2,3,3,3,3,1,3,3,2","0.000590085983276367","louvain","graph_2024M05.graphml"
"0.08","0.41","0.51","0.126864840601957","1,2,3,2,2,4,4,4,2,3,4,4,4,1,3,4,2","0.00067591667175293","louvain","graph_2024M05.graphml"
"0.07","0.42","0.51","0.127420086032354","1,2,3,1,2,4,4,4,2,3,4,4,4,4,3,4,2","0.000589132308959961","louvain","graph_2024M05.graphml"
"0.06","0.43","0.51","0.126896328396267","1,2,3,4,4,5,5,5,2,3,4,4,5,1,3,5,2","0.000578165054321289","louvain","graph_2024M05.graphml"
"0.05","0.44","0.51","0.126954601334887","1,2,3,2,2,4,4,4,2,3,5,5,4,1,3,4,2","0.000578165054321289","louvain","graph_2024M05.graphml"
"0.04","0.45","0.51","0.126675662000337","1,2,3,1,2,4,4,4,2,3,4,4,4,4,3,4,2","0.000592947006225586","louvain","graph_2024M05.graphml"
"0.03","0.46","0.51","0.12667471383975","1,2,3,1,2,4,4,4,2,3,4,4,4,4,2,4,2","0.000583887100219727","louvain","graph_2024M05.graphml"
"0.02","0.47","0.51","0.126242992082049","1,2,3,1,2,4,4,4,2,3,1,4,4,1,2,4,2","0.000827789306640625","louvain","graph_2024M05.graphml"
"0.01","0.48","0.51","0.126194003082155","1,2,3,4,2,4,4,4,2,3,5,5,4,1,2,4,2","0.000627040863037109","louvain","graph_2024M05.graphml"
"0","0.49","0.51","0.125688843835562","1,2,3,4,2,4,4,4,2,3,5,5,4,1,2,4,2","0.000597000122070312","louvain","graph_2024M05.graphml"
"0.48","0","0.52","0.125284834163221","1,2,3,2,3,2,3,3,2,4,4,3,3,1,4,3,2","0.000544071197509766","louvain","graph_2024M05.graphml"
"0.47","0.01","0.52","0.124911741282912","1,2,3,2,3,2,3,3,2,4,4,3,3,1,4,3,2","0.000590085983276367","louvain","graph_2024M05.graphml"
"0.46","0.02","0.52","0.124122448979592","1,2,3,2,4,2,3,3,2,5,3,4,3,3,5,4,2","0.000725030899047852","louvain","graph_2024M05.graphml"
"0.45","0.03","0.52","0.126280427918605","1,2,3,2,3,2,3,3,2,4,4,3,3,1,4,3,2","0.000615835189819336","louvain","graph_2024M05.graphml"
"0.44","0.04","0.52","0.125547004677833","1,2,3,2,3,2,3,3,2,4,4,3,3,1,4,3,2","0.000579118728637695","louvain","graph_2024M05.graphml"
"0.43","0.05","0.52","0.126535119218615","1,2,3,2,3,2,3,3,2,4,4,3,3,1,4,3,2","0.000651836395263672","louvain","graph_2024M05.graphml"
"0.42","0.06","0.52","0.127900720247032","1,2,2,2,2,3,2,2,3,4,4,2,2,1,4,2,3","0.000679969787597656","louvain","graph_2024M05.graphml"
"0.41","0.07","0.52","0.127614687223835","1,2,3,2,3,2,3,3,2,4,4,3,3,1,4,3,2","0.000568866729736328","louvain","graph_2024M05.graphml"
"0.4","0.08","0.52","0.125941610836716","1,2,3,2,3,2,3,3,2,4,4,3,3,1,4,3,2","0.000576019287109375","louvain","graph_2024M05.graphml"
"0.39","0.09","0.52","0.125722565777733","1,2,3,2,3,2,3,3,2,4,4,3,3,1,4,3,2","0.000652074813842773","louvain","graph_2024M05.graphml"
"0.38","0.1","0.52","0.124772468329332","1,2,3,2,4,3,3,3,2,3,3,4,3,1,1,3,2","0.000567913055419922","louvain","graph_2024M05.graphml"
"0.37","0.11","0.52","0.127604402115262","1,2,3,2,3,2,3,3,2,4,4,3,3,1,4,3,2","0.00063014030456543","louvain","graph_2024M05.graphml"
"0.36","0.12","0.52","0.128173893693265","1,2,3,2,3,2,3,3,2,4,4,3,3,1,4,3,2","0.00061488151550293","louvain","graph_2024M05.graphml"
"0.35","0.13","0.52","0.127007913372608","1,2,3,2,3,2,3,3,2,4,3,3,3,1,4,3,2","0.000575065612792969","louvain","graph_2024M05.graphml"
"0.34","0.14","0.52","0.127138718972847","1,2,3,3,3,2,3,3,2,4,3,3,3,1,4,3,2","0.000586986541748047","louvain","graph_2024M05.graphml"
"0.33","0.15","0.52","0.127680269593044","1,2,3,4,3,2,3,3,2,4,4,3,3,1,4,3,2","0.00062108039855957","louvain","graph_2024M05.graphml"
"0.32","0.16","0.52","0.126966597860762","1,2,3,3,3,2,3,3,2,4,3,3,3,1,4,3,2","0.000584125518798828","louvain","graph_2024M05.graphml"
"0.31","0.17","0.52","0.125926610230225","1,2,3,3,3,2,3,3,2,4,3,3,3,1,4,3,2","0.000602960586547852","louvain","graph_2024M05.graphml"
"0.3","0.18","0.52","0.126223188233635","1,2,3,1,4,2,3,3,2,3,3,4,3,3,1,3,2","0.000563859939575195","louvain","graph_2024M05.graphml"
"0.29","0.19","0.52","0.125805914202416","1,2,3,1,4,2,3,3,2,3,3,4,3,3,1,3,2","0.000576019287109375","louvain","graph_2024M05.graphml"
"0.28","0.2","0.52","0.126768476097922","1,2,3,1,3,2,3,3,2,4,1,3,3,3,4,3,2","0.000640153884887695","louvain","graph_2024M05.graphml"
"0.27","0.21","0.52","0.12511175898931","1,2,3,3,4,2,3,3,2,3,3,4,3,1,1,3,2","0.000605106353759766","louvain","graph_2024M05.graphml"
"0.26","0.22","0.52","0.125816439946459","1,2,3,1,4,3,3,3,2,3,3,4,3,3,1,3,2","0.000578880310058594","louvain","graph_2024M05.graphml"
"0.25","0.23","0.52","0.124647634062525","1,2,3,3,4,3,3,3,2,3,3,4,3,1,3,3,2","0.000569820404052734","louvain","graph_2024M05.graphml"
"0.24","0.24","0.52","0.124939090551744","1,2,3,2,2,3,3,3,2,3,3,4,3,1,3,3,2","0.000607967376708984","louvain","graph_2024M05.graphml"
"0.23","0.25","0.52","0.123516808301538","1,2,3,3,4,3,3,3,2,3,3,4,3,1,3,3,2","0.000592947006225586","louvain","graph_2024M05.graphml"
"0.22","0.26","0.52","0.12387873843699","1,2,3,3,3,2,3,3,2,4,3,3,3,1,4,3,2","0.000843048095703125","louvain","graph_2024M05.graphml"
"0.21","0.27","0.52","0.125696888888889","1,2,2,1,3,4,4,4,2,4,4,3,4,4,4,4,2","0.000625133514404297","louvain","graph_2024M05.graphml"
"0.2","0.28","0.52","0.126154918165039","1,2,2,1,3,4,4,4,2,4,4,3,4,4,4,4,2","0.000673055648803711","louvain","graph_2024M05.graphml"
"0.19","0.29","0.52","0.125897472526891","1,2,2,1,3,4,4,4,2,4,4,3,4,1,4,4,2","0.000691890716552734","louvain","graph_2024M05.graphml"
"0.18","0.3","0.52","0.125642022388112","1,2,2,3,3,3,3,3,2,3,3,4,3,1,3,3,2","0.000591039657592773","louvain","graph_2024M05.graphml"
"0.17","0.31","0.52","0.126418508713914","1,2,3,1,2,3,3,3,2,3,4,4,3,3,3,3,2","0.000578165054321289","louvain","graph_2024M05.graphml"
"0.16","0.32","0.52","0.126445557011704","1,2,3,2,2,3,3,3,2,3,4,4,3,1,3,3,2","0.000702857971191406","louvain","graph_2024M05.graphml"
"0.15","0.33","0.52","0.125725918118503","1,2,3,1,2,3,3,3,2,3,4,4,3,3,3,3,2","0.000690937042236328","louvain","graph_2024M05.graphml"
"0.14","0.34","0.52","0.126280632383981","1,2,3,2,2,3,3,3,2,3,4,4,3,1,3,3,2","0.000611066818237305","louvain","graph_2024M05.graphml"
"0.13","0.35","0.52","0.126782861292665","1,2,3,2,2,3,3,3,2,3,4,4,3,1,3,3,2","0.000576972961425781","louvain","graph_2024M05.graphml"
"0.12","0.36","0.52","0.126720030461219","1,2,3,1,2,4,4,4,2,3,4,4,4,4,3,4,2","0.000585079193115234","louvain","graph_2024M05.graphml"
"0.11","0.37","0.52","0.126675662000337","1,2,3,1,2,4,4,4,2,3,4,4,4,4,3,4,2","0.000659942626953125","louvain","graph_2024M05.graphml"
"0.1","0.38","0.52","0.125793894522274","1,2,3,2,2,4,4,4,2,3,5,5,4,1,3,4,2","0.000749826431274414","louvain","graph_2024M05.graphml"
"0.09","0.39","0.52","0.126034050230198","1,2,3,2,2,4,4,4,2,3,4,4,4,4,3,4,2","0.000606060028076172","louvain","graph_2024M05.graphml"
"0.08","0.4","0.52","0.126014568158169","1,2,3,1,2,4,4,4,2,3,4,4,4,4,2,4,2","0.000627994537353516","louvain","graph_2024M05.graphml"
"0.07","0.41","0.52","0.125482417100648","1,2,3,1,2,4,4,4,2,3,4,4,4,4,2,4,2","0.000560998916625977","louvain","graph_2024M05.graphml"
"0.06","0.42","0.52","0.126683507246185","1,2,3,1,2,4,4,4,2,3,4,4,4,4,2,4,2","0.000568866729736328","louvain","graph_2024M05.graphml"
"0.05","0.43","0.52","0.126651873767258","1,2,3,2,2,4,4,4,2,3,5,5,4,1,2,4,2","0.000830173492431641","louvain","graph_2024M05.graphml"
"0.04","0.44","0.52","0.125179775354019","1,2,3,2,2,4,4,4,2,3,4,4,4,4,1,4,2","0.000924110412597656","louvain","graph_2024M05.graphml"
"0.03","0.45","0.52","0.125179775354019","1,2,3,2,2,4,4,4,2,3,4,4,4,4,1,4,2","0.000620126724243164","louvain","graph_2024M05.graphml"
"0.02","0.46","0.52","0.124841572632792","1,2,3,2,2,4,4,4,2,3,4,4,4,4,1,4,2","0.000628948211669922","louvain","graph_2024M05.graphml"
"0.01","0.47","0.52","0.124581797788816","1,2,3,2,2,4,4,4,2,3,4,4,4,4,1,4,2","0.000558137893676758","louvain","graph_2024M05.graphml"
"0","0.48","0.52","0.126097004703675","1,2,3,2,2,3,3,3,2,3,4,4,3,1,3,3,2","0.000583171844482422","louvain","graph_2024M05.graphml"
"0.47","0","0.53","0.127102547801849","1,2,2,2,2,3,2,2,3,4,4,2,2,1,4,2,3","0.000570058822631836","louvain","graph_2024M05.graphml"
"0.46","0.01","0.53","0.126218165787585","1,2,3,2,3,2,3,3,2,4,4,3,3,1,4,3,2","0.000581026077270508","louvain","graph_2024M05.graphml"
"0.45","0.02","0.53","0.126736097640459","1,2,3,2,3,2,3,3,2,4,4,3,3,1,4,3,2","0.000605106353759766","louvain","graph_2024M05.graphml"
"0.44","0.03","0.53","0.126911651234568","1,2,3,4,3,2,3,3,2,4,4,3,3,1,4,3,2","0.000622034072875977","louvain","graph_2024M05.graphml"
"0.43","0.04","0.53","0.12703125","1,2,3,2,3,2,3,3,2,4,4,3,3,1,4,3,2","0.000570058822631836","louvain","graph_2024M05.graphml"
"0.42","0.05","0.53","0.127041113864995","1,2,3,2,3,2,3,3,2,4,4,3,3,1,4,3,2","0.000622034072875977","louvain","graph_2024M05.graphml"
"0.41","0.06","0.53","0.126618731113214","1,2,3,1,3,2,3,3,2,4,4,3,3,1,4,3,2","0.000574111938476562","louvain","graph_2024M05.graphml"
"0.4","0.07","0.53","0.127878142810524","1,2,3,1,3,2,3,3,2,4,4,3,3,1,4,3,2","0.000612020492553711","louvain","graph_2024M05.graphml"
"0.39","0.08","0.53","0.127129258754014","1,2,3,1,3,2,3,3,2,4,4,3,3,1,4,3,2","0.000574111938476562","louvain","graph_2024M05.graphml"
"0.38","0.09","0.53","0.125839086310565","1,2,3,4,3,2,3,3,2,4,4,3,3,1,4,3,2","0.000721931457519531","louvain","graph_2024M05.graphml"
"0.37","0.1","0.53","0.125505081994978","1,2,3,3,3,2,3,3,2,4,3,3,3,1,4,3,2","0.000610113143920898","louvain","graph_2024M05.graphml"
"0.36","0.11","0.53","0.12639209586529","1,2,3,1,4,2,3,3,2,4,3,3,3,1,4,3,2","0.000638961791992188","louvain","graph_2024M05.graphml"
"0.35","0.12","0.53","0.12511175898931","1,2,3,3,4,2,3,3,2,3,3,4,3,1,1,3,2","0.000570058822631836","louvain","graph_2024M05.graphml"
"0.34","0.13","0.53","0.125831829330372","1,2,3,3,3,2,3,3,2,4,3,3,3,1,4,3,2","0.000598907470703125","louvain","graph_2024M05.graphml"
"0.33","0.14","0.53","0.125495932205262","1,2,3,4,3,2,3,3,2,4,4,3,3,1,4,3,2","0.000579118728637695","louvain","graph_2024M05.graphml"
"0.32","0.15","0.53","0.125049573666468","1,2,3,3,4,2,3,3,2,3,3,4,3,1,1,3,2","0.000607967376708984","louvain","graph_2024M05.graphml"
"0.31","0.16","0.53","0.125336019064087","1,2,3,1,3,2,3,3,2,4,4,3,3,1,4,3,2","0.000555992126464844","louvain","graph_2024M05.graphml"
"0.3","0.17","0.53","0.12496445061942","1,2,3,4,3,2,3,3,2,4,4,3,3,1,4,3,2","0.000579833984375","louvain","graph_2024M05.graphml"
"0.29","0.18","0.53","0.124254289184857","1,2,3,2,2,3,3,3,2,3,3,4,3,1,3,3,2","0.000562906265258789","louvain","graph_2024M05.graphml"
"0.28","0.19","0.53","0.124545132831937","1,2,3,4,3,2,3,3,2,4,4,3,3,1,4,3,2","0.000608921051025391","louvain","graph_2024M05.graphml"
"0.27","0.2","0.53","0.124306517187026","1,2,2,1,3,4,4,4,2,4,4,3,4,4,4,4,2","0.000628232955932617","louvain","graph_2024M05.graphml"
"0.26","0.21","0.53","0.125420863512902","1,2,2,1,3,4,4,4,2,4,4,3,4,4,4,4,2","0.000568866729736328","louvain","graph_2024M05.graphml"
"0.25","0.22","0.53","0.125014770488652","1,2,2,1,3,4,4,4,2,4,4,3,4,4,4,4,2","0.00184082984924316","louvain","graph_2024M05.graphml"
"0.24","0.23","0.53","0.12366846315671","1,2,2,3,3,3,3,3,2,3,3,3,3,1,3,3,2","0.000648021697998047","louvain","graph_2024M05.graphml"
"0.23","0.24","0.53","0.125154159905267","1,2,3,2,2,3,3,3,2,3,3,3,3,1,3,3,2","0.000593900680541992","louvain","graph_2024M05.graphml"
"0.22","0.25","0.53","0.125629328254848","1,2,3,1,2,3,3,3,2,3,4,4,3,3,3,3,2","0.000617027282714844","louvain","graph_2024M05.graphml"
"0.21","0.26","0.53","0.125425429228089","1,2,3,2,2,3,3,3,2,3,4,4,3,1,3,3,2","0.000629186630249023","louvain","graph_2024M05.graphml"
"0.2","0.27","0.53","0.12560553633218","1,2,3,1,2,4,4,4,2,3,1,4,4,4,3,4,2","0.000617027282714844","louvain","graph_2024M05.graphml"
"0.19","0.28","0.53","0.126874714532105","1,2,3,2,2,4,4,4,2,3,4,4,4,1,3,4,2","0.000629901885986328","louvain","graph_2024M05.graphml"
"0.18","0.29","0.53","0.126495490909952","1,2,3,1,2,4,4,4,2,3,1,4,4,1,3,4,2","0.000735998153686523","louvain","graph_2024M05.graphml"
"0.17","0.3","0.53","0.125796087029853","1,2,3,1,2,4,4,4,2,3,1,4,4,1,3,4,2","0.000599145889282227","louvain","graph_2024M05.graphml"
"0.16","0.31","0.53","0.126541540639251","1,2,3,2,2,4,4,4,2,3,4,4,4,4,3,4,2","0.000617027282714844","louvain","graph_2024M05.graphml"
"0.15","0.32","0.53","0.126371278435457","1,2,3,2,2,4,4,4,2,3,1,4,4,1,3,4,2","0.0005950927734375","louvain","graph_2024M05.graphml"
"0.14","0.33","0.53","0.12652862286109","1,2,3,1,2,4,4,4,2,3,4,4,4,4,2,4,2","0.000596046447753906","louvain","graph_2024M05.graphml"
"0.13","0.34","0.53","0.125552633144111","1,2,3,1,2,4,4,4,2,3,4,4,4,4,2,4,2","0.000554084777832031","louvain","graph_2024M05.graphml"
"0.12","0.35","0.53","0.12623899835377","1,2,3,1,2,4,4,4,2,3,4,4,4,4,2,4,2","0.000789880752563477","louvain","graph_2024M05.graphml"
"0.11","0.36","0.53","0.126945001401729","1,2,3,2,2,4,4,4,2,3,4,4,4,4,1,4,2","0.000631093978881836","louvain","graph_2024M05.graphml"
"0.1","0.37","0.53","0.124017201509189","1,2,3,2,2,3,3,3,2,3,4,4,3,1,3,3,2","0.000676870346069336","louvain","graph_2024M05.graphml"
"0.09","0.38","0.53","0.124359630527198","1,2,3,2,2,4,4,4,2,3,4,4,4,4,1,4,2","0.000633955001831055","louvain","graph_2024M05.graphml"
"0.08","0.39","0.53","0.124525919607531","1,2,3,2,2,4,4,4,2,3,4,4,4,4,1,4,2","0.000658035278320312","louvain","graph_2024M05.graphml"
"0.07","0.4","0.53","0.124967671773322","1,2,3,2,2,4,4,4,2,3,5,5,4,1,4,4,2","0.000641822814941406","louvain","graph_2024M05.graphml"
"0.06","0.41","0.53","0.123610755523186","1,2,3,2,2,3,3,4,2,3,5,4,5,1,5,4,5","0.000887870788574219","louvain","graph_2024M05.graphml"
"0.05","0.42","0.53","0.126119306860629","1,2,3,2,2,3,3,3,2,3,4,4,3,1,3,3,2","0.00055694580078125","louvain","graph_2024M05.graphml"
"0.04","0.43","0.53","0.126138206558285","1,2,3,2,2,3,3,3,2,3,4,4,3,1,3,3,2","0.000671148300170898","louvain","graph_2024M05.graphml"
"0.03","0.44","0.53","0.127341552150552","1,2,3,2,2,4,4,4,2,3,5,5,4,1,4,4,2","0.000566005706787109","louvain","graph_2024M05.graphml"
"0.02","0.45","0.53","0.125885672828688","1,2,3,2,2,4,4,4,2,3,4,4,4,1,3,4,2","0.000611066818237305","louvain","graph_2024M05.graphml"
"0.01","0.46","0.53","0.125220347225145","1,2,3,2,2,3,3,3,2,3,4,4,3,1,3,3,2","0.000625133514404297","louvain","graph_2024M05.graphml"
"0","0.47","0.53","0.125521666105777","1,2,3,2,2,4,4,4,2,3,5,5,4,1,4,4,2","0.000594854354858398","louvain","graph_2024M05.graphml"
"0.46","0","0.54","0.126011165867895","1,2,3,1,3,2,3,3,2,4,4,3,3,1,4,3,2","0.000612974166870117","louvain","graph_2024M05.graphml"
"0.45","0.01","0.54","0.126011165867895","1,2,3,1,3,2,3,3,2,4,4,3,3,1,4,3,2","0.000608921051025391","louvain","graph_2024M05.graphml"
"0.44","0.02","0.54","0.125020351410376","1,2,3,1,3,2,3,3,2,4,4,3,3,1,4,3,2","0.000731945037841797","louvain","graph_2024M05.graphml"
"0.43","0.03","0.54","0.125385387739258","1,2,3,4,3,2,3,3,2,4,4,3,3,1,4,3,2","0.000594139099121094","louvain","graph_2024M05.graphml"
"0.42","0.04","0.54","0.126270964043559","1,2,3,1,3,2,3,3,2,4,4,3,3,1,4,3,2","0.000640153884887695","louvain","graph_2024M05.graphml"
"0.41","0.05","0.54","0.125633763709565","1,2,3,1,3,2,3,3,2,4,3,3,3,1,4,3,2","0.000586032867431641","louvain","graph_2024M05.graphml"
"0.4","0.06","0.54","0.125568653586637","1,2,3,3,3,2,3,3,2,4,3,3,3,1,4,3,2","0.000599145889282227","louvain","graph_2024M05.graphml"
"0.39","0.07","0.54","0.125517713659606","1,2,3,1,4,2,3,3,2,3,3,4,3,3,1,3,2","0.000597000122070312","louvain","graph_2024M05.graphml"
"0.38","0.08","0.54","0.126067010149686","1,2,3,1,3,2,3,3,2,4,4,3,3,1,4,3,2","0.000658988952636719","louvain","graph_2024M05.graphml"
"0.37","0.09","0.54","0.124606692521859","1,2,3,1,3,2,3,3,2,4,4,3,3,1,4,3,2","0.000573873519897461","louvain","graph_2024M05.graphml"
"0.36","0.1","0.54","0.124606692521859","1,2,3,1,3,2,3,3,2,4,4,3,3,1,4,3,2","0.000599861145019531","louvain","graph_2024M05.graphml"
"0.35","0.11","0.54","0.124216853104405","1,2,3,1,4,2,3,3,2,3,3,4,3,3,1,3,2","0.000553131103515625","louvain","graph_2024M05.graphml"
"0.34","0.12","0.54","0.122721195916383","1,2,3,3,4,2,3,3,2,3,3,4,3,1,3,3,2","0.000580072402954102","louvain","graph_2024M05.graphml"
"0.33","0.13","0.54","0.123176","1,2,2,1,3,2,4,4,2,4,4,3,4,4,4,4,2","0.000634908676147461","louvain","graph_2024M05.graphml"
"0.32","0.14","0.54","0.123442157017452","1,2,2,1,3,4,4,4,2,4,4,3,4,4,4,4,2","0.000626087188720703","louvain","graph_2024M05.graphml"
"0.31","0.15","0.54","0.124300496112055","1,2,2,3,4,3,3,3,2,3,3,4,3,1,3,3,2","0.000570058822631836","louvain","graph_2024M05.graphml"
"0.3","0.16","0.54","0.124852246902462","1,2,2,3,3,3,3,3,2,3,3,4,3,1,3,3,2","0.000566959381103516","louvain","graph_2024M05.graphml"
"0.29","0.17","0.54","0.124764199920077","1,2,3,1,2,4,4,4,2,4,4,3,4,4,4,4,2","0.000639915466308594","louvain","graph_2024M05.graphml"
"0.28","0.18","0.54","0.124533559359793","1,2,3,2,2,3,3,3,2,4,3,3,3,1,4,3,2","0.000654935836791992","louvain","graph_2024M05.graphml"
"0.27","0.19","0.54","0.12402614265928","1,2,3,1,2,4,4,4,2,4,1,3,4,4,4,4,2","0.000658988952636719","louvain","graph_2024M05.graphml"
"0.26","0.2","0.54","0.124422184655711","1,2,3,2,2,3,3,3,2,3,4,4,3,1,3,3,2","0.000644207000732422","louvain","graph_2024M05.graphml"
"0.25","0.21","0.54","0.125436370626682","1,2,3,2,2,4,4,4,2,3,5,5,4,1,3,4,2","0.000583887100219727","louvain","graph_2024M05.graphml"
"0.24","0.22","0.54","0.125689188639323","1,2,3,1,2,4,4,4,2,3,1,4,4,4,3,4,2","0.00059819221496582","louvain","graph_2024M05.graphml"
"0.23","0.23","0.54","0.125188336735091","1,2,3,2,2,4,4,4,2,3,1,4,4,1,3,4,2","0.000699043273925781","louvain","graph_2024M05.graphml"
"0.22","0.24","0.54","0.125623064357943","1,2,3,2,2,4,4,4,2,3,4,4,4,4,3,4,2","0.000575065612792969","louvain","graph_2024M05.graphml"
"0.21","0.25","0.54","0.126096149843913","1,2,3,2,2,4,4,4,2,3,4,4,4,4,3,4,2","0.000570774078369141","louvain","graph_2024M05.graphml"
"0.2","0.26","0.54","0.125552633144111","1,2,3,1,2,4,4,4,2,3,4,4,4,4,2,4,2","0.000585079193115234","louvain","graph_2024M05.graphml"
"0.19","0.27","0.54","0.124693288686822","1,2,3,2,2,3,3,3,2,4,1,3,3,1,4,3,2","0.000588178634643555","louvain","graph_2024M05.graphml"
"0.18","0.28","0.54","0.124653325135236","1,2,3,2,2,4,4,4,2,3,4,4,4,4,1,4,2","0.000620126724243164","louvain","graph_2024M05.graphml"
"0.17","0.29","0.54","0.124581879945856","1,2,3,2,2,4,4,4,2,3,5,5,4,1,4,4,2","0.000567913055419922","louvain","graph_2024M05.graphml"
"0.16","0.3","0.54","0.124391253194856","1,2,3,2,2,4,4,4,2,3,5,5,4,1,4,4,2","0.000576972961425781","louvain","graph_2024M05.graphml"
"0.15","0.31","0.54","0.125038038446348","1,2,3,2,2,4,4,4,2,3,5,5,4,1,4,4,2","0.000674009323120117","louvain","graph_2024M05.graphml"
"0.14","0.32","0.54","0.124967671773322","1,2,3,2,2,4,4,4,2,3,5,5,4,1,4,4,2","0.000589132308959961","louvain","graph_2024M05.graphml"
"0.13","0.33","0.54","0.12524433377392","1,2,3,2,2,4,4,4,2,3,5,5,4,1,4,4,2","0.000578880310058594","louvain","graph_2024M05.graphml"
"0.12","0.34","0.54","0.12524433377392","1,2,3,2,2,4,4,4,2,3,5,5,4,1,4,4,2","0.000570058822631836","louvain","graph_2024M05.graphml"
"0.11","0.35","0.54","0.126116055535778","1,2,3,2,2,4,4,4,2,3,4,4,4,1,3,4,2","0.000596046447753906","louvain","graph_2024M05.graphml"
"0.1","0.36","0.54","0.125885672828688","1,2,3,2,2,4,4,4,2,3,4,4,4,1,3,4,2","0.000608921051025391","louvain","graph_2024M05.graphml"
"0.09","0.37","0.54","0.12477890625","1,2,3,2,2,4,4,4,2,3,4,4,4,1,3,4,2","0.000754117965698242","louvain","graph_2024M05.graphml"
"0.08","0.38","0.54","0.124452736202094","1,2,3,2,2,4,4,4,2,3,5,5,4,1,4,4,2","0.000551939010620117","louvain","graph_2024M05.graphml"
"0.07","0.39","0.54","0.12487018115559","1,2,3,2,2,3,3,3,2,3,4,4,3,1,3,3,2","0.000627040863037109","louvain","graph_2024M05.graphml"
"0.06","0.4","0.54","0.125322382286848","1,2,3,2,2,4,4,4,2,3,4,4,4,1,3,4,2","0.00070500373840332","louvain","graph_2024M05.graphml"
"0.05","0.41","0.54","0.123538769349358","1,2,3,2,2,4,4,4,2,3,4,4,4,1,3,4,2","0.00058293342590332","louvain","graph_2024M05.graphml"
"0.04","0.42","0.54","0.123090720272522","1,2,3,2,2,4,4,4,2,3,4,4,4,1,3,4,2","0.000594854354858398","louvain","graph_2024M05.graphml"
"0.03","0.43","0.54","0.122977442463039","1,2,3,2,2,4,4,4,2,3,4,4,4,1,3,4,2","0.00064396858215332","louvain","graph_2024M05.graphml"
"0.02","0.44","0.54","0.12485078725326","1,2,3,2,2,3,3,3,2,3,4,4,3,1,3,3,2","0.000580072402954102","louvain","graph_2024M05.graphml"
"0.01","0.45","0.54","0.12523166095826","1,2,3,2,2,4,4,4,2,3,4,4,4,1,3,4,2","0.000623941421508789","louvain","graph_2024M05.graphml"
"0","0.46","0.54","0.124297489555497","1,2,3,2,2,4,3,3,2,3,4,3,4,1,4,3,4","0.000598907470703125","louvain","graph_2024M05.graphml"
"0.45","0","0.55","0.125048295158033","1,2,3,1,4,2,3,3,2,3,3,4,3,3,1,3,2","0.000584840774536133","louvain","graph_2024M05.graphml"
"0.44","0.01","0.55","0.124289819167254","1,2,3,1,4,2,3,3,2,3,3,4,3,3,1,3,2","0.000576019287109375","louvain","graph_2024M05.graphml"
"0.43","0.02","0.55","0.124759758644613","1,2,3,1,4,2,3,3,2,3,3,4,3,3,1,3,2","0.000581026077270508","louvain","graph_2024M05.graphml"
"0.42","0.03","0.55","0.124015420857903","1,2,3,1,4,2,3,3,2,3,3,4,3,3,1,3,2","0.000608921051025391","louvain","graph_2024M05.graphml"
"0.41","0.04","0.55","0.124335149393728","1,2,3,1,4,2,3,3,2,3,3,4,3,3,1,3,2","0.00059199333190918","louvain","graph_2024M05.graphml"
"0.4","0.05","0.55","0.123689017415425","1,2,2,1,3,2,4,4,2,4,4,3,4,4,1,4,2","0.000638961791992188","louvain","graph_2024M05.graphml"
"0.39","0.06","0.55","0.123689017415425","1,2,2,1,3,2,4,4,2,4,4,3,4,4,1,4,2","0.000585079193115234","louvain","graph_2024M05.graphml"
"0.38","0.07","0.55","0.123176","1,2,2,1,3,2,4,4,2,4,4,3,4,4,4,4,2","0.000599145889282227","louvain","graph_2024M05.graphml"
"0.37","0.08","0.55","0.121983072579095","1,2,2,3,4,2,3,3,2,3,3,4,3,1,3,3,2","0.000658035278320312","louvain","graph_2024M05.graphml"
"0.36","0.09","0.55","0.123207614209627","1,2,3,1,4,2,3,3,2,3,3,4,3,1,3,3,2","0.000602006912231445","louvain","graph_2024M05.graphml"
"0.35","0.1","0.55","0.122605575151871","1,2,3,2,2,1,3,3,2,3,3,3,3,1,3,3,2","0.000573873519897461","louvain","graph_2024M05.graphml"
"0.34","0.11","0.55","0.122417680846964","1,2,3,2,2,3,3,3,2,3,3,3,3,1,3,3,2","0.000591039657592773","louvain","graph_2024M05.graphml"
"0.33","0.12","0.55","0.12465011629694","1,2,3,1,2,3,3,3,2,3,1,4,3,3,3,3,2","0.000579118728637695","louvain","graph_2024M05.graphml"
"0.32","0.13","0.55","0.123723830780995","1,2,3,2,2,3,3,3,2,3,4,4,3,1,3,3,2","0.000602960586547852","louvain","graph_2024M05.graphml"
"0.31","0.14","0.55","0.123398016727102","1,2,3,1,2,3,3,3,2,3,1,4,3,3,3,3,2","0.00056004524230957","louvain","graph_2024M05.graphml"
"0.3","0.15","0.55","0.124251356315947","1,2,3,2,2,4,4,4,2,3,5,5,4,1,3,4,2","0.000562191009521484","louvain","graph_2024M05.graphml"
"0.29","0.16","0.55","0.12470301558608","1,2,3,2,2,4,4,4,2,3,4,4,4,4,3,4,2","0.000594139099121094","louvain","graph_2024M05.graphml"
"0.28","0.17","0.55","0.124805363902387","1,2,3,2,2,4,4,4,2,3,1,4,4,1,3,4,2","0.000579833984375","louvain","graph_2024M05.graphml"
"0.27","0.18","0.55","0.124434128557979","1,2,3,2,2,4,4,4,2,3,1,5,4,1,4,4,2","0.000592947006225586","louvain","graph_2024M05.graphml"
"0.26","0.19","0.55","0.124243189318661","1,2,3,4,4,2,4,4,2,3,4,4,4,1,2,4,2","0.000599145889282227","louvain","graph_2024M05.graphml"
"0.25","0.2","0.55","0.124568291677841","1,2,3,4,4,4,4,4,2,3,4,4,4,1,2,4,2","0.00059199333190918","louvain","graph_2024M05.graphml"
"0.24","0.21","0.55","0.125606843502707","1,2,3,1,2,4,4,4,2,3,4,4,4,4,2,4,2","0.000834941864013672","louvain","graph_2024M05.graphml"
"0.23","0.22","0.55","0.12447022695679","1,2,3,2,2,3,3,3,2,4,5,3,3,1,4,3,2","0.000583887100219727","louvain","graph_2024M05.graphml"
"0.22","0.23","0.55","0.125408278425301","1,2,3,2,2,4,4,4,2,3,4,4,4,4,1,4,2","0.000631093978881836","louvain","graph_2024M05.graphml"
"0.21","0.24","0.55","0.125352688809297","1,2,3,2,2,4,4,4,2,3,5,5,4,1,4,4,2","0.000624895095825195","louvain","graph_2024M05.graphml"
"0.2","0.25","0.55","0.124953767472707","1,2,3,2,2,4,4,4,2,3,4,4,4,1,3,4,2","0.000611066818237305","louvain","graph_2024M05.graphml"
"0.19","0.26","0.55","0.124932245434139","1,2,3,2,2,4,4,4,2,3,5,5,4,1,4,4,2","0.000601053237915039","louvain","graph_2024M05.graphml"
"0.18","0.27","0.55","0.124647570402434","1,2,3,2,2,4,4,4,2,3,4,4,4,1,3,4,2","0.000604867935180664","louvain","graph_2024M05.graphml"
"0.17","0.28","0.55","0.123885209435005","1,2,3,2,2,4,4,4,2,3,5,5,4,1,4,4,2","0.00063014030456543","louvain","graph_2024M05.graphml"
"0.16","0.29","0.55","0.123963621610868","1,2,3,2,2,4,4,4,2,3,4,4,4,1,3,4,2","0.000584125518798828","louvain","graph_2024M05.graphml"
"0.15","0.3","0.55","0.1238984375","1,2,3,2,2,3,3,3,2,3,4,4,3,1,3,3,2","0.00061798095703125","louvain","graph_2024M05.graphml"
"0.14","0.31","0.55","0.124452736202094","1,2,3,2,2,4,4,4,2,3,5,5,4,1,4,4,2","0.000597953796386719","louvain","graph_2024M05.graphml"
"0.13","0.32","0.55","0.124423666543116","1,2,3,2,2,4,4,4,2,3,4,4,4,1,3,4,2","0.000593900680541992","louvain","graph_2024M05.graphml"
"0.12","0.33","0.55","0.125121438825772","1,2,3,2,2,3,3,3,2,3,4,4,3,1,3,3,2","0.000638961791992188","louvain","graph_2024M05.graphml"
"0.11","0.34","0.55","0.12204762400745","1,2,3,2,2,3,3,4,2,3,3,4,3,3,1,4,2","0.000607967376708984","louvain","graph_2024M05.graphml"
"0.1","0.35","0.55","0.124084801735124","1,2,3,2,2,3,3,3,2,3,4,4,3,1,3,3,2","0.000643014907836914","louvain","graph_2024M05.graphml"
"0.09","0.36","0.55","0.123892197451503","1,2,3,2,2,3,3,3,2,3,4,4,3,1,3,3,2","0.000577926635742188","louvain","graph_2024M05.graphml"
"0.08","0.37","0.55","0.123892197451503","1,2,3,2,2,3,3,3,2,3,4,4,3,1,3,3,2","0.000608921051025391","louvain","graph_2024M05.graphml"
"0.07","0.38","0.55","0.123157248157248","1,2,3,2,2,4,4,4,2,3,4,4,4,1,3,4,2","0.000622034072875977","louvain","graph_2024M05.graphml"
"0.06","0.39","0.55","0.12225295098496","1,2,3,2,2,3,3,3,2,3,3,3,3,3,1,3,2","0.00064396858215332","louvain","graph_2024M05.graphml"
"0.05","0.4","0.55","0.123060971046319","1,2,3,1,4,4,4,4,2,3,4,4,4,4,2,4,2","0.000581026077270508","louvain","graph_2024M05.graphml"
"0.04","0.41","0.55","0.124351767986218","1,2,3,1,4,3,3,3,2,3,4,3,3,4,2,3,2","0.000673055648803711","louvain","graph_2024M05.graphml"
"0.03","0.42","0.55","0.123872593673089","1,2,3,2,2,4,4,4,2,3,4,4,4,4,1,4,2","0.000619173049926758","louvain","graph_2024M05.graphml"
"0.02","0.43","0.55","0.12391983806983","1,2,3,1,4,2,4,4,2,3,4,4,4,4,2,4,2","0.000637054443359375","louvain","graph_2024M05.graphml"
"0.01","0.44","0.55","0.124550057733999","1,2,3,2,2,4,4,4,2,3,4,4,4,4,1,4,2","0.000602960586547852","louvain","graph_2024M05.graphml"
"0","0.45","0.55","0.123605666670078","1,2,3,4,4,4,4,4,2,3,4,4,4,1,2,4,2","0.000571012496948242","louvain","graph_2024M05.graphml"
"0.44","0","0.56","0.12196077666529","1,2,3,4,3,2,3,3,2,4,4,3,3,1,4,3,2","0.000635147094726562","louvain","graph_2024M05.graphml"
"0.43","0.01","0.56","0.121911256675274","1,2,2,1,3,2,4,4,2,4,4,3,4,4,4,4,2","0.000564098358154297","louvain","graph_2024M05.graphml"
"0.42","0.02","0.56","0.121587607033047","1,2,3,1,3,2,3,3,2,4,1,3,3,3,4,3,2","0.000586032867431641","louvain","graph_2024M05.graphml"
"0.41","0.03","0.56","0.123014998180342","1,2,3,2,2,4,3,3,2,4,3,3,3,1,4,3,2","0.000572919845581055","louvain","graph_2024M05.graphml"
"0.4","0.04","0.56","0.123387472936","1,2,3,1,2,3,2,2,3,2,1,2,2,2,2,2,3","0.000664949417114258","louvain","graph_2024M05.graphml"
"0.39","0.05","0.56","0.123396492270182","1,2,3,1,2,4,3,3,2,4,1,3,3,3,4,3,2","0.000622987747192383","louvain","graph_2024M05.graphml"
"0.38","0.06","0.56","0.122891995783992","1,2,3,1,2,4,3,3,2,4,1,3,3,3,4,3,2","0.000807046890258789","louvain","graph_2024M05.graphml"
"0.37","0.07","0.56","0.122715420355802","1,2,3,2,2,3,3,3,2,3,4,4,3,1,3,3,2","0.000576019287109375","louvain","graph_2024M05.graphml"
"0.36","0.08","0.56","0.124340481228299","1,2,3,2,2,4,4,4,2,4,4,3,4,1,4,4,2","0.000586986541748047","louvain","graph_2024M05.graphml"
"0.35","0.09","0.56","0.125254651008258","1,2,3,1,2,4,4,4,2,3,4,3,4,4,4,4,2","0.000617027282714844","louvain","graph_2024M05.graphml"
"0.34","0.1","0.56","0.124717274289243","1,2,3,2,2,4,4,4,2,3,4,3,4,4,4,4,2","0.000597953796386719","louvain","graph_2024M05.graphml"
"0.33","0.11","0.56","0.123615853172494","1,2,3,2,2,4,4,4,2,3,4,4,4,4,1,4,2","0.000589847564697266","louvain","graph_2024M05.graphml"
"0.32","0.12","0.56","0.123010851104605","1,2,3,2,2,4,4,4,2,3,4,4,4,4,1,4,2","0.000606060028076172","louvain","graph_2024M05.graphml"
"0.31","0.13","0.56","0.124653325135236","1,2,3,2,2,4,4,4,2,3,4,4,4,4,1,4,2","0.000597000122070312","louvain","graph_2024M05.graphml"
"0.3","0.14","0.56","0.124254390471856","1,2,3,4,4,2,4,4,2,3,4,4,4,1,2,4,2","0.000550985336303711","louvain","graph_2024M05.graphml"
"0.29","0.15","0.56","0.124396121546513","1,2,3,2,2,4,4,4,2,3,4,4,4,4,1,4,2","0.000607967376708984","louvain","graph_2024M05.graphml"
"0.28","0.16","0.56","0.124621187046817","1,2,3,2,2,4,4,4,2,3,4,4,4,4,1,4,2","0.000583171844482422","louvain","graph_2024M05.graphml"
"0.27","0.17","0.56","0.125938952091011","1,2,3,2,2,4,4,4,2,3,4,4,4,1,3,4,2","0.000612974166870117","louvain","graph_2024M05.graphml"
"0.26","0.18","0.56","0.125439321315495","1,2,3,2,2,4,4,4,2,3,5,5,4,1,4,4,2","0.00058293342590332","louvain","graph_2024M05.graphml"
"0.25","0.19","0.56","0.124078415572715","1,2,3,2,2,4,4,4,2,3,5,5,4,1,4,4,2","0.000583887100219727","louvain","graph_2024M05.graphml"
"0.24","0.2","0.56","0.122643098570707","1,2,3,2,2,4,4,4,2,3,5,5,4,1,4,4,2","0.000648975372314453","louvain","graph_2024M05.graphml"
"0.23","0.21","0.56","0.123262416693362","1,2,3,2,2,4,4,4,2,3,5,5,4,1,4,4,2","0.000602006912231445","louvain","graph_2024M05.graphml"
"0.22","0.22","0.56","0.122947802400059","1,2,3,2,2,3,3,3,2,3,4,4,3,1,3,3,2","0.000629901885986328","louvain","graph_2024M05.graphml"
"0.21","0.23","0.56","0.1235953125","1,2,3,2,2,4,4,4,2,3,4,4,4,1,3,4,2","0.000622987747192383","louvain","graph_2024M05.graphml"
"0.2","0.24","0.56","0.1238984375","1,2,3,2,2,3,3,3,2,3,4,4,3,1,3,3,2","0.000599861145019531","louvain","graph_2024M05.graphml"
"0.19","0.25","0.56","0.124636132560185","1,2,3,2,2,3,3,3,2,3,4,4,3,1,3,3,2","0.00078582763671875","louvain","graph_2024M05.graphml"
"0.18","0.26","0.56","0.122877272811236","1,2,3,2,2,4,4,4,2,3,4,4,4,1,3,4,2","0.000597000122070312","louvain","graph_2024M05.graphml"
"0.17","0.27","0.56","0.12296052470346","1,2,3,2,2,4,4,4,2,3,4,4,4,1,3,4,2","0.00060582160949707","louvain","graph_2024M05.graphml"
"0.16","0.28","0.56","0.121709115527889","1,2,3,2,2,3,3,4,2,3,4,4,4,1,4,4,4","0.000618219375610352","louvain","graph_2024M05.graphml"
"0.15","0.29","0.56","0.122975156226185","1,2,3,2,2,4,4,4,2,3,4,4,4,1,3,4,2","0.000699996948242188","louvain","graph_2024M05.graphml"
"0.14","0.3","0.56","0.12299421849596","1,2,3,2,2,4,4,4,2,3,4,4,4,1,3,4,2","0.000633955001831055","louvain","graph_2024M05.graphml"
"0.13","0.31","0.56","0.121989115539484","1,2,3,1,2,3,3,3,2,3,4,4,3,2,3,3,2","0.000703096389770508","louvain","graph_2024M05.graphml"
"0.12","0.32","0.56","0.121494222590237","1,2,3,1,2,3,3,3,2,3,3,3,3,2,3,3,2","0.000616073608398438","louvain","graph_2024M05.graphml"
"0.11","0.33","0.56","0.123233908948195","1,2,3,1,2,3,3,3,2,3,3,3,3,2,1,3,2","0.000606060028076172","louvain","graph_2024M05.graphml"
"0.1","0.34","0.56","0.12128268161729","1,2,3,1,3,3,3,3,2,3,3,3,3,3,2,3,2","0.000583887100219727","louvain","graph_2024M05.graphml"
"0.09","0.35","0.56","0.122323863292433","1,2,3,4,4,3,3,3,2,3,4,3,3,1,2,3,2","0.000653982162475586","louvain","graph_2024M05.graphml"
"0.08","0.36","0.56","0.122868650242349","1,2,3,2,2,4,4,4,2,3,4,4,4,4,1,4,2","0.000607967376708984","louvain","graph_2024M05.graphml"
"0.07","0.37","0.56","0.123393204775023","1,2,3,4,2,4,4,4,2,3,4,4,4,2,1,4,2","0.000689029693603516","louvain","graph_2024M05.graphml"
"0.06","0.38","0.56","0.123248904491548","1,2,3,2,2,4,4,4,2,3,4,4,4,4,1,4,2","0.000631093978881836","louvain","graph_2024M05.graphml"
"0.05","0.39","0.56","0.122181235268034","1,2,3,1,4,4,4,4,2,3,4,4,4,4,2,4,2","0.00060582160949707","louvain","graph_2024M05.graphml"
"0.04","0.4","0.56","0.122476411670779","1,2,3,1,4,2,4,4,2,3,4,4,4,4,2,4,2","0.000650882720947266","louvain","graph_2024M05.graphml"
"0.03","0.41","0.56","0.123263549490921","1,2,3,2,2,4,4,4,2,3,4,4,4,4,1,4,2","0.000658035278320312","louvain","graph_2024M05.graphml"
"0.02","0.42","0.56","0.123197658415107","1,2,3,1,4,2,4,4,2,3,4,4,4,4,2,4,2","0.000633955001831055","louvain","graph_2024M05.graphml"
"0.01","0.43","0.56","0.122230987127541","1,2,3,1,4,2,4,4,2,3,4,4,4,4,2,4,2","0.000565052032470703","louvain","graph_2024M05.graphml"
"0","0.44","0.56","0.12232267541386","1,2,3,1,4,4,4,4,2,3,4,4,4,4,2,4,2","0.000606060028076172","louvain","graph_2024M05.graphml"
"0.43","0","0.57","0.122618650946217","1,2,3,2,2,4,3,3,2,4,3,3,3,1,4,3,2","0.000578880310058594","louvain","graph_2024M05.graphml"
"0.42","0.01","0.57","0.122618650946217","1,2,3,2,2,4,3,3,2,4,3,3,3,1,4,3,2","0.000570058822631836","louvain","graph_2024M05.graphml"
"0.41","0.02","0.57","0.122435365199937","1,2,3,2,2,3,3,3,2,3,4,4,3,3,3,2,2","0.000617027282714844","louvain","graph_2024M05.graphml"
"0.4","0.03","0.57","0.122707302579305","1,2,3,2,2,4,4,4,2,3,4,3,4,4,1,4,2","0.000602006912231445","louvain","graph_2024M05.graphml"
"0.39","0.04","0.57","0.123308220603538","1,2,3,2,2,4,4,4,2,3,4,3,4,4,1,4,2","0.000570058822631836","louvain","graph_2024M05.graphml"
"0.38","0.05","0.57","0.122588943052264","1,2,3,2,2,4,4,4,2,3,4,3,4,4,1,4,2","0.000640153884887695","louvain","graph_2024M05.graphml"
"0.37","0.06","0.57","0.123055555555556","1,2,3,2,2,4,4,4,2,3,4,4,4,4,1,4,2","0.000619888305664062","louvain","graph_2024M05.graphml"
"0.36","0.07","0.57","0.123909416088039","1,2,3,4,4,3,4,4,3,2,4,4,4,1,3,4,3","0.000626087188720703","louvain","graph_2024M05.graphml"
"0.35","0.08","0.57","0.124112975804311","1,2,3,2,2,4,4,4,2,3,4,4,4,4,1,4,2","0.000632047653198242","louvain","graph_2024M05.graphml"
"0.34","0.09","0.57","0.124727028524311","1,2,3,2,2,4,4,4,2,3,4,4,4,1,3,4,2","0.000616073608398438","louvain","graph_2024M05.graphml"
"0.33","0.1","0.57","0.12428617778069","1,2,3,2,2,4,4,4,2,3,5,5,4,1,4,4,2","0.000586032867431641","louvain","graph_2024M05.graphml"
"0.32","0.11","0.57","0.12279834907905","1,2,3,2,2,4,4,4,2,3,4,4,4,1,3,4,2","0.000677108764648438","louvain","graph_2024M05.graphml"
"0.31","0.12","0.57","0.122815711724451","1,2,3,2,2,4,4,4,2,3,4,4,4,1,3,4,2","0.000696897506713867","louvain","graph_2024M05.graphml"
"0.3","0.13","0.57","0.122529569972478","1,2,3,2,2,4,4,4,2,3,4,4,4,1,3,4,2","0.000620841979980469","louvain","graph_2024M05.graphml"
"0.29","0.14","0.57","0.123571875","1,2,3,2,2,4,4,4,2,3,5,5,4,1,4,4,2","0.000622987747192383","louvain","graph_2024M05.graphml"
"0.28","0.15","0.57","0.1234359375","1,2,3,2,2,3,3,3,2,3,4,4,3,1,3,3,2","0.000593185424804688","louvain","graph_2024M05.graphml"
"0.27","0.16","0.57","0.1231984375","1,2,3,2,2,4,4,4,2,3,4,4,4,1,3,4,2","0.000603914260864258","louvain","graph_2024M05.graphml"
"0.26","0.17","0.57","0.124208098832367","1,2,3,2,2,4,4,4,2,3,4,4,4,1,3,4,2","0.000655889511108398","louvain","graph_2024M05.graphml"
"0.25","0.18","0.57","0.124222830909301","1,2,3,2,2,4,4,4,2,3,4,4,4,1,3,4,2","0.000867128372192383","louvain","graph_2024M05.graphml"
"0.24","0.19","0.57","0.123773159122955","1,2,3,2,2,4,4,4,2,3,4,4,4,1,3,4,2","0.000586986541748047","louvain","graph_2024M05.graphml"
"0.23","0.2","0.57","0.123408250914781","1,2,3,2,2,4,4,4,2,3,4,4,4,1,3,4,2","0.000622034072875977","louvain","graph_2024M05.graphml"
"0.22","0.21","0.57","0.122600961678032","1,2,3,2,2,3,3,3,2,3,4,4,3,1,3,3,2","0.000571966171264648","louvain","graph_2024M05.graphml"
"0.21","0.22","0.57","0.121609314587796","1,2,3,2,2,4,4,4,2,3,4,4,4,4,1,4,2","0.000613927841186523","louvain","graph_2024M05.graphml"
"0.2","0.23","0.57","0.122612406935877","1,2,3,2,2,4,4,4,2,3,4,4,4,1,3,4,2","0.0005950927734375","louvain","graph_2024M05.graphml"
"0.19","0.24","0.57","0.121809627761677","1,2,3,2,2,4,4,4,2,3,4,4,4,1,3,4,2","0.00062108039855957","louvain","graph_2024M05.graphml"
"0.18","0.25","0.57","0.121897888953975","1,2,3,2,2,4,2,2,4,3,2,2,2,1,4,2,4","0.000584125518798828","louvain","graph_2024M05.graphml"
"0.17","0.26","0.57","0.121178613920286","1,2,3,2,2,3,3,3,2,3,3,3,3,3,1,3,2","0.00067591667175293","louvain","graph_2024M05.graphml"
"0.16","0.27","0.57","0.121729980286643","1,2,3,2,2,4,2,2,4,3,2,2,2,2,4,2,4","0.000787019729614258","louvain","graph_2024M05.graphml"
"0.15","0.28","0.57","0.123170774813837","1,2,3,2,2,3,3,3,2,3,3,3,3,1,1,3,2","0.000623941421508789","louvain","graph_2024M05.graphml"
"0.14","0.29","0.57","0.123558494031221","1,2,3,2,2,3,3,3,2,3,3,3,3,1,1,3,2","0.000689983367919922","louvain","graph_2024M05.graphml"
"0.13","0.3","0.57","0.122984929636631","1,2,3,2,2,3,3,3,2,3,4,3,3,1,1,3,2","0.000664949417114258","louvain","graph_2024M05.graphml"
"0.12","0.31","0.57","0.122601096267539","1,2,3,2,2,3,3,3,2,3,4,4,3,1,3,4,2","0.000586986541748047","louvain","graph_2024M05.graphml"
"0.11","0.32","0.57","0.121907388590507","1,2,3,2,2,3,3,3,2,3,3,3,3,1,1,3,2","0.00061488151550293","louvain","graph_2024M05.graphml"
"0.1","0.33","0.57","0.121982190735947","1,2,3,2,2,3,3,3,2,3,4,3,3,1,1,3,2","0.000657081604003906","louvain","graph_2024M05.graphml"
"0.09","0.34","0.57","0.12237836310995","1,2,3,1,4,2,4,4,2,3,4,4,4,4,2,4,2","0.00058293342590332","louvain","graph_2024M05.graphml"
"0.08","0.35","0.57","0.121976564763785","1,2,3,1,4,4,4,4,2,3,4,4,4,4,2,4,2","0.000713825225830078","louvain","graph_2024M05.graphml"
"0.07","0.36","0.57","0.121148062496796","1,2,3,2,4,4,4,4,2,3,4,4,4,4,1,4,2","0.00061798095703125","louvain","graph_2024M05.graphml"
"0.06","0.37","0.57","0.122237811791383","1,2,3,4,4,2,4,4,2,3,4,4,4,1,2,4,2","0.000585079193115234","louvain","graph_2024M05.graphml"
"0.05","0.38","0.57","0.122944888598011","1,2,3,1,3,3,3,3,2,3,3,3,3,3,2,3,2","0.000671863555908203","louvain","graph_2024M05.graphml"
"0.04","0.39","0.57","0.123710654388852","1,2,3,4,4,4,4,4,2,3,4,4,4,1,2,4,2","0.000564813613891602","louvain","graph_2024M05.graphml"
"0.03","0.4","0.57","0.123066970697875","1,2,3,4,4,4,4,4,2,3,4,4,4,1,2,4,2","0.000604152679443359","louvain","graph_2024M05.graphml"
"0.02","0.41","0.57","0.122444736783553","1,2,3,4,4,4,4,4,2,3,4,4,4,1,2,4,2","0.000632047653198242","louvain","graph_2024M05.graphml"
"0.01","0.42","0.57","0.123495410804459","1,2,3,1,4,4,4,4,2,3,4,4,4,4,2,4,2","0.000596046447753906","louvain","graph_2024M05.graphml"
"0","0.43","0.57","0.12246591835835","1,2,3,2,4,3,3,3,2,4,3,3,3,1,2,3,2","0.000646114349365234","louvain","graph_2024M05.graphml"
"0.42","0","0.58","0.123137440231291","1,2,3,1,2,4,4,4,2,3,4,4,4,4,2,4,2","0.000601053237915039","louvain","graph_2024M05.graphml"
"0.41","0.01","0.58","0.122570713096716","1,2,3,2,2,4,4,4,2,3,5,5,4,1,4,4,2","0.00063014030456543","louvain","graph_2024M05.graphml"
"0.4","0.02","0.58","0.124401425815354","1,2,3,2,2,4,4,4,2,3,4,4,4,1,3,4,2","0.000831127166748047","louvain","graph_2024M05.graphml"
"0.39","0.03","0.58","0.12173797181633","1,2,3,2,2,4,4,4,2,3,4,4,4,1,3,4,2","0.000604867935180664","louvain","graph_2024M05.graphml"
"0.38","0.04","0.58","0.121706419840987","1,2,3,2,2,3,3,3,2,3,4,4,3,1,3,3,2","0.000622987747192383","louvain","graph_2024M05.graphml"
"0.37","0.05","0.58","0.121706419840987","1,2,3,2,2,3,3,3,2,3,4,4,3,1,3,3,2","0.000635147094726562","louvain","graph_2024M05.graphml"
"0.36","0.06","0.58","0.122889474173067","1,2,3,2,2,3,3,3,2,3,4,4,3,1,3,3,2","0.000581979751586914","louvain","graph_2024M05.graphml"
"0.35","0.07","0.58","0.122456831301311","1,2,3,2,2,3,3,3,2,3,4,4,3,1,3,3,2","0.000737905502319336","louvain","graph_2024M05.graphml"
"0.34","0.08","0.58","0.122108987924518","1,2,3,2,2,3,3,3,2,3,4,4,3,1,3,3,2","0.000702857971191406","louvain","graph_2024M05.graphml"
"0.33","0.09","0.58","0.122748405940764","1,2,3,2,2,4,4,4,2,3,4,4,4,1,3,4,2","0.000627040863037109","louvain","graph_2024M05.graphml"
"0.32","0.1","0.58","0.123295988960669","1,2,3,2,2,4,4,4,2,3,4,4,4,1,3,4,2","0.000602960586547852","louvain","graph_2024M05.graphml"
"0.31","0.11","0.58","0.123773159122955","1,2,3,2,2,4,4,4,2,3,4,4,4,1,3,4,2","0.000625133514404297","louvain","graph_2024M05.graphml"
"0.3","0.12","0.58","0.123128020158188","1,2,3,2,2,4,4,4,2,3,4,4,4,1,3,4,2","0.000864982604980469","louvain","graph_2024M05.graphml"
"0.29","0.13","0.58","0.122680221301833","1,2,3,2,2,4,4,4,2,3,4,4,4,1,3,4,2","0.000591039657592773","louvain","graph_2024M05.graphml"
"0.28","0.14","0.58","0.122849202017269","1,2,3,2,2,3,3,3,2,3,4,4,3,1,3,3,2","0.000623941421508789","louvain","graph_2024M05.graphml"
"0.27","0.15","0.58","0.122254598929753","1,2,3,1,4,3,3,3,2,3,4,4,3,4,3,3,2","0.000834941864013672","louvain","graph_2024M05.graphml"
"0.26","0.16","0.58","0.121080959012383","1,2,3,2,2,3,3,3,2,4,3,3,3,1,4,3,2","0.000621795654296875","louvain","graph_2024M05.graphml"
"0.25","0.17","0.58","0.121080959012383","1,2,3,2,2,3,3,3,2,4,3,3,3,1,4,3,2","0.000708818435668945","louvain","graph_2024M05.graphml"
"0.24","0.18","0.58","0.120894127094229","1,2,2,2,2,3,2,2,3,2,2,2,2,1,3,2,3","0.000689983367919922","louvain","graph_2024M05.graphml"
"0.23","0.19","0.58","0.121081945270672","1,2,3,2,2,3,3,3,2,3,4,4,3,1,3,3,2","0.000635862350463867","louvain","graph_2024M05.graphml"
"0.22","0.2","0.58","0.120331700890599","1,2,2,3,3,2,2,2,3,2,2,2,2,1,3,2,3","0.000611782073974609","louvain","graph_2024M05.graphml"
"0.21","0.21","0.58","0.120997649401452","1,2,3,2,2,3,3,3,2,3,4,4,3,1,3,4,2","0.000591039657592773","louvain","graph_2024M05.graphml"
"0.2","0.22","0.58","0.122643614786809","1,2,3,2,2,3,3,3,2,3,3,3,3,1,3,3,2","0.000594139099121094","louvain","graph_2024M05.graphml"
"0.19","0.23","0.58","0.122658968577722","1,2,3,1,4,2,4,4,2,3,4,4,4,4,2,4,2","0.000648975372314453","louvain","graph_2024M05.graphml"
"0.18","0.24","0.58","0.121793975693519","1,2,3,2,4,3,3,3,2,3,4,4,3,4,3,4,2","0.000647068023681641","louvain","graph_2024M05.graphml"
"0.17","0.25","0.58","0.121481245559448","1,2,3,1,4,3,3,3,2,3,4,3,3,4,2,3,2","0.000593900680541992","louvain","graph_2024M05.graphml"
"0.16","0.26","0.58","0.122829793718982","1,2,3,1,4,2,4,4,2,3,4,4,4,4,2,4,2","0.000586986541748047","louvain","graph_2024M05.graphml"
"0.15","0.27","0.58","0.121671626806268","1,2,3,1,4,3,3,3,2,3,4,3,3,4,2,3,2","0.000602960586547852","louvain","graph_2024M05.graphml"
"0.14","0.28","0.58","0.12103159840663","1,2,3,1,3,2,3,3,2,3,3,3,3,3,2,3,2","0.000586986541748047","louvain","graph_2024M05.graphml"
"0.13","0.29","0.58","0.12159235251565","1,2,3,2,2,3,3,3,2,3,1,3,3,1,3,3,2","0.000623941421508789","louvain","graph_2024M05.graphml"
"0.12","0.3","0.58","0.122420226190156","1,2,3,2,2,3,3,3,2,4,3,3,3,1,4,3,2","0.00055694580078125","louvain","graph_2024M05.graphml"
"0.11","0.31","0.58","0.12204774151524","1,2,3,4,4,2,4,4,2,3,4,4,4,1,2,4,2","0.000548124313354492","louvain","graph_2024M05.graphml"
"0.1","0.32","0.58","0.123077449714691","1,2,3,1,4,2,4,4,2,3,4,4,4,4,2,4,2","0.000661849975585938","louvain","graph_2024M05.graphml"
"0.09","0.33","0.58","0.12278891509434","1,2,3,1,4,4,4,4,2,3,4,4,4,4,2,4,2","0.000678062438964844","louvain","graph_2024M05.graphml"
"0.08","0.34","0.58","0.121827365607062","1,2,3,1,4,3,3,3,2,4,3,3,3,3,2,3,2","0.000644207000732422","louvain","graph_2024M05.graphml"
"0.07","0.35","0.58","0.122098008702004","1,2,3,4,4,4,4,4,2,3,4,4,4,1,2,4,2","0.000615835189819336","louvain","graph_2024M05.graphml"
"0.06","0.36","0.58","0.122067794088474","1,2,3,1,4,4,4,4,2,3,4,4,4,4,2,4,2","0.000633955001831055","louvain","graph_2024M05.graphml"
"0.05","0.37","0.58","0.12173923824638","1,2,3,4,4,4,4,4,2,3,4,4,4,1,2,4,2","0.000587940216064453","louvain","graph_2024M05.graphml"
"0.04","0.38","0.58","0.122952036152272","1,2,3,2,4,3,3,3,2,4,4,3,3,1,2,3,2","0.000676870346069336","louvain","graph_2024M05.graphml"
"0.03","0.39","0.58","0.122090160672637","1,2,3,2,3,3,3,3,2,3,3,3,3,1,2,3,2","0.000660181045532227","louvain","graph_2024M05.graphml"
"0.02","0.4","0.58","0.121955263981181","1,2,3,2,4,3,3,3,2,4,4,3,3,1,2,3,2","0.000629901885986328","louvain","graph_2024M05.graphml"
"0.01","0.41","0.58","0.121993285965363","1,2,3,1,3,3,3,3,2,3,3,3,3,3,2,3,2","0.000606060028076172","louvain","graph_2024M05.graphml"
"0","0.42","0.58","0.123767927718426","1,2,3,1,3,3,3,3,2,3,3,3,3,3,2,3,2","0.000699043273925781","louvain","graph_2024M05.graphml"
"0.41","0","0.59","0.121906137365073","1,2,3,2,2,3,3,3,2,4,3,3,3,1,4,3,2","0.000586986541748047","louvain","graph_2024M05.graphml"
"0.4","0.01","0.59","0.121678125","1,2,3,2,2,3,3,3,2,3,4,4,3,1,3,3,2","0.000690937042236328","louvain","graph_2024M05.graphml"
"0.39","0.02","0.59","0.121509661009571","1,2,3,2,2,3,3,3,2,3,4,4,3,1,3,3,2","0.000674009323120117","louvain","graph_2024M05.graphml"
"0.38","0.03","0.59","0.120910458701439","1,2,3,2,2,3,3,3,2,4,3,3,3,1,4,3,2","0.000581979751586914","louvain","graph_2024M05.graphml"
"0.37","0.04","0.59","0.120471310087495","1,2,3,2,2,3,3,3,2,4,3,3,3,1,4,3,2","0.000557899475097656","louvain","graph_2024M05.graphml"
"0.36","0.05","0.59","0.120149591463527","1,2,3,2,2,3,3,3,2,3,3,3,3,1,1,3,2","0.000658035278320312","louvain","graph_2024M05.graphml"
"0.35","0.06","0.59","0.122078189300412","1,2,3,2,2,3,3,3,2,3,4,4,3,1,3,3,2","0.000846147537231445","louvain","graph_2024M05.graphml"
"0.34","0.07","0.59","0.121706918176193","1,2,3,2,2,3,3,3,2,4,3,3,3,1,4,3,2","0.000641107559204102","louvain","graph_2024M05.graphml"
"0.33","0.08","0.59","0.121430705890165","1,2,3,2,2,3,3,3,2,4,3,3,3,1,4,3,2","0.000632047653198242","louvain","graph_2024M05.graphml"
"0.32","0.09","0.59","0.121738115849298","1,2,3,2,2,3,3,3,2,3,4,4,3,1,3,3,2","0.000665903091430664","louvain","graph_2024M05.graphml"
"0.31","0.1","0.59","0.121592356305267","1,2,3,2,2,3,3,3,2,4,3,3,3,1,4,3,2","0.000550985336303711","louvain","graph_2024M05.graphml"
"0.3","0.11","0.59","0.121103492898365","1,2,3,2,2,3,3,3,2,4,3,3,3,1,4,3,2","0.00058293342590332","louvain","graph_2024M05.graphml"
"0.29","0.12","0.59","0.120569075174952","1,2,3,2,2,3,3,3,2,3,4,4,3,1,3,3,2","0.000565052032470703","louvain","graph_2024M05.graphml"
"0.28","0.13","0.59","0.120025866307216","1,2,3,2,2,4,2,2,4,3,2,2,2,2,4,2,4","0.000634193420410156","louvain","graph_2024M05.graphml"
"0.27","0.14","0.59","0.119979203977755","1,2,3,2,2,3,3,3,2,3,4,4,3,1,3,4,2","0.000612020492553711","louvain","graph_2024M05.graphml"
"0.26","0.15","0.59","0.120322431129547","1,2,2,1,2,3,2,2,3,2,2,2,2,2,3,2,3","0.000593185424804688","louvain","graph_2024M05.graphml"
"0.25","0.16","0.59","0.122688654586633","1,2,3,2,4,3,3,3,2,3,4,4,3,4,3,4,2","0.000622987747192383","louvain","graph_2024M05.graphml"
"0.24","0.17","0.59","0.121879724278667","1,2,3,2,4,3,4,4,2,3,4,4,4,4,1,4,2","0.000591039657592773","louvain","graph_2024M05.graphml"
"0.23","0.18","0.59","0.12217660173313","1,2,3,1,4,2,4,4,2,3,4,4,4,4,2,4,2","0.000622034072875977","louvain","graph_2024M05.graphml"
"0.22","0.19","0.59","0.122166295740386","1,2,3,4,4,4,4,4,2,3,4,4,4,1,2,4,2","0.000638961791992188","louvain","graph_2024M05.graphml"
"0.21","0.2","0.59","0.121206159428585","1,2,3,4,4,4,4,4,2,3,4,4,4,1,2,4,2","0.000566005706787109","louvain","graph_2024M05.graphml"
"0.2","0.21","0.59","0.121169363760029","1,2,3,2,2,3,3,3,2,3,1,3,3,1,3,3,2","0.000603914260864258","louvain","graph_2024M05.graphml"
"0.19","0.22","0.59","0.120682576595953","1,2,3,1,4,4,4,4,2,3,4,4,4,4,2,4,2","0.000627040863037109","louvain","graph_2024M05.graphml"
"0.18","0.23","0.59","0.120739140454784","1,2,3,1,4,3,3,3,2,3,4,3,3,4,2,3,2","0.000594854354858398","louvain","graph_2024M05.graphml"
"0.17","0.24","0.59","0.120396989230971","1,2,3,1,4,2,4,4,2,3,4,4,4,4,2,4,2","0.000608921051025391","louvain","graph_2024M05.graphml"
"0.16","0.25","0.59","0.12049788172683","1,2,3,2,2,3,3,3,2,4,3,3,3,1,4,3,2","0.000663042068481445","louvain","graph_2024M05.graphml"
"0.15","0.26","0.59","0.122065097677109","1,2,3,1,4,2,4,4,2,3,4,4,4,4,2,4,2","0.000670909881591797","louvain","graph_2024M05.graphml"
"0.14","0.27","0.59","0.121022340482822","1,2,3,2,3,3,3,3,2,3,3,3,3,1,2,3,2","0.000590085983276367","louvain","graph_2024M05.graphml"
"0.13","0.28","0.59","0.121719907257882","1,2,3,1,3,3,3,3,2,3,3,3,3,3,2,3,2","0.000602960586547852","louvain","graph_2024M05.graphml"
"0.12","0.29","0.59","0.12119232266946","1,2,3,2,3,3,3,3,2,3,3,3,3,1,2,3,2","0.000648975372314453","louvain","graph_2024M05.graphml"
"0.11","0.3","0.59","0.121234142676151","1,2,3,1,3,3,3,3,2,3,3,3,3,3,2,3,2","0.000579118728637695","louvain","graph_2024M05.graphml"
"0.1","0.31","0.59","0.121901588810115","1,2,3,2,4,3,3,3,2,4,3,3,3,1,2,3,2","0.000926017761230469","louvain","graph_2024M05.graphml"
"0.09","0.32","0.59","0.12157382368848","1,2,3,1,3,3,3,3,2,3,3,3,3,3,2,3,2","0.00065302848815918","louvain","graph_2024M05.graphml"
"0.08","0.33","0.59","0.121619118442401","1,2,3,2,3,3,3,3,2,3,3,3,3,1,2,3,2","0.000623941421508789","louvain","graph_2024M05.graphml"
"0.07","0.34","0.59","0.121123642794417","1,2,3,2,3,3,3,3,2,3,3,3,3,1,2,3,2","0.000658035278320312","louvain","graph_2024M05.graphml"
"0.06","0.35","0.59","0.121000648362483","1,2,3,3,3,3,3,3,2,3,3,3,3,1,2,3,2","0.000598907470703125","louvain","graph_2024M05.graphml"
"0.05","0.36","0.59","0.123286359119263","1,2,3,1,3,3,3,3,2,3,3,3,3,3,2,3,2","0.000663995742797852","louvain","graph_2024M05.graphml"
"0.04","0.37","0.59","0.123463293995256","1,2,3,1,2,2,2,2,3,2,2,2,2,2,3,2,3","0.000705957412719727","louvain","graph_2024M05.graphml"
"0.03","0.38","0.59","0.123101563772494","1,2,3,1,3,3,3,3,2,3,3,3,3,3,2,3,2","0.000581026077270508","louvain","graph_2024M05.graphml"
"0.02","0.39","0.59","0.124506189357021","1,2,3,1,2,4,2,2,3,2,2,4,2,2,3,2,3","0.000657081604003906","louvain","graph_2024M05.graphml"
"0.01","0.4","0.59","0.122430061052656","1,2,3,2,3,3,3,3,2,3,3,3,3,1,2,3,2","0.000629901885986328","louvain","graph_2024M05.graphml"
"0","0.41","0.59","0.122102463459895","1,2,3,3,3,4,3,3,2,3,3,4,3,3,2,3,2","0.000616073608398438","louvain","graph_2024M05.graphml"
"0.4","0","0.6","0.120405948722902","1,2,3,2,2,3,3,3,2,4,3,3,3,1,4,3,2","0.000581026077270508","louvain","graph_2024M05.graphml"
"0.39","0.01","0.6","0.120247481119717","1,2,3,2,2,3,3,3,2,3,4,4,3,1,3,3,2","0.000644922256469727","louvain","graph_2024M05.graphml"
"0.38","0.02","0.6","0.12155444314803","1,2,3,4,4,2,4,4,2,3,4,4,4,1,2,4,2","0.00058293342590332","louvain","graph_2024M05.graphml"
"0.37","0.03","0.6","0.122012116733949","1,2,3,4,4,2,4,4,2,3,4,4,4,1,2,4,2","0.000607967376708984","louvain","graph_2024M05.graphml"
"0.36","0.04","0.6","0.119981381829376","1,2,3,1,4,2,4,4,2,3,4,4,4,4,2,4,2","0.000631809234619141","louvain","graph_2024M05.graphml"
"0.35","0.05","0.6","0.119615086342136","1,2,3,1,4,3,4,4,3,2,4,4,4,4,3,4,3","0.000601053237915039","louvain","graph_2024M05.graphml"
"0.34","0.06","0.6","0.119981381829376","1,2,3,1,4,2,4,4,2,3,4,4,4,4,2,4,2","0.00059199333190918","louvain","graph_2024M05.graphml"
"0.33","0.07","0.6","0.118525619834711","1,2,3,2,2,3,3,3,2,3,4,4,3,1,3,4,2","0.000667095184326172","louvain","graph_2024M05.graphml"
"0.32","0.08","0.6","0.119073032434653","1,2,2,2,2,3,2,2,3,2,2,2,2,1,3,2,3","0.000619888305664062","louvain","graph_2024M05.graphml"
"0.31","0.09","0.6","0.119924764871992","1,2,3,1,4,2,4,4,2,3,4,4,4,4,2,4,2","0.000701904296875","louvain","graph_2024M05.graphml"
"0.3","0.1","0.6","0.121002322543185","1,2,3,2,2,3,3,3,2,3,4,4,3,1,3,4,2","0.000626802444458008","louvain","graph_2024M05.graphml"
"0.29","0.11","0.6","0.120638871873737","1,2,3,2,2,3,3,3,2,3,3,3,3,1,1,3,2","0.000586986541748047","louvain","graph_2024M05.graphml"
"0.28","0.12","0.6","0.1216350532468","1,2,3,2,2,3,3,3,2,3,4,3,3,1,1,3,2","0.000608921051025391","louvain","graph_2024M05.graphml"
"0.27","0.13","0.6","0.120718301837506","1,2,3,2,2,3,3,3,2,3,4,4,3,1,3,4,2","0.000586986541748047","louvain","graph_2024M05.graphml"
"0.26","0.14","0.6","0.121026365174501","1,2,3,1,4,2,4,4,2,3,4,4,4,4,2,4,2","0.000667810440063477","louvain","graph_2024M05.graphml"
"0.25","0.15","0.6","0.119909201576177","1,2,3,2,2,3,3,3,2,3,1,3,3,1,3,3,2","0.000685930252075195","louvain","graph_2024M05.graphml"
"0.24","0.16","0.6","0.120067712752709","1,2,3,1,4,4,4,4,2,3,4,4,4,4,2,4,2","0.000980854034423828","louvain","graph_2024M05.graphml"
"0.23","0.17","0.6","0.119758793603019","1,2,3,1,4,2,4,4,2,3,4,4,4,4,2,4,2","0.000627994537353516","louvain","graph_2024M05.graphml"
"0.22","0.18","0.6","0.118904099996499","1,2,3,2,4,3,3,3,2,3,4,4,3,4,3,3,2","0.000676155090332031","louvain","graph_2024M05.graphml"
"0.21","0.19","0.6","0.118720657929868","1,2,3,2,2,3,3,3,2,3,4,4,3,1,3,3,2","0.000667810440063477","louvain","graph_2024M05.graphml"
"0.2","0.2","0.6","0.120177162629758","1,2,2,1,2,3,2,2,3,2,2,2,2,2,3,2,3","0.000648975372314453","louvain","graph_2024M05.graphml"
"0.19","0.21","0.6","0.121143361338301","1,2,3,1,4,2,4,4,2,3,4,4,4,4,2,4,2","0.000636100769042969","louvain","graph_2024M05.graphml"
"0.18","0.22","0.6","0.12080801639342","1,2,3,2,3,2,3,3,2,3,3,3,3,3,1,3,2","0.000622987747192383","louvain","graph_2024M05.graphml"
"0.17","0.23","0.6","0.120602578571184","1,2,3,1,4,4,4,4,2,3,4,4,4,4,2,4,2","0.000613927841186523","louvain","graph_2024M05.graphml"
"0.16","0.24","0.6","0.120657799248144","1,2,3,1,3,3,3,3,2,3,3,3,3,3,2,3,2","0.000598907470703125","louvain","graph_2024M05.graphml"
"0.15","0.25","0.6","0.121619118442401","1,2,3,2,3,3,3,3,2,3,3,3,3,1,2,3,2","0.00062108039855957","louvain","graph_2024M05.graphml"
"0.14","0.26","0.6","0.121619118442401","1,2,3,2,3,3,3,3,2,3,3,3,3,1,2,3,2","0.000628948211669922","louvain","graph_2024M05.graphml"
"0.13","0.27","0.6","0.121123642794417","1,2,3,2,3,3,3,3,2,3,3,3,3,1,2,3,2","0.000609159469604492","louvain","graph_2024M05.graphml"
"0.12","0.28","0.6","0.121335608759226","1,2,3,1,3,3,3,3,2,3,3,3,3,3,2,3,2","0.000615119934082031","louvain","graph_2024M05.graphml"
"0.11","0.29","0.6","0.121344336297563","1,2,3,2,3,3,3,3,2,3,3,3,3,1,2,3,2","0.000622987747192383","louvain","graph_2024M05.graphml"
"0.1","0.3","0.6","0.121770477201329","1,2,2,1,2,3,2,2,3,2,2,2,2,2,3,2,3","0.000746011734008789","louvain","graph_2024M05.graphml"
"0.09","0.31","0.6","0.121895491353472","1,2,3,2,4,3,3,3,2,4,4,3,3,1,2,3,2","0.000612974166870117","louvain","graph_2024M05.graphml"
"0.08","0.32","0.6","0.122289664873007","1,2,3,2,3,3,3,3,2,3,3,3,3,1,2,3,2","0.00061488151550293","louvain","graph_2024M05.graphml"
"0.07","0.33","0.6","0.121799873277862","1,2,3,2,3,3,3,3,2,3,3,3,3,1,2,3,2","0.000607013702392578","louvain","graph_2024M05.graphml"
"0.06","0.34","0.6","0.122784006797189","1,2,3,4,4,3,3,3,2,4,4,3,3,1,2,3,2","0.000602960586547852","louvain","graph_2024M05.graphml"
"0.05","0.35","0.6","0.122784006797189","1,2,3,4,4,3,3,3,2,4,4,3,3,1,2,3,2","0.000632047653198242","louvain","graph_2024M05.graphml"
"0.04","0.36","0.6","0.123108858471074","1,2,3,4,4,3,3,3,2,4,4,3,3,1,2,3,2","0.000622034072875977","louvain","graph_2024M05.graphml"
"0.03","0.37","0.6","0.123180413510831","1,2,3,4,4,3,3,3,2,4,4,3,3,1,2,3,2","0.000596046447753906","louvain","graph_2024M05.graphml"
"0.02","0.38","0.6","0.122498005043251","1,2,3,3,3,3,3,3,2,3,3,4,3,1,2,3,2","0.000581026077270508","louvain","graph_2024M05.graphml"
"0.01","0.39","0.6","0.123927990041176","1,2,3,4,4,3,3,3,2,4,4,3,3,1,2,3,2","0.000599861145019531","louvain","graph_2024M05.graphml"
"0","0.4","0.6","0.124252419649379","1,2,3,2,4,4,4,4,2,3,4,4,4,1,2,3,2","0.000623941421508789","louvain","graph_2024M05.graphml"
"0.39","0","0.61","0.120270242541142","1,2,3,2,4,3,3,3,2,3,4,4,3,4,3,4,2","0.000619173049926758","louvain","graph_2024M05.graphml"
"0.38","0.01","0.61","0.119695904107005","1,2,3,2,2,3,3,3,2,3,4,4,3,1,3,4,2","0.000613212585449219","louvain","graph_2024M05.graphml"
"0.37","0.02","0.61","0.119192542416392","1,2,3,2,2,3,3,3,2,3,3,3,3,1,1,3,2","0.000561952590942383","louvain","graph_2024M05.graphml"
"0.36","0.03","0.61","0.119949194367833","1,2,3,1,4,4,4,4,2,3,4,4,4,4,2,4,2","0.000662088394165039","louvain","graph_2024M05.graphml"
"0.35","0.04","0.61","0.12113392776078","1,2,3,1,4,4,4,4,2,3,4,4,4,4,2,4,2","0.000834941864013672","louvain","graph_2024M05.graphml"
"0.34","0.05","0.61","0.120802665918821","1,2,3,2,2,3,3,3,2,3,4,4,3,1,3,3,2","0.000658035278320312","louvain","graph_2024M05.graphml"
"0.33","0.06","0.61","0.119913448886712","1,2,3,4,4,4,4,4,2,3,4,4,4,1,2,4,2","0.000600099563598633","louvain","graph_2024M05.graphml"
"0.32","0.07","0.61","0.119909201576177","1,2,3,2,2,3,3,3,2,3,1,3,3,1,3,3,2","0.000608921051025391","louvain","graph_2024M05.graphml"
"0.31","0.08","0.61","0.120177135509086","1,2,3,1,4,3,3,3,2,5,4,3,3,4,2,3,2","0.000630855560302734","louvain","graph_2024M05.graphml"
"0.3","0.09","0.61","0.119358097345875","1,2,3,2,4,3,3,3,2,3,4,4,3,4,3,3,2","0.000680923461914062","louvain","graph_2024M05.graphml"
"0.29","0.1","0.61","0.118188745995016","1,2,3,1,3,3,3,3,2,3,3,3,3,3,2,3,2","0.000667095184326172","louvain","graph_2024M05.graphml"
"0.28","0.11","0.61","0.119508443841225","1,2,3,2,2,3,3,3,2,3,4,4,3,1,3,3,2","0.00064396858215332","louvain","graph_2024M05.graphml"
"0.27","0.12","0.61","0.120157990901788","1,2,3,2,2,3,3,3,2,3,4,4,3,1,3,3,2","0.00062108039855957","louvain","graph_2024M05.graphml"
"0.26","0.13","0.61","0.119648141442645","1,2,3,1,4,2,4,4,2,3,4,4,4,4,2,4,2","0.000581026077270508","louvain","graph_2024M05.graphml"
"0.25","0.14","0.61","0.11996346939084","1,2,3,1,3,3,3,3,2,3,3,3,3,3,2,3,2","0.000603199005126953","louvain","graph_2024M05.graphml"
"0.24","0.15","0.61","0.120150382966676","1,2,3,1,3,2,3,3,2,3,3,3,3,3,2,3,2","0.00062108039855957","louvain","graph_2024M05.graphml"
"0.23","0.16","0.61","0.12100064977258","1,2,3,1,3,3,3,3,2,3,3,3,3,3,2,3,2","0.000742912292480469","louvain","graph_2024M05.graphml"
"0.22","0.17","0.61","0.121289882785978","1,2,3,2,3,3,3,3,2,3,3,3,3,1,2,3,2","0.000594854354858398","louvain","graph_2024M05.graphml"
"0.21","0.18","0.61","0.12157382368848","1,2,3,1,3,3,3,3,2,3,3,3,3,3,2,3,2","0.000584840774536133","louvain","graph_2024M05.graphml"
"0.2","0.19","0.61","0.121959292075798","1,2,3,1,4,3,3,3,2,4,4,3,3,4,2,3,2","0.000640153884887695","louvain","graph_2024M05.graphml"
"0.19","0.2","0.61","0.122563952117627","1,2,3,2,4,3,3,3,2,4,4,3,3,1,2,3,2","0.000621795654296875","louvain","graph_2024M05.graphml"
"0.18","0.21","0.61","0.122173811353537","1,2,3,1,4,3,3,3,2,4,4,3,3,4,2,3,2","0.000644922256469727","louvain","graph_2024M05.graphml"
"0.17","0.22","0.61","0.121989823402973","1,2,3,1,4,3,3,3,2,4,4,3,3,4,2,3,2","0.000602006912231445","louvain","graph_2024M05.graphml"
"0.16","0.23","0.61","0.120929250992801","1,2,3,2,4,3,3,3,2,4,4,3,3,1,2,3,2","0.000613927841186523","louvain","graph_2024M05.graphml"
"0.15","0.24","0.61","0.121910758843775","1,2,3,1,2,2,2,2,3,2,2,2,2,2,3,2,3","0.000597000122070312","louvain","graph_2024M05.graphml"
"0.14","0.25","0.61","0.121151944280784","1,2,3,2,3,3,3,3,2,3,3,3,3,1,2,3,2","0.000663042068481445","louvain","graph_2024M05.graphml"
"0.13","0.26","0.61","0.121710214838818","1,2,3,1,4,3,3,3,2,4,4,3,3,4,2,3,2","0.000575780868530273","louvain","graph_2024M05.graphml"
"0.12","0.27","0.61","0.122278530612245","1,2,3,4,4,3,3,3,2,4,4,3,3,1,2,3,2","0.000597953796386719","louvain","graph_2024M05.graphml"
"0.11","0.28","0.61","0.122104622744797","1,2,3,2,4,4,4,4,2,3,4,4,4,4,2,4,2","0.000659942626953125","louvain","graph_2024M05.graphml"
"0.1","0.29","0.61","0.123609019262756","1,2,3,4,4,3,3,3,2,4,4,3,3,1,2,3,2","0.000588178634643555","louvain","graph_2024M05.graphml"
"0.09","0.3","0.61","0.123430493847382","1,2,3,4,4,3,3,3,2,4,4,3,3,1,2,3,2","0.000577211380004883","louvain","graph_2024M05.graphml"
"0.08","0.31","0.61","0.123927990041176","1,2,3,4,4,3,3,3,2,4,4,3,3,1,2,3,2","0.0005950927734375","louvain","graph_2024M05.graphml"
"0.07","0.32","0.61","0.124518468883918","1,2,3,4,4,3,3,3,2,4,4,3,3,1,2,3,2","0.000738859176635742","louvain","graph_2024M05.graphml"
"0.06","0.33","0.61","0.123211328055309","1,2,3,4,4,3,3,3,2,4,4,3,3,1,2,3,2","0.000594139099121094","louvain","graph_2024M05.graphml"
"0.05","0.34","0.61","0.123211328055309","1,2,3,4,4,3,3,3,2,4,4,3,3,1,2,3,2","0.000583887100219727","louvain","graph_2024M05.graphml"
"0.04","0.35","0.61","0.124611245262199","1,2,3,4,4,3,3,3,2,4,4,3,3,1,2,3,2","0.000622987747192383","louvain","graph_2024M05.graphml"
"0.03","0.36","0.61","0.123795137480104","1,2,3,3,3,3,3,3,2,3,3,4,3,1,2,3,2","0.000605106353759766","louvain","graph_2024M05.graphml"
"0.02","0.37","0.61","0.123341223284802","1,2,3,4,4,3,3,3,2,4,4,3,3,1,2,3,2","0.000630855560302734","louvain","graph_2024M05.graphml"
"0.01","0.38","0.61","0.123408938890196","1,2,3,4,4,3,3,3,2,4,4,3,3,1,2,3,2","0.000686883926391602","louvain","graph_2024M05.graphml"
"0","0.39","0.61","0.121144838084423","1,2,3,4,4,4,4,4,2,3,4,4,4,4,2,3,2","0.000747919082641602","louvain","graph_2024M05.graphml"
"0.38","0","0.62","0.118529269130657","1,2,3,2,4,3,3,3,2,3,4,4,3,4,3,3,2","0.000603914260864258","louvain","graph_2024M05.graphml"
"0.37","0.01","0.62","0.117725466525829","1,2,3,1,3,2,3,3,2,3,3,3,3,3,2,3,2","0.000735044479370117","louvain","graph_2024M05.graphml"
"0.36","0.02","0.62","0.118671986249555","1,2,3,1,4,4,4,4,2,3,4,4,4,4,2,4,2","0.000577926635742188","louvain","graph_2024M05.graphml"
"0.35","0.03","0.62","0.119508443841225","1,2,3,2,2,3,3,3,2,3,4,4,3,1,3,3,2","0.00056910514831543","louvain","graph_2024M05.graphml"
"0.34","0.04","0.62","0.11850288775959","1,2,3,1,3,3,3,3,2,3,3,3,3,3,2,3,2","0.000611066818237305","louvain","graph_2024M05.graphml"
"0.33","0.05","0.62","0.118795058278019","1,2,3,4,4,4,4,4,2,3,4,4,4,1,2,4,2","0.000615119934082031","louvain","graph_2024M05.graphml"
"0.32","0.06","0.62","0.119118172993409","1,2,3,1,4,4,4,4,2,3,4,4,4,4,2,4,2","0.00065302848815918","louvain","graph_2024M05.graphml"
"0.31","0.07","0.62","0.118795058278019","1,2,3,4,4,4,4,4,2,3,4,4,4,1,2,4,2","0.000639915466308594","louvain","graph_2024M05.graphml"
"0.3","0.08","0.62","0.120657523477582","1,2,3,2,4,3,3,3,2,4,1,3,3,1,2,3,2","0.000655174255371094","louvain","graph_2024M05.graphml"
"0.29","0.09","0.62","0.120511343785483","1,2,3,2,4,3,3,3,2,4,3,3,3,1,2,3,2","0.000594139099121094","louvain","graph_2024M05.graphml"
"0.28","0.1","0.62","0.120130161214077","1,2,3,2,3,3,3,3,2,3,3,3,3,1,2,3,2","0.000603914260864258","louvain","graph_2024M05.graphml"
"0.27","0.11","0.62","0.120176346574948","1,2,3,1,3,3,3,3,2,3,3,3,3,3,2,3,2","0.000606060028076172","louvain","graph_2024M05.graphml"
"0.26","0.12","0.62","0.121125476490026","1,2,3,1,3,3,3,3,2,3,3,3,3,3,2,3,2","0.000659942626953125","louvain","graph_2024M05.graphml"
"0.25","0.13","0.62","0.121847270447531","1,2,3,1,3,3,3,3,2,3,3,3,3,3,2,3,2","0.000650882720947266","louvain","graph_2024M05.graphml"
"0.24","0.14","0.62","0.121989823402973","1,2,3,1,4,3,3,3,2,4,4,3,3,4,2,3,2","0.000599861145019531","louvain","graph_2024M05.graphml"
"0.23","0.15","0.62","0.121379320437042","1,2,3,2,4,3,3,3,2,4,4,3,3,1,2,3,2","0.000735044479370117","louvain","graph_2024M05.graphml"
"0.22","0.16","0.62","0.121566129606799","1,2,3,2,4,3,3,3,2,4,4,3,3,1,2,3,2","0.000608921051025391","louvain","graph_2024M05.graphml"
"0.21","0.17","0.62","0.121720945743771","1,2,3,2,4,3,3,3,2,4,4,3,3,1,2,3,2","0.00064396858215332","louvain","graph_2024M05.graphml"
"0.2","0.18","0.62","0.122220122840097","1,2,3,1,4,3,3,3,2,4,4,3,3,4,2,3,2","0.000597000122070312","louvain","graph_2024M05.graphml"
"0.19","0.19","0.62","0.122220122840097","1,2,3,1,4,3,3,3,2,4,4,3,3,4,2,3,2","0.000555038452148438","louvain","graph_2024M05.graphml"
"0.18","0.2","0.62","0.122081959183673","1,2,3,4,4,3,3,3,2,4,4,3,3,1,2,3,2","0.000598907470703125","louvain","graph_2024M05.graphml"
"0.17","0.21","0.62","0.122679103855216","1,2,3,4,4,3,3,3,2,4,4,3,3,1,2,3,2","0.000612974166870117","louvain","graph_2024M05.graphml"
"0.16","0.22","0.62","0.122695404463392","1,2,3,4,4,3,3,3,2,4,4,3,3,1,2,3,2","0.000603914260864258","louvain","graph_2024M05.graphml"
"0.15","0.23","0.62","0.122427769293659","1,2,3,4,4,3,3,3,2,4,4,3,3,1,2,3,2","0.000613927841186523","louvain","graph_2024M05.graphml"
"0.14","0.24","0.62","0.121966229372147","1,2,3,4,4,3,3,3,2,4,4,3,3,1,2,3,2","0.000613927841186523","louvain","graph_2024M05.graphml"
"0.13","0.25","0.62","0.123211328055309","1,2,3,4,4,3,3,3,2,4,4,3,3,1,2,3,2","0.000584125518798828","louvain","graph_2024M05.graphml"
"0.12","0.26","0.62","0.121548079830854","1,2,2,2,2,3,2,2,4,2,2,3,2,1,4,2,4","0.000720024108886719","louvain","graph_2024M05.graphml"
"0.11","0.27","0.62","0.123211328055309","1,2,3,4,4,3,3,3,2,4,4,3,3,1,2,3,2","0.000666141510009766","louvain","graph_2024M05.graphml"
"0.1","0.28","0.62","0.123211328055309","1,2,3,4,4,3,3,3,2,4,4,3,3,1,2,3,2","0.000604867935180664","louvain","graph_2024M05.graphml"
"0.09","0.29","0.62","0.124190476905445","1,2,3,4,4,3,3,3,2,4,4,3,3,1,2,3,2","0.000633001327514648","louvain","graph_2024M05.graphml"
"0.08","0.3","0.62","0.122319581748106","1,2,3,2,4,3,3,3,2,4,4,3,3,4,1,3,2","0.000701904296875","louvain","graph_2024M05.graphml"
"0.07","0.31","0.62","0.121370987654321","1,2,3,2,4,3,3,3,2,4,4,3,3,4,1,3,2","0.000623941421508789","louvain","graph_2024M05.graphml"
"0.06","0.32","0.62","0.11959812338476","1,2,3,2,2,4,4,4,2,3,4,4,4,1,1,3,2","0.000658035278320312","louvain","graph_2024M05.graphml"
"0.05","0.33","0.62","0.12204746327218","1,2,3,1,4,3,3,3,2,4,4,3,3,4,2,3,2","0.000591039657592773","louvain","graph_2024M05.graphml"
"0.04","0.34","0.62","0.120882747576177","1,2,3,1,4,3,3,3,2,4,4,3,3,4,2,3,2","0.000633001327514648","louvain","graph_2024M05.graphml"
"0.03","0.35","0.62","0.119957583102493","1,2,3,3,3,3,3,3,2,3,3,4,3,1,2,3,2","0.0005950927734375","louvain","graph_2024M05.graphml"
"0.02","0.36","0.62","0.120496746453179","1,2,3,1,3,3,3,3,2,3,3,3,3,3,2,3,2","0.000586986541748047","louvain","graph_2024M05.graphml"
"0.01","0.37","0.62","0.121464479128926","1,2,3,1,3,3,3,3,2,3,3,3,3,3,2,3,2","0.000623941421508789","louvain","graph_2024M05.graphml"
"0","0.38","0.62","0.120856022614162","1,2,3,1,3,3,3,3,2,3,3,3,3,3,2,3,2","0.000663995742797852","louvain","graph_2024M05.graphml"
"0.37","0","0.63","0.120000524716204","1,2,3,2,2,3,3,3,2,3,4,4,3,1,3,3,2","0.000586032867431641","louvain","graph_2024M05.graphml"
"0.36","0.01","0.63","0.119120296752789","1,2,3,2,4,3,3,3,2,4,1,3,3,1,2,3,2","0.000760078430175781","louvain","graph_2024M05.graphml"
"0.35","0.02","0.63","0.120404548171486","1,2,3,2,4,3,3,3,2,3,4,4,3,4,3,3,2","0.000693798065185547","louvain","graph_2024M05.graphml"
"0.34","0.03","0.63","0.120036432099369","1,2,3,2,4,3,3,3,2,3,4,4,3,4,3,3,2","0.000704050064086914","louvain","graph_2024M05.graphml"
"0.33","0.04","0.63","0.120128448896231","1,2,3,2,4,3,3,3,2,4,3,3,3,1,2,3,2","0.000627040863037109","louvain","graph_2024M05.graphml"
"0.32","0.05","0.63","0.121125476490026","1,2,3,1,3,3,3,3,2,3,3,3,3,3,2,3,2","0.000563144683837891","louvain","graph_2024M05.graphml"
"0.31","0.06","0.63","0.120863757340431","1,2,3,2,4,3,3,3,2,4,4,3,3,1,2,3,2","0.000612974166870117","louvain","graph_2024M05.graphml"
"0.3","0.07","0.63","0.121052687464164","1,2,3,2,4,3,3,3,2,4,4,3,3,1,2,3,2","0.000652074813842773","louvain","graph_2024M05.graphml"
"0.29","0.08","0.63","0.120079132069061","1,2,3,4,4,4,4,4,2,3,4,4,4,1,2,4,2","0.000649929046630859","louvain","graph_2024M05.graphml"
"0.28","0.09","0.63","0.121052687464164","1,2,3,2,4,3,3,3,2,4,4,3,3,1,2,3,2","0.000626087188720703","louvain","graph_2024M05.graphml"
"0.27","0.1","0.63","0.122169375082574","1,2,3,2,4,3,3,3,2,4,4,3,3,1,2,3,2","0.000594854354858398","louvain","graph_2024M05.graphml"
"0.26","0.11","0.63","0.121720945743771","1,2,3,2,4,3,3,3,2,4,4,3,3,1,2,3,2","0.000602960586547852","louvain","graph_2024M05.graphml"
"0.25","0.12","0.63","0.120683637546924","1,2,3,2,4,3,3,3,2,4,4,3,3,1,2,3,2","0.00065302848815918","louvain","graph_2024M05.graphml"
"0.24","0.13","0.63","0.122081959183673","1,2,3,4,4,3,3,3,2,4,4,3,3,1,2,3,2","0.000627994537353516","louvain","graph_2024M05.graphml"
"0.23","0.14","0.63","0.122679103855216","1,2,3,4,4,3,3,3,2,4,4,3,3,1,2,3,2","0.000607013702392578","louvain","graph_2024M05.graphml"
"0.22","0.15","0.63","0.121767906400863","1,2,3,4,4,3,3,3,2,4,4,3,3,1,2,3,2","0.000627994537353516","louvain","graph_2024M05.graphml"
"0.21","0.16","0.63","0.121344115877644","1,2,3,4,4,3,3,3,2,4,4,3,3,1,2,3,2","0.000609874725341797","louvain","graph_2024M05.graphml"
"0.2","0.17","0.63","0.120998885453046","1,2,3,4,4,3,3,3,2,4,4,3,3,1,2,3,2","0.000697135925292969","louvain","graph_2024M05.graphml"
"0.19","0.18","0.63","0.121202081138881","1,2,3,4,4,3,3,3,2,4,4,3,3,1,2,3,2","0.000645875930786133","louvain","graph_2024M05.graphml"
"0.18","0.19","0.63","0.122211856339027","1,2,3,4,4,3,3,3,2,4,4,3,3,1,2,3,2","0.000584840774536133","louvain","graph_2024M05.graphml"
"0.17","0.2","0.63","0.123707233935109","1,2,3,4,4,3,3,3,2,4,4,3,3,1,2,3,2","0.000606775283813477","louvain","graph_2024M05.graphml"
"0.16","0.21","0.63","0.122703176215086","1,2,3,4,4,3,3,3,2,4,4,3,3,1,2,3,2","0.00069880485534668","louvain","graph_2024M05.graphml"
"0.15","0.22","0.63","0.122109549386161","1,2,3,4,4,3,3,3,2,4,4,3,3,1,2,3,2","0.000653982162475586","louvain","graph_2024M05.graphml"
"0.14","0.23","0.63","0.121475308641975","1,2,3,4,4,3,3,3,2,4,4,3,3,1,2,3,2","0.000622034072875977","louvain","graph_2024M05.graphml"
"0.13","0.24","0.63","0.121332368080786","1,2,3,1,4,3,3,3,2,4,4,3,3,4,2,3,2","0.000655174255371094","louvain","graph_2024M05.graphml"
"0.12","0.25","0.63","0.118806411034537","1,2,3,1,2,4,4,4,2,3,4,4,4,3,2,3,2","0.000647068023681641","louvain","graph_2024M05.graphml"
"0.11","0.26","0.63","0.120173366770032","1,2,3,1,4,3,3,3,2,4,4,3,3,4,2,3,2","0.000641107559204102","louvain","graph_2024M05.graphml"
"0.1","0.27","0.63","0.119805716198645","1,2,3,1,4,3,3,3,2,4,4,3,3,4,2,3,2","0.000608921051025391","louvain","graph_2024M05.graphml"
"0.09","0.28","0.63","0.119760407048323","1,2,2,1,2,2,2,2,3,2,2,2,2,2,3,2,3","0.000638008117675781","louvain","graph_2024M05.graphml"
"0.08","0.29","0.63","0.120519717024026","1,2,3,1,4,3,3,3,2,4,4,3,3,4,2,3,2","0.000619173049926758","louvain","graph_2024M05.graphml"
"0.07","0.3","0.63","0.121185463883663","1,2,3,1,3,3,3,3,2,3,3,3,3,3,2,3,2","0.00063014030456543","louvain","graph_2024M05.graphml"
"0.06","0.31","0.63","0.121062174567237","1,2,3,1,3,3,3,3,2,3,3,3,3,3,2,3,1","0.000654220581054688","louvain","graph_2024M05.graphml"
"0.05","0.32","0.63","0.120731954234212","1,2,3,3,3,3,3,3,2,3,3,3,3,1,2,3,1","0.000735044479370117","louvain","graph_2024M05.graphml"
"0.04","0.33","0.63","0.122010883630324","1,2,3,1,3,3,3,3,2,3,3,3,3,3,2,3,1","0.000778913497924805","louvain","graph_2024M05.graphml"
"0.03","0.34","0.63","0.122357341124909","1,2,3,1,3,3,3,3,2,3,3,3,3,3,2,3,1","0.00061798095703125","louvain","graph_2024M05.graphml"
"0.02","0.35","0.63","0.122357341124909","1,2,3,1,3,3,3,3,2,3,3,3,3,3,2,3,1","0.000679969787597656","louvain","graph_2024M05.graphml"
"0.01","0.36","0.63","0.122357341124909","1,2,3,1,3,3,3,3,2,3,3,3,3,3,2,3,1","0.000620126724243164","louvain","graph_2024M05.graphml"
"0","0.37","0.63","0.122357341124909","1,2,3,1,3,3,3,3,2,3,3,3,3,3,2,3,1","0.000585079193115234","louvain","graph_2024M05.graphml"
"0.36","0","0.64","0.120536551685604","1,2,3,2,4,3,3,3,2,4,4,3,3,1,2,3,2","0.000603914260864258","louvain","graph_2024M05.graphml"
"0.35","0.01","0.64","0.121052687464164","1,2,3,2,4,3,3,3,2,4,4,3,3,1,2,3,2","0.00104999542236328","louvain","graph_2024M05.graphml"
"0.34","0.02","0.64","0.121656176629884","1,2,3,2,4,3,3,3,2,4,4,3,3,1,2,3,2","0.000646114349365234","louvain","graph_2024M05.graphml"
"0.33","0.03","0.64","0.121656176629884","1,2,3,2,4,3,3,3,2,4,4,3,3,1,2,3,2","0.000777006149291992","louvain","graph_2024M05.graphml"
"0.32","0.04","0.64","0.120017900429848","1,2,3,2,3,3,3,3,2,3,3,3,3,1,2,3,2","0.000586032867431641","louvain","graph_2024M05.graphml"
"0.31","0.05","0.64","0.119985605839916","1,2,3,1,3,3,3,3,2,3,3,3,3,3,2,3,2","0.000643014907836914","louvain","graph_2024M05.graphml"
"0.3","0.06","0.64","0.121801795918367","1,2,3,4,4,3,3,3,2,4,4,3,3,1,2,3,2","0.000809907913208008","louvain","graph_2024M05.graphml"
"0.29","0.07","0.64","0.12229936024622","1,2,3,4,4,3,3,3,2,4,4,3,3,1,2,3,2","0.000565052032470703","louvain","graph_2024M05.graphml"
"0.28","0.08","0.64","0.121344115877644","1,2,3,4,4,3,3,3,2,4,4,3,3,1,2,3,2","0.000611066818237305","louvain","graph_2024M05.graphml"
"0.27","0.09","0.64","0.120998885453046","1,2,3,4,4,3,3,3,2,4,4,3,3,1,2,3,2","0.000730991363525391","louvain","graph_2024M05.graphml"
"0.26","0.1","0.64","0.122094544990265","1,2,3,4,4,3,3,3,2,4,4,3,3,1,2,3,2","0.000614166259765625","louvain","graph_2024M05.graphml"
"0.25","0.11","0.64","0.121511447192088","1,2,3,4,4,3,3,3,2,4,4,3,3,1,2,3,2","0.000686168670654297","louvain","graph_2024M05.graphml"
"0.24","0.12","0.64","0.121511447192088","1,2,3,4,4,3,3,3,2,4,4,3,3,1,2,3,2","0.000602006912231445","louvain","graph_2024M05.graphml"
"0.23","0.13","0.64","0.120706644144144","1,2,3,4,4,3,3,3,2,4,4,3,3,1,2,3,2","0.000574111938476562","louvain","graph_2024M05.graphml"
"0.22","0.14","0.64","0.120220227249642","1,2,3,4,4,3,3,3,2,4,4,3,3,1,2,3,2","0.000602960586547852","louvain","graph_2024M05.graphml"
"0.21","0.15","0.64","0.119628912925409","1,2,3,4,4,3,3,3,2,4,4,3,3,1,2,3,2","0.000623941421508789","louvain","graph_2024M05.graphml"
"0.2","0.16","0.64","0.118724219644938","1,2,3,1,2,3,3,3,2,3,3,4,3,3,2,3,2","0.000600099563598633","louvain","graph_2024M05.graphml"
"0.19","0.17","0.64","0.11863999236432","1,2,3,3,2,3,3,3,2,3,3,4,3,1,2,3,2","0.000616073608398438","louvain","graph_2024M05.graphml"
"0.18","0.18","0.64","0.11950114812028","1,2,3,1,2,4,4,4,2,3,4,4,4,3,2,3,2","0.00123715400695801","louvain","graph_2024M05.graphml"
"0.17","0.19","0.64","0.120076194958179","1,2,3,1,4,3,3,3,2,4,3,3,3,4,2,3,2","0.000599861145019531","louvain","graph_2024M05.graphml"
"0.16","0.2","0.64","0.118560755965586","1,2,3,2,2,3,3,3,2,3,3,3,3,1,1,3,2","0.000708818435668945","louvain","graph_2024M05.graphml"
"0.15","0.21","0.64","0.119619717747352","1,2,3,1,2,3,3,3,2,3,3,4,3,3,2,3,2","0.000590085983276367","louvain","graph_2024M05.graphml"
"0.14","0.22","0.64","0.119947363611881","1,2,3,3,2,3,3,3,2,3,3,4,3,1,2,3,2","0.000684976577758789","louvain","graph_2024M05.graphml"
"0.13","0.23","0.64","0.120827128691064","1,2,3,1,3,3,3,3,2,3,3,3,3,3,2,3,1","0.000592947006225586","louvain","graph_2024M05.graphml"
"0.12","0.24","0.64","0.12049970442974","1,2,3,1,3,3,3,3,2,3,3,3,3,3,2,3,1","0.000622034072875977","louvain","graph_2024M05.graphml"
"0.11","0.25","0.64","0.11984640831758","1,2,3,1,3,3,3,3,2,3,3,3,3,3,2,3,1","0.000663995742797852","louvain","graph_2024M05.graphml"
"0.1","0.26","0.64","0.120524709369153","1,2,3,1,3,3,3,3,2,3,3,3,3,3,2,3,1","0.000668048858642578","louvain","graph_2024M05.graphml"
"0.09","0.27","0.64","0.122081201626656","1,2,3,1,3,3,3,3,2,3,3,3,3,3,2,3,1","0.000629901885986328","louvain","graph_2024M05.graphml"
"0.08","0.28","0.64","0.122357341124909","1,2,3,1,3,3,3,3,2,3,3,3,3,3,2,3,1","0.000594854354858398","louvain","graph_2024M05.graphml"
"0.07","0.29","0.64","0.122357341124909","1,2,3,1,3,3,3,3,2,3,3,3,3,3,2,3,1","0.000639915466308594","louvain","graph_2024M05.graphml"
"0.06","0.3","0.64","0.12305906751635","1,2,3,1,3,3,3,3,2,3,3,3,3,3,2,3,1","0.000631093978881836","louvain","graph_2024M05.graphml"
"0.05","0.31","0.64","0.12305906751635","1,2,3,1,3,3,3,3,2,3,3,3,3,3,2,3,1","0.000638008117675781","louvain","graph_2024M05.graphml"
"0.04","0.32","0.64","0.122454784882758","1,2,3,1,3,3,3,3,2,3,3,3,3,3,2,3,1","0.000905990600585938","louvain","graph_2024M05.graphml"
"0.03","0.33","0.64","0.122454784882758","1,2,3,1,3,3,3,3,2,3,3,3,3,3,2,3,1","0.000626087188720703","louvain","graph_2024M05.graphml"
"0.02","0.34","0.64","0.121038314633017","1,2,3,1,3,3,3,3,2,3,3,3,3,3,2,3,1","0.000641107559204102","louvain","graph_2024M05.graphml"
"0.01","0.35","0.64","0.122027829664939","1,2,3,1,4,3,3,3,2,4,4,3,3,4,3,3,1","0.000613212585449219","louvain","graph_2024M05.graphml"
"0","0.36","0.64","0.121158507056087","1,2,3,2,2,3,3,3,2,3,3,3,3,1,3,3,1","0.000643014907836914","louvain","graph_2024M05.graphml"
"0.35","0","0.65","0.121457313940878","1,2,3,4,4,3,3,3,2,4,4,3,3,1,2,3,2","0.000696897506713867","louvain","graph_2024M05.graphml"
"0.34","0.01","0.65","0.121850507061149","1,2,3,4,4,3,3,3,2,4,4,3,3,1,2,3,2","0.000584840774536133","louvain","graph_2024M05.graphml"
"0.33","0.02","0.65","0.121427370330549","1,2,3,4,4,3,3,3,2,4,4,3,3,1,2,3,2","0.000615835189819336","louvain","graph_2024M05.graphml"
"0.32","0.03","0.65","0.122015483579043","1,2,3,4,4,3,3,3,2,4,4,3,3,1,2,3,2","0.000581979751586914","louvain","graph_2024M05.graphml"
"0.31","0.04","0.65","0.122015483579043","1,2,3,4,4,3,3,3,2,4,4,3,3,1,2,3,2","0.000561952590942383","louvain","graph_2024M05.graphml"
"0.3","0.05","0.65","0.121209609766158","1,2,3,4,4,3,3,3,2,4,4,3,3,1,2,3,2","0.000627040863037109","louvain","graph_2024M05.graphml"
"0.29","0.06","0.65","0.119057770465572","1,2,3,4,4,3,3,3,2,4,4,3,3,1,2,3,2","0.000633001327514648","louvain","graph_2024M05.graphml"
"0.28","0.07","0.65","0.118353759403636","1,2,3,4,4,3,3,3,2,4,4,3,3,1,2,3,2","0.000635147094726562","louvain","graph_2024M05.graphml"
"0.27","0.08","0.65","0.119034714172562","1,2,3,1,4,3,3,3,2,4,3,3,3,4,2,3,2","0.000645160675048828","louvain","graph_2024M05.graphml"
"0.26","0.09","0.65","0.117604510302309","1,2,3,1,2,4,4,4,2,3,4,4,4,3,2,3,2","0.000579833984375","louvain","graph_2024M05.graphml"
"0.25","0.1","0.65","0.117372386127698","1,2,3,2,2,3,3,3,2,4,3,3,3,1,4,3,2","0.000603914260864258","louvain","graph_2024M05.graphml"
"0.24","0.11","0.65","0.119625137816979","1,2,3,1,4,3,3,3,2,4,3,3,3,4,2,3,2","0.000620841979980469","louvain","graph_2024M05.graphml"
"0.23","0.12","0.65","0.120524978790508","1,2,3,1,4,3,3,3,2,4,3,3,3,4,2,3,2","0.000602006912231445","louvain","graph_2024M05.graphml"
"0.22","0.13","0.65","0.119590066817463","1,2,3,1,2,4,4,4,2,3,4,4,4,3,2,3,2","0.000639200210571289","louvain","graph_2024M05.graphml"
"0.21","0.14","0.65","0.120629754860524","1,2,3,1,4,3,3,3,2,4,3,3,3,4,2,3,1","0.000655889511108398","louvain","graph_2024M05.graphml"
"0.2","0.15","0.65","0.120851487957833","1,2,3,1,4,3,3,3,2,4,3,3,3,4,2,3,1","0.000628948211669922","louvain","graph_2024M05.graphml"
"0.19","0.16","0.65","0.119931146426365","1,2,3,1,3,3,3,3,2,3,3,3,3,3,2,3,1","0.000638008117675781","louvain","graph_2024M05.graphml"
"0.18","0.17","0.65","0.119535577484443","1,2,3,1,2,3,3,3,2,3,3,3,3,3,2,3,1","0.000640869140625","louvain","graph_2024M05.graphml"
"0.17","0.18","0.65","0.119565075820456","1,2,3,1,3,3,3,3,2,3,3,3,3,3,2,3,1","0.000669002532958984","louvain","graph_2024M05.graphml"
"0.16","0.19","0.65","0.120243383742911","1,2,3,1,3,3,3,3,2,3,3,3,3,3,2,3,1","0.00058293342590332","louvain","graph_2024M05.graphml"
"0.15","0.2","0.65","0.120243383742911","1,2,3,1,3,3,3,3,2,3,3,3,3,3,2,3,1","0.000587940216064453","louvain","graph_2024M05.graphml"
"0.14","0.21","0.65","0.121275951399706","1,2,3,1,3,3,3,3,2,3,3,3,3,3,2,3,1","0.000869989395141602","louvain","graph_2024M05.graphml"
"0.13","0.22","0.65","0.122386769211792","1,2,3,1,3,3,3,3,2,3,3,3,3,3,2,3,1","0.000641822814941406","louvain","graph_2024M05.graphml"
"0.12","0.23","0.65","0.122454784882758","1,2,3,1,3,3,3,3,2,3,3,3,3,3,2,3,1","0.000628948211669922","louvain","graph_2024M05.graphml"
"0.11","0.24","0.65","0.122454784882758","1,2,3,1,3,3,3,3,2,3,3,3,3,3,2,3,1","0.000674962997436523","louvain","graph_2024M05.graphml"
"0.1","0.25","0.65","0.122286304990649","1,2,3,1,3,3,3,3,2,3,3,3,3,3,2,3,1","0.000622034072875977","louvain","graph_2024M05.graphml"
"0.09","0.26","0.65","0.121180164252506","1,2,3,1,4,3,3,3,2,4,4,3,3,4,2,3,1","0.000609159469604492","louvain","graph_2024M05.graphml"
"0.08","0.27","0.65","0.12030131401125","1,2,3,2,2,3,3,3,2,4,3,3,3,1,4,3,1","0.000665903091430664","louvain","graph_2024M05.graphml"
"0.07","0.28","0.65","0.120515902366864","1,2,3,4,4,3,3,3,2,4,4,3,3,1,2,3,1","0.000657081604003906","louvain","graph_2024M05.graphml"
"0.06","0.29","0.65","0.121699627207794","1,2,3,1,3,3,3,3,2,3,3,3,3,3,2,3,1","0.000641822814941406","louvain","graph_2024M05.graphml"
"0.05","0.3","0.65","0.121568709907665","1,2,3,1,4,3,3,3,2,4,4,3,3,4,3,3,1","0.000606060028076172","louvain","graph_2024M05.graphml"
"0.04","0.31","0.65","0.123174297359288","1,2,3,1,3,3,3,3,2,3,3,3,3,3,2,3,1","0.000596046447753906","louvain","graph_2024M05.graphml"
"0.03","0.32","0.65","0.122682735656717","1,2,3,1,3,3,3,3,2,3,3,3,3,3,2,3,1","0.000646829605102539","louvain","graph_2024M05.graphml"
"0.02","0.33","0.65","0.122955979783108","1,2,3,1,3,3,3,3,2,3,3,3,3,3,2,3,1","0.000728130340576172","louvain","graph_2024M05.graphml"
"0.01","0.34","0.65","0.122769700696639","1,2,3,1,3,4,3,3,2,3,3,4,3,3,3,3,1","0.000601053237915039","louvain","graph_2024M05.graphml"
"0","0.35","0.65","0.124146278639041","1,2,3,1,4,3,3,3,2,4,4,3,3,4,3,3,1","0.000619888305664062","louvain","graph_2024M05.graphml"
"0.34","0","0.66","0.118368450422605","1,2,3,1,4,3,3,3,2,4,4,3,3,4,2,3,2","0.00062108039855957","louvain","graph_2024M05.graphml"
"0.33","0.01","0.66","0.117172222222222","1,2,3,1,2,4,4,4,2,3,4,4,4,4,2,4,2","0.000612974166870117","louvain","graph_2024M05.graphml"
"0.32","0.02","0.66","0.118694729373332","1,2,3,1,4,3,3,3,2,4,4,3,3,4,2,3,2","0.000750064849853516","louvain","graph_2024M05.graphml"
"0.31","0.03","0.66","0.118694729373332","1,2,3,1,4,3,3,3,2,4,4,3,3,4,2,3,2","0.000723123550415039","louvain","graph_2024M05.graphml"
"0.3","0.04","0.66","0.118263178779646","1,2,3,1,4,3,3,3,2,4,3,3,3,4,2,3,2","0.000602960586547852","louvain","graph_2024M05.graphml"
"0.29","0.05","0.66","0.117750074314479","1,2,3,4,2,4,4,4,2,3,4,4,4,1,2,3,2","0.000589132308959961","louvain","graph_2024M05.graphml"
"0.28","0.06","0.66","0.119273833676331","1,2,3,1,4,3,3,3,2,4,3,3,3,4,2,3,1","0.000661134719848633","louvain","graph_2024M05.graphml"
"0.27","0.07","0.66","0.119728090007569","1,2,3,1,4,3,3,3,2,4,3,3,3,4,2,3,1","0.000620126724243164","louvain","graph_2024M05.graphml"
"0.26","0.08","0.66","0.120277385555365","1,2,3,1,2,4,4,4,2,3,4,4,4,3,2,3,1","0.00059819221496582","louvain","graph_2024M05.graphml"
"0.25","0.09","0.66","0.119163307354654","1,2,3,1,2,4,4,4,2,3,4,4,4,3,2,3,1","0.00066685676574707","louvain","graph_2024M05.graphml"
"0.24","0.1","0.66","0.119282232379759","1,2,3,1,3,3,3,3,2,3,3,3,3,3,2,3,1","0.000693082809448242","louvain","graph_2024M05.graphml"
"0.23","0.11","0.66","0.119853391288492","1,2,3,1,2,3,3,3,2,3,3,3,3,3,2,3,1","0.000612020492553711","louvain","graph_2024M05.graphml"
"0.22","0.12","0.66","0.11940179736655","1,2,3,3,3,3,3,3,2,3,3,3,3,1,2,3,1","0.000629901885986328","louvain","graph_2024M05.graphml"
"0.21","0.13","0.66","0.120278113692294","1,2,3,1,3,3,3,3,2,3,3,3,3,3,2,3,1","0.000576972961425781","louvain","graph_2024M05.graphml"
"0.2","0.14","0.66","0.120278113692294","1,2,3,1,3,3,3,3,2,3,3,3,3,3,2,3,1","0.000719070434570312","louvain","graph_2024M05.graphml"
"0.19","0.15","0.66","0.120670410037293","1,2,3,1,3,3,3,3,2,3,3,3,3,3,2,3,1","0.000671148300170898","louvain","graph_2024M05.graphml"
"0.18","0.16","0.66","0.121622645998255","1,2,3,1,3,3,3,3,2,3,3,3,3,3,2,3,1","0.000651836395263672","louvain","graph_2024M05.graphml"
"0.17","0.17","0.66","0.120263116120787","1,2,3,3,3,3,3,3,2,3,3,3,3,1,2,3,1","0.000658988952636719","louvain","graph_2024M05.graphml"
"0.16","0.18","0.66","0.120228644343712","1,2,2,2,2,3,2,2,4,2,2,3,2,2,4,2,1","0.000626087188720703","louvain","graph_2024M05.graphml"
"0.15","0.19","0.66","0.120210019885375","1,2,3,1,3,3,3,3,2,3,3,3,3,3,2,3,1","0.000622034072875977","louvain","graph_2024M05.graphml"
"0.14","0.2","0.66","0.121017559719483","1,2,3,1,4,3,3,3,2,4,4,3,3,4,2,3,1","0.000602006912231445","louvain","graph_2024M05.graphml"
"0.13","0.21","0.66","0.121017559719483","1,2,3,1,4,3,3,3,2,4,4,3,3,4,2,3,1","0.000617027282714844","louvain","graph_2024M05.graphml"
"0.12","0.22","0.66","0.121017559719483","1,2,3,1,4,3,3,3,2,4,4,3,3,4,2,3,1","0.000617027282714844","louvain","graph_2024M05.graphml"
"0.11","0.23","0.66","0.120742995349176","1,2,3,2,2,3,3,3,2,4,3,3,3,1,4,3,1","0.000546932220458984","louvain","graph_2024M05.graphml"
"0.1","0.24","0.66","0.121435129607524","1,2,3,1,3,3,3,3,2,3,3,3,3,3,2,3,1","0.000649929046630859","louvain","graph_2024M05.graphml"
"0.09","0.25","0.66","0.122307756456201","1,2,3,1,4,3,3,3,2,4,4,3,3,4,3,3,1","0.00065302848815918","louvain","graph_2024M05.graphml"
"0.08","0.26","0.66","0.122307756456201","1,2,3,1,4,3,3,3,2,4,4,3,3,4,3,3,1","0.000665903091430664","louvain","graph_2024M05.graphml"
"0.07","0.27","0.66","0.122179110327258","1,2,3,1,3,4,3,3,2,3,3,4,3,3,3,3,1","0.000587940216064453","louvain","graph_2024M05.graphml"
"0.06","0.28","0.66","0.124105934768289","1,2,3,4,4,3,3,3,2,4,4,3,3,1,3,3,1","0.000645875930786133","louvain","graph_2024M05.graphml"
"0.05","0.29","0.66","0.123276567536567","1,2,3,2,2,3,3,3,2,4,3,3,3,1,4,3,1","0.000610113143920898","louvain","graph_2024M05.graphml"
"0.04","0.3","0.66","0.122945501730104","1,2,3,1,4,3,3,3,2,4,4,3,3,4,3,3,1","0.000623941421508789","louvain","graph_2024M05.graphml"
"0.03","0.31","0.66","0.121661138674927","1,2,3,2,2,3,3,3,2,3,3,3,3,1,3,3,1","0.000618934631347656","louvain","graph_2024M05.graphml"
"0.02","0.32","0.66","0.123283796677229","1,2,3,2,2,3,3,3,2,4,4,3,3,4,3,3,1","0.000650167465209961","louvain","graph_2024M05.graphml"
"0.01","0.33","0.66","0.122985088671417","1,2,3,2,2,3,3,3,2,4,3,3,3,1,4,3,1","0.000612020492553711","louvain","graph_2024M05.graphml"
"0","0.34","0.66","0.122435576170308","1,2,3,2,2,3,3,3,2,4,3,3,3,1,4,3,1","0.000689983367919922","louvain","graph_2024M05.graphml"
"0.33","0","0.67","0.118193779889893","1,2,3,1,2,3,3,3,2,3,3,3,3,3,2,3,1","0.000627994537353516","louvain","graph_2024M05.graphml"
"0.32","0.01","0.67","0.118563524353647","1,2,3,1,4,3,3,3,2,4,3,3,3,4,2,3,1","0.000611066818237305","louvain","graph_2024M05.graphml"
"0.31","0.02","0.67","0.119015342461152","1,2,3,1,4,3,3,3,2,4,3,3,3,4,2,3,1","0.000599861145019531","louvain","graph_2024M05.graphml"
"0.3","0.03","0.67","0.118663484144047","1,2,3,1,4,3,3,3,2,4,3,3,3,4,2,3,1","0.000612020492553711","louvain","graph_2024M05.graphml"
"0.29","0.04","0.67","0.119588164738841","1,2,3,1,2,3,3,3,2,3,3,3,3,3,2,3,1","0.000632047653198242","louvain","graph_2024M05.graphml"
"0.28","0.05","0.67","0.119556356332703","1,2,3,2,2,4,2,2,3,2,2,4,2,2,3,2,1","0.000684976577758789","louvain","graph_2024M05.graphml"
"0.27","0.06","0.67","0.11940179736655","1,2,3,3,3,3,3,3,2,3,3,3,3,1,2,3,1","0.000622987747192383","louvain","graph_2024M05.graphml"
"0.26","0.07","0.67","0.119211160308864","1,2,3,2,2,3,3,3,2,3,3,3,3,1,2,3,1","0.000662088394165039","louvain","graph_2024M05.graphml"
"0.25","0.08","0.67","0.120345968966099","1,2,3,1,3,3,3,3,2,3,3,3,3,3,2,3,1","0.000789880752563477","louvain","graph_2024M05.graphml"
"0.24","0.09","0.67","0.119504658702438","1,2,2,1,2,2,2,2,3,2,2,2,2,2,3,2,1","0.000668048858642578","louvain","graph_2024M05.graphml"
"0.23","0.1","0.67","0.119693352407848","1,2,3,1,3,3,3,3,2,3,3,3,3,3,2,3,1","0.000608921051025391","louvain","graph_2024M05.graphml"
"0.22","0.11","0.67","0.11937391605966","1,2,3,1,3,3,3,3,2,3,3,3,3,3,2,3,1","0.000711917877197266","louvain","graph_2024M05.graphml"
"0.21","0.12","0.67","0.120041741610432","1,2,3,1,3,3,3,3,2,3,3,3,3,3,2,3,1","0.00068211555480957","louvain","graph_2024M05.graphml"
"0.2","0.13","0.67","0.11929788888774","1,2,3,3,3,3,3,3,2,3,3,3,3,1,2,3,1","0.00064396858215332","louvain","graph_2024M05.graphml"
"0.19","0.14","0.67","0.12016252539101","1,2,3,1,3,3,3,3,2,3,3,3,3,3,2,3,1","0.000617027282714844","louvain","graph_2024M05.graphml"
"0.18","0.15","0.67","0.11967467035576","1,2,3,1,3,3,3,3,2,3,3,3,3,3,2,3,1","0.000643014907836914","louvain","graph_2024M05.graphml"
"0.17","0.16","0.67","0.121872453598914","1,2,3,1,3,3,3,3,2,3,3,3,3,3,2,3,1","0.00091099739074707","louvain","graph_2024M05.graphml"
"0.16","0.17","0.67","0.121872453598914","1,2,3,1,3,3,3,3,2,3,3,3,3,3,2,3,1","0.00067591667175293","louvain","graph_2024M05.graphml"
"0.15","0.18","0.67","0.121277023448273","1,2,3,1,3,3,3,3,2,3,3,3,3,3,2,3,1","0.000771999359130859","louvain","graph_2024M05.graphml"
"0.14","0.19","0.67","0.122089108733123","1,2,3,1,3,3,3,3,2,3,3,3,3,3,2,3,1","0.000589847564697266","louvain","graph_2024M05.graphml"
"0.13","0.2","0.67","0.122392990117858","1,2,3,1,3,3,3,3,2,3,3,3,3,3,3,3,1","0.000613927841186523","louvain","graph_2024M05.graphml"
"0.12","0.21","0.67","0.123591861168972","1,2,3,1,4,3,3,3,2,4,4,3,3,4,3,3,1","0.000671148300170898","louvain","graph_2024M05.graphml"
"0.11","0.22","0.67","0.122674792243767","1,2,3,1,4,3,3,3,2,4,4,3,3,4,3,3,1","0.000851869583129883","louvain","graph_2024M05.graphml"
"0.1","0.23","0.67","0.122422261836207","1,2,3,1,4,3,3,3,2,4,4,3,3,4,3,3,1","0.000663995742797852","louvain","graph_2024M05.graphml"
"0.09","0.24","0.67","0.122985088671417","1,2,3,2,2,3,3,3,2,4,3,3,3,1,4,3,1","0.000616073608398438","louvain","graph_2024M05.graphml"
"0.08","0.25","0.67","0.122668147260083","1,2,3,2,3,3,3,3,2,4,3,3,3,1,4,3,1","0.000699043273925781","louvain","graph_2024M05.graphml"
"0.07","0.26","0.67","0.12177320179497","1,2,3,2,3,3,3,3,2,4,3,3,3,1,4,3,1","0.000620126724243164","louvain","graph_2024M05.graphml"
"0.06","0.27","0.67","0.121212022569444","1,2,3,2,3,3,3,3,2,4,3,3,3,1,4,3,1","0.000628948211669922","louvain","graph_2024M05.graphml"
"0.05","0.28","0.67","0.121815854755874","1,2,3,2,4,4,4,3,2,4,4,3,4,4,4,3,1","0.000616073608398438","louvain","graph_2024M05.graphml"
"0.04","0.29","0.67","0.12161567852836","1,2,3,2,4,3,3,3,2,4,4,3,3,4,3,3,1","0.000663995742797852","louvain","graph_2024M05.graphml"
"0.03","0.3","0.67","0.122207557078143","1,2,3,2,3,3,3,3,2,4,3,3,3,1,4,3,1","0.000629901885986328","louvain","graph_2024M05.graphml"
"0.02","0.31","0.67","0.121785738881906","1,2,3,2,3,3,3,3,2,4,3,3,3,1,4,3,1","0.00064396858215332","louvain","graph_2024M05.graphml"
"0.01","0.32","0.67","0.121369356601325","1,2,3,2,4,4,4,3,2,4,4,3,4,4,4,3,1","0.000680923461914062","louvain","graph_2024M05.graphml"
"0","0.33","0.67","0.121593686895526","1,2,3,2,3,3,3,3,2,4,3,3,3,1,4,3,1","0.000567913055419922","louvain","graph_2024M05.graphml"
"0.32","0","0.68","0.118715915133093","1,2,3,1,2,3,3,3,2,3,3,3,3,3,2,3,1","0.000608921051025391","louvain","graph_2024M05.graphml"
"0.31","0.01","0.68","0.118642970765363","1,2,3,1,2,3,3,3,2,3,3,3,3,3,2,3,1","0.000671148300170898","louvain","graph_2024M05.graphml"
"0.3","0.02","0.68","0.118642970765363","1,2,3,1,2,3,3,3,2,3,3,3,3,3,2,3,1","0.000612020492553711","louvain","graph_2024M05.graphml"
"0.29","0.03","0.68","0.119693352407848","1,2,3,1,3,3,3,3,2,3,3,3,3,3,2,3,1","0.000613927841186523","louvain","graph_2024M05.graphml"
"0.28","0.04","0.68","0.119092256335447","1,2,3,1,3,3,3,3,2,3,3,3,3,3,2,3,1","0.00063776969909668","louvain","graph_2024M05.graphml"
"0.27","0.05","0.68","0.120041741610432","1,2,3,1,3,3,3,3,2,3,3,3,3,3,2,3,1","0.000615119934082031","louvain","graph_2024M05.graphml"
"0.26","0.06","0.68","0.1191124953574","1,2,3,1,3,3,3,3,2,3,3,3,3,3,2,3,1","0.000684022903442383","louvain","graph_2024M05.graphml"
"0.25","0.07","0.68","0.1191124953574","1,2,3,1,3,3,3,3,2,3,3,3,3,3,2,3,1","0.000627040863037109","louvain","graph_2024M05.graphml"
"0.24","0.08","0.68","0.119394320684034","1,2,3,1,3,3,3,3,2,3,3,3,3,3,2,3,1","0.000633955001831055","louvain","graph_2024M05.graphml"
"0.23","0.09","0.68","0.11974111319734","1,2,3,1,3,3,3,3,2,3,3,3,3,3,2,3,1","0.00067591667175293","louvain","graph_2024M05.graphml"
"0.22","0.1","0.68","0.120422702580353","1,2,3,3,3,3,3,3,2,3,3,3,3,1,2,3,1","0.000602006912231445","louvain","graph_2024M05.graphml"
"0.21","0.11","0.68","0.121277023448273","1,2,3,1,3,3,3,3,2,3,3,3,3,3,2,3,1","0.000654935836791992","louvain","graph_2024M05.graphml"
"0.2","0.12","0.68","0.121097690298218","1,2,3,1,4,3,3,3,2,4,4,3,3,4,2,3,1","0.000623941421508789","louvain","graph_2024M05.graphml"
"0.19","0.13","0.68","0.121466778321805","1,2,3,1,4,4,4,3,2,4,4,3,4,4,4,3,1","0.000619888305664062","louvain","graph_2024M05.graphml"
"0.18","0.14","0.68","0.122010190972473","1,2,3,1,4,4,4,3,2,4,4,3,4,4,4,3,1","0.000591039657592773","louvain","graph_2024M05.graphml"
"0.17","0.15","0.68","0.12085404014547","1,2,3,4,3,3,3,3,2,4,4,3,3,1,2,3,1","0.000645875930786133","louvain","graph_2024M05.graphml"
"0.16","0.16","0.68","0.121995047395478","1,2,3,1,3,4,3,3,2,3,3,4,3,3,3,3,1","0.000619173049926758","louvain","graph_2024M05.graphml"
"0.15","0.17","0.68","0.122216435286497","1,2,3,2,3,3,3,3,2,3,3,3,3,3,3,3,1","0.000703096389770508","louvain","graph_2024M05.graphml"
"0.14","0.18","0.68","0.121801465300448","1,2,3,2,3,4,3,3,2,3,3,4,3,3,3,3,1","0.000599145889282227","louvain","graph_2024M05.graphml"
"0.13","0.19","0.68","0.12170215945279","1,2,3,2,4,4,4,3,2,4,4,3,4,4,4,3,1","0.000633001327514648","louvain","graph_2024M05.graphml"
"0.12","0.2","0.68","0.12170215945279","1,2,3,2,4,4,4,3,2,4,4,3,4,4,4,3,1","0.000696897506713867","louvain","graph_2024M05.graphml"
"0.11","0.21","0.68","0.122060905637346","1,2,3,2,4,3,3,3,2,4,4,3,3,4,3,3,1","0.000610113143920898","louvain","graph_2024M05.graphml"
"0.1","0.22","0.68","0.12154708643485","1,2,3,2,3,3,3,3,2,3,3,3,3,3,2,3,1","0.000680923461914062","louvain","graph_2024M05.graphml"
"0.09","0.23","0.68","0.121868425621301","1,2,3,2,4,4,4,3,2,4,4,3,4,4,4,3,1","0.00061488151550293","louvain","graph_2024M05.graphml"
"0.08","0.24","0.68","0.1218472581219","1,2,3,2,4,4,4,3,2,4,4,3,4,4,4,3,1","0.00062108039855957","louvain","graph_2024M05.graphml"
"0.07","0.25","0.68","0.122015623339356","1,2,3,2,4,3,3,3,2,4,4,3,3,4,3,3,1","0.000584840774536133","louvain","graph_2024M05.graphml"
"0.06","0.26","0.68","0.121113209968595","1,2,3,2,2,3,3,3,2,4,3,3,3,1,4,3,1","0.000605106353759766","louvain","graph_2024M05.graphml"
"0.05","0.27","0.68","0.1208024470722","1,2,3,2,3,3,3,3,2,3,3,3,3,3,2,3,1","0.000601053237915039","louvain","graph_2024M05.graphml"
"0.04","0.28","0.68","0.120589328305563","1,2,3,2,2,3,3,3,2,4,3,3,3,1,4,3,1","0.000627994537353516","louvain","graph_2024M05.graphml"
"0.03","0.29","0.68","0.121204643791324","1,2,3,2,2,3,3,3,2,4,3,3,3,1,4,3,1","0.000623226165771484","louvain","graph_2024M05.graphml"
"0.02","0.3","0.68","0.121436791623063","1,2,3,2,3,4,3,3,2,3,3,4,3,3,3,3,1","0.000662088394165039","louvain","graph_2024M05.graphml"
"0.01","0.31","0.68","0.120881403581841","1,2,3,2,3,4,3,3,2,3,3,4,3,3,3,3,1","0.000607013702392578","louvain","graph_2024M05.graphml"
"0","0.32","0.68","0.120153599827444","1,2,3,2,3,4,3,3,2,3,3,4,3,3,3,3,1","0.000625133514404297","louvain","graph_2024M05.graphml"
"0.31","0","0.69","0.11967467035576","1,2,3,1,3,3,3,3,2,3,3,3,3,3,2,3,1","0.000646114349365234","louvain","graph_2024M05.graphml"
"0.3","0.01","0.69","0.119358090752452","1,2,3,1,3,3,3,3,2,3,3,3,3,3,2,3,1","0.000683069229125977","louvain","graph_2024M05.graphml"
"0.29","0.02","0.69","0.119427233784837","1,2,2,1,2,2,2,2,3,2,2,2,2,2,3,2,1","0.000637054443359375","louvain","graph_2024M05.graphml"
"0.28","0.03","0.69","0.119326618379357","1,2,3,2,2,4,2,2,3,2,2,4,2,2,3,2,1","0.000640153884887695","louvain","graph_2024M05.graphml"
"0.27","0.04","0.69","0.121030217633081","1,2,3,1,3,4,3,3,2,3,3,4,3,3,2,3,1","0.000609874725341797","louvain","graph_2024M05.graphml"
"0.26","0.05","0.69","0.120366027183281","1,2,3,1,3,3,3,3,2,3,3,3,3,3,2,3,1","0.000628948211669922","louvain","graph_2024M05.graphml"
"0.25","0.06","0.69","0.121297976569868","1,2,3,1,3,3,3,3,2,3,3,3,3,3,2,3,1","0.000620841979980469","louvain","graph_2024M05.graphml"
"0.24","0.07","0.69","0.120664422979766","1,2,3,1,4,4,4,3,2,4,4,3,4,4,2,3,1","0.000611066818237305","louvain","graph_2024M05.graphml"
"0.23","0.08","0.69","0.121420289823157","1,2,3,1,4,4,4,3,2,4,4,3,4,4,4,3,1","0.000627040863037109","louvain","graph_2024M05.graphml"
"0.22","0.09","0.69","0.121885561840469","1,2,3,1,4,4,4,3,2,4,4,3,4,4,4,3,1","0.000616073608398438","louvain","graph_2024M05.graphml"
"0.21","0.1","0.69","0.121649789437859","1,2,3,2,4,4,4,3,2,4,4,3,4,4,4,3,1","0.000611066818237305","louvain","graph_2024M05.graphml"
"0.2","0.11","0.69","0.1214501953125","1,2,3,2,4,3,3,3,2,4,4,3,3,4,3,3,1","0.000624179840087891","louvain","graph_2024M05.graphml"
"0.19","0.12","0.69","0.120840782180373","1,2,3,2,4,4,4,3,2,4,4,3,4,4,4,3,1","0.000638008117675781","louvain","graph_2024M05.graphml"
"0.18","0.13","0.69","0.120790431403292","1,2,3,2,3,3,3,3,2,4,3,3,3,1,4,3,1","0.000658035278320312","louvain","graph_2024M05.graphml"
"0.17","0.14","0.69","0.121750349645071","1,2,3,2,3,3,3,3,2,4,3,3,3,1,4,3,1","0.000697851181030273","louvain","graph_2024M05.graphml"
"0.16","0.15","0.69","0.121531245157625","1,2,3,2,4,3,3,3,2,4,4,3,3,4,3,3,1","0.000658035278320312","louvain","graph_2024M05.graphml"
"0.15","0.16","0.69","0.121962994397507","1,2,3,2,3,3,3,3,2,4,3,3,3,1,4,3,1","0.000699996948242188","louvain","graph_2024M05.graphml"
"0.14","0.17","0.69","0.121102020866061","1,2,3,2,3,4,3,3,2,3,3,4,3,3,3,3,1","0.000683069229125977","louvain","graph_2024M05.graphml"
"0.13","0.18","0.69","0.121536245321682","1,2,3,2,2,3,3,3,2,4,3,3,3,1,4,3,1","0.00061798095703125","louvain","graph_2024M05.graphml"
"0.12","0.19","0.69","0.120997138568693","1,2,3,2,2,3,3,3,2,4,3,3,3,1,4,3,1","0.000689983367919922","louvain","graph_2024M05.graphml"
"0.11","0.2","0.69","0.120557001972387","1,2,3,2,3,3,3,3,2,3,3,3,3,1,3,3,1","0.000611066818237305","louvain","graph_2024M05.graphml"
"0.1","0.21","0.69","0.120952553916958","1,2,3,2,2,3,3,3,2,4,4,3,3,1,3,3,1","0.000744104385375977","louvain","graph_2024M05.graphml"
"0.09","0.22","0.69","0.121413315999629","1,2,3,2,2,3,3,3,2,4,4,3,3,1,3,3,1","0.000674962997436523","louvain","graph_2024M05.graphml"
"0.08","0.23","0.69","0.12015293637211","1,2,3,2,3,3,3,3,2,4,3,3,3,1,3,3,1","0.000658988952636719","louvain","graph_2024M05.graphml"
"0.07","0.24","0.69","0.120742112367396","1,2,3,2,2,3,3,3,2,4,4,3,3,1,3,3,1","0.00062108039855957","louvain","graph_2024M05.graphml"
"0.06","0.25","0.69","0.120294239094101","1,2,3,1,3,3,3,3,2,4,3,3,3,3,2,3,1","0.000601053237915039","louvain","graph_2024M05.graphml"
"0.05","0.26","0.69","0.120867602829059","1,2,3,1,4,3,3,3,2,4,4,3,3,4,3,3,1","0.000628948211669922","louvain","graph_2024M05.graphml"
"0.04","0.27","0.69","0.120435468589126","1,2,3,2,2,3,3,3,2,4,4,3,3,1,3,3,1","0.000627994537353516","louvain","graph_2024M05.graphml"
"0.03","0.28","0.69","0.121176281368323","1,2,3,1,4,3,3,3,2,4,4,3,3,4,3,3,1","0.000761985778808594","louvain","graph_2024M05.graphml"
"0.02","0.29","0.69","0.119176104479135","1,2,3,1,3,3,3,3,2,3,3,3,3,3,3,3,1","0.000639915466308594","louvain","graph_2024M05.graphml"
"0.01","0.3","0.69","0.121265994894641","1,2,3,1,4,3,3,3,2,4,4,3,3,4,3,3,1","0.000668048858642578","louvain","graph_2024M05.graphml"
"0","0.31","0.69","0.121381710787866","1,2,3,2,2,3,3,3,2,4,4,3,3,1,3,3,1","0.000787019729614258","louvain","graph_2024M05.graphml"
"0.3","0","0.7","0.119763014296142","1,2,3,3,3,4,3,3,2,3,3,4,3,3,2,3,1","0.000594139099121094","louvain","graph_2024M05.graphml"
"0.29","0.01","0.7","0.119445429362881","1,2,3,1,3,3,3,3,2,3,3,3,3,3,2,3,1","0.000575065612792969","louvain","graph_2024M05.graphml"
"0.28","0.02","0.7","0.120869269934236","1,2,3,1,3,3,3,3,2,3,3,3,3,3,2,3,1","0.000568151473999023","louvain","graph_2024M05.graphml"
"0.27","0.03","0.7","0.12124031886193","1,2,3,2,3,3,3,3,2,3,3,3,3,3,2,3,1","0.000684976577758789","louvain","graph_2024M05.graphml"
"0.26","0.04","0.7","0.121217990451389","1,2,3,2,4,3,3,3,2,4,4,3,3,4,3,3,1","0.00062108039855957","louvain","graph_2024M05.graphml"
"0.25","0.05","0.7","0.121103364189878","1,2,3,2,3,4,3,3,2,3,3,4,3,3,3,3,1","0.000693082809448242","louvain","graph_2024M05.graphml"
"0.24","0.06","0.7","0.121373477008613","1,2,3,2,3,3,3,3,2,3,3,3,3,3,3,3,1","0.000638008117675781","louvain","graph_2024M05.graphml"
"0.23","0.07","0.7","0.121531245157625","1,2,3,2,4,3,3,3,2,4,4,3,3,4,3,3,1","0.000638008117675781","louvain","graph_2024M05.graphml"
"0.22","0.08","0.7","0.121578028940374","1,2,3,2,3,3,3,3,2,4,3,3,3,1,4,3,1","0.000622987747192383","louvain","graph_2024M05.graphml"
"0.21","0.09","0.7","0.121019958077749","1,2,3,2,3,3,3,3,2,4,3,3,3,1,4,3,1","0.000668048858642578","louvain","graph_2024M05.graphml"
"0.2","0.1","0.7","0.121314410289671","1,2,3,2,4,3,3,3,2,4,4,3,3,4,3,3,1","0.000629186630249023","louvain","graph_2024M05.graphml"
"0.19","0.11","0.7","0.120448198582794","1,2,3,2,4,3,3,3,2,4,4,3,3,4,3,3,1","0.000671148300170898","louvain","graph_2024M05.graphml"
"0.18","0.12","0.7","0.121192373438527","1,2,3,2,2,3,3,3,2,4,3,3,3,1,4,3,1","0.000631809234619141","louvain","graph_2024M05.graphml"
"0.17","0.13","0.7","0.120984250651344","1,2,3,2,2,3,3,3,2,4,4,3,3,1,3,3,1","0.000633001327514648","louvain","graph_2024M05.graphml"
"0.16","0.14","0.7","0.120612014719738","1,2,3,2,3,3,3,3,2,3,3,3,3,1,3,3,1","0.000636100769042969","louvain","graph_2024M05.graphml"
"0.15","0.15","0.7","0.121268742190754","1,2,3,2,2,3,3,3,2,4,4,3,3,1,3,3,1","0.000660896301269531","louvain","graph_2024M05.graphml"
"0.14","0.16","0.7","0.120742112367396","1,2,3,2,2,3,3,3,2,4,4,3,3,1,3,3,1","0.0006561279296875","louvain","graph_2024M05.graphml"
"0.13","0.17","0.7","0.120742112367396","1,2,3,2,2,3,3,3,2,4,4,3,3,1,3,3,1","0.000550985336303711","louvain","graph_2024M05.graphml"
"0.12","0.18","0.7","0.119892808369193","1,2,3,1,3,3,3,3,2,4,3,3,3,3,2,3,1","0.000631093978881836","louvain","graph_2024M05.graphml"
"0.11","0.19","0.7","0.118791375401668","1,2,3,1,3,3,3,3,2,4,3,3,3,4,3,3,1","0.000637054443359375","louvain","graph_2024M05.graphml"
"0.1","0.2","0.7","0.118682179375447","1,2,3,2,3,3,3,3,2,4,3,3,3,1,3,3,1","0.00064396858215332","louvain","graph_2024M05.graphml"
"0.09","0.21","0.7","0.119504642063712","1,2,3,2,2,3,3,3,2,4,4,3,3,1,3,3,1","0.000628948211669922","louvain","graph_2024M05.graphml"
"0.08","0.22","0.7","0.120796553441111","1,2,3,2,2,3,3,3,2,4,4,3,3,1,3,3,1","0.000628948211669922","louvain","graph_2024M05.graphml"
"0.07","0.23","0.7","0.119165984651878","1,2,3,2,3,3,3,3,2,3,3,3,3,1,3,3,1","0.000627994537353516","louvain","graph_2024M05.graphml"
"0.06","0.24","0.7","0.119726912784554","1,2,3,2,2,3,3,3,2,4,4,3,3,1,3,3,1","0.000667095184326172","louvain","graph_2024M05.graphml"
"0.05","0.25","0.7","0.119025782177218","1,2,3,2,3,3,3,3,2,3,3,3,3,1,3,3,1","0.000653982162475586","louvain","graph_2024M05.graphml"
"0.04","0.26","0.7","0.119924970498255","1,2,3,2,3,3,3,3,2,3,3,3,3,1,3,3,1","0.000679969787597656","louvain","graph_2024M05.graphml"
"0.03","0.27","0.7","0.119876132388645","1,2,3,2,3,4,3,3,2,3,3,4,3,3,3,3,1","0.00085902214050293","louvain","graph_2024M05.graphml"
"0.02","0.28","0.7","0.1201795","1,2,3,2,3,4,3,3,2,3,3,4,3,3,3,3,1","0.000622034072875977","louvain","graph_2024M05.graphml"
"0.01","0.29","0.7","0.118598839573006","1,2,3,2,2,3,3,3,2,4,4,3,3,1,3,3,1","0.000798940658569336","louvain","graph_2024M05.graphml"
"0","0.3","0.7","0.119526376565451","1,2,3,2,3,3,3,3,2,3,3,3,3,1,3,2,1","0.000614166259765625","louvain","graph_2024M05.graphml"
"0.29","0","0.71","0.121531245157625","1,2,3,2,4,3,3,3,2,4,4,3,3,4,3,3,1","0.000619173049926758","louvain","graph_2024M05.graphml"
"0.28","0.01","0.71","0.120237321807297","1,2,3,2,3,3,3,3,2,3,3,3,3,3,3,3,1","0.000664949417114258","louvain","graph_2024M05.graphml"
"0.27","0.02","0.71","0.119435738012548","1,2,3,2,4,3,3,3,2,4,4,3,3,4,3,3,1","0.000607967376708984","louvain","graph_2024M05.graphml"
"0.26","0.03","0.71","0.119856370268158","1,2,3,2,2,3,3,3,2,4,3,3,3,1,4,3,1","0.000616073608398438","louvain","graph_2024M05.graphml"
"0.25","0.04","0.71","0.120599129734493","1,2,3,2,2,3,3,3,2,4,4,3,3,1,3,3,1","0.000674009323120117","louvain","graph_2024M05.graphml"
"0.24","0.05","0.71","0.120411499816586","1,2,3,2,2,3,3,3,2,4,3,3,3,1,4,3,1","0.000664949417114258","louvain","graph_2024M05.graphml"
"0.23","0.06","0.71","0.120279586485503","1,2,3,2,2,3,3,3,2,4,4,3,3,1,3,3,1","0.00067901611328125","louvain","graph_2024M05.graphml"
"0.22","0.07","0.71","0.120820686928043","1,2,3,2,2,3,3,3,2,4,4,3,3,1,3,3,1","0.000615835189819336","louvain","graph_2024M05.graphml"
"0.21","0.08","0.71","0.121268742190754","1,2,3,2,2,3,3,3,2,4,4,3,3,1,3,3,1","0.000612974166870117","louvain","graph_2024M05.graphml"
"0.2","0.09","0.71","0.120742112367396","1,2,3,2,2,3,3,3,2,4,4,3,3,1,3,3,1","0.000630855560302734","louvain","graph_2024M05.graphml"
"0.19","0.1","0.71","0.119380951247505","1,2,3,1,3,3,3,3,2,4,3,3,3,3,2,3,1","0.000588178634643555","louvain","graph_2024M05.graphml"
"0.18","0.11","0.71","0.119058253700274","1,2,3,2,2,3,3,3,2,4,4,3,3,1,3,3,1","0.000705957412719727","louvain","graph_2024M05.graphml"
"0.17","0.12","0.71","0.118274045632612","1,2,3,2,3,3,3,3,2,4,3,3,3,1,3,3,1","0.000898838043212891","louvain","graph_2024M05.graphml"
"0.16","0.13","0.71","0.117333098395319","1,2,3,2,3,3,3,3,2,3,3,3,3,1,3,3,1","0.000618934631347656","louvain","graph_2024M05.graphml"
"0.15","0.14","0.71","0.118694415108151","1,2,3,2,2,3,3,3,2,4,4,3,3,1,3,3,1","0.000637054443359375","louvain","graph_2024M05.graphml"
"0.14","0.15","0.71","0.119228139985716","1,2,3,2,2,3,3,3,2,4,4,3,3,1,3,3,1","0.000949859619140625","louvain","graph_2024M05.graphml"
"0.13","0.16","0.71","0.119578096546566","1,2,3,2,2,3,3,3,2,4,4,3,3,1,3,3,1","0.000601053237915039","louvain","graph_2024M05.graphml"
"0.12","0.17","0.71","0.118463179821692","1,2,3,2,3,3,3,3,2,3,3,3,3,1,3,3,1","0.000643014907836914","louvain","graph_2024M05.graphml"
"0.11","0.18","0.71","0.11920961591879","1,2,3,2,2,3,3,3,2,4,4,3,3,1,3,3,1","0.000608921051025391","louvain","graph_2024M05.graphml"
"0.1","0.19","0.71","0.119444592553991","1,2,3,2,2,3,3,3,2,4,4,3,3,1,3,3,1","0.000648975372314453","louvain","graph_2024M05.graphml"
"0.09","0.2","0.71","0.119887068726632","1,2,3,2,2,3,3,3,2,4,4,3,3,1,3,3,1","0.000668048858642578","louvain","graph_2024M05.graphml"
"0.08","0.21","0.71","0.1190965","1,2,3,2,3,3,3,3,2,3,3,3,3,1,3,3,1","0.000612974166870117","louvain","graph_2024M05.graphml"
"0.07","0.22","0.71","0.118608591200832","1,2,3,2,3,3,3,3,2,3,3,3,3,1,3,2,1","0.000640869140625","louvain","graph_2024M05.graphml"
"0.06","0.23","0.71","0.118620331179921","1,2,2,1,2,2,2,2,3,2,2,2,2,2,3,2,1","0.000686883926391602","louvain","graph_2024M05.graphml"
"0.05","0.24","0.71","0.118477504752795","1,2,3,2,2,3,3,3,2,4,4,3,3,1,3,3,1","0.00100517272949219","louvain","graph_2024M05.graphml"
"0.04","0.25","0.71","0.118558529538475","1,2,3,2,3,3,3,3,2,3,3,3,3,1,3,2,1","0.000689983367919922","louvain","graph_2024M05.graphml"
"0.03","0.26","0.71","0.119023998488284","1,2,2,1,2,2,2,2,3,2,2,2,2,2,3,2,1","0.000607013702392578","louvain","graph_2024M05.graphml"
"0.02","0.27","0.71","0.119830898931477","1,2,3,2,2,3,3,3,2,4,4,3,3,1,3,3,1","0.000614166259765625","louvain","graph_2024M05.graphml"
"0.01","0.28","0.71","0.119015483804325","1,2,3,1,4,3,3,3,2,3,3,4,3,3,3,3,1","0.000656843185424805","louvain","graph_2024M05.graphml"
"0","0.29","0.71","0.11859011381009","1,2,3,3,4,3,3,3,2,3,3,4,3,1,3,3,1","0.000652074813842773","louvain","graph_2024M05.graphml"
"0.28","0","0.72","0.120820686928043","1,2,3,2,2,3,3,3,2,4,4,3,3,1,3,3,1","0.000674962997436523","louvain","graph_2024M05.graphml"
"0.27","0.01","0.72","0.120406601416077","1,2,3,2,2,3,3,3,2,4,4,3,3,1,3,3,1","0.00074005126953125","louvain","graph_2024M05.graphml"
"0.26","0.02","0.72","0.119044532750403","1,2,3,2,3,3,3,3,2,4,3,3,3,1,3,3,1","0.000674009323120117","louvain","graph_2024M05.graphml"
"0.25","0.03","0.72","0.117405241052333","1,2,3,2,3,3,3,3,2,4,3,3,3,1,3,3,1","0.000666141510009766","louvain","graph_2024M05.graphml"
"0.24","0.04","0.72","0.119058253700274","1,2,3,2,2,3,3,3,2,4,4,3,3,1,3,3,1","0.000592947006225586","louvain","graph_2024M05.graphml"
"0.23","0.05","0.72","0.11795779867726","1,2,3,2,3,3,3,3,2,4,3,3,3,1,3,3,1","0.000637054443359375","louvain","graph_2024M05.graphml"
"0.22","0.06","0.72","0.11795779867726","1,2,3,2,3,3,3,3,2,4,3,3,3,1,3,3,1","0.000647068023681641","louvain","graph_2024M05.graphml"
"0.21","0.07","0.72","0.118287419651056","1,2,3,2,2,3,3,3,2,4,4,3,3,1,3,3,1","0.000617027282714844","louvain","graph_2024M05.graphml"
"0.2","0.08","0.72","0.11882166542271","1,2,3,2,2,3,3,3,2,4,4,3,3,1,3,3,1","0.000626087188720703","louvain","graph_2024M05.graphml"
"0.19","0.09","0.72","0.118303281087409","1,2,3,2,2,3,3,3,2,4,4,3,3,1,3,3,1","0.000771999359130859","louvain","graph_2024M05.graphml"
"0.18","0.1","0.72","0.119233857730865","1,2,2,1,2,3,2,2,4,2,2,3,2,2,4,2,1","0.000743865966796875","louvain","graph_2024M05.graphml"
"0.17","0.11","0.72","0.118913404622506","1,2,3,2,2,3,3,3,2,4,4,3,3,1,3,3,1","0.000694036483764648","louvain","graph_2024M05.graphml"
"0.16","0.12","0.72","0.118538178561532","1,2,3,2,3,3,3,3,2,3,3,3,3,1,3,3,1","0.000602006912231445","louvain","graph_2024M05.graphml"
"0.15","0.13","0.72","0.118928739242011","1,2,3,2,2,3,3,3,2,4,4,3,3,1,3,3,1","0.000615835189819336","louvain","graph_2024M05.graphml"
"0.14","0.14","0.72","0.119045840454819","1,2,3,2,2,3,3,3,2,4,4,3,3,1,3,3,1","0.000669002532958984","louvain","graph_2024M05.graphml"
"0.13","0.15","0.72","0.11864406779661","1,2,3,2,2,3,3,3,2,4,4,3,3,1,3,3,1","0.000670909881591797","louvain","graph_2024M05.graphml"
"0.12","0.16","0.72","0.118232454181472","1,2,2,1,2,2,2,2,3,2,2,2,2,2,3,2,1","0.000711917877197266","louvain","graph_2024M05.graphml"
"0.11","0.17","0.72","0.118269925812264","1,2,3,2,3,3,3,3,2,3,3,3,3,1,3,2,1","0.000590085983276367","louvain","graph_2024M05.graphml"
"0.1","0.18","0.72","0.118269925812264","1,2,3,2,3,3,3,3,2,3,3,3,3,1,3,2,1","0.000597000122070312","louvain","graph_2024M05.graphml"
"0.09","0.19","0.72","0.118559952916352","1,2,3,2,2,3,3,3,2,4,4,3,3,1,3,3,1","0.000602006912231445","louvain","graph_2024M05.graphml"
"0.08","0.2","0.72","0.118783589026543","1,2,2,2,3,3,3,3,2,3,3,3,3,1,3,2,1","0.000656843185424805","louvain","graph_2024M05.graphml"
"0.07","0.21","0.72","0.118984202480041","1,2,2,1,3,3,3,3,2,3,3,3,3,3,3,2,1","0.000594139099121094","louvain","graph_2024M05.graphml"
"0.06","0.22","0.72","0.119288722952446","1,2,2,1,3,3,3,3,2,3,3,3,3,3,3,2,1","0.000720977783203125","louvain","graph_2024M05.graphml"
"0.05","0.23","0.72","0.119149483364901","1,2,2,3,3,3,3,3,2,3,3,3,3,1,3,2,1","0.00065302848815918","louvain","graph_2024M05.graphml"
"0.04","0.24","0.72","0.119512206843522","1,2,2,3,3,3,3,3,2,3,3,3,3,1,3,2,1","0.000839948654174805","louvain","graph_2024M05.graphml"
"0.03","0.25","0.72","0.118713475586313","1,2,3,3,4,3,3,3,2,3,3,4,3,1,3,3,1","0.000642061233520508","louvain","graph_2024M05.graphml"
"0.02","0.26","0.72","0.118581291411217","1,2,3,3,3,3,3,3,2,4,4,3,3,1,3,3,4","0.000670194625854492","louvain","graph_2024M05.graphml"
"0.01","0.27","0.72","0.118991446964203","1,2,2,3,3,3,3,3,2,4,3,3,3,1,2,2,4","0.000846147537231445","louvain","graph_2024M05.graphml"
"0","0.28","0.72","0.118554521999172","1,2,2,2,3,4,2,2,3,2,2,4,2,1,2,2,1","0.000716209411621094","louvain","graph_2024M05.graphml"
"0.27","0","0.73","0.119268157355619","1,2,3,2,2,3,3,3,2,4,4,3,3,1,3,3,1","0.000856876373291016","louvain","graph_2024M05.graphml"
"0.26","0.01","0.73","0.118453679825431","1,2,3,2,2,3,3,3,2,4,4,3,3,1,3,3,1","0.000669002532958984","louvain","graph_2024M05.graphml"
"0.25","0.02","0.73","0.117299369658595","1,2,3,2,3,3,3,3,2,3,3,3,3,1,3,3,1","0.000700950622558594","louvain","graph_2024M05.graphml"
"0.24","0.03","0.73","0.117107648796748","1,2,3,2,3,3,3,3,2,4,3,3,3,1,3,3,1","0.000599145889282227","louvain","graph_2024M05.graphml"
"0.23","0.04","0.73","0.118256977552517","1,2,3,2,3,3,3,3,2,3,3,3,3,1,3,3,1","0.000670909881591797","louvain","graph_2024M05.graphml"
"0.22","0.05","0.73","0.119314781868346","1,2,3,2,3,4,3,3,2,3,3,4,3,3,3,3,1","0.000617027282714844","louvain","graph_2024M05.graphml"
"0.21","0.06","0.73","0.1174345","1,2,3,2,3,3,3,3,2,3,3,3,3,1,3,3,1","0.000633001327514648","louvain","graph_2024M05.graphml"
"0.2","0.07","0.73","0.118535809844501","1,2,3,2,3,4,3,3,2,3,3,4,3,3,3,3,1","0.000636100769042969","louvain","graph_2024M05.graphml"
"0.19","0.08","0.73","0.118373617085443","1,2,3,2,2,3,3,3,2,4,4,3,3,1,3,3,1","0.000662088394165039","louvain","graph_2024M05.graphml"
"0.18","0.09","0.73","0.117813990806651","1,2,2,1,2,2,2,2,3,2,2,2,2,2,3,2,1","0.000774860382080078","louvain","graph_2024M05.graphml"
"0.17","0.1","0.73","0.118559952916352","1,2,3,2,2,3,3,3,2,4,4,3,3,1,3,3,1","0.000758886337280273","louvain","graph_2024M05.graphml"
"0.16","0.11","0.73","0.118586526045603","1,2,3,2,3,3,3,3,2,3,3,3,3,1,3,2,1","0.000654220581054688","louvain","graph_2024M05.graphml"
"0.15","0.12","0.73","0.118855014214293","1,2,3,2,3,3,3,3,2,3,4,3,3,1,3,2,1","0.000632047653198242","louvain","graph_2024M05.graphml"
"0.14","0.13","0.73","0.117740352709934","1,2,3,2,4,3,3,3,2,4,4,3,3,4,3,3,1","0.000623941421508789","louvain","graph_2024M05.graphml"
"0.13","0.14","0.73","0.1178252979004","1,2,2,2,3,3,3,3,2,3,3,3,3,1,3,2,1","0.000940084457397461","louvain","graph_2024M05.graphml"
"0.12","0.15","0.73","0.118731805133768","1,2,3,1,2,2,2,2,3,2,2,2,2,2,3,2,1","0.000607967376708984","louvain","graph_2024M05.graphml"
"0.11","0.16","0.73","0.119650102421027","1,2,2,1,3,3,3,3,2,3,3,3,3,3,3,2,1","0.000708103179931641","louvain","graph_2024M05.graphml"
"0.1","0.17","0.73","0.11886087786425","1,2,3,2,4,3,3,3,2,3,3,4,3,1,3,3,1","0.000627994537353516","louvain","graph_2024M05.graphml"
"0.09","0.18","0.73","0.119512206843522","1,2,2,3,3,3,3,3,2,3,3,3,3,1,3,2,1","0.000653982162475586","louvain","graph_2024M05.graphml"
"0.08","0.19","0.73","0.119162139631883","1,2,3,2,2,4,2,2,3,2,2,4,2,2,3,2,1","0.000628948211669922","louvain","graph_2024M05.graphml"
"0.07","0.2","0.73","0.11814253420583","1,2,3,3,4,3,3,3,2,5,3,4,3,1,3,3,5","0.000637054443359375","louvain","graph_2024M05.graphml"
"0.06","0.21","0.73","0.118066242604562","1,2,3,3,4,3,3,3,2,5,3,4,3,1,3,3,5","0.000658035278320312","louvain","graph_2024M05.graphml"
"0.05","0.22","0.73","0.118244125573438","1,2,2,3,3,3,3,3,2,4,3,3,3,1,3,2,4","0.000755786895751953","louvain","graph_2024M05.graphml"
"0.04","0.23","0.73","0.117514845885569","1,2,2,3,3,3,3,3,2,4,3,3,3,1,3,2,4","0.000653982162475586","louvain","graph_2024M05.graphml"
"0.03","0.24","0.73","0.117042432846584","1,2,3,3,4,3,3,3,2,5,3,4,3,1,3,3,5","0.000619888305664062","louvain","graph_2024M05.graphml"
"0.02","0.25","0.73","0.119746556401962","1,2,2,3,3,3,3,3,2,4,3,3,3,1,3,2,4","0.000799894332885742","louvain","graph_2024M05.graphml"
"0.01","0.26","0.73","0.118696985733665","1,2,3,3,4,3,3,3,2,5,3,4,3,1,3,3,5","0.000640869140625","louvain","graph_2024M05.graphml"
"0","0.27","0.73","0.118317982187473","1,2,3,3,3,3,3,3,2,4,3,3,3,1,3,3,4","0.000756978988647461","louvain","graph_2024M05.graphml"
"0.26","0","0.74","0.118469647531285","1,2,2,1,2,3,2,2,4,2,2,3,2,2,4,2,1","0.000613927841186523","louvain","graph_2024M05.graphml"
"0.25","0.01","0.74","0.117951831753021","1,2,3,2,3,3,3,3,2,3,3,3,3,1,3,2,1","0.000627040863037109","louvain","graph_2024M05.graphml"
"0.24","0.02","0.74","0.11833719353857","1,2,3,2,3,4,3,3,2,3,3,4,3,3,3,3,1","0.000816106796264648","louvain","graph_2024M05.graphml"
"0.23","0.03","0.74","0.117922188538748","1,2,3,2,4,3,3,3,2,4,3,3,3,1,3,3,1","0.000661849975585938","louvain","graph_2024M05.graphml"
"0.22","0.04","0.74","0.117459710966023","1,2,3,2,2,3,3,3,2,4,3,3,3,1,4,3,1","0.000677108764648438","louvain","graph_2024M05.graphml"
"0.21","0.05","0.74","0.117089875059566","1,2,3,2,3,3,3,3,2,3,3,3,3,1,3,3,1","0.000642061233520508","louvain","graph_2024M05.graphml"
"0.2","0.06","0.74","0.1178252979004","1,2,2,2,3,3,3,3,2,3,3,3,3,1,3,2,1","0.000651121139526367","louvain","graph_2024M05.graphml"
"0.19","0.07","0.74","0.117626732024558","1,2,2,1,3,3,3,3,2,3,3,3,3,3,3,2,1","0.000741004943847656","louvain","graph_2024M05.graphml"
"0.18","0.08","0.74","0.116870101191487","1,2,3,1,4,3,3,3,2,4,3,3,3,4,2,3,1","0.000627994537353516","louvain","graph_2024M05.graphml"
"0.17","0.09","0.74","0.118689747256328","1,2,3,2,3,3,3,3,2,3,3,3,3,1,3,2,1","0.000643014907836914","louvain","graph_2024M05.graphml"
"0.16","0.1","0.74","0.119042163263846","1,2,2,1,3,3,3,3,2,3,3,3,3,3,3,2,1","0.000590085983276367","louvain","graph_2024M05.graphml"
"0.15","0.11","0.74","0.118085819725049","1,2,3,1,4,3,3,3,2,3,3,4,3,3,3,3,1","0.000638008117675781","louvain","graph_2024M05.graphml"
"0.14","0.12","0.74","0.118053029055495","1,2,3,3,4,3,3,3,2,3,3,4,3,1,3,3,1","0.000609159469604492","louvain","graph_2024M05.graphml"
"0.13","0.13","0.74","0.11901330947876","1,2,3,2,2,4,2,2,3,2,2,4,2,2,3,2,1","0.000631093978881836","louvain","graph_2024M05.graphml"
"0.12","0.14","0.74","0.1167159041015","1,2,3,3,4,3,3,3,2,3,3,4,3,1,3,3,1","0.000838994979858398","louvain","graph_2024M05.graphml"
"0.11","0.15","0.74","0.116447164226559","1,2,3,2,2,4,3,3,2,3,3,4,3,3,3,3,1","0.000643014907836914","louvain","graph_2024M05.graphml"
"0.1","0.16","0.74","0.116996766579395","1,2,2,3,3,3,3,3,2,4,3,3,3,1,2,2,4","0.000720024108886719","louvain","graph_2024M05.graphml"
"0.09","0.17","0.74","0.117511850468968","1,2,3,2,2,3,3,3,2,4,3,3,3,1,4,3,4","0.00065302848815918","louvain","graph_2024M05.graphml"
"0.08","0.18","0.74","0.118489112931457","1,2,3,2,2,3,3,3,2,4,3,3,3,1,4,3,4","0.000660896301269531","louvain","graph_2024M05.graphml"
"0.07","0.19","0.74","0.118720178840937","1,2,3,2,2,3,3,3,2,4,3,3,3,1,4,3,4","0.000658988952636719","louvain","graph_2024M05.graphml"
"0.06","0.2","0.74","0.119187120954571","1,2,3,3,3,3,3,3,2,4,3,3,3,1,2,3,4","0.00063014030456543","louvain","graph_2024M05.graphml"
"0.05","0.21","0.74","0.119192862426035","1,2,3,3,3,3,3,3,2,4,3,3,3,1,3,3,4","0.000663042068481445","louvain","graph_2024M05.graphml"
"0.04","0.22","0.74","0.118918297912393","1,2,3,3,3,3,3,3,2,4,3,3,3,1,3,3,4","0.000667095184326172","louvain","graph_2024M05.graphml"
"0.03","0.23","0.74","0.120001831459902","1,2,3,2,2,3,3,3,2,4,3,3,3,1,1,2,4","0.000679969787597656","louvain","graph_2024M05.graphml"
"0.02","0.24","0.74","0.119622142441935","1,2,3,3,3,3,3,3,2,4,3,3,3,1,1,3,4","0.000701189041137695","louvain","graph_2024M05.graphml"
"0.01","0.25","0.74","0.120216630119384","1,2,3,2,2,3,3,3,2,4,3,3,3,1,1,2,4","0.000650167465209961","louvain","graph_2024M05.graphml"
"0","0.26","0.74","0.11984716553288","1,2,3,2,2,3,3,3,2,4,3,3,3,1,1,2,4","0.000735998153686523","louvain","graph_2024M05.graphml"
"0.25","0","0.75","0.116977210570747","1,2,3,2,3,3,3,3,2,3,3,3,3,1,3,2,1","0.000661849975585938","louvain","graph_2024M05.graphml"
"0.24","0.01","0.75","0.116977210570747","1,2,3,2,3,3,3,3,2,3,3,3,3,1,3,2,1","0.000699043273925781","louvain","graph_2024M05.graphml"
"0.23","0.02","0.75","0.117916308027219","1,2,3,2,3,3,3,3,2,3,3,3,3,1,3,2,1","0.000634193420410156","louvain","graph_2024M05.graphml"
"0.22","0.03","0.75","0.118303056516724","1,2,3,2,2,4,2,2,3,2,2,4,2,2,3,2,1","0.000730037689208984","louvain","graph_2024M05.graphml"
"0.21","0.04","0.75","0.117977220299885","1,2,3,1,3,3,3,3,2,3,3,3,3,2,3,2,1","0.000689029693603516","louvain","graph_2024M05.graphml"
"0.2","0.05","0.75","0.117663362961998","1,2,3,2,3,3,3,3,2,3,3,3,3,1,3,3,1","0.000605106353759766","louvain","graph_2024M05.graphml"
"0.19","0.06","0.75","0.117269226238653","1,2,3,3,4,3,3,3,2,3,3,4,3,1,3,3,1","0.00062108039855957","louvain","graph_2024M05.graphml"
"0.18","0.07","0.75","0.117629998183167","1,2,3,2,2,3,3,3,2,4,3,3,3,1,4,3,1","0.000821113586425781","louvain","graph_2024M05.graphml"
"0.17","0.08","0.75","0.116134082059455","1,2,3,3,4,3,3,3,2,3,3,4,3,1,3,2,1","0.000694990158081055","louvain","graph_2024M05.graphml"
"0.16","0.09","0.75","0.116134082059455","1,2,3,3,4,3,3,3,2,3,3,4,3,1,3,2,1","0.000646114349365234","louvain","graph_2024M05.graphml"
"0.15","0.1","0.75","0.1165329227459","1,2,3,3,4,3,3,3,2,5,3,4,3,1,3,3,5","0.000694990158081055","louvain","graph_2024M05.graphml"
"0.14","0.11","0.75","0.117108788489058","1,2,3,2,2,3,3,3,2,4,3,3,3,1,4,3,4","0.000630855560302734","louvain","graph_2024M05.graphml"
"0.13","0.12","0.75","0.117987023151116","1,2,3,2,2,3,3,3,2,4,3,3,3,1,4,3,4","0.000657081604003906","louvain","graph_2024M05.graphml"
"0.12","0.13","0.75","0.117614664281658","1,2,3,3,2,3,3,3,2,4,3,3,3,1,3,3,4","0.00132012367248535","louvain","graph_2024M05.graphml"
"0.11","0.14","0.75","0.11806380290879","1,2,3,3,3,3,3,3,2,4,3,3,3,1,3,3,4","0.000665187835693359","louvain","graph_2024M05.graphml"
"0.1","0.15","0.75","0.118120713444605","1,2,3,3,3,3,3,3,2,4,3,3,3,1,1,3,4","0.000756978988647461","louvain","graph_2024M05.graphml"
"0.09","0.16","0.75","0.118169455827476","1,2,3,3,3,3,3,3,2,4,3,3,3,1,1,3,4","0.000651121139526367","louvain","graph_2024M05.graphml"
"0.08","0.17","0.75","0.119270595297065","1,2,3,2,2,3,3,3,2,4,3,3,3,1,1,2,4","0.000674962997436523","louvain","graph_2024M05.graphml"
"0.07","0.18","0.75","0.119404199014723","1,2,3,2,2,3,3,3,2,4,3,3,3,1,1,2,4","0.000678062438964844","louvain","graph_2024M05.graphml"
"0.06","0.19","0.75","0.119404199014723","1,2,3,2,2,3,3,3,2,4,3,3,3,1,1,2,4","0.000645160675048828","louvain","graph_2024M05.graphml"
"0.05","0.2","0.75","0.118826303854875","1,2,3,2,3,3,3,3,2,4,3,3,3,1,1,3,4","0.000708103179931641","louvain","graph_2024M05.graphml"
"0.04","0.21","0.75","0.118332905636918","1,2,3,2,3,3,3,3,2,4,3,3,3,3,1,3,4","0.000651121139526367","louvain","graph_2024M05.graphml"
"0.03","0.22","0.75","0.11904629276072","1,2,3,2,2,3,3,3,2,4,3,3,3,3,1,2,4","0.000680923461914062","louvain","graph_2024M05.graphml"
"0.02","0.23","0.75","0.118373022537798","1,2,3,3,3,3,3,3,2,4,3,3,3,1,1,3,4","0.000700950622558594","louvain","graph_2024M05.graphml"
"0.01","0.24","0.75","0.118914848074442","1,2,3,2,3,3,3,3,2,4,3,3,3,3,1,3,4","0.000721931457519531","louvain","graph_2024M05.graphml"
"0","0.25","0.75","0.118923616488594","1,2,3,2,3,3,3,3,2,4,3,3,3,1,1,3,4","0.000725984573364258","louvain","graph_2024M05.graphml"
"0.24","0","0.76","0.115112927523505","1,2,3,3,3,3,3,3,2,3,3,3,3,3,3,3,1","0.000638961791992188","louvain","graph_2024M05.graphml"
"0.23","0.01","0.76","0.116118559382705","1,2,3,3,4,3,3,3,2,5,3,4,3,1,3,3,5","0.000823974609375","louvain","graph_2024M05.graphml"
"0.22","0.02","0.76","0.116622254521964","1,2,3,3,4,3,3,3,2,5,3,4,3,1,3,3,5","0.000663995742797852","louvain","graph_2024M05.graphml"
"0.21","0.03","0.76","0.117511850468968","1,2,3,2,2,3,3,3,2,4,3,3,3,1,4,3,4","0.000692129135131836","louvain","graph_2024M05.graphml"
"0.2","0.04","0.76","0.116438656678102","1,2,3,3,4,3,3,3,2,5,3,4,3,1,3,3,5","0.000653982162475586","louvain","graph_2024M05.graphml"
"0.19","0.05","0.76","0.117151796288253","1,2,3,2,2,3,3,3,2,4,3,3,3,1,4,3,4","0.000691890716552734","louvain","graph_2024M05.graphml"
"0.18","0.06","0.76","0.11707229410081","1,2,3,3,4,3,3,3,2,5,3,4,3,1,3,3,5","0.000638008117675781","louvain","graph_2024M05.graphml"
"0.17","0.07","0.76","0.11771103991427","1,2,3,2,2,3,3,3,2,4,3,3,3,1,1,2,4","0.000680923461914062","louvain","graph_2024M05.graphml"
"0.16","0.08","0.76","0.11818685469655","1,2,3,2,3,3,3,3,2,4,3,3,3,1,1,3,4","0.000634908676147461","louvain","graph_2024M05.graphml"
"0.15","0.09","0.76","0.118169455827476","1,2,3,3,3,3,3,3,2,4,3,3,3,1,1,3,4","0.000749111175537109","louvain","graph_2024M05.graphml"
"0.14","0.1","0.76","0.118292679589385","1,2,3,2,2,3,3,3,2,4,3,3,3,1,1,2,4","0.00108504295349121","louvain","graph_2024M05.graphml"
"0.13","0.11","0.76","0.11933695080248","1,2,3,3,3,3,3,3,2,4,3,3,3,1,1,3,4","0.000609159469604492","louvain","graph_2024M05.graphml"
"0.12","0.12","0.76","0.118777730601366","1,2,3,3,2,3,3,3,2,4,3,3,3,1,1,3,4","0.000726938247680664","louvain","graph_2024M05.graphml"
"0.11","0.13","0.76","0.119328486691576","1,2,3,2,2,3,3,3,2,4,3,3,3,1,1,2,4","0.000692844390869141","louvain","graph_2024M05.graphml"
"0.1","0.14","0.76","0.119069333247245","1,2,3,3,2,3,3,3,2,4,3,3,3,2,1,2,4","0.0017859935760498","louvain","graph_2024M05.graphml"
"0.09","0.15","0.76","0.118737183922295","1,2,3,2,2,3,3,3,2,4,3,3,3,1,1,2,4","0.000611066818237305","louvain","graph_2024M05.graphml"
"0.08","0.16","0.76","0.118633410466358","1,2,3,2,2,3,3,3,2,4,3,3,3,3,1,2,4","0.000745058059692383","louvain","graph_2024M05.graphml"
"0.07","0.17","0.76","0.11949214607694","1,2,3,2,2,3,3,3,2,4,3,3,3,1,1,2,4","0.000653982162475586","louvain","graph_2024M05.graphml"
"0.06","0.18","0.76","0.119636363956366","1,2,3,2,2,3,3,3,2,4,3,3,3,1,1,2,4","0.000676155090332031","louvain","graph_2024M05.graphml"
"0.05","0.19","0.76","0.119551666456256","1,2,3,1,3,3,3,3,2,4,1,3,3,1,2,3,4","0.000626087188720703","louvain","graph_2024M05.graphml"
"0.04","0.2","0.76","0.120058787445494","1,2,3,1,3,3,3,3,2,4,4,3,3,1,1,3,4","0.000620841979980469","louvain","graph_2024M05.graphml"
"0.03","0.21","0.76","0.11906404892515","1,2,3,1,3,3,3,3,2,4,1,3,3,1,2,3,4","0.000725984573364258","louvain","graph_2024M05.graphml"
"0.02","0.22","0.76","0.119978655819454","1,2,3,1,3,2,3,3,2,4,3,3,3,1,1,3,4","0.000965118408203125","louvain","graph_2024M05.graphml"
"0.01","0.23","0.76","0.120307814292229","1,2,3,1,4,3,3,3,2,4,3,3,3,1,1,3,4","0.000803947448730469","louvain","graph_2024M05.graphml"
"0","0.24","0.76","0.119686130277151","1,2,3,1,4,3,3,3,2,4,3,3,3,1,1,3,4","0.000680923461914062","louvain","graph_2024M05.graphml"
"0.23","0","0.77","0.117340834691211","1,2,3,3,3,3,3,3,2,4,3,3,3,1,1,3,4","0.000879764556884766","louvain","graph_2024M05.graphml"
"0.22","0.01","0.77","0.116964813076624","1,2,3,3,4,3,3,3,2,3,3,4,3,1,3,4,1","0.000593900680541992","louvain","graph_2024M05.graphml"
"0.21","0.02","0.77","0.11818685469655","1,2,3,2,3,3,3,3,2,4,3,3,3,1,1,3,4","0.000715970993041992","louvain","graph_2024M05.graphml"
"0.2","0.03","0.77","0.118175913534736","1,2,3,3,3,3,3,3,2,4,3,3,3,1,1,3,4","0.000689983367919922","louvain","graph_2024M05.graphml"
"0.19","0.04","0.77","0.118815419501134","1,2,3,3,3,3,3,3,2,4,3,3,3,1,1,3,4","0.000655889511108398","louvain","graph_2024M05.graphml"
"0.18","0.05","0.77","0.118815419501134","1,2,3,3,3,3,3,3,2,4,3,3,3,1,1,3,4","0.000670909881591797","louvain","graph_2024M05.graphml"
"0.17","0.06","0.77","0.117678848184003","1,2,3,2,3,3,3,3,2,4,4,3,3,4,1,3,1","0.000841140747070312","louvain","graph_2024M05.graphml"
"0.16","0.07","0.77","0.118522293288963","1,2,3,2,3,3,3,3,2,4,3,3,3,1,1,3,4","0.00063014030456543","louvain","graph_2024M05.graphml"
"0.15","0.08","0.77","0.118811196979708","1,2,3,2,2,3,3,3,2,4,3,3,3,1,1,2,4","0.000652790069580078","louvain","graph_2024M05.graphml"
"0.14","0.09","0.77","0.119035688857245","1,2,3,2,3,3,3,3,2,4,3,3,3,1,1,3,4","0.000600099563598633","louvain","graph_2024M05.graphml"
"0.13","0.1","0.77","0.118151978465107","1,2,3,2,3,3,3,3,2,4,3,3,3,1,1,3,4","0.000830888748168945","louvain","graph_2024M05.graphml"
"0.12","0.11","0.77","0.118837318586781","1,2,3,2,2,3,3,3,2,4,3,3,3,1,1,2,4","0.000755071640014648","louvain","graph_2024M05.graphml"
"0.11","0.12","0.77","0.118837318586781","1,2,3,2,2,3,3,3,2,4,3,3,3,1,1,2,4","0.000890016555786133","louvain","graph_2024M05.graphml"
"0.1","0.13","0.77","0.11938629337193","1,2,3,1,3,2,3,3,2,4,3,3,3,1,1,3,4","0.000859975814819336","louvain","graph_2024M05.graphml"
"0.09","0.14","0.77","0.119490497724144","1,2,3,1,3,2,3,3,2,4,3,3,3,1,1,3,4","0.000746965408325195","louvain","graph_2024M05.graphml"
"0.08","0.15","0.77","0.119468685776095","1,2,3,1,3,2,3,3,2,4,3,3,3,1,1,3,4","0.000818014144897461","louvain","graph_2024M05.graphml"
"0.07","0.16","0.77","0.11920397382568","1,2,3,1,3,2,3,3,2,4,3,3,3,1,1,3,4","0.000630855560302734","louvain","graph_2024M05.graphml"
"0.06","0.17","0.77","0.119061530835981","1,2,3,1,3,2,3,3,2,4,3,3,3,1,1,3,4","0.000653982162475586","louvain","graph_2024M05.graphml"
"0.05","0.18","0.77","0.11864167298695","1,2,3,1,3,2,3,3,2,4,3,3,3,3,1,3,4","0.000678062438964844","louvain","graph_2024M05.graphml"
"0.04","0.19","0.77","0.11837565191591","1,2,3,3,3,2,3,3,2,3,3,3,3,3,1,3,1","0.000659942626953125","louvain","graph_2024M05.graphml"
"0.03","0.2","0.77","0.118814160419631","1,2,3,3,3,2,3,3,2,4,4,3,3,3,1,3,4","0.000847101211547852","louvain","graph_2024M05.graphml"
"0.02","0.21","0.77","0.119427467136699","1,2,3,1,3,3,3,3,2,4,4,3,3,1,1,3,4","0.000651121139526367","louvain","graph_2024M05.graphml"
"0.01","0.22","0.77","0.119000759747066","1,2,3,3,3,2,3,3,2,3,3,3,3,3,1,3,1","0.000766992568969727","louvain","graph_2024M05.graphml"
"0","0.23","0.77","0.120062284319502","1,2,3,1,3,3,3,3,2,4,4,3,3,1,1,3,4","0.000713109970092773","louvain","graph_2024M05.graphml"
"0.22","0","0.78","0.117931186333575","1,2,3,2,2,3,3,3,2,4,3,3,3,1,1,2,4","0.000930070877075195","louvain","graph_2024M05.graphml"
"0.21","0.01","0.78","0.118372129173352","1,2,3,2,2,3,3,3,2,4,3,3,3,1,1,2,4","0.000657081604003906","louvain","graph_2024M05.graphml"
"0.2","0.02","0.78","0.118914455713272","1,2,3,2,2,3,3,3,2,4,3,3,3,1,1,2,4","0.00067901611328125","louvain","graph_2024M05.graphml"
"0.19","0.03","0.78","0.11871697365149","1,2,3,2,3,3,3,3,2,4,3,3,3,1,1,3,4","0.00067901611328125","louvain","graph_2024M05.graphml"
"0.18","0.04","0.78","0.118852079613833","1,2,3,2,3,3,3,3,2,4,3,3,3,1,1,3,4","0.000668048858642578","louvain","graph_2024M05.graphml"
"0.17","0.05","0.78","0.118347155292884","1,2,3,2,3,3,3,3,2,4,3,3,3,1,1,3,4","0.000978946685791016","louvain","graph_2024M05.graphml"
"0.16","0.06","0.78","0.11938629337193","1,2,3,1,3,2,3,3,2,4,3,3,3,1,1,3,4","0.000594139099121094","louvain","graph_2024M05.graphml"
"0.15","0.07","0.78","0.118979641206282","1,2,3,1,3,2,3,3,2,4,3,3,3,1,1,3,4","0.000673055648803711","louvain","graph_2024M05.graphml"
"0.14","0.08","0.78","0.119100874227119","1,2,3,1,3,2,3,3,2,4,3,3,3,1,1,3,4","0.000808000564575195","louvain","graph_2024M05.graphml"
"0.13","0.09","0.78","0.117968858438749","1,2,3,1,3,2,3,3,2,4,3,3,3,3,1,3,4","0.000731945037841797","louvain","graph_2024M05.graphml"
"0.12","0.1","0.78","0.118363340192044","1,2,3,1,3,2,3,3,2,4,3,3,3,3,1,3,4","0.000646114349365234","louvain","graph_2024M05.graphml"
"0.11","0.11","0.78","0.118363340192044","1,2,3,1,3,2,3,3,2,4,3,3,3,3,1,3,4","0.000694990158081055","louvain","graph_2024M05.graphml"
"0.1","0.12","0.78","0.118870987479473","1,2,3,1,3,2,3,3,2,4,3,3,3,3,1,3,4","0.000664949417114258","louvain","graph_2024M05.graphml"
"0.09","0.13","0.78","0.117884983148448","1,2,3,3,3,2,3,3,2,4,3,3,3,3,1,3,4","0.000627040863037109","louvain","graph_2024M05.graphml"
"0.08","0.14","0.78","0.118391378793862","1,2,3,1,3,2,3,3,2,4,4,3,3,3,1,3,4","0.000701904296875","louvain","graph_2024M05.graphml"
"0.07","0.15","0.78","0.117930057406719","1,2,3,3,3,2,3,3,2,3,3,3,3,3,1,3,1","0.000720024108886719","louvain","graph_2024M05.graphml"
"0.06","0.16","0.78","0.119097087158411","1,2,3,3,3,2,3,3,2,3,3,3,3,3,1,3,1","0.000787973403930664","louvain","graph_2024M05.graphml"
"0.05","0.17","0.78","0.119014075058031","1,2,3,1,3,2,3,3,2,4,4,3,3,3,1,3,4","0.000695943832397461","louvain","graph_2024M05.graphml"
"0.04","0.18","0.78","0.118533979436638","1,2,3,1,4,3,3,3,2,4,4,3,3,1,3,4,1","0.000745058059692383","louvain","graph_2024M05.graphml"
"0.03","0.19","0.78","0.119114481850479","1,2,3,1,3,3,3,3,2,4,4,3,3,1,1,3,4","0.000696182250976562","louvain","graph_2024M05.graphml"
"0.02","0.2","0.78","0.119951365949172","1,2,3,1,3,3,3,3,2,4,4,3,3,1,1,3,4","0.000696897506713867","louvain","graph_2024M05.graphml"
"0.01","0.21","0.78","0.119277927406916","1,2,3,3,3,4,3,3,2,4,3,5,3,3,1,3,4","0.000704050064086914","louvain","graph_2024M05.graphml"
"0","0.22","0.78","0.119275379353597","1,2,3,3,3,2,3,3,2,3,3,4,3,3,1,3,1","0.000756025314331055","louvain","graph_2024M05.graphml"
"0.21","0","0.79","0.118779688516488","1,2,3,1,3,2,3,3,2,4,3,3,3,3,1,3,4","0.000649929046630859","louvain","graph_2024M05.graphml"
"0.2","0.01","0.79","0.117971438343859","1,2,3,3,3,2,3,3,2,4,3,3,3,3,1,3,4","0.000681877136230469","louvain","graph_2024M05.graphml"
"0.19","0.02","0.79","0.117965409951816","1,2,3,1,3,2,3,3,2,4,3,3,3,3,1,3,4","0.000900983810424805","louvain","graph_2024M05.graphml"
"0.18","0.03","0.79","0.118027109507396","1,2,3,1,3,2,3,3,2,4,3,3,3,3,1,3,4","0.000797033309936523","louvain","graph_2024M05.graphml"
"0.17","0.04","0.79","0.118534807956104","1,2,3,1,3,2,3,3,2,4,3,3,3,3,1,3,4","0.000648975372314453","louvain","graph_2024M05.graphml"
"0.16","0.05","0.79","0.118343415534148","1,2,3,1,3,2,3,3,2,4,3,3,3,3,1,3,4","0.000930070877075195","louvain","graph_2024M05.graphml"
"0.15","0.06","0.79","0.11869537526569","1,2,3,1,3,3,3,3,2,4,4,3,3,1,1,3,4","0.000658988952636719","louvain","graph_2024M05.graphml"
"0.14","0.07","0.79","0.117218458663382","1,2,3,3,3,2,3,3,2,4,3,3,3,3,1,3,4","0.000693082809448242","louvain","graph_2024M05.graphml"
"0.13","0.08","0.79","0.118301597282935","1,2,3,1,3,2,3,3,2,4,4,3,3,3,1,3,4","0.00070500373840332","louvain","graph_2024M05.graphml"
"0.12","0.09","0.79","0.116917347024661","1,2,3,3,3,2,3,3,2,3,3,3,3,3,1,3,1","0.000615119934082031","louvain","graph_2024M05.graphml"
"0.11","0.1","0.79","0.117965841679402","1,2,3,1,3,3,3,3,2,4,4,3,3,1,1,3,4","0.000649929046630859","louvain","graph_2024M05.graphml"
"0.1","0.11","0.79","0.11798804827651","1,2,3,3,3,2,3,3,2,3,3,3,3,3,1,3,1","0.000741958618164062","louvain","graph_2024M05.graphml"
"0.09","0.12","0.79","0.11957173536832","1,2,3,1,3,3,3,3,2,4,4,3,3,1,1,3,4","0.000749111175537109","louvain","graph_2024M05.graphml"
"0.08","0.13","0.79","0.118503671188881","1,2,3,1,3,3,3,3,2,4,4,3,3,1,1,3,4","0.000713825225830078","louvain","graph_2024M05.graphml"
"0.07","0.14","0.79","0.118678904885821","1,2,3,1,3,2,3,3,2,3,3,3,3,3,1,3,1","0.00067591667175293","louvain","graph_2024M05.graphml"
"0.06","0.15","0.79","0.118045041322314","1,2,3,1,3,4,3,3,2,4,3,3,3,3,1,3,4","0.000725030899047852","louvain","graph_2024M05.graphml"
"0.05","0.16","0.79","0.118596854042671","1,2,3,1,3,2,3,3,2,3,3,3,3,1,1,3,3","0.000705957412719727","louvain","graph_2024M05.graphml"
"0.04","0.17","0.79","0.11814645742931","1,2,3,1,3,2,3,3,2,4,4,3,3,1,1,3,4","0.000654935836791992","louvain","graph_2024M05.graphml"
"0.03","0.18","0.79","0.117661771318105","1,2,3,1,3,2,3,3,2,4,4,3,3,1,1,3,4","0.000648021697998047","louvain","graph_2024M05.graphml"
"0.02","0.19","0.79","0.117712607967763","1,2,3,1,3,2,3,3,2,4,4,3,3,1,1,3,4","0.000685930252075195","louvain","graph_2024M05.graphml"
"0.01","0.2","0.79","0.118629594732651","1,2,3,1,3,2,3,3,2,3,3,3,3,3,3,3,1","0.000798940658569336","louvain","graph_2024M05.graphml"
"0","0.21","0.79","0.11894758332719","1,2,3,3,3,2,3,3,2,3,3,4,3,3,1,3,3","0.000689029693603516","louvain","graph_2024M05.graphml"
"0.2","0","0.8","0.118187558720606","1,2,3,1,3,2,3,3,2,4,4,3,3,3,1,3,4","0.000674009323120117","louvain","graph_2024M05.graphml"
"0.19","0.01","0.8","0.117464401085738","1,2,3,1,3,3,3,3,2,4,4,3,3,1,1,3,4","0.000818967819213867","louvain","graph_2024M05.graphml"
"0.18","0.02","0.8","0.117956181486401","1,2,3,1,3,3,3,3,2,4,4,3,3,1,1,3,4","0.000803947448730469","louvain","graph_2024M05.graphml"
"0.17","0.03","0.8","0.117363291470434","1,2,3,3,3,2,3,3,2,3,3,3,3,3,1,3,1","0.000667095184326172","louvain","graph_2024M05.graphml"
"0.16","0.04","0.8","0.117186251265384","1,2,3,1,3,3,3,3,2,3,3,3,3,1,3,3,1","0.000825881958007812","louvain","graph_2024M05.graphml"
"0.15","0.05","0.8","0.118503671188881","1,2,3,1,3,3,3,3,2,4,4,3,3,1,1,3,4","0.000648021697998047","louvain","graph_2024M05.graphml"
"0.14","0.06","0.8","0.119048626248752","1,2,3,1,3,2,3,3,2,3,3,3,3,3,1,3,1","0.000684976577758789","louvain","graph_2024M05.graphml"
"0.13","0.07","0.8","0.118169715044117","1,2,3,1,3,3,3,3,2,4,4,3,3,1,1,3,4","0.000756025314331055","louvain","graph_2024M05.graphml"
"0.12","0.08","0.8","0.117724826334564","1,2,3,1,3,3,3,3,2,4,4,3,3,1,1,3,4","0.000694990158081055","louvain","graph_2024M05.graphml"
"0.11","0.09","0.8","0.118128881098987","1,2,3,1,3,3,3,3,2,3,3,3,3,1,1,3,1","0.000741958618164062","louvain","graph_2024M05.graphml"
"0.1","0.1","0.8","0.117932680202349","1,2,3,1,3,2,3,3,2,4,4,3,3,1,1,3,4","0.000808000564575195","louvain","graph_2024M05.graphml"
"0.09","0.11","0.8","0.11710116047261","1,2,3,1,3,3,3,3,2,3,3,3,3,1,3,3,3","0.000681161880493164","louvain","graph_2024M05.graphml"
"0.08","0.12","0.8","0.118221600301167","1,2,3,3,3,2,3,3,2,3,3,4,3,3,1,3,3","0.000848054885864258","louvain","graph_2024M05.graphml"
"0.07","0.13","0.8","0.11866662245743","1,2,3,3,3,2,3,3,2,3,3,4,3,3,1,3,1","0.000656843185424805","louvain","graph_2024M05.graphml"
"0.06","0.14","0.8","0.11847056718958","1,2,3,1,3,4,3,3,2,4,3,3,3,3,1,3,4","0.000596046447753906","louvain","graph_2024M05.graphml"
"0.05","0.15","0.8","0.11890086672318","1,2,3,1,3,3,3,3,2,3,3,3,3,1,1,3,1","0.000704050064086914","louvain","graph_2024M05.graphml"
"0.04","0.16","0.8","0.117888555973376","1,2,3,3,3,4,3,3,2,4,3,5,3,3,1,3,4","0.000699996948242188","louvain","graph_2024M05.graphml"
"0.03","0.17","0.8","0.118309193198946","1,2,3,3,3,2,3,3,2,3,3,4,3,3,1,3,1","0.000898122787475586","louvain","graph_2024M05.graphml"
"0.02","0.18","0.8","0.118309193198946","1,2,3,3,3,2,3,3,2,3,3,4,3,3,1,3,1","0.000802040100097656","louvain","graph_2024M05.graphml"
"0.01","0.19","0.8","0.117353714923469","1,2,3,2,3,3,3,3,2,4,4,3,3,3,1,3,4","0.000730037689208984","louvain","graph_2024M05.graphml"
"0","0.2","0.8","0.117839542080833","1,2,3,2,3,3,3,3,2,3,3,3,3,3,1,3,1","0.000689983367919922","louvain","graph_2024M05.graphml"
"0.19","0","0.81","0.117808020287065","1,2,2,1,2,3,2,2,3,2,2,2,2,2,1,2,1","0.000723838806152344","louvain","graph_2024M05.graphml"
"0.18","0.01","0.81","0.117297456200737","1,2,3,1,3,2,3,3,2,3,3,3,3,3,1,3,1","0.000679969787597656","louvain","graph_2024M05.graphml"
"0.17","0.02","0.81","0.117261585275138","1,2,3,1,3,2,3,3,2,4,4,3,3,3,1,3,4","0.000739812850952148","louvain","graph_2024M05.graphml"
"0.16","0.03","0.81","0.117017252809284","1,2,3,3,3,2,3,3,2,3,3,3,3,3,1,3,1","0.000843048095703125","louvain","graph_2024M05.graphml"
"0.15","0.04","0.81","0.117545914293319","1,2,3,1,3,2,3,3,2,4,4,3,3,1,1,3,4","0.000652074813842773","louvain","graph_2024M05.graphml"
"0.14","0.05","0.81","0.117314238626071","1,2,3,1,3,2,3,3,2,4,4,3,3,3,1,3,4","0.00069117546081543","louvain","graph_2024M05.graphml"
"0.13","0.06","0.81","0.116987663339015","1,2,3,3,3,4,3,3,2,4,3,3,3,3,1,3,4","0.000901937484741211","louvain","graph_2024M05.graphml"
"0.12","0.07","0.81","0.116523148387765","1,2,3,3,3,3,3,3,2,3,3,3,3,3,1,3,1","0.000696182250976562","louvain","graph_2024M05.graphml"
"0.11","0.08","0.81","0.117888555973376","1,2,3,3,3,4,3,3,2,4,3,5,3,3,1,3,4","0.000673055648803711","louvain","graph_2024M05.graphml"
"0.1","0.09","0.81","0.117306876954113","1,2,2,1,2,3,2,2,3,4,4,2,2,2,1,2,4","0.000697851181030273","louvain","graph_2024M05.graphml"
"0.09","0.1","0.81","0.118309193198946","1,2,3,3,3,2,3,3,2,3,3,4,3,3,1,3,1","0.000749111175537109","louvain","graph_2024M05.graphml"
"0.08","0.11","0.81","0.118309193198946","1,2,3,3,3,2,3,3,2,3,3,4,3,3,1,3,1","0.000830888748168945","louvain","graph_2024M05.graphml"
"0.07","0.12","0.81","0.117700095663265","1,2,3,2,3,4,3,3,2,4,3,3,3,3,1,3,4","0.000715017318725586","louvain","graph_2024M05.graphml"
"0.06","0.13","0.81","0.117460782725017","1,2,3,2,3,3,3,3,2,3,3,3,3,3,1,3,1","0.000716209411621094","louvain","graph_2024M05.graphml"
"0.05","0.14","0.81","0.117505185185185","1,2,3,2,3,4,3,3,2,3,3,4,3,3,1,3,1","0.000695943832397461","louvain","graph_2024M05.graphml"
"0.04","0.15","0.81","0.117579321637132","1,2,3,2,3,3,3,3,2,3,3,3,3,3,1,3,1","0.000841140747070312","louvain","graph_2024M05.graphml"
"0.03","0.16","0.81","0.117497940873196","1,2,3,2,3,4,3,3,2,4,3,3,3,3,1,3,4","0.000669002532958984","louvain","graph_2024M05.graphml"
"0.02","0.17","0.81","0.118130237293445","1,2,3,2,3,4,3,3,2,4,3,3,3,3,1,3,4","0.00073695182800293","louvain","graph_2024M05.graphml"
"0.01","0.18","0.81","0.119496701286825","1,2,3,2,3,4,3,3,2,4,4,3,3,3,1,3,1","0.00069117546081543","louvain","graph_2024M05.graphml"
"0","0.19","0.81","0.118122804615519","1,2,3,2,3,4,3,3,2,3,3,4,3,3,1,3,1","0.000838041305541992","louvain","graph_2024M05.graphml"
"0.18","0","0.82","0.116152503855207","1,2,3,3,3,2,3,3,2,3,3,3,3,3,1,3,1","0.000782012939453125","louvain","graph_2024M05.graphml"
"0.17","0.01","0.82","0.114718321172067","1,2,3,1,3,2,3,3,2,4,4,3,3,3,3,3,4","0.000650882720947266","louvain","graph_2024M05.graphml"
"0.16","0.02","0.82","0.117103098795471","1,2,2,1,2,3,2,2,3,2,2,2,2,2,1,2,2","0.000731945037841797","louvain","graph_2024M05.graphml"
"0.15","0.03","0.82","0.117532093334156","1,2,2,1,2,3,2,2,3,2,2,2,2,2,1,2,2","0.000672101974487305","louvain","graph_2024M05.graphml"
"0.14","0.04","0.82","0.117377078506678","1,2,3,1,3,4,3,3,2,4,3,3,3,3,1,3,4","0.00066685676574707","louvain","graph_2024M05.graphml"
"0.13","0.05","0.82","0.117634746330877","1,2,3,2,3,3,3,3,2,3,3,3,3,3,1,3,1","0.000624895095825195","louvain","graph_2024M05.graphml"
"0.12","0.06","0.82","0.117348345679012","1,2,3,2,3,3,3,3,2,3,3,3,3,3,1,3,1","0.000801801681518555","louvain","graph_2024M05.graphml"
"0.11","0.07","0.82","0.117505185185185","1,2,3,2,3,4,3,3,2,3,3,4,3,3,1,3,1","0.000703096389770508","louvain","graph_2024M05.graphml"
"0.1","0.08","0.82","0.117179829765323","1,2,3,2,3,4,3,3,2,4,3,3,3,3,1,3,4","0.000626087188720703","louvain","graph_2024M05.graphml"
"0.09","0.09","0.82","0.116906138398471","1,2,3,2,3,4,3,3,2,4,4,3,3,3,1,3,1","0.00074005126953125","louvain","graph_2024M05.graphml"
"0.08","0.1","0.82","0.11759300590593","1,2,3,2,3,4,3,3,2,4,3,3,3,3,1,3,4","0.000660896301269531","louvain","graph_2024M05.graphml"
"0.07","0.11","0.82","0.117162334490675","1,2,3,2,4,5,3,3,2,5,3,4,3,3,1,3,5","0.000739097595214844","louvain","graph_2024M05.graphml"
"0.06","0.12","0.82","0.117987192521325","1,2,3,2,3,3,3,3,2,3,3,3,3,4,1,3,1","0.000633001327514648","louvain","graph_2024M05.graphml"
"0.05","0.13","0.82","0.11795076160796","1,2,3,2,4,5,3,3,2,5,3,4,3,3,1,3,5","0.000887155532836914","louvain","graph_2024M05.graphml"
"0.04","0.14","0.82","0.118807325707956","1,2,3,2,4,5,3,3,2,5,3,4,3,3,1,3,5","0.000643014907836914","louvain","graph_2024M05.graphml"
"0.03","0.15","0.82","0.118689419386257","1,2,3,2,3,4,3,3,2,4,3,3,3,3,1,3,4","0.00067901611328125","louvain","graph_2024M05.graphml"
"0.02","0.16","0.82","0.118807325707956","1,2,3,2,4,5,3,3,2,5,3,4,3,3,1,3,5","0.000837802886962891","louvain","graph_2024M05.graphml"
"0.01","0.17","0.82","0.118807325707956","1,2,3,2,4,5,3,3,2,5,3,4,3,3,1,3,5","0.000670909881591797","louvain","graph_2024M05.graphml"
"0","0.18","0.82","0.119508300744997","1,2,3,2,3,4,3,3,2,4,3,3,3,3,1,3,4","0.0006561279296875","louvain","graph_2024M05.graphml"
"0.17","0","0.83","0.117064681404175","1,2,3,2,3,4,3,3,2,4,3,3,3,3,1,3,4","0.000693082809448242","louvain","graph_2024M05.graphml"
"0.16","0.01","0.83","0.116408070978417","1,2,3,2,3,3,3,3,2,3,3,3,3,3,1,3,1","0.000680923461914062","louvain","graph_2024M05.graphml"
"0.15","0.02","0.83","0.116860364946354","1,2,3,2,3,4,3,3,2,3,3,4,3,3,1,3,1","0.000713109970092773","louvain","graph_2024M05.graphml"
"0.14","0.03","0.83","0.116806771217021","1,2,3,2,3,4,3,3,2,4,3,3,3,3,1,3,4","0.000690937042236328","louvain","graph_2024M05.graphml"
"0.13","0.04","0.83","0.116806771217021","1,2,3,2,3,4,3,3,2,4,3,3,3,3,1,3,4","0.000657081604003906","louvain","graph_2024M05.graphml"
"0.12","0.05","0.83","0.116600360961788","1,2,3,2,4,5,3,3,2,5,3,4,3,3,1,3,5","0.000706911087036133","louvain","graph_2024M05.graphml"
"0.11","0.06","0.83","0.1168808967418","1,2,3,2,4,5,3,3,2,5,3,4,3,3,1,3,5","0.000742197036743164","louvain","graph_2024M05.graphml"
"0.1","0.07","0.83","0.118061374170309","1,2,3,2,3,4,3,3,2,4,3,3,3,3,1,3,4","0.000726938247680664","louvain","graph_2024M05.graphml"
"0.09","0.08","0.83","0.118061374170309","1,2,3,2,3,4,3,3,2,4,3,3,3,3,1,3,4","0.000670909881591797","louvain","graph_2024M05.graphml"
"0.08","0.09","0.83","0.117775357348329","1,2,3,2,3,3,3,3,2,3,3,3,3,3,1,3,1","0.000637054443359375","louvain","graph_2024M05.graphml"
"0.07","0.1","0.83","0.1178432905551","1,2,3,2,3,4,3,3,2,4,3,3,3,5,1,3,4","0.000667095184326172","louvain","graph_2024M05.graphml"
"0.06","0.11","0.83","0.118666336274683","1,2,3,2,3,4,3,3,2,4,3,3,3,5,1,3,4","0.000669002532958984","louvain","graph_2024M05.graphml"
"0.05","0.12","0.83","0.117629867674858","1,2,3,2,3,4,3,3,2,4,3,3,3,3,1,3,4","0.000685930252075195","louvain","graph_2024M05.graphml"
"0.04","0.13","0.83","0.11766011342155","1,2,3,2,3,4,3,3,2,4,3,3,3,5,1,3,4","0.000852823257446289","louvain","graph_2024M05.graphml"
"0.03","0.14","0.83","0.117629867674858","1,2,3,2,3,4,3,3,2,4,3,3,3,3,1,3,4","0.000690221786499023","louvain","graph_2024M05.graphml"
"0.02","0.15","0.83","0.119189076349612","1,2,3,1,3,4,3,3,2,4,3,3,3,1,1,3,4","0.000705957412719727","louvain","graph_2024M05.graphml"
"0.01","0.16","0.83","0.118409219039437","1,2,3,1,3,4,3,3,2,4,3,3,3,1,1,3,4","0.000724077224731445","louvain","graph_2024M05.graphml"
"0","0.17","0.83","0.119210250452363","1,2,3,1,3,4,3,3,2,4,3,3,3,1,3,3,4","0.000707149505615234","louvain","graph_2024M05.graphml"
"0.16","0","0.84","0.11797052939366","1,2,3,2,3,4,3,3,2,4,3,3,3,3,1,3,4","0.000648021697998047","louvain","graph_2024M05.graphml"
"0.15","0.01","0.84","0.118261819037606","1,2,3,2,3,4,3,3,2,4,3,3,3,3,1,3,4","0.000838994979858398","louvain","graph_2024M05.graphml"
"0.14","0.02","0.84","0.117797524837436","1,2,3,2,3,4,3,3,2,4,3,3,3,3,1,3,4","0.000802040100097656","louvain","graph_2024M05.graphml"
"0.13","0.03","0.84","0.117797524837436","1,2,3,2,3,4,3,3,2,4,3,3,3,3,1,3,4","0.000626087188720703","louvain","graph_2024M05.graphml"
"0.12","0.04","0.84","0.117276838905591","1,2,3,1,3,4,3,3,2,4,3,3,3,1,1,3,4","0.000751018524169922","louvain","graph_2024M05.graphml"
"0.11","0.05","0.84","0.117318120498318","1,2,3,2,3,4,3,3,2,4,3,3,3,3,1,3,4","0.000685214996337891","louvain","graph_2024M05.graphml"
"0.1","0.06","0.84","0.117583474995177","1,2,3,2,3,4,3,3,2,4,3,3,3,3,1,3,4","0.000659942626953125","louvain","graph_2024M05.graphml"
"0.09","0.07","0.84","0.117690642984966","1,2,3,1,3,2,3,3,2,4,4,3,3,1,1,3,4","0.000673055648803711","louvain","graph_2024M05.graphml"
"0.08","0.08","0.84","0.117464440321583","1,2,3,1,3,4,3,3,2,4,3,3,3,1,3,3,4","0.000768184661865234","louvain","graph_2024M05.graphml"
"0.07","0.09","0.84","0.117728250978796","1,2,3,1,3,4,3,3,2,4,3,3,3,1,1,3,4","0.000699043273925781","louvain","graph_2024M05.graphml"
"0.06","0.1","0.84","0.117881614149822","1,2,3,1,3,4,3,3,2,4,3,3,3,1,3,3,4","0.000655889511108398","louvain","graph_2024M05.graphml"
"0.05","0.11","0.84","0.118559342160818","1,2,3,1,3,4,3,3,2,4,3,3,3,1,3,3,4","0.000777006149291992","louvain","graph_2024M05.graphml"
"0.04","0.12","0.84","0.118631954557952","1,2,3,1,3,4,3,3,2,4,3,3,3,1,3,3,4","0.000661849975585938","louvain","graph_2024M05.graphml"
"0.03","0.13","0.84","0.117222167403336","1,2,3,3,3,4,3,3,2,4,3,3,3,3,1,3,4","0.000659942626953125","louvain","graph_2024M05.graphml"
"0.02","0.14","0.84","0.118186690810321","1,2,3,1,3,4,3,3,2,4,3,3,3,1,3,3,4","0.000703096389770508","louvain","graph_2024M05.graphml"
"0.01","0.15","0.84","0.117924678374751","1,2,3,1,3,4,3,3,2,4,3,3,3,1,3,3,4","0.000629901885986328","louvain","graph_2024M05.graphml"
"0","0.16","0.84","0.11635735924336","1,2,3,3,3,3,3,3,2,3,3,3,3,3,1,3,1","0.000702142715454102","louvain","graph_2024M05.graphml"
"0.15","0","0.85","0.117067377729185","1,2,3,1,4,3,3,3,2,4,3,3,3,1,1,3,4","0.000683069229125977","louvain","graph_2024M05.graphml"
"0.14","0.01","0.85","0.117067377729185","1,2,3,1,4,3,3,3,2,4,3,3,3,1,1,3,4","0.000670909881591797","louvain","graph_2024M05.graphml"
"0.13","0.02","0.85","0.116732813110568","1,2,3,1,4,3,3,3,2,3,3,4,3,1,3,3,3","0.000773906707763672","louvain","graph_2024M05.graphml"
"0.12","0.03","0.85","0.116249023496184","1,2,3,1,3,3,3,3,2,4,4,3,3,1,1,3,4","0.000710964202880859","louvain","graph_2024M05.graphml"
"0.11","0.04","0.85","0.116818139954687","1,2,3,1,4,3,3,3,2,4,3,3,3,1,3,3,4","0.000677108764648438","louvain","graph_2024M05.graphml"
"0.1","0.05","0.85","0.117361207840197","1,2,3,1,3,3,3,3,2,3,3,3,3,1,3,3,1","0.00110101699829102","louvain","graph_2024M05.graphml"
"0.09","0.06","0.85","0.117851214125473","1,2,3,1,3,4,3,3,2,4,3,3,3,1,3,3,4","0.000676870346069336","louvain","graph_2024M05.graphml"
"0.08","0.07","0.85","0.118177999094613","1,2,3,1,3,4,3,3,2,4,3,3,3,1,3,3,4","0.00086212158203125","louvain","graph_2024M05.graphml"
"0.07","0.08","0.85","0.118049575227256","1,2,3,1,3,3,3,3,2,3,3,3,3,1,3,3,1","0.000695943832397461","louvain","graph_2024M05.graphml"
"0.06","0.09","0.85","0.117905445331934","1,2,3,1,3,4,3,3,2,4,3,3,3,1,3,3,4","0.000724077224731445","louvain","graph_2024M05.graphml"
"0.05","0.1","0.85","0.117441859628601","1,2,3,1,3,4,3,3,2,4,3,3,3,1,3,3,4","0.000891923904418945","louvain","graph_2024M05.graphml"
"0.04","0.11","0.85","0.116586828497558","1,2,3,3,3,4,3,3,2,4,3,3,3,3,1,3,4","0.000719070434570312","louvain","graph_2024M05.graphml"
"0.03","0.12","0.85","0.117819875935902","1,2,3,1,3,4,3,3,2,4,3,3,3,1,3,3,4","0.000731945037841797","louvain","graph_2024M05.graphml"
"0.02","0.13","0.85","0.117182545663431","1,2,3,1,3,4,3,3,2,4,3,3,3,1,3,3,4","0.000758886337280273","louvain","graph_2024M05.graphml"
"0.01","0.14","0.85","0.117182545663431","1,2,3,1,3,4,3,3,2,4,3,3,3,1,3,3,4","0.000932931900024414","louvain","graph_2024M05.graphml"
"0","0.15","0.85","0.117957527809341","1,2,3,1,3,3,3,3,2,3,3,3,3,1,3,3,1","0.000742912292480469","louvain","graph_2024M05.graphml"
"0.14","0","0.86","0.118253891092931","1,2,3,1,3,4,3,3,2,4,3,3,3,1,3,3,4","0.000631093978881836","louvain","graph_2024M05.graphml"
"0.13","0.01","0.86","0.11823307128974","1,2,3,1,3,4,3,3,2,4,3,3,3,1,3,3,4","0.000648021697998047","louvain","graph_2024M05.graphml"
"0.12","0.02","0.86","0.117707980076873","1,2,3,1,3,4,3,3,2,4,3,3,3,1,3,3,4","0.000663995742797852","louvain","graph_2024M05.graphml"
"0.11","0.03","0.86","0.117707980076873","1,2,3,1,3,4,3,3,2,4,3,3,3,1,3,3,4","0.00114798545837402","louvain","graph_2024M05.graphml"
"0.1","0.04","0.86","0.117707980076873","1,2,3,1,3,4,3,3,2,4,3,3,3,1,3,3,4","0.000759124755859375","louvain","graph_2024M05.graphml"
"0.09","0.05","0.86","0.117571842293866","1,2,3,1,3,3,3,3,2,3,3,3,3,1,3,3,1","0.000771999359130859","louvain","graph_2024M05.graphml"
"0.08","0.06","0.86","0.11757983701607","1,2,3,1,3,4,3,3,2,4,3,3,3,1,3,3,4","0.0006561279296875","louvain","graph_2024M05.graphml"
"0.07","0.07","0.86","0.117904182022112","1,2,3,1,3,4,3,3,2,4,3,3,3,1,3,3,4","0.000669956207275391","louvain","graph_2024M05.graphml"
"0.06","0.08","0.86","0.117957527809341","1,2,3,1,3,3,3,3,2,3,3,3,3,1,3,3,1","0.00071406364440918","louvain","graph_2024M05.graphml"
"0.05","0.09","0.86","0.117968446528364","1,2,3,3,3,4,3,3,2,4,3,3,3,3,1,3,4","0.000700950622558594","louvain","graph_2024M05.graphml"
"0.04","0.1","0.86","0.118351250386857","1,2,3,1,3,4,3,3,2,4,3,3,3,1,3,3,4","0.000661849975585938","louvain","graph_2024M05.graphml"
"0.03","0.11","0.86","0.117863964049619","1,2,3,1,3,4,3,3,2,4,3,3,3,1,3,3,4","0.000710010528564453","louvain","graph_2024M05.graphml"
"0.02","0.12","0.86","0.117408182109409","1,2,3,1,3,4,3,3,2,4,3,3,3,1,3,3,4","0.000886917114257812","louvain","graph_2024M05.graphml"
"0.01","0.13","0.86","0.116710609601629","1,2,3,1,3,3,3,3,2,3,3,3,3,1,3,3,3","0.000694036483764648","louvain","graph_2024M05.graphml"
"0","0.14","0.86","0.117102317594067","1,2,3,1,3,3,3,3,2,3,3,3,3,1,2,3,3","0.000763893127441406","louvain","graph_2024M05.graphml"
"0.13","0","0.87","0.117319161815236","1,2,3,1,3,4,3,3,2,4,3,3,3,1,3,3,4","0.000777006149291992","louvain","graph_2024M05.graphml"
"0.12","0.01","0.87","0.116957665884434","1,2,3,1,3,3,3,3,2,3,3,3,3,1,3,3,3","0.000684022903442383","louvain","graph_2024M05.graphml"
"0.11","0.02","0.87","0.117698255772897","1,2,3,1,3,4,3,3,2,4,3,3,3,1,3,3,4","0.000786066055297852","louvain","graph_2024M05.graphml"
"0.1","0.03","0.87","0.117340962209147","1,2,3,1,3,3,3,3,2,3,3,3,3,1,3,3,3","0.00113105773925781","louvain","graph_2024M05.graphml"
"0.09","0.04","0.87","0.117539219853075","1,2,3,1,3,4,3,3,2,4,3,3,3,1,3,3,4","0.00067901611328125","louvain","graph_2024M05.graphml"
"0.08","0.05","0.87","0.116773958333333","1,2,3,1,3,3,3,3,2,3,3,3,3,1,3,3,3","0.000745058059692383","louvain","graph_2024M05.graphml"
"0.07","0.06","0.87","0.118183158407646","1,2,3,1,3,4,3,3,2,4,3,3,3,1,2,3,4","0.000693798065185547","louvain","graph_2024M05.graphml"
"0.06","0.07","0.87","0.117406609750444","1,2,3,1,3,3,3,3,2,3,3,3,3,1,3,3,3","0.000689983367919922","louvain","graph_2024M05.graphml"
"0.05","0.08","0.87","0.117361643963708","1,2,3,1,3,4,3,3,2,4,3,3,3,1,2,3,4","0.000688076019287109","louvain","graph_2024M05.graphml"
"0.04","0.09","0.87","0.117685497947969","1,2,3,1,3,4,3,3,2,4,3,3,3,1,2,3,4","0.000674962997436523","louvain","graph_2024M05.graphml"
"0.03","0.1","0.87","0.117669655690948","1,2,3,1,3,4,3,3,2,4,3,3,3,1,2,3,4","0.000722169876098633","louvain","graph_2024M05.graphml"
"0.02","0.11","0.87","0.117669655690948","1,2,3,1,3,4,3,3,2,4,3,3,3,1,2,3,4","0.000692844390869141","louvain","graph_2024M05.graphml"
"0.01","0.12","0.87","0.117659472233002","1,2,3,1,3,3,3,3,2,3,3,3,3,1,2,3,3","0.000734090805053711","louvain","graph_2024M05.graphml"
"0","0.13","0.87","0.11736224009293","1,2,3,1,3,4,3,3,2,4,3,3,3,1,2,3,4","0.000671863555908203","louvain","graph_2024M05.graphml"
"0.12","0","0.88","0.117036552400957","1,2,3,1,3,4,3,3,2,4,3,3,3,1,2,3,4","0.000687122344970703","louvain","graph_2024M05.graphml"
"0.11","0.01","0.88","0.117361643963708","1,2,3,1,3,4,3,3,2,4,3,3,3,1,2,3,4","0.000715970993041992","louvain","graph_2024M05.graphml"
"0.1","0.02","0.88","0.118119134029209","1,2,3,1,3,4,3,3,2,4,3,3,3,1,2,3,4","0.000674009323120117","louvain","graph_2024M05.graphml"
"0.09","0.03","0.88","0.117732033840634","1,2,3,1,3,4,3,3,2,4,3,3,3,1,2,3,4","0.000795841217041016","louvain","graph_2024M05.graphml"
"0.08","0.04","0.88","0.116727390560838","1,2,3,1,3,3,3,3,2,3,3,3,3,1,2,3,3","0.000886917114257812","louvain","graph_2024M05.graphml"
"0.07","0.05","0.88","0.116727390560838","1,2,3,1,3,3,3,3,2,3,3,3,3,1,2,3,3","0.000704050064086914","louvain","graph_2024M05.graphml"
"0.06","0.06","0.88","0.117715202644612","1,2,3,1,3,4,3,3,2,4,3,3,3,1,2,3,4","0.000687122344970703","louvain","graph_2024M05.graphml"
"0.05","0.07","0.88","0.11792195074446","1,2,3,1,3,3,3,3,2,3,3,3,3,1,2,3,3","0.00071406364440918","louvain","graph_2024M05.graphml"
"0.04","0.08","0.88","0.11832737454871","1,2,3,3,3,3,3,3,2,3,3,3,3,1,2,3,1","0.000779151916503906","louvain","graph_2024M05.graphml"
"0.03","0.09","0.88","0.118215478819352","1,2,3,1,3,3,3,3,2,3,3,3,3,1,2,3,3","0.000947952270507812","louvain","graph_2024M05.graphml"
"0.02","0.1","0.88","0.118890277366936","1,2,3,4,3,3,3,3,2,4,3,3,3,4,2,3,4","0.000796079635620117","louvain","graph_2024M05.graphml"
"0.01","0.11","0.88","0.118459382140303","1,2,3,4,3,3,3,3,2,4,3,3,3,4,2,3,4","0.00066685676574707","louvain","graph_2024M05.graphml"
"0","0.12","0.88","0.117748181789056","1,2,3,3,3,3,3,3,2,3,3,3,3,3,2,3,3","0.000729799270629883","louvain","graph_2024M05.graphml"
"0.11","0","0.89","0.1174531617673","1,2,3,1,3,3,3,3,2,3,3,3,3,1,2,3,3","0.000699996948242188","louvain","graph_2024M05.graphml"
"0.1","0.01","0.89","0.117688021812393","1,2,3,1,3,3,3,3,2,3,3,3,3,1,2,3,3","0.000721931457519531","louvain","graph_2024M05.graphml"
"0.09","0.02","0.89","0.118002024186258","1,2,3,3,3,3,3,3,2,3,3,3,3,1,2,3,3","0.00156688690185547","louvain","graph_2024M05.graphml"
"0.08","0.03","0.89","0.118161158701699","1,2,3,4,3,3,3,3,2,4,3,3,3,4,2,3,4","0.000730991363525391","louvain","graph_2024M05.graphml"
"0.07","0.04","0.89","0.117539340348419","1,2,3,4,3,3,3,3,2,4,3,3,3,4,2,3,4","0.000703096389770508","louvain","graph_2024M05.graphml"
"0.06","0.05","0.89","0.118374253863411","1,2,3,4,3,3,3,3,2,4,3,3,3,4,2,3,4","0.000886201858520508","louvain","graph_2024M05.graphml"
"0.05","0.06","0.89","0.118434943606829","1,2,3,4,3,3,3,3,2,4,3,3,3,4,2,3,4","0.000828981399536133","louvain","graph_2024M05.graphml"
"0.04","0.07","0.89","0.11806803687384","1,2,3,4,3,3,3,3,2,4,3,3,3,4,2,3,4","0.00067901611328125","louvain","graph_2024M05.graphml"
"0.03","0.08","0.89","0.117789117726958","1,2,3,4,3,3,3,3,2,4,3,3,3,4,2,3,4","0.000861883163452148","louvain","graph_2024M05.graphml"
"0.02","0.09","0.89","0.117789117726958","1,2,3,4,3,3,3,3,2,4,3,3,3,4,2,3,4","0.000755071640014648","louvain","graph_2024M05.graphml"
"0.01","0.1","0.89","0.117789117726958","1,2,3,4,3,3,3,3,2,4,3,3,3,4,2,3,4","0.000719070434570312","louvain","graph_2024M05.graphml"
"0","0.11","0.89","0.117633644864691","1,2,3,4,3,3,3,3,2,4,3,3,3,4,2,3,4","0.00088191032409668","louvain","graph_2024M05.graphml"
"0.1","0","0.9","0.117770287080108","1,2,3,4,3,3,3,3,2,4,3,3,3,4,2,3,4","0.000680208206176758","louvain","graph_2024M05.graphml"
"0.09","0.01","0.9","0.117770287080108","1,2,3,4,3,3,3,3,2,4,3,3,3,4,2,3,4","0.000726938247680664","louvain","graph_2024M05.graphml"
"0.08","0.02","0.9","0.117465634678176","1,2,3,4,3,3,3,3,2,4,3,3,3,4,2,3,4","0.000715017318725586","louvain","graph_2024M05.graphml"
"0.07","0.03","0.9","0.117761969545477","1,2,3,4,3,3,3,3,2,4,3,3,3,4,2,3,4","0.000798940658569336","louvain","graph_2024M05.graphml"
"0.06","0.04","0.9","0.117209978887658","1,2,3,4,3,3,3,3,2,4,3,3,3,4,2,3,4","0.000738859176635742","louvain","graph_2024M05.graphml"
"0.05","0.05","0.9","0.116786875650364","1,2,3,4,3,3,3,3,2,4,3,3,3,4,2,3,4","0.000843048095703125","louvain","graph_2024M05.graphml"
"0.04","0.06","0.9","0.117752326645766","1,2,3,1,3,3,3,3,2,4,3,3,3,4,2,3,4","0.000731945037841797","louvain","graph_2024M05.graphml"
"0.03","0.07","0.9","0.117437052158216","1,2,3,1,3,3,3,3,2,4,3,3,3,4,2,3,4","0.000735998153686523","louvain","graph_2024M05.graphml"
"0.02","0.08","0.9","0.117882233434311","1,2,3,1,3,3,3,3,2,4,3,3,3,4,2,3,4","0.000655174255371094","louvain","graph_2024M05.graphml"
"0.01","0.09","0.9","0.117572057228396","1,2,3,1,3,3,3,3,2,4,3,3,3,4,2,3,4","0.000702142715454102","louvain","graph_2024M05.graphml"
"0","0.1","0.9","0.118172730214497","1,2,3,1,3,3,3,3,2,4,3,3,3,4,2,3,4","0.000750064849853516","louvain","graph_2024M05.graphml"
"0.09","0","0.91","0.117939847318804","1,2,3,1,3,3,3,3,2,4,3,3,3,4,2,3,4","0.000750064849853516","louvain","graph_2024M05.graphml"
"0.08","0.01","0.91","0.117939847318804","1,2,3,1,3,3,3,3,2,4,3,3,3,4,2,3,4","0.000685930252075195","louvain","graph_2024M05.graphml"
"0.07","0.02","0.91","0.117872951217646","1,2,3,1,3,3,3,3,2,4,3,3,3,4,2,3,4","0.000730037689208984","louvain","graph_2024M05.graphml"
"0.06","0.03","0.91","0.117743193754363","1,2,3,1,3,3,3,3,2,4,3,3,3,4,2,3,4","0.000732898712158203","louvain","graph_2024M05.graphml"
"0.05","0.04","0.91","0.118153646767346","1,2,3,1,3,3,3,3,2,4,3,3,3,1,2,3,4","0.000730991363525391","louvain","graph_2024M05.graphml"
"0.04","0.05","0.91","0.118022980141182","1,2,3,1,3,3,3,3,2,4,3,3,3,1,2,3,4","0.000690937042236328","louvain","graph_2024M05.graphml"
"0.03","0.06","0.91","0.117588441877435","1,2,3,1,3,3,3,3,2,4,3,3,3,1,2,3,4","0.00072789192199707","louvain","graph_2024M05.graphml"
"0.02","0.07","0.91","0.117376966855322","1,2,3,1,3,3,3,3,2,3,3,3,3,1,2,3,3","0.000674009323120117","louvain","graph_2024M05.graphml"
"0.01","0.08","0.91","0.118307977820556","1,2,3,1,3,3,3,3,2,4,3,3,3,1,2,3,4","0.000690937042236328","louvain","graph_2024M05.graphml"
"0","0.09","0.91","0.118609055130965","1,2,3,1,3,3,3,3,2,4,3,3,3,1,2,3,4","0.000962972640991211","louvain","graph_2024M05.graphml"
"0.08","0","0.92","0.117587681638982","1,2,3,1,3,3,3,3,2,4,3,3,3,1,2,3,4","0.000679969787597656","louvain","graph_2024M05.graphml"
"0.07","0.01","0.92","0.118005794910557","1,2,3,1,3,3,3,3,2,4,3,3,3,1,2,3,4","0.000710964202880859","louvain","graph_2024M05.graphml"
"0.06","0.02","0.92","0.117532879573315","1,2,3,1,3,3,3,3,2,3,3,3,3,1,2,3,3","0.000670194625854492","louvain","graph_2024M05.graphml"
"0.05","0.03","0.92","0.117601332523388","1,2,3,1,3,3,3,3,2,4,3,3,3,1,2,3,2","0.000849008560180664","louvain","graph_2024M05.graphml"
"0.04","0.04","0.92","0.11793092647914","1,2,3,1,3,3,3,3,2,3,3,3,3,1,2,3,2","0.000730991363525391","louvain","graph_2024M05.graphml"
"0.03","0.05","0.92","0.118625857058982","1,2,3,1,3,3,3,3,2,3,3,3,3,1,2,3,2","0.000700950622558594","louvain","graph_2024M05.graphml"
"0.02","0.06","0.92","0.117773722469592","1,2,3,1,3,3,3,3,2,4,3,3,3,4,2,3,2","0.000762939453125","louvain","graph_2024M05.graphml"
"0.01","0.07","0.92","0.117773722469592","1,2,3,1,3,3,3,3,2,4,3,3,3,4,2,3,2","0.000676870346069336","louvain","graph_2024M05.graphml"
"0","0.08","0.92","0.118198016791266","1,2,3,1,3,3,3,3,2,3,3,3,3,1,2,3,2","0.000729084014892578","louvain","graph_2024M05.graphml"
"0.07","0","0.93","0.117514954721333","1,2,3,1,3,3,3,3,2,3,3,3,3,1,2,3,2","0.000751018524169922","louvain","graph_2024M05.graphml"
"0.06","0.01","0.93","0.117058128399613","1,2,3,1,3,3,3,3,2,4,3,3,3,4,2,3,2","0.000762939453125","louvain","graph_2024M05.graphml"
"0.05","0.02","0.93","0.117453930167248","1,2,3,1,3,3,3,3,2,3,3,3,3,1,2,3,2","0.000652074813842773","louvain","graph_2024M05.graphml"
"0.04","0.03","0.93","0.117479095248775","1,2,3,1,3,3,3,3,2,4,3,3,3,4,2,3,2","0.000805139541625977","louvain","graph_2024M05.graphml"
"0.03","0.04","0.93","0.117596930552962","1,2,3,1,3,3,3,3,2,4,3,3,3,4,2,3,2","0.000670909881591797","louvain","graph_2024M05.graphml"
"0.02","0.05","0.93","0.116837916737077","1,2,3,1,3,3,3,3,2,3,3,3,3,1,2,3,2","0.000695943832397461","louvain","graph_2024M05.graphml"
"0.01","0.06","0.93","0.118012575417213","1,2,3,1,3,3,3,3,2,4,3,3,3,4,2,3,2","0.000813007354736328","louvain","graph_2024M05.graphml"
"0","0.07","0.93","0.117594795907147","1,2,3,1,3,3,3,3,2,4,3,3,3,4,2,3,2","0.000715017318725586","louvain","graph_2024M05.graphml"
"0.06","0","0.94","0.116827218941382","1,2,3,1,3,3,3,3,2,3,3,3,3,1,2,3,2","0.000928878784179688","louvain","graph_2024M05.graphml"
"0.05","0.01","0.94","0.116885235245482","1,2,3,1,3,3,3,3,2,4,3,3,3,4,2,3,2","0.000879049301147461","louvain","graph_2024M05.graphml"
"0.04","0.02","0.94","0.117899970733996","1,2,3,1,3,3,3,3,2,4,3,3,3,4,2,3,2","0.000727176666259766","louvain","graph_2024M05.graphml"
"0.03","0.03","0.94","0.118550576592535","1,2,3,1,3,3,3,3,2,4,3,3,3,4,2,3,2","0.000741004943847656","louvain","graph_2024M05.graphml"
"0.02","0.04","0.94","0.118550576592535","1,2,3,1,3,3,3,3,2,4,3,3,3,4,2,3,2","0.000739097595214844","louvain","graph_2024M05.graphml"
"0.01","0.05","0.94","0.118243593514911","1,2,3,1,3,3,3,3,2,4,3,3,3,4,2,3,2","0.000750064849853516","louvain","graph_2024M05.graphml"
"0","0.06","0.94","0.118593445403338","1,2,3,1,3,3,3,3,2,3,3,3,3,1,2,3,2","0.000914096832275391","louvain","graph_2024M05.graphml"
"0.05","0","0.95","0.117704566121555","1,2,3,1,3,3,3,3,2,4,3,3,3,4,2,3,2","0.000741958618164062","louvain","graph_2024M05.graphml"
"0.04","0.01","0.95","0.117050556738194","1,2,3,1,3,3,3,3,2,4,3,3,3,4,2,3,2","0.00073695182800293","louvain","graph_2024M05.graphml"
"0.03","0.02","0.95","0.116624556213018","1,2,3,1,3,3,3,3,2,4,3,3,3,4,2,3,2","0.000687837600708008","louvain","graph_2024M05.graphml"
"0.02","0.03","0.95","0.116866402103956","1,2,3,1,3,3,3,3,2,4,3,3,3,4,2,3,2","0.000789880752563477","louvain","graph_2024M05.graphml"
"0.01","0.04","0.95","0.116456599286564","1,2,3,1,3,3,3,3,2,4,3,3,3,4,2,3,2","0.000751018524169922","louvain","graph_2024M05.graphml"
"0","0.05","0.95","0.116396171281563","1,2,3,1,3,3,3,3,2,3,3,3,3,1,2,3,2","0.000753879547119141","louvain","graph_2024M05.graphml"
"0.04","0","0.96","0.116471965548495","1,2,3,2,4,3,3,3,2,4,3,3,3,4,3,3,2","0.000689029693603516","louvain","graph_2024M05.graphml"
"0.03","0.01","0.96","0.116516803149167","1,2,3,2,4,3,3,3,2,4,3,3,3,4,3,3,2","0.00073695182800293","louvain","graph_2024M05.graphml"
"0.02","0.02","0.96","0.116725989966604","1,2,3,1,4,3,3,3,2,4,3,3,3,1,3,3,2","0.000882148742675781","louvain","graph_2024M05.graphml"
"0.01","0.03","0.96","0.116547507414011","1,2,3,2,4,3,3,3,2,4,3,3,3,4,1,3,2","0.000712871551513672","louvain","graph_2024M05.graphml"
"0","0.04","0.96","0.116169979669621","1,2,3,2,3,3,3,3,2,3,3,3,3,3,1,3,2","0.000671148300170898","louvain","graph_2024M05.graphml"
"0.03","0","0.97","0.117010964099064","1,2,3,1,3,3,3,3,2,3,3,3,3,3,2,3,2","0.000718832015991211","louvain","graph_2024M05.graphml"
"0.02","0.01","0.97","0.117010964099064","1,2,3,1,3,3,3,3,2,3,3,3,3,3,2,3,2","0.000695943832397461","louvain","graph_2024M05.graphml"
"0.01","0.02","0.97","0.116594673120192","1,2,3,1,3,3,3,3,2,3,3,3,3,3,2,3,2","0.00075221061706543","louvain","graph_2024M05.graphml"
"0","0.03","0.97","0.116178935943623","1,2,3,1,3,3,3,3,2,3,3,3,3,3,2,3,2","0.000751018524169922","louvain","graph_2024M05.graphml"
"0.02","0","0.98","0.117151594215096","1,2,3,1,3,3,3,3,2,3,3,3,3,3,2,3,2","0.000776052474975586","louvain","graph_2024M05.graphml"
"0.01","0.01","0.98","0.117721583940397","1,2,3,1,3,3,3,3,2,3,3,3,3,1,2,3,2","0.000776052474975586","louvain","graph_2024M05.graphml"
"0","0.02","0.98","0.117939128981956","1,2,3,1,3,3,3,3,2,3,3,3,3,1,2,3,2","0.000633001327514648","louvain","graph_2024M05.graphml"
"0.01","0","0.99","0.1174295805469","1,2,3,1,3,3,3,3,2,3,3,3,3,1,2,3,2","0.000745058059692383","louvain","graph_2024M05.graphml"
"0","0.01","0.99","0.1174295805469","1,2,3,1,3,3,3,3,2,3,3,3,3,1,2,3,2","0.000777959823608398","louvain","graph_2024M05.graphml"
"0","0","1","0.117478827913736","1,2,3,1,3,3,3,3,2,3,3,3,3,1,2,3,2","0.000744104385375977","louvain","graph_2024M05.graphml"
