"Var1","Var2","Var3","modularity","partition","time","algorithm","network"
"1","0","0","0.62","1,2,3,4,5,6,7,7,8,7,9,10,7,11,12,13,14","0.000400066375732422","louvain","graph_2024M08.graphml"
"0.99","0.01","0","0.62","1,2,3,4,5,6,7,7,8,7,9,10,7,11,12,13,14","0.00038909912109375","louvain","graph_2024M08.graphml"
"0.98","0.02","0","0.5546875","1,2,3,4,5,6,7,7,8,7,9,10,7,11,12,13,14","0.000405073165893555","louvain","graph_2024M08.graphml"
"0.97","0.03","0","0.506920415224913","1,2,3,4,5,6,7,7,8,7,9,10,7,11,12,13,14","0.000365018844604492","louvain","graph_2024M08.graphml"
"0.96","0.04","0","0.469529085872576","1,2,3,4,5,6,7,7,8,7,9,10,7,11,12,13,14","0.000360965728759766","louvain","graph_2024M08.graphml"
"0.95","0.05","0","0.469529085872576","1,2,3,4,5,6,7,7,8,7,9,10,7,11,12,13,14","0.000519990921020508","louvain","graph_2024M08.graphml"
"0.94","0.06","0","0.469529085872576","1,2,3,4,5,6,7,7,8,7,9,10,7,11,12,13,14","0.000548124313354492","louvain","graph_2024M08.graphml"
"0.93","0.07","0","0.44671201814059","1,2,3,4,5,6,7,7,8,7,9,10,7,11,12,13,14","0.000369071960449219","louvain","graph_2024M08.graphml"
"0.92","0.08","0","0.450413223140496","1,2,3,4,5,6,7,7,8,7,9,10,7,11,12,13,14","0.000385046005249023","louvain","graph_2024M08.graphml"
"0.91","0.09","0","0.420604914933837","1,2,3,4,5,6,7,7,8,7,9,10,7,11,12,13,14","0.000491857528686523","louvain","graph_2024M08.graphml"
"0.9","0.1","0","0.440104166666667","1,2,3,4,5,6,7,7,8,9,10,11,7,12,13,14,15","0.000380992889404297","louvain","graph_2024M08.graphml"
"0.89","0.11","0","0.408","1,2,3,4,5,6,7,7,8,9,10,11,7,12,13,14,15","0.000741004943847656","louvain","graph_2024M08.graphml"
"0.88","0.12","0","0.401627218934911","1,2,3,4,5,6,7,7,8,7,9,10,7,11,12,13,14","0.000658988952636719","louvain","graph_2024M08.graphml"
"0.87","0.13","0","0.411242603550296","1,2,3,4,5,6,7,7,8,9,10,11,7,12,13,14,15","0.000443935394287109","louvain","graph_2024M08.graphml"
"0.86","0.14","0","0.356505102040816","1,2,3,4,5,6,7,7,8,9,10,11,7,12,13,14,15","0.000401973724365234","louvain","graph_2024M08.graphml"
"0.85","0.15","0","0.32461355529132","1,2,3,4,5,6,7,8,9,7,10,11,7,12,13,14,15","0.000499963760375977","louvain","graph_2024M08.graphml"
"0.84","0.16","0","0.350156087408949","1,2,3,4,5,6,7,7,8,8,9,10,7,11,12,13,14","0.000567913055419922","louvain","graph_2024M08.graphml"
"0.83","0.17","0","0.350156087408949","1,2,3,4,5,6,7,7,8,8,9,10,7,11,12,13,14","0.000383138656616211","louvain","graph_2024M08.graphml"
"0.82","0.18","0","0.36572265625","1,2,3,4,5,6,7,7,8,9,10,11,7,12,13,14,15","0.000378131866455078","louvain","graph_2024M08.graphml"
"0.81","0.19","0","0.376951331496786","1,2,3,4,5,6,7,7,8,9,10,11,7,12,13,14,15","0.000890016555786133","louvain","graph_2024M08.graphml"
"0.8","0.2","0","0.397762345679012","1,2,3,4,5,6,7,8,9,7,10,11,8,12,13,14,15","0.000387907028198242","louvain","graph_2024M08.graphml"
"0.79","0.21","0","0.373614958448753","1,2,3,4,5,6,7,8,9,7,10,8,8,11,12,13,14","0.000399112701416016","louvain","graph_2024M08.graphml"
"0.78","0.22","0","0.373614958448753","1,2,3,4,5,6,7,8,9,7,10,8,8,11,12,13,14","0.000384092330932617","louvain","graph_2024M08.graphml"
"0.77","0.23","0","0.3440625","1,2,3,4,5,6,7,8,9,7,10,8,8,11,12,13,14","0.000453948974609375","louvain","graph_2024M08.graphml"
"0.76","0.24","0","0.318820984315846","1,2,3,4,5,6,7,8,9,7,10,8,8,11,12,13,14","0.000391006469726562","louvain","graph_2024M08.graphml"
"0.75","0.25","0","0.318820984315846","1,2,3,4,5,6,7,8,9,7,10,8,8,11,12,13,14","0.000383853912353516","louvain","graph_2024M08.graphml"
"0.74","0.26","0","0.309382716049383","1,2,3,4,5,6,7,8,9,7,1,8,8,10,11,12,13","0.000982999801635742","louvain","graph_2024M08.graphml"
"0.73","0.27","0","0.28851606805293","1,2,3,4,5,6,7,8,9,7,1,7,7,10,11,12,13","0.000394105911254883","louvain","graph_2024M08.graphml"
"0.72","0.28","0","0.315321180555556","1,2,3,4,5,6,7,7,8,7,1,9,7,10,11,12,13","0.000393867492675781","louvain","graph_2024M08.graphml"
"0.71","0.29","0","0.3306","1,2,3,4,5,6,7,7,8,9,1,10,7,11,12,13,14","0.00037693977355957","louvain","graph_2024M08.graphml"
"0.7","0.3","0","0.316358024691358","1,2,3,4,5,6,7,7,2,7,1,8,7,9,10,11,12","0.000651836395263672","louvain","graph_2024M08.graphml"
"0.69","0.31","0","0.336575255102041","1,2,3,4,5,6,7,7,2,7,1,8,7,9,10,11,12","0.000519990921020508","louvain","graph_2024M08.graphml"
"0.68","0.32","0","0.344678953626635","1,2,3,4,5,6,7,7,2,7,1,8,7,9,10,11,12","0.000391960144042969","louvain","graph_2024M08.graphml"
"0.67","0.33","0","0.344678953626635","1,2,3,4,5,6,7,7,2,7,1,8,7,9,10,11,12","0.000412940979003906","louvain","graph_2024M08.graphml"
"0.66","0.34","0","0.33915614082236","1,2,3,4,5,6,7,7,2,7,1,8,7,9,10,1,11","0.000386953353881836","louvain","graph_2024M08.graphml"
"0.65","0.35","0","0.3302001953125","1,2,3,1,4,5,6,6,2,6,1,7,6,8,9,1,10","0.000594854354858398","louvain","graph_2024M08.graphml"
"0.64","0.36","0","0.322658402203857","1,2,3,1,4,5,6,6,2,6,1,7,6,8,9,1,10","0.000480890274047852","louvain","graph_2024M08.graphml"
"0.63","0.37","0","0.326464691468033","1,2,3,1,1,4,5,5,2,5,1,6,5,7,8,1,9","0.000692844390869141","louvain","graph_2024M08.graphml"
"0.62","0.38","0","0.330714285714286","1,2,3,1,1,4,5,5,2,5,1,6,5,1,7,1,8","0.000406026840209961","louvain","graph_2024M08.graphml"
"0.61","0.39","0","0.32349537037037","1,2,3,1,1,4,5,5,2,5,1,6,5,1,7,1,8","0.00042414665222168","louvain","graph_2024M08.graphml"
"0.6","0.4","0","0.316380569758948","1,2,3,1,1,4,5,5,2,5,1,6,5,1,7,1,8","0.000412940979003906","louvain","graph_2024M08.graphml"
"0.59","0.41","0","0.310844444444444","1,2,3,1,1,4,5,5,2,5,1,6,5,1,7,1,8","0.000519990921020508","louvain","graph_2024M08.graphml"
"0.58","0.42","0","0.310844444444444","1,2,3,1,1,4,5,5,2,5,1,6,5,1,7,1,8","0.000430107116699219","louvain","graph_2024M08.graphml"
"0.57","0.43","0","0.310844444444444","1,2,3,1,1,4,5,5,2,5,1,6,5,1,7,1,8","0.000403881072998047","louvain","graph_2024M08.graphml"
"0.56","0.44","0","0.306965761511216","1,2,3,1,1,4,5,5,2,5,1,6,5,1,7,1,8","0.000404119491577148","louvain","graph_2024M08.graphml"
"0.55","0.45","0","0.306965761511216","1,2,3,1,1,4,5,5,2,5,1,6,5,1,7,1,8","0.000396013259887695","louvain","graph_2024M08.graphml"
"0.54","0.46","0","0.306965761511216","1,2,3,1,1,4,5,5,2,5,1,6,5,1,7,1,8","0.00049901008605957","louvain","graph_2024M08.graphml"
"0.53","0.47","0","0.306965761511216","1,2,3,1,1,4,5,5,2,5,1,6,5,1,7,1,8","0.000470876693725586","louvain","graph_2024M08.graphml"
"0.52","0.48","0","0.310078125","1,2,3,1,1,4,5,6,2,5,1,6,5,1,7,5,8","0.000401973724365234","louvain","graph_2024M08.graphml"
"0.51","0.49","0","0.299462911888518","1,2,3,1,1,4,5,6,2,7,1,6,5,1,8,5,9","0.000398159027099609","louvain","graph_2024M08.graphml"
"0.5","0.5","0","0.299462911888518","1,2,3,1,1,4,5,6,2,7,1,6,5,1,8,5,9","0.000395059585571289","louvain","graph_2024M08.graphml"
"0.49","0.51","0","0.299674036281179","1,2,3,1,1,4,5,6,2,5,1,6,5,1,7,6,8","0.000436067581176758","louvain","graph_2024M08.graphml"
"0.48","0.52","0","0.298336938885884","1,2,3,1,1,4,5,6,2,5,1,6,5,1,7,6,8","0.000437021255493164","louvain","graph_2024M08.graphml"
"0.47","0.53","0","0.298336938885884","1,2,3,1,1,4,5,6,2,5,1,6,5,1,7,6,8","0.000401973724365234","louvain","graph_2024M08.graphml"
"0.46","0.54","0","0.286234567901234","1,2,3,1,2,4,5,6,2,5,1,7,6,1,8,6,9","0.000546932220458984","louvain","graph_2024M08.graphml"
"0.45","0.55","0","0.277351134215501","1,2,3,1,4,5,6,7,4,6,1,7,2,1,8,7,9","0.00070500373840332","louvain","graph_2024M08.graphml"
"0.44","0.56","0","0.268310249307479","1,2,3,1,4,5,6,7,4,6,1,7,2,1,8,7,9","0.000478029251098633","louvain","graph_2024M08.graphml"
"0.43","0.57","0","0.273355298118822","1,2,3,1,4,5,6,7,4,6,2,7,2,1,8,7,9","0.000468015670776367","louvain","graph_2024M08.graphml"
"0.42","0.58","0","0.274041760611705","1,2,3,1,4,5,6,7,4,6,2,7,2,1,8,7,9","0.000515937805175781","louvain","graph_2024M08.graphml"
"0.41","0.59","0","0.269944252210688","1,2,3,1,4,5,6,7,2,6,4,7,4,1,8,7,9","0.0010840892791748","louvain","graph_2024M08.graphml"
"0.4","0.6","0","0.272457347535112","1,2,3,1,4,5,6,7,4,6,2,7,2,1,8,7,9","0.000484943389892578","louvain","graph_2024M08.graphml"
"0.39","0.61","0","0.263446712018141","1,2,3,1,4,5,6,7,4,6,2,7,2,1,8,7,9","0.000432968139648438","louvain","graph_2024M08.graphml"
"0.38","0.62","0","0.257227705476461","1,2,3,1,4,5,6,7,4,6,2,7,2,1,8,7,9","0.000448942184448242","louvain","graph_2024M08.graphml"
"0.37","0.63","0","0.248181818181818","1,2,3,2,4,5,6,7,2,6,4,7,4,1,8,7,9","0.00046086311340332","louvain","graph_2024M08.graphml"
"0.36","0.64","0","0.251237724210697","1,2,3,4,2,5,6,6,4,4,2,6,2,1,7,6,8","0.000423908233642578","louvain","graph_2024M08.graphml"
"0.35","0.65","0","0.252192283163265","1,2,3,4,2,5,6,6,4,6,1,7,2,1,8,4,9","0.000506877899169922","louvain","graph_2024M08.graphml"
"0.34","0.66","0","0.24695652173913","1,2,3,4,4,5,6,6,4,2,1,6,7,1,8,7,9","0.000409841537475586","louvain","graph_2024M08.graphml"
"0.33","0.67","0","0.243356794024706","1,2,3,4,4,5,6,6,4,6,1,6,2,1,7,2,8","0.000410079956054688","louvain","graph_2024M08.graphml"
"0.32","0.68","0","0.260447460360118","1,2,3,4,2,5,6,6,4,6,1,6,2,1,7,4,8","0.000422000885009766","louvain","graph_2024M08.graphml"
"0.31","0.69","0","0.260447460360118","1,2,3,4,2,5,6,6,4,6,1,6,2,1,7,4,8","0.000443935394287109","louvain","graph_2024M08.graphml"
"0.3","0.7","0","0.260447460360118","1,2,3,2,4,5,6,6,2,6,1,6,4,1,7,4,8","0.000400066375732422","louvain","graph_2024M08.graphml"
"0.29","0.71","0","0.260447460360118","1,2,3,4,2,5,6,6,4,6,1,6,2,1,7,4,8","0.000401020050048828","louvain","graph_2024M08.graphml"
"0.28","0.72","0","0.258162070759625","1,2,3,2,4,5,6,6,2,6,1,6,4,1,7,4,8","0.000423192977905273","louvain","graph_2024M08.graphml"
"0.27","0.73","0","0.25392","1,2,3,4,2,5,6,6,4,6,1,6,2,1,7,4,8","0.000509977340698242","louvain","graph_2024M08.graphml"
"0.26","0.74","0","0.25392","1,2,3,2,4,5,6,6,2,6,1,6,4,1,7,4,8","0.000443935394287109","louvain","graph_2024M08.graphml"
"0.25","0.75","0","0.249118165784832","1,2,3,2,4,5,6,6,2,6,1,6,4,1,7,4,8","0.000437021255493164","louvain","graph_2024M08.graphml"
"0.24","0.76","0","0.251658503317007","1,2,3,2,4,5,6,6,2,6,1,6,4,1,7,4,8","0.000460147857666016","louvain","graph_2024M08.graphml"
"0.23","0.77","0","0.251276966528454","1,2,3,4,4,5,6,6,4,6,1,6,2,1,7,2,8","0.000412940979003906","louvain","graph_2024M08.graphml"
"0.22","0.78","0","0.253219509352602","1,2,3,2,4,5,6,6,2,6,1,6,4,1,7,1,8","0.0004119873046875","louvain","graph_2024M08.graphml"
"0.21","0.79","0","0.249610158164402","1,2,3,4,2,5,6,6,4,6,1,6,2,1,7,1,8","0.000414133071899414","louvain","graph_2024M08.graphml"
"0.2","0.8","0","0.248567257785467","1,2,3,4,2,5,6,6,4,6,1,6,2,1,7,1,8","0.000414848327636719","louvain","graph_2024M08.graphml"
"0.19","0.81","0","0.253103521764612","1,2,3,2,4,5,6,6,2,6,1,6,4,1,7,1,8","0.000649929046630859","louvain","graph_2024M08.graphml"
"0.18","0.82","0","0.253103521764612","1,2,3,2,4,5,6,6,2,6,1,6,4,1,7,1,8","0.000458002090454102","louvain","graph_2024M08.graphml"
"0.17","0.83","0","0.24734744578438","1,2,3,2,4,5,6,6,2,6,1,6,4,1,7,1,8","0.000411033630371094","louvain","graph_2024M08.graphml"
"0.16","0.84","0","0.243019218543694","1,2,3,1,1,4,5,5,2,5,1,5,6,1,7,6,8","0.000423908233642578","louvain","graph_2024M08.graphml"
"0.15","0.85","0","0.243019218543694","1,2,3,1,1,4,5,5,2,5,1,5,6,1,7,6,8","0.00041508674621582","louvain","graph_2024M08.graphml"
"0.14","0.86","0","0.239414544753086","1,2,3,1,1,4,5,5,2,5,1,5,6,1,7,6,8","0.000397920608520508","louvain","graph_2024M08.graphml"
"0.13","0.87","0","0.238349761673377","1,2,3,1,1,4,5,5,2,5,1,5,6,1,7,6,8","0.000550985336303711","louvain","graph_2024M08.graphml"
"0.12","0.88","0","0.234309898688654","1,2,1,1,1,3,4,4,2,4,1,4,5,1,6,5,7","0.000503063201904297","louvain","graph_2024M08.graphml"
"0.11","0.89","0","0.242150454953223","1,2,1,1,1,3,4,4,2,4,1,5,6,1,7,6,8","0.000442028045654297","louvain","graph_2024M08.graphml"
"0.1","0.9","0","0.242150454953223","1,2,1,1,1,3,4,4,2,4,1,5,6,1,7,6,8","0.000436067581176758","louvain","graph_2024M08.graphml"
"0.09","0.91","0","0.243864901332434","1,2,1,1,1,3,4,4,2,4,1,5,6,1,7,6,8","0.000424861907958984","louvain","graph_2024M08.graphml"
"0.08","0.92","0","0.245639958376691","1,2,1,1,1,3,4,4,2,4,1,4,5,1,6,5,7","0.000442981719970703","louvain","graph_2024M08.graphml"
"0.07","0.93","0","0.238975211976145","1,2,1,1,1,3,4,4,2,4,1,4,5,1,6,5,7","0.000730037689208984","louvain","graph_2024M08.graphml"
"0.06","0.94","0","0.236200128184586","1,2,1,1,2,3,4,4,2,2,1,4,5,1,6,5,7","0.000540971755981445","louvain","graph_2024M08.graphml"
"0.05","0.95","0","0.232357258459106","1,2,1,1,3,4,3,5,2,3,1,5,6,1,7,5,8","0.000416994094848633","louvain","graph_2024M08.graphml"
"0.04","0.96","0","0.230725436179982","1,2,1,1,3,4,3,5,2,3,1,5,6,1,7,5,8","0.000638961791992188","louvain","graph_2024M08.graphml"
"0.03","0.97","0","0.234885324430251","1,2,1,1,3,4,3,5,2,3,1,5,6,1,7,5,8","0.000657081604003906","louvain","graph_2024M08.graphml"
"0.02","0.98","0","0.239487412905711","1,2,1,1,3,4,5,5,2,5,1,5,3,1,6,5,7","0.000445842742919922","louvain","graph_2024M08.graphml"
"0.01","0.99","0","0.240980130638487","1,2,1,1,1,3,4,4,2,4,1,4,5,1,6,4,7","0.000465154647827148","louvain","graph_2024M08.graphml"
"0","1","0","0.242700488836042","1,2,1,1,1,3,4,4,2,4,5,6,5,1,7,4,8","0.000472068786621094","louvain","graph_2024M08.graphml"
"0.99","0","0.01","0.433106575963719","1,2,3,4,5,6,7,7,8,7,9,10,7,11,12,13,14","0.000369071960449219","louvain","graph_2024M08.graphml"
"0.98","0.01","0.01","0.43801652892562","1,2,3,4,5,6,7,7,8,7,9,10,7,11,12,13,14","0.000370025634765625","louvain","graph_2024M08.graphml"
"0.97","0.02","0.01","0.420118343195266","1,2,3,4,5,6,7,7,8,9,10,11,7,12,13,14,15","0.000494956970214844","louvain","graph_2024M08.graphml"
"0.96","0.03","0.01","0.420118343195266","1,2,3,4,5,6,7,7,8,9,10,11,7,12,13,14,15","0.000557184219360352","louvain","graph_2024M08.graphml"
"0.95","0.04","0.01","0.420118343195266","1,2,3,4,5,6,7,7,8,9,10,11,7,12,13,14,15","0.000396013259887695","louvain","graph_2024M08.graphml"
"0.94","0.05","0.01","0.385204081632653","1,2,3,4,5,6,7,7,8,7,9,10,7,11,12,13,14","0.000377893447875977","louvain","graph_2024M08.graphml"
"0.93","0.06","0.01","0.381666666666667","1,2,3,4,5,6,7,7,8,9,10,11,7,12,13,14,15","0.000387907028198242","louvain","graph_2024M08.graphml"
"0.92","0.07","0.01","0.357440166493236","1,2,3,4,5,6,7,7,8,8,9,10,7,11,12,13,14","0.000615835189819336","louvain","graph_2024M08.graphml"
"0.91","0.08","0.01","0.357440166493236","1,2,3,4,5,6,7,7,8,8,9,10,7,11,12,13,14","0.000379085540771484","louvain","graph_2024M08.graphml"
"0.9","0.09","0.01","0.36279296875","1,2,3,4,5,6,7,7,8,8,9,10,7,11,12,13,14","0.000383138656616211","louvain","graph_2024M08.graphml"
"0.89","0.1","0.01","0.36279296875","1,2,3,4,5,6,7,7,8,8,9,10,7,11,12,13,14","0.000664949417114258","louvain","graph_2024M08.graphml"
"0.88","0.11","0.01","0.36279296875","1,2,3,4,5,6,7,7,8,8,9,10,7,11,12,13,14","0.000378131866455078","louvain","graph_2024M08.graphml"
"0.87","0.12","0.01","0.345714285714286","1,2,3,4,5,6,7,7,8,9,10,7,7,11,12,13,14","0.000391006469726562","louvain","graph_2024M08.graphml"
"0.86","0.13","0.01","0.351466049382716","1,2,3,4,5,6,7,7,8,8,9,7,7,10,11,12,13","0.000484943389892578","louvain","graph_2024M08.graphml"
"0.85","0.14","0.01","0.341490138787436","1,2,3,4,5,6,7,7,8,7,9,10,7,11,12,13,14","0.000378847122192383","louvain","graph_2024M08.graphml"
"0.84","0.15","0.01","0.2978125","1,2,3,4,5,6,7,7,8,9,10,7,7,11,12,13,14","0.000391006469726562","louvain","graph_2024M08.graphml"
"0.83","0.16","0.01","0.303136830719308","1,2,3,4,5,6,7,8,9,7,10,11,8,12,13,14,15","0.000474929809570312","louvain","graph_2024M08.graphml"
"0.82","0.17","0.01","0.295061728395062","1,2,3,4,5,6,7,8,9,7,10,8,8,11,12,13,14","0.000395059585571289","louvain","graph_2024M08.graphml"
"0.81","0.18","0.01","0.296550094517958","1,2,3,4,5,6,7,7,8,7,1,9,7,10,11,12,13","0.000372171401977539","louvain","graph_2024M08.graphml"
"0.8","0.19","0.01","0.299858223062382","1,2,3,4,5,6,7,8,9,7,1,8,8,10,11,12,13","0.000407934188842773","louvain","graph_2024M08.graphml"
"0.79","0.2","0.01","0.299858223062382","1,2,3,4,5,6,7,8,9,7,1,8,8,10,11,12,13","0.000377178192138672","louvain","graph_2024M08.graphml"
"0.78","0.21","0.01","0.289496527777778","1,2,3,4,5,6,7,8,9,7,1,8,8,10,11,12,13","0.000473976135253906","louvain","graph_2024M08.graphml"
"0.77","0.22","0.01","0.300083298625573","1,2,3,4,5,6,7,7,8,7,1,9,7,10,11,12,13","0.000395059585571289","louvain","graph_2024M08.graphml"
"0.76","0.23","0.01","0.295078815840061","1,2,3,4,5,6,7,7,8,7,1,9,7,10,11,12,13","0.000419855117797852","louvain","graph_2024M08.graphml"
"0.75","0.24","0.01","0.301708793164827","1,2,3,4,5,6,7,7,2,7,1,7,7,8,9,10,11","0.000406026840209961","louvain","graph_2024M08.graphml"
"0.74","0.25","0.01","0.321487603305785","1,2,3,4,5,6,7,7,2,7,1,8,7,9,10,11,12","0.000390052795410156","louvain","graph_2024M08.graphml"
"0.73","0.26","0.01","0.316884661117717","1,2,3,4,5,6,7,7,2,7,1,8,7,9,10,1,11","0.000521183013916016","louvain","graph_2024M08.graphml"
"0.72","0.27","0.01","0.340231120666487","1,2,3,1,4,5,6,6,2,6,1,7,6,8,9,1,10","0.000420093536376953","louvain","graph_2024M08.graphml"
"0.71","0.28","0.01","0.318461538461538","1,2,3,1,4,5,6,6,2,6,1,7,6,8,9,1,10","0.000434160232543945","louvain","graph_2024M08.graphml"
"0.7","0.29","0.01","0.318230968858131","1,2,3,1,1,4,5,5,2,5,1,6,5,7,8,1,9","0.000618934631347656","louvain","graph_2024M08.graphml"
"0.69","0.3","0.01","0.318230968858131","1,2,3,1,1,4,5,5,2,5,1,6,5,7,8,1,9","0.000387907028198242","louvain","graph_2024M08.graphml"
"0.68","0.31","0.01","0.300238048006348","1,2,3,1,1,4,5,5,2,5,1,6,5,1,7,1,8","0.000387907028198242","louvain","graph_2024M08.graphml"
"0.67","0.32","0.01","0.309510030864198","1,2,3,1,1,4,5,5,2,5,1,6,5,1,7,1,8","0.00038909912109375","louvain","graph_2024M08.graphml"
"0.66","0.33","0.01","0.312722837305311","1,2,3,1,1,4,5,5,2,5,1,6,5,1,7,1,8","0.000406980514526367","louvain","graph_2024M08.graphml"
"0.65","0.34","0.01","0.312722837305311","1,2,3,1,1,4,5,5,2,5,1,6,5,1,7,1,8","0.0004119873046875","louvain","graph_2024M08.graphml"
"0.64","0.35","0.01","0.303670360110803","1,2,3,1,1,4,5,5,2,5,1,6,5,1,7,1,8","0.000408172607421875","louvain","graph_2024M08.graphml"
"0.63","0.36","0.01","0.303670360110803","1,2,3,1,1,4,5,6,2,5,1,6,5,1,7,1,8","0.000427961349487305","louvain","graph_2024M08.graphml"
"0.62","0.37","0.01","0.306965761511216","1,2,3,1,1,4,5,5,2,5,1,6,5,1,7,1,8","0.000394105911254883","louvain","graph_2024M08.graphml"
"0.61","0.38","0.01","0.306965761511216","1,2,3,1,1,4,5,5,2,5,1,6,5,1,7,1,8","0.000397920608520508","louvain","graph_2024M08.graphml"
"0.6","0.39","0.01","0.306965761511216","1,2,3,1,1,4,5,5,2,5,1,6,5,1,7,1,8","0.000436782836914062","louvain","graph_2024M08.graphml"
"0.59","0.4","0.01","0.28359375","1,2,3,1,1,4,5,6,2,7,1,6,5,1,8,5,9","0.000427961349487305","louvain","graph_2024M08.graphml"
"0.58","0.41","0.01","0.286465477823503","1,2,3,1,1,4,5,6,2,5,1,6,5,1,7,5,8","0.000391960144042969","louvain","graph_2024M08.graphml"
"0.57","0.42","0.01","0.294244497323022","1,2,3,1,1,4,5,6,2,5,1,6,5,1,7,5,8","0.000407934188842773","louvain","graph_2024M08.graphml"
"0.56","0.43","0.01","0.294244497323022","1,2,3,1,1,4,5,6,2,5,1,6,5,1,7,5,8","0.000385046005249023","louvain","graph_2024M08.graphml"
"0.55","0.44","0.01","0.287487298591958","1,2,3,1,1,4,5,6,2,5,5,6,5,1,7,5,8","0.000388145446777344","louvain","graph_2024M08.graphml"
"0.54","0.45","0.01","0.281443698347107","1,2,3,1,1,4,5,5,6,5,2,7,2,1,8,6,9","0.000418901443481445","louvain","graph_2024M08.graphml"
"0.53","0.46","0.01","0.28020451963136","1,2,3,1,1,4,5,6,2,5,5,6,5,1,7,6,8","0.000391960144042969","louvain","graph_2024M08.graphml"
"0.52","0.47","0.01","0.257186509732911","1,2,3,1,4,5,6,7,2,6,4,7,4,1,8,7,9","0.000396013259887695","louvain","graph_2024M08.graphml"
"0.51","0.48","0.01","0.25191135734072","1,2,3,1,4,5,6,7,4,6,2,7,2,1,8,7,9","0.000407934188842773","louvain","graph_2024M08.graphml"
"0.5","0.49","0.01","0.240128558310376","1,2,3,1,4,5,6,7,4,6,2,7,2,1,8,7,9","0.000390052795410156","louvain","graph_2024M08.graphml"
"0.49","0.5","0.01","0.240128558310376","1,2,3,1,4,5,6,7,2,6,4,7,4,1,8,7,9","0.000430107116699219","louvain","graph_2024M08.graphml"
"0.48","0.51","0.01","0.24755","1,2,3,1,4,5,6,7,2,6,4,7,4,1,8,7,9","0.000519990921020508","louvain","graph_2024M08.graphml"
"0.47","0.52","0.01","0.259166745216326","1,2,3,1,2,4,5,6,2,5,6,7,6,1,8,6,9","0.000410079956054688","louvain","graph_2024M08.graphml"
"0.46","0.53","0.01","0.257720044378698","1,2,3,1,4,5,6,7,4,6,2,7,2,1,8,7,9","0.000405073165893555","louvain","graph_2024M08.graphml"
"0.45","0.54","0.01","0.25437641723356","1,2,3,1,4,5,6,7,2,6,4,7,4,1,8,7,9","0.000414133071899414","louvain","graph_2024M08.graphml"
"0.44","0.55","0.01","0.25626692287536","1,2,3,1,4,5,6,7,2,6,4,7,4,1,8,7,9","0.000417947769165039","louvain","graph_2024M08.graphml"
"0.43","0.56","0.01","0.256375725948994","1,2,3,4,4,5,6,7,4,6,2,7,2,1,8,7,9","0.000407934188842773","louvain","graph_2024M08.graphml"
"0.42","0.57","0.01","0.250507264020777","1,2,3,2,4,5,6,7,2,6,4,7,4,1,8,7,9","0.000406980514526367","louvain","graph_2024M08.graphml"
"0.41","0.58","0.01","0.25031887755102","1,2,3,4,2,5,6,7,4,6,1,7,2,1,8,7,9","0.000416994094848633","louvain","graph_2024M08.graphml"
"0.4","0.59","0.01","0.241490784780024","1,2,3,4,4,5,2,6,4,2,1,7,6,1,8,6,9","0.000399112701416016","louvain","graph_2024M08.graphml"
"0.39","0.6","0.01","0.241561332950302","1,2,3,4,5,6,7,7,4,2,1,7,5,1,8,5,9","0.000454902648925781","louvain","graph_2024M08.graphml"
"0.38","0.61","0.01","0.246204364098581","1,2,3,2,4,5,6,6,2,6,1,6,4,1,7,4,8","0.000482082366943359","louvain","graph_2024M08.graphml"
"0.37","0.62","0.01","0.246204364098581","1,2,3,2,4,5,6,6,2,6,1,6,4,1,7,4,8","0.000401020050048828","louvain","graph_2024M08.graphml"
"0.36","0.63","0.01","0.255276278942695","1,2,3,2,4,5,6,6,2,6,1,6,4,1,7,4,8","0.00041508674621582","louvain","graph_2024M08.graphml"
"0.35","0.64","0.01","0.25392","1,2,3,4,2,5,6,6,4,6,1,6,2,1,7,4,8","0.000426054000854492","louvain","graph_2024M08.graphml"
"0.34","0.65","0.01","0.25392","1,2,3,2,4,5,6,6,2,6,1,6,4,1,7,4,8","0.000478029251098633","louvain","graph_2024M08.graphml"
"0.33","0.66","0.01","0.25392","1,2,3,2,4,5,6,6,2,6,1,6,4,1,7,4,8","0.000401020050048828","louvain","graph_2024M08.graphml"
"0.32","0.67","0.01","0.249118165784832","1,2,3,2,4,5,6,6,2,6,1,6,4,1,7,4,8","0.00043797492980957","louvain","graph_2024M08.graphml"
"0.31","0.68","0.01","0.247589111328125","1,2,3,4,4,5,6,6,4,6,1,6,2,1,7,2,8","0.000416994094848633","louvain","graph_2024M08.graphml"
"0.3","0.69","0.01","0.244366324139174","1,2,3,4,2,5,6,6,4,6,1,6,2,1,7,1,8","0.000401020050048828","louvain","graph_2024M08.graphml"
"0.29","0.7","0.01","0.241183431952663","1,2,3,4,4,5,6,6,4,6,1,6,2,1,7,1,8","0.000425100326538086","louvain","graph_2024M08.graphml"
"0.28","0.71","0.01","0.236389846797445","1,2,3,4,2,5,6,6,4,6,1,6,2,1,7,1,8","0.000513792037963867","louvain","graph_2024M08.graphml"
"0.27","0.72","0.01","0.238611049231455","1,2,3,4,2,5,6,6,4,6,1,6,2,1,7,1,8","0.000394105911254883","louvain","graph_2024M08.graphml"
"0.26","0.73","0.01","0.243703703703704","1,2,3,4,2,5,6,6,4,6,1,6,2,1,7,1,8","0.0005340576171875","louvain","graph_2024M08.graphml"
"0.25","0.74","0.01","0.248567257785467","1,2,3,4,2,5,6,6,4,6,1,6,2,1,7,1,8","0.000406980514526367","louvain","graph_2024M08.graphml"
"0.24","0.75","0.01","0.250551354757404","1,2,3,2,4,5,6,6,2,6,1,6,4,1,7,1,8","0.000414848327636719","louvain","graph_2024M08.graphml"
"0.23","0.76","0.01","0.243019218543694","1,2,3,1,1,4,5,5,2,5,1,5,6,1,7,6,8","0.000432014465332031","louvain","graph_2024M08.graphml"
"0.22","0.77","0.01","0.239414544753086","1,2,3,1,1,4,5,5,2,5,1,5,6,1,7,6,8","0.000536918640136719","louvain","graph_2024M08.graphml"
"0.21","0.78","0.01","0.239414544753086","1,2,3,1,1,4,5,5,2,5,1,5,6,1,7,6,8","0.000416994094848633","louvain","graph_2024M08.graphml"
"0.2","0.79","0.01","0.232477950835053","1,2,3,1,1,4,5,5,2,5,1,5,6,1,7,6,8","0.000547885894775391","louvain","graph_2024M08.graphml"
"0.19","0.8","0.01","0.229666666666667","1,2,1,1,1,3,4,4,2,4,1,4,5,1,6,5,7","0.000478982925415039","louvain","graph_2024M08.graphml"
"0.18","0.81","0.01","0.229666666666667","1,2,1,1,1,3,4,4,2,4,1,4,5,1,6,5,7","0.000524997711181641","louvain","graph_2024M08.graphml"
"0.17","0.82","0.01","0.229666666666667","1,2,1,1,1,3,4,4,2,4,1,4,5,1,6,5,7","0.000398159027099609","louvain","graph_2024M08.graphml"
"0.16","0.83","0.01","0.23711840107944","1,2,1,1,1,3,4,4,2,4,1,4,5,1,6,5,7","0.000405788421630859","louvain","graph_2024M08.graphml"
"0.15","0.84","0.01","0.2355563773833","1,2,1,1,1,3,4,4,2,4,1,4,5,1,6,5,7","0.000407934188842773","louvain","graph_2024M08.graphml"
"0.14","0.85","0.01","0.2355563773833","1,2,1,1,1,3,4,4,2,4,1,4,5,1,6,5,7","0.000423192977905273","louvain","graph_2024M08.graphml"
"0.13","0.86","0.01","0.238975211976145","1,2,1,1,1,3,4,4,2,4,1,4,5,1,6,5,7","0.000417947769165039","louvain","graph_2024M08.graphml"
"0.12","0.87","0.01","0.22865234375","1,2,1,1,1,3,4,4,2,4,1,4,5,1,6,5,7","0.000421047210693359","louvain","graph_2024M08.graphml"
"0.11","0.88","0.01","0.227785398567292","1,2,1,1,2,3,4,4,2,2,1,5,6,1,7,4,8","0.000438928604125977","louvain","graph_2024M08.graphml"
"0.1","0.89","0.01","0.228744024991532","1,2,1,1,3,4,5,5,2,5,1,6,3,1,7,5,8","0.000440120697021484","louvain","graph_2024M08.graphml"
"0.09","0.9","0.01","0.228824938307447","1,2,1,1,3,4,3,5,2,3,1,5,6,1,7,5,8","0.000488042831420898","louvain","graph_2024M08.graphml"
"0.08","0.91","0.01","0.228824938307447","1,2,1,1,3,4,3,5,2,3,1,5,6,1,7,5,8","0.000444889068603516","louvain","graph_2024M08.graphml"
"0.07","0.92","0.01","0.231977171667659","1,2,1,1,3,4,5,5,2,5,1,5,3,1,6,5,7","0.000453948974609375","louvain","graph_2024M08.graphml"
"0.06","0.93","0.01","0.240090968161144","1,2,1,1,3,4,5,5,2,5,1,5,3,1,6,5,7","0.000441074371337891","louvain","graph_2024M08.graphml"
"0.05","0.94","0.01","0.239216144876207","1,2,1,1,1,3,4,4,2,4,5,4,5,1,6,4,7","0.000417947769165039","louvain","graph_2024M08.graphml"
"0.04","0.95","0.01","0.233666834995581","1,2,1,1,1,3,4,4,2,4,4,4,5,1,6,4,7","0.000438213348388672","louvain","graph_2024M08.graphml"
"0.03","0.96","0.01","0.231871150827195","1,2,1,1,1,3,4,4,2,4,4,4,5,1,6,4,7","0.00044703483581543","louvain","graph_2024M08.graphml"
"0.02","0.97","0.01","0.231871150827195","1,2,1,1,1,3,4,4,2,4,4,4,5,1,6,4,7","0.000497102737426758","louvain","graph_2024M08.graphml"
"0.01","0.98","0.01","0.228733459357278","1,2,1,1,1,3,4,4,2,4,4,5,6,1,7,4,8","0.000445842742919922","louvain","graph_2024M08.graphml"
"0","0.99","0.01","0.225589663544918","1,2,1,1,1,3,4,4,2,4,4,4,5,1,6,4,7","0.000474929809570312","louvain","graph_2024M08.graphml"
"0.98","0","0.02","0.345","1,2,3,4,5,6,7,7,8,9,10,11,7,12,13,14,15","0.000391960144042969","louvain","graph_2024M08.graphml"
"0.97","0.01","0.02","0.350156087408949","1,2,3,4,5,6,7,7,8,8,9,10,7,11,12,13,14","0.000379085540771484","louvain","graph_2024M08.graphml"
"0.96","0.02","0.02","0.36279296875","1,2,3,4,5,6,7,7,8,8,9,10,7,11,12,13,14","0.000375032424926758","louvain","graph_2024M08.graphml"
"0.95","0.03","0.02","0.331747404844291","1,2,3,4,5,6,7,7,8,8,9,7,7,10,11,12,13","0.000379800796508789","louvain","graph_2024M08.graphml"
"0.94","0.04","0.02","0.331747404844291","1,2,3,4,5,6,7,7,8,8,9,7,7,10,11,12,13","0.000387907028198242","louvain","graph_2024M08.graphml"
"0.93","0.05","0.02","0.337551020408163","1,2,3,4,5,6,7,7,8,8,9,7,7,10,11,12,13","0.000375986099243164","louvain","graph_2024M08.graphml"
"0.92","0.06","0.02","0.351466049382716","1,2,3,4,5,6,7,7,8,8,9,7,7,10,11,12,13","0.000377178192138672","louvain","graph_2024M08.graphml"
"0.91","0.07","0.02","0.303418803418804","1,2,3,4,5,6,7,7,8,9,10,7,7,11,12,13,14","0.000504016876220703","louvain","graph_2024M08.graphml"
"0.9","0.08","0.02","0.279298036882808","1,2,3,4,5,6,7,7,8,9,10,11,7,12,13,14,15","0.000372886657714844","louvain","graph_2024M08.graphml"
"0.89","0.09","0.02","0.273391022174148","1,2,3,4,5,6,7,7,8,9,10,7,7,11,12,13,14","0.00038599967956543","louvain","graph_2024M08.graphml"
"0.88","0.1","0.02","0.267441860465116","1,2,3,4,5,6,7,8,9,7,10,7,7,11,12,13,14","0.000391960144042969","louvain","graph_2024M08.graphml"
"0.87","0.11","0.02","0.278667355371901","1,2,3,4,5,6,7,7,8,9,1,7,7,10,11,12,13","0.000401020050048828","louvain","graph_2024M08.graphml"
"0.86","0.12","0.02","0.274338374291115","1,2,3,4,5,6,7,7,8,7,1,9,7,10,11,12,13","0.000458955764770508","louvain","graph_2024M08.graphml"
"0.85","0.13","0.02","0.289496527777778","1,2,3,4,5,6,7,8,9,7,1,8,8,10,11,12,13","0.000377178192138672","louvain","graph_2024M08.graphml"
"0.84","0.14","0.02","0.292169929196168","1,2,3,4,5,6,7,7,8,7,1,9,7,10,11,12,13","0.0004730224609375","louvain","graph_2024M08.graphml"
"0.83","0.15","0.02","0.2818","1,2,3,4,5,6,7,7,8,7,1,9,7,10,11,12,13","0.000391006469726562","louvain","graph_2024M08.graphml"
"0.82","0.16","0.02","0.295078815840061","1,2,3,4,5,6,7,7,8,7,1,9,7,10,11,12,13","0.000397920608520508","louvain","graph_2024M08.graphml"
"0.81","0.17","0.02","0.316358024691358","1,2,3,4,5,6,7,7,2,7,1,8,7,9,10,1,11","0.000421047210693359","louvain","graph_2024M08.graphml"
"0.8","0.18","0.02","0.312561983471074","1,2,3,4,5,6,7,7,2,7,1,7,7,8,9,1,10","0.000371932983398438","louvain","graph_2024M08.graphml"
"0.79","0.19","0.02","0.312096029547553","1,2,3,1,4,5,6,6,2,6,1,7,6,8,9,1,10","0.000395774841308594","louvain","graph_2024M08.graphml"
"0.78","0.2","0.02","0.289715598965814","1,2,3,1,4,5,6,6,2,6,1,7,6,8,9,1,10","0.000397920608520508","louvain","graph_2024M08.graphml"
"0.77","0.21","0.02","0.296568047337278","1,2,3,1,1,4,5,5,2,5,1,2,5,6,7,1,8","0.000391006469726562","louvain","graph_2024M08.graphml"
"0.76","0.22","0.02","0.307288384793111","1,2,3,1,1,4,5,5,2,5,1,6,5,7,8,1,9","0.000409841537475586","louvain","graph_2024M08.graphml"
"0.75","0.23","0.02","0.300238048006348","1,2,3,1,1,4,5,5,2,5,1,6,5,1,7,1,8","0.00038909912109375","louvain","graph_2024M08.graphml"
"0.74","0.24","0.02","0.300238048006348","1,2,3,1,1,4,5,5,2,5,1,6,5,1,7,1,8","0.000406980514526367","louvain","graph_2024M08.graphml"
"0.73","0.25","0.02","0.303530092592593","1,2,3,1,1,4,5,5,2,5,1,6,5,1,7,1,8","0.000408172607421875","louvain","graph_2024M08.graphml"
"0.72","0.26","0.02","0.312722837305311","1,2,3,1,1,4,5,5,2,5,1,6,5,1,7,1,8","0.000403165817260742","louvain","graph_2024M08.graphml"
"0.71","0.27","0.02","0.305423666910153","1,2,3,1,1,4,5,5,2,5,1,6,5,1,7,1,8","0.000407934188842773","louvain","graph_2024M08.graphml"
"0.7","0.28","0.02","0.305423666910153","1,2,3,1,1,4,5,5,2,5,1,6,5,1,7,1,8","0.000393867492675781","louvain","graph_2024M08.graphml"
"0.69","0.29","0.02","0.308533333333333","1,2,3,1,1,4,5,5,2,5,1,6,5,1,7,1,8","0.000406026840209961","louvain","graph_2024M08.graphml"
"0.68","0.3","0.02","0.303324099722992","1,2,3,1,1,4,5,5,2,5,1,6,5,1,7,1,8","0.000403881072998047","louvain","graph_2024M08.graphml"
"0.67","0.31","0.02","0.283046875","1,2,3,1,1,4,5,6,2,5,5,6,5,1,7,5,8","0.000414848327636719","louvain","graph_2024M08.graphml"
"0.66","0.32","0.02","0.278997104099985","1,2,3,1,1,4,5,6,2,7,5,6,5,1,8,5,9","0.000472068786621094","louvain","graph_2024M08.graphml"
"0.65","0.33","0.02","0.281751933372992","1,2,3,1,1,4,5,6,2,7,5,6,5,1,8,5,9","0.00040888786315918","louvain","graph_2024M08.graphml"
"0.64","0.34","0.02","0.281751933372992","1,2,3,1,1,4,5,6,2,7,5,6,5,1,8,5,9","0.00046086311340332","louvain","graph_2024M08.graphml"
"0.63","0.35","0.02","0.274518140589569","1,2,3,1,4,5,4,4,2,6,4,7,4,1,8,4,9","0.000406026840209961","louvain","graph_2024M08.graphml"
"0.62","0.36","0.02","0.276162790697674","1,2,3,1,4,5,4,4,2,6,4,7,4,1,8,4,9","0.000388145446777344","louvain","graph_2024M08.graphml"
"0.61","0.37","0.02","0.270854855371901","1,2,3,1,1,4,5,5,2,5,5,6,5,1,7,1,8","0.000396013259887695","louvain","graph_2024M08.graphml"
"0.6","0.38","0.02","0.271745991667719","1,2,3,1,4,5,4,4,2,6,4,7,4,1,8,2,9","0.000385046005249023","louvain","graph_2024M08.graphml"
"0.59","0.39","0.02","0.253092843103249","1,2,3,1,2,4,5,5,2,6,5,7,5,1,8,2,9","0.000398159027099609","louvain","graph_2024M08.graphml"
"0.58","0.4","0.02","0.241828254847645","1,2,3,1,4,5,6,7,2,6,4,7,4,1,8,7,9","0.000480890274047852","louvain","graph_2024M08.graphml"
"0.57","0.41","0.02","0.240128558310376","1,2,3,1,4,5,6,7,4,6,2,7,2,1,8,7,9","0.000401020050048828","louvain","graph_2024M08.graphml"
"0.56","0.42","0.02","0.240128558310376","1,2,3,1,4,5,6,7,2,6,4,7,4,1,8,7,9","0.000440120697021484","louvain","graph_2024M08.graphml"
"0.55","0.43","0.02","0.23465","1,2,3,1,4,5,6,7,4,6,2,7,2,1,8,7,9","0.000394105911254883","louvain","graph_2024M08.graphml"
"0.54","0.44","0.02","0.23465","1,2,3,1,4,5,6,7,2,6,4,7,4,1,8,7,9","0.000404119491577148","louvain","graph_2024M08.graphml"
"0.53","0.45","0.02","0.237378688363886","1,2,3,1,4,5,6,7,4,6,2,7,2,1,8,7,9","0.000402212142944336","louvain","graph_2024M08.graphml"
"0.52","0.46","0.02","0.241299872561514","1,2,3,1,2,4,5,6,2,5,6,7,6,1,8,6,9","0.000395059585571289","louvain","graph_2024M08.graphml"
"0.51","0.47","0.02","0.243809523809524","1,2,3,1,4,5,6,7,2,6,4,7,4,1,8,7,9","0.000404119491577148","louvain","graph_2024M08.graphml"
"0.5","0.48","0.02","0.247401519783387","1,2,3,1,4,5,6,7,2,6,4,7,4,1,8,7,9","0.00039982795715332","louvain","graph_2024M08.graphml"
"0.49","0.49","0.02","0.247790590017675","1,2,3,4,2,5,6,7,4,6,2,7,2,1,8,7,9","0.000420093536376953","louvain","graph_2024M08.graphml"
"0.48","0.5","0.02","0.242685950413223","1,2,3,4,4,5,6,7,4,6,2,7,2,1,8,7,9","0.000401020050048828","louvain","graph_2024M08.graphml"
"0.47","0.51","0.02","0.244850810556817","1,2,3,4,2,5,6,7,4,6,1,7,2,1,8,7,9","0.000470876693725586","louvain","graph_2024M08.graphml"
"0.46","0.52","0.02","0.242382271468144","1,2,3,4,2,5,6,7,4,6,1,7,2,1,8,7,9","0.000403881072998047","louvain","graph_2024M08.graphml"
"0.45","0.53","0.02","0.247753670830594","1,2,3,2,2,4,5,6,2,5,1,5,6,1,7,6,8","0.000422000885009766","louvain","graph_2024M08.graphml"
"0.44","0.54","0.02","0.247753670830594","1,2,3,4,4,5,2,6,4,2,1,2,6,1,7,6,8","0.000416994094848633","louvain","graph_2024M08.graphml"
"0.43","0.55","0.02","0.241875","1,2,3,2,4,5,6,6,2,6,1,6,4,1,7,4,8","0.000394821166992188","louvain","graph_2024M08.graphml"
"0.42","0.56","0.02","0.236971518338911","1,2,3,4,2,5,6,6,4,6,1,6,2,1,7,4,8","0.000395059585571289","louvain","graph_2024M08.graphml"
"0.41","0.57","0.02","0.244860863242779","1,2,3,2,4,5,6,6,2,6,1,6,4,1,7,4,8","0.000442028045654297","louvain","graph_2024M08.graphml"
"0.4","0.58","0.02","0.244860863242779","1,2,3,2,4,5,6,6,2,6,1,6,4,1,7,4,8","0.000437021255493164","louvain","graph_2024M08.graphml"
"0.39","0.59","0.02","0.239890400604686","1,2,3,2,4,5,6,6,2,6,1,6,4,1,7,4,8","0.000481843948364258","louvain","graph_2024M08.graphml"
"0.38","0.6","0.02","0.24505549011098","1,2,3,2,4,5,6,6,2,6,1,6,4,1,7,4,8","0.000422000885009766","louvain","graph_2024M08.graphml"
"0.37","0.61","0.02","0.241094674556213","1,2,3,2,4,5,6,6,2,6,1,6,4,1,7,1,8","0.000392913818359375","louvain","graph_2024M08.graphml"
"0.36","0.62","0.02","0.236466406386574","1,2,3,2,4,5,6,6,2,6,1,6,4,1,7,1,8","0.000600099563598633","louvain","graph_2024M08.graphml"
"0.35","0.63","0.02","0.232638888888889","1,2,3,4,2,5,6,6,4,6,1,6,2,1,7,1,8","0.00049901008605957","louvain","graph_2024M08.graphml"
"0.34","0.64","0.02","0.236389846797445","1,2,3,4,4,5,6,6,4,6,1,6,2,1,7,1,8","0.000432014465332031","louvain","graph_2024M08.graphml"
"0.33","0.65","0.02","0.238611049231455","1,2,3,4,2,5,6,6,4,6,1,6,2,1,7,1,8","0.000567913055419922","louvain","graph_2024M08.graphml"
"0.32","0.66","0.02","0.238611049231455","1,2,3,4,4,5,6,6,4,6,1,6,2,1,7,1,8","0.000445127487182617","louvain","graph_2024M08.graphml"
"0.31","0.67","0.02","0.237492674090255","1,2,3,4,2,5,6,6,4,6,1,6,2,1,7,1,8","0.000417947769165039","louvain","graph_2024M08.graphml"
"0.3","0.68","0.02","0.239107142857143","1,2,3,1,1,4,5,5,2,5,1,5,6,1,7,6,8","0.00044703483581543","louvain","graph_2024M08.graphml"
"0.29","0.69","0.02","0.234608049293364","1,2,3,1,1,4,5,5,2,5,1,5,6,1,7,6,8","0.000406026840209961","louvain","graph_2024M08.graphml"
"0.28","0.7","0.02","0.239414544753086","1,2,3,1,1,4,5,5,2,5,1,5,6,1,7,6,8","0.000653982162475586","louvain","graph_2024M08.graphml"
"0.27","0.71","0.02","0.232477950835053","1,2,3,1,1,4,5,5,2,5,1,5,6,1,7,6,8","0.000418186187744141","louvain","graph_2024M08.graphml"
"0.26","0.72","0.02","0.230437363038714","1,2,1,1,1,3,4,4,2,4,1,4,5,1,6,5,7","0.000491857528686523","louvain","graph_2024M08.graphml"
"0.25","0.73","0.02","0.226327792640674","1,2,1,1,1,3,4,4,2,4,1,4,5,1,6,5,7","0.000431060791015625","louvain","graph_2024M08.graphml"
"0.24","0.74","0.02","0.226327792640674","1,2,1,1,1,3,4,4,2,4,1,4,5,1,6,5,7","0.000422000885009766","louvain","graph_2024M08.graphml"
"0.23","0.75","0.02","0.228207236842105","1,2,1,1,1,3,4,4,2,4,1,4,5,1,6,5,7","0.000416040420532227","louvain","graph_2024M08.graphml"
"0.22","0.76","0.02","0.224892135503439","1,2,1,1,1,3,4,4,2,4,1,4,5,1,6,5,7","0.000431060791015625","louvain","graph_2024M08.graphml"
"0.21","0.77","0.02","0.231071800208117","1,2,1,1,1,3,4,4,2,4,1,4,5,1,6,5,7","0.000418186187744141","louvain","graph_2024M08.graphml"
"0.2","0.78","0.02","0.224431011400057","1,2,1,1,1,3,4,4,2,4,1,4,5,1,6,5,7","0.000427961349487305","louvain","graph_2024M08.graphml"
"0.19","0.79","0.02","0.224431011400057","1,2,1,1,1,3,4,4,2,4,1,4,5,1,6,5,7","0.000437021255493164","louvain","graph_2024M08.graphml"
"0.18","0.8","0.02","0.225208654720937","1,2,1,1,1,3,4,4,2,4,1,4,5,1,6,5,7","0.000547170639038086","louvain","graph_2024M08.graphml"
"0.17","0.81","0.02","0.221174363664076","1,2,1,1,2,3,4,4,2,2,1,4,5,1,6,5,7","0.000463962554931641","louvain","graph_2024M08.graphml"
"0.16","0.82","0.02","0.219400654372397","1,2,1,1,3,4,5,5,2,3,1,5,6,1,7,3,8","0.000457048416137695","louvain","graph_2024M08.graphml"
"0.15","0.83","0.02","0.223507805325987","1,2,1,1,3,4,5,5,2,3,1,5,6,1,7,3,8","0.000463008880615234","louvain","graph_2024M08.graphml"
"0.14","0.84","0.02","0.222722220230198","1,2,1,1,3,4,3,5,2,3,1,6,5,1,7,5,8","0.000421047210693359","louvain","graph_2024M08.graphml"
"0.13","0.85","0.02","0.225849935226358","1,2,1,1,3,4,3,5,2,3,1,5,6,1,7,5,8","0.000426054000854492","louvain","graph_2024M08.graphml"
"0.12","0.86","0.02","0.225849935226358","1,2,1,1,3,4,3,5,2,3,1,5,6,1,7,5,8","0.000535964965820312","louvain","graph_2024M08.graphml"
"0.11","0.87","0.02","0.228925122790604","1,2,1,1,3,4,5,5,2,5,1,5,3,1,6,5,7","0.000441074371337891","louvain","graph_2024M08.graphml"
"0.1","0.88","0.02","0.219702350206612","1,2,1,1,1,3,4,4,2,4,5,4,5,1,6,4,7","0.000438928604125977","louvain","graph_2024M08.graphml"
"0.09","0.89","0.02","0.227973533909678","1,2,1,1,1,3,4,5,2,4,4,5,6,1,7,4,8","0.000420093536376953","louvain","graph_2024M08.graphml"
"0.08","0.9","0.02","0.221266684582997","1,2,1,1,3,4,5,5,2,5,1,5,3,1,6,5,7","0.000422954559326172","louvain","graph_2024M08.graphml"
"0.07","0.91","0.02","0.225989773557341","1,2,1,1,1,3,4,4,2,4,4,5,6,1,7,4,8","0.000428199768066406","louvain","graph_2024M08.graphml"
"0.06","0.92","0.02","0.22327246165084","1,2,1,1,1,3,4,4,2,4,4,4,5,1,6,4,7","0.00040888786315918","louvain","graph_2024M08.graphml"
"0.05","0.93","0.02","0.227415711058366","1,2,1,1,1,3,4,4,2,4,4,4,5,1,6,4,7","0.000427007675170898","louvain","graph_2024M08.graphml"
"0.04","0.94","0.02","0.230332580285396","1,2,1,1,1,3,4,4,2,4,4,5,6,1,7,4,8","0.000463008880615234","louvain","graph_2024M08.graphml"
"0.03","0.95","0.02","0.231908401220571","1,2,1,1,3,4,3,3,2,3,3,5,6,1,7,3,8","0.000512838363647461","louvain","graph_2024M08.graphml"
"0.02","0.96","0.02","0.229709141274238","1,2,1,1,3,4,3,3,2,3,3,5,6,1,7,3,8","0.000697135925292969","louvain","graph_2024M08.graphml"
"0.01","0.97","0.02","0.232556578700099","1,2,1,1,3,4,3,3,2,3,3,5,6,1,7,3,8","0.00044703483581543","louvain","graph_2024M08.graphml"
"0","0.98","0.02","0.23006039150354","1,2,1,1,3,4,3,3,2,3,3,5,6,1,7,3,8","0.000453948974609375","louvain","graph_2024M08.graphml"
"0.97","0","0.03","0.279298036882808","1,2,3,4,5,6,7,7,8,9,10,11,7,12,13,14,15","0.000442028045654297","louvain","graph_2024M08.graphml"
"0.96","0.01","0.03","0.276323616894706","1,2,3,4,5,6,7,7,8,9,10,7,7,11,12,13,14","0.000396013259887695","louvain","graph_2024M08.graphml"
"0.95","0.02","0.03","0.284297052154195","1,2,3,4,5,6,7,7,8,9,10,11,7,12,13,14,15","0.000389814376831055","louvain","graph_2024M08.graphml"
"0.94","0.03","0.03","0.28691184424013","1,2,3,4,5,6,7,7,8,9,1,7,7,10,11,12,13","0.000381946563720703","louvain","graph_2024M08.graphml"
"0.93","0.04","0.03","0.266913580246914","1,2,3,4,5,6,7,7,8,7,1,9,7,10,11,12,13","0.000380039215087891","louvain","graph_2024M08.graphml"
"0.92","0.05","0.03","0.274338374291115","1,2,3,4,5,6,7,7,8,7,1,9,7,10,11,12,13","0.000398874282836914","louvain","graph_2024M08.graphml"
"0.91","0.06","0.03","0.270031688546854","1,2,3,4,5,6,7,7,8,7,1,7,7,9,10,11,12","0.000396013259887695","louvain","graph_2024M08.graphml"
"0.9","0.07","0.03","0.279538252602988","1,2,3,4,5,6,7,7,8,7,1,9,7,10,11,12,13","0.000380039215087891","louvain","graph_2024M08.graphml"
"0.89","0.08","0.03","0.275926697209496","1,2,3,4,5,6,7,7,8,7,1,9,7,10,11,12,13","0.000483036041259766","louvain","graph_2024M08.graphml"
"0.88","0.09","0.03","0.2734","1,2,3,4,5,6,7,8,9,7,1,7,7,10,11,1,12","0.000382900238037109","louvain","graph_2024M08.graphml"
"0.87","0.1","0.03","0.304556781772873","1,2,3,4,5,6,7,7,8,7,1,9,7,10,11,1,12","0.000421047210693359","louvain","graph_2024M08.graphml"
"0.86","0.11","0.03","0.296552785472453","1,2,3,1,4,5,6,6,2,6,1,7,6,8,9,1,10","0.000421047210693359","louvain","graph_2024M08.graphml"
"0.85","0.12","0.03","0.281959207124389","1,2,3,1,4,5,6,6,2,6,1,6,6,7,8,1,9","0.0004730224609375","louvain","graph_2024M08.graphml"
"0.84","0.13","0.03","0.27926638917794","1,2,3,1,1,4,5,5,2,5,1,2,5,6,7,1,8","0.000387907028198242","louvain","graph_2024M08.graphml"
"0.83","0.14","0.03","0.2886962890625","1,2,3,1,1,4,5,5,2,5,1,2,5,6,7,1,8","0.000396966934204102","louvain","graph_2024M08.graphml"
"0.82","0.15","0.03","0.273780351971486","1,2,3,1,1,4,5,5,2,5,1,2,5,1,6,1,7","0.000387191772460938","louvain","graph_2024M08.graphml"
"0.81","0.16","0.03","0.273780351971486","1,2,3,1,1,4,5,5,2,5,1,2,5,1,6,1,7","0.000396013259887695","louvain","graph_2024M08.graphml"
"0.8","0.17","0.03","0.269586221382063","1,2,3,1,1,4,5,5,2,5,5,2,5,1,6,1,7","0.000396966934204102","louvain","graph_2024M08.graphml"
"0.79","0.18","0.03","0.293676111840871","1,2,3,1,1,4,5,5,2,5,5,6,5,1,7,1,8","0.000420093536376953","louvain","graph_2024M08.graphml"
"0.78","0.19","0.03","0.286614317019722","1,2,3,1,1,4,5,5,2,5,5,6,5,1,7,1,8","0.000416994094848633","louvain","graph_2024M08.graphml"
"0.77","0.2","0.03","0.295733333333333","1,2,3,1,1,4,5,5,2,5,5,6,5,1,7,1,8","0.000441074371337891","louvain","graph_2024M08.graphml"
"0.76","0.21","0.03","0.295733333333333","1,2,3,1,1,4,5,5,2,5,5,6,5,1,7,1,8","0.000388145446777344","louvain","graph_2024M08.graphml"
"0.75","0.22","0.03","0.302664867599933","1,2,3,1,1,4,5,5,2,5,5,6,5,1,7,1,8","0.000395774841308594","louvain","graph_2024M08.graphml"
"0.74","0.23","0.03","0.27890625","1,2,3,1,1,4,5,5,2,6,5,7,5,1,8,5,9","0.000358104705810547","louvain","graph_2024M08.graphml"
"0.73","0.24","0.03","0.271452522481329","1,2,3,1,4,5,4,4,2,6,4,7,4,1,8,4,9","0.000397920608520508","louvain","graph_2024M08.graphml"
"0.72","0.25","0.03","0.266954193932183","1,2,3,1,4,5,4,4,2,6,4,7,4,1,8,4,9","0.00103998184204102","louvain","graph_2024M08.graphml"
"0.71","0.26","0.03","0.270431122078676","1,2,3,1,4,5,4,4,2,6,4,7,4,1,8,4,9","0.000405073165893555","louvain","graph_2024M08.graphml"
"0.7","0.27","0.03","0.26452664399093","1,2,3,1,4,5,4,4,2,6,4,7,4,1,8,4,9","0.000391006469726562","louvain","graph_2024M08.graphml"
"0.69","0.28","0.03","0.262506760411033","1,2,3,1,4,5,4,4,2,6,4,7,4,1,8,4,9","0.00040888786315918","louvain","graph_2024M08.graphml"
"0.68","0.29","0.03","0.262506760411033","1,2,3,1,4,5,4,4,2,6,4,7,4,1,8,4,9","0.000405788421630859","louvain","graph_2024M08.graphml"
"0.67","0.3","0.03","0.267283950617284","1,2,3,1,4,5,4,4,2,6,4,7,4,1,8,2,9","0.0004119873046875","louvain","graph_2024M08.graphml"
"0.66","0.31","0.03","0.255434782608696","1,2,3,1,4,5,4,4,2,6,4,7,4,1,8,2,9","0.000438213348388672","louvain","graph_2024M08.graphml"
"0.65","0.32","0.03","0.241163434903047","1,2,3,1,2,4,5,5,2,6,5,7,5,1,8,2,9","0.000401973724365234","louvain","graph_2024M08.graphml"
"0.64","0.33","0.03","0.23193359375","1,2,3,1,4,5,6,7,2,6,4,7,4,1,8,2,9","0.000417947769165039","louvain","graph_2024M08.graphml"
"0.63","0.34","0.03","0.229227405247813","1,2,3,1,4,5,6,7,4,6,2,7,2,1,8,2,9","0.000401020050048828","louvain","graph_2024M08.graphml"
"0.62","0.35","0.03","0.233802673196613","1,2,3,1,2,4,5,5,2,6,5,7,5,1,8,5,9","0.000410079956054688","louvain","graph_2024M08.graphml"
"0.61","0.36","0.03","0.228293031323334","1,2,3,1,4,5,6,7,4,6,2,7,2,1,8,7,9","0.000403881072998047","louvain","graph_2024M08.graphml"
"0.6","0.37","0.03","0.23465","1,2,3,1,4,5,6,7,2,6,4,7,4,1,8,7,9","0.000372886657714844","louvain","graph_2024M08.graphml"
"0.59","0.38","0.03","0.237378688363886","1,2,3,1,4,5,6,7,2,6,4,7,4,1,8,7,9","0.000407934188842773","louvain","graph_2024M08.graphml"
"0.58","0.39","0.03","0.232114242624187","1,2,3,1,4,5,4,6,2,4,4,6,4,1,7,6,8","0.000471115112304688","louvain","graph_2024M08.graphml"
"0.57","0.4","0.03","0.235507587897069","1,2,3,1,2,4,5,6,2,5,5,6,5,1,7,6,8","0.0004119873046875","louvain","graph_2024M08.graphml"
"0.56","0.41","0.03","0.235566425015285","1,2,3,1,4,5,6,7,2,6,4,7,4,1,8,7,9","0.000397920608520508","louvain","graph_2024M08.graphml"
"0.55","0.42","0.03","0.236049154111607","1,2,3,4,2,5,6,7,4,6,2,7,2,1,8,7,9","0.000399112701416016","louvain","graph_2024M08.graphml"
"0.54","0.43","0.03","0.239462809917355","1,2,3,2,2,4,5,6,2,5,1,7,6,1,8,6,9","0.000417947769165039","louvain","graph_2024M08.graphml"
"0.53","0.44","0.03","0.232895057219382","1,2,3,4,2,5,6,7,4,6,1,7,2,1,8,7,9","0.000405073165893555","louvain","graph_2024M08.graphml"
"0.52","0.45","0.03","0.239437181122449","1,2,3,4,2,5,6,7,4,6,1,7,2,1,8,7,9","0.000427961349487305","louvain","graph_2024M08.graphml"
"0.51","0.46","0.03","0.239508506616257","1,2,3,2,2,4,5,6,2,5,1,7,6,1,8,6,9","0.000417947769165039","louvain","graph_2024M08.graphml"
"0.5","0.47","0.03","0.238754325259516","1,2,3,4,4,5,2,6,4,2,1,2,6,1,7,6,8","0.000443935394287109","louvain","graph_2024M08.graphml"
"0.49","0.48","0.03","0.238754325259516","1,2,3,2,2,4,5,6,2,5,1,5,6,1,7,6,8","0.000427961349487305","louvain","graph_2024M08.graphml"
"0.48","0.49","0.03","0.2353125","1,2,3,2,2,4,5,6,2,5,1,5,6,1,7,6,8","0.000401973724365234","louvain","graph_2024M08.graphml"
"0.47","0.5","0.03","0.237996038521959","1,2,3,2,2,4,5,6,2,5,1,5,6,1,7,6,8","0.000400066375732422","louvain","graph_2024M08.graphml"
"0.46","0.51","0.03","0.236664683720008","1,2,3,4,2,5,6,6,4,6,1,6,2,1,7,4,8","0.000406026840209961","louvain","graph_2024M08.graphml"
"0.45","0.52","0.03","0.229679459358919","1,2,3,4,2,5,6,6,4,6,1,6,2,1,7,1,8","0.000478982925415039","louvain","graph_2024M08.graphml"
"0.44","0.53","0.03","0.229679459358919","1,2,3,4,2,5,6,6,4,6,1,6,2,1,7,1,8","0.000509023666381836","louvain","graph_2024M08.graphml"
"0.43","0.54","0.03","0.227463434531787","1,2,3,4,2,5,6,6,4,6,1,6,2,1,7,1,8","0.000527143478393555","louvain","graph_2024M08.graphml"
"0.42","0.55","0.03","0.227463434531787","1,2,3,4,2,5,6,6,4,6,1,6,2,1,7,1,8","0.000447988510131836","louvain","graph_2024M08.graphml"
"0.41","0.56","0.03","0.227463434531787","1,2,3,4,2,5,6,6,4,6,1,6,2,1,7,1,8","0.000499963760375977","louvain","graph_2024M08.graphml"
"0.4","0.57","0.03","0.23114836266429","1,2,3,4,5,6,7,7,4,2,1,7,5,1,8,1,9","0.000423908233642578","louvain","graph_2024M08.graphml"
"0.39","0.58","0.03","0.23180687716263","1,2,3,4,2,5,6,6,4,6,1,6,2,1,7,1,8","0.000447988510131836","louvain","graph_2024M08.graphml"
"0.38","0.59","0.03","0.229500772550482","1,2,3,4,4,5,6,6,4,6,1,6,2,1,7,1,8","0.000416040420532227","louvain","graph_2024M08.graphml"
"0.37","0.6","0.03","0.225195383261736","1,2,3,1,4,5,6,6,2,6,1,6,4,1,7,1,8","0.000428915023803711","louvain","graph_2024M08.graphml"
"0.36","0.61","0.03","0.227880891303254","1,2,3,1,1,4,5,5,6,5,1,5,2,1,7,6,8","0.000427007675170898","louvain","graph_2024M08.graphml"
"0.35","0.62","0.03","0.227800237812128","1,2,3,1,1,4,5,5,2,5,1,5,6,1,7,6,8","0.000410079956054688","louvain","graph_2024M08.graphml"
"0.34","0.63","0.03","0.227800237812128","1,2,3,1,1,4,5,5,2,5,1,5,6,1,7,6,8","0.000412940979003906","louvain","graph_2024M08.graphml"
"0.33","0.64","0.03","0.21974235394802","1,2,1,1,1,3,4,4,2,4,1,4,5,1,6,5,7","0.000406026840209961","louvain","graph_2024M08.graphml"
"0.32","0.65","0.03","0.21974235394802","1,2,1,1,1,3,4,4,2,4,1,4,5,1,6,5,7","0.000440835952758789","louvain","graph_2024M08.graphml"
"0.31","0.66","0.03","0.22641550809175","1,2,1,1,1,3,4,4,2,4,1,4,5,1,6,5,7","0.000479936599731445","louvain","graph_2024M08.graphml"
"0.3","0.67","0.03","0.225725148447178","1,2,1,1,1,3,4,4,2,4,1,4,5,1,6,5,7","0.000440120697021484","louvain","graph_2024M08.graphml"
"0.29","0.68","0.03","0.220957336108221","1,2,1,1,1,3,4,5,2,4,1,4,5,1,6,5,7","0.000853061676025391","louvain","graph_2024M08.graphml"
"0.28","0.69","0.03","0.214024909732646","1,2,1,1,1,3,4,5,2,4,1,4,5,1,6,5,7","0.000456809997558594","louvain","graph_2024M08.graphml"
"0.27","0.7","0.03","0.215890882871335","1,2,1,1,1,3,4,5,2,4,1,4,5,1,6,5,7","0.000416040420532227","louvain","graph_2024M08.graphml"
"0.26","0.71","0.03","0.220224674656857","1,2,1,1,1,3,4,5,2,4,1,4,5,1,6,5,7","0.000459909439086914","louvain","graph_2024M08.graphml"
"0.25","0.72","0.03","0.214748659388141","1,2,1,1,1,3,4,5,2,4,1,4,5,1,6,5,7","0.000413894653320312","louvain","graph_2024M08.graphml"
"0.24","0.73","0.03","0.214748659388141","1,2,1,1,1,3,4,5,2,4,1,4,5,1,6,5,7","0.000413894653320312","louvain","graph_2024M08.graphml"
"0.23","0.74","0.03","0.216335162322817","1,2,1,1,1,3,4,4,2,2,1,5,4,1,6,4,7","0.000422954559326172","louvain","graph_2024M08.graphml"
"0.22","0.75","0.03","0.213172962522308","1,2,1,1,2,3,4,4,2,2,1,4,4,1,5,2,6","0.000410079956054688","louvain","graph_2024M08.graphml"
"0.21","0.76","0.03","0.21438162287705","1,2,1,1,3,4,5,5,2,3,1,5,6,1,7,3,8","0.000477075576782227","louvain","graph_2024M08.graphml"
"0.2","0.77","0.03","0.21438162287705","1,2,1,1,3,4,5,5,2,3,1,5,6,1,7,3,8","0.000414848327636719","louvain","graph_2024M08.graphml"
"0.19","0.78","0.03","0.216088780522787","1,2,1,1,3,4,5,5,2,3,1,5,6,1,7,3,8","0.00041508674621582","louvain","graph_2024M08.graphml"
"0.18","0.79","0.03","0.213621285181765","1,2,1,1,3,4,5,5,2,3,1,5,6,1,7,3,8","0.000408172607421875","louvain","graph_2024M08.graphml"
"0.17","0.8","0.03","0.214295151274937","1,2,1,1,3,4,3,5,2,3,1,5,6,1,7,5,8","0.000437021255493164","louvain","graph_2024M08.graphml"
"0.16","0.81","0.03","0.214698270420401","1,2,1,1,3,4,5,5,2,5,1,5,3,1,6,5,7","0.000447988510131836","louvain","graph_2024M08.graphml"
"0.15","0.82","0.03","0.213873456790123","1,2,1,1,1,3,4,4,2,4,5,4,5,1,6,4,7","0.000473976135253906","louvain","graph_2024M08.graphml"
"0.14","0.83","0.03","0.215698544000488","1,2,1,1,3,4,5,5,2,5,1,5,3,1,6,5,7","0.000802993774414062","louvain","graph_2024M08.graphml"
"0.13","0.84","0.03","0.213440405748098","1,2,1,1,1,3,4,5,2,4,4,5,6,1,7,4,8","0.000432014465332031","louvain","graph_2024M08.graphml"
"0.12","0.85","0.03","0.217325091821195","1,2,1,1,1,3,4,5,2,4,4,5,6,1,7,4,8","0.000428915023803711","louvain","graph_2024M08.graphml"
"0.11","0.86","0.03","0.222911721810747","1,2,1,1,1,3,4,4,2,4,4,4,5,1,6,4,7","0.000422954559326172","louvain","graph_2024M08.graphml"
"0.1","0.87","0.03","0.228228270710729","1,2,1,1,1,3,4,4,2,4,4,5,6,1,7,4,8","0.000416994094848633","louvain","graph_2024M08.graphml"
"0.09","0.88","0.03","0.225665574871924","1,2,1,1,1,3,4,4,2,4,4,5,6,1,7,4,8","0.000440120697021484","louvain","graph_2024M08.graphml"
"0.08","0.89","0.03","0.223019390581717","1,2,1,1,1,3,4,4,2,4,4,5,6,1,7,4,8","0.000445127487182617","louvain","graph_2024M08.graphml"
"0.07","0.9","0.03","0.226502724905367","1,2,1,1,3,4,3,3,2,3,3,5,6,1,7,3,8","0.000496864318847656","louvain","graph_2024M08.graphml"
"0.06","0.91","0.03","0.226502724905367","1,2,1,1,3,4,3,3,2,3,3,5,6,1,7,3,8","0.000432014465332031","louvain","graph_2024M08.graphml"
"0.05","0.92","0.03","0.220311849229488","1,2,1,1,3,4,3,3,2,3,3,3,5,1,6,3,7","0.000422954559326172","louvain","graph_2024M08.graphml"
"0.04","0.93","0.03","0.217734400646448","1,2,1,1,3,4,3,3,2,3,3,3,5,1,6,3,7","0.00042414665222168","louvain","graph_2024M08.graphml"
"0.03","0.94","0.03","0.222308853741244","1,2,1,1,3,4,3,3,2,3,3,5,6,1,7,3,8","0.000451087951660156","louvain","graph_2024M08.graphml"
"0.02","0.95","0.03","0.225945985687678","1,2,1,1,3,4,3,3,2,3,3,5,6,1,7,3,8","0.000424861907958984","louvain","graph_2024M08.graphml"
"0.01","0.96","0.03","0.210069280799321","1,2,1,1,3,4,3,3,2,3,3,3,5,1,6,3,7","0.000462055206298828","louvain","graph_2024M08.graphml"
"0","0.97","0.03","0.210891272189349","1,2,1,1,3,4,3,3,2,3,3,5,6,1,7,3,8","0.000428199768066406","louvain","graph_2024M08.graphml"
"0.96","0","0.04","0.274260724698043","1,2,3,4,5,6,7,7,8,7,1,9,7,10,11,1,12","0.000417947769165039","louvain","graph_2024M08.graphml"
"0.95","0.01","0.04","0.265514369012911","1,2,3,4,5,6,7,7,8,7,1,7,7,9,10,1,11","0.000448942184448242","louvain","graph_2024M08.graphml"
"0.94","0.02","0.04","0.2554","1,2,3,4,5,6,7,7,8,7,1,7,7,9,10,1,11","0.000394105911254883","louvain","graph_2024M08.graphml"
"0.93","0.03","0.04","0.251512993948024","1,2,3,1,4,5,6,6,7,6,1,6,6,8,9,1,10","0.0004730224609375","louvain","graph_2024M08.graphml"
"0.92","0.04","0.04","0.246581450653983","1,2,3,1,4,5,6,7,8,6,6,9,6,10,11,1,12","0.000409841537475586","louvain","graph_2024M08.graphml"
"0.91","0.05","0.04","0.252916666666667","1,2,3,1,1,4,5,5,2,5,5,5,5,6,7,1,8","0.000421047210693359","louvain","graph_2024M08.graphml"
"0.9","0.06","0.04","0.269463340891912","1,2,3,1,1,4,5,5,2,5,5,2,5,6,7,1,8","0.00040888786315918","louvain","graph_2024M08.graphml"
"0.89","0.07","0.04","0.267102846648301","1,2,3,1,1,4,5,5,2,5,5,2,5,1,6,1,7","0.000410079956054688","louvain","graph_2024M08.graphml"
"0.88","0.08","0.04","0.269586221382063","1,2,3,1,1,4,5,5,2,5,5,2,5,1,6,1,7","0.000429153442382812","louvain","graph_2024M08.graphml"
"0.87","0.09","0.04","0.269586221382063","1,2,3,1,1,4,5,5,2,5,5,2,5,1,6,1,7","0.000396013259887695","louvain","graph_2024M08.graphml"
"0.86","0.1","0.04","0.269586221382063","1,2,3,1,1,4,5,5,2,5,5,2,5,1,6,1,7","0.000563144683837891","louvain","graph_2024M08.graphml"
"0.85","0.11","0.04","0.266316207101766","1,2,3,1,1,4,5,5,2,5,5,2,5,1,6,1,7","0.000482082366943359","louvain","graph_2024M08.graphml"
"0.84","0.12","0.04","0.260320216049383","1,2,3,1,4,5,6,4,2,6,4,2,4,1,7,1,8","0.000400781631469727","louvain","graph_2024M08.graphml"
"0.83","0.13","0.04","0.276888888888889","1,2,3,1,4,5,4,4,2,4,1,6,4,1,7,1,8","0.000412940979003906","louvain","graph_2024M08.graphml"
"0.82","0.14","0.04","0.275596859477648","1,2,3,1,4,5,4,4,2,6,4,7,4,1,8,1,9","0.000447988510131836","louvain","graph_2024M08.graphml"
"0.81","0.15","0.04","0.271452522481329","1,2,3,1,4,5,4,4,2,6,4,7,4,1,8,4,9","0.000617027282714844","louvain","graph_2024M08.graphml"
"0.8","0.16","0.04","0.271452522481329","1,2,3,1,4,5,4,4,2,6,4,7,4,1,8,4,9","0.000391006469726562","louvain","graph_2024M08.graphml"
"0.79","0.17","0.04","0.265318262938727","1,2,3,1,4,5,4,4,2,6,4,7,4,1,8,4,9","0.000420808792114258","louvain","graph_2024M08.graphml"
"0.78","0.18","0.04","0.269415009435332","1,2,3,1,4,5,4,4,2,6,4,7,4,1,8,4,9","0.000406026840209961","louvain","graph_2024M08.graphml"
"0.77","0.19","0.04","0.262506760411033","1,2,3,1,4,5,4,4,2,6,4,7,4,1,8,4,9","0.000410079956054688","louvain","graph_2024M08.graphml"
"0.76","0.2","0.04","0.262506760411033","1,2,3,1,4,5,4,4,2,6,4,7,4,1,8,4,9","0.000419139862060547","louvain","graph_2024M08.graphml"
"0.75","0.21","0.04","0.262506760411033","1,2,3,1,4,5,4,4,2,6,4,7,4,1,8,4,9","0.000384092330932617","louvain","graph_2024M08.graphml"
"0.74","0.22","0.04","0.258026159334126","1,2,3,1,4,5,4,4,2,6,4,7,4,1,8,4,9","0.000403881072998047","louvain","graph_2024M08.graphml"
"0.73","0.23","0.04","0.248520710059172","1,2,3,1,4,5,4,4,2,6,4,7,4,1,8,2,9","0.000414133071899414","louvain","graph_2024M08.graphml"
"0.72","0.24","0.04","0.240663196016297","1,2,3,1,4,5,4,4,2,6,4,7,4,1,8,2,9","0.000413894653320312","louvain","graph_2024M08.graphml"
"0.71","0.25","0.04","0.233600583090379","1,2,3,1,2,4,5,5,2,6,5,7,5,1,8,2,9","0.000406026840209961","louvain","graph_2024M08.graphml"
"0.7","0.26","0.04","0.230893377759267","1,2,3,1,2,4,5,5,2,5,1,6,5,1,7,2,8","0.000417947769165039","louvain","graph_2024M08.graphml"
"0.69","0.27","0.04","0.236863585348434","1,2,3,1,2,4,5,5,2,6,5,7,5,1,8,2,9","0.000471115112304688","louvain","graph_2024M08.graphml"
"0.68","0.28","0.04","0.236863585348434","1,2,3,1,2,4,5,5,2,6,5,7,5,1,8,2,9","0.000701904296875","louvain","graph_2024M08.graphml"
"0.67","0.29","0.04","0.236790510734242","1,2,3,1,2,4,5,6,2,5,5,6,5,1,7,6,8","0.000535964965820312","louvain","graph_2024M08.graphml"
"0.66","0.3","0.04","0.236790510734242","1,2,3,1,2,4,5,6,2,5,5,6,5,1,7,6,8","0.000405073165893555","louvain","graph_2024M08.graphml"
"0.65","0.31","0.04","0.235507587897069","1,2,3,1,2,4,5,6,2,5,5,6,5,1,7,6,8","0.000409126281738281","louvain","graph_2024M08.graphml"
"0.64","0.32","0.04","0.235507587897069","1,2,3,1,2,4,5,6,2,5,5,6,5,1,7,6,8","0.00123715400695801","louvain","graph_2024M08.graphml"
"0.63","0.33","0.04","0.23374149659864","1,2,3,1,2,4,5,6,2,5,5,6,5,1,7,6,8","0.00043487548828125","louvain","graph_2024M08.graphml"
"0.62","0.34","0.04","0.22939658241367","1,2,3,1,2,4,5,6,2,5,5,6,5,1,7,6,8","0.000405073165893555","louvain","graph_2024M08.graphml"
"0.61","0.35","0.04","0.236385826108913","1,2,3,2,2,4,5,6,2,5,5,6,5,1,7,6,8","0.000426054000854492","louvain","graph_2024M08.graphml"
"0.6","0.36","0.04","0.238161670918367","1,2,3,2,2,4,5,6,2,5,1,6,5,1,7,6,8","0.000689983367919922","louvain","graph_2024M08.graphml"
"0.59","0.37","0.04","0.233456026313729","1,2,3,2,2,4,5,6,2,5,1,6,5,1,7,6,8","0.000439882278442383","louvain","graph_2024M08.graphml"
"0.58","0.38","0.04","0.233456026313729","1,2,3,2,2,4,5,6,2,5,1,6,5,1,7,6,8","0.000402927398681641","louvain","graph_2024M08.graphml"
"0.57","0.39","0.04","0.225293005671077","1,2,3,4,2,5,2,6,4,2,1,6,2,1,7,6,8","0.000440120697021484","louvain","graph_2024M08.graphml"
"0.56","0.4","0.04","0.227742271105826","1,2,3,2,2,4,5,6,2,5,1,6,5,1,7,6,8","0.000535964965820312","louvain","graph_2024M08.graphml"
"0.55","0.41","0.04","0.229044559000071","1,2,3,4,4,5,2,6,4,2,1,6,2,1,7,6,8","0.00044703483581543","louvain","graph_2024M08.graphml"
"0.54","0.42","0.04","0.222430555555556","1,2,3,4,2,5,6,2,4,6,1,6,2,1,7,2,8","0.000418901443481445","louvain","graph_2024M08.graphml"
"0.53","0.43","0.04","0.226684443288241","1,2,3,2,2,4,5,6,2,5,1,5,6,1,7,6,8","0.000407934188842773","louvain","graph_2024M08.graphml"
"0.52","0.44","0.04","0.215765936004031","1,2,3,4,5,6,2,5,4,2,1,7,5,1,8,5,9","0.000425815582275391","louvain","graph_2024M08.graphml"
"0.51","0.45","0.04","0.223045446090892","1,2,3,4,4,5,2,6,4,2,1,6,6,1,7,6,8","0.000762939453125","louvain","graph_2024M08.graphml"
"0.5","0.46","0.04","0.215371672375458","1,2,3,4,4,5,2,6,4,2,1,2,2,1,7,6,8","0.000496864318847656","louvain","graph_2024M08.graphml"
"0.49","0.47","0.04","0.215710059171598","1,2,3,4,2,5,6,7,4,6,1,6,2,1,8,7,9","0.000538110733032227","louvain","graph_2024M08.graphml"
"0.48","0.48","0.04","0.220499970864169","1,2,3,4,2,5,6,6,4,6,1,6,2,1,7,1,8","0.000543117523193359","louvain","graph_2024M08.graphml"
"0.47","0.49","0.04","0.216741276400367","1,2,3,4,2,5,6,6,4,6,1,6,2,1,7,1,8","0.000420808792114258","louvain","graph_2024M08.graphml"
"0.46","0.5","0.04","0.218394965471152","1,2,3,4,2,5,6,6,4,6,1,6,2,1,7,1,8","0.000605106353759766","louvain","graph_2024M08.graphml"
"0.45","0.51","0.04","0.220842879215728","1,2,3,4,2,5,6,6,4,6,1,6,2,1,7,1,8","0.000441074371337891","louvain","graph_2024M08.graphml"
"0.44","0.52","0.04","0.220016803192607","1,2,3,1,4,5,6,6,2,6,1,6,4,1,7,1,8","0.000427961349487305","louvain","graph_2024M08.graphml"
"0.43","0.53","0.04","0.215130023640662","1,2,3,1,1,4,5,5,6,2,1,7,8,1,9,5,10","0.000442028045654297","louvain","graph_2024M08.graphml"
"0.42","0.54","0.04","0.217443395765074","1,2,3,1,1,4,5,5,2,5,1,5,6,1,7,6,8","0.000416040420532227","louvain","graph_2024M08.graphml"
"0.41","0.55","0.04","0.21906957633309","1,2,1,1,1,3,4,4,5,2,1,6,4,1,7,4,8","0.000911951065063477","louvain","graph_2024M08.graphml"
"0.4","0.56","0.04","0.219266666666667","1,2,1,1,1,3,4,5,2,4,1,4,5,1,6,5,7","0.000494956970214844","louvain","graph_2024M08.graphml"
"0.39","0.57","0.04","0.219266666666667","1,2,1,1,1,3,4,5,2,4,1,4,5,1,6,5,7","0.000504016876220703","louvain","graph_2024M08.graphml"
"0.38","0.58","0.04","0.218564975220385","1,2,1,1,1,3,4,4,2,5,1,4,4,1,6,4,7","0.000814914703369141","louvain","graph_2024M08.graphml"
"0.37","0.59","0.04","0.219360075184758","1,2,1,1,1,3,4,5,2,4,1,4,5,1,6,5,7","0.000509977340698242","louvain","graph_2024M08.graphml"
"0.36","0.6","0.04","0.219598583234947","1,2,1,1,1,3,4,4,2,2,1,5,4,1,6,4,7","0.000414848327636719","louvain","graph_2024M08.graphml"
"0.35","0.61","0.04","0.210408448389218","1,2,1,1,1,3,4,5,2,4,1,4,5,1,6,5,7","0.00041508674621582","louvain","graph_2024M08.graphml"
"0.34","0.62","0.04","0.217413074827752","1,2,1,1,1,3,4,4,2,2,1,5,4,1,6,4,7","0.000674962997436523","louvain","graph_2024M08.graphml"
"0.33","0.63","0.04","0.213559590206084","1,2,1,1,1,3,4,5,2,4,1,4,5,1,6,5,7","0.000536918640136719","louvain","graph_2024M08.graphml"
"0.32","0.64","0.04","0.21041015625","1,2,1,1,1,3,4,5,2,4,1,4,5,1,6,5,7","0.000431060791015625","louvain","graph_2024M08.graphml"
"0.31","0.65","0.04","0.214748659388141","1,2,1,1,1,3,4,5,2,4,1,4,5,1,6,5,7","0.000488996505737305","louvain","graph_2024M08.graphml"
"0.3","0.66","0.04","0.21656378600823","1,2,1,1,1,3,4,5,2,4,1,4,5,1,6,5,7","0.000458002090454102","louvain","graph_2024M08.graphml"
"0.29","0.67","0.04","0.213049042116753","1,2,1,1,1,3,4,5,2,4,1,4,5,1,6,5,7","0.000422954559326172","louvain","graph_2024M08.graphml"
"0.28","0.68","0.04","0.210229568411387","1,2,1,1,3,4,5,5,2,3,1,5,5,1,6,3,7","0.000442028045654297","louvain","graph_2024M08.graphml"
"0.27","0.69","0.04","0.210853994490358","1,2,1,1,3,4,5,5,2,5,1,6,3,1,7,5,8","0.000452041625976562","louvain","graph_2024M08.graphml"
"0.26","0.7","0.04","0.206986961451247","1,2,1,1,3,4,5,5,2,3,1,5,6,1,7,3,8","0.000414848327636719","louvain","graph_2024M08.graphml"
"0.25","0.71","0.04","0.207837301587302","1,2,1,1,3,4,5,5,2,5,1,6,3,1,7,5,8","0.000509977340698242","louvain","graph_2024M08.graphml"
"0.24","0.72","0.04","0.205413631544749","1,2,1,1,3,4,5,5,2,3,1,5,6,1,7,3,8","0.00118803977966309","louvain","graph_2024M08.graphml"
"0.23","0.73","0.04","0.203572877230936","1,2,1,1,3,4,5,5,2,3,1,5,6,1,7,3,8","0.000688076019287109","louvain","graph_2024M08.graphml"
"0.22","0.74","0.04","0.208995918367347","1,2,1,1,3,4,3,5,2,3,1,5,6,1,7,5,8","0.000532150268554688","louvain","graph_2024M08.graphml"
"0.21","0.75","0.04","0.212916666666667","1,2,1,1,3,4,5,5,2,5,1,5,3,1,6,5,7","0.00053095817565918","louvain","graph_2024M08.graphml"
"0.2","0.76","0.04","0.209521604938272","1,2,1,1,3,4,3,5,2,3,1,5,5,1,6,3,7","0.000435113906860352","louvain","graph_2024M08.graphml"
"0.19","0.77","0.04","0.215698544000488","1,2,1,1,3,4,5,5,2,5,1,5,3,1,6,5,7","0.000468969345092773","louvain","graph_2024M08.graphml"
"0.18","0.78","0.04","0.21747071609709","1,2,1,1,3,4,5,5,2,5,1,5,3,1,6,5,7","0.000475883483886719","louvain","graph_2024M08.graphml"
"0.17","0.79","0.04","0.214846666069456","1,2,1,1,3,4,5,5,2,5,1,5,3,1,6,5,7","0.000592947006225586","louvain","graph_2024M08.graphml"
"0.16","0.8","0.04","0.209539810080351","1,2,1,1,1,3,4,5,2,4,4,5,6,1,7,4,8","0.000752925872802734","louvain","graph_2024M08.graphml"
"0.15","0.81","0.04","0.211515914095342","1,2,1,1,1,3,4,4,2,4,4,4,5,1,6,4,7","0.000617027282714844","louvain","graph_2024M08.graphml"
"0.14","0.82","0.04","0.224664894054439","1,2,1,1,1,3,4,4,2,4,4,5,6,1,7,4,8","0.000461816787719727","louvain","graph_2024M08.graphml"
"0.13","0.83","0.04","0.224664894054439","1,2,1,1,1,3,4,4,2,4,4,5,6,1,7,4,8","0.000452995300292969","louvain","graph_2024M08.graphml"
"0.12","0.84","0.04","0.219577365451389","1,2,1,1,1,3,4,4,2,4,4,4,5,1,6,4,7","0.000445127487182617","louvain","graph_2024M08.graphml"
"0.11","0.85","0.04","0.216660092044707","1,2,1,1,3,4,3,3,2,3,3,5,6,1,7,3,8","0.000694990158081055","louvain","graph_2024M08.graphml"
"0.1","0.86","0.04","0.216774828918462","1,2,1,1,3,4,3,3,2,3,3,3,5,1,6,3,7","0.000648975372314453","louvain","graph_2024M08.graphml"
"0.09","0.87","0.04","0.217036707012203","1,2,1,1,3,4,3,3,2,3,3,5,6,1,7,3,8","0.000615119934082031","louvain","graph_2024M08.graphml"
"0.08","0.88","0.04","0.208417435601692","1,2,1,1,3,4,3,3,2,3,3,3,5,1,6,3,7","0.00042414665222168","louvain","graph_2024M08.graphml"
"0.07","0.89","0.04","0.203471109435385","1,2,1,1,3,4,3,3,2,3,3,3,5,1,6,3,7","0.000428915023803711","louvain","graph_2024M08.graphml"
"0.06","0.9","0.04","0.202090153613699","1,2,1,1,3,4,3,3,2,3,3,3,5,1,6,3,7","0.000530004501342773","louvain","graph_2024M08.graphml"
"0.05","0.91","0.04","0.209754947103614","1,2,1,1,2,3,2,2,4,2,2,5,6,1,7,4,8","0.000694036483764648","louvain","graph_2024M08.graphml"
"0.04","0.92","0.04","0.208837664649341","1,2,1,1,2,3,2,2,4,2,2,5,6,1,7,6,8","0.000808954238891602","louvain","graph_2024M08.graphml"
"0.03","0.93","0.04","0.206120919570632","1,2,1,1,2,3,2,2,4,2,2,5,6,1,7,6,8","0.000510215759277344","louvain","graph_2024M08.graphml"
"0.02","0.94","0.04","0.210048674959437","1,2,1,1,2,3,2,2,4,2,2,5,6,1,7,6,8","0.000423908233642578","louvain","graph_2024M08.graphml"
"0.01","0.95","0.04","0.208194015775034","1,2,1,1,2,3,2,2,4,2,2,5,6,1,7,6,8","0.000453948974609375","louvain","graph_2024M08.graphml"
"0","0.96","0.04","0.206890495867769","1,2,3,1,2,4,2,2,5,2,2,6,3,1,7,3,8","0.000453948974609375","louvain","graph_2024M08.graphml"
"0.95","0","0.05","0.257852528402762","1,2,3,1,4,5,4,4,2,4,4,2,4,1,6,1,7","0.000464916229248047","louvain","graph_2024M08.graphml"
"0.94","0.01","0.05","0.259591836734694","1,2,3,1,1,4,5,5,2,5,5,2,5,1,6,1,7","0.000403881072998047","louvain","graph_2024M08.graphml"
"0.93","0.02","0.05","0.259591836734694","1,2,3,1,1,4,5,5,2,5,5,2,5,1,6,1,7","0.000405073165893555","louvain","graph_2024M08.graphml"
"0.92","0.03","0.05","0.262244323512854","1,2,3,1,4,5,4,4,2,6,4,2,4,1,7,1,8","0.000399112701416016","louvain","graph_2024M08.graphml"
"0.91","0.04","0.05","0.262244323512854","1,2,3,1,4,5,4,4,2,6,4,2,4,1,7,1,8","0.000399112701416016","louvain","graph_2024M08.graphml"
"0.9","0.05","0.05","0.244977777777778","1,2,3,1,1,4,5,5,2,5,5,2,5,1,6,1,7","0.000393152236938477","louvain","graph_2024M08.graphml"
"0.89","0.06","0.05","0.244977777777778","1,2,3,1,1,4,5,5,2,5,5,2,5,1,6,1,7","0.000401973724365234","louvain","graph_2024M08.graphml"
"0.88","0.07","0.05","0.242958340360938","1,2,3,1,4,5,4,4,2,6,4,2,4,1,7,4,8","0.000384092330932617","louvain","graph_2024M08.graphml"
"0.87","0.08","0.05","0.244832558884794","1,2,3,1,4,5,4,4,2,6,4,2,4,1,7,4,8","0.000390052795410156","louvain","graph_2024M08.graphml"
"0.86","0.09","0.05","0.265318262938727","1,2,3,1,4,5,4,4,2,6,4,7,4,1,8,4,9","0.000409126281738281","louvain","graph_2024M08.graphml"
"0.85","0.1","0.05","0.263180272108844","1,2,3,1,4,5,4,4,2,6,4,7,4,1,8,4,9","0.000412940979003906","louvain","graph_2024M08.graphml"
"0.84","0.11","0.05","0.266712802768166","1,2,3,1,4,5,4,4,2,6,4,7,4,1,8,4,9","0.00038599967956543","louvain","graph_2024M08.graphml"
"0.83","0.12","0.05","0.266712802768166","1,2,3,1,4,5,4,4,2,6,4,7,4,1,8,4,9","0.000424861907958984","louvain","graph_2024M08.graphml"
"0.82","0.13","0.05","0.262168739859383","1,2,3,1,4,5,4,4,2,6,4,7,4,1,8,4,9","0.000404119491577148","louvain","graph_2024M08.graphml"
"0.81","0.14","0.05","0.250387396694215","1,2,3,1,4,5,4,4,2,6,4,7,4,1,8,4,9","0.000414133071899414","louvain","graph_2024M08.graphml"
"0.8","0.15","0.05","0.249135802469136","1,2,3,1,4,5,4,4,2,6,4,7,4,1,8,4,9","0.00037693977355957","louvain","graph_2024M08.graphml"
"0.79","0.16","0.05","0.241434310018904","1,2,3,1,4,5,4,4,2,6,4,7,4,1,8,2,9","0.000427007675170898","louvain","graph_2024M08.graphml"
"0.78","0.17","0.05","0.22421052631579","1,2,3,1,4,5,4,4,2,6,4,7,4,1,8,2,9","0.000401973724365234","louvain","graph_2024M08.graphml"
"0.77","0.18","0.05","0.222710503472222","1,2,3,1,2,4,5,5,2,6,5,7,5,1,8,2,9","0.00053095817565918","louvain","graph_2024M08.graphml"
"0.76","0.19","0.05","0.232351103706789","1,2,3,1,2,4,5,5,2,6,5,7,5,1,8,2,9","0.000419139862060547","louvain","graph_2024M08.graphml"
"0.75","0.2","0.05","0.23795","1,2,3,1,2,4,5,5,2,5,1,6,5,1,7,2,8","0.000404119491577148","louvain","graph_2024M08.graphml"
"0.74","0.21","0.05","0.23795","1,2,3,1,2,4,5,5,2,5,1,6,5,1,7,2,8","0.000391960144042969","louvain","graph_2024M08.graphml"
"0.73","0.22","0.05","0.232967356141555","1,2,3,1,2,4,5,5,2,5,1,6,5,1,7,2,8","0.000409841537475586","louvain","graph_2024M08.graphml"
"0.72","0.23","0.05","0.235507587897069","1,2,3,1,2,4,5,6,2,5,5,6,5,1,7,6,8","0.000411033630371094","louvain","graph_2024M08.graphml"
"0.71","0.24","0.05","0.229567307692308","1,2,3,1,2,4,5,6,2,5,5,6,5,1,7,6,8","0.000406980514526367","louvain","graph_2024M08.graphml"
"0.7","0.25","0.05","0.229567307692308","1,2,3,1,2,4,5,6,2,5,5,6,5,1,7,6,8","0.000493049621582031","louvain","graph_2024M08.graphml"
"0.69","0.26","0.05","0.229567307692308","1,2,3,1,2,4,5,6,2,5,5,6,5,1,7,6,8","0.000422000885009766","louvain","graph_2024M08.graphml"
"0.68","0.27","0.05","0.228417586329655","1,2,3,1,2,4,5,6,2,5,5,6,5,1,7,6,8","0.000432014465332031","louvain","graph_2024M08.graphml"
"0.67","0.28","0.05","0.223423954212608","1,2,3,2,2,4,5,6,2,5,1,6,5,1,7,6,8","0.000396013259887695","louvain","graph_2024M08.graphml"
"0.66","0.29","0.05","0.225062900738576","1,2,3,2,2,4,5,6,2,5,1,6,5,1,7,6,8","0.000432968139648438","louvain","graph_2024M08.graphml"
"0.65","0.3","0.05","0.229352678571429","1,2,3,2,2,4,5,6,2,5,1,6,5,1,7,6,8","0.000411033630371094","louvain","graph_2024M08.graphml"
"0.64","0.31","0.05","0.230964083175803","1,2,3,2,2,4,5,6,2,5,1,6,5,1,7,6,8","0.00039982795715332","louvain","graph_2024M08.graphml"
"0.63","0.32","0.05","0.230964083175803","1,2,3,2,2,4,5,6,2,5,1,6,5,1,7,6,8","0.00042414665222168","louvain","graph_2024M08.graphml"
"0.62","0.33","0.05","0.214988509049124","1,2,3,4,2,5,6,2,4,6,1,2,2,1,7,2,8","0.000441074371337891","louvain","graph_2024M08.graphml"
"0.61","0.34","0.05","0.220805802930193","1,2,3,2,2,4,5,6,2,5,1,6,6,1,7,6,8","0.000607967376708984","louvain","graph_2024M08.graphml"
"0.6","0.35","0.05","0.219657127245407","1,2,3,4,4,5,2,6,4,2,1,6,2,1,7,6,8","0.000414848327636719","louvain","graph_2024M08.graphml"
"0.59","0.36","0.05","0.211745654041906","1,2,3,4,4,5,6,6,4,2,1,6,6,1,7,6,8","0.000437021255493164","louvain","graph_2024M08.graphml"
"0.58","0.37","0.05","0.21292924037461","1,2,3,4,4,5,2,2,4,2,1,2,2,1,6,1,7","0.000437021255493164","louvain","graph_2024M08.graphml"
"0.57","0.38","0.05","0.206956413912828","1,2,3,4,4,5,2,6,4,2,1,2,2,1,7,6,8","0.000418186187744141","louvain","graph_2024M08.graphml"
"0.56","0.39","0.05","0.215710059171598","1,2,3,4,2,5,6,7,4,6,1,6,2,1,8,7,9","0.000427961349487305","louvain","graph_2024M08.graphml"
"0.55","0.4","0.05","0.214760212108851","1,2,3,4,4,5,2,6,4,2,1,2,2,1,7,6,8","0.000413179397583008","louvain","graph_2024M08.graphml"
"0.54","0.41","0.05","0.217860422405877","1,2,3,2,2,4,5,6,2,5,1,5,6,1,7,6,8","0.000418901443481445","louvain","graph_2024M08.graphml"
"0.53","0.42","0.05","0.21490756967607","1,2,3,4,4,5,2,6,4,2,1,2,6,1,7,6,8","0.00041508674621582","louvain","graph_2024M08.graphml"
"0.52","0.43","0.05","0.213305898491084","1,2,3,4,4,5,2,6,4,2,1,2,6,1,7,6,8","0.000406026840209961","louvain","graph_2024M08.graphml"
"0.51","0.44","0.05","0.21347238755758","1,2,3,1,4,5,6,6,4,2,1,6,6,1,7,6,8","0.000418901443481445","louvain","graph_2024M08.graphml"
"0.5","0.45","0.05","0.210548502281293","1,2,3,1,1,4,5,5,6,2,1,7,5,1,8,5,9","0.000416040420532227","louvain","graph_2024M08.graphml"
"0.49","0.46","0.05","0.210548502281293","1,2,3,1,1,4,5,5,6,2,1,7,5,1,8,5,9","0.000443935394287109","louvain","graph_2024M08.graphml"
"0.48","0.47","0.05","0.210991743291424","1,2,1,1,1,3,4,4,5,2,1,6,4,1,7,4,8","0.000473976135253906","louvain","graph_2024M08.graphml"
"0.47","0.48","0.05","0.210991743291424","1,2,1,1,1,3,4,4,5,2,1,6,4,1,7,4,8","0.000424861907958984","louvain","graph_2024M08.graphml"
"0.46","0.49","0.05","0.217051883689312","1,2,1,1,1,3,4,5,2,4,1,4,5,5,6,5,7","0.000403881072998047","louvain","graph_2024M08.graphml"
"0.45","0.5","0.05","0.217051883689312","1,2,1,1,1,3,4,5,2,4,1,4,5,5,6,5,7","0.000422954559326172","louvain","graph_2024M08.graphml"
"0.44","0.51","0.05","0.219360075184758","1,2,1,1,1,3,4,5,2,4,1,4,5,1,6,5,7","0.000607967376708984","louvain","graph_2024M08.graphml"
"0.43","0.52","0.05","0.212341311134235","1,2,1,1,1,3,4,5,2,4,1,4,5,1,6,5,7","0.000421047210693359","louvain","graph_2024M08.graphml"
"0.42","0.53","0.05","0.210408448389218","1,2,1,1,1,3,4,5,2,4,1,4,5,1,6,5,7","0.000423908233642578","louvain","graph_2024M08.graphml"
"0.41","0.54","0.05","0.208081463751065","1,2,1,1,1,3,4,5,2,4,1,4,5,1,6,5,7","0.000396966934204102","louvain","graph_2024M08.graphml"
"0.4","0.55","0.05","0.211344335843615","1,2,1,1,1,3,4,4,2,2,1,5,4,1,6,4,7","0.000404119491577148","louvain","graph_2024M08.graphml"
"0.39","0.56","0.05","0.209982374619452","1,2,1,1,1,3,4,5,2,4,1,4,5,1,6,5,7","0.000516891479492188","louvain","graph_2024M08.graphml"
"0.38","0.57","0.05","0.206815394960642","1,2,1,1,1,3,4,5,2,4,1,4,5,1,6,5,7","0.000413179397583008","louvain","graph_2024M08.graphml"
"0.37","0.58","0.05","0.207646058304656","1,2,1,1,1,3,4,4,2,2,1,5,4,1,6,4,7","0.000441074371337891","louvain","graph_2024M08.graphml"
"0.36","0.59","0.05","0.213049042116753","1,2,1,1,1,3,4,5,2,4,1,4,5,1,6,5,7","0.000421047210693359","louvain","graph_2024M08.graphml"
"0.35","0.6","0.05","0.212691482554857","1,2,1,1,1,3,4,4,2,2,1,5,4,1,6,4,7","0.000433921813964844","louvain","graph_2024M08.graphml"
"0.34","0.61","0.05","0.209566478286734","1,2,1,1,1,3,4,5,2,4,1,4,5,1,6,5,7","0.000427961349487305","louvain","graph_2024M08.graphml"
"0.33","0.62","0.05","0.204507153357955","1,2,1,1,2,3,4,4,2,2,1,4,5,1,6,2,7","0.000416994094848633","louvain","graph_2024M08.graphml"
"0.32","0.63","0.05","0.201228373702422","1,2,1,1,3,4,5,5,2,3,1,5,6,1,7,3,8","0.000428915023803711","louvain","graph_2024M08.graphml"
"0.31","0.64","0.05","0.201228373702422","1,2,1,1,3,4,5,5,2,3,1,5,6,1,7,3,8","0.00043797492980957","louvain","graph_2024M08.graphml"
"0.3","0.65","0.05","0.19939468554427","1,2,1,1,3,4,5,5,2,3,1,5,6,1,7,3,8","0.000466108322143555","louvain","graph_2024M08.graphml"
"0.29","0.66","0.05","0.199514380493143","1,2,1,1,3,4,5,5,2,5,1,6,3,1,7,5,8","0.000437021255493164","louvain","graph_2024M08.graphml"
"0.28","0.67","0.05","0.19810217514785","1,2,1,1,3,4,5,5,2,3,1,5,6,1,7,3,8","0.000431060791015625","louvain","graph_2024M08.graphml"
"0.27","0.68","0.05","0.204851028910491","1,2,1,1,3,4,3,5,2,3,1,5,6,1,7,5,8","0.000427007675170898","louvain","graph_2024M08.graphml"
"0.26","0.69","0.05","0.20899784650916","1,2,1,1,3,4,5,5,2,5,1,5,3,1,6,5,7","0.000447988510131836","louvain","graph_2024M08.graphml"
"0.25","0.7","0.05","0.212916666666667","1,2,1,1,3,4,5,5,2,5,1,5,3,1,6,5,7","0.000489950180053711","louvain","graph_2024M08.graphml"
"0.24","0.71","0.05","0.209367254919526","1,2,1,1,3,4,5,5,2,5,1,5,3,1,6,5,7","0.000458955764770508","louvain","graph_2024M08.graphml"
"0.23","0.72","0.05","0.209367254919526","1,2,1,1,3,4,5,5,2,5,1,5,3,1,6,5,7","0.000454187393188477","louvain","graph_2024M08.graphml"
"0.22","0.73","0.05","0.212178048204159","1,2,1,1,3,4,5,5,2,5,1,5,3,1,6,5,7","0.000449895858764648","louvain","graph_2024M08.graphml"
"0.21","0.74","0.05","0.212178048204159","1,2,1,1,3,4,5,5,2,5,1,5,3,1,6,5,7","0.000446081161499023","louvain","graph_2024M08.graphml"
"0.2","0.75","0.05","0.210884353741497","1,2,1,1,3,4,5,5,2,5,5,5,3,1,6,5,7","0.000445127487182617","louvain","graph_2024M08.graphml"
"0.19","0.76","0.05","0.210884353741497","1,2,1,1,3,4,5,5,2,5,5,5,3,1,6,5,7","0.00043797492980957","louvain","graph_2024M08.graphml"
"0.18","0.77","0.05","0.210666232638889","1,2,1,1,3,4,5,5,2,5,5,6,3,1,7,5,8","0.000452041625976562","louvain","graph_2024M08.graphml"
"0.17","0.78","0.05","0.213293123605059","1,2,1,1,1,3,4,4,2,4,4,4,5,1,6,4,7","0.000457048416137695","louvain","graph_2024M08.graphml"
"0.16","0.79","0.05","0.208014488317519","1,2,1,1,3,4,3,3,2,3,3,3,5,1,6,3,7","0.000445842742919922","louvain","graph_2024M08.graphml"
"0.15","0.8","0.05","0.209501519458877","1,2,1,1,3,4,3,3,2,3,3,5,6,1,7,3,8","0.00043797492980957","louvain","graph_2024M08.graphml"
"0.14","0.81","0.05","0.201487209994051","1,2,1,1,3,4,5,5,2,5,5,5,3,1,6,5,7","0.000437021255493164","louvain","graph_2024M08.graphml"
"0.13","0.82","0.05","0.205337347429345","1,2,3,1,4,5,4,4,2,4,4,6,3,1,7,4,8","0.000446081161499023","louvain","graph_2024M08.graphml"
"0.12","0.83","0.05","0.204013186511298","1,2,3,1,4,5,4,4,2,4,4,4,3,1,6,4,7","0.000430107116699219","louvain","graph_2024M08.graphml"
"0.11","0.84","0.05","0.205970216302419","1,2,3,1,4,5,4,4,2,4,4,6,3,1,7,3,8","0.000437021255493164","louvain","graph_2024M08.graphml"
"0.1","0.85","0.05","0.202197535762305","1,2,3,1,2,4,2,2,5,2,2,6,3,1,7,3,8","0.000442981719970703","louvain","graph_2024M08.graphml"
"0.09","0.86","0.05","0.202197535762305","1,2,3,1,2,4,2,2,5,2,2,6,3,1,7,3,8","0.000455141067504883","louvain","graph_2024M08.graphml"
"0.08","0.87","0.05","0.199173049406616","1,2,3,1,4,5,4,4,2,6,1,4,3,6,7,3,8","0.000433921813964844","louvain","graph_2024M08.graphml"
"0.07","0.88","0.05","0.196745867768595","1,2,3,1,2,4,5,5,2,6,5,5,3,6,7,3,8","0.000445842742919922","louvain","graph_2024M08.graphml"
"0.06","0.89","0.05","0.199606887655863","1,2,3,1,2,4,2,2,5,2,2,6,3,1,7,3,8","0.000432014465332031","louvain","graph_2024M08.graphml"
"0.05","0.9","0.05","0.202905608311014","1,2,3,1,2,4,2,2,5,2,2,6,3,1,7,3,8","0.000466823577880859","louvain","graph_2024M08.graphml"
"0.04","0.91","0.05","0.199189607673591","1,2,3,1,2,4,5,5,2,6,5,5,3,6,7,3,8","0.000473976135253906","louvain","graph_2024M08.graphml"
"0.03","0.92","0.05","0.205412345679012","1,2,3,1,2,1,2,2,4,2,2,3,3,1,5,4,6","0.000465154647827148","louvain","graph_2024M08.graphml"
"0.02","0.93","0.05","0.204603233130858","1,2,3,1,2,1,2,2,4,2,2,5,3,1,6,3,7","0.000504016876220703","louvain","graph_2024M08.graphml"
"0.01","0.94","0.05","0.203504924592182","1,2,3,1,2,1,2,2,3,2,2,4,5,1,6,5,7","0.000425815582275391","louvain","graph_2024M08.graphml"
"0","0.95","0.05","0.205106691329303","1,2,3,1,2,1,2,2,3,2,2,4,5,1,6,5,7","0.000449180603027344","louvain","graph_2024M08.graphml"
"0.94","0","0.06","0.236850756081525","1,2,3,1,4,5,4,4,2,6,4,2,4,1,7,4,8","0.000413894653320312","louvain","graph_2024M08.graphml"
"0.93","0.01","0.06","0.236850756081525","1,2,3,1,4,5,4,4,2,6,4,2,4,1,7,4,8","0.000388860702514648","louvain","graph_2024M08.graphml"
"0.92","0.02","0.06","0.230171446883512","1,2,3,1,4,5,4,4,2,6,4,2,4,1,7,4,8","0.000399112701416016","louvain","graph_2024M08.graphml"
"0.91","0.03","0.06","0.238046875","1,2,3,1,4,5,4,4,2,6,4,2,4,1,7,4,8","0.000391960144042969","louvain","graph_2024M08.graphml"
"0.9","0.04","0.06","0.256423283495428","1,2,3,1,1,4,5,5,2,5,5,6,5,1,7,5,8","0.00038599967956543","louvain","graph_2024M08.graphml"
"0.89","0.05","0.06","0.257854671280277","1,2,3,1,4,5,4,4,2,6,4,7,4,1,8,4,9","0.00038599967956543","louvain","graph_2024M08.graphml"
"0.88","0.06","0.06","0.249677169421488","1,2,3,1,4,5,4,4,2,6,4,7,4,1,8,4,9","0.000416994094848633","louvain","graph_2024M08.graphml"
"0.87","0.07","0.06","0.249677169421488","1,2,3,1,4,5,4,4,2,6,4,7,4,1,8,4,9","0.00040888786315918","louvain","graph_2024M08.graphml"
"0.86","0.08","0.06","0.243509238014733","1,2,3,1,4,5,4,4,2,6,4,7,4,1,8,4,9","0.000406980514526367","louvain","graph_2024M08.graphml"
"0.85","0.09","0.06","0.22421052631579","1,2,3,1,4,5,4,4,2,6,4,7,4,1,8,2,9","0.000401973724365234","louvain","graph_2024M08.graphml"
"0.84","0.1","0.06","0.22421052631579","1,2,3,1,4,5,4,4,2,6,4,7,4,1,8,2,9","0.000413894653320312","louvain","graph_2024M08.graphml"
"0.83","0.11","0.06","0.224093952598576","1,2,3,1,2,4,5,5,2,5,1,6,5,1,7,2,8","0.000431060791015625","louvain","graph_2024M08.graphml"
"0.82","0.12","0.06","0.227665556018326","1,2,3,1,2,4,5,5,2,5,1,6,5,1,7,2,8","0.000539779663085938","louvain","graph_2024M08.graphml"
"0.81","0.13","0.06","0.234414855626977","1,2,3,1,2,4,5,5,2,5,1,6,5,1,7,2,8","0.000417947769165039","louvain","graph_2024M08.graphml"
"0.8","0.14","0.06","0.22945","1,2,3,1,2,4,5,5,2,5,1,6,5,1,7,2,8","0.0004119873046875","louvain","graph_2024M08.graphml"
"0.79","0.15","0.06","0.223066366042545","1,2,3,1,2,4,5,5,2,5,1,6,5,1,7,2,8","0.000417947769165039","louvain","graph_2024M08.graphml"
"0.78","0.16","0.06","0.230040531624093","1,2,3,1,2,4,5,5,2,5,1,6,5,1,7,2,8","0.000407934188842773","louvain","graph_2024M08.graphml"
"0.77","0.17","0.06","0.230040531624093","1,2,3,1,2,4,5,5,2,5,1,6,5,1,7,2,8","0.000442028045654297","louvain","graph_2024M08.graphml"
"0.76","0.18","0.06","0.229567307692308","1,2,3,1,2,4,5,6,2,5,5,6,5,1,7,6,8","0.000394821166992188","louvain","graph_2024M08.graphml"
"0.75","0.19","0.06","0.224716553287982","1,2,3,1,2,4,5,6,2,5,5,6,5,1,7,6,8","0.00061798095703125","louvain","graph_2024M08.graphml"
"0.74","0.2","0.06","0.223643986374356","1,2,3,1,2,4,5,6,2,5,5,6,5,1,7,6,8","0.0004119873046875","louvain","graph_2024M08.graphml"
"0.73","0.21","0.06","0.219421487603306","1,2,3,2,2,4,5,6,2,5,1,6,5,1,7,6,8","0.000427007675170898","louvain","graph_2024M08.graphml"
"0.72","0.22","0.06","0.219421487603306","1,2,3,2,2,4,5,6,2,5,1,6,5,1,7,6,8","0.000432968139648438","louvain","graph_2024M08.graphml"
"0.71","0.23","0.06","0.219746492346939","1,2,3,2,2,4,5,6,2,5,1,6,5,1,7,6,8","0.00039982795715332","louvain","graph_2024M08.graphml"
"0.7","0.24","0.06","0.219490612496153","1,2,3,2,2,4,5,6,2,5,1,6,5,1,7,6,8","0.000407934188842773","louvain","graph_2024M08.graphml"
"0.69","0.25","0.06","0.214328922495274","1,2,3,2,2,4,5,6,2,5,1,6,5,1,7,6,8","0.00042414665222168","louvain","graph_2024M08.graphml"
"0.68","0.26","0.06","0.220805802930193","1,2,3,2,2,4,5,6,2,5,1,6,6,1,7,6,8","0.000416994094848633","louvain","graph_2024M08.graphml"
"0.67","0.27","0.06","0.215768660405339","1,2,3,2,2,4,5,6,2,5,1,6,6,1,7,6,8","0.000480175018310547","louvain","graph_2024M08.graphml"
"0.66","0.28","0.06","0.221882558452029","1,2,3,4,4,5,2,6,4,2,1,6,6,1,7,6,8","0.000428915023803711","louvain","graph_2024M08.graphml"
"0.65","0.29","0.06","0.218157181571816","1,2,3,4,4,5,2,6,4,2,1,6,6,1,7,6,8","0.000410795211791992","louvain","graph_2024M08.graphml"
"0.64","0.3","0.06","0.20944","1,2,3,4,4,5,2,6,4,2,1,6,6,1,7,6,8","0.000432968139648438","louvain","graph_2024M08.graphml"
"0.63","0.31","0.06","0.20068359375","1,2,3,2,2,4,5,6,2,5,1,5,6,1,7,6,8","0.000403881072998047","louvain","graph_2024M08.graphml"
"0.62","0.32","0.06","0.204074274382549","1,2,3,2,2,4,5,5,2,5,1,5,5,1,6,5,7","0.000420093536376953","louvain","graph_2024M08.graphml"
"0.61","0.33","0.06","0.210177514792899","1,2,3,4,4,5,2,2,4,2,1,2,2,1,6,2,7","0.000444889068603516","louvain","graph_2024M08.graphml"
"0.6","0.34","0.06","0.198739329526825","1,2,3,4,4,5,2,6,4,2,1,2,6,1,7,6,8","0.000426054000854492","louvain","graph_2024M08.graphml"
"0.59","0.35","0.06","0.207873799725652","1,2,3,4,4,5,2,6,4,2,1,2,6,1,7,6,8","0.00042414665222168","louvain","graph_2024M08.graphml"
"0.58","0.36","0.06","0.205471539592523","1,2,3,1,2,4,5,6,2,5,1,5,6,1,7,6,8","0.000442028045654297","louvain","graph_2024M08.graphml"
"0.57","0.37","0.06","0.203483256560219","1,2,3,1,1,4,5,6,2,5,1,5,6,1,7,6,8","0.000437021255493164","louvain","graph_2024M08.graphml"
"0.56","0.38","0.06","0.208086734693878","1,2,3,1,1,4,2,5,6,2,1,7,5,1,8,5,9","0.000422000885009766","louvain","graph_2024M08.graphml"
"0.55","0.39","0.06","0.206605832176155","1,2,1,1,1,3,2,4,5,2,1,6,4,1,7,4,8","0.000430107116699219","louvain","graph_2024M08.graphml"
"0.54","0.4","0.06","0.207714378268314","1,2,1,1,1,3,4,4,5,2,1,6,4,4,7,4,8","0.000442981719970703","louvain","graph_2024M08.graphml"
"0.53","0.41","0.06","0.203981008035062","1,2,1,1,1,3,4,5,2,4,1,4,5,5,6,5,7","0.000428199768066406","louvain","graph_2024M08.graphml"
"0.52","0.42","0.06","0.204437545653762","1,2,1,1,1,3,2,4,5,2,1,6,4,4,7,4,8","0.000458002090454102","louvain","graph_2024M08.graphml"
"0.51","0.43","0.06","0.206392832409972","1,2,1,1,1,3,4,5,2,4,1,4,5,5,6,5,7","0.000429868698120117","louvain","graph_2024M08.graphml"
"0.5","0.44","0.06","0.208150615618148","1,2,1,1,1,3,4,4,2,5,1,6,4,1,7,4,8","0.000458002090454102","louvain","graph_2024M08.graphml"
"0.49","0.45","0.06","0.209997534516765","1,2,1,1,1,3,4,5,2,4,1,4,5,1,6,5,7","0.000608921051025391","louvain","graph_2024M08.graphml"
"0.48","0.46","0.06","0.208081463751065","1,2,1,1,1,3,4,5,2,4,1,4,5,1,6,5,7","0.000440120697021484","louvain","graph_2024M08.graphml"
"0.47","0.47","0.06","0.208081463751065","1,2,1,1,1,3,4,5,2,4,1,4,5,1,6,5,7","0.00041508674621582","louvain","graph_2024M08.graphml"
"0.46","0.48","0.06","0.20896090370133","1,2,1,1,1,3,4,4,2,4,1,4,4,1,5,2,6","0.000412225723266602","louvain","graph_2024M08.graphml"
"0.45","0.49","0.06","0.206815394960642","1,2,1,1,1,3,4,5,2,4,1,4,5,1,6,5,7","0.000425815582275391","louvain","graph_2024M08.graphml"
"0.44","0.5","0.06","0.206815394960642","1,2,1,1,1,3,4,5,2,4,1,4,5,1,6,5,7","0.000426054000854492","louvain","graph_2024M08.graphml"
"0.43","0.51","0.06","0.20330078125","1,2,1,1,1,3,4,5,2,4,1,4,5,1,6,5,7","0.000418901443481445","louvain","graph_2024M08.graphml"
"0.42","0.52","0.06","0.205142548512789","1,2,1,1,1,3,4,5,2,4,1,4,5,1,6,5,7","0.000432014465332031","louvain","graph_2024M08.graphml"
"0.41","0.53","0.06","0.206048402273326","1,2,1,1,1,3,4,4,2,2,1,5,4,1,6,4,7","0.0004119873046875","louvain","graph_2024M08.graphml"
"0.4","0.54","0.06","0.200826446280992","1,2,1,1,1,3,4,5,2,4,1,4,5,1,6,5,7","0.000380992889404297","louvain","graph_2024M08.graphml"
"0.39","0.55","0.06","0.199485312138931","1,2,1,1,3,4,5,5,2,3,1,5,6,1,7,3,8","0.000456094741821289","louvain","graph_2024M08.graphml"
"0.38","0.56","0.06","0.201228373702422","1,2,1,1,3,4,5,5,2,3,1,5,6,1,7,3,8","0.00043487548828125","louvain","graph_2024M08.graphml"
"0.37","0.57","0.06","0.201228373702422","1,2,1,1,3,4,5,5,2,3,1,5,6,1,7,3,8","0.000516891479492188","louvain","graph_2024M08.graphml"
"0.36","0.58","0.06","0.198368728839643","1,2,1,1,3,4,5,6,2,3,1,5,6,1,7,6,8","0.000474929809570312","louvain","graph_2024M08.graphml"
"0.35","0.59","0.06","0.19939468554427","1,2,1,1,3,4,5,5,2,3,1,5,6,1,7,3,8","0.000517845153808594","louvain","graph_2024M08.graphml"
"0.34","0.6","0.06","0.199762187871582","1,2,1,1,3,4,5,5,2,3,1,5,6,1,7,3,8","0.000430107116699219","louvain","graph_2024M08.graphml"
"0.33","0.61","0.06","0.199762187871581","1,2,1,1,3,4,5,5,2,3,1,5,5,1,6,3,7","0.000419139862060547","louvain","graph_2024M08.graphml"
"0.32","0.62","0.06","0.194037319214876","1,2,1,1,3,4,5,5,2,3,1,5,5,1,6,3,7","0.000425100326538086","louvain","graph_2024M08.graphml"
"0.31","0.63","0.06","0.195124996098749","1,2,1,1,3,4,3,5,2,3,1,5,6,1,7,5,8","0.000504016876220703","louvain","graph_2024M08.graphml"
"0.3","0.64","0.06","0.205470452984562","1,2,1,1,3,4,3,5,2,3,1,5,5,1,6,3,7","0.000414133071899414","louvain","graph_2024M08.graphml"
"0.29","0.65","0.06","0.209367254919526","1,2,1,1,3,4,5,5,2,5,1,5,3,1,6,5,7","0.000467061996459961","louvain","graph_2024M08.graphml"
"0.28","0.66","0.06","0.206698960302457","1,2,1,1,3,4,5,5,2,5,1,5,3,1,6,5,7","0.000467061996459961","louvain","graph_2024M08.graphml"
"0.27","0.67","0.06","0.206296566837107","1,2,3,1,3,4,5,5,2,5,1,5,3,1,6,5,7","0.000453948974609375","louvain","graph_2024M08.graphml"
"0.26","0.68","0.06","0.202708112899997","1,2,3,1,4,5,4,6,2,4,1,6,3,1,7,4,8","0.000441074371337891","louvain","graph_2024M08.graphml"
"0.25","0.69","0.06","0.204711514235324","1,2,3,1,3,4,5,5,2,5,1,5,3,1,6,5,7","0.000438928604125977","louvain","graph_2024M08.graphml"
"0.24","0.7","0.06","0.202327579263873","1,2,3,1,1,4,5,5,2,5,5,6,3,1,7,5,8","0.000442028045654297","louvain","graph_2024M08.graphml"
"0.23","0.71","0.06","0.196068376068376","1,2,3,1,1,4,5,5,2,5,5,5,3,1,6,5,7","0.000471115112304688","louvain","graph_2024M08.graphml"
"0.22","0.72","0.06","0.193972553821039","1,2,3,1,3,4,5,5,2,5,5,6,3,1,7,5,8","0.00045013427734375","louvain","graph_2024M08.graphml"
"0.21","0.73","0.06","0.1969625","1,2,3,1,1,4,5,5,2,5,5,6,3,1,7,5,8","0.000446081161499023","louvain","graph_2024M08.graphml"
"0.2","0.74","0.06","0.203082288622867","1,2,3,1,4,5,4,4,2,4,4,6,3,1,7,4,8","0.000458955764770508","louvain","graph_2024M08.graphml"
"0.19","0.75","0.06","0.199253420857988","1,2,3,1,4,5,4,4,2,4,4,6,3,1,7,4,8","0.000432968139648438","louvain","graph_2024M08.graphml"
"0.18","0.76","0.06","0.197465717359951","1,2,3,1,4,5,4,4,2,4,4,4,3,1,6,3,7","0.000461101531982422","louvain","graph_2024M08.graphml"
"0.17","0.77","0.06","0.201623952741403","1,2,3,1,4,5,4,4,2,4,4,6,3,1,7,3,8","0.000450849533081055","louvain","graph_2024M08.graphml"
"0.16","0.78","0.06","0.193866955110871","1,2,3,1,4,5,4,4,2,4,4,4,3,1,6,3,7","0.000467061996459961","louvain","graph_2024M08.graphml"
"0.15","0.79","0.06","0.196330589849108","1,2,3,1,2,4,2,2,5,2,2,6,3,1,7,3,8","0.000459909439086914","louvain","graph_2024M08.graphml"
"0.14","0.8","0.06","0.200319838397441","1,2,3,1,2,4,2,2,5,2,2,6,3,1,7,3,8","0.000451087951660156","louvain","graph_2024M08.graphml"
"0.13","0.81","0.06","0.191539256198347","1,2,3,1,2,4,5,5,2,6,5,5,3,6,7,3,8","0.00043797492980957","louvain","graph_2024M08.graphml"
"0.12","0.82","0.06","0.195706476116378","1,2,3,1,2,4,2,2,5,2,2,6,3,1,7,3,8","0.000530004501342773","louvain","graph_2024M08.graphml"
"0.11","0.83","0.06","0.195706476116378","1,2,3,1,2,4,2,2,5,2,2,6,3,1,7,3,8","0.000531911849975586","louvain","graph_2024M08.graphml"
"0.1","0.84","0.06","0.199288888888889","1,2,3,1,2,1,4,4,2,5,4,4,3,5,6,3,7","0.000427961349487305","louvain","graph_2024M08.graphml"
"0.09","0.85","0.06","0.203720235207359","1,2,3,1,4,1,4,4,2,4,4,3,3,1,5,4,6","0.00044703483581543","louvain","graph_2024M08.graphml"
"0.08","0.86","0.06","0.203504924592182","1,2,3,1,2,1,2,2,3,2,2,4,5,1,6,5,7","0.000447988510131836","louvain","graph_2024M08.graphml"
"0.07","0.87","0.06","0.199981096408318","1,2,3,1,2,1,2,2,3,2,2,4,5,1,6,5,7","0.000473976135253906","louvain","graph_2024M08.graphml"
"0.06","0.88","0.06","0.198502459061688","1,2,3,1,2,1,2,2,3,2,2,4,5,1,6,5,7","0.000447988510131836","louvain","graph_2024M08.graphml"
"0.05","0.89","0.06","0.198041960618173","1,2,3,1,4,1,4,4,3,4,4,5,2,1,6,4,7","0.000470876693725586","louvain","graph_2024M08.graphml"
"0.04","0.9","0.06","0.191638537776501","1,2,3,1,4,1,4,4,2,4,4,5,3,1,6,4,7","0.000440120697021484","louvain","graph_2024M08.graphml"
"0.03","0.91","0.06","0.191638537776501","1,2,3,1,4,1,2,2,4,2,2,5,3,1,6,2,7","0.000478029251098633","louvain","graph_2024M08.graphml"
"0.02","0.92","0.06","0.193834677491143","1,2,3,1,2,1,2,2,3,2,2,4,5,1,6,5,7","0.000458955764770508","louvain","graph_2024M08.graphml"
"0.01","0.93","0.06","0.189431207436845","1,2,3,1,2,1,4,4,2,5,4,4,3,5,6,3,7","0.00046992301940918","louvain","graph_2024M08.graphml"
"0","0.94","0.06","0.194860474802166","1,2,3,1,4,1,5,5,2,5,5,4,3,1,6,5,7","0.000476837158203125","louvain","graph_2024M08.graphml"
"0.93","0","0.07","0.234641300039635","1,2,3,1,4,5,4,4,2,6,4,7,4,1,8,4,9","0.000422954559326172","louvain","graph_2024M08.graphml"
"0.92","0.01","0.07","0.218753773698829","1,2,3,1,4,5,4,4,2,6,4,7,4,1,8,4,9","0.000416040420532227","louvain","graph_2024M08.graphml"
"0.91","0.02","0.07","0.223347668628339","1,2,3,1,4,5,4,4,2,4,1,6,4,1,7,2,8","0.000425815582275391","louvain","graph_2024M08.graphml"
"0.9","0.03","0.07","0.223795572916667","1,2,3,1,4,5,4,6,2,4,4,6,4,1,7,2,8","0.000402927398681641","louvain","graph_2024M08.graphml"
"0.89","0.04","0.07","0.224093952598576","1,2,3,1,2,4,5,5,2,5,1,6,5,1,7,2,8","0.000406980514526367","louvain","graph_2024M08.graphml"
"0.88","0.05","0.07","0.227665556018326","1,2,3,1,2,4,5,5,2,5,1,6,5,1,7,2,8","0.000418901443481445","louvain","graph_2024M08.graphml"
"0.87","0.06","0.07","0.21635","1,2,3,1,2,4,5,5,2,5,1,6,5,1,7,2,8","0.000474929809570312","louvain","graph_2024M08.graphml"
"0.86","0.07","0.07","0.223066366042545","1,2,3,1,2,4,5,5,2,5,1,6,5,1,7,2,8","0.000425100326538086","louvain","graph_2024M08.graphml"
"0.85","0.08","0.07","0.223066366042545","1,2,3,1,2,4,5,5,2,5,1,6,5,1,7,2,8","0.000405073165893555","louvain","graph_2024M08.graphml"
"0.84","0.09","0.07","0.226595540176855","1,2,3,1,2,4,5,5,2,5,5,6,5,1,7,2,8","0.000421047210693359","louvain","graph_2024M08.graphml"
"0.83","0.1","0.07","0.221839947214629","1,2,3,1,2,4,5,5,2,5,5,6,5,1,7,2,8","0.000406026840209961","louvain","graph_2024M08.graphml"
"0.82","0.11","0.07","0.221839947214629","1,2,3,1,2,4,5,5,2,5,5,6,5,1,7,2,8","0.000432014465332031","louvain","graph_2024M08.graphml"
"0.81","0.12","0.07","0.224716553287982","1,2,3,1,2,4,5,6,2,5,5,6,5,1,7,6,8","0.000416040420532227","louvain","graph_2024M08.graphml"
"0.8","0.13","0.07","0.225094307270233","1,2,3,1,2,4,5,6,2,5,1,6,5,1,7,6,8","0.000430822372436523","louvain","graph_2024M08.graphml"
"0.79","0.14","0.07","0.217594068877551","1,2,3,2,2,4,5,5,2,5,1,6,5,1,7,5,8","0.000399112701416016","louvain","graph_2024M08.graphml"
"0.78","0.15","0.07","0.216265956613674","1,2,3,2,2,4,5,5,2,6,1,5,5,1,7,5,8","0.000428915023803711","louvain","graph_2024M08.graphml"
"0.77","0.16","0.07","0.209179747614651","1,2,3,2,2,4,5,5,2,5,1,6,5,1,7,5,8","0.000425100326538086","louvain","graph_2024M08.graphml"
"0.76","0.17","0.07","0.219753269916766","1,2,3,2,2,4,5,5,2,6,1,5,5,1,7,5,8","0.000427007675170898","louvain","graph_2024M08.graphml"
"0.75","0.18","0.07","0.214369201548689","1,2,3,2,2,4,5,5,2,6,1,5,5,1,7,5,8","0.000411033630371094","louvain","graph_2024M08.graphml"
"0.74","0.19","0.07","0.214369201548689","1,2,3,2,2,4,5,5,2,6,1,5,5,1,7,5,8","0.0004119873046875","louvain","graph_2024M08.graphml"
"0.73","0.2","0.07","0.215768660405339","1,2,3,2,2,4,5,6,2,5,1,6,6,1,7,6,8","0.000416040420532227","louvain","graph_2024M08.graphml"
"0.72","0.21","0.07","0.214944334403388","1,2,3,2,2,4,5,6,2,5,1,6,6,1,7,6,8","0.000427961349487305","louvain","graph_2024M08.graphml"
"0.71","0.22","0.07","0.205593348450491","1,2,3,4,4,5,2,6,4,2,1,6,6,1,7,6,8","0.000428199768066406","louvain","graph_2024M08.graphml"
"0.7","0.23","0.07","0.205593348450491","1,2,3,4,4,5,2,6,4,2,1,6,6,1,7,6,8","0.000535964965820312","louvain","graph_2024M08.graphml"
"0.69","0.24","0.07","0.205593348450491","1,2,3,4,4,5,2,6,4,2,1,6,6,1,7,6,8","0.000441074371337891","louvain","graph_2024M08.graphml"
"0.68","0.25","0.07","0.196346366761844","1,2,3,4,4,5,2,6,4,2,1,2,6,1,7,6,8","0.00067901611328125","louvain","graph_2024M08.graphml"
"0.67","0.26","0.07","0.193554866850321","1,2,3,4,4,5,2,6,4,2,1,2,6,1,7,6,8","0.0004119873046875","louvain","graph_2024M08.graphml"
"0.66","0.27","0.07","0.198739329526825","1,2,3,4,4,5,2,6,4,2,1,2,6,1,7,6,8","0.000417947769165039","louvain","graph_2024M08.graphml"
"0.65","0.28","0.07","0.195115838716863","1,2,3,4,4,5,2,6,4,2,1,2,6,1,7,6,8","0.000427961349487305","louvain","graph_2024M08.graphml"
"0.64","0.29","0.07","0.194149928072886","1,2,3,1,1,4,5,5,2,5,1,5,5,1,6,5,7","0.000756978988647461","louvain","graph_2024M08.graphml"
"0.63","0.3","0.07","0.194149928072886","1,2,3,1,1,4,5,5,2,5,1,5,5,1,6,5,7","0.000432014465332031","louvain","graph_2024M08.graphml"
"0.62","0.31","0.07","0.194155223580303","1,2,1,1,1,3,4,4,5,2,1,4,4,4,6,4,7","0.000413894653320312","louvain","graph_2024M08.graphml"
"0.61","0.32","0.07","0.204533229008754","1,2,1,1,1,3,2,4,5,2,1,6,4,4,7,4,8","0.00042414665222168","louvain","graph_2024M08.graphml"
"0.6","0.33","0.07","0.203063426534059","1,2,1,1,1,3,2,4,5,2,1,6,4,4,7,4,8","0.000413179397583008","louvain","graph_2024M08.graphml"
"0.59","0.34","0.07","0.199731593317599","1,2,1,1,1,3,2,4,5,2,1,6,4,4,7,4,8","0.000430107116699219","louvain","graph_2024M08.graphml"
"0.58","0.35","0.07","0.193617404621413","1,2,1,1,1,3,2,4,5,2,1,6,4,4,7,4,8","0.000438928604125977","louvain","graph_2024M08.graphml"
"0.57","0.36","0.07","0.197000519390582","1,2,1,1,1,3,2,2,4,2,1,5,2,1,6,2,7","0.000430107116699219","louvain","graph_2024M08.graphml"
"0.56","0.37","0.07","0.206472424557752","1,2,1,1,1,3,4,4,2,4,1,4,4,1,5,4,6","0.000447988510131836","louvain","graph_2024M08.graphml"
"0.55","0.38","0.07","0.20888657648283","1,2,1,1,1,3,4,4,2,4,1,5,4,1,6,4,7","0.000473976135253906","louvain","graph_2024M08.graphml"
"0.54","0.39","0.07","0.204635108481262","1,2,1,1,1,3,4,4,2,2,1,4,4,1,5,4,6","0.000440120697021484","louvain","graph_2024M08.graphml"
"0.53","0.4","0.07","0.2060322156476","1,2,1,1,1,3,4,4,2,4,1,5,4,1,6,4,7","0.000563144683837891","louvain","graph_2024M08.graphml"
"0.52","0.41","0.07","0.209982374619452","1,2,1,1,1,3,4,5,2,4,1,4,5,1,6,5,7","0.00043797492980957","louvain","graph_2024M08.graphml"
"0.51","0.42","0.07","0.206815394960642","1,2,1,1,1,3,4,5,2,4,1,4,5,1,6,5,7","0.000438928604125977","louvain","graph_2024M08.graphml"
"0.5","0.43","0.07","0.20330078125","1,2,1,1,1,3,4,5,2,4,1,4,5,1,6,5,7","0.000431060791015625","louvain","graph_2024M08.graphml"
"0.49","0.44","0.07","0.199818679834883","1,2,1,1,1,3,4,5,2,4,1,4,5,1,6,5,7","0.000525951385498047","louvain","graph_2024M08.graphml"
"0.48","0.45","0.07","0.201665142508764","1,2,1,1,1,3,4,5,2,4,1,4,5,1,6,5,7","0.000441074371337891","louvain","graph_2024M08.graphml"
"0.47","0.46","0.07","0.196516210588935","1,2,1,1,1,3,4,5,2,4,1,4,5,1,6,5,7","0.000401020050048828","louvain","graph_2024M08.graphml"
"0.46","0.47","0.07","0.193553719008264","1,2,1,1,1,3,4,5,2,4,1,4,5,1,6,5,7","0.000425100326538086","louvain","graph_2024M08.graphml"
"0.45","0.48","0.07","0.200520833333333","1,2,1,1,1,3,4,4,2,4,1,5,4,1,6,4,7","0.000429153442382812","louvain","graph_2024M08.graphml"
"0.44","0.49","0.07","0.200916955017301","1,2,1,1,3,4,5,5,2,3,1,5,5,1,6,3,7","0.000413894653320312","louvain","graph_2024M08.graphml"
"0.43","0.5","0.07","0.198539721623747","1,2,1,1,3,4,5,5,2,3,1,6,5,1,7,3,8","0.000432968139648438","louvain","graph_2024M08.graphml"
"0.42","0.51","0.07","0.199516630611141","1,2,1,1,2,3,4,4,2,2,1,5,4,1,6,2,7","0.000475883483886719","louvain","graph_2024M08.graphml"
"0.41","0.52","0.07","0.200488836041749","1,2,1,1,3,4,5,5,2,3,1,6,5,1,7,3,8","0.000431060791015625","louvain","graph_2024M08.graphml"
"0.4","0.53","0.07","0.195505761435092","1,2,3,1,4,5,3,3,2,4,1,6,3,1,7,3,8","0.000447988510131836","louvain","graph_2024M08.graphml"
"0.39","0.54","0.07","0.19386756722636","1,2,3,1,4,5,3,3,2,4,1,6,3,1,7,4,8","0.000435113906860352","louvain","graph_2024M08.graphml"
"0.38","0.55","0.07","0.191208139571174","1,2,3,1,4,5,3,3,2,4,1,3,3,1,6,4,7","0.000442981719970703","louvain","graph_2024M08.graphml"
"0.37","0.56","0.07","0.193163580246914","1,2,3,1,4,5,3,3,2,4,1,3,3,1,6,4,7","0.000432968139648438","louvain","graph_2024M08.graphml"
"0.36","0.57","0.07","0.19076035530051","1,2,3,1,4,5,3,3,2,4,1,6,3,1,7,4,8","0.000458955764770508","louvain","graph_2024M08.graphml"
"0.35","0.58","0.07","0.20036523009496","1,2,3,1,3,4,5,5,2,5,1,5,3,1,6,5,7","0.000440835952758789","louvain","graph_2024M08.graphml"
"0.34","0.59","0.07","0.197306046941843","1,2,3,1,3,4,5,5,2,5,1,5,3,1,6,5,7","0.000425100326538086","louvain","graph_2024M08.graphml"
"0.33","0.6","0.07","0.201123245812585","1,2,3,1,4,5,4,6,2,4,1,6,3,1,7,4,8","0.000420093536376953","louvain","graph_2024M08.graphml"
"0.32","0.61","0.07","0.200470311581423","1,2,3,1,4,5,4,3,2,4,1,3,3,1,6,4,7","0.000468015670776367","louvain","graph_2024M08.graphml"
"0.31","0.62","0.07","0.195019325128149","1,2,3,1,3,4,5,5,2,5,1,5,3,1,6,5,7","0.000522851943969727","louvain","graph_2024M08.graphml"
"0.3","0.63","0.07","0.192422149006271","1,2,3,1,3,4,5,5,2,5,1,5,3,1,6,5,7","0.000431060791015625","louvain","graph_2024M08.graphml"
"0.29","0.64","0.07","0.191261453561016","1,2,3,1,3,4,5,5,2,5,1,5,3,1,6,5,7","0.000456094741821289","louvain","graph_2024M08.graphml"
"0.28","0.65","0.07","0.184717557637433","1,2,3,1,3,4,5,5,2,5,1,5,3,1,6,5,7","0.000542879104614258","louvain","graph_2024M08.graphml"
"0.27","0.66","0.07","0.184537511447736","1,2,3,1,1,4,5,5,2,5,5,6,3,1,7,5,8","0.000449895858764648","louvain","graph_2024M08.graphml"
"0.26","0.67","0.07","0.184777597126841","1,2,3,1,1,4,5,5,2,5,5,5,3,1,6,3,7","0.000440835952758789","louvain","graph_2024M08.graphml"
"0.25","0.68","0.07","0.195506174003205","1,2,3,1,1,4,5,5,2,5,5,6,3,1,7,5,8","0.000463962554931641","louvain","graph_2024M08.graphml"
"0.24","0.69","0.07","0.187403628117914","1,2,3,1,4,5,6,4,2,6,6,4,3,1,7,3,8","0.000452041625976562","louvain","graph_2024M08.graphml"
"0.23","0.7","0.07","0.190704428334352","1,2,3,1,4,5,4,4,2,4,4,6,3,1,7,3,8","0.000473976135253906","louvain","graph_2024M08.graphml"
"0.22","0.71","0.07","0.186097039042711","1,2,3,1,4,5,6,6,2,4,6,6,3,4,7,3,8","0.000432014465332031","louvain","graph_2024M08.graphml"
"0.21","0.72","0.07","0.192794495529742","1,2,3,1,4,5,4,4,2,4,4,6,3,1,7,3,8","0.00046086311340332","louvain","graph_2024M08.graphml"
"0.2","0.73","0.07","0.19446008215008","1,2,3,1,4,5,4,4,2,4,4,6,3,1,7,3,8","0.000441074371337891","louvain","graph_2024M08.graphml"
"0.19","0.74","0.07","0.188387712036361","1,2,3,1,2,4,5,5,2,6,5,5,3,6,7,3,8","0.000486135482788086","louvain","graph_2024M08.graphml"
"0.18","0.75","0.07","0.188387712036361","1,2,3,1,2,4,5,5,2,6,5,5,3,6,7,3,8","0.000454902648925781","louvain","graph_2024M08.graphml"
"0.17","0.76","0.07","0.196478396045918","1,2,3,1,4,1,4,4,2,4,4,3,3,1,5,4,6","0.000464916229248047","louvain","graph_2024M08.graphml"
"0.16","0.77","0.07","0.189825147004599","1,2,2,1,3,1,4,4,3,5,4,4,2,5,6,3,7","0.000441074371337891","louvain","graph_2024M08.graphml"
"0.15","0.78","0.07","0.198051323484149","1,2,3,1,2,1,2,2,4,2,2,3,3,1,5,4,6","0.000442028045654297","louvain","graph_2024M08.graphml"
"0.14","0.79","0.07","0.19445179584121","1,2,3,1,2,1,2,2,3,2,2,4,5,1,6,5,7","0.000458002090454102","louvain","graph_2024M08.graphml"
"0.13","0.8","0.07","0.192589659046952","1,2,3,1,4,1,4,4,2,5,3,4,3,5,6,2,7","0.000442981719970703","louvain","graph_2024M08.graphml"
"0.12","0.81","0.07","0.192401608733123","1,2,3,1,4,1,2,2,4,2,2,5,3,1,6,2,7","0.000435113906860352","louvain","graph_2024M08.graphml"
"0.11","0.82","0.07","0.190594456016664","1,2,3,1,2,1,2,2,3,2,2,4,5,1,6,5,7","0.000505924224853516","louvain","graph_2024M08.graphml"
"0.1","0.83","0.07","0.190042550161121","1,2,3,1,4,1,4,4,2,4,4,5,3,1,6,4,7","0.000540018081665039","louvain","graph_2024M08.graphml"
"0.09","0.84","0.07","0.190490362563681","1,2,3,1,4,1,2,2,4,2,2,5,3,1,6,2,7","0.000464916229248047","louvain","graph_2024M08.graphml"
"0.08","0.85","0.07","0.185194586929501","1,2,3,1,2,1,4,4,2,5,4,4,3,5,6,3,7","0.000458002090454102","louvain","graph_2024M08.graphml"
"0.07","0.86","0.07","0.185412540127041","1,2,3,1,4,1,2,2,4,2,2,5,3,1,6,2,7","0.000615835189819336","louvain","graph_2024M08.graphml"
"0.06","0.87","0.07","0.185412540127041","1,2,3,1,2,1,2,2,4,2,2,5,3,1,6,4,7","0.000437021255493164","louvain","graph_2024M08.graphml"
"0.05","0.88","0.07","0.192011901664932","1,2,3,1,4,1,5,5,2,5,5,4,3,1,6,5,7","0.000469207763671875","louvain","graph_2024M08.graphml"
"0.04","0.89","0.07","0.194956532959146","1,2,3,1,4,1,5,5,2,5,5,4,3,1,6,5,7","0.00043797492980957","louvain","graph_2024M08.graphml"
"0.03","0.9","0.07","0.194956532959146","1,2,3,1,4,1,5,5,2,5,5,4,3,1,6,5,7","0.000554084777832031","louvain","graph_2024M08.graphml"
"0.02","0.91","0.07","0.190208490803729","1,2,3,1,4,1,5,5,2,5,5,4,3,1,6,5,7","0.000464916229248047","louvain","graph_2024M08.graphml"
"0.01","0.92","0.07","0.186384351012127","1,2,3,1,4,1,4,4,2,5,1,4,3,1,6,3,7","0.000483036041259766","louvain","graph_2024M08.graphml"
"0","0.93","0.07","0.186384351012127","1,2,3,1,4,1,4,4,2,5,1,4,3,1,6,3,7","0.000471115112304688","louvain","graph_2024M08.graphml"
"0.92","0","0.08","0.21635","1,2,3,1,2,4,5,5,2,5,1,6,5,1,7,2,8","0.000420093536376953","louvain","graph_2024M08.graphml"
"0.91","0.01","0.08","0.230040531624093","1,2,3,1,2,4,5,5,2,5,1,6,5,1,7,2,8","0.000430822372436523","louvain","graph_2024M08.graphml"
"0.9","0.02","0.08","0.225268121301775","1,2,3,1,2,4,5,5,2,5,5,6,5,1,7,2,8","0.000403881072998047","louvain","graph_2024M08.graphml"
"0.89","0.03","0.08","0.225268121301775","1,2,3,1,2,4,5,5,2,5,1,6,5,1,7,2,8","0.000427007675170898","louvain","graph_2024M08.graphml"
"0.88","0.04","0.08","0.225268121301775","1,2,3,1,2,4,5,5,2,5,1,6,5,1,7,2,8","0.000409841537475586","louvain","graph_2024M08.graphml"
"0.87","0.05","0.08","0.228707482993197","1,2,3,1,2,4,5,5,2,5,5,6,5,1,7,2,8","0.000396013259887695","louvain","graph_2024M08.graphml"
"0.86","0.06","0.08","0.214090909090909","1,2,3,1,2,4,5,5,2,5,1,6,5,1,7,2,8","0.000411033630371094","louvain","graph_2024M08.graphml"
"0.85","0.07","0.08","0.207298927089044","1,2,3,2,2,4,5,5,2,6,1,5,5,1,7,5,8","0.000962972640991211","louvain","graph_2024M08.graphml"
"0.84","0.08","0.08","0.210757156048015","1,2,3,2,2,4,5,5,2,6,1,5,5,1,7,5,8","0.000396966934204102","louvain","graph_2024M08.graphml"
"0.83","0.09","0.08","0.209794887039239","1,2,3,2,2,4,5,6,2,5,1,6,5,1,7,6,8","0.000430107116699219","louvain","graph_2024M08.graphml"
"0.82","0.1","0.08","0.20998612024253","1,2,3,2,2,4,5,5,2,5,1,6,5,1,7,1,8","0.000495195388793945","louvain","graph_2024M08.graphml"
"0.81","0.11","0.08","0.217645791439242","1,2,3,2,2,4,5,5,2,6,1,5,5,1,7,5,8","0.000403165817260742","louvain","graph_2024M08.graphml"
"0.8","0.12","0.08","0.21599396725079","1,2,3,2,2,4,5,5,2,5,1,6,5,1,7,1,8","0.000403881072998047","louvain","graph_2024M08.graphml"
"0.79","0.13","0.08","0.212690390000683","1,2,3,2,2,4,5,5,2,5,1,5,5,1,6,1,7","0.000416040420532227","louvain","graph_2024M08.graphml"
"0.78","0.14","0.08","0.204441987513007","1,2,3,2,2,4,5,5,2,6,1,6,5,1,7,5,8","0.000377893447875977","louvain","graph_2024M08.graphml"
"0.77","0.15","0.08","0.198286722096246","1,2,3,2,2,4,5,5,2,6,1,6,5,1,7,5,8","0.000447988510131836","louvain","graph_2024M08.graphml"
"0.76","0.16","0.08","0.192657470703125","1,2,3,4,4,5,2,6,4,2,1,6,2,1,7,6,8","0.000399112701416016","louvain","graph_2024M08.graphml"
"0.75","0.17","0.08","0.196983354365723","1,2,3,4,4,5,6,6,4,2,1,7,6,1,8,6,9","0.000439882278442383","louvain","graph_2024M08.graphml"
"0.74","0.18","0.08","0.197278713361692","1,2,3,4,4,5,6,6,4,2,1,7,6,1,8,6,9","0.0004119873046875","louvain","graph_2024M08.graphml"
"0.73","0.19","0.08","0.194838600260049","1,2,3,4,4,5,2,2,4,2,1,6,2,1,7,1,8","0.000514984130859375","louvain","graph_2024M08.graphml"
"0.72","0.2","0.08","0.191495878814881","1,2,3,4,4,5,2,2,4,2,1,6,2,1,7,2,8","0.000428915023803711","louvain","graph_2024M08.graphml"
"0.71","0.21","0.08","0.196177273682","1,2,3,1,1,4,2,2,5,2,1,2,2,1,6,2,7","0.000427961349487305","louvain","graph_2024M08.graphml"
"0.7","0.22","0.08","0.189005102040816","1,2,3,1,1,4,2,2,5,2,1,2,2,1,6,5,7","0.000416040420532227","louvain","graph_2024M08.graphml"
"0.69","0.23","0.08","0.190609124289523","1,2,1,1,1,3,4,4,5,2,1,6,4,4,7,4,8","0.000426054000854492","louvain","graph_2024M08.graphml"
"0.68","0.24","0.08","0.197083911922238","1,2,1,1,1,3,4,4,5,2,1,4,4,4,6,4,7","0.000448942184448242","louvain","graph_2024M08.graphml"
"0.67","0.25","0.08","0.196349344135802","1,2,1,1,1,3,4,4,5,2,1,4,4,4,6,4,7","0.000439167022705078","louvain","graph_2024M08.graphml"
"0.66","0.26","0.08","0.184464024835646","1,2,1,1,1,3,4,4,5,2,1,4,4,4,6,4,7","0.000416994094848633","louvain","graph_2024M08.graphml"
"0.65","0.27","0.08","0.187431519357195","1,2,1,1,1,3,2,2,4,2,1,5,2,2,6,2,7","0.000441074371337891","louvain","graph_2024M08.graphml"
"0.64","0.28","0.08","0.1902","1,2,1,1,1,3,2,4,5,2,1,4,2,1,6,4,7","0.000445127487182617","louvain","graph_2024M08.graphml"
"0.63","0.29","0.08","0.197130367036011","1,2,1,1,1,3,2,2,4,2,1,5,2,1,6,2,7","0.000441074371337891","louvain","graph_2024M08.graphml"
"0.62","0.3","0.08","0.197130367036011","1,2,1,1,1,3,2,2,4,2,1,5,2,1,6,2,7","0.000516891479492188","louvain","graph_2024M08.graphml"
"0.61","0.31","0.08","0.207970863683663","1,2,1,1,1,3,4,5,2,4,1,4,4,1,6,5,7","0.00041508674621582","louvain","graph_2024M08.graphml"
"0.6","0.32","0.08","0.209217412471094","1,2,1,1,1,3,4,4,2,2,1,5,4,1,6,4,7","0.000453948974609375","louvain","graph_2024M08.graphml"
"0.59","0.33","0.08","0.211344335843615","1,2,1,1,1,3,4,4,2,2,1,5,4,1,6,4,7","0.000576019287109375","louvain","graph_2024M08.graphml"
"0.58","0.34","0.08","0.207646058304656","1,2,1,1,1,3,4,4,2,2,1,5,4,1,6,4,7","0.000432014465332031","louvain","graph_2024M08.graphml"
"0.57","0.35","0.08","0.200358782454381","1,2,1,1,1,3,4,4,2,2,1,5,4,1,6,4,7","0.000435113906860352","louvain","graph_2024M08.graphml"
"0.56","0.36","0.08","0.200358782454381","1,2,1,1,1,3,4,4,2,2,1,5,4,1,6,4,7","0.000444889068603516","louvain","graph_2024M08.graphml"
"0.55","0.37","0.08","0.202204788816181","1,2,1,1,1,3,4,4,2,2,1,5,4,1,6,4,7","0.000523805618286133","louvain","graph_2024M08.graphml"
"0.54","0.38","0.08","0.199449035812672","1,2,1,1,1,3,4,4,2,2,1,5,4,1,6,4,7","0.000447988510131836","louvain","graph_2024M08.graphml"
"0.53","0.39","0.08","0.193678511240991","1,2,3,1,1,4,3,3,2,2,1,5,3,1,6,3,7","0.000472068786621094","louvain","graph_2024M08.graphml"
"0.52","0.4","0.08","0.193678511240991","1,2,3,1,1,4,3,3,2,2,1,5,3,1,6,3,7","0.000674962997436523","louvain","graph_2024M08.graphml"
"0.51","0.41","0.08","0.194566016596058","1,2,3,1,1,4,3,3,2,5,1,6,3,1,7,5,8","0.000428199768066406","louvain","graph_2024M08.graphml"
"0.5","0.42","0.08","0.196035018929151","1,2,3,1,4,5,3,3,2,4,1,6,3,1,7,4,8","0.000452041625976562","louvain","graph_2024M08.graphml"
"0.49","0.43","0.08","0.196035018929151","1,2,3,1,4,5,3,3,2,4,1,6,3,1,7,4,8","0.000458002090454102","louvain","graph_2024M08.graphml"
"0.48","0.44","0.08","0.193274081994053","1,2,3,1,4,5,3,3,2,4,1,6,3,1,7,4,8","0.000431060791015625","louvain","graph_2024M08.graphml"
"0.47","0.45","0.08","0.19105301797057","1,2,3,1,4,5,3,3,2,4,1,6,3,1,7,4,8","0.000428915023803711","louvain","graph_2024M08.graphml"
"0.46","0.46","0.08","0.19105301797057","1,2,3,1,4,5,3,3,2,4,1,6,3,1,7,4,8","0.000422000885009766","louvain","graph_2024M08.graphml"
"0.45","0.47","0.08","0.196607471676914","1,2,3,1,4,5,3,3,2,4,1,6,3,1,7,4,8","0.000448942184448242","louvain","graph_2024M08.graphml"
"0.44","0.48","0.08","0.191706602362565","1,2,3,1,4,5,3,3,2,4,1,6,3,1,7,4,8","0.000433921813964844","louvain","graph_2024M08.graphml"
"0.43","0.49","0.08","0.193530370728173","1,2,3,1,4,5,3,3,2,4,1,6,3,1,7,4,8","0.000454902648925781","louvain","graph_2024M08.graphml"
"0.42","0.5","0.08","0.193530370728173","1,2,3,1,4,5,3,3,2,4,1,6,3,1,7,4,8","0.000433921813964844","louvain","graph_2024M08.graphml"
"0.41","0.51","0.08","0.191689808593867","1,2,3,1,4,5,3,3,2,4,1,6,3,1,7,4,8","0.000424861907958984","louvain","graph_2024M08.graphml"
"0.4","0.52","0.08","0.196106486298994","1,2,3,1,4,5,3,3,2,4,1,3,3,1,6,3,7","0.000438928604125977","louvain","graph_2024M08.graphml"
"0.39","0.53","0.08","0.195165308921923","1,2,3,1,4,5,4,3,2,4,1,3,3,1,6,4,7","0.000523090362548828","louvain","graph_2024M08.graphml"
"0.38","0.54","0.08","0.189756311504619","1,2,3,1,4,5,4,3,2,4,1,3,3,1,6,4,7","0.000432968139648438","louvain","graph_2024M08.graphml"
"0.37","0.55","0.08","0.187323676215278","1,2,3,1,4,5,4,3,2,4,1,3,3,1,6,4,7","0.0004119873046875","louvain","graph_2024M08.graphml"
"0.36","0.56","0.08","0.183588821176407","1,2,3,1,3,4,5,6,2,5,1,6,3,1,7,5,8","0.000441789627075195","louvain","graph_2024M08.graphml"
"0.35","0.57","0.08","0.189930170836662","1,2,3,1,3,4,5,5,2,5,1,5,3,1,6,5,7","0.000423908233642578","louvain","graph_2024M08.graphml"
"0.34","0.58","0.08","0.186232670892149","1,2,3,1,3,4,5,5,2,5,1,5,3,1,6,5,7","0.000428915023803711","louvain","graph_2024M08.graphml"
"0.33","0.59","0.08","0.1844125","1,2,3,1,3,4,5,5,2,5,1,5,3,1,6,5,7","0.00041508674621582","louvain","graph_2024M08.graphml"
"0.32","0.6","0.08","0.177643233274285","1,2,3,1,3,4,5,5,2,5,1,5,3,1,6,5,7","0.00043797492980957","louvain","graph_2024M08.graphml"
"0.31","0.61","0.08","0.180571088637716","1,2,3,1,1,4,5,5,2,5,5,6,3,1,7,5,8","0.000437021255493164","louvain","graph_2024M08.graphml"
"0.3","0.62","0.08","0.183558770854935","1,2,3,1,1,4,5,5,2,5,5,5,3,1,6,3,7","0.000468969345092773","louvain","graph_2024M08.graphml"
"0.29","0.63","0.08","0.179319871521305","1,2,3,1,4,5,4,4,2,4,4,4,3,1,6,3,7","0.000478029251098633","louvain","graph_2024M08.graphml"
"0.28","0.64","0.08","0.18017949165866","1,2,3,1,4,5,6,4,2,6,6,4,3,1,7,3,8","0.000473976135253906","louvain","graph_2024M08.graphml"
"0.27","0.65","0.08","0.181860465116279","1,2,3,1,4,5,6,4,2,6,6,4,3,1,7,3,8","0.000461101531982422","louvain","graph_2024M08.graphml"
"0.26","0.66","0.08","0.189101561685536","1,2,3,1,2,4,5,5,2,5,5,6,3,1,7,5,8","0.000457048416137695","louvain","graph_2024M08.graphml"
"0.25","0.67","0.08","0.187117768595041","1,2,3,1,2,4,5,5,2,6,3,5,3,6,7,3,8","0.000472068786621094","louvain","graph_2024M08.graphml"
"0.24","0.68","0.08","0.194644975768666","1,2,2,1,3,1,4,4,3,4,4,5,2,1,6,4,7","0.000430822372436523","louvain","graph_2024M08.graphml"
"0.23","0.69","0.08","0.192943982763927","1,2,3,1,4,1,2,2,4,2,2,5,3,1,6,3,7","0.000438928604125977","louvain","graph_2024M08.graphml"
"0.22","0.7","0.08","0.188567636195753","1,2,3,1,2,1,4,4,2,5,3,4,3,5,6,3,7","0.000447988510131836","louvain","graph_2024M08.graphml"
"0.21","0.71","0.08","0.189536862003781","1,2,3,1,2,1,2,2,3,2,2,4,5,1,6,5,7","0.000473976135253906","louvain","graph_2024M08.graphml"
"0.2","0.72","0.08","0.190825653983353","1,2,3,1,2,1,2,2,3,2,2,4,5,1,6,5,7","0.000467061996459961","louvain","graph_2024M08.graphml"
"0.19","0.73","0.08","0.188746038931643","1,2,3,1,4,1,2,2,4,2,2,5,3,1,6,2,7","0.000480175018310547","louvain","graph_2024M08.graphml"
"0.18","0.74","0.08","0.188559322033898","1,2,3,1,2,1,2,2,3,2,2,4,2,1,5,2,6","0.000462055206298828","louvain","graph_2024M08.graphml"
"0.17","0.75","0.08","0.185796435756378","1,2,3,1,3,1,2,2,4,2,2,5,3,1,6,4,7","0.000456094741821289","louvain","graph_2024M08.graphml"
"0.16","0.76","0.08","0.188448908975355","1,2,3,1,4,1,4,4,2,4,4,5,3,1,6,4,7","0.000477075576782227","louvain","graph_2024M08.graphml"
"0.15","0.77","0.08","0.18171174738727","1,2,3,1,2,1,4,4,2,5,3,4,3,5,6,4,7","0.000445127487182617","louvain","graph_2024M08.graphml"
"0.14","0.78","0.08","0.187031903720666","1,2,3,1,4,1,2,2,4,2,2,5,3,1,6,2,7","0.000452995300292969","louvain","graph_2024M08.graphml"
"0.13","0.79","0.08","0.185412540127041","1,2,3,1,2,1,2,2,4,2,2,5,3,1,6,4,7","0.000458955764770508","louvain","graph_2024M08.graphml"
"0.12","0.8","0.08","0.187005707124591","1,2,3,1,4,1,2,2,4,2,2,5,3,1,6,2,7","0.000463008880615234","louvain","graph_2024M08.graphml"
"0.11","0.81","0.08","0.186297376093294","1,2,3,1,4,1,2,2,4,2,2,5,3,1,6,2,7","0.000432014465332031","louvain","graph_2024M08.graphml"
"0.1","0.82","0.08","0.190214673956872","1,2,3,1,4,1,5,5,2,5,5,4,3,1,6,5,7","0.000473976135253906","louvain","graph_2024M08.graphml"
"0.09","0.83","0.08","0.186933540737449","1,2,3,1,4,1,5,5,2,5,5,4,3,1,6,5,7","0.000433206558227539","louvain","graph_2024M08.graphml"
"0.08","0.84","0.08","0.185429264298312","1,2,3,1,4,1,5,5,2,5,5,4,3,1,6,5,7","0.000663995742797852","louvain","graph_2024M08.graphml"
"0.07","0.85","0.08","0.186220684352172","1,2,3,1,4,1,5,5,2,5,5,4,3,1,1,5,6","0.000453948974609375","louvain","graph_2024M08.graphml"
"0.06","0.86","0.08","0.1870202425472","1,2,3,1,4,1,5,5,2,5,5,4,3,1,1,5,6","0.000472068786621094","louvain","graph_2024M08.graphml"
"0.05","0.87","0.08","0.183919440676197","1,2,3,1,4,1,5,5,2,5,5,4,3,1,1,5,6","0.000474214553833008","louvain","graph_2024M08.graphml"
"0.04","0.88","0.08","0.1861555432984","1,2,3,1,4,1,4,4,2,5,1,4,3,1,1,3,6","0.000442981719970703","louvain","graph_2024M08.graphml"
"0.03","0.89","0.08","0.187403846153846","1,2,3,1,4,1,4,4,2,5,1,4,3,1,1,3,6","0.000467061996459961","louvain","graph_2024M08.graphml"
"0.02","0.9","0.08","0.188977846648301","1,2,3,1,4,1,4,4,2,4,1,4,3,1,1,4,5","0.000483036041259766","louvain","graph_2024M08.graphml"
"0.01","0.91","0.08","0.187376290494838","1,2,3,1,4,1,4,4,2,4,1,4,3,1,1,4,5","0.000463008880615234","louvain","graph_2024M08.graphml"
"0","0.92","0.08","0.183190955126317","1,2,3,2,4,1,4,5,2,4,1,4,3,4,1,5,6","0.000492095947265625","louvain","graph_2024M08.graphml"
"0.91","0","0.09","0.210314041820033","1,2,3,2,2,4,5,5,2,5,1,6,5,1,7,2,8","0.000417947769165039","louvain","graph_2024M08.graphml"
"0.9","0.01","0.09","0.205330812854442","1,2,3,2,2,4,5,5,2,6,1,5,5,1,7,5,8","0.000414848327636719","louvain","graph_2024M08.graphml"
"0.89","0.02","0.09","0.207008026159334","1,2,3,2,2,4,5,5,2,5,1,6,5,1,7,5,8","0.000420093536376953","louvain","graph_2024M08.graphml"
"0.88","0.03","0.09","0.207008026159334","1,2,3,2,2,4,5,5,2,5,1,6,5,1,7,5,8","0.000388860702514648","louvain","graph_2024M08.graphml"
"0.87","0.04","0.09","0.20027029001388","1,2,3,2,2,4,5,5,2,2,1,5,5,1,6,5,7","0.000416994094848633","louvain","graph_2024M08.graphml"
"0.86","0.05","0.09","0.20043029847688","1,2,3,2,2,4,5,6,2,5,1,6,5,1,7,6,8","0.000424861907958984","louvain","graph_2024M08.graphml"
"0.85","0.06","0.09","0.200992","1,2,3,2,2,4,5,5,2,6,1,6,5,1,7,5,8","0.000411033630371094","louvain","graph_2024M08.graphml"
"0.84","0.07","0.09","0.200992","1,2,3,2,2,4,5,5,2,6,1,6,5,1,7,5,8","0.000419139862060547","louvain","graph_2024M08.graphml"
"0.83","0.08","0.09","0.196302595112119","1,2,3,2,2,4,5,5,2,6,1,6,5,1,7,5,8","0.000426054000854492","louvain","graph_2024M08.graphml"
"0.82","0.09","0.09","0.192944385888772","1,2,3,2,2,4,5,5,2,6,1,6,5,1,7,5,8","0.000406026840209961","louvain","graph_2024M08.graphml"
"0.81","0.1","0.09","0.193757396449704","1,2,3,4,4,5,6,6,4,2,1,7,6,1,8,6,9","0.000579833984375","louvain","graph_2024M08.graphml"
"0.8","0.11","0.09","0.191247596293922","1,2,3,4,4,5,6,6,4,2,1,7,6,1,8,6,9","0.000407934188842773","louvain","graph_2024M08.graphml"
"0.79","0.12","0.09","0.191247596293922","1,2,3,4,4,5,6,6,4,2,1,7,6,1,8,6,9","0.000422954559326172","louvain","graph_2024M08.graphml"
"0.78","0.13","0.09","0.179396433470508","1,2,3,1,1,4,2,5,6,2,1,5,2,2,7,5,8","0.000433206558227539","louvain","graph_2024M08.graphml"
"0.77","0.14","0.09","0.179977945809704","1,2,3,1,1,4,2,5,6,2,1,5,5,5,7,5,8","0.000418901443481445","louvain","graph_2024M08.graphml"
"0.76","0.15","0.09","0.190533675368442","1,2,1,1,1,3,4,4,5,2,1,4,4,4,6,4,7","0.000400066375732422","louvain","graph_2024M08.graphml"
"0.75","0.16","0.09","0.187487601666336","1,2,1,1,1,3,4,4,5,2,1,4,4,4,6,4,7","0.000449895858764648","louvain","graph_2024M08.graphml"
"0.74","0.17","0.09","0.186824845679012","1,2,1,1,1,3,2,2,4,2,1,2,2,1,5,4,6","0.0004119873046875","louvain","graph_2024M08.graphml"
"0.73","0.18","0.09","0.187431519357195","1,2,1,1,1,3,2,2,4,2,1,5,2,2,6,2,7","0.000427961349487305","louvain","graph_2024M08.graphml"
"0.72","0.19","0.09","0.185787983929876","1,2,1,1,1,3,2,4,5,2,1,4,2,2,6,4,7","0.000416994094848633","louvain","graph_2024M08.graphml"
"0.71","0.2","0.09","0.188640151344534","1,2,1,1,1,3,2,2,4,2,1,2,2,1,5,4,6","0.000445842742919922","louvain","graph_2024M08.graphml"
"0.7","0.21","0.09","0.190013963334985","1,2,1,1,1,3,2,2,4,2,1,5,2,1,6,2,7","0.000429868698120117","louvain","graph_2024M08.graphml"
"0.69","0.22","0.09","0.192711111111111","1,2,1,1,1,3,2,2,4,2,1,5,2,1,6,4,7","0.000432968139648438","louvain","graph_2024M08.graphml"
"0.68","0.23","0.09","0.189311111111111","1,2,1,1,1,3,2,2,4,2,1,2,2,1,5,2,6","0.000442981719970703","louvain","graph_2024M08.graphml"
"0.67","0.24","0.09","0.195074543978812","1,2,3,1,1,4,3,3,2,3,1,5,3,1,6,3,7","0.000412940979003906","louvain","graph_2024M08.graphml"
"0.66","0.25","0.09","0.196399583766909","1,2,3,1,1,4,3,3,2,2,1,5,3,1,6,3,7","0.000422000885009766","louvain","graph_2024M08.graphml"
"0.65","0.26","0.09","0.195067441952454","1,2,3,1,1,4,3,3,2,2,1,5,3,1,6,3,7","0.000451803207397461","louvain","graph_2024M08.graphml"
"0.64","0.27","0.09","0.195439990741098","1,2,3,1,1,4,3,5,2,2,1,3,3,1,6,5,7","0.000447988510131836","louvain","graph_2024M08.graphml"
"0.63","0.28","0.09","0.19445594489819","1,2,3,1,1,4,3,3,2,2,1,5,3,1,6,3,7","0.000470161437988281","louvain","graph_2024M08.graphml"
"0.62","0.29","0.09","0.191682778108269","1,2,3,1,1,4,3,3,2,2,1,5,3,1,6,3,7","0.000463962554931641","louvain","graph_2024M08.graphml"
"0.61","0.3","0.09","0.190684424444767","1,2,3,1,1,4,3,3,2,2,1,5,3,1,6,3,7","0.000422000885009766","louvain","graph_2024M08.graphml"
"0.6","0.31","0.09","0.190684424444767","1,2,3,1,1,4,3,3,2,2,1,5,3,1,6,3,7","0.000417947769165039","louvain","graph_2024M08.graphml"
"0.59","0.32","0.09","0.190684424444767","1,2,3,1,1,4,3,3,2,2,1,5,3,1,6,3,7","0.000416040420532227","louvain","graph_2024M08.graphml"
"0.58","0.33","0.09","0.190684424444767","1,2,3,1,1,4,3,3,2,2,1,5,3,1,6,3,7","0.000494003295898438","louvain","graph_2024M08.graphml"
"0.57","0.34","0.09","0.198680018206645","1,2,3,1,1,4,3,3,2,2,1,5,3,1,6,3,7","0.000412940979003906","louvain","graph_2024M08.graphml"
"0.56","0.35","0.09","0.195119865941657","1,2,3,1,1,4,3,3,2,5,1,6,3,1,7,5,8","0.000413894653320312","louvain","graph_2024M08.graphml"
"0.55","0.36","0.09","0.192718367346939","1,2,3,1,4,5,3,3,2,4,1,6,3,1,7,4,8","0.000468015670776367","louvain","graph_2024M08.graphml"
"0.54","0.37","0.09","0.190034220041322","1,2,3,1,4,5,3,3,2,4,1,6,3,1,7,4,8","0.000422000885009766","louvain","graph_2024M08.graphml"
"0.53","0.38","0.09","0.19386756722636","1,2,3,1,4,5,3,3,2,4,1,6,3,1,7,4,8","0.000427007675170898","louvain","graph_2024M08.graphml"
"0.52","0.39","0.09","0.191192534565088","1,2,3,1,4,5,3,3,2,4,1,6,3,1,7,4,8","0.00043797492980957","louvain","graph_2024M08.graphml"
"0.51","0.4","0.09","0.191192534565088","1,2,3,1,4,5,3,3,2,4,1,6,3,1,7,4,8","0.000506162643432617","louvain","graph_2024M08.graphml"
"0.5","0.41","0.09","0.191192534565088","1,2,3,1,4,5,3,3,2,4,1,6,3,1,7,4,8","0.000426054000854492","louvain","graph_2024M08.graphml"
"0.49","0.42","0.09","0.188911363361913","1,2,3,1,4,5,3,3,2,4,1,6,3,1,7,4,8","0.000447988510131836","louvain","graph_2024M08.graphml"
"0.48","0.43","0.09","0.191689808593867","1,2,3,1,4,5,3,3,2,4,1,6,3,1,7,4,8","0.000458955764770508","louvain","graph_2024M08.graphml"
"0.47","0.44","0.09","0.191689808593867","1,2,3,1,4,5,3,3,2,4,1,6,3,1,7,4,8","0.000441074371337891","louvain","graph_2024M08.graphml"
"0.46","0.45","0.09","0.186384222059898","1,2,3,1,4,5,3,3,2,4,1,6,3,1,7,1,8","0.000427961349487305","louvain","graph_2024M08.graphml"
"0.45","0.46","0.09","0.191955732219966","1,2,3,1,4,5,3,3,2,4,1,6,3,1,7,4,8","0.000423908233642578","louvain","graph_2024M08.graphml"
"0.44","0.47","0.09","0.187323676215278","1,2,3,1,4,5,4,3,2,4,1,3,3,1,6,4,7","0.000443935394287109","louvain","graph_2024M08.graphml"
"0.43","0.48","0.09","0.183588821176407","1,2,3,1,3,4,5,6,2,5,1,6,3,1,7,5,8","0.000438928604125977","louvain","graph_2024M08.graphml"
"0.42","0.49","0.09","0.182086300350728","1,2,3,1,3,4,5,6,2,5,1,6,3,1,7,5,8","0.000428915023803711","louvain","graph_2024M08.graphml"
"0.41","0.5","0.09","0.182489067055394","1,2,3,1,3,4,5,6,2,5,1,6,3,1,7,5,8","0.000459909439086914","louvain","graph_2024M08.graphml"
"0.4","0.51","0.09","0.178646568154254","1,2,1,1,1,3,4,4,2,4,1,5,4,1,6,4,7","0.00049901008605957","louvain","graph_2024M08.graphml"
"0.39","0.52","0.09","0.178646568154254","1,2,1,1,1,3,4,4,2,4,1,5,4,1,6,4,7","0.000458955764770508","louvain","graph_2024M08.graphml"
"0.38","0.53","0.09","0.179972821471038","1,2,3,1,1,4,5,5,2,5,3,5,3,1,6,5,7","0.000459909439086914","louvain","graph_2024M08.graphml"
"0.37","0.54","0.09","0.181769031141869","1,2,3,1,1,4,5,5,2,5,3,5,3,1,6,5,7","0.000471830368041992","louvain","graph_2024M08.graphml"
"0.36","0.55","0.09","0.173608542899408","1,2,3,1,1,4,5,5,2,5,3,6,3,1,7,5,8","0.000442028045654297","louvain","graph_2024M08.graphml"
"0.35","0.56","0.09","0.176399901170234","1,2,3,1,1,4,5,5,2,5,5,3,3,1,6,5,7","0.000436067581176758","louvain","graph_2024M08.graphml"
"0.34","0.57","0.09","0.176399901170234","1,2,3,1,1,4,5,5,2,5,5,3,3,1,6,5,7","0.000531911849975586","louvain","graph_2024M08.graphml"
"0.33","0.58","0.09","0.175089237425635","1,2,3,1,4,5,4,4,2,4,4,3,3,1,6,4,7","0.00043797492980957","louvain","graph_2024M08.graphml"
"0.32","0.59","0.09","0.179988957081272","1,2,2,1,3,4,5,5,3,5,5,6,2,1,7,5,8","0.000443935394287109","louvain","graph_2024M08.graphml"
"0.31","0.6","0.09","0.181750273545998","1,2,2,1,3,1,4,4,3,4,4,5,2,1,6,4,7","0.00043487548828125","louvain","graph_2024M08.graphml"
"0.3","0.61","0.09","0.183434213436828","1,2,2,1,3,1,4,2,3,4,2,5,2,1,6,4,7","0.000427007675170898","louvain","graph_2024M08.graphml"
"0.29","0.62","0.09","0.192272300101809","1,2,3,1,3,1,4,4,2,4,4,5,3,1,6,4,7","0.000421047210693359","louvain","graph_2024M08.graphml"
"0.28","0.63","0.09","0.188941398865784","1,2,3,1,4,1,2,2,4,2,2,5,3,1,6,3,7","0.000486135482788086","louvain","graph_2024M08.graphml"
"0.27","0.64","0.09","0.18407964781079","1,2,3,1,4,1,2,2,4,2,2,5,3,1,6,3,7","0.000441074371337891","louvain","graph_2024M08.graphml"
"0.26","0.65","0.09","0.18407964781079","1,2,3,1,4,1,2,2,4,2,2,5,3,1,6,3,7","0.000468969345092773","louvain","graph_2024M08.graphml"
"0.25","0.66","0.09","0.188872793119058","1,2,3,1,4,1,2,2,3,2,2,5,4,1,6,2,7","0.000436067581176758","louvain","graph_2024M08.graphml"
"0.24","0.67","0.09","0.18592996136659","1,2,3,1,4,1,2,2,3,2,2,5,4,1,6,2,7","0.000551939010620117","louvain","graph_2024M08.graphml"
"0.23","0.68","0.09","0.1858943545372","1,2,3,1,2,1,2,2,3,2,2,4,2,1,5,2,6","0.000458955764770508","louvain","graph_2024M08.graphml"
"0.22","0.69","0.09","0.182314735386285","1,2,3,1,3,1,2,2,4,2,2,5,3,1,6,4,7","0.000438928604125977","louvain","graph_2024M08.graphml"
"0.21","0.7","0.09","0.183923611111111","1,2,3,1,4,1,2,2,4,2,2,5,3,1,6,3,7","0.000472068786621094","louvain","graph_2024M08.graphml"
"0.2","0.71","0.09","0.18209052874434","1,2,3,1,2,1,2,2,3,2,4,5,4,1,6,2,7","0.000451087951660156","louvain","graph_2024M08.graphml"
"0.19","0.72","0.09","0.187005707124591","1,2,3,1,4,1,2,2,4,2,2,5,3,1,6,2,7","0.000458002090454102","louvain","graph_2024M08.graphml"
"0.18","0.73","0.09","0.185215667831228","1,2,3,1,4,1,2,2,4,2,2,5,3,1,6,2,7","0.00046992301940918","louvain","graph_2024M08.graphml"
"0.17","0.74","0.09","0.183235260371421","1,2,3,1,4,1,2,2,4,2,2,5,3,1,6,2,7","0.00045013427734375","louvain","graph_2024M08.graphml"
"0.16","0.75","0.09","0.183900259673231","1,2,3,1,4,1,4,4,2,4,4,5,3,1,6,4,7","0.000452041625976562","louvain","graph_2024M08.graphml"
"0.15","0.76","0.09","0.186933540737449","1,2,3,1,4,1,5,5,2,5,5,4,3,1,6,5,7","0.000468969345092773","louvain","graph_2024M08.graphml"
"0.14","0.77","0.09","0.186903404208783","1,2,3,1,4,1,5,5,2,5,5,4,3,1,1,5,6","0.000476837158203125","louvain","graph_2024M08.graphml"
"0.13","0.78","0.09","0.186220684352172","1,2,3,1,4,1,5,5,2,5,5,4,3,1,1,5,6","0.000481128692626953","louvain","graph_2024M08.graphml"
"0.12","0.79","0.09","0.182001241502521","1,2,3,1,4,1,5,5,2,5,5,4,3,1,1,5,6","0.000448942184448242","louvain","graph_2024M08.graphml"
"0.11","0.8","0.09","0.180660717504958","1,2,3,1,4,1,5,5,2,5,5,4,3,1,1,5,6","0.00043797492980957","louvain","graph_2024M08.graphml"
"0.1","0.81","0.09","0.182190187981694","1,2,3,1,4,1,4,4,2,5,1,4,3,1,1,3,6","0.000504970550537109","louvain","graph_2024M08.graphml"
"0.09","0.82","0.09","0.184946972787134","1,2,3,1,4,1,4,4,2,5,1,4,3,1,1,3,6","0.000464200973510742","louvain","graph_2024M08.graphml"
"0.08","0.83","0.09","0.183346246556474","1,2,3,1,4,1,4,4,2,4,1,4,3,1,1,3,5","0.0004730224609375","louvain","graph_2024M08.graphml"
"0.07","0.84","0.09","0.181950872196511","1,2,3,1,4,1,4,4,2,4,1,4,3,1,1,3,5","0.000454902648925781","louvain","graph_2024M08.graphml"
"0.06","0.85","0.09","0.184290766317665","1,2,3,2,4,1,4,4,2,4,1,4,3,1,1,4,5","0.00044703483581543","louvain","graph_2024M08.graphml"
"0.05","0.86","0.09","0.181227107474027","1,2,3,2,4,1,4,3,2,4,1,4,3,4,1,3,5","0.000478029251098633","louvain","graph_2024M08.graphml"
"0.04","0.87","0.09","0.182023105100028","1,2,3,2,4,1,4,3,2,4,1,4,3,4,1,3,5","0.000455856323242188","louvain","graph_2024M08.graphml"
"0.03","0.88","0.09","0.179418181818182","1,2,3,2,4,1,5,5,2,5,1,4,3,5,1,5,6","0.000483036041259766","louvain","graph_2024M08.graphml"
"0.02","0.89","0.09","0.178396082755724","1,2,3,2,4,1,5,5,2,5,1,4,3,5,1,5,6","0.000488996505737305","louvain","graph_2024M08.graphml"
"0.01","0.9","0.09","0.178064023601263","1,2,3,2,4,1,4,5,2,4,1,4,3,4,1,5,6","0.000480890274047852","louvain","graph_2024M08.graphml"
"0","0.91","0.09","0.180178571428571","1,2,3,4,5,1,4,4,2,4,1,5,3,4,1,4,6","0.000565052032470703","louvain","graph_2024M08.graphml"
"0.9","0","0.1","0.19248","1,2,3,2,2,4,5,5,2,6,1,6,5,1,7,5,8","0.000516176223754883","louvain","graph_2024M08.graphml"
"0.89","0.01","0.1","0.192944385888772","1,2,3,2,2,4,5,5,2,6,1,6,5,1,7,5,8","0.000406026840209961","louvain","graph_2024M08.graphml"
"0.88","0.02","0.1","0.189910888671875","1,2,3,2,2,4,5,5,2,6,1,6,5,1,7,5,8","0.000412940979003906","louvain","graph_2024M08.graphml"
"0.87","0.03","0.1","0.189082840236686","1,2,3,2,2,4,5,5,2,6,1,6,5,5,7,5,8","0.000571966171264648","louvain","graph_2024M08.graphml"
"0.86","0.04","0.1","0.18689738292011","1,2,3,4,4,5,6,6,4,2,1,2,6,6,7,6,8","0.000445127487182617","louvain","graph_2024M08.graphml"
"0.85","0.05","0.1","0.181137224326131","1,2,3,1,1,4,2,2,5,2,1,6,2,2,7,5,8","0.000433921813964844","louvain","graph_2024M08.graphml"
"0.84","0.06","0.1","0.180932784636488","1,2,3,1,1,4,5,5,6,2,1,7,5,5,8,5,9","0.000472068786621094","louvain","graph_2024M08.graphml"
"0.83","0.07","0.1","0.181124165415869","1,2,1,1,1,3,2,2,4,2,1,5,2,2,6,2,7","0.000442028045654297","louvain","graph_2024M08.graphml"
"0.82","0.08","0.1","0.180071424978623","1,2,1,1,1,3,2,2,4,2,1,5,2,2,6,4,7","0.000426054000854492","louvain","graph_2024M08.graphml"
"0.81","0.09","0.1","0.180071424978623","1,2,1,1,1,3,2,2,4,2,1,5,2,2,6,4,7","0.000416994094848633","louvain","graph_2024M08.graphml"
"0.8","0.1","0.1","0.179559954963408","1,2,1,1,1,3,2,2,4,2,1,2,2,1,5,4,6","0.000463962554931641","louvain","graph_2024M08.graphml"
"0.79","0.11","0.1","0.183775505607856","1,2,2,1,1,3,2,4,5,2,1,6,2,2,7,4,8","0.000442028045654297","louvain","graph_2024M08.graphml"
"0.78","0.12","0.1","0.186377777777778","1,2,2,1,1,3,2,2,4,2,1,5,2,1,6,4,7","0.000409841537475586","louvain","graph_2024M08.graphml"
"0.77","0.13","0.1","0.186377777777778","1,2,2,1,1,3,2,2,4,2,1,5,2,1,6,4,7","0.000403165817260742","louvain","graph_2024M08.graphml"
"0.76","0.14","0.1","0.185711111111111","1,2,2,1,1,3,2,2,4,2,1,5,2,1,6,2,7","0.000436067581176758","louvain","graph_2024M08.graphml"
"0.75","0.15","0.1","0.188171571422306","1,2,2,1,1,3,2,2,4,2,1,5,2,1,6,2,7","0.000454187393188477","louvain","graph_2024M08.graphml"
"0.74","0.16","0.1","0.186943555107232","1,2,1,1,1,3,2,2,4,2,1,2,2,1,5,4,6","0.000421047210693359","louvain","graph_2024M08.graphml"
"0.73","0.17","0.1","0.186219902635849","1,2,2,1,1,3,2,4,5,2,1,4,2,1,6,4,7","0.000401020050048828","louvain","graph_2024M08.graphml"
"0.72","0.18","0.1","0.188495877653894","1,2,3,1,1,4,3,3,2,3,1,5,3,1,6,3,7","0.000427007675170898","louvain","graph_2024M08.graphml"
"0.71","0.19","0.1","0.176714468835123","1,2,3,1,1,4,3,3,2,2,1,3,3,1,5,3,6","0.000422000885009766","louvain","graph_2024M08.graphml"
"0.7","0.2","0.1","0.186952663863277","1,2,3,1,1,4,5,3,2,5,1,5,3,1,6,3,7","0.000653982162475586","louvain","graph_2024M08.graphml"
"0.69","0.21","0.1","0.185470964791952","1,2,3,1,1,4,3,3,2,2,1,5,3,1,6,3,7","0.000432014465332031","louvain","graph_2024M08.graphml"
"0.68","0.22","0.1","0.189972451790634","1,2,3,1,1,4,5,3,2,5,1,5,3,1,6,3,7","0.000500917434692383","louvain","graph_2024M08.graphml"
"0.67","0.23","0.1","0.191900130643054","1,2,3,1,1,4,5,3,2,5,1,5,3,1,6,3,7","0.000418901443481445","louvain","graph_2024M08.graphml"
"0.66","0.24","0.1","0.193678511240991","1,2,3,1,1,4,3,3,2,2,1,5,3,1,6,3,7","0.000414848327636719","louvain","graph_2024M08.graphml"
"0.65","0.25","0.1","0.193678511240991","1,2,3,1,1,4,3,3,2,2,1,5,3,1,6,3,7","0.000445842742919922","louvain","graph_2024M08.graphml"
"0.64","0.26","0.1","0.193678511240991","1,2,3,1,1,4,3,3,2,2,1,5,3,1,6,3,7","0.000586986541748047","louvain","graph_2024M08.graphml"
"0.63","0.27","0.1","0.186672822406894","1,2,3,1,1,4,3,3,2,2,1,5,3,1,6,3,7","0.000425815582275391","louvain","graph_2024M08.graphml"
"0.62","0.28","0.1","0.186046511627907","1,2,3,1,1,4,3,3,2,5,1,6,3,1,7,5,8","0.000432014465332031","louvain","graph_2024M08.graphml"
"0.61","0.29","0.1","0.183098824151143","1,2,3,1,4,5,3,3,2,4,1,6,3,1,7,4,8","0.00044703483581543","louvain","graph_2024M08.graphml"
"0.6","0.3","0.1","0.191978677902263","1,2,3,1,4,5,3,3,2,4,1,6,3,1,7,4,8","0.00046992301940918","louvain","graph_2024M08.graphml"
"0.59","0.31","0.1","0.191192534565088","1,2,3,1,4,5,3,3,2,4,1,6,3,1,7,4,8","0.000442981719970703","louvain","graph_2024M08.graphml"
"0.58","0.32","0.1","0.191192534565088","1,2,3,1,4,5,3,3,2,4,1,6,3,1,7,4,8","0.000444173812866211","louvain","graph_2024M08.graphml"
"0.57","0.33","0.1","0.191192534565088","1,2,3,1,4,5,3,3,2,4,1,6,3,1,7,4,8","0.000449895858764648","louvain","graph_2024M08.graphml"
"0.56","0.34","0.1","0.189336419753086","1,2,3,1,4,5,3,3,2,4,1,6,3,1,7,4,8","0.000560998916625977","louvain","graph_2024M08.graphml"
"0.55","0.35","0.1","0.188911363361913","1,2,3,1,4,5,3,3,2,4,1,6,3,1,7,4,8","0.000428199768066406","louvain","graph_2024M08.graphml"
"0.54","0.36","0.1","0.186732957090388","1,2,3,1,4,5,3,3,2,4,1,6,3,1,7,1,8","0.000443935394287109","louvain","graph_2024M08.graphml"
"0.53","0.37","0.1","0.183542060491493","1,2,3,1,4,5,3,3,2,4,1,6,3,1,7,1,8","0.000444173812866211","louvain","graph_2024M08.graphml"
"0.52","0.38","0.1","0.181402483564646","1,2,3,1,4,5,3,3,2,4,1,6,3,1,7,1,8","0.000451803207397461","louvain","graph_2024M08.graphml"
"0.51","0.39","0.1","0.182789157990041","1,2,3,1,4,5,3,3,2,4,1,6,3,1,7,4,8","0.000437021255493164","louvain","graph_2024M08.graphml"
"0.5","0.4","0.1","0.18060086072202","1,2,3,1,4,5,3,3,2,4,1,6,3,1,7,4,8","0.000448226928710938","louvain","graph_2024M08.graphml"
"0.49","0.41","0.1","0.180262984878369","1,2,3,1,3,4,5,5,2,3,3,5,3,1,6,5,7","0.000502109527587891","louvain","graph_2024M08.graphml"
"0.48","0.42","0.1","0.175361733289563","1,2,3,1,1,4,3,5,2,3,3,5,3,1,6,3,7","0.000445127487182617","louvain","graph_2024M08.graphml"
"0.47","0.43","0.1","0.1773125","1,2,3,1,1,4,3,5,2,3,3,5,3,1,6,3,7","0.000452041625976562","louvain","graph_2024M08.graphml"
"0.46","0.44","0.1","0.1773125","1,2,3,1,1,4,3,5,2,3,3,5,3,1,6,3,7","0.000452041625976562","louvain","graph_2024M08.graphml"
"0.45","0.45","0.1","0.174585648766046","1,2,3,1,1,4,5,5,2,5,3,3,3,1,6,5,7","0.000445127487182617","louvain","graph_2024M08.graphml"
"0.44","0.46","0.1","0.174312908982748","1,2,3,1,1,4,5,5,2,5,3,6,3,1,7,5,8","0.000439167022705078","louvain","graph_2024M08.graphml"
"0.43","0.47","0.1","0.173979773944081","1,2,3,1,1,4,5,5,2,5,3,3,3,1,6,5,7","0.000464916229248047","louvain","graph_2024M08.graphml"
"0.42","0.48","0.1","0.171776321990763","1,2,3,1,1,4,5,5,2,5,3,6,3,1,7,5,8","0.000443220138549805","louvain","graph_2024M08.graphml"
"0.41","0.49","0.1","0.173008243300914","1,2,3,1,3,4,5,5,2,5,3,6,3,1,7,5,8","0.000433921813964844","louvain","graph_2024M08.graphml"
"0.4","0.5","0.1","0.178238444753025","1,2,3,1,3,4,5,5,2,5,3,5,3,1,6,5,7","0.000448942184448242","louvain","graph_2024M08.graphml"
"0.39","0.51","0.1","0.178238444753025","1,2,3,1,3,4,5,5,2,5,3,5,3,1,6,5,7","0.000718832015991211","louvain","graph_2024M08.graphml"
"0.38","0.52","0.1","0.177568009513899","1,2,3,1,3,1,4,4,2,4,4,5,3,1,6,4,7","0.000452995300292969","louvain","graph_2024M08.graphml"
"0.37","0.53","0.1","0.173849586122057","1,2,2,1,3,1,4,4,3,4,4,5,2,1,6,4,7","0.000436067581176758","louvain","graph_2024M08.graphml"
"0.36","0.54","0.1","0.182248485331633","1,2,2,1,3,1,4,4,3,4,4,5,2,1,6,4,7","0.000597953796386719","louvain","graph_2024M08.graphml"
"0.35","0.55","0.1","0.177862401127731","1,2,2,1,3,1,4,4,3,4,4,5,2,1,6,4,7","0.000435829162597656","louvain","graph_2024M08.graphml"
"0.34","0.56","0.1","0.177862401127731","1,2,2,1,3,1,4,4,3,4,4,5,2,1,6,4,7","0.000438928604125977","louvain","graph_2024M08.graphml"
"0.33","0.57","0.1","0.179093567251462","1,2,2,1,3,1,4,4,3,4,4,5,2,1,6,4,7","0.000432014465332031","louvain","graph_2024M08.graphml"
"0.32","0.58","0.1","0.179984765160523","1,2,2,1,3,1,4,4,2,5,3,4,3,5,6,4,7","0.00043487548828125","louvain","graph_2024M08.graphml"
"0.31","0.59","0.1","0.183431416930738","1,2,3,1,4,1,2,2,3,2,2,5,4,1,6,3,7","0.000455856323242188","louvain","graph_2024M08.graphml"
"0.3","0.6","0.1","0.185796435756378","1,2,3,1,4,1,2,2,4,2,2,5,3,1,6,3,7","0.000441074371337891","louvain","graph_2024M08.graphml"
"0.29","0.61","0.1","0.182314735386285","1,2,3,1,4,1,2,2,4,2,2,5,3,1,6,3,7","0.000491857528686523","louvain","graph_2024M08.graphml"
"0.28","0.62","0.1","0.184105902777778","1,2,3,1,2,1,2,2,3,2,2,4,5,1,6,5,7","0.000459194183349609","louvain","graph_2024M08.graphml"
"0.27","0.63","0.1","0.183923611111111","1,2,3,1,3,1,2,2,4,2,2,5,3,1,6,4,7","0.000463962554931641","louvain","graph_2024M08.graphml"
"0.26","0.64","0.1","0.184148965234615","1,2,3,1,2,1,2,2,3,2,2,4,5,1,6,5,7","0.000437021255493164","louvain","graph_2024M08.graphml"
"0.25","0.65","0.1","0.180848562214458","1,2,3,1,2,1,2,2,4,2,2,5,3,1,6,4,7","0.000459909439086914","louvain","graph_2024M08.graphml"
"0.24","0.66","0.1","0.180596866944279","1,2,3,1,2,1,2,2,3,2,2,4,2,1,5,2,6","0.000463008880615234","louvain","graph_2024M08.graphml"
"0.23","0.67","0.1","0.179183467741935","1,2,3,1,2,1,2,2,3,2,2,4,2,1,5,2,6","0.000438213348388672","louvain","graph_2024M08.graphml"
"0.22","0.68","0.1","0.180279350333059","1,2,3,1,2,1,2,2,3,2,2,4,2,1,5,2,6","0.000455856323242188","louvain","graph_2024M08.graphml"
"0.21","0.69","0.1","0.183957397501627","1,2,3,1,4,1,4,4,2,4,4,5,3,1,1,4,6","0.000459909439086914","louvain","graph_2024M08.graphml"
"0.2","0.7","0.1","0.183458576137731","1,2,3,1,4,1,4,4,2,4,1,5,3,1,1,4,6","0.000430107116699219","louvain","graph_2024M08.graphml"
"0.19","0.71","0.1","0.182175354660934","1,2,2,1,3,1,4,4,2,5,4,3,4,1,1,4,6","0.000458002090454102","louvain","graph_2024M08.graphml"
"0.18","0.72","0.1","0.182750685097428","1,2,3,1,4,1,5,5,2,5,5,4,3,1,1,5,6","0.000453948974609375","louvain","graph_2024M08.graphml"
"0.17","0.73","0.1","0.180660717504958","1,2,3,1,4,1,5,5,2,5,5,4,3,1,1,5,6","0.000487089157104492","louvain","graph_2024M08.graphml"
"0.16","0.74","0.1","0.178990326037492","1,2,3,1,4,1,5,5,2,5,5,4,3,1,1,5,6","0.000461101531982422","louvain","graph_2024M08.graphml"
"0.15","0.75","0.1","0.17767758289144","1,2,3,1,4,1,5,5,2,5,5,4,3,1,1,5,6","0.000448942184448242","louvain","graph_2024M08.graphml"
"0.14","0.76","0.1","0.179668637684512","1,2,3,1,4,1,4,4,2,5,1,4,3,1,1,3,6","0.000437021255493164","louvain","graph_2024M08.graphml"
"0.13","0.77","0.1","0.177465290138839","1,2,3,1,4,1,4,4,2,4,1,4,3,1,1,3,5","0.000442028045654297","louvain","graph_2024M08.graphml"
"0.12","0.78","0.1","0.180048644988322","1,2,3,2,4,1,4,4,2,4,1,4,3,1,1,3,5","0.000578880310058594","louvain","graph_2024M08.graphml"
"0.11","0.79","0.1","0.180953360768176","1,2,3,2,4,1,4,4,2,4,1,4,3,1,1,4,5","0.000442028045654297","louvain","graph_2024M08.graphml"
"0.1","0.8","0.1","0.176427886408439","1,2,3,2,4,1,4,5,2,4,1,4,3,4,1,5,6","0.000538825988769531","louvain","graph_2024M08.graphml"
"0.09","0.81","0.1","0.177825036756984","1,2,3,2,4,1,4,5,2,4,1,4,3,4,1,5,6","0.000489950180053711","louvain","graph_2024M08.graphml"
"0.08","0.82","0.1","0.176905486825709","1,2,3,2,4,1,4,5,2,4,1,4,3,4,1,5,6","0.00046992301940918","louvain","graph_2024M08.graphml"
"0.07","0.83","0.1","0.175350765306122","1,2,3,2,4,1,4,5,2,4,1,4,3,4,1,5,6","0.000547885894775391","louvain","graph_2024M08.graphml"
"0.06","0.84","0.1","0.175350765306122","1,2,3,2,4,1,4,5,2,4,1,4,3,4,1,5,6","0.000440835952758789","louvain","graph_2024M08.graphml"
"0.05","0.85","0.1","0.17468750395765","1,2,3,4,5,1,4,4,2,4,1,5,3,4,1,4,6","0.000491857528686523","louvain","graph_2024M08.graphml"
"0.04","0.86","0.1","0.176391093037096","1,2,3,4,5,1,4,4,2,4,1,5,3,4,1,4,6","0.00049901008605957","louvain","graph_2024M08.graphml"
"0.03","0.87","0.1","0.174490612496153","1,2,3,4,5,1,4,4,2,4,1,5,3,4,1,4,6","0.000477075576782227","louvain","graph_2024M08.graphml"
"0.02","0.88","0.1","0.17627555941358","1,2,3,2,4,1,4,4,2,4,1,4,3,4,1,4,5","0.000492095947265625","louvain","graph_2024M08.graphml"
"0.01","0.89","0.1","0.174800349612672","1,2,3,2,4,1,4,4,2,4,1,4,3,4,1,4,5","0.000468969345092773","louvain","graph_2024M08.graphml"
"0","0.9","0.1","0.175225921521998","1,2,3,4,4,1,4,4,2,4,1,4,3,4,1,4,5","0.000513076782226562","louvain","graph_2024M08.graphml"
"0.89","0","0.11","0.175242694029475","1,2,2,1,1,3,2,4,5,2,1,4,2,2,6,4,7","0.000427007675170898","louvain","graph_2024M08.graphml"
"0.88","0.01","0.11","0.175783574687562","1,2,2,1,1,3,2,2,4,2,1,5,2,2,6,4,7","0.000452041625976562","louvain","graph_2024M08.graphml"
"0.87","0.02","0.11","0.175783574687562","1,2,2,1,1,3,2,2,4,2,1,5,2,2,6,4,7","0.000433921813964844","louvain","graph_2024M08.graphml"
"0.86","0.03","0.11","0.175612461419753","1,2,2,1,1,3,2,2,4,2,1,5,2,2,6,4,7","0.000404834747314453","louvain","graph_2024M08.graphml"
"0.85","0.04","0.11","0.181131300219138","1,2,2,1,1,3,2,2,4,2,1,5,2,1,6,4,7","0.000430822372436523","louvain","graph_2024M08.graphml"
"0.84","0.05","0.11","0.183798027115896","1,2,2,1,1,3,2,2,4,2,1,5,2,1,6,4,7","0.000443935394287109","louvain","graph_2024M08.graphml"
"0.83","0.06","0.11","0.183302553939012","1,2,2,1,1,3,2,2,4,2,1,5,2,1,6,2,7","0.000441074371337891","louvain","graph_2024M08.graphml"
"0.82","0.07","0.11","0.190508137119114","1,2,2,1,1,3,2,2,4,2,1,5,2,1,6,2,7","0.000422954559326172","louvain","graph_2024M08.graphml"
"0.81","0.08","0.11","0.19128722299169","1,2,2,1,1,3,2,2,4,2,1,5,2,1,6,4,7","0.000406980514526367","louvain","graph_2024M08.graphml"
"0.8","0.09","0.11","0.186317228416421","1,2,2,1,1,3,2,2,4,2,1,5,2,1,6,2,7","0.000440120697021484","louvain","graph_2024M08.graphml"
"0.79","0.1","0.11","0.180374609781478","1,2,2,1,1,3,2,2,4,2,1,5,2,1,6,4,7","0.000431060791015625","louvain","graph_2024M08.graphml"
"0.78","0.11","0.11","0.177999107468863","1,2,2,1,1,3,2,2,4,2,1,5,2,1,6,2,7","0.000533103942871094","louvain","graph_2024M08.graphml"
"0.77","0.12","0.11","0.178632174360191","1,2,3,1,1,4,5,3,2,5,1,5,3,1,6,3,7","0.000406026840209961","louvain","graph_2024M08.graphml"
"0.76","0.13","0.11","0.17845703125","1,2,3,1,1,4,3,3,2,2,1,5,3,1,6,3,7","0.000425815582275391","louvain","graph_2024M08.graphml"
"0.75","0.14","0.11","0.178478890413047","1,2,3,1,1,4,3,3,2,3,1,5,3,1,6,3,7","0.00044703483581543","louvain","graph_2024M08.graphml"
"0.74","0.15","0.11","0.181169784335127","1,2,3,1,1,4,3,3,2,2,1,5,3,1,6,3,7","0.000420093536376953","louvain","graph_2024M08.graphml"
"0.73","0.16","0.11","0.184432629387269","1,2,3,1,1,4,3,3,2,2,1,5,3,1,6,3,7","0.000416994094848633","louvain","graph_2024M08.graphml"
"0.72","0.17","0.11","0.184432629387269","1,2,3,1,1,4,3,3,2,2,1,5,3,1,6,3,7","0.000461101531982422","louvain","graph_2024M08.graphml"
"0.71","0.18","0.11","0.184188561474815","1,2,3,1,1,4,3,3,2,2,1,5,3,1,6,3,7","0.000416040420532227","louvain","graph_2024M08.graphml"
"0.7","0.19","0.11","0.187615979832639","1,2,3,1,1,4,5,3,2,5,1,5,3,1,6,3,7","0.000401020050048828","louvain","graph_2024M08.graphml"
"0.69","0.2","0.11","0.186672822406894","1,2,3,1,1,4,3,3,2,2,1,5,3,1,6,3,7","0.000430822372436523","louvain","graph_2024M08.graphml"
"0.68","0.21","0.11","0.183317184002138","1,2,3,1,1,4,3,3,2,5,1,6,3,1,7,5,8","0.000420093536376953","louvain","graph_2024M08.graphml"
"0.67","0.22","0.11","0.180803276522658","1,2,3,1,1,4,3,3,2,3,1,5,3,1,6,3,7","0.000432968139648438","louvain","graph_2024M08.graphml"
"0.66","0.23","0.11","0.184302084330812","1,2,3,1,4,5,3,3,2,4,1,6,3,1,7,4,8","0.000432014465332031","louvain","graph_2024M08.graphml"
"0.65","0.24","0.11","0.188360055548542","1,2,3,1,4,5,3,3,2,4,1,6,3,1,7,4,8","0.000456094741821289","louvain","graph_2024M08.graphml"
"0.64","0.25","0.11","0.186495427733217","1,2,3,1,4,5,3,3,2,4,1,6,3,1,7,4,8","0.000470161437988281","louvain","graph_2024M08.graphml"
"0.63","0.26","0.11","0.189336419753086","1,2,3,1,4,5,3,3,2,4,1,6,3,1,7,4,8","0.000472068786621094","louvain","graph_2024M08.graphml"
"0.62","0.27","0.11","0.186149015819345","1,2,3,1,4,5,3,3,2,4,1,3,3,1,6,4,7","0.000417947769165039","louvain","graph_2024M08.graphml"
"0.61","0.28","0.11","0.182582112476371","1,2,3,1,4,5,3,3,2,4,1,6,3,1,7,4,8","0.000429868698120117","louvain","graph_2024M08.graphml"
"0.6","0.29","0.11","0.180409057706355","1,2,3,1,4,5,3,3,2,4,4,6,3,1,7,1,8","0.000432014465332031","louvain","graph_2024M08.graphml"
"0.59","0.3","0.11","0.178272054572783","1,2,3,1,4,5,3,3,2,4,1,6,3,1,7,1,8","0.000397920608520508","louvain","graph_2024M08.graphml"
"0.58","0.31","0.11","0.176946582163875","1,2,3,1,4,5,3,3,2,4,1,6,3,1,7,4,8","0.000422954559326172","louvain","graph_2024M08.graphml"
"0.57","0.32","0.11","0.168975069252078","1,2,3,1,3,4,5,6,2,3,3,5,3,1,7,6,8","0.00044703483581543","louvain","graph_2024M08.graphml"
"0.56","0.33","0.11","0.1680908203125","1,2,3,1,4,5,3,3,2,4,1,6,3,1,7,4,8","0.00043797492980957","louvain","graph_2024M08.graphml"
"0.55","0.34","0.11","0.172866404506324","1,2,3,1,4,5,3,3,2,4,1,6,3,1,7,3,8","0.000478029251098633","louvain","graph_2024M08.graphml"
"0.54","0.35","0.11","0.177660442811958","1,2,3,1,4,5,3,3,2,4,1,6,3,1,7,3,8","0.000449895858764648","louvain","graph_2024M08.graphml"
"0.53","0.36","0.11","0.1747875","1,2,3,1,3,4,5,5,2,3,3,5,3,1,6,5,7","0.000463008880615234","louvain","graph_2024M08.graphml"
"0.52","0.37","0.11","0.175714043048849","1,2,3,1,3,4,5,6,2,5,3,6,3,1,7,5,8","0.000447988510131836","louvain","graph_2024M08.graphml"
"0.51","0.38","0.11","0.17433198769704","1,2,3,1,3,4,5,6,2,5,3,6,3,1,7,5,8","0.000457048416137695","louvain","graph_2024M08.graphml"
"0.5","0.39","0.11","0.175254965110038","1,2,3,1,3,4,5,5,2,5,3,6,3,1,7,5,8","0.000426054000854492","louvain","graph_2024M08.graphml"
"0.49","0.4","0.11","0.171378860374076","1,2,3,1,3,4,5,5,2,5,3,6,3,1,7,5,8","0.000447988510131836","louvain","graph_2024M08.graphml"
"0.48","0.41","0.11","0.169784580498866","1,2,3,1,3,4,5,5,2,5,3,6,3,1,7,5,8","0.000659942626953125","louvain","graph_2024M08.graphml"
"0.47","0.42","0.11","0.169784580498866","1,2,3,1,3,4,5,5,2,5,3,6,3,1,7,5,8","0.000455856323242188","louvain","graph_2024M08.graphml"
"0.46","0.43","0.11","0.171593180746165","1,2,3,1,3,4,5,5,2,5,3,6,3,1,7,5,8","0.000445127487182617","louvain","graph_2024M08.graphml"
"0.45","0.44","0.11","0.176642064809154","1,2,1,1,3,1,3,3,2,3,3,4,3,1,5,3,6","0.000594854354858398","louvain","graph_2024M08.graphml"
"0.44","0.45","0.11","0.174606514603148","1,2,3,1,2,1,3,3,2,3,3,3,3,1,4,3,5","0.000440120697021484","louvain","graph_2024M08.graphml"
"0.43","0.46","0.11","0.17205831166438","1,2,3,1,2,1,3,3,2,4,1,3,3,4,5,3,6","0.000444889068603516","louvain","graph_2024M08.graphml"
"0.42","0.47","0.11","0.170878507653061","1,2,3,1,3,1,4,4,2,4,4,5,3,1,6,4,7","0.000438928604125977","louvain","graph_2024M08.graphml"
"0.41","0.48","0.11","0.174984337066333","1,2,3,1,2,1,3,3,2,4,3,3,3,4,5,3,6","0.000435113906860352","louvain","graph_2024M08.graphml"
"0.4","0.49","0.11","0.175250829629917","1,2,2,1,2,1,3,3,2,4,3,3,3,4,5,3,6","0.000449895858764648","louvain","graph_2024M08.graphml"
"0.39","0.5","0.11","0.17769890735611","1,2,2,1,2,1,3,3,2,4,3,5,3,4,6,3,7","0.000442981719970703","louvain","graph_2024M08.graphml"
"0.38","0.51","0.11","0.1777140024027","1,2,2,1,3,1,2,2,3,2,2,4,2,1,5,2,6","0.000443220138549805","louvain","graph_2024M08.graphml"
"0.37","0.52","0.11","0.176392871198066","1,2,2,1,2,1,3,3,2,4,3,5,3,4,6,3,7","0.00046992301940918","louvain","graph_2024M08.graphml"
"0.36","0.53","0.11","0.175147125396107","1,2,3,1,3,1,2,2,3,4,2,5,2,4,6,2,7","0.000432968139648438","louvain","graph_2024M08.graphml"
"0.35","0.54","0.11","0.178577055723814","1,2,3,1,2,1,2,2,3,4,2,5,2,4,6,2,7","0.000468015670776367","louvain","graph_2024M08.graphml"
"0.34","0.55","0.11","0.185139334744894","1,2,3,1,2,1,2,2,3,4,2,5,2,4,6,2,7","0.000436067581176758","louvain","graph_2024M08.graphml"
"0.33","0.56","0.11","0.180865358774523","1,2,3,1,2,1,2,2,3,4,2,5,2,4,6,2,7","0.000447988510131836","louvain","graph_2024M08.graphml"
"0.32","0.57","0.11","0.18085856185153","1,2,3,1,2,1,2,2,3,2,2,4,2,1,5,2,6","0.000432014465332031","louvain","graph_2024M08.graphml"
"0.31","0.58","0.11","0.18085856185153","1,2,3,1,2,1,2,2,3,2,2,4,2,1,5,2,6","0.000478029251098633","louvain","graph_2024M08.graphml"
"0.3","0.59","0.11","0.182801118626431","1,2,3,1,2,1,2,2,3,2,2,4,2,1,5,2,6","0.000554084777832031","louvain","graph_2024M08.graphml"
"0.29","0.6","0.11","0.182184","1,2,3,1,2,1,2,2,3,2,2,4,2,1,1,2,5","0.000446081161499023","louvain","graph_2024M08.graphml"
"0.28","0.61","0.11","0.182184","1,2,3,1,2,1,2,2,3,2,2,4,2,1,1,2,5","0.000462055206298828","louvain","graph_2024M08.graphml"
"0.27","0.62","0.11","0.182184","1,2,3,1,2,1,2,2,3,2,2,4,2,1,1,2,5","0.000474929809570312","louvain","graph_2024M08.graphml"
"0.26","0.63","0.11","0.180738111476223","1,2,2,1,3,1,3,3,2,4,3,5,3,1,1,3,6","0.000442981719970703","louvain","graph_2024M08.graphml"
"0.25","0.64","0.11","0.181709289550781","1,2,2,1,3,1,3,3,2,4,3,5,3,1,1,3,6","0.000467061996459961","louvain","graph_2024M08.graphml"
"0.24","0.65","0.11","0.181616254975328","1,2,2,1,3,1,4,4,2,5,4,3,4,1,1,4,6","0.000456809997558594","louvain","graph_2024M08.graphml"
"0.23","0.66","0.11","0.17631126965253","1,2,3,1,4,1,5,5,2,5,5,4,3,1,1,5,6","0.000439167022705078","louvain","graph_2024M08.graphml"
"0.22","0.67","0.11","0.176365134670156","1,2,3,1,4,1,5,5,2,5,5,4,3,1,1,5,6","0.000464200973510742","louvain","graph_2024M08.graphml"
"0.21","0.68","0.11","0.176437672176309","1,2,2,1,3,1,4,4,2,5,4,3,4,1,1,4,6","0.000467061996459961","louvain","graph_2024M08.graphml"
"0.2","0.69","0.11","0.176437672176309","1,2,2,1,3,1,4,4,2,5,4,3,4,1,1,4,6","0.000454187393188477","louvain","graph_2024M08.graphml"
"0.19","0.7","0.11","0.176909932360271","1,2,2,1,3,1,4,4,2,3,4,3,4,1,1,4,5","0.000449895858764648","louvain","graph_2024M08.graphml"
"0.18","0.71","0.11","0.17413385663548","1,2,2,2,3,1,4,4,2,3,4,3,4,1,1,4,5","0.000439882278442383","louvain","graph_2024M08.graphml"
"0.17","0.72","0.11","0.172689642025572","1,2,3,2,4,1,4,4,2,4,1,4,3,1,1,3,5","0.000452041625976562","louvain","graph_2024M08.graphml"
"0.16","0.73","0.11","0.172689642025572","1,2,3,2,4,1,4,4,2,4,1,4,3,1,1,3,5","0.000458002090454102","louvain","graph_2024M08.graphml"
"0.15","0.74","0.11","0.176337190082645","1,2,3,2,4,1,4,5,2,4,1,4,3,1,1,5,6","0.000461101531982422","louvain","graph_2024M08.graphml"
"0.14","0.75","0.11","0.176288845210108","1,2,3,2,4,1,4,5,2,4,1,4,3,4,1,5,6","0.000458955764770508","louvain","graph_2024M08.graphml"
"0.13","0.76","0.11","0.175350765306122","1,2,3,2,4,1,4,5,2,4,1,4,3,4,1,5,6","0.000504016876220703","louvain","graph_2024M08.graphml"
"0.12","0.77","0.11","0.173680677802966","1,2,3,2,4,1,4,5,2,4,1,4,3,4,1,5,6","0.000468015670776367","louvain","graph_2024M08.graphml"
"0.11","0.78","0.11","0.173680677802966","1,2,3,2,4,1,4,5,2,4,1,4,3,4,1,5,6","0.000592947006225586","louvain","graph_2024M08.graphml"
"0.1","0.79","0.11","0.172646796270581","1,2,3,4,5,1,4,4,2,4,1,5,3,4,1,4,6","0.00047612190246582","louvain","graph_2024M08.graphml"
"0.09","0.8","0.11","0.171423715232672","1,2,3,4,5,1,4,4,2,4,1,5,3,4,1,4,6","0.000475168228149414","louvain","graph_2024M08.graphml"
"0.08","0.81","0.11","0.171423715232672","1,2,3,4,5,1,4,4,2,4,1,5,3,4,1,4,6","0.000449180603027344","louvain","graph_2024M08.graphml"
"0.07","0.82","0.11","0.172037760416667","1,2,3,2,4,1,4,4,2,4,1,4,3,4,1,4,5","0.000463962554931641","louvain","graph_2024M08.graphml"
"0.06","0.83","0.11","0.172453634415297","1,2,3,4,4,1,4,4,2,4,1,4,3,4,1,4,5","0.000476837158203125","louvain","graph_2024M08.graphml"
"0.05","0.84","0.11","0.174921174761753","1,2,3,2,4,1,4,4,2,4,1,4,3,4,1,4,5","0.00056910514831543","louvain","graph_2024M08.graphml"
"0.04","0.85","0.11","0.177384359166823","1,2,3,2,4,1,4,4,2,4,1,4,3,4,1,4,5","0.000465869903564453","louvain","graph_2024M08.graphml"
"0.03","0.86","0.11","0.176481281666354","1,2,3,4,4,1,4,4,2,4,1,4,3,4,1,4,5","0.000455856323242188","louvain","graph_2024M08.graphml"
"0.02","0.87","0.11","0.177934512923855","1,2,3,4,4,1,4,4,2,4,1,4,3,4,1,4,5","0.000483036041259766","louvain","graph_2024M08.graphml"
"0.01","0.88","0.11","0.179421768707483","1,2,3,4,4,1,4,4,2,4,1,4,3,4,1,4,5","0.000553131103515625","louvain","graph_2024M08.graphml"
"0","0.89","0.11","0.17936792366691","1,2,3,4,5,1,4,4,2,4,1,5,3,4,1,4,6","0.000481128692626953","louvain","graph_2024M08.graphml"
"0.88","0","0.12","0.183754111666453","1,2,3,1,1,4,3,3,5,2,1,3,3,1,6,3,7","0.000437021255493164","louvain","graph_2024M08.graphml"
"0.87","0.01","0.12","0.183736717827627","1,2,2,1,1,3,2,2,4,2,1,5,2,1,6,2,7","0.000442028045654297","louvain","graph_2024M08.graphml"
"0.86","0.02","0.12","0.177044745057232","1,2,3,1,1,4,3,3,5,2,1,3,3,1,6,3,7","0.000419139862060547","louvain","graph_2024M08.graphml"
"0.85","0.03","0.12","0.178242525051726","1,2,3,1,1,4,3,3,5,2,1,6,3,1,7,3,8","0.000422954559326172","louvain","graph_2024M08.graphml"
"0.84","0.04","0.12","0.180319660310848","1,2,2,1,1,3,2,2,4,2,1,5,2,1,6,2,7","0.000456809997558594","louvain","graph_2024M08.graphml"
"0.83","0.05","0.12","0.18172524208171","1,2,3,1,1,4,3,3,2,2,1,5,3,1,6,3,7","0.000457048416137695","louvain","graph_2024M08.graphml"
"0.82","0.06","0.12","0.1785360463344","1,2,3,1,1,4,3,3,2,2,1,5,3,1,6,3,7","0.000425100326538086","louvain","graph_2024M08.graphml"
"0.81","0.07","0.12","0.1785360463344","1,2,3,1,1,4,3,3,2,2,1,5,3,1,6,3,7","0.000439882278442383","louvain","graph_2024M08.graphml"
"0.8","0.08","0.12","0.184432629387269","1,2,3,1,1,4,3,3,2,2,1,5,3,1,6,3,7","0.000422954559326172","louvain","graph_2024M08.graphml"
"0.79","0.09","0.12","0.184432629387269","1,2,3,1,1,4,3,3,2,2,1,5,3,1,6,3,7","0.000422954559326172","louvain","graph_2024M08.graphml"
"0.78","0.1","0.12","0.177892292059806","1,2,3,1,1,4,3,3,2,2,1,5,3,1,6,3,7","0.000502824783325195","louvain","graph_2024M08.graphml"
"0.77","0.11","0.12","0.177892292059806","1,2,3,1,1,4,3,3,2,2,1,5,3,1,6,3,7","0.00041508674621582","louvain","graph_2024M08.graphml"
"0.76","0.12","0.12","0.180613423899723","1,2,3,1,1,4,3,3,2,2,1,5,3,1,6,3,7","0.000435829162597656","louvain","graph_2024M08.graphml"
"0.75","0.13","0.12","0.180653876406416","1,2,3,1,1,4,3,3,2,2,1,5,3,1,6,3,7","0.000422954559326172","louvain","graph_2024M08.graphml"
"0.74","0.14","0.12","0.178491214163033","1,2,3,1,1,4,3,5,2,5,3,6,3,1,7,5,8","0.000519037246704102","louvain","graph_2024M08.graphml"
"0.73","0.15","0.12","0.174938775510204","1,2,3,1,1,4,3,3,2,2,1,5,3,1,6,2,7","0.000401020050048828","louvain","graph_2024M08.graphml"
"0.72","0.16","0.12","0.183904996722949","1,2,3,1,4,5,3,3,2,4,1,6,3,1,7,4,8","0.000444173812866211","louvain","graph_2024M08.graphml"
"0.71","0.17","0.12","0.182083333333333","1,2,3,1,4,5,3,3,2,4,1,6,3,1,7,4,8","0.000437021255493164","louvain","graph_2024M08.graphml"
"0.7","0.18","0.12","0.18612069228656","1,2,3,1,4,5,3,3,2,4,1,6,3,1,7,4,8","0.000467061996459961","louvain","graph_2024M08.graphml"
"0.69","0.19","0.12","0.180820567947684","1,2,3,1,4,5,3,3,2,4,1,6,3,1,7,1,8","0.000446081161499023","louvain","graph_2024M08.graphml"
"0.68","0.2","0.12","0.182582112476371","1,2,3,1,4,5,3,3,2,4,1,6,3,1,7,4,8","0.000461101531982422","louvain","graph_2024M08.graphml"
"0.67","0.21","0.12","0.180839437618147","1,2,3,1,4,5,3,3,2,4,1,3,3,1,6,4,7","0.000441074371337891","louvain","graph_2024M08.graphml"
"0.66","0.22","0.12","0.181117561268552","1,2,3,1,4,5,3,3,2,4,1,6,3,1,7,1,8","0.00044703483581543","louvain","graph_2024M08.graphml"
"0.65","0.23","0.12","0.177752942507922","1,2,3,1,4,5,3,3,2,4,1,3,3,1,6,1,7","0.000445842742919922","louvain","graph_2024M08.graphml"
"0.64","0.24","0.12","0.170863647346237","1,2,3,1,4,5,3,3,2,4,1,6,3,1,7,1,8","0.000468015670776367","louvain","graph_2024M08.graphml"
"0.63","0.25","0.12","0.169452120310341","1,2,3,1,4,5,3,3,2,4,1,6,3,1,7,1,8","0.000416994094848633","louvain","graph_2024M08.graphml"
"0.62","0.26","0.12","0.170848126232742","1,2,1,1,3,4,3,3,2,3,1,5,3,1,6,3,7","0.000421047210693359","louvain","graph_2024M08.graphml"
"0.61","0.27","0.12","0.166649488520704","1,2,3,1,4,5,3,3,2,4,1,3,3,1,6,3,7","0.000449180603027344","louvain","graph_2024M08.graphml"
"0.6","0.28","0.12","0.1704875","1,2,1,1,3,4,3,3,2,3,1,5,3,1,6,3,7","0.000489950180053711","louvain","graph_2024M08.graphml"
"0.59","0.29","0.12","0.169859656939185","1,2,1,1,3,4,3,3,2,3,1,3,3,1,5,3,6","0.000442981719970703","louvain","graph_2024M08.graphml"
"0.58","0.3","0.12","0.170897134121187","1,2,1,1,3,4,3,5,2,3,3,5,3,1,6,3,7","0.000417947769165039","louvain","graph_2024M08.graphml"
"0.57","0.31","0.12","0.170826888756692","1,2,3,1,3,4,3,5,2,3,3,5,3,1,6,3,7","0.000442028045654297","louvain","graph_2024M08.graphml"
"0.56","0.32","0.12","0.174823216411118","1,2,3,1,3,4,3,5,2,3,3,5,3,1,6,3,7","0.000489950180053711","louvain","graph_2024M08.graphml"
"0.55","0.33","0.12","0.170428790549667","1,2,3,1,3,4,3,5,2,3,1,5,3,3,6,3,7","0.000468015670776367","louvain","graph_2024M08.graphml"
"0.54","0.34","0.12","0.169784580498866","1,2,3,1,3,4,5,5,2,5,3,6,3,1,7,5,8","0.000542879104614258","louvain","graph_2024M08.graphml"
"0.53","0.35","0.12","0.169784580498866","1,2,3,1,3,4,5,5,2,5,3,6,3,1,7,5,8","0.000462055206298828","louvain","graph_2024M08.graphml"
"0.52","0.36","0.12","0.170523926028786","1,2,1,1,3,1,3,4,2,3,3,4,3,1,5,3,6","0.000434160232543945","louvain","graph_2024M08.graphml"
"0.51","0.37","0.12","0.17077910734562","1,2,3,1,1,1,3,3,2,4,1,3,3,4,5,3,6","0.000456094741821289","louvain","graph_2024M08.graphml"
"0.5","0.38","0.12","0.171503930276683","1,2,1,1,2,1,3,3,2,3,1,3,3,1,4,3,5","0.000436067581176758","louvain","graph_2024M08.graphml"
"0.49","0.39","0.12","0.169369834710744","1,2,3,1,2,1,3,3,2,4,1,3,3,4,5,3,6","0.00043797492980957","louvain","graph_2024M08.graphml"
"0.48","0.4","0.12","0.171137565605582","1,2,2,1,3,1,4,2,3,4,2,2,2,1,5,4,6","0.000449895858764648","louvain","graph_2024M08.graphml"
"0.47","0.41","0.12","0.177333333333333","1,2,3,1,2,1,3,3,2,4,1,3,3,4,5,3,6","0.000432014465332031","louvain","graph_2024M08.graphml"
"0.46","0.42","0.12","0.174015081563558","1,2,3,1,3,1,2,2,3,2,2,2,2,1,4,2,5","0.000474929809570312","louvain","graph_2024M08.graphml"
"0.45","0.43","0.12","0.174015081563558","1,2,3,1,3,1,2,2,3,2,2,2,2,1,4,2,5","0.00043797492980957","louvain","graph_2024M08.graphml"
"0.44","0.44","0.12","0.17444388223609","1,2,2,1,2,1,3,3,2,4,3,3,3,4,5,3,6","0.000457048416137695","louvain","graph_2024M08.graphml"
"0.43","0.45","0.12","0.17401745927387","1,2,2,1,2,1,3,3,2,4,3,5,3,4,6,3,7","0.000432968139648438","louvain","graph_2024M08.graphml"
"0.42","0.46","0.12","0.17401745927387","1,2,2,1,2,1,3,3,2,4,3,5,3,4,6,3,7","0.000451087951660156","louvain","graph_2024M08.graphml"
"0.41","0.47","0.12","0.171780738293594","1,2,3,1,2,1,2,2,3,2,2,4,2,1,5,2,6","0.000477075576782227","louvain","graph_2024M08.graphml"
"0.4","0.48","0.12","0.172983666252342","1,2,3,1,3,1,2,2,3,2,2,4,2,1,5,2,6","0.000474929809570312","louvain","graph_2024M08.graphml"
"0.39","0.49","0.12","0.177522843321688","1,2,3,1,2,1,2,2,3,2,2,4,2,1,5,2,6","0.00045013427734375","louvain","graph_2024M08.graphml"
"0.38","0.5","0.12","0.17865889212828","1,2,3,1,2,1,2,2,3,2,2,4,2,1,5,2,6","0.000656843185424805","louvain","graph_2024M08.graphml"
"0.37","0.51","0.12","0.18085856185153","1,2,3,1,2,1,2,2,3,2,2,4,2,1,5,2,6","0.000636816024780273","louvain","graph_2024M08.graphml"
"0.36","0.52","0.12","0.18470669827906","1,2,3,1,2,1,2,2,3,2,2,4,2,1,1,2,5","0.000427961349487305","louvain","graph_2024M08.graphml"
"0.35","0.53","0.12","0.182184","1,2,3,1,2,1,2,2,3,2,2,4,2,1,1,2,5","0.000543117523193359","louvain","graph_2024M08.graphml"
"0.34","0.54","0.12","0.179790796971477","1,2,3,1,2,1,2,2,3,4,2,5,2,1,1,2,6","0.000449895858764648","louvain","graph_2024M08.graphml"
"0.33","0.55","0.12","0.177193562610229","1,2,3,1,2,1,2,2,3,2,2,4,2,1,1,2,5","0.000537872314453125","louvain","graph_2024M08.graphml"
"0.32","0.56","0.12","0.176956103912208","1,2,3,1,3,1,3,3,2,3,3,4,3,1,1,3,5","0.000683784484863281","louvain","graph_2024M08.graphml"
"0.31","0.57","0.12","0.176959530045875","1,2,2,1,3,1,3,3,2,3,3,4,3,1,1,3,5","0.000468015670776367","louvain","graph_2024M08.graphml"
"0.3","0.58","0.12","0.16970733849112","1,2,3,1,3,1,4,4,2,5,1,4,3,1,1,2,6","0.000442028045654297","louvain","graph_2024M08.graphml"
"0.29","0.59","0.12","0.177181952662722","1,2,2,1,3,1,4,4,2,4,4,3,4,1,1,4,5","0.00050806999206543","louvain","graph_2024M08.graphml"
"0.28","0.6","0.12","0.171420723156327","1,2,3,1,4,1,4,4,2,5,1,4,3,1,1,3,6","0.000546932220458984","louvain","graph_2024M08.graphml"
"0.27","0.61","0.12","0.176408976124885","1,2,2,1,3,1,4,4,2,4,4,3,4,1,1,4,5","0.000735044479370117","louvain","graph_2024M08.graphml"
"0.26","0.62","0.12","0.176408976124885","1,2,2,1,3,1,4,4,2,4,4,3,4,1,1,4,5","0.000519037246704102","louvain","graph_2024M08.graphml"
"0.25","0.63","0.12","0.171829950816892","1,2,3,1,4,1,3,3,2,4,1,4,3,1,1,3,5","0.000478982925415039","louvain","graph_2024M08.graphml"
"0.24","0.64","0.12","0.170167631735327","1,2,3,1,4,1,5,5,2,4,1,4,3,1,1,5,6","0.000548124313354492","louvain","graph_2024M08.graphml"
"0.23","0.65","0.12","0.172689642025572","1,2,3,2,4,1,4,4,2,4,1,4,3,1,1,3,5","0.000454902648925781","louvain","graph_2024M08.graphml"
"0.22","0.66","0.12","0.169155630694092","1,2,3,2,4,1,4,4,2,4,1,4,3,1,1,3,5","0.000475168228149414","louvain","graph_2024M08.graphml"
"0.21","0.67","0.12","0.169155630694092","1,2,3,2,4,1,4,4,2,4,1,4,3,1,1,3,5","0.000433921813964844","louvain","graph_2024M08.graphml"
"0.2","0.68","0.12","0.171021487603306","1,2,3,2,4,1,4,4,2,4,1,4,3,1,1,4,5","0.000466108322143555","louvain","graph_2024M08.graphml"
"0.19","0.69","0.12","0.171914543749438","1,2,3,2,4,1,4,5,2,4,1,4,3,4,1,5,6","0.000481843948364258","louvain","graph_2024M08.graphml"
"0.18","0.7","0.12","0.173680677802966","1,2,3,2,4,1,4,5,2,4,1,4,3,4,1,5,6","0.000568151473999023","louvain","graph_2024M08.graphml"
"0.17","0.71","0.12","0.168685528664947","1,2,3,2,4,1,4,4,2,4,1,4,3,4,1,4,5","0.000509023666381836","louvain","graph_2024M08.graphml"
"0.16","0.72","0.12","0.170187750076947","1,2,3,2,4,1,4,4,2,4,1,4,3,4,1,4,5","0.000483036041259766","louvain","graph_2024M08.graphml"
"0.15","0.73","0.12","0.170187750076947","1,2,3,2,4,1,4,4,2,4,1,4,3,4,1,4,5","0.000497102737426758","louvain","graph_2024M08.graphml"
"0.14","0.74","0.12","0.171423715232672","1,2,3,4,5,1,4,4,2,4,1,5,3,4,1,4,6","0.000465869903564453","louvain","graph_2024M08.graphml"
"0.13","0.75","0.12","0.169801606781528","1,2,3,4,5,3,4,4,2,4,1,5,3,4,1,4,6","0.000478982925415039","louvain","graph_2024M08.graphml"
"0.12","0.76","0.12","0.171083241813394","1,2,3,4,4,3,4,4,2,4,1,4,3,4,1,4,5","0.000491142272949219","louvain","graph_2024M08.graphml"
"0.11","0.77","0.12","0.171083241813394","1,2,3,4,4,3,4,4,2,4,1,4,3,4,1,4,5","0.000746965408325195","louvain","graph_2024M08.graphml"
"0.1","0.78","0.12","0.171083241813394","1,2,3,4,4,3,4,4,2,4,1,4,3,4,1,4,5","0.000488996505737305","louvain","graph_2024M08.graphml"
"0.09","0.79","0.12","0.173678222931131","1,2,3,4,4,3,4,4,2,4,1,4,3,4,1,4,5","0.000472068786621094","louvain","graph_2024M08.graphml"
"0.08","0.8","0.12","0.175914966963516","1,2,3,4,4,3,4,4,2,4,1,4,3,4,1,4,5","0.000488042831420898","louvain","graph_2024M08.graphml"
"0.07","0.81","0.12","0.176817006607297","1,2,3,2,4,3,4,4,2,4,1,4,3,4,1,4,5","0.000511884689331055","louvain","graph_2024M08.graphml"
"0.06","0.82","0.12","0.175914966963516","1,2,3,4,4,3,4,4,2,4,1,4,3,4,1,4,5","0.000502109527587891","louvain","graph_2024M08.graphml"
"0.05","0.83","0.12","0.173173939167205","1,2,3,4,4,3,4,4,2,4,1,4,3,4,1,4,5","0.00049901008605957","louvain","graph_2024M08.graphml"
"0.04","0.84","0.12","0.177696714164303","1,2,3,2,4,3,4,4,2,4,1,4,3,4,1,4,5","0.000479936599731445","louvain","graph_2024M08.graphml"
"0.03","0.85","0.12","0.169163223140496","1,2,3,2,4,3,4,4,2,2,1,4,3,1,1,4,5","0.000542163848876953","louvain","graph_2024M08.graphml"
"0.02","0.86","0.12","0.171823635765944","1,2,1,2,3,4,3,3,2,2,1,3,4,1,1,3,5","0.000467061996459961","louvain","graph_2024M08.graphml"
"0.01","0.87","0.12","0.168158226253464","1,2,1,1,3,4,3,3,2,3,4,3,4,3,1,3,5","0.000480890274047852","louvain","graph_2024M08.graphml"
"0","0.88","0.12","0.168988343214228","1,2,1,1,3,4,3,3,2,2,4,3,4,1,1,3,5","0.000473976135253906","louvain","graph_2024M08.graphml"
"0.87","0","0.13","0.177180172381347","1,2,3,1,1,4,3,3,2,2,3,5,3,1,6,3,7","0.000449180603027344","louvain","graph_2024M08.graphml"
"0.86","0.01","0.13","0.173102046741182","1,2,3,1,1,4,3,3,2,2,3,5,3,1,6,3,7","0.000438928604125977","louvain","graph_2024M08.graphml"
"0.85","0.02","0.13","0.176808060525655","1,2,3,1,1,4,3,3,2,2,3,5,3,1,6,3,7","0.000523090362548828","louvain","graph_2024M08.graphml"
"0.84","0.03","0.13","0.176808060525655","1,2,3,1,1,4,3,3,2,2,3,5,3,1,6,3,7","0.000398874282836914","louvain","graph_2024M08.graphml"
"0.83","0.04","0.13","0.173805980725624","1,2,3,1,1,4,3,3,2,2,3,5,3,1,6,3,7","0.000462055206298828","louvain","graph_2024M08.graphml"
"0.82","0.05","0.13","0.170570934256055","1,2,3,1,1,4,3,3,2,3,3,5,3,1,6,3,7","0.000428199768066406","louvain","graph_2024M08.graphml"
"0.81","0.06","0.13","0.168291098115659","1,2,1,1,1,3,4,4,2,4,4,5,4,1,6,4,7","0.000440120697021484","louvain","graph_2024M08.graphml"
"0.8","0.07","0.13","0.170838890598817","1,2,3,1,1,4,3,3,2,5,3,6,3,1,7,3,8","0.000422954559326172","louvain","graph_2024M08.graphml"
"0.79","0.08","0.13","0.173436734693878","1,2,3,1,1,4,3,3,2,3,1,5,3,1,6,3,7","0.000438928604125977","louvain","graph_2024M08.graphml"
"0.78","0.09","0.13","0.177806505154968","1,2,3,1,1,4,3,3,2,3,1,5,3,1,6,3,7","0.000464916229248047","louvain","graph_2024M08.graphml"
"0.77","0.1","0.13","0.17310633251147","1,2,3,1,4,5,3,3,2,4,1,6,3,1,7,4,8","0.000448942184448242","louvain","graph_2024M08.graphml"
"0.76","0.11","0.13","0.170910493827161","1,2,3,1,4,5,3,3,2,4,1,6,3,1,7,4,8","0.000648975372314453","louvain","graph_2024M08.graphml"
"0.75","0.12","0.13","0.177922352372902","1,2,3,1,4,5,3,3,2,4,1,6,3,1,7,1,8","0.000448942184448242","louvain","graph_2024M08.graphml"
"0.74","0.13","0.13","0.180839437618147","1,2,3,1,4,5,3,3,2,4,1,3,3,1,6,4,7","0.000447988510131836","louvain","graph_2024M08.graphml"
"0.73","0.14","0.13","0.179058594755355","1,2,3,1,3,4,3,3,2,3,1,5,3,1,6,1,7","0.000444173812866211","louvain","graph_2024M08.graphml"
"0.72","0.15","0.13","0.172461577223482","1,2,3,1,3,4,3,3,2,3,1,5,3,1,6,1,7","0.000510931015014648","louvain","graph_2024M08.graphml"
"0.71","0.16","0.13","0.165079752604167","1,2,3,1,3,4,3,3,2,3,1,5,3,1,6,1,7","0.000445127487182617","louvain","graph_2024M08.graphml"
"0.7","0.17","0.13","0.166429980276134","1,2,3,1,4,5,3,3,2,4,1,3,3,1,6,3,7","0.000425100326538086","louvain","graph_2024M08.graphml"
"0.69","0.18","0.13","0.168640670553936","1,2,3,1,4,5,3,3,2,4,1,3,3,1,6,3,7","0.000481128692626953","louvain","graph_2024M08.graphml"
"0.68","0.19","0.13","0.167035996804865","1,2,3,1,3,4,3,3,2,3,1,5,3,1,6,3,7","0.000435829162597656","louvain","graph_2024M08.graphml"
"0.67","0.2","0.13","0.163669523518008","1,2,3,1,4,5,3,3,2,4,1,3,3,1,6,3,7","0.00044703483581543","louvain","graph_2024M08.graphml"
"0.66","0.21","0.13","0.16405","1,2,3,1,3,4,3,3,2,3,1,5,3,1,6,3,7","0.000452995300292969","louvain","graph_2024M08.graphml"
"0.65","0.22","0.13","0.167619613375907","1,2,3,1,4,5,3,3,2,4,1,3,3,1,6,3,7","0.000605106353759766","louvain","graph_2024M08.graphml"
"0.64","0.23","0.13","0.166320140590579","1,2,3,1,3,4,3,3,2,3,3,5,3,1,6,3,7","0.000439882278442383","louvain","graph_2024M08.graphml"
"0.63","0.24","0.13","0.169052876798758","1,2,3,1,4,5,3,3,2,4,1,3,3,1,6,3,7","0.000452995300292969","louvain","graph_2024M08.graphml"
"0.62","0.25","0.13","0.173060608916957","1,2,3,1,2,4,3,3,2,2,1,3,3,2,5,3,6","0.000492095947265625","louvain","graph_2024M08.graphml"
"0.61","0.26","0.13","0.173273391272189","1,2,3,1,4,5,3,3,2,4,1,3,3,4,6,3,7","0.000396966934204102","louvain","graph_2024M08.graphml"
"0.6","0.27","0.13","0.167763527324184","1,2,3,1,4,5,3,3,2,4,1,3,3,4,6,3,7","0.000425100326538086","louvain","graph_2024M08.graphml"
"0.59","0.28","0.13","0.168220591152549","1,2,3,1,3,1,3,3,2,3,3,4,3,1,5,3,6","0.000454902648925781","louvain","graph_2024M08.graphml"
"0.58","0.29","0.13","0.167452677122769","1,2,3,1,3,1,4,4,2,4,3,4,3,1,5,4,6","0.000442981719970703","louvain","graph_2024M08.graphml"
"0.57","0.3","0.13","0.164769379681845","1,2,3,1,3,1,4,4,2,4,3,4,3,1,5,4,6","0.000431060791015625","louvain","graph_2024M08.graphml"
"0.56","0.31","0.13","0.170596943349805","1,2,3,1,2,1,3,3,2,4,1,3,3,4,5,3,6","0.000429153442382812","louvain","graph_2024M08.graphml"
"0.55","0.32","0.13","0.16881424490732","1,2,3,1,2,1,3,3,2,3,1,3,3,1,4,3,5","0.000432014465332031","louvain","graph_2024M08.graphml"
"0.54","0.33","0.13","0.175794926393808","1,2,3,1,2,1,3,3,2,4,1,3,3,4,5,3,6","0.000452995300292969","louvain","graph_2024M08.graphml"
"0.53","0.34","0.13","0.176139987244898","1,2,2,1,2,1,3,3,2,3,3,3,3,1,4,3,5","0.000451087951660156","louvain","graph_2024M08.graphml"
"0.52","0.35","0.13","0.174548148148148","1,2,3,1,3,1,4,2,3,4,2,2,2,1,5,4,6","0.000540971755981445","louvain","graph_2024M08.graphml"
"0.51","0.36","0.13","0.173652987704597","1,2,2,1,2,1,3,3,2,4,1,3,3,4,5,3,6","0.000432014465332031","louvain","graph_2024M08.graphml"
"0.5","0.37","0.13","0.170901969603268","1,2,3,1,3,1,4,2,3,4,2,2,2,1,5,4,6","0.000537872314453125","louvain","graph_2024M08.graphml"
"0.49","0.38","0.13","0.168127981727422","1,2,3,1,3,1,4,2,3,4,4,2,2,1,5,4,6","0.000443220138549805","louvain","graph_2024M08.graphml"
"0.48","0.39","0.13","0.164028972385695","1,2,3,1,3,1,4,2,3,4,4,2,2,1,5,4,6","0.000429153442382812","louvain","graph_2024M08.graphml"
"0.47","0.4","0.13","0.161788997414536","1,2,3,1,3,1,4,2,3,4,4,2,2,1,5,4,6","0.000506162643432617","louvain","graph_2024M08.graphml"
"0.46","0.41","0.13","0.17046875","1,2,3,1,2,1,2,2,3,2,2,4,2,1,5,2,6","0.000446081161499023","louvain","graph_2024M08.graphml"
"0.45","0.42","0.13","0.171691258759319","1,2,3,1,2,1,2,2,3,2,2,4,2,1,5,2,6","0.000558853149414062","louvain","graph_2024M08.graphml"
"0.44","0.43","0.13","0.176362611843453","1,2,3,1,3,1,2,2,3,2,2,4,2,1,5,2,6","0.000443935394287109","louvain","graph_2024M08.graphml"
"0.43","0.44","0.13","0.180191586838817","1,2,3,1,2,1,2,2,3,2,2,4,2,1,1,2,5","0.000468969345092773","louvain","graph_2024M08.graphml"
"0.42","0.45","0.13","0.181356996496794","1,2,3,1,2,1,2,2,3,2,2,4,2,1,1,2,5","0.00043797492980957","louvain","graph_2024M08.graphml"
"0.41","0.46","0.13","0.1774487508266","1,2,3,1,2,1,2,2,3,2,2,4,2,1,1,2,5","0.000434160232543945","louvain","graph_2024M08.graphml"
"0.4","0.47","0.13","0.179679687624006","1,2,3,1,2,1,2,2,3,2,2,4,2,1,1,2,5","0.000433921813964844","louvain","graph_2024M08.graphml"
"0.39","0.48","0.13","0.177685505574779","1,2,3,1,2,1,2,2,3,2,2,4,2,1,1,2,5","0.000488042831420898","louvain","graph_2024M08.graphml"
"0.38","0.49","0.13","0.177685505574779","1,2,3,1,2,1,2,2,3,2,2,4,2,1,1,2,5","0.000625848770141602","louvain","graph_2024M08.graphml"
"0.37","0.5","0.13","0.176959530045875","1,2,2,1,3,1,3,3,2,3,3,4,3,1,1,3,5","0.000463962554931641","louvain","graph_2024M08.graphml"
"0.36","0.51","0.13","0.170905323414976","1,2,3,1,3,1,3,3,2,3,3,4,3,1,1,3,5","0.000515937805175781","louvain","graph_2024M08.graphml"
"0.35","0.52","0.13","0.175613905325444","1,2,2,1,3,1,3,3,2,3,3,4,3,1,1,3,5","0.000751972198486328","louvain","graph_2024M08.graphml"
"0.34","0.53","0.13","0.175157946478914","1,2,2,1,3,1,3,3,2,3,3,4,3,1,1,3,5","0.000462055206298828","louvain","graph_2024M08.graphml"
"0.33","0.54","0.13","0.172843491735537","1,2,2,1,3,1,3,3,2,3,3,4,3,1,1,3,5","0.000453948974609375","louvain","graph_2024M08.graphml"
"0.32","0.55","0.13","0.172843491735537","1,2,2,1,3,1,3,3,2,3,3,4,3,1,1,3,5","0.000490903854370117","louvain","graph_2024M08.graphml"
"0.31","0.56","0.13","0.172932330827068","1,2,2,1,3,1,3,3,2,3,3,4,3,1,1,3,5","0.000466108322143555","louvain","graph_2024M08.graphml"
"0.3","0.57","0.13","0.169252400548697","1,2,3,1,4,1,4,4,2,4,1,4,3,1,1,3,5","0.000442981719970703","louvain","graph_2024M08.graphml"
"0.29","0.58","0.13","0.166556282439446","1,2,3,2,4,1,5,5,2,4,1,4,3,1,1,5,6","0.000458002090454102","louvain","graph_2024M08.graphml"
"0.28","0.59","0.13","0.167171280276817","1,2,3,2,4,1,4,4,2,4,1,4,3,1,1,3,5","0.000549077987670898","louvain","graph_2024M08.graphml"
"0.27","0.6","0.13","0.170307438016529","1,2,3,2,4,3,4,4,2,4,1,4,3,1,1,3,5","0.000519990921020508","louvain","graph_2024M08.graphml"
"0.26","0.61","0.13","0.168707992018483","1,2,3,2,4,3,4,4,2,4,3,4,3,1,1,1,5","0.000470876693725586","louvain","graph_2024M08.graphml"
"0.25","0.62","0.13","0.164330357142857","1,2,3,2,4,3,4,4,2,4,1,4,3,1,1,4,5","0.000504016876220703","louvain","graph_2024M08.graphml"
"0.24","0.63","0.13","0.166911513278707","1,2,3,2,4,3,4,4,2,4,1,4,3,1,1,4,5","0.000462055206298828","louvain","graph_2024M08.graphml"
"0.23","0.64","0.13","0.167331486611265","1,2,3,2,4,3,4,4,2,4,1,4,3,4,1,4,5","0.00047612190246582","louvain","graph_2024M08.graphml"
"0.22","0.65","0.13","0.167331486611265","1,2,3,2,4,3,4,4,2,4,1,4,3,4,1,4,5","0.000488996505737305","louvain","graph_2024M08.graphml"
"0.21","0.66","0.13","0.170112230426916","1,2,3,2,4,3,4,4,2,4,1,4,3,4,1,4,5","0.000470161437988281","louvain","graph_2024M08.graphml"
"0.2","0.67","0.13","0.170398099922839","1,2,3,2,4,3,4,4,2,4,1,4,3,4,1,4,5","0.000470161437988281","louvain","graph_2024M08.graphml"
"0.19","0.68","0.13","0.171189060642093","1,2,3,4,5,3,4,4,2,4,1,5,3,4,1,4,6","0.000490903854370117","louvain","graph_2024M08.graphml"
"0.18","0.69","0.13","0.171083241813394","1,2,3,4,4,3,4,4,2,4,1,4,3,4,1,4,5","0.000494003295898438","louvain","graph_2024M08.graphml"
"0.17","0.7","0.13","0.171083241813394","1,2,3,4,4,3,4,4,2,4,1,4,3,4,1,4,5","0.000503063201904297","louvain","graph_2024M08.graphml"
"0.16","0.71","0.13","0.169192156126853","1,2,3,4,5,3,4,4,2,4,1,5,3,4,1,4,6","0.00048518180847168","louvain","graph_2024M08.graphml"
"0.15","0.72","0.13","0.170636815804494","1,2,3,4,4,3,4,4,2,4,1,4,3,4,1,4,5","0.00047612190246582","louvain","graph_2024M08.graphml"
"0.14","0.73","0.13","0.171933352484918","1,2,3,4,4,3,4,4,2,4,1,4,3,4,1,4,5","0.000474929809570312","louvain","graph_2024M08.graphml"
"0.13","0.74","0.13","0.170562454346238","1,2,3,4,4,3,4,4,2,4,1,4,3,4,1,4,5","0.000481128692626953","louvain","graph_2024M08.graphml"
"0.12","0.75","0.13","0.170562454346238","1,2,3,4,4,3,4,4,2,4,1,4,3,4,1,4,5","0.000472784042358398","louvain","graph_2024M08.graphml"
"0.11","0.76","0.13","0.170228279461427","1,2,3,4,5,3,4,4,2,4,1,5,3,4,1,4,6","0.000488042831420898","louvain","graph_2024M08.graphml"
"0.1","0.77","0.13","0.168001623307275","1,2,3,4,5,3,4,4,2,4,1,5,3,4,1,4,6","0.000646114349365234","louvain","graph_2024M08.graphml"
"0.09","0.78","0.13","0.166496247259234","1,2,1,3,4,4,3,3,2,3,1,4,4,3,1,3,5","0.000472068786621094","louvain","graph_2024M08.graphml"
"0.08","0.79","0.13","0.162172640894945","1,2,1,1,3,4,3,3,2,3,4,3,4,3,1,3,5","0.000473976135253906","louvain","graph_2024M08.graphml"
"0.07","0.8","0.13","0.166583837072498","1,2,1,1,3,4,3,3,2,3,4,3,4,3,1,3,5","0.000463962554931641","louvain","graph_2024M08.graphml"
"0.06","0.81","0.13","0.166860278801474","1,2,1,1,3,4,3,3,2,3,4,3,4,3,1,3,5","0.000462055206298828","louvain","graph_2024M08.graphml"
"0.05","0.82","0.13","0.165644995969708","1,2,1,1,3,4,3,3,2,3,4,3,4,3,1,3,5","0.000545978546142578","louvain","graph_2024M08.graphml"
"0.04","0.83","0.13","0.1682958984375","1,2,1,1,3,4,3,3,2,5,4,3,4,5,1,3,6","0.000499963760375977","louvain","graph_2024M08.graphml"
"0.03","0.84","0.13","0.169621801030658","1,2,1,1,3,4,3,3,2,3,4,3,4,3,1,3,5","0.000501871109008789","louvain","graph_2024M08.graphml"
"0.02","0.85","0.13","0.16839145866286","1,2,1,1,3,4,3,3,2,3,4,3,4,3,1,3,5","0.000695943832397461","louvain","graph_2024M08.graphml"
"0.01","0.86","0.13","0.168326627218935","1,2,1,1,3,4,3,3,2,3,4,3,4,3,1,3,5","0.000501155853271484","louvain","graph_2024M08.graphml"
"0","0.87","0.13","0.167143618662851","1,2,3,1,4,4,5,3,2,5,1,3,4,5,1,3,6","0.000525951385498047","louvain","graph_2024M08.graphml"
"0.86","0","0.14","0.169044077879935","1,2,3,1,1,4,3,3,2,5,3,6,3,1,7,3,8","0.000428915023803711","louvain","graph_2024M08.graphml"
"0.85","0.01","0.14","0.173208163265306","1,2,3,1,1,4,3,3,2,3,1,5,3,1,6,3,7","0.000683069229125977","louvain","graph_2024M08.graphml"
"0.84","0.02","0.14","0.166602828050688","1,2,3,1,3,4,3,3,2,3,1,5,3,1,6,3,7","0.000442028045654297","louvain","graph_2024M08.graphml"
"0.83","0.03","0.14","0.165397459505009","1,2,1,1,3,4,3,3,2,3,1,5,3,1,6,3,7","0.000439882278442383","louvain","graph_2024M08.graphml"
"0.82","0.04","0.14","0.167484567901235","1,2,3,1,3,4,3,3,2,3,1,5,3,1,6,3,7","0.000458002090454102","louvain","graph_2024M08.graphml"
"0.81","0.05","0.14","0.170412925330813","1,2,3,1,3,4,3,3,2,3,1,5,3,1,6,1,7","0.000491142272949219","louvain","graph_2024M08.graphml"
"0.8","0.06","0.14","0.174828341855369","1,2,3,1,3,4,3,3,2,3,1,5,3,1,6,3,7","0.000446081161499023","louvain","graph_2024M08.graphml"
"0.79","0.07","0.14","0.169521576253253","1,2,1,1,3,4,3,3,2,3,1,5,3,1,6,3,7","0.000424861907958984","louvain","graph_2024M08.graphml"
"0.78","0.08","0.14","0.167963988919668","1,2,1,1,3,4,3,3,2,3,1,5,3,1,6,3,7","0.000468015670776367","louvain","graph_2024M08.graphml"
"0.77","0.09","0.14","0.166429980276134","1,2,3,1,4,5,3,3,2,4,1,3,3,1,6,3,7","0.000437021255493164","louvain","graph_2024M08.graphml"
"0.76","0.1","0.14","0.166429980276134","1,2,3,1,4,5,3,3,2,4,1,3,3,1,6,3,7","0.000415802001953125","louvain","graph_2024M08.graphml"
"0.75","0.11","0.14","0.161470277512948","1,2,3,1,4,5,3,3,2,4,1,3,3,1,6,3,7","0.000442028045654297","louvain","graph_2024M08.graphml"
"0.74","0.12","0.14","0.159524538312417","1,2,3,1,4,5,3,3,2,4,1,3,3,1,6,3,7","0.000653982162475586","louvain","graph_2024M08.graphml"
"0.73","0.13","0.14","0.16405","1,2,3,1,3,4,3,3,2,3,1,5,3,1,6,3,7","0.000476837158203125","louvain","graph_2024M08.graphml"
"0.72","0.14","0.14","0.166307764659291","1,2,3,1,4,5,3,3,2,4,1,6,3,1,7,3,8","0.000436067581176758","louvain","graph_2024M08.graphml"
"0.71","0.15","0.14","0.165837479270315","1,2,3,1,4,5,3,3,2,4,1,3,3,1,6,3,7","0.000391960144042969","louvain","graph_2024M08.graphml"
"0.7","0.16","0.14","0.169738260954808","1,2,3,1,4,5,3,3,2,4,1,3,3,1,6,3,7","0.000457048416137695","louvain","graph_2024M08.graphml"
"0.69","0.17","0.14","0.171088043060361","1,2,3,1,2,4,3,3,2,2,1,3,3,1,5,3,6","0.000454902648925781","louvain","graph_2024M08.graphml"
"0.68","0.18","0.14","0.171054166958389","1,2,3,1,4,5,3,3,2,4,1,6,3,4,7,3,8","0.000442981719970703","louvain","graph_2024M08.graphml"
"0.67","0.19","0.14","0.170937478120843","1,2,3,1,4,5,3,3,2,4,1,3,3,4,6,3,7","0.000429868698120117","louvain","graph_2024M08.graphml"
"0.66","0.2","0.14","0.170166887536219","1,2,3,1,2,1,3,3,2,2,1,3,3,2,4,3,5","0.000467777252197266","louvain","graph_2024M08.graphml"
"0.65","0.21","0.14","0.168933968032143","1,2,3,1,4,1,3,3,2,4,1,3,3,4,5,3,6","0.000461101531982422","louvain","graph_2024M08.graphml"
"0.64","0.22","0.14","0.168224001359128","1,2,3,1,1,1,3,3,2,4,1,3,3,4,5,3,6","0.000456094741821289","louvain","graph_2024M08.graphml"
"0.63","0.23","0.14","0.166864872900253","1,2,1,1,1,1,3,3,2,3,1,3,3,2,4,3,5","0.000530004501342773","louvain","graph_2024M08.graphml"
"0.62","0.24","0.14","0.169356352036029","1,2,1,1,2,1,3,3,2,3,1,3,3,1,4,3,5","0.000478982925415039","louvain","graph_2024M08.graphml"
"0.61","0.25","0.14","0.171353305785124","1,2,1,1,2,1,3,3,2,3,1,3,3,1,4,3,5","0.0004730224609375","louvain","graph_2024M08.graphml"
"0.6","0.26","0.14","0.172438016528926","1,2,3,1,2,1,3,3,2,4,1,3,3,4,5,3,6","0.000423908233642578","louvain","graph_2024M08.graphml"
"0.59","0.27","0.14","0.175645239834429","1,2,2,1,2,1,3,3,2,3,1,3,3,1,4,3,5","0.000567197799682617","louvain","graph_2024M08.graphml"
"0.58","0.28","0.14","0.172967734356645","1,2,2,1,2,1,3,3,2,4,1,3,3,4,5,3,6","0.000408172607421875","louvain","graph_2024M08.graphml"
"0.57","0.29","0.14","0.170372418527488","1,2,3,1,3,1,4,2,3,4,2,2,2,1,5,4,6","0.0004119873046875","louvain","graph_2024M08.graphml"
"0.56","0.3","0.14","0.166123198590731","1,2,3,1,3,1,4,2,3,4,2,2,2,1,5,4,6","0.000495195388793945","louvain","graph_2024M08.graphml"
"0.55","0.31","0.14","0.16414927517545","1,2,3,1,3,1,2,2,3,2,2,4,2,1,5,2,6","0.000450849533081055","louvain","graph_2024M08.graphml"
"0.54","0.32","0.14","0.160009861932939","1,2,2,1,2,1,3,3,2,4,1,3,3,4,5,3,6","0.000441074371337891","louvain","graph_2024M08.graphml"
"0.53","0.33","0.14","0.161826495304004","1,2,3,1,3,1,4,2,3,4,4,2,2,1,5,4,6","0.000497817993164062","louvain","graph_2024M08.graphml"
"0.52","0.34","0.14","0.165893454246249","1,2,3,1,2,1,2,2,3,2,2,4,2,1,5,2,6","0.00062108039855957","louvain","graph_2024M08.graphml"
"0.51","0.35","0.14","0.165893454246249","1,2,3,1,2,1,2,2,3,2,2,4,2,1,5,2,6","0.000496864318847656","louvain","graph_2024M08.graphml"
"0.5","0.36","0.14","0.173639095690185","1,2,3,1,2,1,2,2,3,2,2,4,2,1,1,2,5","0.000464916229248047","louvain","graph_2024M08.graphml"
"0.49","0.37","0.14","0.179000940607364","1,2,3,1,2,1,2,2,3,2,2,4,2,1,1,2,5","0.000452995300292969","louvain","graph_2024M08.graphml"
"0.48","0.38","0.14","0.17888657545112","1,2,3,1,3,1,2,2,3,2,2,4,2,1,1,2,5","0.000602960586547852","louvain","graph_2024M08.graphml"
"0.47","0.39","0.14","0.173915517689906","1,2,3,1,3,1,2,2,3,2,2,4,2,1,1,2,5","0.000451087951660156","louvain","graph_2024M08.graphml"
"0.46","0.4","0.14","0.172473452802336","1,2,3,1,2,1,2,2,3,2,2,4,2,1,1,2,5","0.000449895858764648","louvain","graph_2024M08.graphml"
"0.45","0.41","0.14","0.174335474930713","1,2,3,1,2,1,2,2,3,2,2,4,2,1,1,2,5","0.000444889068603516","louvain","graph_2024M08.graphml"
"0.44","0.42","0.14","0.174135098270197","1,2,3,1,2,1,2,2,3,2,2,4,2,1,1,2,5","0.000478029251098633","louvain","graph_2024M08.graphml"
"0.43","0.43","0.14","0.173576354980469","1,2,3,1,2,1,2,2,3,2,2,4,2,1,1,2,5","0.000440120697021484","louvain","graph_2024M08.graphml"
"0.42","0.44","0.14","0.172608316807884","1,2,2,1,3,1,3,3,2,3,3,4,3,1,1,3,5","0.000434160232543945","louvain","graph_2024M08.graphml"
"0.41","0.45","0.14","0.170762319989431","1,2,3,1,4,3,4,4,2,4,1,5,3,1,1,4,6","0.000452995300292969","louvain","graph_2024M08.graphml"
"0.4","0.46","0.14","0.168718314783521","1,2,3,1,4,3,4,4,2,4,1,5,3,1,1,4,6","0.000462055206298828","louvain","graph_2024M08.graphml"
"0.39","0.47","0.14","0.169486053719008","1,2,3,1,4,3,4,4,2,4,1,5,3,1,1,4,6","0.00047612190246582","louvain","graph_2024M08.graphml"
"0.38","0.48","0.14","0.168593476171632","1,2,3,1,4,3,5,5,2,5,5,4,3,1,1,5,6","0.000483036041259766","louvain","graph_2024M08.graphml"
"0.37","0.49","0.14","0.166484708613756","1,2,3,1,4,3,5,5,2,5,5,4,3,1,1,5,6","0.000468015670776367","louvain","graph_2024M08.graphml"
"0.36","0.5","0.14","0.163866232758269","1,2,3,1,4,3,5,5,2,4,1,4,3,1,1,5,6","0.000760078430175781","louvain","graph_2024M08.graphml"
"0.35","0.51","0.14","0.164136840397924","1,2,3,2,4,3,4,4,2,4,1,4,3,1,1,3,5","0.000447988510131836","louvain","graph_2024M08.graphml"
"0.34","0.52","0.14","0.162873053633218","1,2,3,2,4,3,5,5,2,4,5,4,3,1,1,1,6","0.000460147857666016","louvain","graph_2024M08.graphml"
"0.33","0.53","0.14","0.162552620260918","1,2,3,2,4,3,4,4,2,4,4,4,3,1,1,1,5","0.000470876693725586","louvain","graph_2024M08.graphml"
"0.32","0.54","0.14","0.160900056932871","1,2,3,2,4,3,5,5,2,4,5,4,3,1,1,1,6","0.000489950180053711","louvain","graph_2024M08.graphml"
"0.31","0.55","0.14","0.163641268740124","1,2,3,2,4,3,4,4,2,4,1,4,3,1,1,3,5","0.0004730224609375","louvain","graph_2024M08.graphml"
"0.3","0.56","0.14","0.163641268740124","1,2,3,2,4,3,4,4,2,4,3,4,3,1,1,1,5","0.000463962554931641","louvain","graph_2024M08.graphml"
"0.29","0.57","0.14","0.168345405160706","1,2,3,2,4,3,4,4,2,4,1,4,3,1,1,4,5","0.000452041625976562","louvain","graph_2024M08.graphml"
"0.28","0.58","0.14","0.164949215143121","1,2,3,4,5,3,5,4,2,4,1,5,3,1,1,4,6","0.000477075576782227","louvain","graph_2024M08.graphml"
"0.27","0.59","0.14","0.166883172067161","1,2,2,2,3,4,3,4,2,3,1,3,4,3,1,4,5","0.000478982925415039","louvain","graph_2024M08.graphml"
"0.26","0.6","0.14","0.166883172067161","1,2,2,2,3,4,3,4,2,3,1,3,4,3,1,4,5","0.000493049621582031","louvain","graph_2024M08.graphml"
"0.25","0.61","0.14","0.167041821817268","1,2,2,2,3,4,3,4,2,3,1,3,4,3,1,4,5","0.000454902648925781","louvain","graph_2024M08.graphml"
"0.24","0.62","0.14","0.167342449464923","1,2,3,4,5,3,4,4,2,4,1,5,3,4,1,4,6","0.000488996505737305","louvain","graph_2024M08.graphml"
"0.23","0.63","0.14","0.167992638236904","1,2,3,4,5,3,4,4,2,4,1,5,3,4,1,4,6","0.000486850738525391","louvain","graph_2024M08.graphml"
"0.22","0.64","0.14","0.167992638236904","1,2,3,4,5,3,4,4,2,4,1,5,3,4,1,4,6","0.000551939010620117","louvain","graph_2024M08.graphml"
"0.21","0.65","0.14","0.167986210858949","1,2,3,4,4,3,4,4,2,4,1,4,3,4,1,4,5","0.000484943389892578","louvain","graph_2024M08.graphml"
"0.2","0.66","0.14","0.167509359021183","1,2,3,4,3,3,4,4,2,4,1,3,3,4,1,4,5","0.000479936599731445","louvain","graph_2024M08.graphml"
"0.19","0.67","0.14","0.168477771271564","1,2,3,4,3,3,4,4,2,4,1,3,3,4,1,4,5","0.000754833221435547","louvain","graph_2024M08.graphml"
"0.18","0.68","0.14","0.16759320365544","1,2,3,4,5,3,4,4,2,4,1,5,3,4,1,4,6","0.000482082366943359","louvain","graph_2024M08.graphml"
"0.17","0.69","0.14","0.165501203585705","1,2,3,4,5,3,4,4,2,4,1,5,3,4,1,4,6","0.000463962554931641","louvain","graph_2024M08.graphml"
"0.16","0.7","0.14","0.160686055024456","1,2,1,3,4,4,3,3,2,3,1,4,4,3,1,3,5","0.000493049621582031","louvain","graph_2024M08.graphml"
"0.15","0.71","0.14","0.15968262226847","1,2,1,1,3,4,3,3,2,3,4,3,4,3,1,3,5","0.000526905059814453","louvain","graph_2024M08.graphml"
"0.14","0.72","0.14","0.159188110524758","1,2,1,1,3,3,2,3,4,2,4,3,3,2,1,3,5","0.000478982925415039","louvain","graph_2024M08.graphml"
"0.13","0.73","0.14","0.160569394295915","1,2,1,1,3,3,2,3,4,2,4,3,3,2,1,3,5","0.000581026077270508","louvain","graph_2024M08.graphml"
"0.12","0.74","0.14","0.16241370622323","1,2,1,1,3,4,2,3,5,2,5,3,4,2,1,3,6","0.000457048416137695","louvain","graph_2024M08.graphml"
"0.11","0.75","0.14","0.16241370622323","1,2,1,1,3,4,2,3,5,2,5,3,4,2,1,3,6","0.000565052032470703","louvain","graph_2024M08.graphml"
"0.1","0.76","0.14","0.163408290811281","1,2,1,1,3,4,5,3,2,5,4,3,4,5,1,3,6","0.000463008880615234","louvain","graph_2024M08.graphml"
"0.09","0.77","0.14","0.161683577022491","1,2,1,1,3,4,2,2,3,2,4,2,4,2,1,2,5","0.000459909439086914","louvain","graph_2024M08.graphml"
"0.08","0.78","0.14","0.163303993293705","1,2,1,3,4,3,4,4,2,4,1,4,3,4,1,4,5","0.000519990921020508","louvain","graph_2024M08.graphml"
"0.07","0.79","0.14","0.162125443786982","1,2,1,1,3,4,3,3,2,3,4,3,4,3,1,3,5","0.00065302848815918","louvain","graph_2024M08.graphml"
"0.06","0.8","0.14","0.164908490680732","1,2,1,3,4,3,4,4,2,4,1,4,3,4,1,4,5","0.000519990921020508","louvain","graph_2024M08.graphml"
"0.05","0.81","0.14","0.166228249553837","1,2,1,3,4,3,4,4,2,4,1,4,3,4,1,4,5","0.000453948974609375","louvain","graph_2024M08.graphml"
"0.04","0.82","0.14","0.166910009182736","1,2,1,3,4,3,4,4,2,4,1,4,3,4,1,4,5","0.000493049621582031","louvain","graph_2024M08.graphml"
"0.03","0.83","0.14","0.166204215003514","1,2,1,3,4,3,4,4,2,4,1,4,3,4,1,4,5","0.000664949417114258","louvain","graph_2024M08.graphml"
"0.02","0.84","0.14","0.166204215003514","1,2,1,3,4,3,4,4,2,4,1,4,3,4,1,4,5","0.000507831573486328","louvain","graph_2024M08.graphml"
"0.01","0.85","0.14","0.168368353114131","1,2,3,4,5,4,5,5,2,3,1,5,4,1,1,5,6","0.000483036041259766","louvain","graph_2024M08.graphml"
"0","0.86","0.14","0.163739193594104","1,2,3,4,3,4,2,3,4,2,1,3,3,1,1,3,5","0.000503063201904297","louvain","graph_2024M08.graphml"
"0.85","0","0.15","0.165602866661068","1,2,3,1,4,5,3,3,2,4,1,3,3,1,6,1,7","0.000437021255493164","louvain","graph_2024M08.graphml"
"0.84","0.01","0.15","0.166720920138889","1,2,1,1,3,4,3,3,2,3,1,5,3,1,6,3,7","0.000769138336181641","louvain","graph_2024M08.graphml"
"0.83","0.02","0.15","0.159217513536027","1,2,3,1,4,5,3,3,2,4,1,3,3,1,6,3,7","0.000424861907958984","louvain","graph_2024M08.graphml"
"0.82","0.03","0.15","0.1605190545606","1,2,1,1,3,4,3,3,2,3,1,5,3,1,6,3,7","0.000423908233642578","louvain","graph_2024M08.graphml"
"0.81","0.04","0.15","0.159524538312417","1,2,3,1,4,5,3,3,2,4,1,3,3,1,6,3,7","0.000431060791015625","louvain","graph_2024M08.graphml"
"0.8","0.05","0.15","0.159524538312417","1,2,3,1,4,5,3,3,2,4,1,3,3,1,6,3,7","0.000622034072875977","louvain","graph_2024M08.graphml"
"0.79","0.06","0.15","0.1637","1,2,3,1,4,5,3,3,2,4,1,3,3,1,6,3,7","0.000432968139648438","louvain","graph_2024M08.graphml"
"0.78","0.07","0.15","0.1637","1,2,3,1,4,5,3,3,2,4,1,3,3,1,6,3,7","0.000439167022705078","louvain","graph_2024M08.graphml"
"0.77","0.08","0.15","0.1637","1,2,3,1,4,5,3,3,2,4,1,3,3,1,6,3,7","0.00043797492980957","louvain","graph_2024M08.graphml"
"0.76","0.09","0.15","0.16166679042598","1,2,3,1,4,5,3,3,2,4,1,3,3,1,6,3,7","0.000473976135253906","louvain","graph_2024M08.graphml"
"0.75","0.1","0.15","0.16558001189768","1,2,3,1,2,4,3,3,2,2,1,3,3,2,5,3,6","0.000455141067504883","louvain","graph_2024M08.graphml"
"0.74","0.11","0.15","0.170820789283297","1,2,3,1,4,1,3,3,2,4,1,3,3,4,5,3,6","0.000472068786621094","louvain","graph_2024M08.graphml"
"0.73","0.12","0.15","0.170222751310638","1,2,3,1,2,1,3,3,2,2,1,3,3,2,4,3,5","0.00049591064453125","louvain","graph_2024M08.graphml"
"0.72","0.13","0.15","0.166539385907774","1,2,3,1,4,1,3,3,2,4,1,3,3,4,5,3,6","0.000428915023803711","louvain","graph_2024M08.graphml"
"0.71","0.14","0.15","0.171173607355327","1,2,3,1,1,1,3,3,2,2,1,3,3,2,4,3,5","0.000465154647827148","louvain","graph_2024M08.graphml"
"0.7","0.15","0.15","0.169645919067215","1,2,3,1,1,1,3,3,2,4,1,3,3,4,5,3,6","0.000414133071899414","louvain","graph_2024M08.graphml"
"0.69","0.16","0.15","0.168630586650955","1,2,3,1,2,1,3,3,2,4,1,3,3,4,5,3,6","0.000471830368041992","louvain","graph_2024M08.graphml"
"0.68","0.17","0.15","0.167315461661476","1,2,3,1,2,1,3,3,2,3,1,3,3,1,4,3,5","0.00044703483581543","louvain","graph_2024M08.graphml"
"0.67","0.18","0.15","0.170471841704718","1,2,3,1,2,1,3,3,2,4,1,3,3,4,5,3,6","0.000540971755981445","louvain","graph_2024M08.graphml"
"0.66","0.19","0.15","0.170568181818182","1,2,2,1,2,1,3,3,2,3,1,3,3,1,4,3,5","0.00044703483581543","louvain","graph_2024M08.graphml"
"0.65","0.2","0.15","0.168141325986849","1,2,2,1,2,1,3,3,2,4,1,3,3,4,5,3,6","0.000421047210693359","louvain","graph_2024M08.graphml"
"0.64","0.21","0.15","0.16052054478301","1,2,2,1,3,1,4,4,2,4,3,4,3,1,5,4,6","0.000415802001953125","louvain","graph_2024M08.graphml"
"0.63","0.22","0.15","0.170286607806869","1,2,2,1,2,1,3,3,2,4,1,3,3,4,5,3,6","0.00041508674621582","louvain","graph_2024M08.graphml"
"0.62","0.23","0.15","0.162178341837205","1,2,3,1,3,1,4,2,3,4,2,2,2,1,5,4,6","0.000466108322143555","louvain","graph_2024M08.graphml"
"0.61","0.24","0.15","0.162086242148502","1,2,2,1,2,1,3,3,2,4,3,5,3,4,6,3,7","0.000419139862060547","louvain","graph_2024M08.graphml"
"0.6","0.25","0.15","0.162621447877858","1,2,2,1,2,1,3,3,2,4,4,3,3,1,5,3,6","0.000463008880615234","louvain","graph_2024M08.graphml"
"0.59","0.26","0.15","0.162554077872136","1,2,2,1,3,1,4,3,2,4,3,3,3,1,5,4,6","0.000425100326538086","louvain","graph_2024M08.graphml"
"0.58","0.27","0.15","0.164704116940894","1,2,3,1,3,1,4,2,3,4,2,2,2,1,1,4,5","0.000458955764770508","louvain","graph_2024M08.graphml"
"0.57","0.28","0.15","0.163783897340733","1,2,3,1,3,1,2,2,3,2,2,2,2,1,1,2,4","0.000455141067504883","louvain","graph_2024M08.graphml"
"0.56","0.29","0.15","0.165338541666667","1,2,2,1,2,1,3,3,2,3,3,3,3,1,1,3,4","0.000428915023803711","louvain","graph_2024M08.graphml"
"0.55","0.3","0.15","0.166228765946196","1,2,3,1,3,1,2,2,3,2,2,4,2,1,1,2,5","0.000456094741821289","louvain","graph_2024M08.graphml"
"0.54","0.31","0.15","0.170826287721124","1,2,3,1,3,1,2,2,3,2,2,4,2,1,1,2,5","0.000891923904418945","louvain","graph_2024M08.graphml"
"0.53","0.32","0.15","0.172744","1,2,3,1,3,1,2,2,3,2,2,4,2,1,1,2,5","0.000449180603027344","louvain","graph_2024M08.graphml"
"0.52","0.33","0.15","0.168855505165029","1,2,3,1,3,1,2,2,3,2,2,4,2,1,1,2,5","0.000466108322143555","louvain","graph_2024M08.graphml"
"0.51","0.34","0.15","0.17066350044525","1,2,3,1,3,1,2,2,3,2,2,4,2,1,1,2,5","0.000457048416137695","louvain","graph_2024M08.graphml"
"0.5","0.35","0.15","0.170539091078182","1,2,3,1,2,1,2,2,3,2,2,4,2,1,1,2,5","0.000442981719970703","louvain","graph_2024M08.graphml"
"0.49","0.36","0.15","0.168367424185075","1,2,3,1,2,1,2,2,3,2,2,4,2,1,1,2,5","0.000447988510131836","louvain","graph_2024M08.graphml"
"0.48","0.37","0.15","0.169025298960399","1,2,2,1,3,1,3,3,2,3,3,4,3,1,1,3,5","0.000456809997558594","louvain","graph_2024M08.graphml"
"0.47","0.38","0.15","0.169720056957473","1,2,2,1,3,1,3,3,2,3,3,4,3,1,1,3,5","0.000464916229248047","louvain","graph_2024M08.graphml"
"0.46","0.39","0.15","0.170386341122312","1,2,2,1,3,3,3,3,2,4,3,5,3,1,1,3,6","0.000454902648925781","louvain","graph_2024M08.graphml"
"0.45","0.4","0.15","0.164407262370951","1,2,2,1,3,3,3,3,2,4,3,5,3,1,1,3,6","0.00045013427734375","louvain","graph_2024M08.graphml"
"0.44","0.41","0.15","0.168911052195991","1,2,2,1,3,1,3,3,2,3,3,4,3,1,1,3,5","0.000479936599731445","louvain","graph_2024M08.graphml"
"0.43","0.42","0.15","0.165813374000899","1,2,2,1,3,4,4,4,2,5,4,3,4,1,1,4,6","0.000464916229248047","louvain","graph_2024M08.graphml"
"0.42","0.43","0.15","0.166603589965398","1,2,2,1,3,4,4,4,2,3,4,3,4,1,1,4,5","0.000452995300292969","louvain","graph_2024M08.graphml"
"0.41","0.44","0.15","0.165834775724886","1,2,2,2,3,4,4,4,2,3,4,3,4,1,1,4,5","0.000610828399658203","louvain","graph_2024M08.graphml"
"0.4","0.45","0.15","0.161304085276202","1,2,2,2,3,4,4,4,2,3,4,3,4,1,1,4,5","0.000478982925415039","louvain","graph_2024M08.graphml"
"0.39","0.46","0.15","0.163287984481186","1,2,2,2,3,4,4,4,2,3,4,3,4,1,1,4,5","0.000458955764770508","louvain","graph_2024M08.graphml"
"0.38","0.47","0.15","0.163287984481186","1,2,2,2,3,4,4,4,2,3,4,3,4,1,1,4,5","0.000474929809570312","louvain","graph_2024M08.graphml"
"0.37","0.48","0.15","0.163287984481186","1,2,2,2,3,4,4,4,2,3,4,3,4,1,1,4,5","0.000459909439086914","louvain","graph_2024M08.graphml"
"0.36","0.49","0.15","0.16296019553957","1,2,2,2,3,4,4,4,2,3,4,3,4,1,1,4,5","0.000458002090454102","louvain","graph_2024M08.graphml"
"0.35","0.5","0.15","0.163287093108916","1,2,2,2,3,4,4,4,2,3,4,3,4,1,1,4,5","0.000524997711181641","louvain","graph_2024M08.graphml"
"0.34","0.51","0.15","0.165767928593413","1,2,3,2,4,3,4,3,2,4,1,4,3,1,1,3,5","0.000483036041259766","louvain","graph_2024M08.graphml"
"0.33","0.52","0.15","0.166151156535772","1,2,2,2,3,4,4,4,2,3,4,3,4,1,1,4,5","0.000725030899047852","louvain","graph_2024M08.graphml"
"0.32","0.53","0.15","0.165587625385803","1,2,2,2,3,4,3,4,2,3,1,3,4,3,1,4,5","0.000486135482788086","louvain","graph_2024M08.graphml"
"0.31","0.54","0.15","0.165439952437574","1,2,2,2,3,4,3,4,2,3,1,3,4,3,1,4,5","0.000459909439086914","louvain","graph_2024M08.graphml"
"0.3","0.55","0.15","0.165468050684333","1,2,3,2,4,3,5,5,2,5,1,4,3,5,1,5,6","0.000481843948364258","louvain","graph_2024M08.graphml"
"0.29","0.56","0.15","0.163583734231034","1,2,3,4,5,3,4,4,2,4,1,5,3,4,1,4,6","0.000489950180053711","louvain","graph_2024M08.graphml"
"0.28","0.57","0.15","0.162516518241885","1,2,3,4,3,3,4,4,2,4,1,3,3,4,1,4,5","0.000503063201904297","louvain","graph_2024M08.graphml"
"0.27","0.58","0.15","0.163965485756026","1,2,3,4,3,3,4,4,2,4,1,3,3,4,1,4,5","0.000483989715576172","louvain","graph_2024M08.graphml"
"0.26","0.59","0.15","0.163985861455688","1,2,3,4,5,3,4,4,2,4,1,5,3,4,1,4,6","0.000488042831420898","louvain","graph_2024M08.graphml"
"0.25","0.6","0.15","0.163985861455688","1,2,3,4,5,3,4,4,2,4,1,5,3,4,1,4,6","0.000452995300292969","louvain","graph_2024M08.graphml"
"0.24","0.61","0.15","0.165356894515513","1,2,3,4,5,3,4,4,2,4,1,5,3,4,1,4,6","0.000452995300292969","louvain","graph_2024M08.graphml"
"0.23","0.62","0.15","0.160686055024456","1,2,1,3,4,4,3,3,2,3,1,4,4,3,1,3,5","0.000474929809570312","louvain","graph_2024M08.graphml"
"0.22","0.63","0.15","0.156935483870968","1,2,1,1,3,4,3,3,2,3,4,3,4,3,1,3,5","0.000493049621582031","louvain","graph_2024M08.graphml"
"0.21","0.64","0.15","0.158491951075775","1,2,1,1,3,4,3,3,2,3,4,3,4,3,1,3,5","0.000451087951660156","louvain","graph_2024M08.graphml"
"0.2","0.65","0.15","0.158491951075775","1,2,1,1,3,4,3,3,2,3,4,3,4,3,1,3,5","0.000477075576782227","louvain","graph_2024M08.graphml"
"0.19","0.66","0.15","0.158687952311446","1,2,1,1,3,4,3,3,2,3,4,3,4,3,1,3,5","0.000522136688232422","louvain","graph_2024M08.graphml"
"0.18","0.67","0.15","0.158687952311446","1,2,1,1,3,4,3,3,2,3,4,3,4,3,1,3,5","0.000576972961425781","louvain","graph_2024M08.graphml"
"0.17","0.68","0.15","0.157469971837714","1,2,1,1,3,4,3,3,2,3,4,3,4,3,1,3,5","0.0004730224609375","louvain","graph_2024M08.graphml"
"0.16","0.69","0.15","0.15689453125","1,2,1,3,4,3,5,4,2,5,1,4,3,5,1,4,6","0.000459194183349609","louvain","graph_2024M08.graphml"
"0.15","0.7","0.15","0.157849787948487","1,2,1,3,4,5,2,4,3,2,1,4,5,2,1,4,6","0.000501155853271484","louvain","graph_2024M08.graphml"
"0.14","0.71","0.15","0.15810211469221","1,2,1,3,4,3,5,4,2,5,1,4,3,5,1,4,6","0.000478982925415039","louvain","graph_2024M08.graphml"
"0.13","0.72","0.15","0.162986982248521","1,2,1,3,4,3,5,4,2,5,1,4,3,5,1,4,6","0.0004730224609375","louvain","graph_2024M08.graphml"
"0.12","0.73","0.15","0.163465881290225","1,2,1,3,4,3,4,4,2,4,1,4,3,4,1,4,5","0.000489950180053711","louvain","graph_2024M08.graphml"
"0.11","0.74","0.15","0.164786914681705","1,2,1,3,4,3,4,4,2,4,1,4,3,4,1,4,5","0.000638008117675781","louvain","graph_2024M08.graphml"
"0.1","0.75","0.15","0.164786914681705","1,2,1,3,4,3,4,4,2,4,1,4,3,4,1,4,5","0.00049591064453125","louvain","graph_2024M08.graphml"
"0.09","0.76","0.15","0.164081090124926","1,2,1,3,4,3,4,4,2,4,1,4,3,4,1,4,5","0.000476837158203125","louvain","graph_2024M08.graphml"
"0.08","0.77","0.15","0.163244846857309","1,2,1,3,2,4,2,2,4,2,1,2,3,1,1,2,5","0.000620126724243164","louvain","graph_2024M08.graphml"
"0.07","0.78","0.15","0.164314944727891","1,2,1,3,4,3,4,4,2,5,1,4,3,1,1,4,6","0.000494003295898438","louvain","graph_2024M08.graphml"
"0.06","0.79","0.15","0.16366286194461","1,2,2,3,4,5,4,4,3,2,1,4,5,1,1,4,6","0.000514030456542969","louvain","graph_2024M08.graphml"
"0.05","0.8","0.15","0.162350658278296","1,2,2,3,4,5,4,4,3,2,1,4,5,1,1,4,6","0.000479936599731445","louvain","graph_2024M08.graphml"
"0.04","0.81","0.15","0.160464736285378","1,2,3,4,5,4,5,5,2,3,1,5,4,1,1,5,6","0.000463008880615234","louvain","graph_2024M08.graphml"
"0.03","0.82","0.15","0.162262540562466","1,2,3,4,5,4,5,5,2,3,1,5,4,1,1,5,6","0.000457048416137695","louvain","graph_2024M08.graphml"
"0.02","0.83","0.15","0.164070573408948","1,2,3,4,5,4,5,5,2,3,1,5,4,1,1,5,6","0.000484228134155273","louvain","graph_2024M08.graphml"
"0.01","0.84","0.15","0.159932785044259","1,2,3,4,5,4,5,5,2,3,1,5,4,1,1,5,6","0.000494003295898438","louvain","graph_2024M08.graphml"
"0","0.85","0.15","0.159932785044259","1,2,3,4,5,4,5,5,2,3,1,5,4,1,1,5,6","0.000494003295898438","louvain","graph_2024M08.graphml"
"0.84","0","0.16","0.1637","1,2,3,1,4,5,3,3,2,4,1,3,3,1,6,3,7","0.000423908233642578","louvain","graph_2024M08.graphml"
"0.83","0.01","0.16","0.162458850028465","1,2,1,1,3,4,3,3,2,3,1,5,3,1,6,3,7","0.000448942184448242","louvain","graph_2024M08.graphml"
"0.82","0.02","0.16","0.16166679042598","1,2,3,1,4,5,3,3,2,4,1,3,3,1,6,3,7","0.000472068786621094","louvain","graph_2024M08.graphml"
"0.81","0.03","0.16","0.164989631445","1,2,3,1,4,1,3,3,2,4,1,5,3,4,6,3,7","0.000514030456542969","louvain","graph_2024M08.graphml"
"0.8","0.04","0.16","0.165079698476044","1,2,3,1,2,1,3,3,2,2,1,3,3,2,4,3,5","0.000471115112304688","louvain","graph_2024M08.graphml"
"0.79","0.05","0.16","0.166353792266661","1,2,3,1,4,1,3,3,2,4,1,3,3,4,5,3,6","0.000515937805175781","louvain","graph_2024M08.graphml"
"0.78","0.06","0.16","0.167261786682537","1,2,3,1,1,1,3,3,2,4,1,3,3,4,5,3,6","0.000452995300292969","louvain","graph_2024M08.graphml"
"0.77","0.07","0.16","0.171173607355327","1,2,3,1,1,1,3,3,2,2,1,3,3,2,4,3,5","0.000452995300292969","louvain","graph_2024M08.graphml"
"0.76","0.08","0.16","0.171173607355327","1,2,3,1,1,1,3,3,2,2,1,3,3,2,4,3,5","0.00046086311340332","louvain","graph_2024M08.graphml"
"0.75","0.09","0.16","0.172512835619897","1,2,3,1,2,1,3,3,2,2,1,3,3,2,4,3,5","0.000447988510131836","louvain","graph_2024M08.graphml"
"0.74","0.1","0.16","0.170596943349805","1,2,3,1,2,1,3,3,2,4,1,3,3,4,5,3,6","0.00046086311340332","louvain","graph_2024M08.graphml"
"0.73","0.11","0.16","0.169417088102209","1,2,1,1,2,1,3,3,2,3,1,3,3,1,4,3,5","0.000452041625976562","louvain","graph_2024M08.graphml"
"0.72","0.12","0.16","0.163022222222222","1,2,2,1,2,1,3,3,2,3,1,3,3,1,4,3,5","0.000448942184448242","louvain","graph_2024M08.graphml"
"0.71","0.13","0.16","0.163022222222222","1,2,2,1,2,1,3,3,2,3,1,3,3,1,4,3,5","0.000503063201904297","louvain","graph_2024M08.graphml"
"0.7","0.14","0.16","0.157717013720429","1,2,2,1,2,1,3,3,2,3,1,3,3,1,4,3,5","0.000450849533081055","louvain","graph_2024M08.graphml"
"0.69","0.15","0.16","0.165439178426191","1,2,2,1,2,3,3,3,2,4,1,3,3,4,5,3,6","0.000432968139648438","louvain","graph_2024M08.graphml"
"0.68","0.16","0.16","0.165530770505996","1,2,2,1,2,3,3,3,2,4,1,3,3,4,5,3,6","0.000522136688232422","louvain","graph_2024M08.graphml"
"0.67","0.17","0.16","0.163956541421458","1,2,2,1,2,3,3,3,2,4,1,3,3,1,5,3,6","0.000435113906860352","louvain","graph_2024M08.graphml"
"0.66","0.18","0.16","0.160399864694048","1,2,2,1,2,3,3,3,2,4,4,3,3,1,5,3,6","0.000443220138549805","louvain","graph_2024M08.graphml"
"0.65","0.19","0.16","0.163993977696469","1,2,2,1,2,3,3,3,2,4,4,3,3,1,1,3,5","0.000438928604125977","louvain","graph_2024M08.graphml"
"0.64","0.2","0.16","0.168411458333333","1,2,3,1,3,1,2,2,3,2,2,4,2,1,1,2,5","0.00059199333190918","louvain","graph_2024M08.graphml"
"0.63","0.21","0.16","0.164119595656034","1,2,3,1,3,1,2,2,3,2,2,4,2,1,1,2,5","0.00053095817565918","louvain","graph_2024M08.graphml"
"0.62","0.22","0.16","0.161636945587563","1,2,3,1,3,1,2,2,3,2,2,4,2,1,1,2,5","0.000458002090454102","louvain","graph_2024M08.graphml"
"0.61","0.23","0.16","0.163522910507928","1,2,3,1,3,1,2,2,3,2,2,4,2,1,1,2,5","0.000454902648925781","louvain","graph_2024M08.graphml"
"0.6","0.24","0.16","0.163411329235244","1,2,3,1,3,1,2,2,3,2,2,4,2,1,1,2,5","0.00070500373840332","louvain","graph_2024M08.graphml"
"0.59","0.25","0.16","0.161836099417751","1,2,3,1,3,1,2,2,3,2,2,4,2,1,1,2,5","0.000468015670776367","louvain","graph_2024M08.graphml"
"0.58","0.26","0.16","0.160053015031507","1,2,3,1,3,2,2,2,3,4,1,2,2,1,1,2,5","0.000422954559326172","louvain","graph_2024M08.graphml"
"0.57","0.27","0.16","0.17066350044525","1,2,3,1,3,1,2,2,3,2,2,4,2,1,1,2,5","0.000443935394287109","louvain","graph_2024M08.graphml"
"0.56","0.28","0.16","0.168958087916176","1,2,3,1,3,1,2,2,3,2,2,4,2,1,1,2,5","0.000450849533081055","louvain","graph_2024M08.graphml"
"0.55","0.29","0.16","0.166574394463668","1,2,3,1,3,1,2,2,3,2,2,4,2,1,1,2,5","0.000439882278442383","louvain","graph_2024M08.graphml"
"0.54","0.3","0.16","0.164824599918243","1,2,3,1,2,1,2,2,3,2,2,4,2,1,1,2,5","0.000463962554931641","louvain","graph_2024M08.graphml"
"0.53","0.31","0.16","0.16450818716858","1,2,2,1,3,1,3,3,2,3,3,4,3,1,1,3,5","0.000484943389892578","louvain","graph_2024M08.graphml"
"0.52","0.32","0.16","0.165746215790311","1,2,2,1,3,1,3,3,2,3,3,4,3,1,1,3,5","0.000436067581176758","louvain","graph_2024M08.graphml"
"0.51","0.33","0.16","0.16345988292011","1,2,2,1,3,1,3,3,2,3,3,4,3,1,1,3,5","0.00046086311340332","louvain","graph_2024M08.graphml"
"0.5","0.34","0.16","0.160073784174277","1,2,2,1,3,3,3,3,2,4,3,5,3,1,1,3,6","0.000463008880615234","louvain","graph_2024M08.graphml"
"0.49","0.35","0.16","0.164501596163679","1,2,2,1,3,3,3,3,2,4,3,5,3,1,1,3,6","0.000451087951660156","louvain","graph_2024M08.graphml"
"0.48","0.36","0.16","0.163594224519154","1,2,2,1,3,4,4,4,2,3,4,3,4,1,1,4,5","0.000458955764770508","louvain","graph_2024M08.graphml"
"0.47","0.37","0.16","0.161304085276202","1,2,2,2,3,4,4,4,2,3,4,3,4,1,1,4,5","0.000460147857666016","louvain","graph_2024M08.graphml"
"0.46","0.38","0.16","0.161669944619844","1,2,2,2,3,4,4,4,2,3,4,3,4,1,1,4,5","0.000482082366943359","louvain","graph_2024M08.graphml"
"0.45","0.39","0.16","0.163287984481186","1,2,2,2,3,4,4,4,2,3,4,3,4,1,1,4,5","0.000460147857666016","louvain","graph_2024M08.graphml"
"0.44","0.4","0.16","0.161332908163265","1,2,2,2,3,4,4,4,2,3,4,3,4,1,1,4,5","0.000500917434692383","louvain","graph_2024M08.graphml"
"0.43","0.41","0.16","0.161332908163265","1,2,2,2,3,4,4,4,2,3,4,3,4,1,1,4,5","0.000469207763671875","louvain","graph_2024M08.graphml"
"0.42","0.42","0.16","0.162922202099771","1,2,2,2,3,4,4,4,2,3,4,3,4,1,1,4,5","0.000501155853271484","louvain","graph_2024M08.graphml"
"0.41","0.43","0.16","0.162922202099771","1,2,2,2,3,4,4,4,2,3,4,3,4,1,1,4,5","0.000458955764770508","louvain","graph_2024M08.graphml"
"0.4","0.44","0.16","0.161668175645088","1,2,2,2,3,4,4,4,2,3,4,3,4,1,1,4,5","0.000478982925415039","louvain","graph_2024M08.graphml"
"0.39","0.45","0.16","0.165767928593413","1,2,3,2,4,3,4,3,2,4,1,4,3,1,1,3,5","0.000473976135253906","louvain","graph_2024M08.graphml"
"0.38","0.46","0.16","0.164418161651235","1,2,2,3,4,5,5,3,2,3,5,4,5,1,1,3,6","0.000606060028076172","louvain","graph_2024M08.graphml"
"0.37","0.47","0.16","0.161474435196195","1,2,3,4,5,3,5,4,2,4,1,5,3,1,1,4,6","0.000463962554931641","louvain","graph_2024M08.graphml"
"0.36","0.48","0.16","0.16410791040082","1,2,3,2,3,3,4,4,2,4,1,3,3,4,1,4,5","0.000511884689331055","louvain","graph_2024M08.graphml"
"0.35","0.49","0.16","0.16410791040082","1,2,3,2,3,3,4,4,2,4,1,3,3,4,1,4,5","0.000481843948364258","louvain","graph_2024M08.graphml"
"0.34","0.5","0.16","0.163731510226443","1,2,3,4,3,3,4,4,2,4,1,3,3,4,1,4,5","0.00049591064453125","louvain","graph_2024M08.graphml"
"0.33","0.51","0.16","0.161451060763029","1,2,3,4,3,3,4,4,2,4,1,3,3,4,1,4,5","0.000451087951660156","louvain","graph_2024M08.graphml"
"0.32","0.52","0.16","0.161451060763029","1,2,3,4,3,3,4,4,2,4,1,3,3,4,1,4,5","0.000480175018310547","louvain","graph_2024M08.graphml"
"0.31","0.53","0.16","0.16027784924106","1,2,3,4,5,3,4,4,2,4,1,5,3,4,1,4,6","0.000500917434692383","louvain","graph_2024M08.graphml"
"0.3","0.54","0.16","0.156910058864266","1,2,1,3,4,4,3,3,2,3,1,4,4,3,1,3,5","0.00090479850769043","louvain","graph_2024M08.graphml"
"0.29","0.55","0.16","0.155606974194637","1,2,1,1,3,4,3,3,2,3,4,3,4,3,1,3,5","0.000483036041259766","louvain","graph_2024M08.graphml"
"0.28","0.56","0.16","0.156935483870968","1,2,1,1,3,4,3,3,2,3,4,3,4,3,1,3,5","0.000473976135253906","louvain","graph_2024M08.graphml"
"0.27","0.57","0.16","0.158491951075775","1,2,1,1,3,4,3,3,2,3,4,3,4,3,1,3,5","0.000473976135253906","louvain","graph_2024M08.graphml"
"0.26","0.58","0.16","0.159881451347797","1,2,1,1,3,4,3,3,2,3,4,3,4,3,1,3,5","0.000472068786621094","louvain","graph_2024M08.graphml"
"0.25","0.59","0.16","0.156094734189972","1,2,1,1,3,4,3,3,2,3,4,3,4,3,1,3,5","0.000485897064208984","louvain","graph_2024M08.graphml"
"0.24","0.6","0.16","0.153773049786544","1,2,1,3,4,3,4,4,2,4,1,4,3,4,1,4,5","0.000478029251098633","louvain","graph_2024M08.graphml"
"0.23","0.61","0.16","0.153773049786544","1,2,1,3,4,3,4,4,2,4,1,4,3,4,1,4,5","0.000481128692626953","louvain","graph_2024M08.graphml"
"0.22","0.62","0.16","0.154283075048398","1,2,1,3,4,3,5,5,2,5,1,4,3,5,1,5,6","0.000733137130737305","louvain","graph_2024M08.graphml"
"0.21","0.63","0.16","0.1558203125","1,2,1,1,3,4,5,3,2,5,4,3,4,5,1,3,6","0.000456094741821289","louvain","graph_2024M08.graphml"
"0.2","0.64","0.16","0.1558203125","1,2,1,3,4,3,5,4,2,5,1,4,3,5,1,4,6","0.000475883483886719","louvain","graph_2024M08.graphml"
"0.19","0.65","0.16","0.158474633131727","1,2,1,3,4,3,5,4,2,5,1,4,3,5,1,4,6","0.000463962554931641","louvain","graph_2024M08.graphml"
"0.18","0.66","0.16","0.161860355029586","1,2,1,3,4,3,5,4,2,5,1,4,3,5,1,4,6","0.000478029251098633","louvain","graph_2024M08.graphml"
"0.17","0.67","0.16","0.164152772027551","1,2,1,3,4,3,5,4,2,5,1,4,3,5,1,4,6","0.000476837158203125","louvain","graph_2024M08.graphml"
"0.16","0.68","0.16","0.164152772027551","1,2,1,3,4,3,5,4,2,5,1,4,3,5,1,4,6","0.000594139099121094","louvain","graph_2024M08.graphml"
"0.15","0.69","0.16","0.162872663778051","1,2,1,3,4,3,4,4,2,4,1,4,3,4,1,4,5","0.000483036041259766","louvain","graph_2024M08.graphml"
"0.14","0.7","0.16","0.161715769823878","1,2,1,3,4,3,4,4,2,5,1,4,3,1,1,4,6","0.000544071197509766","louvain","graph_2024M08.graphml"
"0.13","0.71","0.16","0.160173758075295","1,2,1,3,2,4,2,2,4,2,1,2,3,1,1,2,5","0.000486135482788086","louvain","graph_2024M08.graphml"
"0.12","0.72","0.16","0.160173758075295","1,2,1,3,2,4,2,2,4,2,1,2,3,1,1,2,5","0.00048518180847168","louvain","graph_2024M08.graphml"
"0.11","0.73","0.16","0.161072664359862","1,2,3,4,5,4,5,5,2,3,1,5,4,1,1,5,6","0.000587940216064453","louvain","graph_2024M08.graphml"
"0.1","0.74","0.16","0.162127332341806","1,2,3,4,5,4,5,5,2,3,1,5,4,1,1,5,6","0.000627994537353516","louvain","graph_2024M08.graphml"
"0.09","0.75","0.16","0.160684730098719","1,2,3,4,5,4,5,5,2,3,1,5,4,1,1,5,6","0.000478982925415039","louvain","graph_2024M08.graphml"
"0.08","0.76","0.16","0.161109459637997","1,2,3,1,4,5,4,4,2,3,5,4,5,1,1,4,6","0.000532865524291992","louvain","graph_2024M08.graphml"
"0.07","0.77","0.16","0.158771428571429","1,2,3,1,4,5,4,4,2,3,5,4,5,1,1,4,6","0.000652790069580078","louvain","graph_2024M08.graphml"
"0.06","0.78","0.16","0.15694005036157","1,2,3,1,4,5,4,3,2,4,5,3,5,1,1,3,6","0.000475168228149414","louvain","graph_2024M08.graphml"
"0.05","0.79","0.16","0.158303807973443","1,2,3,1,4,5,2,3,4,2,5,3,5,1,1,3,6","0.000504970550537109","louvain","graph_2024M08.graphml"
"0.04","0.8","0.16","0.157996429279905","1,2,3,1,4,5,2,3,4,2,5,3,5,1,4,3,6","0.000490903854370117","louvain","graph_2024M08.graphml"
"0.03","0.81","0.16","0.157638713546269","1,2,2,1,3,4,5,5,3,2,4,5,4,1,3,5,6","0.000490903854370117","louvain","graph_2024M08.graphml"
"0.02","0.82","0.16","0.158128858024691","1,2,3,1,2,4,5,5,2,3,4,5,4,1,2,5,6","0.000499963760375977","louvain","graph_2024M08.graphml"
"0.01","0.83","0.16","0.158128858024691","1,2,3,1,2,4,5,5,2,3,4,5,4,1,2,5,6","0.000478982925415039","louvain","graph_2024M08.graphml"
"0","0.84","0.16","0.159644852110741","1,2,3,1,2,4,3,3,2,3,4,3,4,1,2,3,5","0.000728130340576172","louvain","graph_2024M08.graphml"
"0.83","0","0.17","0.166914140973011","1,2,3,1,1,3,3,3,2,2,1,3,3,2,4,2,5","0.000433921813964844","louvain","graph_2024M08.graphml"
"0.82","0.01","0.17","0.166782044348296","1,2,3,1,1,3,3,3,2,2,1,4,3,2,5,3,6","0.000457048416137695","louvain","graph_2024M08.graphml"
"0.81","0.02","0.17","0.167984825102881","1,2,3,1,2,3,3,3,2,2,1,3,3,2,4,3,5","0.000457048416137695","louvain","graph_2024M08.graphml"
"0.8","0.03","0.17","0.167792792792793","1,2,3,1,2,3,3,3,2,2,1,3,3,2,4,3,5","0.000438928604125977","louvain","graph_2024M08.graphml"
"0.79","0.04","0.17","0.162597530864198","1,2,2,1,2,3,3,3,2,4,1,3,3,4,5,3,6","0.000437021255493164","louvain","graph_2024M08.graphml"
"0.78","0.05","0.17","0.158735857478313","1,2,2,1,2,3,3,3,2,4,1,3,3,4,5,3,6","0.000440120697021484","louvain","graph_2024M08.graphml"
"0.77","0.06","0.17","0.156240381655894","1,2,2,1,2,3,3,3,2,4,1,3,3,4,5,3,6","0.000450849533081055","louvain","graph_2024M08.graphml"
"0.76","0.07","0.17","0.158082416429893","1,2,2,1,2,3,3,3,2,4,1,3,3,4,5,3,6","0.000440120697021484","louvain","graph_2024M08.graphml"
"0.75","0.08","0.17","0.162230623818525","1,2,2,1,2,3,3,3,2,4,1,3,3,4,5,3,6","0.000444889068603516","louvain","graph_2024M08.graphml"
"0.74","0.09","0.17","0.163653760404281","1,2,2,1,2,3,3,3,2,4,1,3,3,4,5,3,6","0.000467061996459961","louvain","graph_2024M08.graphml"
"0.73","0.1","0.17","0.163790086389508","1,2,2,1,2,3,3,3,2,4,1,3,3,1,5,3,6","0.000427007675170898","louvain","graph_2024M08.graphml"
"0.72","0.11","0.17","0.166915914472396","1,2,2,1,2,1,3,3,2,3,1,4,3,1,1,3,5","0.00043487548828125","louvain","graph_2024M08.graphml"
"0.71","0.12","0.17","0.165499553579244","1,2,3,1,3,1,2,2,3,2,1,2,2,1,1,2,4","0.000457048416137695","louvain","graph_2024M08.graphml"
"0.7","0.13","0.17","0.163385356191517","1,2,3,1,3,1,2,2,3,2,2,4,2,1,1,2,5","0.000459909439086914","louvain","graph_2024M08.graphml"
"0.69","0.14","0.17","0.163385356191517","1,2,3,1,3,1,2,2,3,2,2,4,2,1,1,2,5","0.000468015670776367","louvain","graph_2024M08.graphml"
"0.68","0.15","0.17","0.163758062348831","1,2,3,1,3,1,2,2,3,2,2,4,2,1,1,2,5","0.000427007675170898","louvain","graph_2024M08.graphml"
"0.67","0.16","0.17","0.162032486463973","1,2,3,1,3,1,2,2,3,2,2,4,2,1,1,2,5","0.000458955764770508","louvain","graph_2024M08.graphml"
"0.66","0.17","0.17","0.162032486463973","1,2,3,1,3,1,2,2,3,2,2,4,2,1,1,2,5","0.000488042831420898","louvain","graph_2024M08.graphml"
"0.65","0.18","0.17","0.158558573325247","1,2,3,1,3,1,2,2,3,2,1,4,2,1,1,2,5","0.000438928604125977","louvain","graph_2024M08.graphml"
"0.64","0.19","0.17","0.165013253757877","1,2,3,1,3,1,2,2,3,2,2,4,2,1,1,2,5","0.000471830368041992","louvain","graph_2024M08.graphml"
"0.63","0.2","0.17","0.166335978835979","1,2,3,1,3,1,2,2,3,2,2,4,2,1,1,2,5","0.000445127487182617","louvain","graph_2024M08.graphml"
"0.62","0.21","0.17","0.162262074524149","1,2,3,1,3,1,2,2,3,2,2,4,2,1,1,2,5","0.000539064407348633","louvain","graph_2024M08.graphml"
"0.61","0.22","0.17","0.161201477050781","1,2,3,1,3,1,2,2,3,2,2,4,2,1,1,2,5","0.000581979751586914","louvain","graph_2024M08.graphml"
"0.6","0.23","0.17","0.163971893491124","1,2,3,1,3,1,2,2,3,2,2,4,2,1,1,2,5","0.000448942184448242","louvain","graph_2024M08.graphml"
"0.59","0.24","0.17","0.163971893491124","1,2,3,1,3,1,2,2,3,2,2,4,2,1,1,2,5","0.00045013427734375","louvain","graph_2024M08.graphml"
"0.58","0.25","0.17","0.162218623950035","1,2,2,1,3,1,3,3,2,3,3,4,3,1,1,3,5","0.000448942184448242","louvain","graph_2024M08.graphml"
"0.57","0.26","0.17","0.16064079743681","1,2,2,1,3,3,3,3,2,4,3,5,3,1,1,3,6","0.000452995300292969","louvain","graph_2024M08.graphml"
"0.56","0.27","0.17","0.160273724660281","1,2,2,1,3,1,3,3,2,3,3,4,3,1,1,3,5","0.000427007675170898","louvain","graph_2024M08.graphml"
"0.55","0.28","0.17","0.156481481481481","1,2,2,1,3,1,3,3,2,3,3,4,3,1,1,3,5","0.000455141067504883","louvain","graph_2024M08.graphml"
"0.54","0.29","0.17","0.15723669982699","1,2,2,1,3,3,3,3,2,4,3,5,3,1,1,3,6","0.000467061996459961","louvain","graph_2024M08.graphml"
"0.53","0.3","0.17","0.158324144087377","1,2,2,2,3,4,4,4,2,3,4,3,4,1,1,4,5","0.000441074371337891","louvain","graph_2024M08.graphml"
"0.52","0.31","0.17","0.159946043868681","1,2,2,2,3,4,4,4,2,3,4,3,4,1,1,4,5","0.000452041625976562","louvain","graph_2024M08.graphml"
"0.51","0.32","0.17","0.159678061689855","1,2,2,2,3,4,4,4,2,3,4,3,4,1,1,4,5","0.000478029251098633","louvain","graph_2024M08.graphml"
"0.5","0.33","0.17","0.159678061689855","1,2,2,2,3,4,4,4,2,3,4,3,4,1,1,4,5","0.000463008880615234","louvain","graph_2024M08.graphml"
"0.49","0.34","0.17","0.159678061689855","1,2,2,2,3,4,4,4,2,3,4,3,4,1,1,4,5","0.000446796417236328","louvain","graph_2024M08.graphml"
"0.48","0.35","0.17","0.162922202099771","1,2,2,2,3,4,4,4,2,3,4,3,4,1,1,4,5","0.000443935394287109","louvain","graph_2024M08.graphml"
"0.47","0.36","0.17","0.162922202099771","1,2,2,2,3,4,4,4,2,3,4,3,4,1,1,4,5","0.000462055206298828","louvain","graph_2024M08.graphml"
"0.46","0.37","0.17","0.161636738594638","1,2,2,2,3,4,4,4,2,3,4,3,4,1,1,4,5","0.000458955764770508","louvain","graph_2024M08.graphml"
"0.45","0.38","0.17","0.160165565808039","1,2,2,2,3,4,4,4,2,3,4,3,4,1,1,4,5","0.000461101531982422","louvain","graph_2024M08.graphml"
"0.44","0.39","0.17","0.161802377107893","1,2,2,2,3,4,4,4,2,3,4,3,4,1,1,4,5","0.000468015670776367","louvain","graph_2024M08.graphml"
"0.43","0.4","0.17","0.161480346260222","1,2,2,3,4,4,4,3,2,3,4,4,4,1,1,3,5","0.000509023666381836","louvain","graph_2024M08.graphml"
"0.42","0.41","0.17","0.159967864514918","1,2,3,4,3,3,3,4,2,4,1,3,3,1,1,4,5","0.000494003295898438","louvain","graph_2024M08.graphml"
"0.41","0.42","0.17","0.160508567368286","1,2,3,2,3,3,4,4,2,4,1,3,3,4,1,4,5","0.000483989715576172","louvain","graph_2024M08.graphml"
"0.4","0.43","0.17","0.162926862673484","1,2,3,2,3,3,4,4,2,4,1,3,3,4,1,4,5","0.000481128692626953","louvain","graph_2024M08.graphml"
"0.39","0.44","0.17","0.161451060763029","1,2,3,4,3,3,4,4,2,4,1,3,3,4,1,4,5","0.000560998916625977","louvain","graph_2024M08.graphml"
"0.38","0.45","0.17","0.16027784924106","1,2,3,4,5,3,4,4,2,4,1,5,3,4,1,4,6","0.000449895858764648","louvain","graph_2024M08.graphml"
"0.37","0.46","0.17","0.157191570545152","1,2,1,3,4,4,3,3,2,3,1,4,4,3,1,3,5","0.000487089157104492","louvain","graph_2024M08.graphml"
"0.36","0.47","0.17","0.15305732686819","1,2,1,1,3,4,3,3,2,3,4,3,4,3,1,3,5","0.000550985336303711","louvain","graph_2024M08.graphml"
"0.35","0.48","0.17","0.15305732686819","1,2,1,1,3,4,3,3,2,3,4,3,4,3,1,3,5","0.000483989715576172","louvain","graph_2024M08.graphml"
"0.34","0.49","0.17","0.150621589635634","1,2,1,1,3,4,3,3,2,3,4,3,4,3,1,3,5","0.00046992301940918","louvain","graph_2024M08.graphml"
"0.33","0.5","0.17","0.151880150122517","1,2,1,1,3,4,3,3,2,3,4,3,4,3,1,3,5","0.000481128692626953","louvain","graph_2024M08.graphml"
"0.32","0.51","0.17","0.156094734189972","1,2,1,3,4,3,4,4,2,4,1,4,3,4,1,4,5","0.000494956970214844","louvain","graph_2024M08.graphml"
"0.31","0.52","0.17","0.156094734189972","1,2,1,1,3,4,3,3,2,3,4,3,4,3,1,3,5","0.000476837158203125","louvain","graph_2024M08.graphml"
"0.3","0.53","0.17","0.154933103669284","1,2,1,1,3,4,3,3,2,3,4,3,4,3,1,3,5","0.000555992126464844","louvain","graph_2024M08.graphml"
"0.29","0.54","0.17","0.153773049786544","1,2,1,3,4,3,4,4,2,4,1,4,3,4,1,4,5","0.000489950180053711","louvain","graph_2024M08.graphml"
"0.28","0.55","0.17","0.155141212768482","1,2,1,3,4,3,4,4,2,4,1,4,3,4,1,4,5","0.000468015670776367","louvain","graph_2024M08.graphml"
"0.27","0.56","0.17","0.154283075048398","1,2,1,1,3,4,5,5,2,5,4,3,4,5,1,5,6","0.000474929809570312","louvain","graph_2024M08.graphml"
"0.26","0.57","0.17","0.155074193767529","1,2,1,3,4,3,5,5,2,5,1,4,3,5,1,5,6","0.000468015670776367","louvain","graph_2024M08.graphml"
"0.25","0.58","0.17","0.156200570965626","1,2,1,3,4,3,5,4,2,5,1,4,3,5,1,4,6","0.000478982925415039","louvain","graph_2024M08.graphml"
"0.24","0.59","0.17","0.157381935990952","1,2,1,3,4,3,5,4,2,5,1,4,3,5,1,4,6","0.000478982925415039","louvain","graph_2024M08.graphml"
"0.23","0.6","0.17","0.158239053254438","1,2,1,3,4,3,5,4,2,5,1,4,3,5,1,4,6","0.000464916229248047","louvain","graph_2024M08.graphml"
"0.22","0.61","0.17","0.160460663295657","1,2,1,1,3,4,2,3,4,2,1,3,3,2,1,3,5","0.000515937805175781","louvain","graph_2024M08.graphml"
"0.21","0.62","0.17","0.157816193718568","1,2,1,3,4,2,3,4,2,3,1,4,4,1,1,4,5","0.000490903854370117","louvain","graph_2024M08.graphml"
"0.2","0.63","0.17","0.160687712585034","1,2,1,1,3,4,2,3,4,2,5,3,5,1,1,3,6","0.000483989715576172","louvain","graph_2024M08.graphml"
"0.19","0.64","0.17","0.159193970185526","1,2,1,3,4,5,3,4,2,3,5,4,5,1,1,4,6","0.000481843948364258","louvain","graph_2024M08.graphml"
"0.18","0.65","0.17","0.15753892733564","1,2,1,1,3,4,3,3,2,5,4,3,4,1,1,3,6","0.000449895858764648","louvain","graph_2024M08.graphml"
"0.17","0.66","0.17","0.15753892733564","1,2,1,1,3,4,3,3,2,5,4,3,4,1,1,3,6","0.000479936599731445","louvain","graph_2024M08.graphml"
"0.16","0.67","0.17","0.156233098972418","1,2,3,1,4,5,4,4,2,3,5,4,5,1,1,4,6","0.000488042831420898","louvain","graph_2024M08.graphml"
"0.15","0.68","0.17","0.15414397407197","1,2,3,1,4,5,4,4,2,3,5,4,5,1,1,4,6","0.0004730224609375","louvain","graph_2024M08.graphml"
"0.14","0.69","0.17","0.151489628748844","1,2,3,1,4,5,4,4,2,3,5,4,5,1,1,4,6","0.000484943389892578","louvain","graph_2024M08.graphml"
"0.13","0.7","0.17","0.157523072052987","1,2,3,1,4,5,4,4,2,3,5,4,5,1,1,4,6","0.000463008880615234","louvain","graph_2024M08.graphml"
"0.12","0.71","0.17","0.156971176864886","1,2,3,1,4,5,4,4,2,3,5,4,5,1,1,4,6","0.000505924224853516","louvain","graph_2024M08.graphml"
"0.11","0.72","0.17","0.157928982344773","1,2,2,1,3,4,5,5,3,2,4,5,4,1,1,5,6","0.000574111938476562","louvain","graph_2024M08.graphml"
"0.1","0.73","0.17","0.157252083070319","1,2,3,1,4,5,2,3,4,2,5,3,5,1,4,3,6","0.000463962554931641","louvain","graph_2024M08.graphml"
"0.09","0.74","0.17","0.155632626946725","1,2,2,1,3,4,5,5,3,2,4,5,4,1,3,5,6","0.000500917434692383","louvain","graph_2024M08.graphml"
"0.08","0.75","0.17","0.156153549382716","1,2,2,1,3,4,5,5,3,2,4,5,4,1,3,5,6","0.000506877899169922","louvain","graph_2024M08.graphml"
"0.07","0.76","0.17","0.157369111655067","1,2,2,1,3,3,4,4,2,2,3,4,3,1,2,4,5","0.00049901008605957","louvain","graph_2024M08.graphml"
"0.06","0.77","0.17","0.157369111655067","1,2,2,1,3,3,4,4,2,2,3,4,3,1,2,4,5","0.000483989715576172","louvain","graph_2024M08.graphml"
"0.05","0.78","0.17","0.155631113392102","1,2,3,3,4,2,3,3,2,3,4,5,4,1,2,5,6","0.000613927841186523","louvain","graph_2024M08.graphml"
"0.04","0.79","0.17","0.155401773716743","1,2,3,1,4,2,5,5,2,3,4,5,4,1,2,5,6","0.000464916229248047","louvain","graph_2024M08.graphml"
"0.03","0.8","0.17","0.161107071775325","1,2,3,3,4,2,3,3,2,3,4,5,4,1,2,5,6","0.000464916229248047","louvain","graph_2024M08.graphml"
"0.02","0.81","0.17","0.161107071775325","1,2,3,3,4,2,3,3,2,3,4,5,4,1,2,5,6","0.000533103942871094","louvain","graph_2024M08.graphml"
"0.01","0.82","0.17","0.160240450642989","1,2,3,1,4,2,3,3,2,3,4,3,4,1,2,3,5","0.000487089157104492","louvain","graph_2024M08.graphml"
"0","0.83","0.17","0.160524338073766","1,2,3,3,4,2,3,3,2,3,4,5,4,1,2,5,6","0.000470876693725586","louvain","graph_2024M08.graphml"
"0.82","0","0.18","0.158082416429893","1,2,2,1,2,3,3,3,2,4,1,3,3,4,5,3,6","0.000426054000854492","louvain","graph_2024M08.graphml"
"0.81","0.01","0.18","0.162230623818525","1,2,2,1,2,3,3,3,2,4,1,3,3,4,5,3,6","0.000438213348388672","louvain","graph_2024M08.graphml"
"0.8","0.02","0.18","0.162164876908467","1,2,2,1,2,1,3,3,2,3,1,3,3,1,1,3,4","0.000426054000854492","louvain","graph_2024M08.graphml"
"0.79","0.03","0.18","0.165173441539787","1,2,2,1,2,1,3,3,2,3,1,4,3,1,1,3,5","0.000432968139648438","louvain","graph_2024M08.graphml"
"0.78","0.04","0.18","0.164403996892875","1,2,2,1,2,1,3,3,2,3,1,4,3,1,1,3,5","0.000566005706787109","louvain","graph_2024M08.graphml"
"0.77","0.05","0.18","0.162352430555556","1,2,2,1,2,3,3,3,2,4,1,3,3,1,1,3,5","0.00043797492980957","louvain","graph_2024M08.graphml"
"0.76","0.06","0.18","0.15897138173622","1,2,3,1,3,1,2,2,3,2,1,2,2,1,1,2,4","0.000468015670776367","louvain","graph_2024M08.graphml"
"0.75","0.07","0.18","0.15892869339526","1,2,2,1,2,3,3,3,2,4,1,3,3,1,1,3,5","0.000482082366943359","louvain","graph_2024M08.graphml"
"0.74","0.08","0.18","0.163758062348831","1,2,3,1,3,1,2,2,3,2,2,4,2,1,1,2,5","0.00049591064453125","louvain","graph_2024M08.graphml"
"0.73","0.09","0.18","0.16027488546439","1,2,3,1,3,2,2,2,3,2,2,2,2,1,1,2,4","0.000478029251098633","louvain","graph_2024M08.graphml"
"0.72","0.1","0.18","0.161007006411527","1,2,3,1,3,2,2,2,3,2,1,2,2,1,1,2,4","0.000466108322143555","louvain","graph_2024M08.graphml"
"0.71","0.11","0.18","0.16007901925078","1,2,3,1,3,1,2,2,3,2,1,4,2,1,1,2,5","0.000462055206298828","louvain","graph_2024M08.graphml"
"0.7","0.12","0.18","0.159344","1,2,3,1,3,1,2,2,3,2,1,4,2,1,1,2,5","0.000516176223754883","louvain","graph_2024M08.graphml"
"0.69","0.13","0.18","0.161005605946082","1,2,3,1,3,1,2,2,3,2,1,4,2,1,1,2,5","0.000453948974609375","louvain","graph_2024M08.graphml"
"0.68","0.14","0.18","0.158573067146134","1,2,3,1,3,1,2,2,3,2,2,4,2,1,1,2,5","0.00045013427734375","louvain","graph_2024M08.graphml"
"0.67","0.15","0.18","0.158248901367188","1,2,3,1,3,1,2,2,3,2,2,4,2,1,1,2,5","0.000450849533081055","louvain","graph_2024M08.graphml"
"0.66","0.16","0.18","0.158426476774232","1,2,3,1,3,1,2,2,3,2,2,4,2,1,1,2,5","0.000454902648925781","louvain","graph_2024M08.graphml"
"0.65","0.17","0.18","0.156117231406807","1,2,3,1,3,1,2,2,3,2,2,4,2,1,1,2,5","0.000452995300292969","louvain","graph_2024M08.graphml"
"0.64","0.18","0.18","0.150819008515375","1,2,3,1,4,4,2,4,3,2,1,4,4,1,1,2,5","0.000447988510131836","louvain","graph_2024M08.graphml"
"0.63","0.19","0.18","0.155962976148095","1,2,2,1,3,1,3,3,2,3,3,4,3,1,1,3,5","0.000458955764770508","louvain","graph_2024M08.graphml"
"0.62","0.2","0.18","0.157426486968144","1,2,2,1,3,1,3,3,2,3,3,4,3,1,1,3,5","0.000535964965820312","louvain","graph_2024M08.graphml"
"0.61","0.21","0.18","0.147263374485597","1,2,2,1,3,4,3,4,2,3,3,4,4,1,1,1,5","0.000448942184448242","louvain","graph_2024M08.graphml"
"0.6","0.22","0.18","0.154436894922455","1,2,2,1,3,3,3,3,2,4,3,5,3,1,1,3,6","0.000428915023803711","louvain","graph_2024M08.graphml"
"0.59","0.23","0.18","0.155193388429752","1,2,2,2,3,1,3,3,2,4,3,4,3,1,1,3,5","0.000452995300292969","louvain","graph_2024M08.graphml"
"0.58","0.24","0.18","0.156827609745852","1,2,2,2,3,3,3,3,2,4,3,4,3,1,1,3,5","0.000457048416137695","louvain","graph_2024M08.graphml"
"0.57","0.25","0.18","0.156283804037587","1,2,2,2,3,4,4,4,2,3,4,3,4,1,1,4,5","0.000523090362548828","louvain","graph_2024M08.graphml"
"0.56","0.26","0.18","0.156283804037587","1,2,2,2,3,4,4,4,2,3,4,3,4,1,1,4,5","0.000473976135253906","louvain","graph_2024M08.graphml"
"0.55","0.27","0.18","0.157995186584545","1,2,2,2,3,4,4,4,2,3,4,3,4,1,1,4,5","0.000458955764770508","louvain","graph_2024M08.graphml"
"0.54","0.28","0.18","0.161269132653061","1,2,2,2,3,4,4,4,2,3,4,3,4,1,1,4,5","0.000441074371337891","louvain","graph_2024M08.graphml"
"0.53","0.29","0.18","0.158738242543132","1,2,2,2,3,4,4,4,2,3,4,3,4,1,1,4,5","0.000478029251098633","louvain","graph_2024M08.graphml"
"0.52","0.3","0.18","0.157275031527426","1,2,2,2,3,4,4,4,2,3,4,3,4,1,1,4,5","0.000447988510131836","louvain","graph_2024M08.graphml"
"0.51","0.31","0.18","0.157275031527426","1,2,2,2,3,4,4,4,2,3,4,3,4,1,1,4,5","0.000463962554931641","louvain","graph_2024M08.graphml"
"0.5","0.32","0.18","0.158583549317815","1,2,2,2,3,4,4,4,2,3,4,3,4,1,1,4,5","0.000484943389892578","louvain","graph_2024M08.graphml"
"0.49","0.33","0.18","0.158583549317815","1,2,2,2,3,4,4,4,2,3,4,3,4,1,1,4,5","0.000470161437988281","louvain","graph_2024M08.graphml"
"0.48","0.34","0.18","0.160303210463734","1,2,2,2,3,4,4,4,2,3,4,3,4,1,1,4,5","0.000463008880615234","louvain","graph_2024M08.graphml"
"0.47","0.35","0.18","0.157481469318822","1,2,3,4,3,3,3,4,2,4,1,3,3,1,1,4,5","0.000468969345092773","louvain","graph_2024M08.graphml"
"0.46","0.36","0.18","0.15740879057742","1,2,3,2,3,3,4,4,2,4,1,3,3,4,1,4,5","0.000492095947265625","louvain","graph_2024M08.graphml"
"0.45","0.37","0.18","0.157790021426385","1,2,3,2,3,3,4,4,2,4,1,3,3,4,1,4,5","0.000476837158203125","louvain","graph_2024M08.graphml"
"0.44","0.38","0.18","0.156763957721153","1,2,1,3,4,4,3,3,2,3,1,4,4,3,1,3,5","0.000483989715576172","louvain","graph_2024M08.graphml"
"0.43","0.39","0.18","0.148696537894301","1,2,1,3,4,3,3,3,2,3,1,4,3,3,1,3,5","0.000467061996459961","louvain","graph_2024M08.graphml"
"0.42","0.4","0.18","0.150294105245404","1,2,1,1,3,4,4,4,2,4,4,3,4,4,1,4,5","0.000479936599731445","louvain","graph_2024M08.graphml"
"0.41","0.41","0.18","0.150527330044721","1,2,1,1,3,4,3,3,2,3,4,3,4,3,1,3,5","0.000468015670776367","louvain","graph_2024M08.graphml"
"0.4","0.42","0.18","0.148121917680752","1,2,1,3,4,3,4,4,2,4,1,4,3,4,1,4,5","0.000488996505737305","louvain","graph_2024M08.graphml"
"0.39","0.43","0.18","0.148121917680752","1,2,1,3,4,3,4,4,2,4,1,4,3,4,1,4,5","0.000488042831420898","louvain","graph_2024M08.graphml"
"0.38","0.44","0.18","0.15360156598645","1,2,1,3,4,3,4,4,2,4,1,4,3,4,1,4,5","0.000487089157104492","louvain","graph_2024M08.graphml"
"0.37","0.45","0.18","0.15244142101285","1,2,1,3,4,3,4,4,2,4,1,4,3,4,1,4,5","0.000481843948364258","louvain","graph_2024M08.graphml"
"0.36","0.46","0.18","0.15244142101285","1,2,1,1,3,4,3,3,2,3,4,3,4,3,1,3,5","0.000523090362548828","louvain","graph_2024M08.graphml"
"0.35","0.47","0.18","0.153773049786544","1,2,1,3,4,3,4,4,2,4,1,4,3,4,1,4,5","0.000486850738525391","louvain","graph_2024M08.graphml"
"0.34","0.48","0.18","0.155141212768482","1,2,1,1,3,4,3,3,2,3,4,3,4,3,1,3,5","0.000527143478393555","louvain","graph_2024M08.graphml"
"0.33","0.49","0.18","0.156435546875","1,2,1,1,3,4,3,3,2,3,4,3,4,3,1,3,5","0.000513076782226562","louvain","graph_2024M08.graphml"
"0.32","0.5","0.18","0.15406427221172","1,2,1,1,3,4,3,3,2,3,4,3,4,3,1,3,5","0.000494956970214844","louvain","graph_2024M08.graphml"
"0.31","0.51","0.18","0.153523948279002","1,2,1,1,3,4,5,5,2,5,4,3,4,5,1,5,6","0.000481843948364258","louvain","graph_2024M08.graphml"
"0.3","0.52","0.18","0.153983431952663","1,2,1,1,3,4,5,4,2,5,4,3,4,5,1,4,6","0.000617027282714844","louvain","graph_2024M08.graphml"
"0.29","0.53","0.18","0.153057146044021","1,2,1,1,3,3,4,3,2,4,3,3,3,4,1,3,5","0.000533103942871094","louvain","graph_2024M08.graphml"
"0.28","0.54","0.18","0.156818981143305","1,2,1,1,2,3,2,4,3,2,4,2,4,1,1,4,5","0.000468969345092773","louvain","graph_2024M08.graphml"
"0.27","0.55","0.18","0.156732941303023","1,2,1,3,4,3,2,4,3,2,1,4,4,1,1,4,5","0.000481843948364258","louvain","graph_2024M08.graphml"
"0.26","0.56","0.18","0.154113358398859","1,2,1,1,2,3,2,4,3,2,4,2,4,1,1,4,5","0.000489950180053711","louvain","graph_2024M08.graphml"
"0.25","0.57","0.18","0.156231399460803","1,2,1,3,4,3,2,4,3,2,1,4,4,1,1,4,5","0.000458955764770508","louvain","graph_2024M08.graphml"
"0.24","0.58","0.18","0.157273257281089","1,2,1,1,3,4,2,3,4,2,5,3,5,1,1,3,6","0.000457048416137695","louvain","graph_2024M08.graphml"
"0.23","0.59","0.18","0.155223123296153","1,2,1,1,3,4,2,3,4,2,5,3,5,1,1,3,6","0.000494956970214844","louvain","graph_2024M08.graphml"
"0.22","0.6","0.18","0.15340054610376","1,2,1,3,4,5,3,4,5,2,3,4,3,1,1,4,6","0.00045013427734375","louvain","graph_2024M08.graphml"
"0.21","0.61","0.18","0.151246036464526","1,2,3,1,4,5,4,4,2,3,5,4,5,1,1,4,6","0.000689029693603516","louvain","graph_2024M08.graphml"
"0.2","0.62","0.18","0.1505077955025","1,2,3,1,4,5,4,4,2,3,5,4,5,1,1,4,6","0.000488996505737305","louvain","graph_2024M08.graphml"
"0.19","0.63","0.18","0.150733354437058","1,2,3,1,4,2,4,5,2,3,4,5,4,1,1,5,6","0.000483036041259766","louvain","graph_2024M08.graphml"
"0.18","0.64","0.18","0.153799195633439","1,2,3,1,4,2,4,4,2,3,4,4,4,1,1,4,5","0.000483036041259766","louvain","graph_2024M08.graphml"
"0.17","0.65","0.18","0.151768242646131","1,2,2,1,3,3,4,4,3,2,4,4,4,1,1,4,5","0.000470161437988281","louvain","graph_2024M08.graphml"
"0.16","0.66","0.18","0.150350336212917","1,2,3,1,4,5,2,3,4,2,5,3,5,1,4,3,6","0.000530004501342773","louvain","graph_2024M08.graphml"
"0.15","0.67","0.18","0.154778439025147","1,2,2,1,3,4,5,5,3,2,4,5,4,1,3,5,6","0.000474929809570312","louvain","graph_2024M08.graphml"
"0.14","0.68","0.18","0.155308814389085","1,2,2,1,3,4,5,5,3,2,4,5,4,1,3,5,6","0.0004730224609375","louvain","graph_2024M08.graphml"
"0.13","0.69","0.18","0.154100912670553","1,2,3,1,4,5,2,3,4,2,5,3,5,1,4,3,6","0.000482797622680664","louvain","graph_2024M08.graphml"
"0.12","0.7","0.18","0.152572715331207","1,2,3,1,4,2,5,3,2,5,4,3,4,1,2,3,6","0.000517129898071289","louvain","graph_2024M08.graphml"
"0.11","0.71","0.18","0.15403640457872","1,2,3,1,4,2,5,5,2,3,4,5,4,1,2,5,6","0.000524997711181641","louvain","graph_2024M08.graphml"
"0.1","0.72","0.18","0.154448395934338","1,2,3,1,4,2,3,3,2,3,4,5,4,3,2,5,6","0.000497102737426758","louvain","graph_2024M08.graphml"
"0.09","0.73","0.18","0.154544914580998","1,2,3,1,4,2,5,5,2,3,4,5,4,1,2,5,6","0.000491142272949219","louvain","graph_2024M08.graphml"
"0.08","0.74","0.18","0.155609902982499","1,2,3,1,4,2,3,3,2,3,4,5,4,3,2,5,6","0.000563859939575195","louvain","graph_2024M08.graphml"
"0.07","0.75","0.18","0.157461650840029","1,2,3,3,4,2,3,3,2,3,4,5,4,1,2,5,6","0.000488042831420898","louvain","graph_2024M08.graphml"
"0.06","0.76","0.18","0.157614601504189","1,2,3,1,4,2,3,3,2,3,4,3,4,1,2,3,5","0.000634908676147461","louvain","graph_2024M08.graphml"
"0.05","0.77","0.18","0.15664","1,2,3,1,4,2,3,3,2,3,4,3,4,1,2,3,5","0.000507116317749023","louvain","graph_2024M08.graphml"
"0.04","0.78","0.18","0.157500444444444","1,2,3,3,4,2,3,3,2,3,4,5,4,1,2,5,6","0.000478029251098633","louvain","graph_2024M08.graphml"
"0.03","0.79","0.18","0.154454755890775","1,2,3,1,4,2,3,3,2,3,4,3,4,1,2,3,5","0.000603914260864258","louvain","graph_2024M08.graphml"
"0.02","0.8","0.18","0.154249134996275","1,2,3,1,4,2,3,3,2,3,4,3,4,1,2,3,5","0.000496864318847656","louvain","graph_2024M08.graphml"
"0.01","0.81","0.18","0.153812326869806","1,2,3,3,4,2,3,3,2,3,4,5,4,1,2,5,6","0.000565052032470703","louvain","graph_2024M08.graphml"
"0","0.82","0.18","0.153057479224377","1,2,3,1,4,2,5,3,2,5,4,3,4,1,2,3,6","0.000480890274047852","louvain","graph_2024M08.graphml"
"0.81","0","0.19","0.15892869339526","1,2,2,1,2,3,3,3,2,4,1,3,3,1,1,3,5","0.00049901008605957","louvain","graph_2024M08.graphml"
"0.8","0.01","0.19","0.163415129807448","1,2,3,1,3,1,2,2,3,2,1,4,2,1,1,2,5","0.000446081161499023","louvain","graph_2024M08.graphml"
"0.79","0.02","0.19","0.163758062348831","1,2,3,1,3,1,2,2,3,2,2,4,2,1,1,2,5","0.000482082366943359","louvain","graph_2024M08.graphml"
"0.78","0.03","0.19","0.159825072886297","1,2,2,1,2,3,3,3,2,4,1,3,3,1,1,3,5","0.000488996505737305","louvain","graph_2024M08.graphml"
"0.77","0.04","0.19","0.157739022111492","1,2,3,1,3,1,2,2,3,2,1,4,2,1,1,2,5","0.000561952590942383","louvain","graph_2024M08.graphml"
"0.76","0.05","0.19","0.155799114299773","1,2,2,1,2,3,3,3,2,4,1,3,3,1,1,3,5","0.000454187393188477","louvain","graph_2024M08.graphml"
"0.75","0.06","0.19","0.154257999496095","1,2,2,1,2,3,3,3,2,4,1,3,3,1,1,3,5","0.000442981719970703","louvain","graph_2024M08.graphml"
"0.74","0.07","0.19","0.155705561411123","1,2,2,1,2,3,3,3,2,4,1,3,3,1,1,3,5","0.000458002090454102","louvain","graph_2024M08.graphml"
"0.73","0.08","0.19","0.155705561411123","1,2,2,1,2,3,3,3,2,4,1,3,3,1,1,3,5","0.000684976577758789","louvain","graph_2024M08.graphml"
"0.72","0.09","0.19","0.151242527690404","1,2,2,1,2,3,3,3,2,4,1,3,3,1,1,3,5","0.000428915023803711","louvain","graph_2024M08.graphml"
"0.71","0.1","0.19","0.152471337766621","1,2,3,1,3,1,2,2,3,2,2,4,2,1,1,2,5","0.000464916229248047","louvain","graph_2024M08.graphml"
"0.7","0.11","0.19","0.150209777984966","1,2,3,1,3,1,2,2,3,2,2,4,2,1,1,2,5","0.000570058822631836","louvain","graph_2024M08.graphml"
"0.69","0.12","0.19","0.146557908631772","1,2,2,1,3,3,4,3,2,4,4,3,3,1,1,4,5","0.000472068786621094","louvain","graph_2024M08.graphml"
"0.68","0.13","0.19","0.147973316750523","1,2,2,1,2,3,3,3,2,4,3,3,3,1,1,3,5","0.000462055206298828","louvain","graph_2024M08.graphml"
"0.67","0.14","0.19","0.15207777670292","1,2,2,1,2,3,3,3,2,4,3,5,3,1,1,3,6","0.000483989715576172","louvain","graph_2024M08.graphml"
"0.66","0.15","0.19","0.150712817091271","1,2,2,1,3,3,3,3,2,4,3,5,3,1,1,3,6","0.00046086311340332","louvain","graph_2024M08.graphml"
"0.65","0.16","0.19","0.150860738772827","1,2,2,2,3,3,3,3,2,4,3,4,3,1,1,3,5","0.000464916229248047","louvain","graph_2024M08.graphml"
"0.64","0.17","0.19","0.154161983471074","1,2,2,2,3,3,3,3,2,4,3,4,3,1,1,3,5","0.000463962554931641","louvain","graph_2024M08.graphml"
"0.63","0.18","0.19","0.156827609745852","1,2,2,2,3,3,3,3,2,4,3,4,3,1,1,3,5","0.000482082366943359","louvain","graph_2024M08.graphml"
"0.62","0.19","0.19","0.156283804037587","1,2,2,2,3,4,4,4,2,3,4,3,4,1,1,4,5","0.000440120697021484","louvain","graph_2024M08.graphml"
"0.61","0.2","0.19","0.15375573284002","1,2,2,2,3,4,4,4,2,3,4,3,4,1,1,4,5","0.000472068786621094","louvain","graph_2024M08.graphml"
"0.6","0.21","0.19","0.155588250088024","1,2,2,2,3,4,4,4,2,3,4,3,4,1,1,4,5","0.000442981719970703","louvain","graph_2024M08.graphml"
"0.59","0.22","0.19","0.155588250088024","1,2,2,2,3,4,4,4,2,3,4,3,4,1,1,4,5","0.000456094741821289","louvain","graph_2024M08.graphml"
"0.58","0.23","0.19","0.157275031527426","1,2,2,2,3,4,4,4,2,3,4,3,4,1,1,4,5","0.00056910514831543","louvain","graph_2024M08.graphml"
"0.57","0.24","0.19","0.157026777469991","1,2,2,2,3,4,4,4,2,3,4,3,4,1,1,4,5","0.000459909439086914","louvain","graph_2024M08.graphml"
"0.56","0.25","0.19","0.158583549317815","1,2,2,2,3,4,4,4,2,3,4,3,4,1,1,4,5","0.000468015670776367","louvain","graph_2024M08.graphml"
"0.55","0.26","0.19","0.155984760802469","1,2,2,2,3,4,4,4,2,3,4,3,4,1,1,4,5","0.00047612190246582","louvain","graph_2024M08.graphml"
"0.54","0.27","0.19","0.156123408564815","1,2,2,2,3,1,3,3,2,3,3,4,3,1,1,3,5","0.000449180603027344","louvain","graph_2024M08.graphml"
"0.53","0.28","0.19","0.15979381443299","1,2,2,2,3,1,3,3,2,3,3,3,3,1,1,1,4","0.000494956970214844","louvain","graph_2024M08.graphml"
"0.52","0.29","0.19","0.157579665814463","1,2,2,2,3,3,3,4,2,4,3,3,3,4,1,4,5","0.000497102737426758","louvain","graph_2024M08.graphml"
"0.51","0.3","0.19","0.153607576075319","1,2,1,2,3,4,4,4,2,4,4,3,4,4,1,4,5","0.000464916229248047","louvain","graph_2024M08.graphml"
"0.5","0.31","0.19","0.151875088498949","1,2,1,1,3,4,4,4,2,4,4,3,4,4,1,4,5","0.000488996505737305","louvain","graph_2024M08.graphml"
"0.49","0.32","0.19","0.148473723859139","1,2,1,3,4,3,3,3,2,3,3,4,3,3,1,3,5","0.000462055206298828","louvain","graph_2024M08.graphml"
"0.48","0.33","0.19","0.147965660770031","1,2,1,3,4,1,3,3,2,3,3,4,3,3,1,3,5","0.00049901008605957","louvain","graph_2024M08.graphml"
"0.47","0.34","0.19","0.148121917680752","1,2,1,3,4,3,4,4,2,4,1,4,3,4,1,4,5","0.000587940216064453","louvain","graph_2024M08.graphml"
"0.46","0.35","0.19","0.146978755752794","1,2,1,1,3,4,3,3,2,3,4,3,4,3,1,3,5","0.000494003295898438","louvain","graph_2024M08.graphml"
"0.45","0.36","0.19","0.149491165572783","1,2,1,1,3,4,3,3,2,3,4,3,4,3,1,3,5","0.00049901008605957","louvain","graph_2024M08.graphml"
"0.44","0.37","0.19","0.150883402977808","1,2,1,1,3,4,3,3,2,3,4,3,4,3,1,3,5","0.000481128692626953","louvain","graph_2024M08.graphml"
"0.43","0.38","0.19","0.153168387326451","1,2,1,1,3,4,4,4,2,4,4,3,4,4,1,4,5","0.000514984130859375","louvain","graph_2024M08.graphml"
"0.42","0.39","0.19","0.153494719354456","1,2,1,1,3,4,5,4,2,5,4,3,4,5,1,4,6","0.00046992301940918","louvain","graph_2024M08.graphml"
"0.41","0.4","0.19","0.154774422421163","1,2,1,1,3,4,5,4,2,5,4,3,4,5,1,4,6","0.000718116760253906","louvain","graph_2024M08.graphml"
"0.4","0.41","0.19","0.1540234375","1,2,1,1,3,4,5,4,2,5,4,3,4,5,1,4,6","0.000481128692626953","louvain","graph_2024M08.graphml"
"0.39","0.42","0.19","0.150823656494734","1,2,1,1,3,4,5,4,2,5,4,3,4,5,1,4,6","0.000504970550537109","louvain","graph_2024M08.graphml"
"0.38","0.43","0.19","0.15170650887574","1,2,1,1,3,4,5,4,2,5,4,3,4,5,1,4,6","0.000515937805175781","louvain","graph_2024M08.graphml"
"0.37","0.44","0.19","0.153396415823914","1,2,1,1,3,4,5,4,2,5,4,3,4,5,1,4,6","0.000464200973510742","louvain","graph_2024M08.graphml"
"0.36","0.45","0.19","0.153856749311295","1,2,1,1,3,4,5,4,2,5,4,3,4,5,1,4,6","0.000475168228149414","louvain","graph_2024M08.graphml"
"0.35","0.46","0.19","0.153020213383655","1,2,1,3,4,1,3,3,2,5,3,4,3,1,1,3,6","0.00048518180847168","louvain","graph_2024M08.graphml"
"0.34","0.47","0.19","0.149150545634921","1,2,1,1,3,2,4,4,2,5,4,3,4,4,1,4,6","0.000478982925415039","louvain","graph_2024M08.graphml"
"0.33","0.48","0.19","0.154419488113161","1,2,1,3,4,3,4,4,3,2,1,4,4,1,1,4,5","0.000452995300292969","louvain","graph_2024M08.graphml"
"0.32","0.49","0.19","0.154419488113161","1,2,1,3,4,3,4,4,3,2,1,4,4,1,1,4,5","0.000500917434692383","louvain","graph_2024M08.graphml"
"0.31","0.5","0.19","0.152800147053675","1,2,1,3,4,5,3,3,5,2,3,4,3,1,1,3,6","0.000494956970214844","louvain","graph_2024M08.graphml"
"0.3","0.51","0.19","0.154375614552606","1,2,1,1,3,4,3,3,4,2,3,3,3,1,1,3,5","0.00052189826965332","louvain","graph_2024M08.graphml"
"0.29","0.52","0.19","0.148263390023055","1,2,1,3,4,3,4,5,3,2,4,5,4,1,1,5,6","0.000482082366943359","louvain","graph_2024M08.graphml"
"0.28","0.53","0.19","0.149959720618891","1,2,1,1,3,4,3,5,4,2,3,5,3,1,1,5,6","0.000477075576782227","louvain","graph_2024M08.graphml"
"0.27","0.54","0.19","0.152014351277904","1,2,3,1,4,2,4,5,2,3,4,5,4,1,1,5,6","0.000535011291503906","louvain","graph_2024M08.graphml"
"0.26","0.55","0.19","0.152014351277904","1,2,3,1,4,2,4,5,2,3,4,5,4,1,1,5,6","0.000575780868530273","louvain","graph_2024M08.graphml"
"0.25","0.56","0.19","0.151910292935934","1,2,3,1,4,2,4,5,2,3,4,5,4,1,1,5,6","0.000524044036865234","louvain","graph_2024M08.graphml"
"0.24","0.57","0.19","0.151048392303719","1,2,3,1,4,2,4,5,2,3,4,5,4,1,1,5,6","0.000488042831420898","louvain","graph_2024M08.graphml"
"0.23","0.58","0.19","0.151656417377504","1,2,2,3,4,4,3,5,4,2,3,5,3,1,1,5,6","0.000468015670776367","louvain","graph_2024M08.graphml"
"0.22","0.59","0.19","0.150326924877501","1,2,2,1,3,4,5,5,3,2,4,5,4,1,3,5,6","0.00049281120300293","louvain","graph_2024M08.graphml"
"0.21","0.6","0.19","0.152869701507592","1,2,3,1,4,4,2,3,4,2,2,3,2,1,4,3,5","0.000458002090454102","louvain","graph_2024M08.graphml"
"0.2","0.61","0.19","0.149668894498968","1,2,2,1,3,4,5,5,3,2,4,5,4,1,3,5,6","0.000486135482788086","louvain","graph_2024M08.graphml"
"0.19","0.62","0.19","0.14865236103904","1,2,2,1,3,4,5,5,3,2,4,5,4,1,3,5,6","0.000468015670776367","louvain","graph_2024M08.graphml"
"0.18","0.63","0.19","0.152559322545586","1,2,3,1,4,2,4,4,2,3,4,4,4,1,2,4,5","0.000512123107910156","louvain","graph_2024M08.graphml"
"0.17","0.64","0.19","0.154267072770163","1,2,2,1,3,3,4,4,2,2,3,4,3,1,2,4,5","0.000581026077270508","louvain","graph_2024M08.graphml"
"0.16","0.65","0.19","0.155129296186808","1,2,3,1,4,2,5,5,2,3,4,5,4,1,2,5,6","0.000464916229248047","louvain","graph_2024M08.graphml"
"0.15","0.66","0.19","0.153754135160681","1,2,3,1,4,2,5,5,2,3,4,5,4,1,2,5,6","0.000499963760375977","louvain","graph_2024M08.graphml"
"0.14","0.67","0.19","0.152558368402112","1,2,3,1,4,2,5,5,2,3,4,5,4,1,2,5,6","0.00045013427734375","louvain","graph_2024M08.graphml"
"0.13","0.68","0.19","0.154736096658573","1,2,3,1,4,2,5,5,2,3,4,5,4,1,2,5,6","0.000594139099121094","louvain","graph_2024M08.graphml"
"0.12","0.69","0.19","0.153903930884287","1,2,3,1,4,2,5,5,2,3,4,5,4,1,2,5,6","0.000486135482788086","louvain","graph_2024M08.graphml"
"0.11","0.7","0.19","0.154478222222222","1,2,3,3,4,2,3,3,2,3,4,5,4,1,2,5,6","0.000488042831420898","louvain","graph_2024M08.graphml"
"0.1","0.71","0.19","0.153339322091444","1,2,3,3,4,2,3,3,2,3,4,5,4,1,2,5,6","0.000507831573486328","louvain","graph_2024M08.graphml"
"0.09","0.72","0.19","0.154249134996275","1,2,3,1,4,2,3,3,2,3,4,3,4,1,2,3,5","0.000528097152709961","louvain","graph_2024M08.graphml"
"0.08","0.73","0.19","0.152275748995942","1,2,3,1,4,2,5,3,2,5,4,3,4,1,2,3,6","0.000553131103515625","louvain","graph_2024M08.graphml"
"0.07","0.74","0.19","0.153054194997279","1,2,3,3,4,2,3,3,2,3,4,5,4,1,2,5,6","0.000492095947265625","louvain","graph_2024M08.graphml"
"0.06","0.75","0.19","0.152689083155944","1,2,3,1,2,4,3,3,2,3,4,5,4,3,4,5,6","0.000523090362548828","louvain","graph_2024M08.graphml"
"0.05","0.76","0.19","0.152553982204861","1,2,3,1,4,5,4,3,2,4,5,3,5,1,5,3,6","0.000498056411743164","louvain","graph_2024M08.graphml"
"0.04","0.77","0.19","0.152411566840278","1,2,3,1,3,4,3,3,2,3,4,5,4,1,4,5,6","0.000535964965820312","louvain","graph_2024M08.graphml"
"0.03","0.78","0.19","0.149683846456877","1,2,3,1,4,5,4,3,2,4,5,3,5,1,5,3,6","0.000485897064208984","louvain","graph_2024M08.graphml"
"0.02","0.79","0.19","0.150558842866535","1,2,3,1,3,4,3,3,2,3,4,3,4,1,4,3,5","0.00048518180847168","louvain","graph_2024M08.graphml"
"0.01","0.8","0.19","0.151807392731581","1,2,3,1,3,4,3,3,2,3,4,3,4,1,4,3,5","0.00049591064453125","louvain","graph_2024M08.graphml"
"0","0.81","0.19","0.153086268649025","1,2,3,1,3,4,3,3,2,3,4,3,4,1,4,3,5","0.000480175018310547","louvain","graph_2024M08.graphml"
"0.8","0","0.2","0.151071052142104","1,2,2,1,2,3,3,3,2,4,1,3,3,1,1,3,5","0.000579118728637695","louvain","graph_2024M08.graphml"
"0.79","0.01","0.2","0.15406001699438","1,2,2,1,3,1,3,3,2,3,1,4,3,1,1,3,5","0.00044703483581543","louvain","graph_2024M08.graphml"
"0.78","0.02","0.2","0.153054733727811","1,2,2,1,2,3,3,3,2,4,1,3,3,1,1,3,5","0.000455141067504883","louvain","graph_2024M08.graphml"
"0.77","0.03","0.2","0.153054733727811","1,2,2,1,2,3,3,3,2,4,1,3,3,1,1,3,5","0.000452995300292969","louvain","graph_2024M08.graphml"
"0.76","0.04","0.2","0.150305772817303","1,2,3,1,3,1,2,2,3,2,1,4,2,1,1,2,5","0.000441074371337891","louvain","graph_2024M08.graphml"
"0.75","0.05","0.2","0.149535021764939","1,2,3,1,3,2,2,2,3,4,2,5,2,1,1,2,6","0.000470876693725586","louvain","graph_2024M08.graphml"
"0.74","0.06","0.2","0.148146858988639","1,2,2,1,2,3,3,3,2,4,3,5,3,1,1,3,6","0.000465869903564453","louvain","graph_2024M08.graphml"
"0.73","0.07","0.2","0.148146858988639","1,2,2,1,2,3,3,3,2,4,3,5,3,1,1,3,6","0.000445127487182617","louvain","graph_2024M08.graphml"
"0.72","0.08","0.2","0.146107709954257","1,2,2,1,2,3,3,3,2,4,3,5,3,1,1,3,6","0.000447988510131836","louvain","graph_2024M08.graphml"
"0.71","0.09","0.2","0.150748810553633","1,2,2,2,3,4,4,4,2,3,4,5,4,1,1,4,6","0.000465869903564453","louvain","graph_2024M08.graphml"
"0.7","0.1","0.2","0.152518780968619","1,2,2,2,3,3,3,3,2,4,3,4,3,1,1,3,5","0.000456094741821289","louvain","graph_2024M08.graphml"
"0.69","0.11","0.2","0.151761393997055","1,2,2,2,3,3,3,3,2,4,3,4,3,1,1,3,5","0.00046992301940918","louvain","graph_2024M08.graphml"
"0.68","0.12","0.2","0.152965660770031","1,2,2,2,3,3,3,3,2,4,3,4,3,1,1,3,5","0.000460147857666016","louvain","graph_2024M08.graphml"
"0.67","0.13","0.2","0.155588250088024","1,2,2,2,3,4,4,4,2,3,4,3,4,1,1,4,5","0.000483989715576172","louvain","graph_2024M08.graphml"
"0.66","0.14","0.2","0.155588250088024","1,2,2,2,3,4,4,4,2,3,4,3,4,1,1,4,5","0.000458002090454102","louvain","graph_2024M08.graphml"
"0.65","0.15","0.2","0.153685275131416","1,2,2,2,3,4,4,4,2,3,4,3,4,1,1,4,5","0.000456809997558594","louvain","graph_2024M08.graphml"
"0.64","0.16","0.2","0.152218157300004","1,2,2,2,3,1,3,3,2,4,1,3,3,1,1,3,5","0.000474214553833008","louvain","graph_2024M08.graphml"
"0.63","0.17","0.2","0.155290858725762","1,2,2,2,3,1,3,3,2,3,3,4,3,1,1,3,5","0.000483989715576172","louvain","graph_2024M08.graphml"
"0.62","0.18","0.2","0.153766687857597","1,2,2,2,3,1,3,3,2,3,3,4,3,1,1,3,5","0.000491142272949219","louvain","graph_2024M08.graphml"
"0.61","0.19","0.2","0.154342046158142","1,2,2,2,3,4,4,4,2,3,4,3,4,1,1,4,5","0.000474214553833008","louvain","graph_2024M08.graphml"
"0.6","0.2","0.2","0.154601836663833","1,2,2,2,3,4,4,4,2,3,4,3,4,1,1,4,5","0.000492095947265625","louvain","graph_2024M08.graphml"
"0.59","0.21","0.2","0.154922591844688","1,2,2,2,3,4,4,4,2,3,4,3,4,1,1,4,5","0.000486135482788086","louvain","graph_2024M08.graphml"
"0.58","0.22","0.2","0.155296977720964","1,2,1,2,3,1,4,4,2,4,4,3,4,1,1,4,5","0.000527858734130859","louvain","graph_2024M08.graphml"
"0.57","0.23","0.2","0.152076663304241","1,2,1,1,3,3,3,4,2,4,3,3,3,4,1,4,5","0.000463008880615234","louvain","graph_2024M08.graphml"
"0.56","0.24","0.2","0.147503359312013","1,2,1,1,3,3,3,4,2,4,3,3,3,4,1,4,5","0.000464916229248047","louvain","graph_2024M08.graphml"
"0.55","0.25","0.2","0.151281406772028","1,2,1,1,3,4,4,4,2,4,4,3,4,4,1,4,5","0.000520944595336914","louvain","graph_2024M08.graphml"
"0.54","0.26","0.2","0.148969717021123","1,2,1,3,4,1,3,3,2,3,3,4,3,3,1,3,5","0.000480890274047852","louvain","graph_2024M08.graphml"
"0.53","0.27","0.2","0.149480193951348","1,2,1,1,3,4,4,4,2,4,4,3,4,4,1,4,5","0.00047612190246582","louvain","graph_2024M08.graphml"
"0.52","0.28","0.2","0.148164215210934","1,2,1,1,3,4,4,4,2,4,4,3,4,4,1,4,5","0.000468015670776367","louvain","graph_2024M08.graphml"
"0.51","0.29","0.2","0.15027485902065","1,2,1,3,4,1,3,3,2,3,3,4,3,3,1,3,5","0.000481128692626953","louvain","graph_2024M08.graphml"
"0.5","0.3","0.2","0.149485258772633","1,2,1,1,3,4,4,4,2,4,4,3,4,4,1,4,5","0.000492095947265625","louvain","graph_2024M08.graphml"
"0.49","0.31","0.2","0.150523937943456","1,2,1,1,3,4,4,4,2,4,4,3,4,4,1,4,5","0.000484943389892578","louvain","graph_2024M08.graphml"
"0.48","0.32","0.2","0.153494719354456","1,2,1,1,3,4,5,4,2,5,4,3,4,5,1,4,6","0.000471830368041992","louvain","graph_2024M08.graphml"
"0.47","0.33","0.2","0.154715460736431","1,2,1,1,3,4,4,4,2,4,4,3,4,4,1,4,5","0.000498056411743164","louvain","graph_2024M08.graphml"
"0.46","0.34","0.2","0.154904358459254","1,2,1,1,3,4,5,4,2,5,4,3,4,5,1,4,6","0.000715970993041992","louvain","graph_2024M08.graphml"
"0.45","0.35","0.2","0.151191700960219","1,2,1,3,4,1,3,3,2,3,3,4,3,3,1,4,5","0.000466823577880859","louvain","graph_2024M08.graphml"
"0.44","0.36","0.2","0.14979863750988","1,2,1,1,3,4,4,4,2,5,4,3,4,4,1,4,6","0.00043797492980957","louvain","graph_2024M08.graphml"
"0.43","0.37","0.2","0.15216045675853","1,2,1,1,3,4,5,4,2,5,4,3,4,5,1,4,6","0.000482082366943359","louvain","graph_2024M08.graphml"
"0.42","0.38","0.2","0.1500172376252","1,2,1,1,3,1,4,4,2,5,4,3,4,4,1,4,6","0.000478982925415039","louvain","graph_2024M08.graphml"
"0.41","0.39","0.2","0.148162174203609","1,2,1,3,3,2,3,3,2,3,1,4,3,3,1,4,5","0.000497102737426758","louvain","graph_2024M08.graphml"
"0.4","0.4","0.2","0.149735154478458","1,2,1,1,3,2,3,3,2,4,3,5,3,1,1,3,6","0.000470876693725586","louvain","graph_2024M08.graphml"
"0.39","0.41","0.2","0.151586260335127","1,2,1,3,4,2,4,4,2,3,1,4,4,1,1,4,5","0.00056910514831543","louvain","graph_2024M08.graphml"
"0.38","0.42","0.2","0.154375614552606","1,2,1,1,3,4,3,3,4,2,3,3,3,1,1,3,5","0.000488996505737305","louvain","graph_2024M08.graphml"
"0.37","0.43","0.2","0.149210788021998","1,2,1,1,3,4,3,5,4,2,3,5,3,1,1,5,6","0.000500917434692383","louvain","graph_2024M08.graphml"
"0.36","0.44","0.2","0.14772343158464","1,2,1,1,3,4,3,5,4,2,3,5,3,1,1,5,6","0.00053095817565918","louvain","graph_2024M08.graphml"
"0.35","0.45","0.2","0.148263390023055","1,2,1,3,4,3,4,5,3,2,4,5,4,1,1,5,6","0.000741004943847656","louvain","graph_2024M08.graphml"
"0.34","0.46","0.2","0.148263390023055","1,2,1,3,4,3,4,5,3,2,4,5,4,1,1,5,6","0.000481843948364258","louvain","graph_2024M08.graphml"
"0.33","0.47","0.2","0.147194146616947","1,2,1,1,2,3,2,4,3,2,2,4,2,1,1,4,5","0.000494003295898438","louvain","graph_2024M08.graphml"
"0.32","0.48","0.2","0.146762286959968","1,2,3,1,4,2,4,5,2,3,4,5,4,1,1,5,6","0.00050806999206543","louvain","graph_2024M08.graphml"
"0.31","0.49","0.2","0.151910292935934","1,2,3,1,4,2,4,5,2,3,4,5,4,1,1,5,6","0.000485897064208984","louvain","graph_2024M08.graphml"
"0.3","0.5","0.2","0.150691362582157","1,2,1,1,3,2,2,4,3,2,2,4,2,1,1,4,5","0.000502109527587891","louvain","graph_2024M08.graphml"
"0.29","0.51","0.2","0.15025800704604","1,2,3,1,4,2,4,5,2,3,4,5,4,1,1,5,6","0.000468969345092773","louvain","graph_2024M08.graphml"
"0.28","0.52","0.2","0.151750896437006","1,2,2,1,3,3,2,4,3,2,2,4,2,1,3,4,5","0.000486850738525391","louvain","graph_2024M08.graphml"
"0.27","0.53","0.2","0.149841820987654","1,2,2,1,3,4,5,5,3,2,4,5,4,1,3,5,6","0.000494003295898438","louvain","graph_2024M08.graphml"
"0.26","0.54","0.2","0.14865236103904","1,2,2,1,3,4,5,5,3,2,4,5,4,1,3,5,6","0.000492095947265625","louvain","graph_2024M08.graphml"
"0.25","0.55","0.2","0.14865236103904","1,2,2,1,3,4,5,5,3,2,4,5,4,1,3,5,6","0.00046992301940918","louvain","graph_2024M08.graphml"
"0.24","0.56","0.2","0.14865236103904","1,2,2,1,3,4,5,5,3,2,4,5,4,1,3,5,6","0.000456094741821289","louvain","graph_2024M08.graphml"
"0.23","0.57","0.2","0.152831028861249","1,2,3,1,4,2,4,4,2,3,4,4,4,1,2,4,5","0.000499963760375977","louvain","graph_2024M08.graphml"
"0.22","0.58","0.2","0.151694501782698","1,2,3,1,4,2,4,4,2,3,4,4,4,1,2,4,5","0.000489950180053711","louvain","graph_2024M08.graphml"
"0.21","0.59","0.2","0.14960390232313","1,2,3,4,5,2,4,3,2,4,5,3,5,1,2,3,6","0.000507831573486328","louvain","graph_2024M08.graphml"
"0.2","0.6","0.2","0.150530925094518","1,2,3,1,4,2,3,3,2,3,4,3,4,1,2,3,5","0.000477075576782227","louvain","graph_2024M08.graphml"
"0.19","0.61","0.2","0.152817837708241","1,2,3,1,4,2,5,5,2,3,4,5,4,1,2,5,6","0.000474929809570312","louvain","graph_2024M08.graphml"
"0.18","0.62","0.2","0.149814835997598","1,2,3,3,4,2,3,3,2,3,4,5,4,1,2,5,6","0.000493049621582031","louvain","graph_2024M08.graphml"
"0.17","0.63","0.2","0.151527111111111","1,2,3,1,4,2,5,5,2,3,4,5,4,1,2,5,6","0.000478982925415039","louvain","graph_2024M08.graphml"
"0.16","0.64","0.2","0.149459294021628","1,2,3,1,4,2,3,3,2,3,4,5,4,3,2,5,6","0.000496864318847656","louvain","graph_2024M08.graphml"
"0.15","0.65","0.2","0.150959141274238","1,2,3,1,4,2,3,3,2,3,4,5,4,3,2,5,6","0.000498056411743164","louvain","graph_2024M08.graphml"
"0.14","0.66","0.2","0.150432825484765","1,2,3,1,4,2,5,3,2,5,4,3,4,1,2,3,6","0.000509977340698242","louvain","graph_2024M08.graphml"
"0.13","0.67","0.2","0.150432825484765","1,2,3,1,4,2,5,3,2,5,4,3,4,1,2,3,6","0.000498056411743164","louvain","graph_2024M08.graphml"
"0.12","0.68","0.2","0.152916416943945","1,2,3,3,2,4,3,3,2,3,4,5,4,1,4,5,6","0.00051116943359375","louvain","graph_2024M08.graphml"
"0.11","0.69","0.2","0.151370578342014","1,2,3,4,2,5,4,3,2,4,5,3,5,1,5,3,6","0.000522136688232422","louvain","graph_2024M08.graphml"
"0.1","0.7","0.2","0.148551254118397","1,2,3,1,4,5,4,3,2,4,5,3,5,1,5,3,6","0.000493049621582031","louvain","graph_2024M08.graphml"
"0.09","0.71","0.2","0.146439842209073","1,2,3,1,3,4,3,3,2,3,4,5,4,1,4,5,6","0.000504016876220703","louvain","graph_2024M08.graphml"
"0.08","0.72","0.2","0.147793237192836","1,2,3,1,3,4,3,3,2,3,4,3,4,1,4,3,5","0.000470876693725586","louvain","graph_2024M08.graphml"
"0.07","0.73","0.2","0.152944548944832","1,2,3,1,4,2,3,3,2,3,4,4,4,1,2,3,5","0.000466108322143555","louvain","graph_2024M08.graphml"
"0.06","0.74","0.2","0.152164717192758","1,2,3,1,3,4,3,3,2,3,4,3,4,1,4,3,5","0.00049901008605957","louvain","graph_2024M08.graphml"
"0.05","0.75","0.2","0.150451433611025","1,2,3,1,4,4,5,3,2,5,1,3,4,5,4,3,6","0.000494956970214844","louvain","graph_2024M08.graphml"
"0.04","0.76","0.2","0.149519582838817","1,2,3,1,4,5,4,3,2,4,1,3,5,5,5,3,6","0.000490903854370117","louvain","graph_2024M08.graphml"
"0.03","0.77","0.2","0.150479582414683","1,2,3,1,4,5,4,3,2,4,1,3,5,5,5,3,6","0.000497102737426758","louvain","graph_2024M08.graphml"
"0.02","0.78","0.2","0.155466448850276","1,2,3,1,4,4,3,3,2,3,1,5,4,3,2,3,6","0.000491857528686523","louvain","graph_2024M08.graphml"
"0.01","0.79","0.2","0.155466448850276","1,2,3,1,4,2,3,3,2,3,1,5,4,3,4,3,6","0.000669002532958984","louvain","graph_2024M08.graphml"
"0","0.8","0.2","0.152543886114686","1,2,3,1,4,4,5,3,2,5,5,3,4,1,2,3,6","0.000506877899169922","louvain","graph_2024M08.graphml"
"0.79","0","0.21","0.148146858988639","1,2,2,1,2,3,3,3,2,4,3,5,3,1,1,3,6","0.000446081161499023","louvain","graph_2024M08.graphml"
"0.78","0.01","0.21","0.149161841323365","1,2,2,1,2,1,3,3,2,4,3,3,3,1,1,3,5","0.000489950180053711","louvain","graph_2024M08.graphml"
"0.77","0.02","0.21","0.148065798010381","1,2,2,2,3,1,4,4,2,3,4,4,4,1,1,4,5","0.000468015670776367","louvain","graph_2024M08.graphml"
"0.76","0.03","0.21","0.144099173553719","1,2,2,2,2,3,3,3,2,4,3,4,3,1,1,3,5","0.000483036041259766","louvain","graph_2024M08.graphml"
"0.75","0.04","0.21","0.143543801652893","1,2,2,2,3,4,4,4,2,3,4,5,4,1,1,4,6","0.00059199333190918","louvain","graph_2024M08.graphml"
"0.74","0.05","0.21","0.147323303927746","1,2,2,2,2,3,3,3,2,4,3,4,3,1,1,3,5","0.000442981719970703","louvain","graph_2024M08.graphml"
"0.73","0.06","0.21","0.150988520408163","1,2,2,2,3,3,3,3,2,4,3,4,3,1,1,3,5","0.000472068786621094","louvain","graph_2024M08.graphml"
"0.72","0.07","0.21","0.150684070217796","1,2,2,2,3,1,3,3,2,4,3,3,3,1,1,1,5","0.000678062438964844","louvain","graph_2024M08.graphml"
"0.71","0.08","0.21","0.152319728228526","1,2,2,2,3,1,3,3,2,3,1,3,3,1,1,3,4","0.000458955764770508","louvain","graph_2024M08.graphml"
"0.7","0.09","0.21","0.153559561594922","1,2,2,2,3,1,3,3,2,3,3,4,3,1,1,3,5","0.000455141067504883","louvain","graph_2024M08.graphml"
"0.69","0.1","0.21","0.153434847608025","1,2,2,2,3,1,3,3,2,3,3,4,3,1,1,3,5","0.000718116760253906","louvain","graph_2024M08.graphml"
"0.68","0.11","0.21","0.154601836663833","1,2,2,2,3,4,4,4,2,3,4,3,4,1,1,4,5","0.000458002090454102","louvain","graph_2024M08.graphml"
"0.67","0.12","0.21","0.154601836663833","1,2,2,2,3,4,4,4,2,3,4,3,4,1,1,4,5","0.000542879104614258","louvain","graph_2024M08.graphml"
"0.66","0.13","0.21","0.153376932223543","1,2,2,2,3,4,4,4,2,3,4,3,4,1,1,4,5","0.000448942184448242","louvain","graph_2024M08.graphml"
"0.65","0.14","0.21","0.151788606599102","1,2,1,2,3,4,4,4,2,3,4,3,4,1,1,4,5","0.000472068786621094","louvain","graph_2024M08.graphml"
"0.64","0.15","0.21","0.151515151515151","1,2,1,1,3,4,4,4,2,3,4,3,4,1,1,4,5","0.000463962554931641","louvain","graph_2024M08.graphml"
"0.63","0.16","0.21","0.150252153928264","1,2,1,1,3,1,4,4,2,4,4,3,4,1,1,4,5","0.000465869903564453","louvain","graph_2024M08.graphml"
"0.62","0.17","0.21","0.148470841171728","1,2,1,1,3,4,4,4,2,4,4,3,4,4,1,4,5","0.000513076782226562","louvain","graph_2024M08.graphml"
"0.61","0.18","0.21","0.149078504811722","1,2,1,1,3,4,4,4,2,4,4,3,4,4,1,4,5","0.000458002090454102","louvain","graph_2024M08.graphml"
"0.6","0.19","0.21","0.150641971664699","1,2,1,1,3,1,4,4,2,4,4,3,4,4,1,4,5","0.000525951385498047","louvain","graph_2024M08.graphml"
"0.59","0.2","0.21","0.149207695771934","1,2,1,1,3,4,4,4,2,4,4,3,4,4,1,4,5","0.000455141067504883","louvain","graph_2024M08.graphml"
"0.58","0.21","0.21","0.146612421294238","1,2,1,3,4,1,3,3,2,3,3,4,3,3,1,3,5","0.000602006912231445","louvain","graph_2024M08.graphml"
"0.57","0.22","0.21","0.148929201310154","1,2,1,3,4,1,3,3,2,3,3,4,3,3,1,3,5","0.000473976135253906","louvain","graph_2024M08.graphml"
"0.56","0.23","0.21","0.148929201310154","1,2,1,3,4,1,3,3,2,3,3,4,3,3,1,3,5","0.000475883483886719","louvain","graph_2024M08.graphml"
"0.55","0.24","0.21","0.149485258772633","1,2,1,1,3,4,4,4,2,4,4,3,4,4,1,4,5","0.00049901008605957","louvain","graph_2024M08.graphml"
"0.54","0.25","0.21","0.149504568648392","1,2,1,1,3,4,5,4,2,5,4,3,4,5,1,4,6","0.000479936599731445","louvain","graph_2024M08.graphml"
"0.53","0.26","0.21","0.154295744762934","1,2,1,3,4,1,3,3,2,3,3,4,3,3,1,4,5","0.000483989715576172","louvain","graph_2024M08.graphml"
"0.52","0.27","0.21","0.154123014693901","1,2,1,1,3,3,4,3,2,4,3,5,3,4,1,5,6","0.000482082366943359","louvain","graph_2024M08.graphml"
"0.51","0.28","0.21","0.154865632880425","1,2,1,1,3,1,3,3,2,4,1,3,3,3,1,3,5","0.000688076019287109","louvain","graph_2024M08.graphml"
"0.5","0.29","0.21","0.151414141414141","1,2,1,3,4,1,4,4,3,2,1,4,4,4,1,4,5","0.000487089157104492","louvain","graph_2024M08.graphml"
"0.49","0.3","0.21","0.148248413352935","1,2,1,3,4,1,4,4,3,2,4,2,4,1,1,4,5","0.000483036041259766","louvain","graph_2024M08.graphml"
"0.48","0.31","0.21","0.148109469683388","1,2,1,3,3,3,3,3,2,4,1,2,3,1,1,3,5","0.000470876693725586","louvain","graph_2024M08.graphml"
"0.47","0.32","0.21","0.148687903764758","1,2,1,1,3,4,3,3,4,2,3,2,3,1,1,3,5","0.000515222549438477","louvain","graph_2024M08.graphml"
"0.46","0.33","0.21","0.14842058364892","1,2,1,1,3,2,3,3,2,4,3,5,3,1,1,3,6","0.000465869903564453","louvain","graph_2024M08.graphml"
"0.45","0.34","0.21","0.146344010233117","1,2,1,3,4,3,4,4,3,2,4,5,4,1,1,4,6","0.000479936599731445","louvain","graph_2024M08.graphml"
"0.44","0.35","0.21","0.144710207612457","1,2,1,3,4,3,4,4,3,2,4,5,4,1,1,4,6","0.000841140747070312","louvain","graph_2024M08.graphml"
"0.43","0.36","0.21","0.149210788021998","1,2,1,1,3,4,3,5,4,2,3,5,3,1,1,5,6","0.000510931015014648","louvain","graph_2024M08.graphml"
"0.42","0.37","0.21","0.14772343158464","1,2,1,1,3,4,3,5,4,2,3,5,3,1,1,5,6","0.00049901008605957","louvain","graph_2024M08.graphml"
"0.41","0.38","0.21","0.147194146616947","1,2,1,1,2,3,2,4,3,2,2,4,2,1,1,4,5","0.000537872314453125","louvain","graph_2024M08.graphml"
"0.4","0.39","0.21","0.147194146616947","1,2,1,1,2,3,2,4,3,2,2,4,2,1,1,4,5","0.000512838363647461","louvain","graph_2024M08.graphml"
"0.39","0.4","0.21","0.147194146616947","1,2,1,1,2,3,2,4,3,2,2,4,2,1,1,4,5","0.0005340576171875","louvain","graph_2024M08.graphml"
"0.38","0.41","0.21","0.148479818998547","1,2,1,1,2,3,2,4,3,2,2,4,2,1,1,4,5","0.000488996505737305","louvain","graph_2024M08.graphml"
"0.37","0.42","0.21","0.147212244897959","1,2,3,1,4,2,4,5,2,3,4,5,4,1,1,5,6","0.000479936599731445","louvain","graph_2024M08.graphml"
"0.36","0.43","0.21","0.148529638558129","1,2,2,1,3,3,2,4,3,2,2,4,2,1,1,4,5","0.000524044036865234","louvain","graph_2024M08.graphml"
"0.35","0.44","0.21","0.14931907005112","1,2,2,1,3,3,2,4,3,2,2,4,2,2,1,4,5","0.00049281120300293","louvain","graph_2024M08.graphml"
"0.34","0.45","0.21","0.14774929579675","1,2,2,2,3,3,2,4,3,2,2,4,2,1,3,4,5","0.000502824783325195","louvain","graph_2024M08.graphml"
"0.33","0.46","0.21","0.149971679301061","1,2,1,1,3,2,2,4,3,2,2,4,2,1,3,4,5","0.000488042831420898","louvain","graph_2024M08.graphml"
"0.32","0.47","0.21","0.15014274691358","1,2,2,2,3,3,2,4,3,2,2,4,2,1,3,4,5","0.000505924224853516","louvain","graph_2024M08.graphml"
"0.31","0.48","0.21","0.150374228395062","1,2,1,2,3,3,2,4,3,2,2,4,2,1,3,4,5","0.000468015670776367","louvain","graph_2024M08.graphml"
"0.3","0.49","0.21","0.149285226479232","1,2,2,1,3,4,5,5,3,2,4,5,4,1,3,5,6","0.000573158264160156","louvain","graph_2024M08.graphml"
"0.29","0.5","0.21","0.147813848752111","1,2,2,1,3,4,5,5,3,2,4,5,4,1,3,5,6","0.000468969345092773","louvain","graph_2024M08.graphml"
"0.28","0.51","0.21","0.150691271760877","1,2,3,1,4,2,4,4,2,3,4,4,4,1,2,4,5","0.000474929809570312","louvain","graph_2024M08.graphml"
"0.27","0.52","0.21","0.150691271760877","1,2,3,1,4,2,4,4,2,3,4,4,4,1,2,4,5","0.000541925430297852","louvain","graph_2024M08.graphml"
"0.26","0.53","0.21","0.147024478374865","1,2,3,1,4,2,4,4,2,3,4,4,4,1,2,4,5","0.000473976135253906","louvain","graph_2024M08.graphml"
"0.25","0.54","0.21","0.145501656735835","1,2,3,3,4,2,3,3,2,3,4,5,4,1,2,5,6","0.000494956970214844","louvain","graph_2024M08.graphml"
"0.24","0.55","0.21","0.146797878120621","1,2,3,1,2,4,3,3,2,3,4,3,4,1,4,3,5","0.000689983367919922","louvain","graph_2024M08.graphml"
"0.23","0.56","0.21","0.146151111111111","1,2,3,3,4,2,3,3,2,3,4,5,4,1,2,5,6","0.0004730224609375","louvain","graph_2024M08.graphml"
"0.22","0.57","0.21","0.148319615912209","1,2,3,1,4,2,5,5,2,3,4,5,4,1,2,5,6","0.000576972961425781","louvain","graph_2024M08.graphml"
"0.21","0.58","0.21","0.14869459833795","1,2,3,3,4,2,3,3,2,3,4,5,4,1,2,5,6","0.000477075576782227","louvain","graph_2024M08.graphml"
"0.2","0.59","0.21","0.149158520539263","1,2,3,1,2,4,3,3,2,3,4,3,4,1,4,3,5","0.000475883483886719","louvain","graph_2024M08.graphml"
"0.19","0.6","0.21","0.151109481647981","1,2,3,1,4,2,3,4,2,3,4,4,4,1,2,4,5","0.000517129898071289","louvain","graph_2024M08.graphml"
"0.18","0.61","0.21","0.148085680553213","1,2,3,3,4,2,3,3,2,3,4,4,4,1,2,5,6","0.000487804412841797","louvain","graph_2024M08.graphml"
"0.17","0.62","0.21","0.147717484926787","1,2,3,1,3,2,4,3,2,4,3,3,3,4,2,3,5","0.000518083572387695","louvain","graph_2024M08.graphml"
"0.16","0.63","0.21","0.145112046576483","1,2,3,1,4,3,4,3,2,4,3,3,3,1,3,3,5","0.000509023666381836","louvain","graph_2024M08.graphml"
"0.15","0.64","0.21","0.146275476660092","1,2,3,1,4,4,3,3,2,3,4,4,4,3,4,5,6","0.00070500373840332","louvain","graph_2024M08.graphml"
"0.14","0.65","0.21","0.147793237192836","1,2,3,1,3,4,3,3,2,3,4,3,4,1,4,3,5","0.000505924224853516","louvain","graph_2024M08.graphml"
"0.13","0.66","0.21","0.1475817465021","1,2,3,1,3,4,3,3,2,3,4,3,4,1,4,3,5","0.000500917434692383","louvain","graph_2024M08.graphml"
"0.12","0.67","0.21","0.150451433611025","1,2,3,1,4,4,5,3,2,5,1,3,4,5,4,3,6","0.000490903854370117","louvain","graph_2024M08.graphml"
"0.11","0.68","0.21","0.150451433611025","1,2,3,1,4,4,5,3,2,5,1,3,4,5,4,3,6","0.000572919845581055","louvain","graph_2024M08.graphml"
"0.1","0.69","0.21","0.15130931037095","1,2,3,1,4,2,3,3,2,3,1,4,4,3,2,3,5","0.000518798828125","louvain","graph_2024M08.graphml"
"0.09","0.7","0.21","0.151096875","1,2,3,1,4,2,4,3,2,4,1,3,3,4,2,3,5","0.000464916229248047","louvain","graph_2024M08.graphml"
"0.08","0.71","0.21","0.151096875","1,2,3,1,4,2,4,3,2,4,1,3,3,4,2,3,5","0.000487804412841797","louvain","graph_2024M08.graphml"
"0.07","0.72","0.21","0.148848576812333","1,2,3,1,3,4,3,3,2,3,1,3,4,4,4,3,5","0.000515937805175781","louvain","graph_2024M08.graphml"
"0.06","0.73","0.21","0.148934540731301","1,2,3,1,4,5,4,3,2,4,1,3,5,5,5,3,6","0.000521183013916016","louvain","graph_2024M08.graphml"
"0.05","0.74","0.21","0.151335051826452","1,2,3,1,4,5,3,3,2,3,5,4,5,1,2,3,6","0.000471830368041992","louvain","graph_2024M08.graphml"
"0.04","0.75","0.21","0.151447159746251","1,2,3,1,4,2,3,3,2,3,1,5,4,3,4,3,6","0.000483036041259766","louvain","graph_2024M08.graphml"
"0.03","0.76","0.21","0.150044454056132","1,2,3,1,4,5,4,3,2,4,1,3,5,5,5,3,6","0.000456094741821289","louvain","graph_2024M08.graphml"
"0.02","0.77","0.21","0.150176709822935","1,2,3,1,4,5,4,3,2,4,1,3,5,5,5,3,6","0.000516176223754883","louvain","graph_2024M08.graphml"
"0.01","0.78","0.21","0.150480476121353","1,2,3,1,3,4,3,5,2,3,1,5,4,4,4,5,6","0.000506162643432617","louvain","graph_2024M08.graphml"
"0","0.79","0.21","0.151560766457101","1,2,3,1,4,4,3,3,2,3,1,5,4,3,4,2,6","0.000562191009521484","louvain","graph_2024M08.graphml"
"0.78","0","0.22","0.151806115696288","1,2,2,2,3,1,3,3,2,3,3,4,3,1,1,3,5","0.000467061996459961","louvain","graph_2024M08.graphml"
"0.77","0.01","0.22","0.15302023408054","1,2,2,2,3,1,3,3,2,3,3,4,3,1,1,3,5","0.000566005706787109","louvain","graph_2024M08.graphml"
"0.76","0.02","0.22","0.15034965034965","1,2,2,3,4,1,3,3,2,3,3,4,3,1,1,3,5","0.000472068786621094","louvain","graph_2024M08.graphml"
"0.75","0.03","0.22","0.153434847608025","1,2,2,2,3,1,3,3,2,3,3,4,3,1,1,3,5","0.000468015670776367","louvain","graph_2024M08.graphml"
"0.74","0.04","0.22","0.153376932223543","1,2,2,2,3,4,4,4,2,3,4,3,4,1,1,4,5","0.000478982925415039","louvain","graph_2024M08.graphml"
"0.73","0.05","0.22","0.153376932223543","1,2,2,2,3,4,4,4,2,3,4,3,4,1,1,4,5","0.000487089157104492","louvain","graph_2024M08.graphml"
"0.72","0.06","0.22","0.148925216345041","1,2,1,2,3,4,4,4,2,3,4,3,4,1,1,4,5","0.000458955764770508","louvain","graph_2024M08.graphml"
"0.71","0.07","0.22","0.14800643925223","1,2,1,1,3,4,4,4,2,3,4,3,4,1,1,4,5","0.000527858734130859","louvain","graph_2024M08.graphml"
"0.7","0.08","0.22","0.14800643925223","1,2,1,1,3,4,4,4,2,3,4,3,4,1,1,4,5","0.00044703483581543","louvain","graph_2024M08.graphml"
"0.69","0.09","0.22","0.144981599758392","1,2,1,1,3,4,4,4,2,3,4,3,4,1,1,4,5","0.000463008880615234","louvain","graph_2024M08.graphml"
"0.68","0.1","0.22","0.146451910003947","1,2,1,1,3,1,4,4,2,4,4,3,4,1,1,4,5","0.000515937805175781","louvain","graph_2024M08.graphml"
"0.67","0.11","0.22","0.149184123961219","1,2,1,1,3,1,4,4,2,4,4,3,4,1,1,4,5","0.000472068786621094","louvain","graph_2024M08.graphml"
"0.66","0.12","0.22","0.15042192958882","1,2,1,1,3,1,4,4,2,4,4,3,4,1,1,4,5","0.000524997711181641","louvain","graph_2024M08.graphml"
"0.65","0.13","0.22","0.150701864210761","1,2,1,1,3,1,4,4,2,4,4,3,4,1,1,4,5","0.000627994537353516","louvain","graph_2024M08.graphml"
"0.64","0.14","0.22","0.147882414151925","1,2,1,1,3,4,4,4,2,4,4,3,4,4,1,4,5","0.000487089157104492","louvain","graph_2024M08.graphml"
"0.63","0.15","0.22","0.148732678256488","1,2,1,1,3,1,3,3,2,4,3,3,3,4,1,3,5","0.000468969345092773","louvain","graph_2024M08.graphml"
"0.62","0.16","0.22","0.14788185771577","1,2,1,1,3,3,3,3,2,3,3,4,3,3,1,4,5","0.00047612190246582","louvain","graph_2024M08.graphml"
"0.61","0.17","0.22","0.147442743562359","1,2,1,3,3,1,3,3,2,3,3,4,3,3,1,4,5","0.000509977340698242","louvain","graph_2024M08.graphml"
"0.6","0.18","0.22","0.146121795186761","1,2,1,1,3,3,3,4,2,4,3,3,3,4,1,4,5","0.000546932220458984","louvain","graph_2024M08.graphml"
"0.59","0.19","0.22","0.152005130974885","1,2,1,1,3,1,3,3,2,3,3,4,3,3,1,4,5","0.000456094741821289","louvain","graph_2024M08.graphml"
"0.58","0.2","0.22","0.152956213017751","1,2,1,3,4,4,3,4,2,3,1,4,4,3,1,4,5","0.000463962554931641","louvain","graph_2024M08.graphml"
"0.57","0.21","0.22","0.15160994678712","1,2,1,1,3,1,3,3,2,4,1,3,3,3,1,3,5","0.000547885894775391","louvain","graph_2024M08.graphml"
"0.56","0.22","0.22","0.149462809917355","1,2,1,3,4,4,3,4,2,3,1,4,4,3,1,4,5","0.00046992301940918","louvain","graph_2024M08.graphml"
"0.55","0.23","0.22","0.147800207967299","1,2,1,3,3,3,3,3,2,4,3,5,3,1,1,5,6","0.000471115112304688","louvain","graph_2024M08.graphml"
"0.54","0.24","0.22","0.146647360213856","1,2,1,1,3,3,3,3,2,4,3,5,3,3,1,5,6","0.000483989715576172","louvain","graph_2024M08.graphml"
"0.53","0.25","0.22","0.147879464285714","1,2,1,3,4,2,4,4,2,3,1,4,4,1,1,4,5","0.000468015670776367","louvain","graph_2024M08.graphml"
"0.52","0.26","0.22","0.145044816357971","1,2,1,3,4,3,4,4,3,2,1,5,4,4,1,4,6","0.000477075576782227","louvain","graph_2024M08.graphml"
"0.51","0.27","0.22","0.144710207612457","1,2,1,3,4,3,4,4,3,2,4,5,4,1,1,4,6","0.000496149063110352","louvain","graph_2024M08.graphml"
"0.5","0.28","0.22","0.144710207612457","1,2,1,3,4,3,4,4,3,2,4,5,4,1,1,4,6","0.000486135482788086","louvain","graph_2024M08.graphml"
"0.49","0.29","0.22","0.142030881296809","1,2,1,3,4,3,4,4,3,2,4,2,4,1,1,4,5","0.000568866729736328","louvain","graph_2024M08.graphml"
"0.48","0.3","0.22","0.144357368103426","1,2,1,3,4,3,4,4,3,2,4,2,4,1,1,4,5","0.000517845153808594","louvain","graph_2024M08.graphml"
"0.47","0.31","0.22","0.145707340706338","1,2,1,2,2,3,2,4,3,2,2,4,2,1,1,4,5","0.000510931015014648","louvain","graph_2024M08.graphml"
"0.46","0.32","0.22","0.148479818998547","1,2,1,1,2,3,2,4,3,2,2,4,2,1,1,4,5","0.000476837158203125","louvain","graph_2024M08.graphml"
"0.45","0.33","0.22","0.148479818998547","1,2,1,1,2,3,2,4,3,2,2,4,2,1,1,4,5","0.00077509880065918","louvain","graph_2024M08.graphml"
"0.44","0.34","0.22","0.148438532170696","1,2,1,2,2,3,2,4,3,2,1,4,2,1,1,4,5","0.000468969345092773","louvain","graph_2024M08.graphml"
"0.43","0.35","0.22","0.148195918367347","1,2,1,3,2,3,2,4,3,2,2,4,2,1,1,4,5","0.000516891479492188","louvain","graph_2024M08.graphml"
"0.42","0.36","0.22","0.144841974431818","1,2,3,1,4,2,4,5,2,3,4,5,4,1,1,5,6","0.000481128692626953","louvain","graph_2024M08.graphml"
"0.41","0.37","0.22","0.145342631752121","1,2,2,1,3,3,2,4,3,2,2,4,2,2,1,4,5","0.000516891479492188","louvain","graph_2024M08.graphml"
"0.4","0.38","0.22","0.14662533116282","1,2,2,2,3,3,2,4,3,2,2,4,2,1,1,4,5","0.000577926635742188","louvain","graph_2024M08.graphml"
"0.39","0.39","0.22","0.145661059209696","1,2,1,1,3,3,2,4,3,2,2,4,2,2,3,4,5","0.000476837158203125","louvain","graph_2024M08.graphml"
"0.38","0.4","0.22","0.146948441059892","1,2,2,1,3,3,2,4,3,2,2,4,2,1,3,4,5","0.000448942184448242","louvain","graph_2024M08.graphml"
"0.37","0.41","0.22","0.147210648148148","1,2,2,1,3,4,3,3,4,2,3,3,3,1,4,3,5","0.000464916229248047","louvain","graph_2024M08.graphml"
"0.36","0.42","0.22","0.148604755291457","1,2,2,1,3,4,3,5,4,2,3,5,3,1,4,5,6","0.000489950180053711","louvain","graph_2024M08.graphml"
"0.35","0.43","0.22","0.149507850860218","1,2,1,2,3,3,2,4,3,2,2,4,2,1,3,4,5","0.000477075576782227","louvain","graph_2024M08.graphml"
"0.34","0.44","0.22","0.147872607514178","1,2,3,1,4,2,4,4,2,3,4,4,4,1,2,4,5","0.000530004501342773","louvain","graph_2024M08.graphml"
"0.33","0.45","0.22","0.148064280496713","1,2,3,1,4,2,4,4,2,3,4,4,4,1,2,4,5","0.000524044036865234","louvain","graph_2024M08.graphml"
"0.32","0.46","0.22","0.145511764365823","1,2,3,1,2,4,5,5,2,3,4,5,4,1,4,5,6","0.000456094741821289","louvain","graph_2024M08.graphml"
"0.31","0.47","0.22","0.147136829848558","1,2,3,1,4,2,4,4,2,3,4,4,4,1,2,4,5","0.00050806999206543","louvain","graph_2024M08.graphml"
"0.3","0.48","0.22","0.142652444444444","1,2,3,1,4,2,3,3,2,3,4,3,4,1,2,3,5","0.00064396858215332","louvain","graph_2024M08.graphml"
"0.29","0.49","0.22","0.143281037799909","1,2,3,1,4,2,4,4,2,3,4,4,4,1,2,4,5","0.000478029251098633","louvain","graph_2024M08.graphml"
"0.28","0.5","0.22","0.146591154336158","1,2,3,1,4,2,4,4,2,3,4,4,4,1,2,4,5","0.000545024871826172","louvain","graph_2024M08.graphml"
"0.27","0.51","0.22","0.149678632690599","1,2,3,1,4,2,4,4,2,3,4,4,4,1,2,4,5","0.000505924224853516","louvain","graph_2024M08.graphml"
"0.26","0.52","0.22","0.14872810504098","1,2,3,1,4,2,4,4,2,3,4,4,4,1,2,4,5","0.000475168228149414","louvain","graph_2024M08.graphml"
"0.25","0.53","0.22","0.148037685170667","1,2,3,1,4,2,4,4,2,3,4,4,4,1,2,4,5","0.000522136688232422","louvain","graph_2024M08.graphml"
"0.24","0.54","0.22","0.145971147428315","1,2,3,3,4,2,3,3,2,3,4,4,4,1,2,5,6","0.000505924224853516","louvain","graph_2024M08.graphml"
"0.23","0.55","0.22","0.143711051341189","1,2,3,1,2,4,5,3,2,5,4,3,4,5,4,3,6","0.000482082366943359","louvain","graph_2024M08.graphml"
"0.22","0.56","0.22","0.144796186719264","1,2,3,1,2,4,5,3,2,5,4,3,4,5,4,3,6","0.000610113143920898","louvain","graph_2024M08.graphml"
"0.21","0.57","0.22","0.145358154381512","1,2,3,1,4,3,4,3,2,4,3,3,3,1,3,3,5","0.000496864318847656","louvain","graph_2024M08.graphml"
"0.2","0.58","0.22","0.144699038882733","1,2,3,1,3,4,3,3,2,3,4,3,4,1,4,3,5","0.000463008880615234","louvain","graph_2024M08.graphml"
"0.19","0.59","0.22","0.144699038882733","1,2,3,1,3,4,3,3,2,3,4,3,4,1,4,3,5","0.00049901008605957","louvain","graph_2024M08.graphml"
"0.18","0.6","0.22","0.145358115686589","1,2,3,1,4,5,3,3,2,3,1,4,5,5,5,3,6","0.000506162643432617","louvain","graph_2024M08.graphml"
"0.17","0.61","0.22","0.149289263258397","1,2,3,1,4,5,4,3,2,4,1,3,5,5,5,3,6","0.000490903854370117","louvain","graph_2024M08.graphml"
"0.16","0.62","0.22","0.15026875","1,2,3,1,3,4,3,3,2,3,1,3,4,4,4,3,5","0.000490903854370117","louvain","graph_2024M08.graphml"
"0.15","0.63","0.22","0.149668325041459","1,2,3,1,4,2,3,3,2,3,1,4,4,3,2,3,5","0.000563144683837891","louvain","graph_2024M08.graphml"
"0.14","0.64","0.22","0.14699308535857","1,2,3,1,3,4,3,3,2,3,1,3,4,4,4,3,5","0.000524997711181641","louvain","graph_2024M08.graphml"
"0.13","0.65","0.22","0.145343697607072","1,2,3,1,4,5,4,3,2,4,1,3,5,5,5,3,6","0.000493049621582031","louvain","graph_2024M08.graphml"
"0.12","0.66","0.22","0.14566945770877","1,2,3,1,4,5,4,3,2,4,1,3,5,5,5,3,6","0.000496864318847656","louvain","graph_2024M08.graphml"
"0.11","0.67","0.22","0.145310264474884","1,2,3,1,4,4,5,3,2,5,5,3,4,1,4,3,6","0.000474929809570312","louvain","graph_2024M08.graphml"
"0.1","0.68","0.22","0.147317137639369","1,2,3,1,4,4,5,3,2,5,1,3,4,5,4,3,6","0.000478982925415039","louvain","graph_2024M08.graphml"
"0.09","0.69","0.22","0.149691275803482","1,2,3,1,4,3,4,5,2,4,1,5,3,1,3,5,6","0.000684022903442383","louvain","graph_2024M08.graphml"
"0.08","0.7","0.22","0.149792552699704","1,2,3,1,4,3,4,5,2,4,1,5,3,4,3,5,6","0.000489950180053711","louvain","graph_2024M08.graphml"
"0.07","0.71","0.22","0.151542075691964","1,2,3,1,4,3,4,5,2,4,1,5,3,4,3,5,6","0.000455141067504883","louvain","graph_2024M08.graphml"
"0.06","0.72","0.22","0.151542075691964","1,2,3,1,4,3,4,5,2,4,1,5,3,4,3,5,6","0.000689029693603516","louvain","graph_2024M08.graphml"
"0.05","0.73","0.22","0.149393424036281","1,2,3,1,4,3,4,5,2,4,1,5,3,1,3,5,6","0.000465869903564453","louvain","graph_2024M08.graphml"
"0.04","0.74","0.22","0.151901033370778","1,2,3,1,4,4,3,3,2,3,1,5,4,3,4,3,6","0.000494003295898438","louvain","graph_2024M08.graphml"
"0.03","0.75","0.22","0.152598233357067","1,2,3,1,4,2,3,3,2,4,4,4,3,1,2,3,5","0.000510931015014648","louvain","graph_2024M08.graphml"
"0.02","0.76","0.22","0.152101421057539","1,2,3,1,4,4,3,3,2,3,1,5,4,1,4,3,6","0.000493049621582031","louvain","graph_2024M08.graphml"
"0.01","0.77","0.22","0.150889326437374","1,2,3,1,4,3,4,4,2,4,1,4,3,1,3,4,5","0.00052189826965332","louvain","graph_2024M08.graphml"
"0","0.78","0.22","0.152273134790617","1,2,3,1,4,4,3,3,2,3,5,5,4,1,4,3,6","0.000509977340698242","louvain","graph_2024M08.graphml"
"0.77","0","0.23","0.14800643925223","1,2,1,1,3,4,4,4,2,3,4,3,4,1,1,4,5","0.000448942184448242","louvain","graph_2024M08.graphml"
"0.76","0.01","0.23","0.146164587180758","1,2,1,1,3,4,4,4,2,3,4,3,4,1,1,4,5","0.000533103942871094","louvain","graph_2024M08.graphml"
"0.75","0.02","0.23","0.144981599758392","1,2,1,1,3,4,4,4,2,3,4,3,4,1,1,4,5","0.000483989715576172","louvain","graph_2024M08.graphml"
"0.74","0.03","0.23","0.14635","1,2,1,1,3,4,4,4,2,3,4,3,4,1,1,4,5","0.000472784042358398","louvain","graph_2024M08.graphml"
"0.73","0.04","0.23","0.14818862534626","1,2,1,1,3,1,3,3,2,3,3,4,3,1,1,3,5","0.000478982925415039","louvain","graph_2024M08.graphml"
"0.72","0.05","0.23","0.148551464660038","1,2,1,1,3,3,3,3,2,3,3,4,3,3,1,5,6","0.000565052032470703","louvain","graph_2024M08.graphml"
"0.71","0.06","0.23","0.15056708958093","1,2,1,1,3,3,3,4,2,4,3,5,3,4,1,4,6","0.000474214553833008","louvain","graph_2024M08.graphml"
"0.7","0.07","0.23","0.150189720949949","1,2,1,1,3,1,3,3,2,3,3,3,3,1,1,4,5","0.000468015670776367","louvain","graph_2024M08.graphml"
"0.69","0.08","0.23","0.146918619299572","1,2,1,1,3,1,3,3,2,3,3,4,3,3,1,4,5","0.000489950180053711","louvain","graph_2024M08.graphml"
"0.68","0.09","0.23","0.146443889380927","1,2,1,3,3,1,3,3,2,3,3,4,3,3,1,4,5","0.000468015670776367","louvain","graph_2024M08.graphml"
"0.67","0.1","0.23","0.147442743562359","1,2,1,3,3,1,3,3,2,3,3,4,3,3,1,4,5","0.00049901008605957","louvain","graph_2024M08.graphml"
"0.66","0.11","0.23","0.151027260993197","1,2,1,3,3,1,3,3,2,3,3,4,3,3,1,4,5","0.000498056411743164","louvain","graph_2024M08.graphml"
"0.65","0.12","0.23","0.150448673982625","1,2,1,1,3,1,3,3,2,4,3,3,3,3,1,3,5","0.000527143478393555","louvain","graph_2024M08.graphml"
"0.64","0.13","0.23","0.145465682836275","1,2,1,1,3,3,3,3,2,4,3,5,3,3,1,5,6","0.000494956970214844","louvain","graph_2024M08.graphml"
"0.63","0.14","0.23","0.147582708955017","1,2,1,3,3,1,3,3,2,4,1,5,3,3,1,3,6","0.000467061996459961","louvain","graph_2024M08.graphml"
"0.62","0.15","0.23","0.147594897662941","1,2,1,2,3,1,3,3,2,4,1,3,3,1,1,3,5","0.000510215759277344","louvain","graph_2024M08.graphml"
"0.61","0.16","0.23","0.146923591000223","1,2,1,1,3,3,3,3,2,4,3,2,3,1,1,3,5","0.000622987747192383","louvain","graph_2024M08.graphml"
"0.6","0.17","0.23","0.145005426980848","1,2,1,3,4,3,4,4,3,2,4,5,4,1,1,4,6","0.000504970550537109","louvain","graph_2024M08.graphml"
"0.59","0.18","0.23","0.143798783512152","1,2,1,1,3,2,3,3,2,3,3,4,3,1,1,3,5","0.000596046447753906","louvain","graph_2024M08.graphml"
"0.58","0.19","0.23","0.146021276046818","1,2,1,3,4,3,4,4,3,2,4,2,4,1,1,4,5","0.000498056411743164","louvain","graph_2024M08.graphml"
"0.57","0.2","0.23","0.144937758626586","1,2,1,3,4,3,4,4,3,2,4,2,4,1,1,4,5","0.000456809997558594","louvain","graph_2024M08.graphml"
"0.56","0.21","0.23","0.142954891244295","1,2,1,2,2,3,2,2,3,2,2,4,2,1,1,4,5","0.000483989715576172","louvain","graph_2024M08.graphml"
"0.55","0.22","0.23","0.142954891244295","1,2,1,2,2,3,2,2,3,2,2,4,2,1,1,4,5","0.000480175018310547","louvain","graph_2024M08.graphml"
"0.54","0.23","0.23","0.143965553455156","1,2,1,3,2,3,2,2,3,2,2,4,2,1,1,2,5","0.000504016876220703","louvain","graph_2024M08.graphml"
"0.53","0.24","0.23","0.148066174455398","1,2,1,1,2,3,2,2,3,2,2,4,2,2,1,4,5","0.000491857528686523","louvain","graph_2024M08.graphml"
"0.52","0.25","0.23","0.148589391158468","1,2,1,2,2,3,2,2,3,2,1,4,2,2,1,4,5","0.000481843948364258","louvain","graph_2024M08.graphml"
"0.51","0.26","0.23","0.146878925460382","1,2,1,3,2,3,2,4,3,2,2,4,2,1,1,4,5","0.00049591064453125","louvain","graph_2024M08.graphml"
"0.5","0.27","0.23","0.148195918367347","1,2,1,3,2,3,2,4,3,2,2,4,2,1,1,4,5","0.000468015670776367","louvain","graph_2024M08.graphml"
"0.49","0.28","0.23","0.147551562081477","1,2,1,2,2,3,2,2,3,2,2,4,2,1,1,3,5","0.000494956970214844","louvain","graph_2024M08.graphml"
"0.48","0.29","0.23","0.148283831825952","1,2,1,2,3,3,2,4,3,2,2,4,2,1,1,4,5","0.0005340576171875","louvain","graph_2024M08.graphml"
"0.47","0.3","0.23","0.146753008394778","1,2,1,1,3,3,2,4,3,2,2,4,2,2,1,4,5","0.000488996505737305","louvain","graph_2024M08.graphml"
"0.46","0.31","0.23","0.147933499558137","1,2,1,2,3,3,2,2,3,2,1,4,2,2,1,4,5","0.000692129135131836","louvain","graph_2024M08.graphml"
"0.45","0.32","0.23","0.146243433865349","1,2,2,1,3,4,3,3,4,2,3,3,3,1,4,3,5","0.000482082366943359","louvain","graph_2024M08.graphml"
"0.44","0.33","0.23","0.144876880932467","1,2,2,1,3,4,3,3,4,2,3,3,3,1,4,3,5","0.000479936599731445","louvain","graph_2024M08.graphml"
"0.43","0.34","0.23","0.14480014732852","1,2,3,1,4,4,2,2,4,3,2,2,2,1,4,2,5","0.00053095817565918","louvain","graph_2024M08.graphml"
"0.42","0.35","0.23","0.146126339992236","1,2,2,3,4,4,3,3,4,2,3,3,3,1,4,3,5","0.000466823577880859","louvain","graph_2024M08.graphml"
"0.41","0.36","0.23","0.146103245253881","1,2,2,1,3,4,3,3,4,2,3,3,3,1,4,3,5","0.000631809234619141","louvain","graph_2024M08.graphml"
"0.4","0.37","0.23","0.146103245253881","1,2,2,1,3,4,3,3,4,2,3,3,3,1,4,3,5","0.000478029251098633","louvain","graph_2024M08.graphml"
"0.39","0.38","0.23","0.147797662527392","1,2,3,1,4,2,4,4,2,3,4,4,4,1,2,4,5","0.000499963760375977","louvain","graph_2024M08.graphml"
"0.38","0.39","0.23","0.147975922071916","1,2,3,1,4,2,4,4,2,3,4,4,4,1,2,4,5","0.000475883483886719","louvain","graph_2024M08.graphml"
"0.37","0.4","0.23","0.145911378649661","1,2,3,1,4,2,4,5,2,3,4,5,4,1,2,5,6","0.000527858734130859","louvain","graph_2024M08.graphml"
"0.36","0.41","0.23","0.147652359665007","1,2,3,1,4,2,4,4,2,3,4,4,4,1,2,4,5","0.00047612190246582","louvain","graph_2024M08.graphml"
"0.35","0.42","0.23","0.145310181685843","1,2,3,1,4,2,4,4,2,3,4,4,4,1,2,4,5","0.00049901008605957","louvain","graph_2024M08.graphml"
"0.34","0.43","0.23","0.146591154336158","1,2,3,1,4,2,4,4,2,3,4,4,4,1,2,4,5","0.000653982162475586","louvain","graph_2024M08.graphml"
"0.33","0.44","0.23","0.14564404432133","1,2,3,1,4,2,4,4,2,3,4,4,4,1,2,4,5","0.000509977340698242","louvain","graph_2024M08.graphml"
"0.32","0.45","0.23","0.145556244844535","1,2,3,1,4,2,4,4,2,3,4,4,4,1,2,4,5","0.000519990921020508","louvain","graph_2024M08.graphml"
"0.31","0.46","0.23","0.143143869117895","1,2,3,1,4,2,4,4,2,3,4,4,4,1,2,4,5","0.00051116943359375","louvain","graph_2024M08.graphml"
"0.3","0.47","0.23","0.145393906616189","1,2,3,1,4,2,4,4,2,3,4,4,4,1,2,4,5","0.000581026077270508","louvain","graph_2024M08.graphml"
"0.29","0.48","0.23","0.148667402409447","1,2,3,1,4,2,4,4,2,3,4,4,4,1,2,4,5","0.000479936599731445","louvain","graph_2024M08.graphml"
"0.28","0.49","0.23","0.146228112061015","1,2,3,1,4,2,3,3,2,3,4,4,4,3,2,5,6","0.000492095947265625","louvain","graph_2024M08.graphml"
"0.27","0.5","0.23","0.144181460849646","1,2,3,1,4,5,4,3,2,4,5,3,5,1,5,3,6","0.000475168228149414","louvain","graph_2024M08.graphml"
"0.26","0.51","0.23","0.149217964905048","1,2,3,1,4,2,4,3,2,4,3,3,3,1,2,3,5","0.000458002090454102","louvain","graph_2024M08.graphml"
"0.25","0.52","0.23","0.147775099479645","1,2,3,1,4,2,4,3,2,4,1,3,3,4,2,3,5","0.000494003295898438","louvain","graph_2024M08.graphml"
"0.24","0.53","0.23","0.147710473386672","1,2,3,1,4,2,3,3,2,3,1,4,4,3,2,3,5","0.000584125518798828","louvain","graph_2024M08.graphml"
"0.23","0.54","0.23","0.147558746490286","1,2,3,1,4,4,3,3,2,3,1,5,4,3,4,3,6","0.000468015670776367","louvain","graph_2024M08.graphml"
"0.22","0.55","0.23","0.149415980641467","1,2,3,1,4,3,4,5,2,4,1,5,3,4,3,5,6","0.000546932220458984","louvain","graph_2024M08.graphml"
"0.21","0.56","0.23","0.149666209419296","1,2,3,1,3,2,3,3,2,3,1,4,3,3,2,3,5","0.000512123107910156","louvain","graph_2024M08.graphml"
"0.2","0.57","0.23","0.148515837705027","1,2,3,1,4,3,4,5,2,4,1,5,3,1,3,5,6","0.000460147857666016","louvain","graph_2024M08.graphml"
"0.19","0.58","0.23","0.148515837705027","1,2,3,1,4,3,4,5,2,4,1,5,3,1,3,5,6","0.0004730224609375","louvain","graph_2024M08.graphml"
"0.18","0.59","0.23","0.149383650519031","1,2,3,1,4,2,4,5,2,4,1,5,3,3,3,5,6","0.000543117523193359","louvain","graph_2024M08.graphml"
"0.17","0.6","0.23","0.148740741626365","1,2,3,1,4,2,4,5,2,4,1,5,3,3,3,5,6","0.000458955764770508","louvain","graph_2024M08.graphml"
"0.16","0.61","0.23","0.146734272233766","1,2,3,1,4,3,4,5,2,4,1,5,3,4,3,5,6","0.000478982925415039","louvain","graph_2024M08.graphml"
"0.15","0.62","0.23","0.144692177359309","1,2,3,1,3,2,4,5,2,4,4,5,3,1,3,5,6","0.000453948974609375","louvain","graph_2024M08.graphml"
"0.14","0.63","0.23","0.146044831851385","1,2,3,1,4,3,4,5,2,4,1,5,3,4,3,5,6","0.000474929809570312","louvain","graph_2024M08.graphml"
"0.13","0.64","0.23","0.14695243158284","1,2,3,1,4,3,4,5,2,4,1,5,3,4,3,5,6","0.000514984130859375","louvain","graph_2024M08.graphml"
"0.12","0.65","0.23","0.148709809131112","1,2,3,1,4,3,4,5,2,4,1,5,3,4,3,5,6","0.000478982925415039","louvain","graph_2024M08.graphml"
"0.11","0.66","0.23","0.148709809131112","1,2,3,1,4,3,4,5,2,4,1,5,3,4,3,5,6","0.000493049621582031","louvain","graph_2024M08.graphml"
"0.1","0.67","0.23","0.150179680208351","1,2,3,1,4,3,4,4,2,4,1,4,3,1,3,4,5","0.000497817993164062","louvain","graph_2024M08.graphml"
"0.09","0.68","0.23","0.149266309184763","1,2,3,1,4,2,4,4,2,4,3,4,3,1,3,4,5","0.00053095817565918","louvain","graph_2024M08.graphml"
"0.08","0.69","0.23","0.15036955017301","1,2,3,1,3,3,4,4,2,4,5,5,3,1,2,4,6","0.000509023666381836","louvain","graph_2024M08.graphml"
"0.07","0.7","0.23","0.150444135863695","1,2,3,1,4,5,3,3,2,3,5,4,5,1,5,3,6","0.000502824783325195","louvain","graph_2024M08.graphml"
"0.06","0.71","0.23","0.151298694209101","1,2,3,1,4,2,3,3,2,4,4,4,3,1,2,3,5","0.000537872314453125","louvain","graph_2024M08.graphml"
"0.05","0.72","0.23","0.152273134790617","1,2,3,1,4,4,3,3,2,3,5,5,4,1,4,3,6","0.000545024871826172","louvain","graph_2024M08.graphml"
"0.04","0.73","0.23","0.150090556412894","1,2,3,2,4,4,3,3,2,3,1,5,4,1,4,3,6","0.000515937805175781","louvain","graph_2024M08.graphml"
"0.03","0.74","0.23","0.149437766782051","1,2,3,2,4,3,4,4,2,4,1,4,3,1,3,4,5","0.000586032867431641","louvain","graph_2024M08.graphml"
"0.02","0.75","0.23","0.153315459577209","1,2,3,2,4,3,4,4,2,4,1,4,3,1,3,4,5","0.00053715705871582","louvain","graph_2024M08.graphml"
"0.01","0.76","0.23","0.155123433623152","1,2,3,2,4,3,4,4,2,4,1,4,3,1,3,4,5","0.000699996948242188","louvain","graph_2024M08.graphml"
"0","0.77","0.23","0.153127582644628","1,2,3,2,4,3,4,4,2,4,1,4,3,1,3,4,5","0.000516891479492188","louvain","graph_2024M08.graphml"
"0.76","0","0.24","0.147020812439904","1,2,1,1,3,1,3,3,2,3,3,4,3,1,1,5,6","0.000504970550537109","louvain","graph_2024M08.graphml"
"0.75","0.01","0.24","0.148092764037604","1,2,1,1,3,3,3,4,2,4,3,5,3,4,1,4,6","0.000501155853271484","louvain","graph_2024M08.graphml"
"0.74","0.02","0.24","0.148033167761577","1,2,1,1,3,1,3,3,2,3,3,4,3,3,1,4,5","0.000458955764770508","louvain","graph_2024M08.graphml"
"0.73","0.03","0.24","0.14656400782225","1,2,1,1,3,1,3,3,2,3,3,3,3,3,1,3,4","0.000493049621582031","louvain","graph_2024M08.graphml"
"0.72","0.04","0.24","0.147174425714036","1,2,1,1,3,1,3,3,2,4,3,3,3,3,1,3,5","0.000490903854370117","louvain","graph_2024M08.graphml"
"0.71","0.05","0.24","0.147018114823855","1,2,1,1,3,1,3,3,2,4,1,3,3,3,1,3,5","0.000515937805175781","louvain","graph_2024M08.graphml"
"0.7","0.06","0.24","0.146113734384295","1,2,1,1,3,1,3,3,2,4,1,3,3,3,1,3,5","0.000514030456542969","louvain","graph_2024M08.graphml"
"0.69","0.07","0.24","0.142295684113866","1,2,1,3,3,1,3,3,2,4,3,5,3,1,1,5,6","0.000503063201904297","louvain","graph_2024M08.graphml"
"0.68","0.08","0.24","0.144360576793009","1,2,1,3,3,3,3,3,2,4,3,5,3,1,1,5,6","0.000492095947265625","louvain","graph_2024M08.graphml"
"0.67","0.09","0.24","0.143622933773172","1,2,1,1,3,3,3,3,2,4,3,5,3,1,1,3,6","0.000496149063110352","louvain","graph_2024M08.graphml"
"0.66","0.1","0.24","0.144194278368217","1,2,1,1,2,3,2,2,3,2,2,4,2,2,1,4,5","0.000497102737426758","louvain","graph_2024M08.graphml"
"0.65","0.11","0.24","0.14095335056256","1,2,1,3,4,3,4,4,3,2,4,5,4,1,1,4,6","0.000519037246704102","louvain","graph_2024M08.graphml"
"0.64","0.12","0.24","0.142288062283737","1,2,1,3,4,3,4,4,3,2,4,5,4,1,1,4,6","0.000583887100219727","louvain","graph_2024M08.graphml"
"0.63","0.13","0.24","0.143621915876196","1,2,1,3,4,3,4,4,3,2,1,2,4,4,1,4,5","0.00049901008605957","louvain","graph_2024M08.graphml"
"0.62","0.14","0.24","0.143770877780517","1,2,1,2,2,3,2,2,3,2,1,4,2,2,1,4,5","0.000468015670776367","louvain","graph_2024M08.graphml"
"0.61","0.15","0.24","0.144710823418064","1,2,1,2,2,3,2,2,3,2,1,4,2,2,1,4,5","0.000478982925415039","louvain","graph_2024M08.graphml"
"0.6","0.16","0.24","0.144847721067003","1,2,1,3,2,3,2,2,3,2,1,4,2,2,1,2,5","0.000501871109008789","louvain","graph_2024M08.graphml"
"0.59","0.17","0.24","0.143930270993032","1,2,1,3,4,3,4,4,3,2,1,2,4,4,1,4,5","0.000460147857666016","louvain","graph_2024M08.graphml"
"0.58","0.18","0.24","0.142361111111111","1,2,1,3,4,3,4,4,3,2,1,2,4,4,1,4,5","0.000457048416137695","louvain","graph_2024M08.graphml"
"0.57","0.19","0.24","0.144608829155754","1,2,1,3,4,3,4,4,3,2,4,2,4,1,1,4,5","0.000446081161499023","louvain","graph_2024M08.graphml"
"0.56","0.2","0.24","0.145895209194215","1,2,1,2,2,3,2,2,3,2,2,4,2,1,1,3,5","0.0005950927734375","louvain","graph_2024M08.graphml"
"0.55","0.21","0.24","0.145895209194215","1,2,1,2,2,3,2,2,3,2,2,4,2,1,1,3,5","0.000499963760375977","louvain","graph_2024M08.graphml"
"0.54","0.22","0.24","0.146799187859625","1,2,1,2,3,3,2,2,3,2,2,4,2,2,1,4,5","0.000519037246704102","louvain","graph_2024M08.graphml"
"0.53","0.23","0.24","0.143680775000798","1,2,1,2,3,3,2,2,3,2,2,4,2,1,1,2,5","0.000513076782226562","louvain","graph_2024M08.graphml"
"0.52","0.24","0.24","0.145607262512848","1,2,2,3,4,4,3,3,4,2,3,5,3,1,1,3,6","0.000449895858764648","louvain","graph_2024M08.graphml"
"0.51","0.25","0.24","0.14414737654321","1,2,3,4,2,4,2,2,4,3,1,2,2,1,4,2,5","0.000465869903564453","louvain","graph_2024M08.graphml"
"0.5","0.26","0.24","0.143011633995856","1,2,2,1,3,4,3,3,4,2,3,3,3,1,4,3,5","0.000629901885986328","louvain","graph_2024M08.graphml"
"0.49","0.27","0.24","0.141449553194059","1,2,2,1,3,4,3,3,4,2,3,3,3,1,4,3,5","0.000505924224853516","louvain","graph_2024M08.graphml"
"0.48","0.28","0.24","0.143550867449013","1,2,2,3,4,4,3,3,4,2,1,5,3,3,4,3,6","0.000555992126464844","louvain","graph_2024M08.graphml"
"0.47","0.29","0.24","0.14523457743394","1,2,2,3,4,4,3,3,4,2,3,5,3,3,4,5,6","0.000494003295898438","louvain","graph_2024M08.graphml"
"0.46","0.3","0.24","0.14656190926276","1,2,2,1,3,4,3,3,4,2,3,3,3,1,4,3,5","0.000461101531982422","louvain","graph_2024M08.graphml"
"0.45","0.31","0.24","0.144744338933528","1,2,2,3,4,4,3,3,4,2,1,5,3,3,4,3,6","0.00052189826965332","louvain","graph_2024M08.graphml"
"0.44","0.32","0.24","0.148563727873259","1,2,3,1,4,2,4,4,2,3,4,4,4,1,2,4,5","0.000520944595336914","louvain","graph_2024M08.graphml"
"0.43","0.33","0.24","0.148563727873259","1,2,3,1,4,2,4,4,2,3,4,4,4,1,2,4,5","0.000488996505737305","louvain","graph_2024M08.graphml"
"0.42","0.34","0.24","0.148069686509733","1,2,3,1,4,2,4,4,2,3,4,4,4,1,2,4,5","0.000510931015014648","louvain","graph_2024M08.graphml"
"0.41","0.35","0.24","0.147098762391912","1,2,3,1,4,2,4,4,2,3,4,4,4,1,2,4,5","0.000462055206298828","louvain","graph_2024M08.graphml"
"0.4","0.36","0.24","0.14588284732125","1,2,3,1,4,2,4,3,2,3,4,4,4,1,2,3,5","0.000533103942871094","louvain","graph_2024M08.graphml"
"0.39","0.37","0.24","0.145556244844535","1,2,3,1,4,2,4,4,2,3,4,4,4,1,2,4,5","0.000479936599731445","louvain","graph_2024M08.graphml"
"0.38","0.38","0.24","0.143143869117895","1,2,3,1,4,2,4,4,2,3,4,4,4,1,2,4,5","0.000489950180053711","louvain","graph_2024M08.graphml"
"0.37","0.39","0.24","0.145201884614352","1,2,3,1,4,2,4,4,2,3,4,4,4,1,2,4,5","0.000492095947265625","louvain","graph_2024M08.graphml"
"0.36","0.4","0.24","0.145414201183432","1,2,3,1,4,2,4,4,2,3,4,4,4,1,2,4,5","0.000487089157104492","louvain","graph_2024M08.graphml"
"0.35","0.41","0.24","0.145414201183432","1,2,3,1,4,2,4,4,2,3,4,4,4,1,2,4,5","0.000504970550537109","louvain","graph_2024M08.graphml"
"0.34","0.42","0.24","0.145414201183432","1,2,3,1,4,2,4,4,2,3,4,4,4,1,2,4,5","0.00050806999206543","louvain","graph_2024M08.graphml"
"0.33","0.43","0.24","0.145135759185249","1,2,3,1,3,2,4,3,2,4,3,3,3,4,2,3,5","0.000545024871826172","louvain","graph_2024M08.graphml"
"0.32","0.44","0.24","0.148444948336726","1,2,3,1,4,2,4,3,2,4,3,3,3,1,2,3,5","0.000471115112304688","louvain","graph_2024M08.graphml"
"0.31","0.45","0.24","0.14515351280701","1,2,3,1,4,3,4,5,2,4,1,5,3,4,3,5,6","0.000838041305541992","louvain","graph_2024M08.graphml"
"0.3","0.46","0.24","0.142973348157361","1,2,3,1,4,3,4,5,2,4,1,5,3,4,3,5,6","0.000712156295776367","louvain","graph_2024M08.graphml"
"0.29","0.47","0.24","0.146171875","1,2,3,1,3,2,3,3,2,3,1,4,3,3,2,3,5","0.000610113143920898","louvain","graph_2024M08.graphml"
"0.28","0.48","0.24","0.148306538574649","1,2,3,1,3,2,3,3,2,3,1,4,3,3,2,4,5","0.000509023666381836","louvain","graph_2024M08.graphml"
"0.27","0.49","0.24","0.146676090174476","1,2,3,1,4,3,4,5,2,4,1,5,3,4,3,5,6","0.000459194183349609","louvain","graph_2024M08.graphml"
"0.26","0.5","0.24","0.146676090174476","1,2,3,1,4,3,4,5,2,4,1,5,3,4,3,5,6","0.000481128692626953","louvain","graph_2024M08.graphml"
"0.25","0.51","0.24","0.146218059161834","1,2,3,1,4,3,4,4,2,4,1,4,3,1,3,4,5","0.000468015670776367","louvain","graph_2024M08.graphml"
"0.24","0.52","0.24","0.147628419127191","1,2,3,1,4,3,4,5,2,4,1,5,3,4,3,5,6","0.000494003295898438","louvain","graph_2024M08.graphml"
"0.23","0.53","0.24","0.146734272233766","1,2,3,1,4,3,4,5,2,4,1,5,3,4,3,5,6","0.000790119171142578","louvain","graph_2024M08.graphml"
"0.22","0.54","0.24","0.145666415307758","1,2,3,1,4,2,4,5,2,4,1,5,3,3,3,5,6","0.000504970550537109","louvain","graph_2024M08.graphml"
"0.21","0.55","0.24","0.144069873275922","1,2,3,1,4,3,4,5,2,4,1,5,3,4,3,5,6","0.000514030456542969","louvain","graph_2024M08.graphml"
"0.2","0.56","0.24","0.14480766439251","1,2,3,1,4,2,4,3,2,4,1,5,3,3,2,3,6","0.000481128692626953","louvain","graph_2024M08.graphml"
"0.19","0.57","0.24","0.145007983742198","1,2,3,1,4,3,4,5,2,4,1,5,3,4,3,5,6","0.000495195388793945","louvain","graph_2024M08.graphml"
"0.18","0.58","0.24","0.143953402366864","1,2,3,1,4,3,4,5,2,4,1,5,3,4,3,5,6","0.000580072402954102","louvain","graph_2024M08.graphml"
"0.17","0.59","0.24","0.145584725536993","1,2,3,1,4,3,4,5,2,4,4,5,3,1,3,5,6","0.000524044036865234","louvain","graph_2024M08.graphml"
"0.16","0.6","0.24","0.147374098105953","1,2,3,1,3,3,4,5,2,4,4,5,3,1,2,5,6","0.000473976135253906","louvain","graph_2024M08.graphml"
"0.15","0.61","0.24","0.147374098105953","1,2,3,1,3,3,4,5,2,4,4,5,3,1,2,5,6","0.000506162643432617","louvain","graph_2024M08.graphml"
"0.14","0.62","0.24","0.147463519049455","1,2,3,1,4,2,4,4,2,4,3,4,3,1,3,4,5","0.000507831573486328","louvain","graph_2024M08.graphml"
"0.13","0.63","0.24","0.149601049174547","1,2,3,1,3,2,4,4,2,4,5,5,3,1,3,4,6","0.000577926635742188","louvain","graph_2024M08.graphml"
"0.12","0.64","0.24","0.151129465455498","1,2,3,1,3,2,4,3,2,4,5,5,3,1,2,4,6","0.000504970550537109","louvain","graph_2024M08.graphml"
"0.11","0.65","0.24","0.149191454840454","1,2,3,1,3,2,4,3,2,4,5,5,3,1,2,4,6","0.000500917434692383","louvain","graph_2024M08.graphml"
"0.1","0.66","0.24","0.147944530178326","1,2,3,2,4,4,3,3,2,3,1,5,4,1,4,3,6","0.000504016876220703","louvain","graph_2024M08.graphml"
"0.09","0.67","0.24","0.148556456921999","1,2,3,2,4,4,3,3,2,3,1,5,4,1,4,3,6","0.000492095947265625","louvain","graph_2024M08.graphml"
"0.08","0.68","0.24","0.149710661910424","1,2,3,4,3,4,2,3,4,2,1,5,3,1,4,2,6","0.000509977340698242","louvain","graph_2024M08.graphml"
"0.07","0.69","0.24","0.151198369508559","1,2,3,2,4,2,4,3,2,4,1,4,3,1,2,4,5","0.000500917434692383","louvain","graph_2024M08.graphml"
"0.06","0.7","0.24","0.149674918664806","1,2,3,1,4,2,4,3,2,4,4,4,3,1,2,4,5","0.000497817993164062","louvain","graph_2024M08.graphml"
"0.05","0.71","0.24","0.14972882231405","1,2,3,1,3,3,4,4,2,5,5,4,3,1,3,4,6","0.000669956207275391","louvain","graph_2024M08.graphml"
"0.04","0.72","0.24","0.151988035607825","1,2,3,2,4,3,4,4,2,4,1,4,3,1,3,4,5","0.00047612190246582","louvain","graph_2024M08.graphml"
"0.03","0.73","0.24","0.151811439818197","1,2,3,1,4,3,4,4,2,4,4,4,3,1,3,4,5","0.000483036041259766","louvain","graph_2024M08.graphml"
"0.02","0.74","0.24","0.1523721752304","1,2,3,2,4,4,3,3,2,3,1,3,4,1,4,3,5","0.000580072402954102","louvain","graph_2024M08.graphml"
"0.01","0.75","0.24","0.151608870987743","1,2,3,1,4,2,4,4,2,4,3,4,3,1,3,4,1","0.000509977340698242","louvain","graph_2024M08.graphml"
"0","0.76","0.24","0.152585185185185","1,2,3,1,4,2,4,4,2,4,3,4,3,1,3,4,1","0.000560998916625977","louvain","graph_2024M08.graphml"
"0.75","0","0.25","0.13844342421117","1,2,1,1,3,3,3,3,2,4,1,5,3,3,1,3,6","0.000558137893676758","louvain","graph_2024M08.graphml"
"0.74","0.01","0.25","0.141132123114105","1,2,1,1,3,3,3,3,2,4,3,5,3,3,1,5,6","0.000546932220458984","louvain","graph_2024M08.graphml"
"0.73","0.02","0.25","0.142914717970522","1,2,1,1,3,2,3,3,2,4,3,5,3,1,1,3,6","0.000463008880615234","louvain","graph_2024M08.graphml"
"0.72","0.03","0.25","0.141968068344946","1,2,1,3,3,2,3,3,2,3,1,4,3,3,1,4,5","0.000461816787719727","louvain","graph_2024M08.graphml"
"0.71","0.04","0.25","0.142175605536332","1,2,1,3,3,4,3,3,4,2,1,5,3,1,1,3,6","0.000509023666381836","louvain","graph_2024M08.graphml"
"0.7","0.05","0.25","0.144219588933347","1,2,1,3,2,3,2,2,3,2,1,2,2,1,1,2,4","0.000458955764770508","louvain","graph_2024M08.graphml"
"0.69","0.06","0.25","0.143770877780517","1,2,1,2,2,3,2,2,3,2,1,4,2,2,1,4,5","0.000466108322143555","louvain","graph_2024M08.graphml"
"0.68","0.07","0.25","0.14154391452541","1,2,1,3,2,3,2,2,3,2,2,4,2,1,1,2,5","0.000512123107910156","louvain","graph_2024M08.graphml"
"0.67","0.08","0.25","0.143789717414819","1,2,1,3,4,3,4,4,3,2,1,5,4,4,1,4,6","0.000478982925415039","louvain","graph_2024M08.graphml"
"0.66","0.09","0.25","0.144773231236868","1,2,1,3,4,3,4,4,3,2,1,5,4,4,1,4,6","0.000487089157104492","louvain","graph_2024M08.graphml"
"0.65","0.1","0.25","0.144508026159334","1,2,1,2,2,3,2,2,3,2,2,4,2,1,1,3,5","0.000492095947265625","louvain","graph_2024M08.graphml"
"0.64","0.11","0.25","0.145438050590718","1,2,1,3,3,4,3,3,4,2,3,5,3,1,1,4,6","0.00049591064453125","louvain","graph_2024M08.graphml"
"0.63","0.12","0.25","0.144534693877551","1,2,1,1,3,4,3,3,4,2,3,5,3,3,1,4,6","0.000482082366943359","louvain","graph_2024M08.graphml"
"0.62","0.13","0.25","0.148046067923554","1,2,1,1,3,4,3,3,4,2,3,5,3,3,1,5,6","0.000550031661987305","louvain","graph_2024M08.graphml"
"0.61","0.14","0.25","0.147072041345328","1,2,1,1,2,3,2,2,3,2,2,4,2,2,1,4,5","0.000465154647827148","louvain","graph_2024M08.graphml"
"0.6","0.15","0.25","0.145175798510289","1,2,1,2,3,3,2,2,3,2,2,4,2,2,1,4,5","0.000514984130859375","louvain","graph_2024M08.graphml"
"0.59","0.16","0.25","0.1451047847494","1,2,1,3,4,3,4,4,3,2,1,4,4,1,1,4,5","0.000474929809570312","louvain","graph_2024M08.graphml"
"0.58","0.17","0.25","0.144724727692644","1,2,1,3,4,4,3,3,4,2,1,5,3,3,3,3,6","0.000493049621582031","louvain","graph_2024M08.graphml"
"0.57","0.18","0.25","0.142135465950368","1,2,2,3,4,4,3,3,4,2,3,5,3,1,4,3,6","0.000472068786621094","louvain","graph_2024M08.graphml"
"0.56","0.19","0.25","0.142981674918488","1,2,2,1,3,4,3,3,4,2,3,3,3,1,4,3,5","0.000478029251098633","louvain","graph_2024M08.graphml"
"0.55","0.2","0.25","0.144045787202102","1,2,2,1,3,4,3,3,4,2,3,3,3,1,4,3,5","0.000454902648925781","louvain","graph_2024M08.graphml"
"0.54","0.21","0.25","0.143185075696497","1,2,2,3,4,4,3,3,4,2,3,5,3,3,4,5,6","0.000455856323242188","louvain","graph_2024M08.graphml"
"0.53","0.22","0.25","0.14534250052256","1,2,2,1,3,4,3,3,4,2,3,3,3,1,4,3,5","0.000667095184326172","louvain","graph_2024M08.graphml"
"0.52","0.23","0.25","0.147604673878717","1,2,2,1,3,4,3,3,4,2,3,3,3,1,4,3,5","0.000458002090454102","louvain","graph_2024M08.graphml"
"0.51","0.24","0.25","0.145004032228769","1,2,2,1,3,4,3,3,4,2,3,3,3,1,4,3,5","0.00071406364440918","louvain","graph_2024M08.graphml"
"0.5","0.25","0.25","0.146284975141635","1,2,2,1,3,4,3,3,4,2,3,3,3,1,4,3,5","0.000485897064208984","louvain","graph_2024M08.graphml"
"0.49","0.26","0.25","0.145251848672685","1,2,3,1,4,2,4,4,2,3,4,4,4,1,2,4,5","0.000751972198486328","louvain","graph_2024M08.graphml"
"0.48","0.27","0.25","0.145251848672685","1,2,3,1,4,2,4,4,2,3,4,4,4,1,2,4,5","0.000446081161499023","louvain","graph_2024M08.graphml"
"0.47","0.28","0.25","0.140060985373257","1,2,3,3,2,2,3,4,2,3,3,4,3,1,2,4,5","0.000458002090454102","louvain","graph_2024M08.graphml"
"0.46","0.29","0.25","0.141419667590028","1,2,3,1,3,2,3,4,2,3,3,4,3,1,2,4,5","0.000476837158203125","louvain","graph_2024M08.graphml"
"0.45","0.3","0.25","0.14306798737465","1,2,3,1,4,2,4,4,2,3,4,4,4,1,2,4,5","0.000489950180053711","louvain","graph_2024M08.graphml"
"0.44","0.31","0.25","0.14132906054984","1,2,3,1,4,2,4,4,2,3,4,4,4,1,2,4,5","0.000538825988769531","louvain","graph_2024M08.graphml"
"0.43","0.32","0.25","0.142353730470826","1,2,3,1,4,2,4,4,2,3,4,4,4,1,2,4,5","0.000489950180053711","louvain","graph_2024M08.graphml"
"0.42","0.33","0.25","0.145414201183432","1,2,3,1,4,2,4,4,2,3,4,4,4,1,2,4,5","0.000694990158081055","louvain","graph_2024M08.graphml"
"0.41","0.34","0.25","0.145414201183432","1,2,3,1,4,2,4,4,2,3,4,4,4,1,2,4,5","0.000467061996459961","louvain","graph_2024M08.graphml"
"0.4","0.35","0.25","0.145414201183432","1,2,3,1,4,2,4,4,2,3,4,4,4,1,2,4,5","0.000557899475097656","louvain","graph_2024M08.graphml"
"0.39","0.36","0.25","0.146627115207253","1,2,3,1,4,2,4,4,2,3,4,4,4,1,2,4,5","0.00053095817565918","louvain","graph_2024M08.graphml"
"0.38","0.37","0.25","0.14294778594021","1,2,3,1,4,2,3,3,2,4,1,5,3,3,2,3,6","0.00138688087463379","louvain","graph_2024M08.graphml"
"0.37","0.38","0.25","0.14346329482855","1,2,3,1,3,2,3,3,2,3,1,4,3,3,3,3,5","0.000523805618286133","louvain","graph_2024M08.graphml"
"0.36","0.39","0.25","0.14346329482855","1,2,3,1,3,3,3,3,2,3,1,4,3,3,2,3,5","0.000487089157104492","louvain","graph_2024M08.graphml"
"0.35","0.4","0.25","0.145961733620455","1,2,3,1,3,2,3,3,2,3,1,4,3,3,2,3,5","0.000710964202880859","louvain","graph_2024M08.graphml"
"0.34","0.41","0.25","0.145318301325665","1,2,3,1,3,2,3,3,2,3,1,3,3,3,2,3,4","0.000509023666381836","louvain","graph_2024M08.graphml"
"0.33","0.42","0.25","0.145318301325665","1,2,3,1,3,2,3,3,2,3,1,3,3,3,2,3,4","0.000519990921020508","louvain","graph_2024M08.graphml"
"0.32","0.43","0.25","0.145554031397653","1,2,3,1,3,2,3,3,2,3,1,4,3,3,3,3,5","0.000497102737426758","louvain","graph_2024M08.graphml"
"0.31","0.44","0.25","0.149157344269456","1,2,3,1,3,2,3,3,2,3,1,4,3,3,2,4,5","0.000673055648803711","louvain","graph_2024M08.graphml"
"0.3","0.45","0.25","0.14646313687747","1,2,3,1,4,2,4,3,2,4,1,3,3,4,2,3,5","0.000475883483886719","louvain","graph_2024M08.graphml"
"0.29","0.46","0.25","0.143857187679448","1,2,3,1,4,3,4,5,2,4,1,5,3,4,3,5,6","0.000504016876220703","louvain","graph_2024M08.graphml"
"0.28","0.47","0.25","0.142818008294844","1,2,3,1,4,2,4,5,2,4,1,5,3,3,3,5,6","0.000505924224853516","louvain","graph_2024M08.graphml"
"0.27","0.48","0.25","0.143874419473033","1,2,3,1,4,2,4,3,2,4,1,3,3,4,2,3,5","0.000770092010498047","louvain","graph_2024M08.graphml"
"0.26","0.49","0.25","0.143921620747041","1,2,3,1,4,3,4,5,2,4,1,5,3,3,2,5,6","0.000500917434692383","louvain","graph_2024M08.graphml"
"0.25","0.5","0.25","0.145503740892178","1,2,3,1,4,2,4,3,2,4,1,3,3,4,2,3,5","0.000501155853271484","louvain","graph_2024M08.graphml"
"0.24","0.51","0.25","0.145570485472286","1,2,3,1,4,2,4,3,2,4,4,3,3,1,2,3,5","0.000494003295898438","louvain","graph_2024M08.graphml"
"0.23","0.52","0.25","0.146221655328798","1,2,3,1,4,2,4,3,2,4,5,5,3,1,2,3,6","0.000516891479492188","louvain","graph_2024M08.graphml"
"0.22","0.53","0.25","0.148601221895285","1,2,3,1,4,2,4,3,2,4,4,4,3,1,2,3,5","0.000546932220458984","louvain","graph_2024M08.graphml"
"0.21","0.54","0.25","0.147849146868311","1,2,3,1,4,2,4,3,2,4,4,4,3,1,2,3,5","0.000510931015014648","louvain","graph_2024M08.graphml"
"0.2","0.55","0.25","0.149416496084016","1,2,3,1,4,2,4,3,2,4,4,4,3,1,2,3,5","0.00049901008605957","louvain","graph_2024M08.graphml"
"0.19","0.56","0.25","0.148465137197045","1,2,3,1,3,2,3,3,2,3,3,4,3,1,2,2,5","0.000488042831420898","louvain","graph_2024M08.graphml"
"0.18","0.57","0.25","0.147355752250857","1,2,3,1,4,2,4,3,2,4,1,4,3,1,2,4,5","0.000513076782226562","louvain","graph_2024M08.graphml"
"0.17","0.58","0.25","0.147790438000228","1,2,3,1,3,2,4,3,2,4,5,5,3,1,2,4,6","0.000488042831420898","louvain","graph_2024M08.graphml"
"0.16","0.59","0.25","0.148220024655337","1,2,3,1,4,2,4,3,2,4,1,4,3,1,2,4,5","0.000719070434570312","louvain","graph_2024M08.graphml"
"0.15","0.6","0.25","0.149088746539797","1,2,3,4,3,4,2,3,4,2,1,5,3,1,4,2,6","0.000496864318847656","louvain","graph_2024M08.graphml"
"0.14","0.61","0.25","0.147113224996697","1,2,3,4,3,4,2,3,4,2,1,5,3,1,4,2,6","0.000493049621582031","louvain","graph_2024M08.graphml"
"0.13","0.62","0.25","0.146091974581264","1,2,3,1,3,2,3,3,2,3,4,4,3,1,2,3,5","0.000511884689331055","louvain","graph_2024M08.graphml"
"0.12","0.63","0.25","0.147614728633682","1,2,3,2,4,4,3,3,2,3,1,3,4,1,4,3,5","0.000496149063110352","louvain","graph_2024M08.graphml"
"0.11","0.64","0.25","0.15013034692335","1,2,3,2,4,2,4,3,2,4,1,4,3,1,2,4,5","0.000496864318847656","louvain","graph_2024M08.graphml"
"0.1","0.65","0.25","0.14909348702934","1,2,3,2,4,2,4,3,2,4,1,4,3,1,2,4,5","0.000580072402954102","louvain","graph_2024M08.graphml"
"0.09","0.66","0.25","0.147534509729986","1,2,3,1,4,2,4,3,2,4,4,4,3,1,2,4,5","0.000535964965820312","louvain","graph_2024M08.graphml"
"0.08","0.67","0.25","0.148664474573217","1,2,3,1,4,5,3,3,2,3,5,4,5,1,5,3,1","0.000488996505737305","louvain","graph_2024M08.graphml"
"0.07","0.68","0.25","0.150069256218112","1,2,3,2,4,3,4,4,2,4,1,4,3,1,3,4,1","0.00051116943359375","louvain","graph_2024M08.graphml"
"0.06","0.69","0.25","0.152585185185185","1,2,3,1,4,3,4,4,2,4,3,4,3,1,2,4,1","0.000516176223754883","louvain","graph_2024M08.graphml"
"0.05","0.7","0.25","0.152995061728395","1,2,3,2,4,3,4,4,2,4,1,4,3,1,3,4,1","0.000540018081665039","louvain","graph_2024M08.graphml"
"0.04","0.71","0.25","0.152133585245517","1,2,3,2,4,1,3,3,2,3,1,3,4,1,4,3,1","0.0005340576171875","louvain","graph_2024M08.graphml"
"0.03","0.72","0.25","0.151911189423938","1,2,3,2,4,1,4,4,2,4,3,4,3,1,3,4,1","0.000540971755981445","louvain","graph_2024M08.graphml"
"0.02","0.73","0.25","0.151911189423938","1,2,3,2,4,1,4,4,2,4,3,4,3,1,3,4,1","0.00053095817565918","louvain","graph_2024M08.graphml"
"0.01","0.74","0.25","0.154634257479317","1,2,3,2,4,1,4,4,2,4,3,4,3,1,3,4,1","0.000642061233520508","louvain","graph_2024M08.graphml"
"0","0.75","0.25","0.153745274102079","1,2,3,1,4,1,4,4,2,4,3,4,3,1,2,4,1","0.000535011291503906","louvain","graph_2024M08.graphml"
"0.74","0","0.26","0.142176013442554","1,2,1,3,4,3,4,4,3,2,4,5,4,1,1,4,6","0.000462055206298828","louvain","graph_2024M08.graphml"
"0.73","0.01","0.26","0.143485415483311","1,2,1,3,4,3,4,4,3,2,4,5,4,1,1,4,6","0.000595808029174805","louvain","graph_2024M08.graphml"
"0.72","0.02","0.26","0.143472885829797","1,2,1,3,4,3,4,4,3,2,1,5,4,4,1,4,6","0.000531911849975586","louvain","graph_2024M08.graphml"
"0.71","0.03","0.26","0.143581459857652","1,2,1,2,2,3,2,2,3,2,2,4,2,1,1,3,5","0.000510215759277344","louvain","graph_2024M08.graphml"
"0.7","0.04","0.26","0.141494087726252","1,2,1,3,4,3,4,4,3,2,4,5,4,1,1,4,6","0.000480175018310547","louvain","graph_2024M08.graphml"
"0.69","0.05","0.26","0.142738775510204","1,2,1,1,2,3,2,2,3,2,2,4,2,2,1,4,5","0.000474929809570312","louvain","graph_2024M08.graphml"
"0.68","0.06","0.26","0.141411899535124","1,2,1,3,4,3,4,4,3,2,4,5,4,1,1,4,6","0.000494003295898438","louvain","graph_2024M08.graphml"
"0.67","0.07","0.26","0.145444316767212","1,2,1,3,3,4,3,3,4,2,3,5,3,1,3,5,6","0.000507116317749023","louvain","graph_2024M08.graphml"
"0.66","0.08","0.26","0.14526086094029","1,2,1,1,3,3,4,4,3,2,4,5,4,4,1,4,6","0.000477790832519531","louvain","graph_2024M08.graphml"
"0.65","0.09","0.26","0.143853632420605","1,2,1,3,4,4,3,3,4,2,1,5,3,3,3,3,6","0.000472068786621094","louvain","graph_2024M08.graphml"
"0.64","0.1","0.26","0.142326388888889","1,2,1,3,4,4,3,3,4,2,1,5,3,3,3,3,6","0.000485897064208984","louvain","graph_2024M08.graphml"
"0.63","0.11","0.26","0.141723390616892","1,2,3,3,4,4,3,5,4,2,3,5,3,1,4,5,6","0.000504970550537109","louvain","graph_2024M08.graphml"
"0.62","0.12","0.26","0.140826892887332","1,2,2,1,3,3,4,4,3,2,4,5,4,4,3,4,6","0.000509023666381836","louvain","graph_2024M08.graphml"
"0.61","0.13","0.26","0.144425305704252","1,2,2,1,3,4,3,3,4,2,3,3,3,1,4,3,5","0.000472068786621094","louvain","graph_2024M08.graphml"
"0.6","0.14","0.26","0.144425305704252","1,2,2,1,3,4,3,3,4,2,3,3,3,1,4,3,5","0.000571012496948242","louvain","graph_2024M08.graphml"
"0.59","0.15","0.26","0.141507413752363","1,2,3,1,4,4,3,3,4,2,3,3,3,1,4,3,5","0.000504970550537109","louvain","graph_2024M08.graphml"
"0.58","0.16","0.26","0.140796201607012","1,2,2,1,3,4,3,3,4,2,3,3,3,1,4,3,5","0.00051116943359375","louvain","graph_2024M08.graphml"
"0.57","0.17","0.26","0.142479767794332","1,2,3,1,4,4,3,3,4,2,3,3,3,1,4,3,5","0.000488042831420898","louvain","graph_2024M08.graphml"
"0.56","0.18","0.26","0.142479767794332","1,2,3,1,4,4,3,3,4,2,3,3,3,1,4,3,5","0.000486850738525391","louvain","graph_2024M08.graphml"
"0.55","0.19","0.26","0.142718938429173","1,2,3,1,4,2,4,4,2,3,4,4,4,1,2,4,5","0.000468015670776367","louvain","graph_2024M08.graphml"
"0.54","0.2","0.26","0.142024299431707","1,2,3,1,4,2,4,4,2,3,4,4,4,1,2,4,5","0.000457048416137695","louvain","graph_2024M08.graphml"
"0.53","0.21","0.26","0.143287779951407","1,2,3,1,4,2,4,4,2,3,4,4,4,1,2,4,5","0.000487089157104492","louvain","graph_2024M08.graphml"
"0.52","0.22","0.26","0.144328254847645","1,2,3,1,4,2,4,4,2,3,4,4,4,1,2,4,5","0.000489950180053711","louvain","graph_2024M08.graphml"
"0.51","0.23","0.26","0.140422935598443","1,2,3,1,4,2,4,4,2,3,4,4,4,1,2,4,5","0.000481128692626953","louvain","graph_2024M08.graphml"
"0.5","0.24","0.26","0.140880418283016","1,2,3,1,4,2,4,4,2,3,4,4,4,1,2,4,5","0.00052189826965332","louvain","graph_2024M08.graphml"
"0.49","0.25","0.26","0.142111197616043","1,2,3,1,4,2,4,4,2,3,4,4,4,1,2,4,5","0.00070500373840332","louvain","graph_2024M08.graphml"
"0.48","0.26","0.26","0.142353730470826","1,2,3,1,4,2,4,4,2,3,4,4,4,1,2,4,5","0.000494956970214844","louvain","graph_2024M08.graphml"
"0.47","0.27","0.26","0.144404940490745","1,2,3,1,4,2,4,4,2,3,4,4,4,1,2,4,5","0.000509023666381836","louvain","graph_2024M08.graphml"
"0.46","0.28","0.26","0.1419208403922","1,2,3,1,4,2,4,4,2,3,4,4,4,1,2,4,5","0.000572919845581055","louvain","graph_2024M08.graphml"
"0.45","0.29","0.26","0.142570100945361","1,2,3,1,4,2,3,3,2,3,1,4,3,3,2,3,5","0.00131702423095703","louvain","graph_2024M08.graphml"
"0.44","0.3","0.26","0.143827798183859","1,2,3,1,3,2,3,3,2,3,1,4,3,3,2,4,5","0.000500917434692383","louvain","graph_2024M08.graphml"
"0.43","0.31","0.26","0.142232146782998","1,2,3,1,3,2,3,3,2,3,1,3,3,1,2,3,4","0.000539064407348633","louvain","graph_2024M08.graphml"
"0.42","0.32","0.26","0.143441310042022","1,2,3,1,3,2,3,3,2,3,1,4,3,3,2,4,5","0.000497102737426758","louvain","graph_2024M08.graphml"
"0.41","0.33","0.26","0.14387348337386","1,2,3,1,3,2,3,3,2,3,1,3,3,3,2,3,4","0.000555992126464844","louvain","graph_2024M08.graphml"
"0.4","0.34","0.26","0.142419123289028","1,2,3,1,3,3,3,3,2,3,1,3,3,3,2,3,4","0.000500917434692383","louvain","graph_2024M08.graphml"
"0.39","0.35","0.26","0.146493898665875","1,2,3,1,3,2,3,3,2,3,1,4,3,3,2,4,5","0.000728845596313477","louvain","graph_2024M08.graphml"
"0.38","0.36","0.26","0.144551135497638","1,2,3,1,3,2,3,3,2,3,1,4,3,3,2,4,5","0.000494956970214844","louvain","graph_2024M08.graphml"
"0.37","0.37","0.26","0.14588327425111","1,2,3,1,4,2,4,3,2,4,1,3,3,4,2,3,5","0.000471830368041992","louvain","graph_2024M08.graphml"
"0.36","0.38","0.26","0.144619274241523","1,2,3,1,4,2,4,3,2,4,1,3,3,4,2,3,5","0.000466108322143555","louvain","graph_2024M08.graphml"
"0.35","0.39","0.26","0.1431037326798","1,2,3,1,4,2,4,3,2,4,1,3,3,4,2,3,5","0.000487089157104492","louvain","graph_2024M08.graphml"
"0.34","0.4","0.26","0.142133095697342","1,2,3,1,4,2,4,3,2,4,1,3,3,4,2,3,5","0.00050806999206543","louvain","graph_2024M08.graphml"
"0.33","0.41","0.26","0.143401825302348","1,2,3,1,4,2,3,3,2,4,1,3,3,1,2,3,5","0.000498056411743164","louvain","graph_2024M08.graphml"
"0.32","0.42","0.26","0.145336967835803","1,2,3,1,3,2,3,3,2,3,1,4,3,3,2,4,5","0.000503063201904297","louvain","graph_2024M08.graphml"
"0.31","0.43","0.26","0.144493601336966","1,2,3,1,3,2,3,3,2,3,1,4,3,3,2,4,5","0.000514984130859375","louvain","graph_2024M08.graphml"
"0.3","0.44","0.26","0.143747757189809","1,2,3,1,4,2,3,3,2,4,4,3,3,1,2,3,5","0.000509023666381836","louvain","graph_2024M08.graphml"
"0.29","0.45","0.26","0.145883288855287","1,2,3,1,4,2,3,3,2,4,4,3,3,1,2,3,5","0.000510931015014648","louvain","graph_2024M08.graphml"
"0.28","0.46","0.26","0.146673173814185","1,2,3,1,3,2,3,3,2,3,4,4,3,1,2,3,5","0.000751972198486328","louvain","graph_2024M08.graphml"
"0.27","0.47","0.26","0.147714377892488","1,2,3,1,4,2,3,3,2,4,4,4,3,1,2,3,5","0.0005340576171875","louvain","graph_2024M08.graphml"
"0.26","0.48","0.26","0.145618634446523","1,2,3,1,4,2,3,3,2,4,4,4,3,1,2,2,5","0.000459909439086914","louvain","graph_2024M08.graphml"
"0.25","0.49","0.26","0.146653091973098","1,2,3,1,4,2,3,3,2,4,4,4,3,1,2,2,5","0.000504016876220703","louvain","graph_2024M08.graphml"
"0.24","0.5","0.26","0.146653091973098","1,2,3,1,4,2,3,3,2,4,4,4,3,1,2,2,5","0.000524997711181641","louvain","graph_2024M08.graphml"
"0.23","0.51","0.26","0.149196863169281","1,2,3,1,4,2,3,3,2,4,4,4,3,1,2,3,5","0.000488996505737305","louvain","graph_2024M08.graphml"
"0.22","0.52","0.26","0.147414051783265","1,2,3,1,4,2,3,3,2,4,4,4,3,1,2,3,5","0.000477075576782227","louvain","graph_2024M08.graphml"
"0.21","0.53","0.26","0.146658739595719","1,2,3,1,4,2,3,3,2,4,4,4,3,1,2,3,5","0.000488042831420898","louvain","graph_2024M08.graphml"
"0.2","0.54","0.26","0.144935922843176","1,2,3,4,3,4,2,3,4,2,1,5,3,1,4,2,6","0.000516176223754883","louvain","graph_2024M08.graphml"
"0.19","0.55","0.26","0.146947933957868","1,2,3,1,4,2,3,3,2,4,4,4,3,1,2,3,5","0.000491142272949219","louvain","graph_2024M08.graphml"
"0.18","0.56","0.26","0.1457460228102","1,2,3,1,4,2,3,3,2,4,4,4,3,1,2,3,5","0.000481128692626953","louvain","graph_2024M08.graphml"
"0.17","0.57","0.26","0.146758786017092","1,2,3,1,4,2,3,3,2,4,4,4,3,1,2,3,5","0.000521183013916016","louvain","graph_2024M08.graphml"
"0.16","0.58","0.26","0.149758868829693","1,2,3,1,4,2,3,3,2,4,4,4,3,1,2,3,1","0.000519990921020508","louvain","graph_2024M08.graphml"
"0.15","0.59","0.26","0.147783633369868","1,2,3,1,4,2,3,3,2,4,4,4,3,1,2,3,1","0.000493049621582031","louvain","graph_2024M08.graphml"
"0.14","0.6","0.26","0.14819903007372","1,2,3,1,4,2,4,3,2,4,3,4,3,1,2,4,1","0.000515937805175781","louvain","graph_2024M08.graphml"
"0.13","0.61","0.26","0.149342017152693","1,2,3,1,4,2,3,3,2,3,4,3,4,1,2,3,1","0.000498056411743164","louvain","graph_2024M08.graphml"
"0.12","0.62","0.26","0.148674293636708","1,2,3,2,4,1,4,4,2,4,3,4,3,1,3,4,1","0.000503063201904297","louvain","graph_2024M08.graphml"
"0.11","0.63","0.26","0.149813513196022","1,2,3,2,4,1,4,4,2,4,3,4,3,1,3,4,1","0.000652790069580078","louvain","graph_2024M08.graphml"
"0.1","0.64","0.26","0.149110010868253","1,2,3,2,4,1,3,3,2,3,4,3,4,1,4,3,1","0.000511884689331055","louvain","graph_2024M08.graphml"
"0.09","0.65","0.26","0.151110295379569","1,2,3,2,4,1,4,4,2,4,3,4,3,1,3,4,1","0.000555038452148438","louvain","graph_2024M08.graphml"
"0.08","0.66","0.26","0.149408347216882","1,2,3,2,3,1,3,3,2,3,3,3,3,1,2,3,1","0.000485897064208984","louvain","graph_2024M08.graphml"
"0.07","0.67","0.26","0.151363421550095","1,2,3,2,4,1,4,4,2,4,3,4,3,1,3,4,1","0.000542879104614258","louvain","graph_2024M08.graphml"
"0.06","0.68","0.26","0.152452165439178","1,2,3,1,4,1,4,4,2,4,3,4,3,1,2,4,1","0.000523090362548828","louvain","graph_2024M08.graphml"
"0.05","0.69","0.26","0.150603713459449","1,2,3,2,4,1,4,4,2,4,3,4,3,1,3,4,1","0.000501155853271484","louvain","graph_2024M08.graphml"
"0.04","0.7","0.26","0.150233450475312","1,2,3,2,4,1,4,4,2,4,3,4,3,1,3,4,1","0.000494003295898438","louvain","graph_2024M08.graphml"
"0.03","0.71","0.26","0.149961008109412","1,2,3,1,2,1,3,3,2,3,4,3,4,1,4,2,1","0.000496864318847656","louvain","graph_2024M08.graphml"
"0.02","0.72","0.26","0.149779607153117","1,2,3,1,4,1,4,4,2,4,3,4,3,1,2,4,1","0.000497102737426758","louvain","graph_2024M08.graphml"
"0.01","0.73","0.26","0.152702493074792","1,2,3,1,4,1,4,4,2,4,3,4,3,1,2,4,1","0.000687122344970703","louvain","graph_2024M08.graphml"
"0","0.74","0.26","0.154942886401294","1,2,3,1,3,1,3,3,2,3,4,3,4,1,4,3,1","0.000535011291503906","louvain","graph_2024M08.graphml"
"0.73","0","0.27","0.137310057528268","1,2,1,3,4,4,3,3,4,3,3,2,3,3,1,5,6","0.000517129898071289","louvain","graph_2024M08.graphml"
"0.72","0.01","0.27","0.137698216541519","1,2,1,3,4,4,3,3,4,2,3,5,3,1,3,3,6","0.000509977340698242","louvain","graph_2024M08.graphml"
"0.71","0.02","0.27","0.13897428294997","1,2,3,3,4,4,3,3,4,2,1,5,3,3,1,3,6","0.000458955764770508","louvain","graph_2024M08.graphml"
"0.7","0.03","0.27","0.142705319940762","1,2,3,1,4,4,3,3,4,2,3,5,3,1,3,3,6","0.000467061996459961","louvain","graph_2024M08.graphml"
"0.69","0.04","0.27","0.142596757637967","1,2,3,1,4,4,3,5,4,2,3,5,3,1,4,5,6","0.000498056411743164","louvain","graph_2024M08.graphml"
"0.68","0.05","0.27","0.143497841996622","1,2,1,1,3,4,3,3,4,2,1,3,3,1,4,3,5","0.000500917434692383","louvain","graph_2024M08.graphml"
"0.67","0.06","0.27","0.145472737476371","1,2,2,1,3,4,3,3,4,2,3,3,3,1,4,3,5","0.000447988510131836","louvain","graph_2024M08.graphml"
"0.66","0.07","0.27","0.143685757325142","1,2,3,1,4,4,3,3,4,2,3,3,3,1,4,3,5","0.00047612190246582","louvain","graph_2024M08.graphml"
"0.65","0.08","0.27","0.140930309862412","1,2,2,1,3,4,3,3,4,2,3,3,3,1,4,3,5","0.0004730224609375","louvain","graph_2024M08.graphml"
"0.64","0.09","0.27","0.13905870620881","1,2,3,1,4,4,3,3,4,2,3,3,3,1,4,3,5","0.00049901008605957","louvain","graph_2024M08.graphml"
"0.63","0.1","0.27","0.138847979639109","1,2,3,1,4,4,3,3,4,2,3,3,3,1,4,3,5","0.000539064407348633","louvain","graph_2024M08.graphml"
"0.62","0.11","0.27","0.13950387618832","1,2,3,1,4,4,3,3,4,2,3,3,3,1,4,3,5","0.000512123107910156","louvain","graph_2024M08.graphml"
"0.61","0.12","0.27","0.140671502649002","1,2,2,1,3,4,3,3,4,2,3,3,3,1,4,3,5","0.000526905059814453","louvain","graph_2024M08.graphml"
"0.6","0.13","0.27","0.143065002332203","1,2,3,1,4,2,4,4,2,3,4,4,4,1,2,4,5","0.000505924224853516","louvain","graph_2024M08.graphml"
"0.59","0.14","0.27","0.144328254847645","1,2,3,1,4,2,4,4,2,3,4,4,4,1,2,4,5","0.000520944595336914","louvain","graph_2024M08.graphml"
"0.58","0.15","0.27","0.140422935598443","1,2,3,1,4,2,4,4,2,3,4,4,4,1,2,4,5","0.000504016876220703","louvain","graph_2024M08.graphml"
"0.57","0.16","0.27","0.140422935598443","1,2,3,1,4,2,4,4,2,3,4,4,4,1,2,4,5","0.000480890274047852","louvain","graph_2024M08.graphml"
"0.56","0.17","0.27","0.142698600101198","1,2,3,1,4,2,4,4,2,3,4,4,4,1,2,4,5","0.000501155853271484","louvain","graph_2024M08.graphml"
"0.55","0.18","0.27","0.143140436271859","1,2,3,1,4,2,4,4,2,3,4,4,4,1,2,4,5","0.000544071197509766","louvain","graph_2024M08.graphml"
"0.54","0.19","0.27","0.141287582877632","1,2,3,1,3,2,3,4,2,4,3,3,3,1,2,4,5","0.000552177429199219","louvain","graph_2024M08.graphml"
"0.53","0.2","0.27","0.138758249880626","1,2,3,1,3,2,3,4,2,3,3,4,3,1,2,4,5","0.000530004501342773","louvain","graph_2024M08.graphml"
"0.52","0.21","0.27","0.140732377134527","1,2,3,1,3,2,3,4,2,3,3,4,3,1,2,4,5","0.000455856323242188","louvain","graph_2024M08.graphml"
"0.51","0.22","0.27","0.143827798183859","1,2,3,1,3,2,3,3,2,3,1,4,3,3,2,4,5","0.000488042831420898","louvain","graph_2024M08.graphml"
"0.5","0.23","0.27","0.141574707709401","1,2,3,1,3,2,3,4,2,3,1,4,3,3,2,4,5","0.000478982925415039","louvain","graph_2024M08.graphml"
"0.49","0.24","0.27","0.143020458414206","1,2,3,1,3,2,3,3,2,3,1,4,3,3,2,3,5","0.000535011291503906","louvain","graph_2024M08.graphml"
"0.48","0.25","0.27","0.145297603870623","1,2,3,1,3,2,3,3,2,3,1,4,3,3,2,4,5","0.000557899475097656","louvain","graph_2024M08.graphml"
"0.47","0.26","0.27","0.146493898665875","1,2,3,1,3,2,3,3,2,3,1,4,3,3,2,4,5","0.00052189826965332","louvain","graph_2024M08.graphml"
"0.46","0.27","0.27","0.146493898665875","1,2,3,1,3,2,3,3,2,3,1,4,3,3,2,4,5","0.000531911849975586","louvain","graph_2024M08.graphml"
"0.45","0.28","0.27","0.146877000457247","1,2,3,1,3,2,3,3,2,3,1,4,3,3,2,4,5","0.0004730224609375","louvain","graph_2024M08.graphml"
"0.44","0.29","0.27","0.14403648678833","1,2,3,1,3,2,3,3,2,3,1,4,3,3,2,4,5","0.000502109527587891","louvain","graph_2024M08.graphml"
"0.43","0.3","0.27","0.143805931337091","1,2,3,1,3,2,3,3,2,3,1,4,3,3,2,4,5","0.000512123107910156","louvain","graph_2024M08.graphml"
"0.42","0.31","0.27","0.144946454259683","1,2,3,1,3,2,3,3,2,3,1,4,3,3,2,4,5","0.000577926635742188","louvain","graph_2024M08.graphml"
"0.41","0.32","0.27","0.143457256878807","1,2,3,1,3,2,3,3,2,3,1,4,3,3,2,4,5","0.000517845153808594","louvain","graph_2024M08.graphml"
"0.4","0.33","0.27","0.143457256878807","1,2,3,1,3,2,3,3,2,3,1,4,3,3,2,4,5","0.000504016876220703","louvain","graph_2024M08.graphml"
"0.39","0.34","0.27","0.144453240569527","1,2,3,1,3,2,3,3,2,3,1,4,3,3,2,4,5","0.000507831573486328","louvain","graph_2024M08.graphml"
"0.38","0.35","0.27","0.143605978526531","1,2,3,1,3,2,3,3,2,3,1,4,3,3,2,4,5","0.000505924224853516","louvain","graph_2024M08.graphml"
"0.37","0.36","0.27","0.143812527185733","1,2,3,1,3,2,3,3,2,3,4,4,3,1,2,3,5","0.000638961791992188","louvain","graph_2024M08.graphml"
"0.36","0.37","0.27","0.143909823493052","1,2,3,1,3,2,3,3,2,3,3,4,3,1,2,4,5","0.000504970550537109","louvain","graph_2024M08.graphml"
"0.35","0.38","0.27","0.143358478004525","1,2,3,1,3,2,3,3,2,3,3,3,3,1,2,4,5","0.000493049621582031","louvain","graph_2024M08.graphml"
"0.34","0.39","0.27","0.143358478004525","1,2,3,1,3,2,3,3,2,3,3,3,3,1,2,4,5","0.000517129898071289","louvain","graph_2024M08.graphml"
"0.33","0.4","0.27","0.142997396760413","1,2,3,1,4,2,3,3,2,4,4,4,3,1,2,3,5","0.000491857528686523","louvain","graph_2024M08.graphml"
"0.32","0.41","0.27","0.142668512110727","1,2,3,1,4,2,3,3,2,4,4,4,3,1,2,2,5","0.000522136688232422","louvain","graph_2024M08.graphml"
"0.31","0.42","0.27","0.145533998602498","1,2,3,1,4,4,3,3,4,2,1,2,3,1,4,2,5","0.000612020492553711","louvain","graph_2024M08.graphml"
"0.3","0.43","0.27","0.145657761042376","1,2,3,1,4,2,3,3,2,4,4,4,3,1,2,2,5","0.000524044036865234","louvain","graph_2024M08.graphml"
"0.29","0.44","0.27","0.143910723994811","1,2,3,1,4,2,3,3,2,4,4,4,3,1,2,2,5","0.000508785247802734","louvain","graph_2024M08.graphml"
"0.28","0.45","0.27","0.143910723994811","1,2,3,1,4,2,3,3,2,4,4,4,3,1,2,2,5","0.000478982925415039","louvain","graph_2024M08.graphml"
"0.27","0.46","0.27","0.145015683173709","1,2,3,1,3,2,3,3,2,3,3,4,3,1,2,3,5","0.000498056411743164","louvain","graph_2024M08.graphml"
"0.26","0.47","0.27","0.145015683173709","1,2,3,1,3,2,3,3,2,3,3,4,3,1,2,3,5","0.000571012496948242","louvain","graph_2024M08.graphml"
"0.25","0.48","0.27","0.143705302224724","1,2,3,1,4,2,4,3,2,4,3,5,3,1,2,4,6","0.000499963760375977","louvain","graph_2024M08.graphml"
"0.24","0.49","0.27","0.143801734742812","1,2,3,1,4,2,3,3,2,4,4,4,3,1,2,3,5","0.000487089157104492","louvain","graph_2024M08.graphml"
"0.23","0.5","0.27","0.144631095068413","1,2,3,1,4,2,3,3,2,4,4,4,3,1,2,3,1","0.000513792037963867","louvain","graph_2024M08.graphml"
"0.22","0.51","0.27","0.145779160950841","1,2,3,1,4,2,3,3,2,4,4,4,3,1,2,3,1","0.000504016876220703","louvain","graph_2024M08.graphml"
"0.21","0.52","0.27","0.146586620404188","1,2,3,1,4,2,4,3,2,4,3,5,3,1,2,4,1","0.000511884689331055","louvain","graph_2024M08.graphml"
"0.2","0.53","0.27","0.14819903007372","1,2,3,1,4,2,4,3,2,4,3,4,3,1,2,4,1","0.000522136688232422","louvain","graph_2024M08.graphml"
"0.19","0.54","0.27","0.147523456790123","1,2,3,2,4,1,4,4,2,4,3,4,3,1,3,4,1","0.000523090362548828","louvain","graph_2024M08.graphml"
"0.18","0.55","0.27","0.148741581173154","1,2,3,2,3,1,3,3,2,3,3,4,3,1,2,4,1","0.000496149063110352","louvain","graph_2024M08.graphml"
"0.17","0.56","0.27","0.146901451690715","1,2,3,2,3,1,3,3,2,3,4,3,4,1,4,3,1","0.000506877899169922","louvain","graph_2024M08.graphml"
"0.16","0.57","0.27","0.146065807603485","1,2,3,2,3,1,3,3,2,3,4,3,4,1,4,3,1","0.00050806999206543","louvain","graph_2024M08.graphml"
"0.15","0.58","0.27","0.146258945060018","1,2,3,2,3,1,3,3,2,3,4,3,4,1,4,3,1","0.000557899475097656","louvain","graph_2024M08.graphml"
"0.14","0.59","0.27","0.148597948170325","1,2,3,2,4,1,4,4,2,4,3,4,3,1,3,4,1","0.000571966171264648","louvain","graph_2024M08.graphml"
"0.13","0.6","0.27","0.148060337666899","1,2,3,2,4,1,4,4,2,4,3,4,3,1,3,4,1","0.00063014030456543","louvain","graph_2024M08.graphml"
"0.12","0.61","0.27","0.148003214179548","1,2,3,2,4,1,4,4,2,4,3,4,3,1,3,4,1","0.000538110733032227","louvain","graph_2024M08.graphml"
"0.11","0.62","0.27","0.147873941289592","1,2,3,2,4,1,4,4,2,4,3,4,3,1,3,4,1","0.000572919845581055","louvain","graph_2024M08.graphml"
"0.1","0.63","0.27","0.147089180624717","1,2,3,2,4,1,4,4,2,4,3,4,3,1,3,4,1","0.00049901008605957","louvain","graph_2024M08.graphml"
"0.09","0.64","0.27","0.148652955328928","1,2,3,1,4,1,3,3,2,3,4,3,4,1,4,2,1","0.000524997711181641","louvain","graph_2024M08.graphml"
"0.08","0.65","0.27","0.15021163434903","1,2,3,1,4,1,3,3,2,3,4,3,4,1,4,2,1","0.000509023666381836","louvain","graph_2024M08.graphml"
"0.07","0.66","0.27","0.148123046883513","1,2,3,1,4,1,3,3,2,3,1,3,4,1,2,4,1","0.0014798641204834","louvain","graph_2024M08.graphml"
"0.06","0.67","0.27","0.148123046883513","1,2,3,1,4,1,3,3,2,3,1,3,4,1,2,4,1","0.000578165054321289","louvain","graph_2024M08.graphml"
"0.05","0.68","0.27","0.149001736111111","1,2,3,1,4,1,3,3,2,3,4,3,4,1,2,3,1","0.000522136688232422","louvain","graph_2024M08.graphml"
"0.04","0.69","0.27","0.150116052402955","1,2,3,1,4,1,3,3,2,3,4,3,4,1,2,3,1","0.000715017318725586","louvain","graph_2024M08.graphml"
"0.03","0.7","0.27","0.149821135851376","1,2,3,1,3,1,3,3,2,3,1,3,3,1,2,3,1","0.000519037246704102","louvain","graph_2024M08.graphml"
"0.02","0.71","0.27","0.151324582892368","1,2,3,1,4,1,3,3,2,3,4,3,4,1,2,3,1","0.000502109527587891","louvain","graph_2024M08.graphml"
"0.01","0.72","0.27","0.150391362239247","1,2,3,1,4,1,3,3,2,3,4,3,4,1,2,3,1","0.000497102737426758","louvain","graph_2024M08.graphml"
"0","0.73","0.27","0.151466141185802","1,2,3,1,4,1,3,3,2,3,4,3,4,1,2,3,1","0.000520944595336914","louvain","graph_2024M08.graphml"
"0.72","0","0.28","0.141967146417129","1,2,2,1,3,4,3,3,4,2,3,3,3,1,4,3,5","0.0004730224609375","louvain","graph_2024M08.graphml"
"0.71","0.01","0.28","0.13905870620881","1,2,3,1,4,4,3,3,4,2,3,3,3,1,4,3,5","0.000514030456542969","louvain","graph_2024M08.graphml"
"0.7","0.02","0.28","0.137566574905304","1,2,3,1,4,4,3,3,4,2,3,3,3,1,4,3,5","0.000516891479492188","louvain","graph_2024M08.graphml"
"0.69","0.03","0.28","0.138847979639109","1,2,3,1,4,4,3,3,4,2,3,3,3,1,4,3,5","0.000489950180053711","louvain","graph_2024M08.graphml"
"0.68","0.04","0.28","0.138428729062924","1,2,2,1,3,4,3,3,4,2,3,3,3,1,4,3,5","0.000509023666381836","louvain","graph_2024M08.graphml"
"0.67","0.05","0.28","0.140671502649002","1,2,2,1,3,4,3,3,4,2,3,3,3,1,4,3,5","0.000488996505737305","louvain","graph_2024M08.graphml"
"0.66","0.06","0.28","0.136666806640352","1,2,3,3,4,4,3,5,4,2,3,5,3,1,4,5,6","0.000571012496948242","louvain","graph_2024M08.graphml"
"0.65","0.07","0.28","0.140326947320561","1,2,3,1,4,2,4,4,2,3,4,4,4,1,2,4,5","0.000487089157104492","louvain","graph_2024M08.graphml"
"0.64","0.08","0.28","0.136115375126778","1,2,3,1,2,2,3,4,2,3,3,4,3,3,2,4,5","0.000468015670776367","louvain","graph_2024M08.graphml"
"0.63","0.09","0.28","0.138627794053819","1,2,3,1,2,2,3,4,2,3,3,4,3,3,2,4,5","0.000509023666381836","louvain","graph_2024M08.graphml"
"0.62","0.1","0.28","0.142698600101198","1,2,3,1,4,2,4,4,2,3,4,4,4,1,2,4,5","0.000462055206298828","louvain","graph_2024M08.graphml"
"0.61","0.11","0.28","0.140750457636415","1,2,3,1,4,2,4,4,2,3,4,4,4,1,2,4,5","0.000466108322143555","louvain","graph_2024M08.graphml"
"0.6","0.12","0.28","0.136959465204963","1,2,3,1,2,2,3,3,2,3,3,3,3,1,2,3,4","0.000478029251098633","louvain","graph_2024M08.graphml"
"0.59","0.13","0.28","0.137690024989588","1,2,3,1,3,2,3,3,2,3,3,3,3,1,2,3,4","0.000472068786621094","louvain","graph_2024M08.graphml"
"0.58","0.14","0.28","0.138540877571237","1,2,3,1,4,2,4,4,2,3,4,4,4,1,2,4,5","0.000483036041259766","louvain","graph_2024M08.graphml"
"0.57","0.15","0.28","0.141130369350066","1,2,3,1,4,2,4,4,2,3,1,4,4,1,2,4,5","0.000484943389892578","louvain","graph_2024M08.graphml"
"0.56","0.16","0.28","0.142265457606367","1,2,3,1,3,2,3,3,2,3,1,4,3,3,2,4,5","0.000492095947265625","louvain","graph_2024M08.graphml"
"0.55","0.17","0.28","0.143224688945428","1,2,3,1,3,2,3,3,2,3,1,4,3,3,2,4,5","0.00050806999206543","louvain","graph_2024M08.graphml"
"0.54","0.18","0.28","0.143441310042022","1,2,3,1,3,2,3,3,2,3,1,4,3,3,2,4,5","0.000507831573486328","louvain","graph_2024M08.graphml"
"0.53","0.19","0.28","0.145571234009739","1,2,3,1,3,2,3,3,2,3,1,4,3,3,2,4,5","0.000527858734130859","louvain","graph_2024M08.graphml"
"0.52","0.2","0.28","0.142713765862729","1,2,3,1,3,2,3,3,2,3,1,4,3,3,2,4,5","0.000524997711181641","louvain","graph_2024M08.graphml"
"0.51","0.21","0.28","0.143133174791914","1,2,3,1,3,2,3,3,2,3,1,4,3,3,2,4,5","0.000700235366821289","louvain","graph_2024M08.graphml"
"0.5","0.22","0.28","0.143181108227605","1,2,3,1,3,2,3,3,2,3,1,4,3,3,2,4,5","0.000524997711181641","louvain","graph_2024M08.graphml"
"0.49","0.23","0.28","0.142953599048186","1,2,3,1,3,2,3,3,2,3,1,4,3,3,2,4,5","0.000503063201904297","louvain","graph_2024M08.graphml"
"0.48","0.24","0.28","0.13913599302479","1,2,3,1,3,2,3,3,2,4,1,3,3,1,2,4,5","0.000535964965820312","louvain","graph_2024M08.graphml"
"0.47","0.25","0.28","0.139171340371383","1,2,3,1,4,2,3,3,2,4,1,3,3,1,2,3,5","0.000570058822631836","louvain","graph_2024M08.graphml"
"0.46","0.26","0.28","0.142398305678079","1,2,3,1,3,2,3,3,2,3,1,4,3,3,2,4,5","0.000491142272949219","louvain","graph_2024M08.graphml"
"0.45","0.27","0.28","0.142708140717456","1,2,3,1,3,2,3,3,2,3,1,4,3,3,2,4,5","0.000576972961425781","louvain","graph_2024M08.graphml"
"0.44","0.28","0.28","0.143812527185733","1,2,3,1,3,2,3,3,2,3,4,4,3,1,2,3,5","0.000519037246704102","louvain","graph_2024M08.graphml"
"0.43","0.29","0.28","0.143812527185733","1,2,3,1,3,2,3,3,2,3,4,4,3,1,2,3,5","0.000519990921020508","louvain","graph_2024M08.graphml"
"0.42","0.3","0.28","0.142619047619048","1,2,3,1,3,2,3,3,2,3,3,3,3,1,2,3,4","0.000520944595336914","louvain","graph_2024M08.graphml"
"0.41","0.31","0.28","0.142619047619048","1,2,3,1,3,2,3,3,2,3,3,3,3,1,2,3,4","0.000541925430297852","louvain","graph_2024M08.graphml"
"0.4","0.32","0.28","0.141617910077239","1,2,3,1,3,2,3,3,2,3,3,3,3,1,2,3,4","0.000497102737426758","louvain","graph_2024M08.graphml"
"0.39","0.33","0.28","0.141965557137771","1,2,3,1,3,2,3,3,2,3,3,3,3,1,2,3,4","0.00051116943359375","louvain","graph_2024M08.graphml"
"0.38","0.34","0.28","0.142572571579713","1,2,3,1,3,2,3,3,2,3,3,3,3,1,2,3,4","0.000526905059814453","louvain","graph_2024M08.graphml"
"0.37","0.35","0.28","0.14374890820159","1,2,3,1,3,2,3,3,2,3,3,3,3,1,2,2,4","0.00048518180847168","louvain","graph_2024M08.graphml"
"0.36","0.36","0.28","0.144286100594916","1,2,3,1,3,2,3,3,2,3,3,3,3,1,2,2,4","0.000553131103515625","louvain","graph_2024M08.graphml"
"0.35","0.37","0.28","0.143264732640328","1,2,3,1,3,2,3,3,2,3,3,3,3,1,2,2,4","0.000527858734130859","louvain","graph_2024M08.graphml"
"0.34","0.38","0.28","0.144245471341502","1,2,3,1,4,2,3,3,2,4,3,4,3,1,2,2,5","0.000476837158203125","louvain","graph_2024M08.graphml"
"0.33","0.39","0.28","0.142093994613248","1,2,3,1,4,2,3,3,2,4,3,4,3,1,2,2,5","0.00049901008605957","louvain","graph_2024M08.graphml"
"0.32","0.4","0.28","0.141962831663778","1,2,3,1,4,2,3,3,2,4,4,4,3,1,2,3,5","0.000482082366943359","louvain","graph_2024M08.graphml"
"0.31","0.41","0.28","0.142602843977398","1,2,3,1,4,2,4,3,2,4,3,4,3,1,2,4,1","0.000528097152709961","louvain","graph_2024M08.graphml"
"0.3","0.42","0.28","0.144631095068413","1,2,3,1,4,2,3,3,2,4,4,4,3,1,2,3,1","0.000494956970214844","louvain","graph_2024M08.graphml"
"0.29","0.43","0.28","0.144631095068413","1,2,3,1,4,2,3,3,2,4,4,4,3,1,2,3,1","0.000486135482788086","louvain","graph_2024M08.graphml"
"0.28","0.44","0.28","0.144125575162166","1,2,3,1,3,2,3,3,2,3,3,4,3,1,2,3,1","0.000644922256469727","louvain","graph_2024M08.graphml"
"0.27","0.45","0.28","0.142866970022777","1,2,3,4,5,4,2,3,4,2,3,5,3,1,4,2,1","0.00055694580078125","louvain","graph_2024M08.graphml"
"0.26","0.46","0.28","0.146447357226151","1,2,3,2,3,1,3,3,2,3,3,4,3,1,2,3,1","0.000515937805175781","louvain","graph_2024M08.graphml"
"0.25","0.47","0.28","0.146841975308642","1,2,3,2,3,1,3,3,2,3,3,3,3,1,2,3,1","0.000608921051025391","louvain","graph_2024M08.graphml"
"0.24","0.48","0.28","0.145552381748369","1,2,3,2,3,1,3,3,2,3,3,3,3,1,2,3,1","0.000514030456542969","louvain","graph_2024M08.graphml"
"0.23","0.49","0.28","0.145770518443104","1,2,3,2,4,1,4,4,2,4,3,4,3,1,3,4,1","0.000566959381103516","louvain","graph_2024M08.graphml"
"0.22","0.5","0.28","0.147076440043473","1,2,3,2,3,1,3,3,2,3,4,3,4,1,4,3,1","0.000511884689331055","louvain","graph_2024M08.graphml"
"0.21","0.51","0.28","0.146258945060018","1,2,3,2,3,1,3,3,2,3,4,3,4,1,4,3,1","0.000535011291503906","louvain","graph_2024M08.graphml"
"0.2","0.52","0.28","0.143757624085703","1,2,3,2,3,1,3,3,2,3,4,3,4,1,4,3,1","0.000542879104614258","louvain","graph_2024M08.graphml"
"0.19","0.53","0.28","0.14529153002533","1,2,3,2,3,1,3,3,2,3,3,3,3,1,2,3,1","0.000512123107910156","louvain","graph_2024M08.graphml"
"0.18","0.54","0.28","0.143954115935088","1,2,3,2,3,1,3,3,2,3,3,3,3,1,3,3,1","0.000483036041259766","louvain","graph_2024M08.graphml"
"0.17","0.55","0.28","0.145180436847103","1,2,3,2,3,1,3,3,2,3,3,3,3,1,2,3,1","0.000530004501342773","louvain","graph_2024M08.graphml"
"0.16","0.56","0.28","0.146489424734272","1,2,2,3,2,1,2,2,3,2,1,2,2,1,3,2,1","0.000549077987670898","louvain","graph_2024M08.graphml"
"0.15","0.57","0.28","0.146484210526316","1,2,2,1,2,1,2,2,3,2,1,2,2,1,3,2,1","0.000564813613891602","louvain","graph_2024M08.graphml"
"0.14","0.58","0.28","0.147726430759978","1,2,3,1,3,1,3,3,2,3,1,3,3,1,2,3,1","0.000509023666381836","louvain","graph_2024M08.graphml"
"0.13","0.59","0.28","0.147726430759978","1,2,3,1,3,1,3,3,2,3,1,3,3,1,2,3,1","0.000525951385498047","louvain","graph_2024M08.graphml"
"0.12","0.6","0.28","0.148272569444444","1,2,3,1,3,1,3,3,2,3,3,3,3,1,2,2,1","0.000510931015014648","louvain","graph_2024M08.graphml"
"0.11","0.61","0.28","0.148370225694444","1,2,3,1,3,1,3,3,2,3,1,3,3,1,2,3,1","0.000499963760375977","louvain","graph_2024M08.graphml"
"0.1","0.62","0.28","0.149653070711592","1,2,3,1,3,1,3,3,2,3,3,3,3,1,2,3,1","0.000507116317749023","louvain","graph_2024M08.graphml"
"0.09","0.63","0.28","0.147588535619152","1,2,3,1,4,1,3,3,2,3,4,3,4,1,2,3,1","0.000489950180053711","louvain","graph_2024M08.graphml"
"0.08","0.64","0.28","0.148240140419242","1,2,3,1,4,1,3,3,2,3,4,3,4,1,2,3,1","0.000515937805175781","louvain","graph_2024M08.graphml"
"0.07","0.65","0.28","0.146476468138276","1,2,3,1,4,1,3,3,2,3,4,3,4,1,2,3,1","0.000503063201904297","louvain","graph_2024M08.graphml"
"0.06","0.66","0.28","0.148931687487607","1,2,3,1,4,1,3,3,2,3,4,3,4,1,2,3,1","0.000517845153808594","louvain","graph_2024M08.graphml"
"0.05","0.67","0.28","0.149615220705142","1,2,3,1,4,1,3,3,2,3,4,3,4,1,2,3,1","0.000514030456542969","louvain","graph_2024M08.graphml"
"0.04","0.68","0.28","0.149615220705142","1,2,3,1,4,1,3,3,2,3,4,3,4,1,2,3,1","0.000504016876220703","louvain","graph_2024M08.graphml"
"0.03","0.69","0.28","0.147770876690947","1,2,3,1,4,1,3,3,2,3,4,3,4,1,2,3,1","0.000524997711181641","louvain","graph_2024M08.graphml"
"0.02","0.7","0.28","0.14799","1,2,3,1,4,1,3,3,2,3,4,3,4,1,2,3,1","0.000519037246704102","louvain","graph_2024M08.graphml"
"0.01","0.71","0.28","0.147274313648153","1,2,3,1,4,1,3,3,2,3,4,3,4,1,2,3,1","0.000522136688232422","louvain","graph_2024M08.graphml"
"0","0.72","0.28","0.14550461388259","1,2,3,1,4,1,3,3,2,3,4,3,4,1,2,4,1","0.000512123107910156","louvain","graph_2024M08.graphml"
"0.71","0","0.29","0.140422935598443","1,2,3,1,4,2,4,4,2,3,4,4,4,1,2,4,5","0.000554800033569336","louvain","graph_2024M08.graphml"
"0.7","0.01","0.29","0.141665988498264","1,2,3,1,4,2,4,4,2,3,4,4,4,1,2,4,5","0.000510931015014648","louvain","graph_2024M08.graphml"
"0.69","0.02","0.29","0.138489941176078","1,2,3,1,4,2,4,4,2,3,4,4,4,1,2,4,5","0.000489950180053711","louvain","graph_2024M08.graphml"
"0.68","0.03","0.29","0.139716627696886","1,2,3,1,4,2,4,4,2,3,4,4,4,1,2,4,5","0.000481843948364258","louvain","graph_2024M08.graphml"
"0.67","0.04","0.29","0.138691919826065","1,2,3,1,4,2,4,4,2,3,4,4,4,1,2,4,5","0.000487089157104492","louvain","graph_2024M08.graphml"
"0.66","0.05","0.29","0.139723865877712","1,2,3,1,4,2,4,4,2,3,4,4,4,1,2,4,5","0.000458955764770508","louvain","graph_2024M08.graphml"
"0.65","0.06","0.29","0.137524078508955","1,2,3,1,4,2,4,4,2,3,4,4,4,1,2,4,5","0.000496864318847656","louvain","graph_2024M08.graphml"
"0.64","0.07","0.29","0.139236388466593","1,2,3,1,3,2,3,3,2,3,1,4,3,3,2,4,5","0.000480890274047852","louvain","graph_2024M08.graphml"
"0.63","0.08","0.29","0.139333440153822","1,2,3,1,4,2,3,3,2,3,1,4,3,3,2,3,5","0.000498056411743164","louvain","graph_2024M08.graphml"
"0.62","0.09","0.29","0.141130369350066","1,2,3,1,4,2,4,4,2,3,1,4,4,1,2,4,5","0.000478029251098633","louvain","graph_2024M08.graphml"
"0.61","0.1","0.29","0.142265457606367","1,2,3,1,3,2,3,3,2,3,1,4,3,3,2,4,5","0.000478029251098633","louvain","graph_2024M08.graphml"
"0.6","0.11","0.29","0.143692564745196","1,2,3,1,3,2,3,3,2,3,1,4,3,3,2,4,5","0.000516891479492188","louvain","graph_2024M08.graphml"
"0.59","0.12","0.29","0.140556545630059","1,2,3,1,3,2,3,3,2,3,1,3,3,1,2,3,4","0.000627040863037109","louvain","graph_2024M08.graphml"
"0.58","0.13","0.29","0.140358600816457","1,2,3,1,3,2,3,3,2,3,1,4,3,3,2,4,5","0.000495195388793945","louvain","graph_2024M08.graphml"
"0.57","0.14","0.29","0.139486937555142","1,2,3,1,3,2,3,3,2,3,1,4,3,3,2,4,5","0.00094294548034668","louvain","graph_2024M08.graphml"
"0.56","0.15","0.29","0.142533308380974","1,2,3,1,3,2,3,3,2,3,1,4,3,3,2,4,5","0.000494956970214844","louvain","graph_2024M08.graphml"
"0.55","0.16","0.29","0.139725970074306","1,2,3,1,3,2,3,3,2,3,1,4,3,3,2,4,5","0.000509023666381836","louvain","graph_2024M08.graphml"
"0.54","0.17","0.29","0.140576397398435","1,2,3,1,3,2,3,3,2,3,1,4,3,3,2,4,5","0.000504016876220703","louvain","graph_2024M08.graphml"
"0.53","0.18","0.29","0.140576397398435","1,2,3,1,3,2,3,3,2,3,1,4,3,3,2,4,5","0.000503063201904297","louvain","graph_2024M08.graphml"
"0.52","0.19","0.29","0.139449080066568","1,2,3,1,3,2,3,3,2,3,3,3,3,1,2,4,5","0.000500917434692383","louvain","graph_2024M08.graphml"
"0.51","0.2","0.29","0.143909823493052","1,2,3,1,3,2,3,3,2,3,3,4,3,1,2,4,5","0.000513792037963867","louvain","graph_2024M08.graphml"
"0.5","0.21","0.29","0.142540199702667","1,2,3,1,3,2,3,3,2,3,3,4,3,1,2,4,5","0.000608205795288086","louvain","graph_2024M08.graphml"
"0.49","0.22","0.29","0.142540199702667","1,2,3,1,3,2,3,3,2,3,3,4,3,1,2,4,5","0.000502824783325195","louvain","graph_2024M08.graphml"
"0.48","0.23","0.29","0.142619047619048","1,2,3,1,3,2,3,3,2,3,3,3,3,1,2,3,4","0.000527143478393555","louvain","graph_2024M08.graphml"
"0.47","0.24","0.29","0.142362592933672","1,2,3,1,3,2,3,3,2,3,3,3,3,1,2,4,5","0.000542879104614258","louvain","graph_2024M08.graphml"
"0.46","0.25","0.29","0.140633343716625","1,2,3,1,3,2,3,3,2,3,3,3,3,1,2,4,5","0.000514030456542969","louvain","graph_2024M08.graphml"
"0.45","0.26","0.29","0.140633343716625","1,2,3,1,3,2,3,3,2,3,3,3,3,1,2,4,5","0.000505924224853516","louvain","graph_2024M08.graphml"
"0.44","0.27","0.29","0.142572571579713","1,2,3,1,3,2,3,3,2,3,3,3,3,1,2,3,4","0.000499963760375977","louvain","graph_2024M08.graphml"
"0.43","0.28","0.29","0.14120353865814","1,2,3,1,3,2,3,3,2,3,3,3,3,1,2,3,4","0.000494956970214844","louvain","graph_2024M08.graphml"
"0.42","0.29","0.29","0.139321254732288","1,2,3,1,3,2,3,3,2,3,3,3,3,1,2,2,4","0.000510931015014648","louvain","graph_2024M08.graphml"
"0.41","0.3","0.29","0.139874828532236","1,2,3,1,3,2,3,3,2,3,3,3,3,1,2,2,4","0.000494956970214844","louvain","graph_2024M08.graphml"
"0.4","0.31","0.29","0.14111227858701","1,2,3,1,3,2,3,3,2,3,3,3,3,1,2,2,4","0.000547170639038086","louvain","graph_2024M08.graphml"
"0.39","0.32","0.29","0.14109922050469","1,2,3,1,3,2,3,3,2,3,3,3,3,1,2,2,4","0.000507831573486328","louvain","graph_2024M08.graphml"
"0.38","0.33","0.29","0.141854641865163","1,2,3,4,2,4,3,3,4,2,3,2,3,1,4,2,1","0.000602960586547852","louvain","graph_2024M08.graphml"
"0.37","0.34","0.29","0.141790463934911","1,2,3,1,4,2,3,3,2,4,4,4,3,1,2,3,1","0.000571012496948242","louvain","graph_2024M08.graphml"
"0.36","0.35","0.29","0.142998544844998","1,2,3,1,3,2,3,3,2,3,3,4,3,1,2,4,1","0.000491142272949219","louvain","graph_2024M08.graphml"
"0.35","0.36","0.29","0.142998544844998","1,2,3,1,3,2,3,3,2,3,3,4,3,1,2,4,1","0.00049591064453125","louvain","graph_2024M08.graphml"
"0.34","0.37","0.29","0.143380711792874","1,2,3,1,3,2,3,3,2,3,3,4,3,1,2,3,1","0.000526905059814453","louvain","graph_2024M08.graphml"
"0.33","0.38","0.29","0.141929049362454","1,2,2,3,4,1,2,2,3,2,2,4,2,1,3,2,1","0.000514984130859375","louvain","graph_2024M08.graphml"
"0.32","0.39","0.29","0.145391348738045","1,2,3,2,3,1,3,3,2,3,3,4,3,1,2,3,1","0.000524997711181641","louvain","graph_2024M08.graphml"
"0.31","0.4","0.29","0.144416446346992","1,2,2,3,4,1,2,2,3,2,2,4,2,1,3,2,1","0.000545024871826172","louvain","graph_2024M08.graphml"
"0.3","0.41","0.29","0.146641975308642","1,2,3,2,3,1,3,3,2,3,3,4,3,1,2,3,1","0.00049901008605957","louvain","graph_2024M08.graphml"
"0.29","0.42","0.29","0.145552381748369","1,2,3,2,3,1,3,3,2,3,3,3,3,1,2,3,1","0.000509977340698242","louvain","graph_2024M08.graphml"
"0.28","0.43","0.29","0.147885813975021","1,2,3,2,3,1,3,3,2,3,3,4,3,1,2,3,1","0.000484943389892578","louvain","graph_2024M08.graphml"
"0.27","0.44","0.29","0.145959693395006","1,2,3,2,3,1,3,3,2,3,3,3,3,1,2,3,1","0.000514030456542969","louvain","graph_2024M08.graphml"
"0.26","0.45","0.29","0.144937313768483","1,2,1,2,3,1,3,3,2,3,3,3,3,1,2,3,1","0.000590085983276367","louvain","graph_2024M08.graphml"
"0.25","0.46","0.29","0.14529153002533","1,2,3,2,3,1,3,3,2,3,3,3,3,1,2,3,1","0.000511884689331055","louvain","graph_2024M08.graphml"
"0.24","0.47","0.29","0.144598308861129","1,2,3,2,3,1,3,3,2,3,1,3,3,1,2,3,1","0.000504016876220703","louvain","graph_2024M08.graphml"
"0.23","0.48","0.29","0.145250748996413","1,2,3,2,3,1,3,3,2,3,1,3,3,1,2,3,1","0.000520229339599609","louvain","graph_2024M08.graphml"
"0.22","0.49","0.29","0.141681799569157","1,2,3,1,3,1,3,3,2,3,1,3,3,1,2,3,1","0.000524997711181641","louvain","graph_2024M08.graphml"
"0.21","0.5","0.29","0.143536842105263","1,2,3,1,3,1,3,3,2,3,1,3,3,1,2,3,1","0.000549793243408203","louvain","graph_2024M08.graphml"
"0.2","0.51","0.29","0.144744186455353","1,2,3,1,3,1,3,3,2,3,3,3,3,1,3,2,1","0.000526905059814453","louvain","graph_2024M08.graphml"
"0.19","0.52","0.29","0.145404054550866","1,2,3,1,3,1,3,3,2,3,3,3,3,1,3,2,1","0.000552892684936523","louvain","graph_2024M08.graphml"
"0.18","0.53","0.29","0.147388653292132","1,2,3,1,3,1,3,3,2,3,3,3,3,1,2,3,1","0.000513076782226562","louvain","graph_2024M08.graphml"
"0.17","0.54","0.29","0.145620659722222","1,2,3,1,4,1,3,3,2,3,4,3,4,1,4,2,1","0.000493049621582031","louvain","graph_2024M08.graphml"
"0.16","0.55","0.29","0.14673002156124","1,2,3,1,4,1,3,3,2,3,4,3,4,1,4,2,1","0.000546932220458984","louvain","graph_2024M08.graphml"
"0.15","0.56","0.29","0.146742480603677","1,2,3,1,4,1,3,3,2,3,4,3,4,1,2,3,1","0.000491142272949219","louvain","graph_2024M08.graphml"
"0.14","0.57","0.29","0.144370632894383","1,2,2,1,3,1,4,4,2,4,3,4,3,1,2,4,1","0.000519037246704102","louvain","graph_2024M08.graphml"
"0.13","0.58","0.29","0.145650217146934","1,2,3,1,4,1,3,3,2,3,4,3,4,1,2,3,1","0.000509023666381836","louvain","graph_2024M08.graphml"
"0.12","0.59","0.29","0.146541823649944","1,2,3,1,4,1,3,3,2,3,4,3,4,1,2,3,1","0.00052189826965332","louvain","graph_2024M08.graphml"
"0.11","0.6","0.29","0.146258545046424","1,2,3,1,4,1,3,3,2,3,4,3,4,1,2,3,1","0.000514984130859375","louvain","graph_2024M08.graphml"
"0.1","0.61","0.29","0.145224294354839","1,2,3,1,4,1,3,3,2,3,4,3,4,1,2,3,1","0.000504970550537109","louvain","graph_2024M08.graphml"
"0.09","0.62","0.29","0.145224294354839","1,2,3,1,4,1,3,3,2,3,4,3,4,1,2,3,1","0.000535964965820312","louvain","graph_2024M08.graphml"
"0.08","0.63","0.29","0.147127923181031","1,2,3,1,4,1,3,3,2,3,4,3,4,1,2,3,1","0.000613212585449219","louvain","graph_2024M08.graphml"
"0.07","0.64","0.29","0.146434","1,2,3,1,4,1,3,3,2,3,4,3,4,1,2,3,1","0.00049901008605957","louvain","graph_2024M08.graphml"
"0.06","0.65","0.29","0.14503142807257","1,2,3,1,4,1,3,3,2,3,4,3,4,1,2,3,1","0.000628948211669922","louvain","graph_2024M08.graphml"
"0.05","0.66","0.29","0.144020455404384","1,2,3,1,4,1,3,3,2,3,3,3,4,1,4,3,1","0.000627040863037109","louvain","graph_2024M08.graphml"
"0.04","0.67","0.29","0.145727553937728","1,2,3,1,4,1,3,3,2,3,4,3,4,1,2,4,1","0.000511884689331055","louvain","graph_2024M08.graphml"
"0.03","0.68","0.29","0.143738830713175","1,2,3,1,4,1,3,3,2,3,3,3,4,1,4,3,1","0.00053715705871582","louvain","graph_2024M08.graphml"
"0.02","0.69","0.29","0.143043060361399","1,2,3,1,4,1,3,3,2,3,3,3,4,1,4,3,1","0.000633001327514648","louvain","graph_2024M08.graphml"
"0.01","0.7","0.29","0.14219856262207","1,2,3,1,4,1,4,4,2,4,4,4,3,1,3,4,1","0.000523090362548828","louvain","graph_2024M08.graphml"
"0","0.71","0.29","0.14431224085091","1,2,3,1,4,4,4,4,2,4,4,3,4,1,4,4,1","0.000822067260742188","louvain","graph_2024M08.graphml"
"0.7","0","0.3","0.138249519258784","1,2,3,1,3,2,3,3,2,3,1,4,3,3,2,4,5","0.000658035278320312","louvain","graph_2024M08.graphml"
"0.69","0.01","0.3","0.138843438377696","1,2,3,1,4,2,3,3,2,3,1,4,3,3,2,5,6","0.000488996505737305","louvain","graph_2024M08.graphml"
"0.68","0.02","0.3","0.139236388466593","1,2,3,1,3,2,3,3,2,3,1,4,3,3,2,4,5","0.000479936599731445","louvain","graph_2024M08.graphml"
"0.67","0.03","0.3","0.137336700315337","1,2,3,1,3,2,3,3,2,3,1,4,3,3,2,4,5","0.000458002090454102","louvain","graph_2024M08.graphml"
"0.66","0.04","0.3","0.138547023961294","1,2,3,1,4,2,4,4,2,3,1,4,4,4,2,3,5","0.000487089157104492","louvain","graph_2024M08.graphml"
"0.65","0.05","0.3","0.137279953697147","1,2,3,1,3,2,3,3,2,3,1,3,3,3,2,3,4","0.00051116943359375","louvain","graph_2024M08.graphml"
"0.64","0.06","0.3","0.137832687971767","1,2,3,1,3,2,4,4,2,3,4,4,4,1,2,4,5","0.000500917434692383","louvain","graph_2024M08.graphml"
"0.63","0.07","0.3","0.137039260856779","1,2,3,1,3,2,3,4,2,3,3,4,3,3,2,4,5","0.00049591064453125","louvain","graph_2024M08.graphml"
"0.62","0.08","0.3","0.140468701893763","1,2,3,1,4,2,3,3,2,4,3,5,3,3,2,5,6","0.000490903854370117","louvain","graph_2024M08.graphml"
"0.61","0.09","0.3","0.139162221261053","1,2,3,1,4,2,3,3,2,4,3,5,3,3,2,5,6","0.000498056411743164","louvain","graph_2024M08.graphml"
"0.6","0.1","0.3","0.138497917906008","1,2,3,1,4,2,3,3,2,4,3,3,3,1,2,3,5","0.000586032867431641","louvain","graph_2024M08.graphml"
"0.59","0.11","0.3","0.138558653030446","1,2,3,1,4,2,3,3,2,4,3,3,3,1,2,3,5","0.000478029251098633","louvain","graph_2024M08.graphml"
"0.58","0.12","0.3","0.138766684494131","1,2,3,1,4,2,4,3,2,4,3,3,3,1,2,3,5","0.000503778457641602","louvain","graph_2024M08.graphml"
"0.57","0.13","0.3","0.140578855795426","1,2,3,1,3,2,3,3,2,3,3,4,3,1,2,4,5","0.000494956970214844","louvain","graph_2024M08.graphml"
"0.56","0.14","0.3","0.141318402150819","1,2,3,1,3,2,3,3,2,3,3,3,3,1,2,3,4","0.000600099563598633","louvain","graph_2024M08.graphml"
"0.55","0.15","0.3","0.14156179138322","1,2,3,1,3,2,3,3,2,3,3,4,3,1,2,4,5","0.000514030456542969","louvain","graph_2024M08.graphml"
"0.54","0.16","0.3","0.141913366725815","1,2,3,1,3,2,3,3,2,3,3,4,3,1,2,4,5","0.000707864761352539","louvain","graph_2024M08.graphml"
"0.53","0.17","0.3","0.13992980455935","1,2,3,1,3,2,3,3,2,3,3,3,3,1,2,3,4","0.000512838363647461","louvain","graph_2024M08.graphml"
"0.52","0.18","0.3","0.13992980455935","1,2,3,1,3,2,3,3,2,3,3,3,3,1,2,3,4","0.000551939010620117","louvain","graph_2024M08.graphml"
"0.51","0.19","0.3","0.140944173387209","1,2,3,1,3,2,3,3,2,3,3,4,3,1,2,4,5","0.000511884689331055","louvain","graph_2024M08.graphml"
"0.5","0.2","0.3","0.14120353865814","1,2,3,1,3,2,3,3,2,3,3,3,3,1,2,3,4","0.000501871109008789","louvain","graph_2024M08.graphml"
"0.49","0.21","0.3","0.139189093734548","1,2,3,1,4,2,3,3,2,4,3,4,3,1,2,4,5","0.000496149063110352","louvain","graph_2024M08.graphml"
"0.48","0.22","0.3","0.137999903101297","1,2,3,1,3,2,3,3,2,3,3,3,3,1,2,2,4","0.000514984130859375","louvain","graph_2024M08.graphml"
"0.47","0.23","0.3","0.137999903101297","1,2,3,1,3,2,3,3,2,3,3,3,3,1,2,2,4","0.000524044036865234","louvain","graph_2024M08.graphml"
"0.46","0.24","0.3","0.14111227858701","1,2,3,1,3,2,3,3,2,3,3,3,3,1,2,2,4","0.000517129898071289","louvain","graph_2024M08.graphml"
"0.45","0.25","0.3","0.141569560047562","1,2,3,1,3,2,3,3,2,3,3,3,3,1,2,2,1","0.000525951385498047","louvain","graph_2024M08.graphml"
"0.44","0.26","0.3","0.141009797401673","1,2,3,1,3,2,3,3,2,3,3,3,3,1,2,2,1","0.000470876693725586","louvain","graph_2024M08.graphml"
"0.43","0.27","0.3","0.141009797401673","1,2,3,1,3,2,3,3,2,3,3,3,3,1,2,2,1","0.000483036041259766","louvain","graph_2024M08.graphml"
"0.42","0.28","0.3","0.141455783230681","1,2,3,1,3,2,3,3,2,3,3,3,3,1,2,2,1","0.000634908676147461","louvain","graph_2024M08.graphml"
"0.41","0.29","0.3","0.141630650921192","1,2,3,1,3,2,3,3,2,3,3,3,3,1,2,3,1","0.000474929809570312","louvain","graph_2024M08.graphml"
"0.4","0.3","0.3","0.142080074001086","1,2,3,4,3,1,2,3,4,2,3,3,3,1,4,2,1","0.000473976135253906","louvain","graph_2024M08.graphml"
"0.39","0.31","0.3","0.141935387436224","1,2,3,2,3,1,3,3,2,3,3,4,3,1,2,3,1","0.000491857528686523","louvain","graph_2024M08.graphml"
"0.38","0.32","0.3","0.143837037037037","1,2,3,2,3,1,3,3,2,3,3,4,3,1,2,3,1","0.000593900680541992","louvain","graph_2024M08.graphml"
"0.37","0.33","0.3","0.146297215844563","1,2,3,2,3,1,3,3,2,3,3,4,3,1,2,3,1","0.000488042831420898","louvain","graph_2024M08.graphml"
"0.36","0.34","0.3","0.147452109800252","1,2,3,2,3,1,3,3,2,3,3,4,3,1,2,3,1","0.000625133514404297","louvain","graph_2024M08.graphml"
"0.35","0.35","0.3","0.145153966912209","1,2,3,1,3,1,3,3,2,3,3,3,3,1,2,3,1","0.000504970550537109","louvain","graph_2024M08.graphml"
"0.34","0.36","0.3","0.142847224549794","1,2,3,4,3,1,2,3,4,2,3,3,3,1,4,2,1","0.000516891479492188","louvain","graph_2024M08.graphml"
"0.33","0.37","0.3","0.142741187929663","1,2,1,2,3,1,3,3,2,3,3,3,3,1,2,3,1","0.000559091567993164","louvain","graph_2024M08.graphml"
"0.32","0.38","0.3","0.143374843050168","1,2,1,2,3,1,3,3,2,3,3,3,3,1,2,3,1","0.000504970550537109","louvain","graph_2024M08.graphml"
"0.31","0.39","0.3","0.142121762008499","1,2,1,2,3,1,3,3,2,3,3,3,3,1,2,3,1","0.000568866729736328","louvain","graph_2024M08.graphml"
"0.3","0.4","0.3","0.142018357799792","1,2,3,2,3,1,3,3,2,3,1,3,3,1,2,3,1","0.00050806999206543","louvain","graph_2024M08.graphml"
"0.29","0.41","0.3","0.141443646575701","1,2,3,2,3,1,3,3,2,3,1,3,3,1,2,3,1","0.000588893890380859","louvain","graph_2024M08.graphml"
"0.28","0.42","0.3","0.14234459833795","1,2,3,1,3,1,3,3,2,3,1,3,3,1,2,3,1","0.000526905059814453","louvain","graph_2024M08.graphml"
"0.27","0.43","0.3","0.141965650969529","1,2,3,1,3,1,3,3,2,3,3,3,3,1,2,3,1","0.000500917434692383","louvain","graph_2024M08.graphml"
"0.26","0.44","0.3","0.144970531228986","1,2,3,1,3,1,3,3,2,3,3,3,3,1,2,3,1","0.000506877899169922","louvain","graph_2024M08.graphml"
"0.25","0.45","0.3","0.145832697730571","1,2,3,1,3,1,3,3,2,3,1,3,3,1,2,3,1","0.000500917434692383","louvain","graph_2024M08.graphml"
"0.24","0.46","0.3","0.145752066980182","1,2,3,1,3,1,3,3,2,3,3,3,3,1,2,2,1","0.000483036041259766","louvain","graph_2024M08.graphml"
"0.23","0.47","0.3","0.144594184027778","1,2,3,1,3,1,3,3,2,3,1,3,3,1,2,3,1","0.000490188598632812","louvain","graph_2024M08.graphml"
"0.22","0.48","0.3","0.146280625333586","1,2,3,1,3,1,3,3,2,3,1,3,3,1,2,3,1","0.000483036041259766","louvain","graph_2024M08.graphml"
"0.21","0.49","0.3","0.143889831362537","1,2,3,1,2,1,3,3,2,3,4,3,4,1,4,2,1","0.000463008880615234","louvain","graph_2024M08.graphml"
"0.2","0.5","0.3","0.143086554505878","1,2,3,1,2,1,3,3,2,3,4,3,4,1,4,2,1","0.000510931015014648","louvain","graph_2024M08.graphml"
"0.19","0.51","0.3","0.143030355608434","1,2,3,1,4,1,3,3,2,3,4,3,4,1,2,3,1","0.000612020492553711","louvain","graph_2024M08.graphml"
"0.18","0.52","0.3","0.142003877155392","1,2,2,1,3,1,4,4,2,4,3,4,3,1,2,4,1","0.000503063201904297","louvain","graph_2024M08.graphml"
"0.17","0.53","0.3","0.142952084417274","1,2,3,1,4,1,3,3,2,3,4,3,4,1,2,3,1","0.000520944595336914","louvain","graph_2024M08.graphml"
"0.16","0.54","0.3","0.144510928751584","1,2,3,1,4,1,3,3,2,3,4,3,4,1,2,3,1","0.00068211555480957","louvain","graph_2024M08.graphml"
"0.15","0.55","0.3","0.144031951097563","1,2,3,1,4,1,3,3,2,3,4,3,4,1,2,3,1","0.00053095817565918","louvain","graph_2024M08.graphml"
"0.14","0.56","0.3","0.144913072638263","1,2,3,1,4,1,3,3,2,3,4,3,4,1,2,3,1","0.000519990921020508","louvain","graph_2024M08.graphml"
"0.13","0.57","0.3","0.144913072638263","1,2,3,1,4,1,3,3,2,3,4,3,4,1,2,3,1","0.000531196594238281","louvain","graph_2024M08.graphml"
"0.12","0.58","0.3","0.143531300672109","1,2,3,1,4,1,3,3,2,3,4,3,4,1,2,3,1","0.000496149063110352","louvain","graph_2024M08.graphml"
"0.11","0.59","0.3","0.143082050779335","1,2,3,1,4,1,3,3,2,3,4,3,4,1,2,4,1","0.000553131103515625","louvain","graph_2024M08.graphml"
"0.1","0.6","0.3","0.142057889231553","1,2,3,1,4,1,3,3,2,3,3,3,4,1,4,3,1","0.000543832778930664","louvain","graph_2024M08.graphml"
"0.09","0.61","0.3","0.142509485450496","1,2,3,1,3,1,3,3,2,3,3,3,3,1,2,3,1","0.00053095817565918","louvain","graph_2024M08.graphml"
"0.08","0.62","0.3","0.142057889231553","1,2,3,1,4,1,3,3,2,3,3,3,4,1,4,3,1","0.000545978546142578","louvain","graph_2024M08.graphml"
"0.07","0.63","0.3","0.139925003051758","1,2,3,1,3,1,3,3,2,3,4,3,4,1,4,3,1","0.000526905059814453","louvain","graph_2024M08.graphml"
"0.06","0.64","0.3","0.144364219059289","1,2,3,1,3,1,3,3,2,3,3,3,3,1,2,3,1","0.000566005706787109","louvain","graph_2024M08.graphml"
"0.05","0.65","0.3","0.147133689122106","1,2,3,1,3,4,3,3,2,4,3,3,3,1,1,3,1","0.000676155090332031","louvain","graph_2024M08.graphml"
"0.04","0.66","0.3","0.145465976331361","1,2,3,1,4,4,4,4,2,4,4,3,4,1,1,4,1","0.000519990921020508","louvain","graph_2024M08.graphml"
"0.03","0.67","0.3","0.145465976331361","1,2,3,1,4,4,4,4,2,4,4,3,4,1,1,4,1","0.000571966171264648","louvain","graph_2024M08.graphml"
"0.02","0.68","0.3","0.144592025522988","1,2,3,1,3,4,3,3,2,4,3,3,3,1,1,3,1","0.000532865524291992","louvain","graph_2024M08.graphml"
"0.01","0.69","0.3","0.143349983374055","1,2,3,1,4,4,4,4,2,4,4,3,4,1,1,4,1","0.00069117546081543","louvain","graph_2024M08.graphml"
"0","0.7","0.3","0.142355730601469","1,2,3,1,3,4,3,3,2,4,3,3,3,1,1,3,1","0.000550031661987305","louvain","graph_2024M08.graphml"
"0.69","0","0.31","0.138363054412437","1,2,3,1,4,2,3,4,2,4,3,4,3,3,2,4,5","0.00055384635925293","louvain","graph_2024M08.graphml"
"0.68","0.01","0.31","0.140994449250288","1,2,3,1,3,2,4,4,2,3,4,4,4,1,2,4,5","0.000478982925415039","louvain","graph_2024M08.graphml"
"0.67","0.02","0.31","0.139510763326379","1,2,3,1,4,2,3,5,2,4,3,5,3,3,2,5,6","0.000638961791992188","louvain","graph_2024M08.graphml"
"0.66","0.03","0.31","0.138281765482138","1,2,3,1,4,2,3,3,2,4,3,5,3,3,2,5,6","0.000513076782226562","louvain","graph_2024M08.graphml"
"0.65","0.04","0.31","0.138360871898994","1,2,3,1,4,2,3,3,2,4,3,3,3,1,2,3,5","0.000559091567993164","louvain","graph_2024M08.graphml"
"0.64","0.05","0.31","0.138556305473373","1,2,3,1,4,2,3,3,2,4,3,3,3,1,2,3,5","0.000507116317749023","louvain","graph_2024M08.graphml"
"0.63","0.06","0.31","0.138536652692235","1,2,3,1,3,2,3,3,2,3,3,3,3,1,2,3,4","0.00059199333190918","louvain","graph_2024M08.graphml"
"0.62","0.07","0.31","0.138795351473923","1,2,3,1,3,2,3,3,2,3,3,4,3,1,2,4,5","0.000490903854370117","louvain","graph_2024M08.graphml"
"0.61","0.08","0.31","0.139626271573733","1,2,3,1,3,2,3,3,2,3,3,3,3,1,2,3,4","0.000532865524291992","louvain","graph_2024M08.graphml"
"0.6","0.09","0.31","0.141606447250027","1,2,3,1,3,2,3,3,2,3,3,3,3,1,2,3,4","0.000531911849975586","louvain","graph_2024M08.graphml"
"0.59","0.1","0.31","0.140869749021004","1,2,3,1,4,2,3,3,2,3,3,4,3,1,2,3,5","0.000596046447753906","louvain","graph_2024M08.graphml"
"0.58","0.11","0.31","0.139413148788927","1,2,3,1,4,2,3,3,2,4,3,3,3,1,2,3,5","0.000480890274047852","louvain","graph_2024M08.graphml"
"0.57","0.12","0.31","0.139927593731402","1,2,3,1,3,2,3,3,2,3,3,4,3,1,2,4,5","0.000503063201904297","louvain","graph_2024M08.graphml"
"0.56","0.13","0.31","0.138808743703849","1,2,3,1,4,2,3,3,2,4,3,4,3,1,2,4,5","0.000482082366943359","louvain","graph_2024M08.graphml"
"0.55","0.14","0.31","0.137988101676582","1,2,3,1,4,2,3,3,2,4,3,4,3,1,2,4,5","0.000497102737426758","louvain","graph_2024M08.graphml"
"0.54","0.15","0.31","0.137988101676582","1,2,3,1,4,2,3,3,2,4,3,4,3,1,2,4,5","0.000491857528686523","louvain","graph_2024M08.graphml"
"0.53","0.16","0.31","0.139805535258068","1,2,3,1,4,4,3,3,4,2,3,2,3,1,4,2,1","0.000483989715576172","louvain","graph_2024M08.graphml"
"0.52","0.17","0.31","0.143874136639978","1,2,3,1,3,2,3,3,2,3,3,4,3,1,2,2,1","0.00070500373840332","louvain","graph_2024M08.graphml"
"0.51","0.18","0.31","0.143525309917355","1,2,3,1,3,2,3,3,2,3,3,4,3,1,2,2,1","0.000501871109008789","louvain","graph_2024M08.graphml"
"0.5","0.19","0.31","0.142571767936199","1,2,3,4,3,4,3,3,4,3,3,2,3,1,4,2,1","0.000496864318847656","louvain","graph_2024M08.graphml"
"0.49","0.2","0.31","0.142700315197886","1,2,3,1,3,2,3,3,2,3,3,4,3,1,2,2,1","0.000720024108886719","louvain","graph_2024M08.graphml"
"0.48","0.21","0.31","0.142545949278722","1,2,3,1,3,2,3,3,2,3,3,4,3,1,2,2,1","0.000491142272949219","louvain","graph_2024M08.graphml"
"0.47","0.22","0.31","0.141222067920717","1,2,3,4,3,1,3,3,4,3,3,2,3,1,4,2,1","0.000514984130859375","louvain","graph_2024M08.graphml"
"0.46","0.23","0.31","0.141199845852789","1,2,3,2,3,1,3,3,2,3,3,4,3,1,2,3,1","0.000511884689331055","louvain","graph_2024M08.graphml"
"0.45","0.24","0.31","0.141199845852789","1,2,3,2,3,1,3,3,2,3,3,4,3,1,2,3,1","0.000494956970214844","louvain","graph_2024M08.graphml"
"0.44","0.25","0.31","0.143671604938272","1,2,3,2,3,1,3,3,2,3,3,3,3,1,2,3,1","0.00052189826965332","louvain","graph_2024M08.graphml"
"0.43","0.26","0.31","0.143638891064296","1,2,3,2,3,1,3,3,2,3,3,3,3,1,2,3,1","0.000584840774536133","louvain","graph_2024M08.graphml"
"0.42","0.27","0.31","0.142676490797187","1,2,3,2,3,1,3,3,2,3,3,3,3,1,2,3,1","0.000566959381103516","louvain","graph_2024M08.graphml"
"0.41","0.28","0.31","0.144703094906657","1,2,3,2,3,1,3,3,2,3,3,4,3,1,2,3,1","0.000506162643432617","louvain","graph_2024M08.graphml"
"0.4","0.29","0.31","0.143453847285707","1,2,3,2,3,1,3,3,2,3,3,4,3,1,2,3,1","0.000531911849975586","louvain","graph_2024M08.graphml"
"0.39","0.3","0.31","0.142516540642722","1,2,3,2,3,1,3,3,2,3,3,4,3,1,2,3,1","0.000541210174560547","louvain","graph_2024M08.graphml"
"0.38","0.31","0.31","0.139228556436349","1,2,2,3,2,1,2,2,3,2,2,2,2,1,3,2,1","0.000504970550537109","louvain","graph_2024M08.graphml"
"0.37","0.32","0.31","0.140669634873836","1,2,3,2,3,1,3,3,2,3,1,3,3,1,2,3,1","0.000504016876220703","louvain","graph_2024M08.graphml"
"0.36","0.33","0.31","0.139427642632771","1,2,3,2,3,1,3,3,2,3,1,3,3,1,2,3,1","0.000540018081665039","louvain","graph_2024M08.graphml"
"0.35","0.34","0.31","0.140495699411498","1,2,3,1,3,1,3,3,2,3,1,3,3,1,2,3,1","0.000479936599731445","louvain","graph_2024M08.graphml"
"0.34","0.35","0.31","0.139192952187691","1,2,3,1,3,1,3,3,2,3,3,3,3,1,2,2,1","0.00053715705871582","louvain","graph_2024M08.graphml"
"0.33","0.36","0.31","0.140607202216066","1,2,1,1,3,1,3,3,2,3,3,3,3,1,2,3,1","0.000533103942871094","louvain","graph_2024M08.graphml"
"0.32","0.37","0.31","0.141488948520585","1,2,3,1,3,1,3,3,2,3,1,3,3,1,2,3,1","0.000536203384399414","louvain","graph_2024M08.graphml"
"0.31","0.38","0.31","0.14400133050892","1,2,3,1,3,1,3,3,2,3,1,3,3,1,2,3,1","0.000514984130859375","louvain","graph_2024M08.graphml"
"0.3","0.39","0.31","0.144594184027778","1,2,3,1,3,1,3,3,2,3,1,3,3,1,2,3,1","0.000541925430297852","louvain","graph_2024M08.graphml"
"0.29","0.4","0.31","0.145627396147147","1,2,3,1,3,1,3,3,2,3,1,3,3,1,2,3,1","0.000506162643432617","louvain","graph_2024M08.graphml"
"0.28","0.41","0.31","0.144393175048639","1,2,3,1,3,1,3,3,2,3,1,3,3,1,2,3,1","0.000524997711181641","louvain","graph_2024M08.graphml"
"0.27","0.42","0.31","0.140039381200747","1,2,3,1,3,1,3,3,2,3,1,3,3,1,2,3,1","0.000501871109008789","louvain","graph_2024M08.graphml"
"0.26","0.43","0.31","0.140838389502844","1,2,3,1,2,1,3,3,2,3,3,3,3,1,2,2,1","0.00051116943359375","louvain","graph_2024M08.graphml"
"0.25","0.44","0.31","0.14071442384046","1,2,3,1,2,1,3,3,2,3,4,3,4,1,4,2,1","0.000499963760375977","louvain","graph_2024M08.graphml"
"0.24","0.45","0.31","0.140755872084447","1,2,2,1,3,1,3,3,2,3,3,3,3,1,2,3,1","0.000509977340698242","louvain","graph_2024M08.graphml"
"0.23","0.46","0.31","0.142003877155392","1,2,2,1,3,1,4,4,2,4,3,4,3,1,2,4,1","0.000517129898071289","louvain","graph_2024M08.graphml"
"0.22","0.47","0.31","0.141505024063476","1,2,2,1,3,1,4,4,2,4,3,4,3,1,2,4,1","0.00050806999206543","louvain","graph_2024M08.graphml"
"0.21","0.48","0.31","0.143362607054725","1,2,3,1,4,1,3,3,2,3,4,3,4,1,2,3,1","0.000531911849975586","louvain","graph_2024M08.graphml"
"0.2","0.49","0.31","0.144913072638263","1,2,3,1,4,1,3,3,2,3,4,3,4,1,2,3,1","0.000805854797363281","louvain","graph_2024M08.graphml"
"0.19","0.5","0.31","0.14271202044412","1,2,3,1,4,1,3,3,2,3,4,3,4,1,2,3,1","0.000559091567993164","louvain","graph_2024M08.graphml"
"0.18","0.51","0.31","0.14271202044412","1,2,3,1,4,1,3,3,2,3,4,3,4,1,2,3,1","0.000505208969116211","louvain","graph_2024M08.graphml"
"0.17","0.52","0.31","0.143415351436134","1,2,3,1,3,1,3,3,2,3,3,3,3,1,2,3,1","0.000519037246704102","louvain","graph_2024M08.graphml"
"0.16","0.53","0.31","0.142581511974879","1,2,3,1,3,1,3,3,2,3,3,3,3,1,2,3,1","0.000503778457641602","louvain","graph_2024M08.graphml"
"0.15","0.54","0.31","0.140870094240188","1,2,3,1,3,1,3,3,2,3,3,3,3,1,2,3,1","0.000514984130859375","louvain","graph_2024M08.graphml"
"0.14","0.55","0.31","0.141307189542484","1,2,3,1,4,1,3,3,2,3,3,3,4,1,4,3,1","0.000520944595336914","louvain","graph_2024M08.graphml"
"0.13","0.56","0.31","0.142309694530891","1,2,3,1,3,1,3,3,2,3,3,3,3,1,1,3,1","0.000518083572387695","louvain","graph_2024M08.graphml"
"0.12","0.57","0.31","0.143368938212539","1,2,3,1,3,1,3,3,2,3,3,3,3,1,1,3,1","0.000488996505737305","louvain","graph_2024M08.graphml"
"0.11","0.58","0.31","0.143909887831087","1,2,3,1,3,1,3,3,2,3,3,3,3,1,1,3,1","0.000501871109008789","louvain","graph_2024M08.graphml"
"0.1","0.59","0.31","0.145715026140256","1,2,3,1,3,4,3,3,2,4,3,3,3,1,1,3,1","0.000511884689331055","louvain","graph_2024M08.graphml"
"0.09","0.6","0.31","0.143527742944989","1,2,3,1,3,1,3,3,2,3,3,3,3,1,1,3,1","0.000488042831420898","louvain","graph_2024M08.graphml"
"0.08","0.61","0.31","0.145196670188536","1,2,3,1,3,4,3,3,2,4,3,3,3,1,1,3,1","0.000545978546142578","louvain","graph_2024M08.graphml"
"0.07","0.62","0.31","0.144204773814859","1,2,3,1,3,4,3,3,2,4,3,3,3,1,1,3,1","0.000545024871826172","louvain","graph_2024M08.graphml"
"0.06","0.63","0.31","0.142038280532599","1,2,3,1,3,4,3,3,2,4,3,3,3,1,1,3,1","0.000555038452148438","louvain","graph_2024M08.graphml"
"0.05","0.64","0.31","0.142963325602753","1,2,3,1,3,4,3,3,2,4,3,3,3,1,1,3,1","0.000512123107910156","louvain","graph_2024M08.graphml"
"0.04","0.65","0.31","0.142900968573668","1,2,3,1,3,4,3,3,2,4,3,3,3,1,1,3,1","0.000571012496948242","louvain","graph_2024M08.graphml"
"0.03","0.66","0.31","0.141440301882526","1,2,3,1,4,4,2,4,5,2,4,3,4,1,1,4,1","0.000524997711181641","louvain","graph_2024M08.graphml"
"0.02","0.67","0.31","0.141503190901443","1,2,3,1,3,4,3,3,2,4,3,3,3,1,1,3,1","0.000633001327514648","louvain","graph_2024M08.graphml"
"0.01","0.68","0.31","0.14242204267138","1,2,3,1,3,4,3,3,2,4,3,3,3,1,1,3,1","0.000552177429199219","louvain","graph_2024M08.graphml"
"0","0.69","0.31","0.142614150619519","1,2,3,1,2,2,2,2,4,2,2,3,2,1,1,2,1","0.000548124313354492","louvain","graph_2024M08.graphml"
"0.68","0","0.32","0.136749959936815","1,2,3,1,4,2,3,3,2,4,3,3,3,1,2,3,5","0.000654935836791992","louvain","graph_2024M08.graphml"
"0.67","0.01","0.32","0.139095804988662","1,2,3,1,3,2,3,3,2,3,3,4,3,1,2,4,5","0.000545024871826172","louvain","graph_2024M08.graphml"
"0.66","0.02","0.32","0.140944173387209","1,2,3,1,3,2,3,3,2,3,3,4,3,1,2,4,5","0.000518083572387695","louvain","graph_2024M08.graphml"
"0.65","0.03","0.32","0.139413148788927","1,2,3,1,4,2,3,3,2,4,3,3,3,1,2,3,5","0.000498056411743164","louvain","graph_2024M08.graphml"
"0.64","0.04","0.32","0.138592873322401","1,2,3,1,3,2,3,3,2,3,3,4,3,1,2,4,5","0.000494003295898438","louvain","graph_2024M08.graphml"
"0.63","0.05","0.32","0.137918704690366","1,2,3,1,4,2,3,3,2,4,3,3,3,1,2,3,5","0.000494003295898438","louvain","graph_2024M08.graphml"
"0.62","0.06","0.32","0.139818565672154","1,2,3,1,3,2,3,3,2,3,3,4,3,1,2,4,5","0.000533103942871094","louvain","graph_2024M08.graphml"
"0.61","0.07","0.32","0.139818565672154","1,2,3,1,3,2,3,3,2,3,3,4,3,1,2,4,5","0.00050806999206543","louvain","graph_2024M08.graphml"
"0.6","0.08","0.32","0.141797978296417","1,2,3,1,3,2,3,3,2,3,3,4,3,1,2,4,1","0.000487089157104492","louvain","graph_2024M08.graphml"
"0.59","0.09","0.32","0.141615289117078","1,2,3,1,3,2,3,3,2,3,3,4,3,1,2,4,1","0.000475883483886719","louvain","graph_2024M08.graphml"
"0.58","0.1","0.32","0.140913971768729","1,2,3,1,3,2,3,3,2,3,3,4,3,1,2,2,1","0.000479936599731445","louvain","graph_2024M08.graphml"
"0.57","0.11","0.32","0.140091116173121","1,2,3,1,3,2,3,3,2,3,3,4,3,1,2,2,1","0.000702857971191406","louvain","graph_2024M08.graphml"
"0.56","0.12","0.32","0.141856921487603","1,2,3,1,3,2,3,3,2,3,3,4,3,1,2,2,1","0.000500917434692383","louvain","graph_2024M08.graphml"
"0.55","0.13","0.32","0.143826395855941","1,2,3,1,3,2,3,3,2,3,3,4,3,1,2,2,1","0.000483036041259766","louvain","graph_2024M08.graphml"
"0.54","0.14","0.32","0.140546763457942","1,2,3,2,3,1,3,3,2,3,3,4,3,1,2,4,1","0.000516891479492188","louvain","graph_2024M08.graphml"
"0.53","0.15","0.32","0.140546763457942","1,2,3,2,3,1,3,3,2,3,3,4,3,1,2,4,1","0.000533103942871094","louvain","graph_2024M08.graphml"
"0.52","0.16","0.32","0.141162310006056","1,2,3,2,3,1,3,3,2,3,3,3,3,1,2,3,1","0.000477075576782227","louvain","graph_2024M08.graphml"
"0.51","0.17","0.32","0.14239012345679","1,2,3,2,3,1,3,3,2,3,3,3,3,1,2,3,1","0.000491857528686523","louvain","graph_2024M08.graphml"
"0.5","0.18","0.32","0.141427524938422","1,2,3,2,3,1,3,3,2,3,3,3,3,1,2,3,1","0.000555992126464844","louvain","graph_2024M08.graphml"
"0.49","0.19","0.32","0.139197111237811","1,2,3,2,3,1,3,3,2,3,3,3,3,1,2,3,1","0.000501871109008789","louvain","graph_2024M08.graphml"
"0.48","0.2","0.32","0.139197111237811","1,2,3,2,3,1,3,3,2,3,3,3,3,1,2,3,1","0.000477790832519531","louvain","graph_2024M08.graphml"
"0.47","0.21","0.32","0.139215070643642","1,2,1,2,3,1,3,3,2,3,3,3,3,1,2,3,1","0.000483036041259766","louvain","graph_2024M08.graphml"
"0.46","0.22","0.32","0.141718996966978","1,2,1,2,3,1,3,3,2,3,3,3,3,1,2,3,1","0.000531911849975586","louvain","graph_2024M08.graphml"
"0.45","0.23","0.32","0.138286857442702","1,2,1,2,3,1,3,3,2,3,3,3,3,1,2,3,1","0.000581026077270508","louvain","graph_2024M08.graphml"
"0.44","0.24","0.32","0.138107535671819","1,2,3,2,3,1,3,3,2,3,3,4,3,1,2,3,1","0.000543117523193359","louvain","graph_2024M08.graphml"
"0.43","0.25","0.32","0.137453058155157","1,2,2,3,4,1,2,2,3,4,1,4,2,1,3,2,1","0.000518083572387695","louvain","graph_2024M08.graphml"
"0.42","0.26","0.32","0.138589859665007","1,2,3,1,3,1,3,3,2,3,3,3,3,1,2,3,1","0.000523090362548828","louvain","graph_2024M08.graphml"
"0.41","0.27","0.32","0.13924161899739","1,2,3,1,3,1,3,3,2,3,1,3,3,1,2,3,1","0.000504970550537109","louvain","graph_2024M08.graphml"
"0.4","0.28","0.32","0.138499622953174","1,2,3,1,3,1,3,3,2,3,3,3,3,1,2,2,1","0.000509977340698242","louvain","graph_2024M08.graphml"
"0.39","0.29","0.32","0.139613103352717","1,2,3,1,3,1,3,3,2,3,3,3,3,1,2,2,1","0.000548124313354492","louvain","graph_2024M08.graphml"
"0.38","0.3","0.32","0.139613103352717","1,2,3,1,3,1,3,3,2,3,3,3,3,1,2,2,1","0.000519990921020508","louvain","graph_2024M08.graphml"
"0.37","0.31","0.32","0.138896398891967","1,2,3,1,3,1,3,3,2,3,1,3,3,1,2,3,1","0.000604152679443359","louvain","graph_2024M08.graphml"
"0.36","0.32","0.32","0.140864100139034","1,2,3,1,3,1,3,3,2,3,1,3,3,1,2,3,1","0.00053095817565918","louvain","graph_2024M08.graphml"
"0.35","0.33","0.32","0.143732089678036","1,2,3,1,3,1,3,3,2,3,1,3,3,1,2,3,1","0.000520944595336914","louvain","graph_2024M08.graphml"
"0.34","0.34","0.32","0.140715761486223","1,2,3,1,3,1,3,3,2,3,3,3,3,1,2,3,1","0.000535011291503906","louvain","graph_2024M08.graphml"
"0.33","0.35","0.32","0.138834066783123","1,2,3,1,3,1,3,3,2,3,1,3,3,1,2,3,1","0.000524044036865234","louvain","graph_2024M08.graphml"
"0.32","0.36","0.32","0.137472242086642","1,2,3,1,3,1,3,3,2,3,3,3,3,1,2,3,1","0.000524997711181641","louvain","graph_2024M08.graphml"
"0.31","0.37","0.32","0.13865889212828","1,2,3,1,3,1,3,3,2,3,1,3,3,1,2,3,1","0.000506162643432617","louvain","graph_2024M08.graphml"
"0.3","0.38","0.32","0.140834408352379","1,2,3,1,2,1,3,3,2,4,3,3,3,1,2,2,1","0.000524997711181641","louvain","graph_2024M08.graphml"
"0.29","0.39","0.32","0.139493763215263","1,2,3,1,3,1,3,3,2,3,3,3,3,1,2,3,1","0.000669002532958984","louvain","graph_2024M08.graphml"
"0.28","0.4","0.32","0.140065299459239","1,2,3,1,3,1,3,3,2,3,3,3,3,1,2,3,1","0.000526189804077148","louvain","graph_2024M08.graphml"
"0.27","0.41","0.32","0.141757992623751","1,2,3,1,2,1,3,3,2,3,3,3,3,1,2,2,1","0.000510931015014648","louvain","graph_2024M08.graphml"
"0.26","0.42","0.32","0.140824735643632","1,2,3,1,2,1,4,4,2,4,3,4,3,1,3,4,1","0.00056910514831543","louvain","graph_2024M08.graphml"
"0.25","0.43","0.32","0.14271202044412","1,2,3,1,4,1,3,3,2,3,4,3,4,1,2,3,1","0.000516891479492188","louvain","graph_2024M08.graphml"
"0.24","0.44","0.32","0.14271202044412","1,2,3,1,4,1,3,3,2,3,4,3,4,1,2,3,1","0.000518083572387695","louvain","graph_2024M08.graphml"
"0.23","0.45","0.32","0.14368591314577","1,2,3,1,3,1,3,3,2,3,3,3,3,1,2,3,1","0.000514984130859375","louvain","graph_2024M08.graphml"
"0.22","0.46","0.32","0.142852958177756","1,2,3,1,3,1,3,3,2,3,3,3,3,1,2,3,1","0.000504016876220703","louvain","graph_2024M08.graphml"
"0.21","0.47","0.32","0.142021560091656","1,2,3,1,3,1,3,3,2,3,3,3,3,1,2,3,1","0.000533103942871094","louvain","graph_2024M08.graphml"
"0.2","0.48","0.32","0.140957847159769","1,2,3,1,3,1,3,3,2,3,3,3,3,1,1,3,1","0.000535964965820312","louvain","graph_2024M08.graphml"
"0.19","0.49","0.32","0.142818873043558","1,2,3,1,2,4,3,3,2,4,3,3,3,1,1,3,1","0.00132203102111816","louvain","graph_2024M08.graphml"
"0.18","0.5","0.32","0.143607397538191","1,2,3,1,2,4,3,3,2,4,3,3,3,1,1,3,1","0.000631093978881836","louvain","graph_2024M08.graphml"
"0.17","0.51","0.32","0.143301934979869","1,2,3,1,2,4,3,3,2,4,3,3,3,1,1,3,1","0.000542879104614258","louvain","graph_2024M08.graphml"
"0.16","0.52","0.32","0.141711140263264","1,2,3,1,2,4,3,3,2,4,3,3,3,1,1,3,1","0.000517845153808594","louvain","graph_2024M08.graphml"
"0.15","0.53","0.32","0.143562557801559","1,2,3,1,3,4,3,3,2,4,3,3,3,1,1,3,1","0.000544071197509766","louvain","graph_2024M08.graphml"
"0.14","0.54","0.32","0.142304862770235","1,2,3,1,3,4,3,3,2,4,3,3,3,1,1,3,1","0.000523090362548828","louvain","graph_2024M08.graphml"
"0.13","0.55","0.32","0.142304862770235","1,2,3,1,3,4,3,3,2,4,3,3,3,1,1,3,1","0.000524044036865234","louvain","graph_2024M08.graphml"
"0.12","0.56","0.32","0.1419295493646","1,2,3,1,3,4,3,3,2,4,3,3,3,1,1,3,1","0.000493049621582031","louvain","graph_2024M08.graphml"
"0.11","0.57","0.32","0.14216108433003","1,2,3,1,3,2,3,3,2,2,3,3,3,1,1,3,1","0.000526905059814453","louvain","graph_2024M08.graphml"
"0.1","0.58","0.32","0.142315770736917","1,2,3,1,3,4,3,3,2,4,3,3,3,1,1,3,1","0.000535964965820312","louvain","graph_2024M08.graphml"
"0.09","0.59","0.32","0.139922762733902","1,2,3,1,2,2,2,2,4,2,2,3,2,1,1,2,1","0.00052189826965332","louvain","graph_2024M08.graphml"
"0.08","0.6","0.32","0.13885261308956","1,2,3,1,4,4,2,4,5,2,4,3,4,1,1,4,1","0.000518083572387695","louvain","graph_2024M08.graphml"
"0.07","0.61","0.32","0.138915189099485","1,2,3,1,3,3,2,3,4,2,2,3,3,1,1,2,1","0.000698089599609375","louvain","graph_2024M08.graphml"
"0.06","0.62","0.32","0.140656825923661","1,2,3,1,4,4,2,4,5,2,4,3,4,1,1,4,1","0.000564098358154297","louvain","graph_2024M08.graphml"
"0.05","0.63","0.32","0.142614150619519","1,2,3,1,2,2,2,2,4,2,2,3,2,1,1,2,1","0.000639200210571289","louvain","graph_2024M08.graphml"
"0.04","0.64","0.32","0.141517875651249","1,2,3,1,2,2,2,2,4,2,2,3,2,1,1,2,1","0.000597000122070312","louvain","graph_2024M08.graphml"
"0.03","0.65","0.32","0.143151577503429","1,2,3,1,4,4,4,4,2,4,4,3,4,1,1,4,1","0.0005340576171875","louvain","graph_2024M08.graphml"
"0.02","0.66","0.32","0.141213695347286","1,2,3,1,2,2,2,2,4,2,2,3,2,1,1,2,1","0.000545978546142578","louvain","graph_2024M08.graphml"
"0.01","0.67","0.32","0.141647180471453","1,2,3,1,4,5,4,4,2,5,4,3,4,1,1,4,1","0.000586032867431641","louvain","graph_2024M08.graphml"
"0","0.68","0.32","0.140101504112493","1,2,3,1,4,5,4,4,2,5,4,3,4,1,1,4,1","0.000596046447753906","louvain","graph_2024M08.graphml"
"0.67","0","0.33","0.140965603315395","1,2,3,1,3,2,3,3,2,3,3,4,3,1,2,4,1","0.00055694580078125","louvain","graph_2024M08.graphml"
"0.66","0.01","0.33","0.138863786497556","1,2,3,1,3,2,3,3,2,3,3,4,3,1,2,4,1","0.000609159469604492","louvain","graph_2024M08.graphml"
"0.65","0.02","0.33","0.140831758034026","1,2,3,1,3,2,3,3,2,3,3,4,3,1,2,4,1","0.000478029251098633","louvain","graph_2024M08.graphml"
"0.64","0.03","0.33","0.140913971768729","1,2,3,1,3,2,3,3,2,3,3,4,3,1,2,2,1","0.000564098358154297","louvain","graph_2024M08.graphml"
"0.63","0.04","0.33","0.140091116173121","1,2,3,1,3,2,3,3,2,3,3,4,3,1,2,2,1","0.000494003295898438","louvain","graph_2024M08.graphml"
"0.62","0.05","0.33","0.138809400826446","1,2,3,1,3,2,3,3,2,3,3,4,3,1,2,2,1","0.000554800033569336","louvain","graph_2024M08.graphml"
"0.61","0.06","0.33","0.139878803181416","1,2,3,2,3,1,3,3,2,3,3,3,3,1,2,3,1","0.000496864318847656","louvain","graph_2024M08.graphml"
"0.6","0.07","0.33","0.140524140843371","1,2,3,2,3,1,3,3,2,3,3,3,3,1,2,3,1","0.00053715705871582","louvain","graph_2024M08.graphml"
"0.59","0.08","0.33","0.139863569709072","1,2,3,2,3,1,3,3,2,3,3,3,3,1,2,3,1","0.000491142272949219","louvain","graph_2024M08.graphml"
"0.58","0.09","0.33","0.139540478469849","1,2,3,2,3,1,3,3,2,3,3,3,3,1,2,3,1","0.000494956970214844","louvain","graph_2024M08.graphml"
"0.57","0.1","0.33","0.140792592592593","1,2,3,2,3,1,3,3,2,3,3,3,3,1,2,3,1","0.000539064407348633","louvain","graph_2024M08.graphml"
"0.56","0.11","0.33","0.139197111237811","1,2,3,2,3,1,3,3,2,3,3,3,3,1,2,3,1","0.000478982925415039","louvain","graph_2024M08.graphml"
"0.55","0.12","0.33","0.139197111237811","1,2,3,2,3,1,3,3,2,3,3,3,3,1,2,3,1","0.000477075576782227","louvain","graph_2024M08.graphml"
"0.54","0.13","0.33","0.137352976693636","1,2,1,2,3,1,3,3,2,3,3,3,3,1,2,3,1","0.000499963760375977","louvain","graph_2024M08.graphml"
"0.53","0.14","0.33","0.13728339613788","1,2,1,2,3,1,3,3,2,3,3,3,3,1,2,3,1","0.000531911849975586","louvain","graph_2024M08.graphml"
"0.52","0.15","0.33","0.132619932504592","1,2,3,3,3,1,3,3,2,3,3,3,3,1,2,3,1","0.000499963760375977","louvain","graph_2024M08.graphml"
"0.51","0.16","0.33","0.134801165645321","1,2,1,2,3,1,3,3,2,3,3,3,3,1,2,3,1","0.000522851943969727","louvain","graph_2024M08.graphml"
"0.5","0.17","0.33","0.133920949391003","1,2,3,2,3,1,3,3,2,3,1,3,3,1,2,3,1","0.000509023666381836","louvain","graph_2024M08.graphml"
"0.49","0.18","0.33","0.135412186379928","1,2,3,1,3,1,3,3,2,3,3,3,3,1,2,3,1","0.000492095947265625","louvain","graph_2024M08.graphml"
"0.48","0.19","0.33","0.137338830447805","1,2,3,1,3,1,3,3,2,3,3,3,3,1,2,3,1","0.000541925430297852","louvain","graph_2024M08.graphml"
"0.47","0.2","0.33","0.138740503998436","1,2,3,1,3,1,3,3,2,3,1,4,3,1,2,3,1","0.000557184219360352","louvain","graph_2024M08.graphml"
"0.46","0.21","0.33","0.138403116920425","1,2,3,1,3,1,3,3,2,3,1,3,3,1,2,3,1","0.000492095947265625","louvain","graph_2024M08.graphml"
"0.45","0.22","0.33","0.138403745838452","1,2,3,1,3,1,3,3,2,3,3,3,3,1,2,2,1","0.00061798095703125","louvain","graph_2024M08.graphml"
"0.44","0.23","0.33","0.138403745838452","1,2,3,1,3,1,3,3,2,3,3,3,3,1,2,2,1","0.000537872314453125","louvain","graph_2024M08.graphml"
"0.43","0.24","0.33","0.137198891966759","1,2,3,1,3,1,3,3,2,3,3,3,3,1,2,2,1","0.000480890274047852","louvain","graph_2024M08.graphml"
"0.42","0.25","0.33","0.136512693312619","1,2,3,1,3,1,3,3,2,3,3,3,3,1,2,2,1","0.000524997711181641","louvain","graph_2024M08.graphml"
"0.41","0.26","0.33","0.138631824520928","1,2,3,1,3,1,3,3,2,3,3,3,3,1,2,2,1","0.000539779663085938","louvain","graph_2024M08.graphml"
"0.4","0.27","0.33","0.137444185369926","1,2,2,1,3,1,3,3,2,3,3,3,3,1,2,3,1","0.00051116943359375","louvain","graph_2024M08.graphml"
"0.39","0.28","0.33","0.137801078339156","1,2,2,1,3,1,3,3,2,3,1,3,3,1,2,3,1","0.000559091567993164","louvain","graph_2024M08.graphml"
"0.38","0.29","0.33","0.137805277479172","1,2,3,1,2,1,3,3,2,3,3,3,3,1,2,2,1","0.00059199333190918","louvain","graph_2024M08.graphml"
"0.37","0.3","0.33","0.138714788805422","1,2,3,1,2,1,3,3,2,3,3,3,3,1,2,2,1","0.000507116317749023","louvain","graph_2024M08.graphml"
"0.36","0.31","0.33","0.139496166303126","1,2,3,1,3,1,3,3,2,4,4,3,3,1,2,3,1","0.000494956970214844","louvain","graph_2024M08.graphml"
"0.35","0.32","0.33","0.138916432488922","1,2,3,1,3,1,3,3,2,3,3,3,3,1,2,3,1","0.000733852386474609","louvain","graph_2024M08.graphml"
"0.34","0.33","0.33","0.139030716779492","1,2,3,1,2,1,3,3,2,3,3,3,3,1,2,2,1","0.000524044036865234","louvain","graph_2024M08.graphml"
"0.33","0.34","0.33","0.139992874753551","1,2,3,1,3,1,3,3,2,3,3,3,3,1,2,3,1","0.000519990921020508","louvain","graph_2024M08.graphml"
"0.32","0.35","0.33","0.140105863028663","1,2,3,1,3,1,3,3,2,3,1,3,3,1,2,3,1","0.000514030456542969","louvain","graph_2024M08.graphml"
"0.31","0.36","0.33","0.139742471145533","1,2,3,1,2,1,3,3,2,3,3,3,3,1,2,2,1","0.000483036041259766","louvain","graph_2024M08.graphml"
"0.3","0.37","0.33","0.142498883438929","1,2,3,1,3,1,3,3,2,3,1,3,3,1,2,3,1","0.000516176223754883","louvain","graph_2024M08.graphml"
"0.29","0.38","0.33","0.144121164591707","1,2,3,1,3,1,3,3,2,3,1,3,3,1,2,3,1","0.000545978546142578","louvain","graph_2024M08.graphml"
"0.28","0.39","0.33","0.143398729425129","1,2,3,1,3,1,3,3,2,3,3,3,3,1,2,3,1","0.000597000122070312","louvain","graph_2024M08.graphml"
"0.27","0.4","0.33","0.143481849463699","1,2,3,1,3,1,3,3,2,3,3,3,3,1,1,3,1","0.000518798828125","louvain","graph_2024M08.graphml"
"0.26","0.41","0.33","0.143729334871203","1,2,3,1,3,1,3,3,2,3,3,3,3,1,1,3,1","0.000493049621582031","louvain","graph_2024M08.graphml"
"0.25","0.42","0.33","0.141677012521007","1,2,3,1,3,1,3,3,2,3,3,3,3,1,1,3,1","0.000530004501342773","louvain","graph_2024M08.graphml"
"0.24","0.43","0.33","0.141731896016594","1,2,3,1,2,4,3,3,2,4,3,3,3,1,1,3,1","0.000519037246704102","louvain","graph_2024M08.graphml"
"0.23","0.44","0.33","0.138866545200139","1,2,3,1,3,4,3,3,2,4,3,3,3,1,1,3,1","0.000526905059814453","louvain","graph_2024M08.graphml"
"0.22","0.45","0.33","0.139851448249132","1,2,3,1,2,4,3,3,2,4,3,3,3,1,1,3,1","0.000571966171264648","louvain","graph_2024M08.graphml"
"0.21","0.46","0.33","0.140772049405816","1,2,3,1,2,4,3,3,2,4,3,3,3,1,1,3,1","0.000645875930786133","louvain","graph_2024M08.graphml"
"0.2","0.47","0.33","0.141753277256646","1,2,3,1,3,4,3,3,2,4,3,3,3,1,1,3,1","0.000512123107910156","louvain","graph_2024M08.graphml"
"0.19","0.48","0.33","0.14164716553288","1,2,3,1,3,4,3,3,2,4,3,3,3,1,1,3,1","0.000537872314453125","louvain","graph_2024M08.graphml"
"0.18","0.49","0.33","0.140565137561624","1,2,3,1,3,4,3,3,2,4,3,3,3,1,1,3,1","0.000742197036743164","louvain","graph_2024M08.graphml"
"0.17","0.5","0.33","0.140730816689623","1,2,3,1,3,4,3,3,2,4,3,3,3,1,1,3,1","0.000511884689331055","louvain","graph_2024M08.graphml"
"0.16","0.51","0.33","0.141442819315254","1,2,3,1,3,4,3,3,2,4,3,3,3,1,1,3,1","0.000694990158081055","louvain","graph_2024M08.graphml"
"0.15","0.52","0.33","0.140368458526166","1,2,3,1,3,4,3,3,2,4,3,3,3,1,1,3,1","0.000526905059814453","louvain","graph_2024M08.graphml"
"0.14","0.53","0.33","0.140368458526166","1,2,3,1,3,4,3,3,2,4,3,3,3,1,1,3,1","0.000545024871826172","louvain","graph_2024M08.graphml"
"0.13","0.54","0.33","0.139805930788761","1,2,3,1,2,2,2,2,4,2,2,3,2,1,1,2,1","0.000568151473999023","louvain","graph_2024M08.graphml"
"0.12","0.55","0.33","0.140658095919427","1,2,3,1,3,4,3,3,2,4,3,3,3,1,1,3,1","0.000576019287109375","louvain","graph_2024M08.graphml"
"0.11","0.56","0.33","0.140658095919427","1,2,3,1,3,4,3,3,2,4,3,3,3,1,1,3,1","0.000531911849975586","louvain","graph_2024M08.graphml"
"0.1","0.57","0.33","0.14125357582123","1,2,3,1,3,4,3,3,2,4,3,3,3,1,1,3,1","0.000516176223754883","louvain","graph_2024M08.graphml"
"0.09","0.58","0.33","0.140318418866846","1,2,3,1,2,2,2,2,4,2,2,3,2,1,1,2,1","0.000576019287109375","louvain","graph_2024M08.graphml"
"0.08","0.59","0.33","0.139274679581752","1,2,3,1,4,4,4,4,2,4,4,3,4,1,1,4,1","0.000555992126464844","louvain","graph_2024M08.graphml"
"0.07","0.6","0.33","0.138598733378953","1,2,3,1,4,5,4,4,2,5,4,3,4,1,1,4,1","0.000509023666381836","louvain","graph_2024M08.graphml"
"0.06","0.61","0.33","0.135174744075212","1,2,3,1,2,2,2,2,4,2,1,3,5,5,1,2,1","0.000514030456542969","louvain","graph_2024M08.graphml"
"0.05","0.62","0.33","0.140039669421488","1,2,3,1,4,5,4,4,2,5,4,3,4,1,1,4,1","0.000654935836791992","louvain","graph_2024M08.graphml"
"0.04","0.63","0.33","0.139036103306643","1,2,3,1,4,5,4,4,2,5,4,3,4,1,1,4,1","0.000631809234619141","louvain","graph_2024M08.graphml"
"0.03","0.64","0.33","0.139036103306643","1,2,3,1,4,5,4,4,2,5,4,3,4,1,1,4,1","0.000547885894775391","louvain","graph_2024M08.graphml"
"0.02","0.65","0.33","0.13748072396721","1,2,3,4,3,4,3,3,2,4,3,3,3,1,1,3,1","0.000551939010620117","louvain","graph_2024M08.graphml"
"0.01","0.66","0.33","0.138406720666632","1,2,3,4,3,4,3,3,2,4,3,3,3,1,1,3,1","0.000536203384399414","louvain","graph_2024M08.graphml"
"0","0.67","0.33","0.140200892857143","1,2,3,1,3,4,3,3,2,4,3,3,3,1,1,3,1","0.000552177429199219","louvain","graph_2024M08.graphml"
"0.66","0","0.34","0.138898577008929","1,2,3,2,3,1,3,3,2,3,3,3,3,1,2,3,1","0.000610828399658203","louvain","graph_2024M08.graphml"
"0.65","0.01","0.34","0.138898577008929","1,2,3,2,3,1,3,3,2,3,3,3,3,1,2,3,1","0.000536918640136719","louvain","graph_2024M08.graphml"
"0.64","0.02","0.34","0.137935823731033","1,2,3,2,3,1,3,3,2,3,3,3,3,1,2,3,1","0.000473976135253906","louvain","graph_2024M08.graphml"
"0.63","0.03","0.34","0.137917217712794","1,2,3,2,3,1,3,3,2,3,3,3,3,1,2,3,1","0.000474929809570312","louvain","graph_2024M08.graphml"
"0.62","0.04","0.34","0.137263587594957","1,2,3,2,3,1,3,3,2,3,3,3,3,1,2,3,1","0.000500917434692383","louvain","graph_2024M08.graphml"
"0.61","0.05","0.34","0.135749305639416","1,2,1,2,3,1,3,3,2,3,3,3,3,1,2,3,1","0.000505924224853516","louvain","graph_2024M08.graphml"
"0.6","0.06","0.34","0.135169428630254","1,2,1,2,3,1,3,3,2,3,3,3,3,1,2,3,1","0.00047612190246582","louvain","graph_2024M08.graphml"
"0.59","0.07","0.34","0.133865784499055","1,2,1,2,3,1,3,3,2,3,3,3,3,1,2,3,1","0.000492095947265625","louvain","graph_2024M08.graphml"
"0.58","0.08","0.34","0.133865784499055","1,2,1,2,3,1,3,3,2,3,3,3,3,1,2,3,1","0.000509977340698242","louvain","graph_2024M08.graphml"
"0.57","0.09","0.34","0.132958625265268","1,2,1,2,3,1,3,3,2,3,3,3,3,1,2,3,1","0.000586032867431641","louvain","graph_2024M08.graphml"
"0.56","0.1","0.34","0.134259345273484","1,2,3,1,3,1,3,3,2,3,3,3,3,1,2,3,1","0.00049901008605957","louvain","graph_2024M08.graphml"
"0.55","0.11","0.34","0.135412186379928","1,2,3,1,3,1,3,3,2,3,3,3,3,1,2,3,1","0.000478029251098633","louvain","graph_2024M08.graphml"
"0.54","0.12","0.34","0.135412186379928","1,2,3,1,3,1,3,3,2,3,3,3,3,1,2,3,1","0.000499963760375977","louvain","graph_2024M08.graphml"
"0.53","0.13","0.34","0.135412186379928","1,2,3,1,3,1,3,3,2,3,3,3,3,1,2,3,1","0.000492095947265625","louvain","graph_2024M08.graphml"
"0.52","0.14","0.34","0.135228610230874","1,2,3,1,3,1,3,3,2,3,3,3,3,1,2,3,1","0.000486135482788086","louvain","graph_2024M08.graphml"
"0.51","0.15","0.34","0.136432916608933","1,2,3,1,3,1,3,3,2,3,1,4,3,1,2,3,1","0.000520944595336914","louvain","graph_2024M08.graphml"
"0.5","0.16","0.34","0.136512693312619","1,2,3,1,3,1,3,3,2,3,3,3,3,1,2,2,1","0.000499963760375977","louvain","graph_2024M08.graphml"
"0.49","0.17","0.34","0.136415595650025","1,2,3,1,3,1,3,3,2,3,3,3,3,1,2,3,1","0.000500202178955078","louvain","graph_2024M08.graphml"
"0.48","0.18","0.34","0.135540964008983","1,2,3,1,3,1,3,3,2,3,1,4,3,1,2,3,1","0.000499963760375977","louvain","graph_2024M08.graphml"
"0.47","0.19","0.34","0.133298179036225","1,2,3,1,3,1,3,3,2,3,1,4,3,1,2,3,1","0.000517845153808594","louvain","graph_2024M08.graphml"
"0.46","0.2","0.34","0.133988030189195","1,2,3,1,2,1,3,3,2,3,3,4,3,1,2,2,1","0.000514984130859375","louvain","graph_2024M08.graphml"
"0.45","0.21","0.34","0.137060492728814","1,2,3,1,2,1,3,3,2,3,3,3,3,1,2,2,1","0.000636816024780273","louvain","graph_2024M08.graphml"
"0.44","0.22","0.34","0.137212959129478","1,2,2,1,3,1,3,3,2,3,3,3,3,1,2,3,1","0.000531196594238281","louvain","graph_2024M08.graphml"
"0.43","0.23","0.34","0.139547805539031","1,2,2,1,3,1,3,3,2,3,3,3,3,1,2,3,1","0.000548124313354492","louvain","graph_2024M08.graphml"
"0.42","0.24","0.34","0.138979494828632","1,2,2,1,3,1,3,3,2,3,3,3,3,1,2,3,1","0.00051116943359375","louvain","graph_2024M08.graphml"
"0.41","0.25","0.34","0.140046933986328","1,2,2,1,3,1,3,3,2,4,4,3,3,1,2,3,1","0.000647068023681641","louvain","graph_2024M08.graphml"
"0.4","0.26","0.34","0.141511038059342","1,2,3,1,2,1,3,3,2,3,3,3,3,1,2,2,1","0.000523090362548828","louvain","graph_2024M08.graphml"
"0.39","0.27","0.34","0.138591812884286","1,2,3,1,3,1,3,3,2,3,3,3,3,1,2,3,1","0.000517129898071289","louvain","graph_2024M08.graphml"
"0.38","0.28","0.34","0.140124939741276","1,2,3,1,3,1,3,3,2,3,1,3,3,1,2,3,1","0.000511884689331055","louvain","graph_2024M08.graphml"
"0.37","0.29","0.34","0.140124939741276","1,2,3,1,3,1,3,3,2,3,1,3,3,1,2,3,1","0.000509023666381836","louvain","graph_2024M08.graphml"
"0.36","0.3","0.34","0.140789431913779","1,2,3,1,2,1,3,3,2,3,3,3,3,1,2,2,1","0.000488042831420898","louvain","graph_2024M08.graphml"
"0.35","0.31","0.34","0.14173512400745","1,2,3,1,2,1,3,3,2,3,3,3,3,1,1,2,1","0.000488996505737305","louvain","graph_2024M08.graphml"
"0.34","0.32","0.34","0.143481849463699","1,2,3,1,3,1,3,3,2,3,3,3,3,1,1,3,1","0.000715970993041992","louvain","graph_2024M08.graphml"
"0.33","0.33","0.34","0.144547458130855","1,2,3,1,3,1,3,3,2,3,3,3,3,1,1,3,1","0.000541925430297852","louvain","graph_2024M08.graphml"
"0.32","0.34","0.34","0.144990921020508","1,2,3,1,3,1,3,3,2,3,3,3,3,1,1,3,1","0.000528097152709961","louvain","graph_2024M08.graphml"
"0.31","0.35","0.34","0.141084144582657","1,2,3,1,3,1,3,3,2,3,3,3,3,1,1,3,1","0.000618934631347656","louvain","graph_2024M08.graphml"
"0.3","0.36","0.34","0.139851448249132","1,2,3,1,2,4,3,3,2,4,3,3,3,1,1,3,1","0.000545978546142578","louvain","graph_2024M08.graphml"
"0.29","0.37","0.34","0.137183032453303","1,2,3,1,2,3,3,3,2,3,3,3,3,1,1,3,1","0.000555992126464844","louvain","graph_2024M08.graphml"
"0.28","0.38","0.34","0.140772049405816","1,2,3,1,2,4,3,3,2,4,3,3,3,1,1,3,1","0.000585079193115234","louvain","graph_2024M08.graphml"
"0.27","0.39","0.34","0.138987846345983","1,2,3,1,2,4,3,3,2,4,3,3,3,1,1,3,1","0.00211882591247559","louvain","graph_2024M08.graphml"
"0.26","0.4","0.34","0.139773344489952","1,2,3,1,2,4,3,3,2,4,3,3,3,1,1,3,1","0.000506877899169922","louvain","graph_2024M08.graphml"
"0.25","0.41","0.34","0.141268384705095","1,2,3,1,2,4,3,3,2,4,3,3,3,1,1,3,1","0.000590085983276367","louvain","graph_2024M08.graphml"
"0.24","0.42","0.34","0.140730816689623","1,2,3,1,3,4,3,3,2,4,3,3,3,1,1,3,1","0.000674962997436523","louvain","graph_2024M08.graphml"
"0.23","0.43","0.34","0.139656090422776","1,2,3,1,3,4,3,3,2,4,3,3,3,1,1,3,1","0.000529050827026367","louvain","graph_2024M08.graphml"
"0.22","0.44","0.34","0.140368458526166","1,2,3,1,3,4,3,3,2,4,3,3,3,1,1,3,1","0.000547885894775391","louvain","graph_2024M08.graphml"
"0.21","0.45","0.34","0.140368458526166","1,2,3,1,3,4,3,3,2,4,3,3,3,1,1,3,1","0.000557899475097656","louvain","graph_2024M08.graphml"
"0.2","0.46","0.34","0.141989725252982","1,2,3,1,3,4,3,3,2,4,3,3,3,1,1,3,1","0.000544071197509766","louvain","graph_2024M08.graphml"
"0.19","0.47","0.34","0.141989725252982","1,2,3,1,3,4,3,3,2,4,3,3,3,1,1,3,1","0.000568151473999023","louvain","graph_2024M08.graphml"
"0.18","0.48","0.34","0.141239189127351","1,2,3,1,3,4,3,3,2,4,3,3,3,1,1,3,1","0.000533103942871094","louvain","graph_2024M08.graphml"
"0.17","0.49","0.34","0.139594724430081","1,2,3,1,3,4,3,3,2,4,3,3,3,1,1,3,1","0.000566959381103516","louvain","graph_2024M08.graphml"
"0.16","0.5","0.34","0.138973341993615","1,2,3,1,3,4,3,3,2,4,3,3,3,1,1,3,1","0.000546932220458984","louvain","graph_2024M08.graphml"
"0.15","0.51","0.34","0.138687080990484","1,2,3,1,4,4,4,4,2,4,4,3,4,1,1,4,1","0.000541925430297852","louvain","graph_2024M08.graphml"
"0.14","0.52","0.34","0.13677226314589","1,2,3,1,4,5,4,4,2,5,4,3,4,1,1,4,1","0.000504970550537109","louvain","graph_2024M08.graphml"
"0.13","0.53","0.34","0.137592786313246","1,2,3,1,4,5,4,4,2,5,4,3,4,1,1,4,1","0.000555038452148438","louvain","graph_2024M08.graphml"
"0.12","0.54","0.34","0.138081743832916","1,2,3,1,2,2,2,2,4,2,2,3,2,1,1,2,1","0.000566959381103516","louvain","graph_2024M08.graphml"
"0.11","0.55","0.34","0.137971900826446","1,2,3,1,3,4,3,3,2,4,3,3,3,1,1,3,1","0.000548124313354492","louvain","graph_2024M08.graphml"
"0.1","0.56","0.34","0.138093034551565","1,2,3,1,3,4,3,3,2,4,3,3,3,1,1,3,1","0.00055384635925293","louvain","graph_2024M08.graphml"
"0.09","0.57","0.34","0.136735674882034","1,2,3,1,4,4,4,4,2,4,4,3,4,1,1,4,1","0.000547885894775391","louvain","graph_2024M08.graphml"
"0.08","0.58","0.34","0.138406720666632","1,2,3,4,3,4,3,3,2,4,3,3,3,1,1,3,1","0.000584840774536133","louvain","graph_2024M08.graphml"
"0.07","0.59","0.34","0.139054436920022","1,2,3,1,3,4,3,3,2,4,3,3,3,1,1,3,1","0.000700950622558594","louvain","graph_2024M08.graphml"
"0.06","0.6","0.34","0.137109620893873","1,2,3,1,4,4,4,4,2,4,4,3,4,1,1,4,1","0.000545024871826172","louvain","graph_2024M08.graphml"
"0.05","0.61","0.34","0.138778473632201","1,2,3,1,3,4,3,3,2,4,3,3,3,1,1,3,1","0.000604867935180664","louvain","graph_2024M08.graphml"
"0.04","0.62","0.34","0.136931631294541","1,2,3,1,3,4,3,3,2,4,3,3,3,1,1,3,1","0.00059199333190918","louvain","graph_2024M08.graphml"
"0.03","0.63","0.34","0.137004687563183","1,2,3,1,3,4,3,3,2,4,3,3,3,1,1,3,1","0.000584840774536133","louvain","graph_2024M08.graphml"
"0.02","0.64","0.34","0.135318954413904","1,2,3,1,3,4,3,3,2,4,3,3,3,1,1,3,1","0.00061798095703125","louvain","graph_2024M08.graphml"
"0.01","0.65","0.34","0.133995447258935","1,2,3,1,3,2,3,2,4,2,3,3,3,1,1,2,1","0.000519037246704102","louvain","graph_2024M08.graphml"
"0","0.66","0.34","0.13588656500035","1,2,3,1,4,4,4,4,2,4,4,3,4,1,1,4,1","0.000535011291503906","louvain","graph_2024M08.graphml"
"0.65","0","0.35","0.133865784499055","1,2,1,2,3,1,3,3,2,3,3,3,3,1,2,3,1","0.00052189826965332","louvain","graph_2024M08.graphml"
"0.64","0.01","0.35","0.133629898240288","1,2,1,2,3,1,3,3,2,3,3,3,3,1,2,3,1","0.000483989715576172","louvain","graph_2024M08.graphml"
"0.63","0.02","0.35","0.132991323573127","1,2,3,1,3,1,3,3,2,3,3,3,3,1,2,3,1","0.000469207763671875","louvain","graph_2024M08.graphml"
"0.62","0.03","0.35","0.134149612671985","1,2,3,1,3,1,3,3,2,3,3,3,3,1,2,3,1","0.000507831573486328","louvain","graph_2024M08.graphml"
"0.61","0.04","0.35","0.134149612671985","1,2,3,1,3,1,3,3,2,3,3,3,3,1,2,3,1","0.000494956970214844","louvain","graph_2024M08.graphml"
"0.6","0.05","0.35","0.136061172613237","1,2,3,1,3,1,3,3,2,3,3,3,3,1,2,3,1","0.000524044036865234","louvain","graph_2024M08.graphml"
"0.59","0.06","0.35","0.133572119950325","1,2,3,1,3,1,3,3,2,3,3,3,3,1,2,3,1","0.000499963760375977","louvain","graph_2024M08.graphml"
"0.58","0.07","0.35","0.133889776644642","1,2,3,1,3,1,3,3,2,3,3,3,3,1,2,3,1","0.000501155853271484","louvain","graph_2024M08.graphml"
"0.57","0.08","0.35","0.13516574979081","1,2,3,1,3,1,3,3,2,3,3,3,3,1,2,3,1","0.000506162643432617","louvain","graph_2024M08.graphml"
"0.56","0.09","0.35","0.13516574979081","1,2,3,1,3,1,3,3,2,3,3,3,3,1,2,3,1","0.000493049621582031","louvain","graph_2024M08.graphml"
"0.55","0.1","0.35","0.135193755521274","1,2,3,1,3,1,3,3,2,3,3,3,3,1,2,3,1","0.000506162643432617","louvain","graph_2024M08.graphml"
"0.54","0.11","0.35","0.133866927222327","1,2,3,1,3,1,3,3,2,3,3,3,3,1,2,2,1","0.000545024871826172","louvain","graph_2024M08.graphml"
"0.53","0.12","0.35","0.13409762140521","1,2,2,1,3,1,3,3,2,3,3,3,3,1,2,3,1","0.000480890274047852","louvain","graph_2024M08.graphml"
"0.52","0.13","0.35","0.133886704219364","1,2,2,1,3,1,3,3,2,3,3,3,3,1,2,3,1","0.00059199333190918","louvain","graph_2024M08.graphml"
"0.51","0.14","0.35","0.135449559930126","1,2,2,1,3,1,3,3,2,3,3,3,3,1,2,3,1","0.000501155853271484","louvain","graph_2024M08.graphml"
"0.5","0.15","0.35","0.138934631928688","1,2,2,1,3,1,3,3,2,3,3,3,3,1,2,3,1","0.000466823577880859","louvain","graph_2024M08.graphml"
"0.49","0.16","0.35","0.137756956837861","1,2,2,1,3,1,3,3,2,3,3,3,3,1,2,3,1","0.000764846801757812","louvain","graph_2024M08.graphml"
"0.48","0.17","0.35","0.138371274928101","1,2,2,1,3,1,3,3,2,3,3,3,3,1,2,3,1","0.000490903854370117","louvain","graph_2024M08.graphml"
"0.47","0.18","0.35","0.139030716779492","1,2,3,1,2,1,3,3,2,3,3,3,3,1,2,2,1","0.000494956970214844","louvain","graph_2024M08.graphml"
"0.46","0.19","0.35","0.139464506373569","1,2,2,1,3,1,3,3,2,3,3,3,3,1,2,3,1","0.000530004501342773","louvain","graph_2024M08.graphml"
"0.45","0.2","0.35","0.138620455125117","1,2,2,1,3,1,3,3,2,3,3,3,3,1,2,3,1","0.000616073608398438","louvain","graph_2024M08.graphml"
"0.44","0.21","0.35","0.139447347623425","1,2,2,1,3,1,3,3,2,4,4,3,3,1,2,3,1","0.000510931015014648","louvain","graph_2024M08.graphml"
"0.43","0.22","0.35","0.139917108766631","1,2,3,1,2,1,3,3,2,3,3,3,3,1,2,2,1","0.000480890274047852","louvain","graph_2024M08.graphml"
"0.42","0.23","0.35","0.141068104296685","1,2,3,1,2,1,3,3,2,3,3,3,3,1,1,2,1","0.000504970550537109","louvain","graph_2024M08.graphml"
"0.41","0.24","0.35","0.140197861552028","1,2,3,1,3,1,3,3,2,3,1,3,3,1,1,3,1","0.000514984130859375","louvain","graph_2024M08.graphml"
"0.4","0.25","0.35","0.142389097278195","1,2,3,1,3,1,3,3,2,3,3,4,3,1,1,3,1","0.000511884689331055","louvain","graph_2024M08.graphml"
"0.39","0.26","0.35","0.141123818419722","1,2,3,1,3,1,3,3,2,3,3,3,3,1,1,3,1","0.000512838363647461","louvain","graph_2024M08.graphml"
"0.38","0.27","0.35","0.140436373585035","1,2,3,1,3,1,3,3,2,3,3,3,3,1,1,3,1","0.000493049621582031","louvain","graph_2024M08.graphml"
"0.37","0.28","0.35","0.140194174757282","1,2,3,1,3,1,3,3,2,3,3,3,3,1,1,3,1","0.000741004943847656","louvain","graph_2024M08.graphml"
"0.36","0.29","0.35","0.138943347755543","1,2,3,1,2,1,3,3,2,4,3,3,3,1,1,3,1","0.000505924224853516","louvain","graph_2024M08.graphml"
"0.35","0.3","0.35","0.139404227724691","1,2,3,1,3,1,3,3,2,3,3,3,3,1,1,3,1","0.000516891479492188","louvain","graph_2024M08.graphml"
"0.34","0.31","0.35","0.140057322485207","1,2,3,1,2,4,3,3,2,4,3,3,3,1,1,3,1","0.000524997711181641","louvain","graph_2024M08.graphml"
"0.33","0.32","0.35","0.138987846345983","1,2,3,1,2,4,3,3,2,4,3,3,3,1,1,3,1","0.000496149063110352","louvain","graph_2024M08.graphml"
"0.32","0.33","0.35","0.138987846345983","1,2,3,1,2,4,3,3,2,4,3,3,3,1,1,3,1","0.000538110733032227","louvain","graph_2024M08.graphml"
"0.31","0.34","0.35","0.137938130062351","1,2,3,1,2,4,3,3,2,4,3,3,3,1,1,3,1","0.000525951385498047","louvain","graph_2024M08.graphml"
"0.3","0.35","0.35","0.139202751951331","1,2,3,1,4,2,3,3,4,2,3,3,3,1,1,3,1","0.000660181045532227","louvain","graph_2024M08.graphml"
"0.29","0.36","0.35","0.139202751951331","1,2,3,1,4,2,3,3,4,2,3,3,3,1,1,3,1","0.000524997711181641","louvain","graph_2024M08.graphml"
"0.28","0.37","0.35","0.139656090422776","1,2,3,1,3,4,3,3,2,4,3,3,3,1,1,3,1","0.000546932220458984","louvain","graph_2024M08.graphml"
"0.27","0.38","0.35","0.139656090422776","1,2,3,1,3,4,3,3,2,4,3,3,3,1,1,3,1","0.000586032867431641","louvain","graph_2024M08.graphml"
"0.26","0.39","0.35","0.140571377714489","1,2,3,1,3,4,3,3,2,4,3,3,3,1,1,3,1","0.000565052032470703","louvain","graph_2024M08.graphml"
"0.25","0.4","0.35","0.14013462854792","1,2,3,1,4,2,3,3,4,2,3,3,3,1,1,3,1","0.000545978546142578","louvain","graph_2024M08.graphml"
"0.24","0.41","0.35","0.1402124908135","1,2,3,1,3,4,3,3,2,4,3,3,3,1,1,3,1","0.000575065612792969","louvain","graph_2024M08.graphml"
"0.23","0.42","0.35","0.138186748162174","1,2,3,1,4,5,4,4,2,5,4,3,4,1,1,4,1","0.000679969787597656","louvain","graph_2024M08.graphml"
"0.22","0.43","0.35","0.136659024671912","1,2,3,1,3,4,3,3,2,4,3,3,3,1,1,3,1","0.00053715705871582","louvain","graph_2024M08.graphml"
"0.21","0.44","0.35","0.135615664274724","1,2,3,1,3,4,3,3,2,4,3,3,3,1,1,3,1","0.00055694580078125","louvain","graph_2024M08.graphml"
"0.2","0.45","0.35","0.136028953791768","1,2,3,1,3,4,3,3,2,4,3,3,3,1,1,3,1","0.000524997711181641","louvain","graph_2024M08.graphml"
"0.19","0.46","0.35","0.13543385796133","1,2,3,1,4,4,4,4,2,4,4,3,4,1,1,4,1","0.000508785247802734","louvain","graph_2024M08.graphml"
"0.18","0.47","0.35","0.136033058948046","1,2,3,1,3,4,3,3,2,4,3,3,3,1,1,3,1","0.000511884689331055","louvain","graph_2024M08.graphml"
"0.17","0.48","0.35","0.135790082644628","1,2,3,1,3,3,3,3,2,3,3,3,3,1,1,3,1","0.000522851943969727","louvain","graph_2024M08.graphml"
"0.16","0.49","0.35","0.135516681433856","1,2,3,1,4,4,4,4,2,4,4,3,4,1,1,4,1","0.000540018081665039","louvain","graph_2024M08.graphml"
"0.15","0.5","0.35","0.136386460302457","1,2,3,1,3,4,3,3,2,4,3,3,3,1,1,3,1","0.000520944595336914","louvain","graph_2024M08.graphml"
"0.14","0.51","0.35","0.138377607266705","1,2,3,1,3,4,3,3,2,4,3,3,3,1,1,3,1","0.000746011734008789","louvain","graph_2024M08.graphml"
"0.13","0.52","0.35","0.135942177001837","1,2,3,1,4,4,4,4,2,4,4,3,4,1,1,4,1","0.00091099739074707","louvain","graph_2024M08.graphml"
"0.12","0.53","0.35","0.135518176020408","1,2,3,1,4,4,4,4,2,4,4,3,4,1,1,4,1","0.000777959823608398","louvain","graph_2024M08.graphml"
"0.11","0.54","0.35","0.134986386681347","1,2,3,1,3,4,3,3,2,4,3,3,3,1,1,3,1","0.000541210174560547","louvain","graph_2024M08.graphml"
"0.1","0.55","0.35","0.137672646796271","1,2,3,1,3,4,3,3,2,4,3,3,3,1,1,3,1","0.000878095626831055","louvain","graph_2024M08.graphml"
"0.09","0.56","0.35","0.136979129666637","1,2,3,1,3,4,3,3,2,4,3,3,3,1,1,3,1","0.000537872314453125","louvain","graph_2024M08.graphml"
"0.08","0.57","0.35","0.136979129666637","1,2,3,1,3,4,3,3,2,4,3,3,3,1,1,3,1","0.000799894332885742","louvain","graph_2024M08.graphml"
"0.07","0.58","0.35","0.135297401247082","1,2,3,1,3,4,3,3,2,4,3,3,3,1,1,3,1","0.000520944595336914","louvain","graph_2024M08.graphml"
"0.06","0.59","0.35","0.136818556996184","1,2,3,1,3,4,3,3,2,4,3,3,3,1,1,3,1","0.000543117523193359","louvain","graph_2024M08.graphml"
"0.05","0.6","0.35","0.134885393776785","1,2,3,1,4,4,4,4,2,4,4,3,4,1,1,4,1","0.000586986541748047","louvain","graph_2024M08.graphml"
"0.04","0.61","0.35","0.136473102334105","1,2,3,1,4,4,2,4,5,2,4,3,4,1,1,4,1","0.000536918640136719","louvain","graph_2024M08.graphml"
"0.03","0.62","0.35","0.135207013804911","1,2,3,1,2,2,2,2,4,2,5,3,5,1,1,2,1","0.000528097152709961","louvain","graph_2024M08.graphml"
"0.02","0.63","0.35","0.135954432781193","1,2,3,1,2,2,2,2,4,2,5,3,5,1,1,2,1","0.000572919845581055","louvain","graph_2024M08.graphml"
"0.01","0.64","0.35","0.136035969084423","1,2,3,1,4,4,4,4,2,4,4,3,4,1,1,4,1","0.000585794448852539","louvain","graph_2024M08.graphml"
"0","0.65","0.35","0.13631950430876","1,2,3,1,4,4,4,4,2,4,5,3,5,1,1,4,5","0.000558853149414062","louvain","graph_2024M08.graphml"
"0.64","0","0.36","0.135261060040218","1,2,3,1,3,1,3,3,2,3,3,3,3,1,2,2,1","0.000539064407348633","louvain","graph_2024M08.graphml"
"0.63","0.01","0.36","0.133305292955189","1,2,3,1,3,1,3,3,2,3,3,3,3,1,2,3,1","0.000504970550537109","louvain","graph_2024M08.graphml"
"0.62","0.02","0.36","0.133941274238227","1,2,3,1,3,1,3,3,2,3,3,3,3,1,2,3,1","0.000496864318847656","louvain","graph_2024M08.graphml"
"0.61","0.03","0.36","0.132721470941318","1,2,3,1,3,1,3,3,2,3,3,3,3,1,2,3,1","0.000494003295898438","louvain","graph_2024M08.graphml"
"0.6","0.04","0.36","0.131796409534477","1,2,3,1,3,1,3,3,2,3,3,3,3,1,2,3,1","0.000699996948242188","louvain","graph_2024M08.graphml"
"0.59","0.05","0.36","0.13409762140521","1,2,2,1,3,1,3,3,2,3,3,3,3,1,2,3,1","0.000515937805175781","louvain","graph_2024M08.graphml"
"0.58","0.06","0.36","0.132220214688065","1,2,3,1,2,1,2,2,3,2,1,2,2,1,3,2,1","0.00048518180847168","louvain","graph_2024M08.graphml"
"0.57","0.07","0.36","0.133736310803548","1,2,3,1,2,1,3,3,2,3,3,4,3,1,2,2,1","0.000607013702392578","louvain","graph_2024M08.graphml"
"0.56","0.08","0.36","0.134747680044831","1,2,2,1,3,1,3,3,2,3,3,3,3,1,2,3,1","0.000488996505737305","louvain","graph_2024M08.graphml"
"0.55","0.09","0.36","0.137136481099713","1,2,2,1,3,1,3,3,2,3,3,3,3,1,2,3,1","0.000502109527587891","louvain","graph_2024M08.graphml"
"0.54","0.1","0.36","0.137147241914182","1,2,2,1,3,1,3,3,2,3,3,3,3,1,2,3,1","0.000530004501342773","louvain","graph_2024M08.graphml"
"0.53","0.11","0.36","0.137588306643282","1,2,3,1,2,1,3,3,2,3,3,3,3,1,2,2,1","0.000488996505737305","louvain","graph_2024M08.graphml"
"0.52","0.12","0.36","0.138620455125117","1,2,2,1,3,1,3,3,2,3,3,3,3,1,2,3,1","0.00055384635925293","louvain","graph_2024M08.graphml"
"0.51","0.13","0.36","0.138620455125117","1,2,2,1,3,1,3,3,2,3,3,3,3,1,2,3,1","0.000497102737426758","louvain","graph_2024M08.graphml"
"0.5","0.14","0.36","0.138620455125117","1,2,2,1,3,1,3,3,2,3,3,3,3,1,2,3,1","0.000505924224853516","louvain","graph_2024M08.graphml"
"0.49","0.15","0.36","0.138763890904985","1,2,3,1,2,1,3,3,2,3,3,3,3,1,1,2,1","0.000487089157104492","louvain","graph_2024M08.graphml"
"0.48","0.16","0.36","0.138662","1,2,3,1,2,1,3,3,2,3,3,3,3,1,1,2,1","0.000520944595336914","louvain","graph_2024M08.graphml"
"0.47","0.17","0.36","0.137549259876483","1,2,3,1,2,1,4,4,2,3,4,4,4,1,1,4,1","0.0005340576171875","louvain","graph_2024M08.graphml"
"0.46","0.18","0.36","0.139290563277819","1,2,3,1,3,1,3,3,2,3,1,4,3,1,1,3,1","0.000536918640136719","louvain","graph_2024M08.graphml"
"0.45","0.19","0.36","0.138822614803099","1,2,3,1,3,1,3,3,2,3,3,3,3,1,1,3,1","0.00064396858215332","louvain","graph_2024M08.graphml"
"0.44","0.2","0.36","0.139875411987305","1,2,3,1,3,1,3,3,2,3,3,3,3,1,1,3,1","0.000517129898071289","louvain","graph_2024M08.graphml"
"0.43","0.21","0.36","0.138531620463595","1,2,3,1,3,1,3,3,2,3,3,4,3,1,1,3,1","0.000519990921020508","louvain","graph_2024M08.graphml"
"0.42","0.22","0.36","0.139087567159959","1,2,3,1,3,1,3,3,2,3,3,3,3,1,1,3,1","0.000720024108886719","louvain","graph_2024M08.graphml"
"0.41","0.23","0.36","0.139087567159959","1,2,3,1,3,1,3,3,2,3,3,3,3,1,1,3,1","0.000566005706787109","louvain","graph_2024M08.graphml"
"0.4","0.24","0.36","0.138765448598721","1,2,3,1,3,1,3,3,2,3,3,3,3,1,1,3,1","0.000540018081665039","louvain","graph_2024M08.graphml"
"0.39","0.25","0.36","0.138195266272189","1,2,3,1,2,4,3,3,2,4,3,3,3,1,1,3,1","0.000597000122070312","louvain","graph_2024M08.graphml"
"0.38","0.26","0.36","0.137153647328071","1,2,3,1,2,4,3,3,2,4,3,3,3,1,1,3,1","0.000526905059814453","louvain","graph_2024M08.graphml"
"0.37","0.27","0.36","0.136294506249794","1,2,3,1,3,1,3,3,2,3,3,3,3,1,1,3,1","0.000557899475097656","louvain","graph_2024M08.graphml"
"0.36","0.28","0.36","0.137006802721088","1,2,3,1,2,4,3,3,2,4,3,3,3,1,1,3,1","0.000527143478393555","louvain","graph_2024M08.graphml"
"0.35","0.29","0.36","0.139202751951331","1,2,3,1,4,2,3,3,4,2,3,3,3,1,1,3,1","0.000571012496948242","louvain","graph_2024M08.graphml"
"0.34","0.3","0.36","0.139202751951331","1,2,3,1,4,2,3,3,4,2,3,3,3,1,1,3,1","0.000529050827026367","louvain","graph_2024M08.graphml"
"0.33","0.31","0.36","0.139202751951331","1,2,3,1,4,2,3,3,4,2,3,3,3,1,1,3,1","0.000542163848876953","louvain","graph_2024M08.graphml"
"0.32","0.32","0.36","0.140571377714489","1,2,3,1,3,4,3,3,2,4,3,3,3,1,1,3,1","0.000533819198608398","louvain","graph_2024M08.graphml"
"0.31","0.33","0.36","0.138852182147097","1,2,3,1,3,4,3,3,2,4,3,3,3,1,1,3,1","0.00111889839172363","louvain","graph_2024M08.graphml"
"0.3","0.34","0.36","0.136726914390719","1,2,3,1,3,4,3,3,2,4,3,3,3,1,1,3,1","0.00049591064453125","louvain","graph_2024M08.graphml"
"0.29","0.35","0.36","0.134730154766983","1,2,3,1,3,4,3,3,2,4,3,3,3,1,1,3,1","0.000550985336303711","louvain","graph_2024M08.graphml"
"0.28","0.36","0.36","0.13562585733882","1,2,3,1,3,4,3,3,2,4,3,3,3,1,1,3,1","0.000501871109008789","louvain","graph_2024M08.graphml"
"0.27","0.37","0.36","0.137043681322422","1,2,3,1,3,4,3,3,2,4,3,3,3,1,1,3,1","0.00153803825378418","louvain","graph_2024M08.graphml"
"0.26","0.38","0.36","0.135760772599481","1,2,3,1,3,4,3,3,2,4,3,3,3,1,1,3,1","0.000509023666381836","louvain","graph_2024M08.graphml"
"0.25","0.39","0.36","0.135696118766481","1,2,3,1,3,4,3,3,2,4,3,3,3,1,1,3,1","0.000561952590942383","louvain","graph_2024M08.graphml"
"0.24","0.4","0.36","0.136033058948046","1,2,3,1,3,4,3,3,2,4,3,3,3,1,1,3,1","0.000564098358154297","louvain","graph_2024M08.graphml"
"0.23","0.41","0.36","0.135516681433856","1,2,3,1,4,4,4,4,2,4,4,3,4,1,1,4,1","0.000559091567993164","louvain","graph_2024M08.graphml"
"0.22","0.42","0.36","0.135818696177274","1,2,3,1,4,2,3,3,4,2,3,3,3,1,1,3,1","0.000535011291503906","louvain","graph_2024M08.graphml"
"0.21","0.43","0.36","0.136208099991884","1,2,3,1,3,4,3,3,2,4,3,3,3,1,1,3,1","0.000576972961425781","louvain","graph_2024M08.graphml"
"0.2","0.44","0.36","0.135737852861454","1,2,3,1,3,4,3,3,2,4,3,3,3,1,1,3,1","0.000558853149414062","louvain","graph_2024M08.graphml"
"0.19","0.45","0.36","0.134622130102041","1,2,3,1,4,2,3,3,4,2,3,3,3,1,1,3,1","0.000545978546142578","louvain","graph_2024M08.graphml"
"0.18","0.46","0.36","0.135797191523461","1,2,3,1,3,4,3,3,2,4,3,3,3,1,1,3,1","0.000530004501342773","louvain","graph_2024M08.graphml"
"0.17","0.47","0.36","0.134662072206124","1,2,3,1,3,4,3,3,2,4,3,3,3,1,1,3,1","0.000519990921020508","louvain","graph_2024M08.graphml"
"0.16","0.48","0.36","0.135528911585861","1,2,3,1,3,4,3,3,2,4,3,3,3,1,1,3,1","0.000528097152709961","louvain","graph_2024M08.graphml"
"0.15","0.49","0.36","0.13550913757191","1,2,3,1,3,4,3,3,2,4,3,3,3,1,1,3,1","0.000555992126464844","louvain","graph_2024M08.graphml"
"0.14","0.5","0.36","0.136286549707602","1,2,3,1,3,4,3,3,2,4,3,3,3,1,1,3,1","0.00054621696472168","louvain","graph_2024M08.graphml"
"0.13","0.51","0.36","0.134862951733581","1,2,3,1,3,4,3,3,2,4,3,3,3,1,1,3,1","0.000554084777832031","louvain","graph_2024M08.graphml"
"0.12","0.52","0.36","0.135720572961877","1,2,3,1,3,4,3,3,2,4,3,3,3,1,1,3,1","0.000587940216064453","louvain","graph_2024M08.graphml"
"0.11","0.53","0.36","0.135720572961877","1,2,3,1,3,4,3,3,2,4,3,3,3,1,1,3,1","0.000762939453125","louvain","graph_2024M08.graphml"
"0.1","0.54","0.36","0.135822060667438","1,2,3,1,4,4,4,4,2,5,4,3,4,1,1,4,1","0.000544071197509766","louvain","graph_2024M08.graphml"
"0.09","0.55","0.36","0.135787388774046","1,2,3,1,4,4,2,4,5,2,4,3,4,1,1,4,4","0.000488996505737305","louvain","graph_2024M08.graphml"
"0.08","0.56","0.36","0.135898400585376","1,2,3,1,4,4,2,4,5,2,4,3,4,1,1,4,4","0.000606060028076172","louvain","graph_2024M08.graphml"
"0.07","0.57","0.36","0.135728498718721","1,2,3,1,4,4,2,4,5,2,4,3,4,1,1,4,4","0.000515937805175781","louvain","graph_2024M08.graphml"
"0.06","0.58","0.36","0.136806194754913","1,2,3,1,4,4,4,4,2,4,4,3,4,1,1,4,4","0.000553131103515625","louvain","graph_2024M08.graphml"
"0.05","0.59","0.36","0.138464460515743","1,2,3,1,4,4,4,4,2,3,4,3,4,3,1,4,1","0.000579118728637695","louvain","graph_2024M08.graphml"
"0.04","0.6","0.36","0.140662682945941","1,2,3,1,4,4,4,4,2,3,4,3,4,3,1,4,1","0.000792980194091797","louvain","graph_2024M08.graphml"
"0.03","0.61","0.36","0.140662682945941","1,2,3,1,4,4,4,4,2,3,4,3,4,3,1,4,1","0.000610113143920898","louvain","graph_2024M08.graphml"
"0.02","0.62","0.36","0.138173041325374","1,2,3,1,4,4,4,4,2,4,4,3,4,1,1,4,4","0.000544071197509766","louvain","graph_2024M08.graphml"
"0.01","0.63","0.36","0.136664751508187","1,2,3,1,4,4,4,4,2,4,4,3,4,1,1,4,4","0.000519037246704102","louvain","graph_2024M08.graphml"
"0","0.64","0.36","0.138986603118451","1,2,3,1,4,4,4,4,2,3,4,3,4,3,1,4,2","0.000573873519897461","louvain","graph_2024M08.graphml"
"0.63","0","0.37","0.130577107025189","1,2,2,1,3,1,3,3,2,3,3,3,3,1,2,3,1","0.000520944595336914","louvain","graph_2024M08.graphml"
"0.62","0.01","0.37","0.133499358065582","1,2,2,1,3,1,3,3,2,3,3,3,3,1,2,3,1","0.000490903854370117","louvain","graph_2024M08.graphml"
"0.61","0.02","0.37","0.133499358065582","1,2,2,1,3,1,3,3,2,3,3,3,3,1,2,3,1","0.000512838363647461","louvain","graph_2024M08.graphml"
"0.6","0.03","0.37","0.135446177840643","1,2,3,1,2,1,3,3,2,3,3,4,3,1,2,2,1","0.000518083572387695","louvain","graph_2024M08.graphml"
"0.59","0.04","0.37","0.13652381188446","1,2,2,1,3,1,3,3,2,3,3,3,3,1,2,3,1","0.000567913055419922","louvain","graph_2024M08.graphml"
"0.58","0.05","0.37","0.137392102846648","1,2,2,1,3,1,3,3,2,3,3,3,3,1,2,3,1","0.000658035278320312","louvain","graph_2024M08.graphml"
"0.57","0.06","0.37","0.138009316467222","1,2,2,1,3,1,3,3,2,3,3,3,3,1,2,3,1","0.000516891479492188","louvain","graph_2024M08.graphml"
"0.56","0.07","0.37","0.13692722698021","1,2,2,1,3,1,3,3,2,3,3,3,3,1,1,3,1","0.000514030456542969","louvain","graph_2024M08.graphml"
"0.55","0.08","0.37","0.136382","1,2,2,1,3,1,3,3,2,3,3,3,3,1,1,3,1","0.000519037246704102","louvain","graph_2024M08.graphml"
"0.54","0.09","0.37","0.137284313608312","1,2,3,1,2,1,4,4,2,3,4,4,4,4,1,2,1","0.000605106353759766","louvain","graph_2024M08.graphml"
"0.53","0.1","0.37","0.137678896798138","1,2,2,1,3,1,3,3,2,3,3,3,3,1,1,3,1","0.000490903854370117","louvain","graph_2024M08.graphml"
"0.52","0.11","0.37","0.13656868565358","1,2,2,1,3,1,3,3,2,4,4,3,3,1,1,3,1","0.000514030456542969","louvain","graph_2024M08.graphml"
"0.51","0.12","0.37","0.136615575823777","1,2,2,1,3,1,3,3,2,3,3,3,3,1,1,3,1","0.000502109527587891","louvain","graph_2024M08.graphml"
"0.5","0.13","0.37","0.139959335327148","1,2,2,1,3,1,3,3,2,3,3,3,3,1,1,3,1","0.000522136688232422","louvain","graph_2024M08.graphml"
"0.49","0.14","0.37","0.138524050326273","1,2,3,1,3,1,3,3,2,3,3,3,3,1,1,3,1","0.000555992126464844","louvain","graph_2024M08.graphml"
"0.48","0.15","0.37","0.138524050326273","1,2,3,1,3,1,3,3,2,3,3,3,3,1,1,3,1","0.000620126724243164","louvain","graph_2024M08.graphml"
"0.47","0.16","0.37","0.137951820804038","1,2,3,1,3,1,3,3,2,3,3,3,3,1,1,3,1","0.000546932220458984","louvain","graph_2024M08.graphml"
"0.46","0.17","0.37","0.137078121925594","1,2,3,1,3,1,3,3,2,3,3,3,3,1,1,3,1","0.000584840774536133","louvain","graph_2024M08.graphml"
"0.45","0.18","0.37","0.136296227810651","1,2,3,1,3,1,3,3,2,3,3,3,3,1,1,3,1","0.000573158264160156","louvain","graph_2024M08.graphml"
"0.44","0.19","0.37","0.135563529459441","1,2,3,1,2,4,3,3,2,4,3,3,3,1,1,3,1","0.000541925430297852","louvain","graph_2024M08.graphml"
"0.43","0.2","0.37","0.136362135024442","1,2,3,1,2,4,3,3,2,4,3,3,3,1,1,3,1","0.000544071197509766","louvain","graph_2024M08.graphml"
"0.42","0.21","0.37","0.136215474039974","1,2,3,1,2,4,3,3,2,4,3,3,3,1,1,3,1","0.000573873519897461","louvain","graph_2024M08.graphml"
"0.41","0.22","0.37","0.136215474039974","1,2,3,1,2,4,3,3,2,4,3,3,3,1,1,3,1","0.000509023666381836","louvain","graph_2024M08.graphml"
"0.4","0.23","0.37","0.138428107975761","1,2,3,1,4,2,3,3,4,2,3,3,3,1,1,3,1","0.000502109527587891","louvain","graph_2024M08.graphml"
"0.39","0.24","0.37","0.138371973428949","1,2,3,1,4,2,3,3,4,2,3,3,3,1,1,3,1","0.000591039657592773","louvain","graph_2024M08.graphml"
"0.38","0.25","0.37","0.13732050992142","1,2,3,1,4,2,3,3,4,2,3,3,3,1,1,3,1","0.000504016876220703","louvain","graph_2024M08.graphml"
"0.37","0.26","0.37","0.136726914390719","1,2,3,1,3,4,3,3,2,4,3,3,3,1,1,3,1","0.000535964965820312","louvain","graph_2024M08.graphml"
"0.36","0.27","0.37","0.13382539262642","1,2,3,3,3,4,3,3,2,4,1,3,3,1,1,3,1","0.000540971755981445","louvain","graph_2024M08.graphml"
"0.35","0.28","0.37","0.136337855890885","1,2,3,1,3,4,3,3,2,4,3,3,3,1,1,3,1","0.000551939010620117","louvain","graph_2024M08.graphml"
"0.34","0.29","0.37","0.13648172454375","1,2,3,1,3,4,3,3,2,4,3,3,3,1,1,3,1","0.000550985336303711","louvain","graph_2024M08.graphml"
"0.33","0.3","0.37","0.13648172454375","1,2,3,1,3,4,3,3,2,4,3,3,3,1,1,3,1","0.000554800033569336","louvain","graph_2024M08.graphml"
"0.32","0.31","0.37","0.134704801038062","1,2,3,1,4,2,3,3,4,2,3,3,3,1,1,3,1","0.000530004501342773","louvain","graph_2024M08.graphml"
"0.31","0.32","0.37","0.13597665568462","1,2,3,1,3,4,3,3,2,4,3,3,3,1,1,3,1","0.000619173049926758","louvain","graph_2024M08.graphml"
"0.3","0.33","0.37","0.135421487603306","1,2,3,1,3,4,3,3,2,4,3,3,3,1,1,3,1","0.000531911849975586","louvain","graph_2024M08.graphml"
"0.29","0.34","0.37","0.136330668452006","1,2,3,1,3,4,3,3,2,4,3,3,3,1,1,3,1","0.000547885894775391","louvain","graph_2024M08.graphml"
"0.28","0.35","0.37","0.137214732071326","1,2,3,1,3,4,3,3,2,4,3,3,3,1,1,3,1","0.000550031661987305","louvain","graph_2024M08.graphml"
"0.27","0.36","0.37","0.134880718387482","1,2,3,1,4,2,3,3,4,2,3,3,3,1,1,3,1","0.00064396858215332","louvain","graph_2024M08.graphml"
"0.26","0.37","0.37","0.133754783163265","1,2,3,1,3,4,3,3,2,4,3,3,3,1,1,3,1","0.000519990921020508","louvain","graph_2024M08.graphml"
"0.25","0.38","0.37","0.133640589601584","1,2,3,1,4,4,4,4,2,4,4,3,4,1,1,4,1","0.000486135482788086","louvain","graph_2024M08.graphml"
"0.24","0.39","0.37","0.133548444495283","1,2,3,1,4,2,2,2,4,2,2,3,2,1,1,2,1","0.000573158264160156","louvain","graph_2024M08.graphml"
"0.23","0.4","0.37","0.13295043005885","1,2,3,1,3,4,3,3,2,4,3,3,3,1,1,3,1","0.000507116317749023","louvain","graph_2024M08.graphml"
"0.22","0.41","0.37","0.133449355965523","1,2,3,1,4,4,4,4,2,5,4,3,4,5,1,4,1","0.000524997711181641","louvain","graph_2024M08.graphml"
"0.21","0.42","0.37","0.133541408631676","1,2,3,1,4,4,4,4,2,5,4,3,4,5,1,4,1","0.000530004501342773","louvain","graph_2024M08.graphml"
"0.2","0.43","0.37","0.133045552477685","1,2,3,1,4,4,4,4,2,5,4,3,4,5,1,4,1","0.000813007354736328","louvain","graph_2024M08.graphml"
"0.19","0.44","0.37","0.136038851274179","1,2,3,1,4,4,4,4,2,5,4,3,4,5,1,4,1","0.000581026077270508","louvain","graph_2024M08.graphml"
"0.18","0.45","0.37","0.133229950327932","1,2,3,1,3,4,3,3,2,4,3,3,3,1,1,3,1","0.000562906265258789","louvain","graph_2024M08.graphml"
"0.17","0.46","0.37","0.133201316550926","1,2,3,1,4,4,4,4,2,5,4,3,4,5,1,4,1","0.000835180282592773","louvain","graph_2024M08.graphml"
"0.16","0.47","0.37","0.131843472704475","1,2,3,1,2,2,2,2,4,2,2,3,2,1,1,2,2","0.000553131103515625","louvain","graph_2024M08.graphml"
"0.15","0.48","0.37","0.135243004286468","1,2,3,1,3,4,3,3,2,4,3,3,3,1,1,3,1","0.000540971755981445","louvain","graph_2024M08.graphml"
"0.14","0.49","0.37","0.132820866182836","1,2,3,1,2,2,2,2,4,2,2,3,2,1,1,2,2","0.000666141510009766","louvain","graph_2024M08.graphml"
"0.13","0.5","0.37","0.135728498718721","1,2,3,1,4,4,2,4,5,2,4,3,4,1,1,4,4","0.000593900680541992","louvain","graph_2024M08.graphml"
"0.12","0.51","0.37","0.135728498718721","1,2,3,1,4,4,2,4,5,2,4,3,4,1,1,4,4","0.000504016876220703","louvain","graph_2024M08.graphml"
"0.11","0.52","0.37","0.139025494922931","1,2,3,1,4,4,3,4,2,3,4,3,4,1,1,4,4","0.000559091567993164","louvain","graph_2024M08.graphml"
"0.1","0.53","0.37","0.138710118929749","1,2,3,1,4,5,4,4,2,5,4,3,4,1,1,4,4","0.000706911087036133","louvain","graph_2024M08.graphml"
"0.09","0.54","0.37","0.140311096223385","1,2,3,1,4,4,4,4,2,3,4,3,4,3,1,4,1","0.000669956207275391","louvain","graph_2024M08.graphml"
"0.08","0.55","0.37","0.140018660975164","1,2,3,1,4,4,4,4,2,3,4,3,4,3,1,4,1","0.000551939010620117","louvain","graph_2024M08.graphml"
"0.07","0.56","0.37","0.140281887335759","1,2,3,1,4,4,4,4,2,3,4,3,4,3,1,4,1","0.000548124313354492","louvain","graph_2024M08.graphml"
"0.06","0.57","0.37","0.138921856631005","1,2,3,1,4,4,4,4,2,3,4,3,4,3,1,4,2","0.000749111175537109","louvain","graph_2024M08.graphml"
"0.05","0.58","0.37","0.138626805069295","1,2,3,1,4,4,4,4,2,3,4,3,4,3,1,4,2","0.000514984130859375","louvain","graph_2024M08.graphml"
"0.04","0.59","0.37","0.136271950640721","1,2,3,1,4,4,4,4,2,5,4,3,4,5,1,4,2","0.000564098358154297","louvain","graph_2024M08.graphml"
"0.03","0.6","0.37","0.135817225599344","1,2,3,1,4,4,4,4,2,3,4,3,4,3,1,4,2","0.000563144683837891","louvain","graph_2024M08.graphml"
"0.02","0.61","0.37","0.135960472141328","1,2,3,1,4,4,4,4,2,3,4,3,4,3,1,4,2","0.000607013702392578","louvain","graph_2024M08.graphml"
"0.01","0.62","0.37","0.135872422690836","1,2,3,1,4,4,4,4,2,5,4,3,4,1,1,4,2","0.000563859939575195","louvain","graph_2024M08.graphml"
"0","0.63","0.37","0.135872422690836","1,2,3,1,4,4,4,4,2,5,4,3,4,1,1,4,2","0.000550985336303711","louvain","graph_2024M08.graphml"
"0.62","0","0.38","0.135140965468299","1,2,2,1,3,1,3,3,2,3,3,3,3,1,1,3,1","0.000517845153808594","louvain","graph_2024M08.graphml"
"0.61","0.01","0.38","0.136071742683764","1,2,3,1,2,1,3,3,2,3,3,3,3,1,1,2,1","0.000532150268554688","louvain","graph_2024M08.graphml"
"0.6","0.02","0.38","0.135965593762575","1,2,3,1,2,1,3,3,2,3,3,3,3,1,1,2,1","0.000529050827026367","louvain","graph_2024M08.graphml"
"0.59","0.03","0.38","0.135710224487795","1,2,2,1,3,1,3,3,2,4,4,3,3,1,1,3,1","0.000499963760375977","louvain","graph_2024M08.graphml"
"0.58","0.04","0.38","0.134772063303598","1,2,3,1,2,1,3,3,2,3,3,3,3,1,1,2,1","0.000484943389892578","louvain","graph_2024M08.graphml"
"0.57","0.05","0.38","0.136440960381921","1,2,2,1,3,1,3,3,2,3,3,3,3,1,1,3,1","0.000509977340698242","louvain","graph_2024M08.graphml"
"0.56","0.06","0.38","0.137051732855748","1,2,2,1,3,1,3,3,2,3,3,3,3,1,1,3,1","0.000483036041259766","louvain","graph_2024M08.graphml"
"0.55","0.07","0.38","0.138555526733398","1,2,2,1,3,1,3,3,2,3,3,3,3,1,1,3,1","0.000607967376708984","louvain","graph_2024M08.graphml"
"0.54","0.08","0.38","0.137421200825325","1,2,2,1,3,1,3,3,2,3,3,3,3,1,1,3,1","0.000553131103515625","louvain","graph_2024M08.graphml"
"0.53","0.09","0.38","0.137123113932859","1,2,2,1,3,1,3,3,2,3,3,3,3,1,1,3,1","0.00050806999206543","louvain","graph_2024M08.graphml"
"0.52","0.1","0.38","0.136512201666642","1,2,3,1,3,1,3,3,2,3,3,3,3,1,1,3,1","0.000517845153808594","louvain","graph_2024M08.graphml"
"0.51","0.11","0.38","0.137078121925594","1,2,3,1,3,1,3,3,2,3,3,3,3,1,1,3,1","0.000557184219360352","louvain","graph_2024M08.graphml"
"0.5","0.12","0.38","0.136296227810651","1,2,3,1,3,1,3,3,2,3,3,3,3,1,1,3,1","0.000540971755981445","louvain","graph_2024M08.graphml"
"0.49","0.13","0.38","0.136475903172296","1,2,3,1,2,4,3,3,2,4,3,3,3,1,1,3,1","0.000548839569091797","louvain","graph_2024M08.graphml"
"0.48","0.14","0.38","0.138065599324049","1,2,3,1,2,4,3,3,2,4,3,3,3,1,1,3,1","0.000509977340698242","louvain","graph_2024M08.graphml"
"0.47","0.15","0.38","0.13630564270121","1,2,3,1,2,4,3,3,2,4,3,3,3,1,1,3,1","0.000524997711181641","louvain","graph_2024M08.graphml"
"0.46","0.16","0.38","0.136820551670413","1,2,3,1,2,4,3,3,2,4,3,3,3,1,1,3,1","0.000527143478393555","louvain","graph_2024M08.graphml"
"0.45","0.17","0.38","0.138090527968348","1,2,3,1,4,2,3,3,4,2,3,3,3,1,1,3,1","0.000523090362548828","louvain","graph_2024M08.graphml"
"0.44","0.18","0.38","0.137042531105781","1,2,3,1,4,2,3,3,4,2,3,3,3,1,1,3,1","0.000504016876220703","louvain","graph_2024M08.graphml"
"0.43","0.19","0.38","0.138781595058111","1,2,3,1,4,2,3,3,4,2,3,3,3,1,1,3,1","0.000484943389892578","louvain","graph_2024M08.graphml"
"0.42","0.2","0.38","0.135927138791683","1,2,3,1,2,4,3,3,2,4,3,3,3,1,1,3,1","0.000586986541748047","louvain","graph_2024M08.graphml"
"0.41","0.21","0.38","0.137179998378028","1,2,3,1,3,4,3,3,2,4,3,3,3,1,1,3,1","0.000540018081665039","louvain","graph_2024M08.graphml"
"0.4","0.22","0.38","0.137179998378028","1,2,3,1,3,4,3,3,2,4,3,3,3,1,1,3,1","0.000697851181030273","louvain","graph_2024M08.graphml"
"0.39","0.23","0.38","0.134170926753344","1,2,3,1,4,4,4,4,2,4,4,3,4,1,1,4,1","0.000555992126464844","louvain","graph_2024M08.graphml"
"0.38","0.24","0.38","0.131164169526986","1,2,3,1,4,3,3,4,2,3,3,4,3,3,1,4,1","0.000530004501342773","louvain","graph_2024M08.graphml"
"0.37","0.25","0.38","0.135441086365816","1,2,3,1,3,4,3,3,2,4,3,3,3,1,1,3,1","0.000520944595336914","louvain","graph_2024M08.graphml"
"0.36","0.26","0.38","0.133488276415805","1,2,3,1,4,4,4,4,2,4,4,3,4,1,1,4,1","0.000555038452148438","louvain","graph_2024M08.graphml"
"0.35","0.27","0.38","0.132712207900533","1,2,3,1,4,4,4,4,2,4,4,3,4,1,1,4,1","0.000548839569091797","louvain","graph_2024M08.graphml"
"0.34","0.28","0.38","0.135492781604453","1,2,3,1,4,4,4,4,2,4,4,3,4,1,1,4,1","0.000568151473999023","louvain","graph_2024M08.graphml"
"0.33","0.29","0.38","0.133640589601584","1,2,3,1,4,4,4,4,2,4,4,3,4,1,1,4,1","0.000557184219360352","louvain","graph_2024M08.graphml"
"0.32","0.3","0.38","0.131419574797996","1,2,3,1,4,3,3,3,2,3,3,4,3,3,1,4,1","0.000550031661987305","louvain","graph_2024M08.graphml"
"0.31","0.31","0.38","0.134248236471169","1,2,3,1,4,4,4,4,2,4,4,3,4,1,1,4,1","0.000522851943969727","louvain","graph_2024M08.graphml"
"0.3","0.32","0.38","0.133901107048323","1,2,3,1,4,4,4,4,2,4,4,3,4,1,1,4,1","0.000545978546142578","louvain","graph_2024M08.graphml"
"0.29","0.33","0.38","0.132675835632858","1,2,3,1,4,4,4,4,2,5,4,3,4,5,1,4,1","0.000547885894775391","louvain","graph_2024M08.graphml"
"0.28","0.34","0.38","0.132265800696136","1,2,3,1,3,4,3,3,2,4,3,3,3,1,1,3,1","0.000549077987670898","louvain","graph_2024M08.graphml"
"0.27","0.35","0.38","0.130276654692814","1,2,3,1,4,2,2,2,4,2,2,3,2,1,1,2,2","0.0005340576171875","louvain","graph_2024M08.graphml"
"0.26","0.36","0.38","0.13038390877221","1,2,3,1,4,4,4,4,2,5,4,3,4,5,1,4,1","0.000573158264160156","louvain","graph_2024M08.graphml"
"0.25","0.37","0.38","0.131401596655093","1,2,3,1,3,4,3,3,2,4,3,3,3,1,1,3,1","0.000571012496948242","louvain","graph_2024M08.graphml"
"0.24","0.38","0.38","0.133201316550926","1,2,3,1,4,4,4,4,2,5,4,3,4,5,1,4,1","0.000695943832397461","louvain","graph_2024M08.graphml"
"0.23","0.39","0.38","0.133330240298847","1,2,3,1,4,4,4,4,2,5,4,3,4,5,1,4,1","0.000590085983276367","louvain","graph_2024M08.graphml"
"0.22","0.4","0.38","0.131175093689012","1,2,3,1,4,2,3,2,4,2,3,3,3,1,1,2,3","0.000536203384399414","louvain","graph_2024M08.graphml"
"0.21","0.41","0.38","0.135804102259215","1,2,3,1,4,4,4,4,2,5,4,3,4,5,1,4,1","0.000581026077270508","louvain","graph_2024M08.graphml"
"0.2","0.42","0.38","0.136559021924926","1,2,3,1,3,4,3,3,2,4,3,3,3,1,1,3,1","0.000555038452148438","louvain","graph_2024M08.graphml"
"0.19","0.43","0.38","0.137693482283922","1,2,3,1,4,4,4,4,2,3,4,3,4,3,1,4,1","0.000597000122070312","louvain","graph_2024M08.graphml"
"0.18","0.44","0.38","0.137693482283922","1,2,3,1,4,4,4,4,2,3,4,3,4,3,1,4,1","0.000523090362548828","louvain","graph_2024M08.graphml"
"0.17","0.45","0.38","0.137003634288111","1,2,3,1,4,4,4,4,2,3,4,3,4,3,1,4,1","0.000571966171264648","louvain","graph_2024M08.graphml"
"0.16","0.46","0.38","0.137465870702022","1,2,3,1,4,4,4,4,2,3,4,3,4,3,1,4,1","0.000568151473999023","louvain","graph_2024M08.graphml"
"0.15","0.47","0.38","0.136649265971215","1,2,3,1,4,4,4,4,2,5,4,3,4,1,1,4,1","0.000529050827026367","louvain","graph_2024M08.graphml"
"0.14","0.48","0.38","0.138723235482104","1,2,3,1,4,4,4,4,2,3,4,3,4,3,1,4,1","0.000543832778930664","louvain","graph_2024M08.graphml"
"0.13","0.49","0.38","0.138001553562601","1,2,3,1,4,4,4,4,2,3,4,3,4,3,1,4,1","0.000522136688232422","louvain","graph_2024M08.graphml"
"0.12","0.5","0.38","0.13768495628496","1,2,3,1,4,4,4,4,2,3,4,3,4,3,1,4,2","0.000550031661987305","louvain","graph_2024M08.graphml"
"0.11","0.51","0.38","0.136847627775117","1,2,3,1,4,4,4,4,2,3,4,3,4,3,1,4,2","0.000545024871826172","louvain","graph_2024M08.graphml"
"0.1","0.52","0.38","0.136212624584718","1,2,3,1,4,4,4,4,2,3,4,3,4,3,1,4,2","0.000583887100219727","louvain","graph_2024M08.graphml"
"0.09","0.53","0.38","0.135817225599344","1,2,3,1,4,4,4,4,2,3,4,3,4,3,1,4,2","0.000577211380004883","louvain","graph_2024M08.graphml"
"0.08","0.54","0.38","0.13576098727368","1,2,3,1,4,4,4,4,2,5,4,3,4,1,1,4,2","0.000528097152709961","louvain","graph_2024M08.graphml"
"0.07","0.55","0.38","0.134249260544487","1,2,3,1,4,4,4,4,2,5,4,3,4,1,1,4,2","0.000629901885986328","louvain","graph_2024M08.graphml"
"0.06","0.56","0.38","0.134090179869015","1,2,3,1,4,4,4,4,2,3,4,3,4,1,1,4,2","0.000597953796386719","louvain","graph_2024M08.graphml"
"0.05","0.57","0.38","0.135731716137051","1,2,3,1,4,4,4,4,2,5,4,3,4,1,1,4,2","0.000566005706787109","louvain","graph_2024M08.graphml"
"0.04","0.58","0.38","0.13745013558862","1,2,3,1,4,4,4,4,2,4,4,3,4,1,1,4,2","0.00055694580078125","louvain","graph_2024M08.graphml"
"0.03","0.59","0.38","0.134008857161742","1,2,3,3,3,4,3,3,2,3,4,3,4,1,1,2,4","0.000606060028076172","louvain","graph_2024M08.graphml"
"0.02","0.6","0.38","0.133373829903862","1,2,3,3,3,4,3,3,2,3,4,3,4,1,1,2,4","0.000535964965820312","louvain","graph_2024M08.graphml"
"0.01","0.61","0.38","0.135193808532778","1,2,3,1,4,4,4,4,2,4,4,3,4,1,1,4,2","0.000528097152709961","louvain","graph_2024M08.graphml"
"0","0.62","0.38","0.135227871920266","1,2,3,1,4,4,4,4,2,4,4,3,4,1,1,4,2","0.000577926635742188","louvain","graph_2024M08.graphml"
"0.61","0","0.39","0.135719299316406","1,2,2,1,3,1,3,3,2,3,3,3,3,1,1,3,1","0.00052189826965332","louvain","graph_2024M08.graphml"
"0.6","0.01","0.39","0.136706778438796","1,2,2,1,3,1,3,3,2,4,3,3,3,1,1,3,1","0.000524997711181641","louvain","graph_2024M08.graphml"
"0.59","0.02","0.39","0.138303243602452","1,2,2,1,3,1,3,3,2,3,3,3,3,1,1,3,1","0.000524044036865234","louvain","graph_2024M08.graphml"
"0.58","0.03","0.39","0.138303243602452","1,2,2,1,3,1,3,3,2,3,3,3,3,1,1,3,1","0.000504970550537109","louvain","graph_2024M08.graphml"
"0.57","0.04","0.39","0.138303243602452","1,2,2,1,3,1,3,3,2,3,3,3,3,1,1,3,1","0.000552892684936523","louvain","graph_2024M08.graphml"
"0.56","0.05","0.39","0.138884985207101","1,2,2,1,3,1,3,3,2,3,3,3,3,1,1,3,1","0.000574827194213867","louvain","graph_2024M08.graphml"
"0.55","0.06","0.39","0.138459863945578","1,2,3,1,3,1,3,3,2,3,3,3,3,1,1,3,1","0.000523090362548828","louvain","graph_2024M08.graphml"
"0.54","0.07","0.39","0.136361345052191","1,2,3,1,4,1,4,4,2,4,4,3,4,1,1,4,1","0.000545024871826172","louvain","graph_2024M08.graphml"
"0.53","0.08","0.39","0.134444642221431","1,2,3,1,2,4,3,3,2,4,3,3,3,1,1,3,1","0.000566959381103516","louvain","graph_2024M08.graphml"
"0.52","0.09","0.39","0.133220150941263","1,2,3,1,4,4,4,4,2,4,4,3,4,1,1,4,1","0.000512838363647461","louvain","graph_2024M08.graphml"
"0.51","0.1","0.39","0.134598254990251","1,2,3,1,2,4,3,3,2,4,3,3,3,1,1,3,1","0.000540018081665039","louvain","graph_2024M08.graphml"
"0.5","0.11","0.39","0.132520118623301","1,2,3,1,3,3,3,3,2,3,3,3,3,1,1,3,1","0.000561952590942383","louvain","graph_2024M08.graphml"
"0.49","0.12","0.39","0.135079736060388","1,2,3,1,2,4,3,3,2,4,3,3,3,1,1,3,1","0.000545978546142578","louvain","graph_2024M08.graphml"
"0.48","0.13","0.39","0.134626775234542","1,2,3,1,2,4,3,3,2,4,3,3,3,1,1,3,1","0.000567913055419922","louvain","graph_2024M08.graphml"
"0.47","0.14","0.39","0.13551512808251","1,2,3,1,2,4,3,3,2,4,3,3,3,1,1,3,1","0.000520944595336914","louvain","graph_2024M08.graphml"
"0.46","0.15","0.39","0.136271018057959","1,2,3,1,2,4,3,3,2,4,3,3,3,1,1,3,1","0.000715970993041992","louvain","graph_2024M08.graphml"
"0.45","0.16","0.39","0.134546420729323","1,2,3,1,3,4,3,3,2,4,3,3,3,1,1,3,1","0.000492095947265625","louvain","graph_2024M08.graphml"
"0.44","0.17","0.39","0.133935944909159","1,2,3,1,3,4,3,3,2,4,3,3,3,1,1,3,1","0.000550985336303711","louvain","graph_2024M08.graphml"
"0.43","0.18","0.39","0.131878682876539","1,2,3,1,4,4,4,4,2,4,4,3,4,1,1,4,1","0.000525951385498047","louvain","graph_2024M08.graphml"
"0.42","0.19","0.39","0.134076021319051","1,2,3,1,3,4,3,3,2,4,3,3,3,1,1,3,1","0.000540971755981445","louvain","graph_2024M08.graphml"
"0.41","0.2","0.39","0.134076021319051","1,2,3,1,3,4,3,3,2,4,3,3,3,1,1,3,1","0.000527858734130859","louvain","graph_2024M08.graphml"
"0.4","0.21","0.39","0.131680870059248","1,2,3,1,4,4,4,4,2,4,4,3,4,1,1,4,1","0.000576019287109375","louvain","graph_2024M08.graphml"
"0.39","0.22","0.39","0.133062490199404","1,2,3,1,3,4,3,3,2,4,3,3,3,1,1,3,1","0.000768899917602539","louvain","graph_2024M08.graphml"
"0.38","0.23","0.39","0.133027742346939","1,2,3,1,4,4,4,4,2,4,4,3,4,1,1,4,1","0.000662803649902344","louvain","graph_2024M08.graphml"
"0.37","0.24","0.39","0.133754783163265","1,2,3,1,3,4,3,3,2,4,3,3,3,1,1,3,1","0.00053095817565918","louvain","graph_2024M08.graphml"
"0.36","0.25","0.39","0.131751106584176","1,2,3,1,3,4,3,3,2,4,3,3,3,1,1,3,1","0.000588893890380859","louvain","graph_2024M08.graphml"
"0.35","0.26","0.39","0.131281305792501","1,2,3,1,4,2,2,2,4,2,2,3,2,1,1,2,2","0.000554800033569336","louvain","graph_2024M08.graphml"
"0.34","0.27","0.39","0.130841886453279","1,2,3,1,3,4,3,3,2,4,3,3,3,1,1,3,1","0.000567913055419922","louvain","graph_2024M08.graphml"
"0.33","0.28","0.39","0.129610649430594","1,2,3,1,4,4,4,4,2,5,4,3,4,5,1,4,1","0.000630855560302734","louvain","graph_2024M08.graphml"
"0.32","0.29","0.39","0.129610649430594","1,2,3,1,4,4,4,4,2,5,4,3,4,5,1,4,1","0.000518798828125","louvain","graph_2024M08.graphml"
"0.31","0.3","0.39","0.129858122646584","1,2,3,1,3,3,3,3,2,4,3,3,3,4,1,3,1","0.000559091567993164","louvain","graph_2024M08.graphml"
"0.3","0.31","0.39","0.131364651750052","1,2,3,1,4,4,4,4,2,5,4,3,4,5,1,4,1","0.000580072402954102","louvain","graph_2024M08.graphml"
"0.29","0.32","0.39","0.131816345968364","1,2,3,1,4,4,4,4,2,5,4,3,4,5,1,4,1","0.000695943832397461","louvain","graph_2024M08.graphml"
"0.28","0.33","0.39","0.13257631507018","1,2,3,1,4,4,4,4,2,5,4,3,4,5,1,4,1","0.000529050827026367","louvain","graph_2024M08.graphml"
"0.27","0.34","0.39","0.135804102259215","1,2,3,1,4,4,4,4,2,5,4,3,4,5,1,4,1","0.000538110733032227","louvain","graph_2024M08.graphml"
"0.26","0.35","0.39","0.137287289946977","1,2,3,1,4,4,4,4,2,5,4,3,4,1,1,4,1","0.000583171844482422","louvain","graph_2024M08.graphml"
"0.25","0.36","0.39","0.137287289946977","1,2,3,1,4,4,4,4,2,5,4,3,4,1,1,4,1","0.00071406364440918","louvain","graph_2024M08.graphml"
"0.24","0.37","0.39","0.135856527138578","1,2,3,1,4,4,4,4,2,3,4,3,4,3,1,4,1","0.000572919845581055","louvain","graph_2024M08.graphml"
"0.23","0.38","0.39","0.136689128586239","1,2,3,1,4,4,4,4,2,3,4,3,4,3,1,4,1","0.000566005706787109","louvain","graph_2024M08.graphml"
"0.22","0.39","0.39","0.136649265971215","1,2,3,1,4,4,4,4,2,5,4,3,4,1,1,4,1","0.000614166259765625","louvain","graph_2024M08.graphml"
"0.21","0.4","0.39","0.136617351335823","1,2,3,1,4,4,4,4,2,3,4,3,4,3,1,4,1","0.00057220458984375","louvain","graph_2024M08.graphml"
"0.2","0.41","0.39","0.134750845303129","1,2,3,1,4,4,4,4,2,3,4,3,4,3,1,4,1","0.000573158264160156","louvain","graph_2024M08.graphml"
"0.19","0.42","0.39","0.136028500968425","1,2,3,1,4,4,4,4,2,3,4,3,4,3,1,4,1","0.000567913055419922","louvain","graph_2024M08.graphml"
"0.18","0.43","0.39","0.135659836019731","1,2,3,1,4,4,4,4,2,3,4,3,4,3,1,4,2","0.000571966171264648","louvain","graph_2024M08.graphml"
"0.17","0.44","0.39","0.135524264882988","1,2,3,1,4,4,4,4,2,3,4,3,4,3,1,4,2","0.00053715705871582","louvain","graph_2024M08.graphml"
"0.16","0.45","0.39","0.134892274919703","1,2,3,1,4,4,4,4,2,3,4,3,4,3,1,4,2","0.000543832778930664","louvain","graph_2024M08.graphml"
"0.15","0.46","0.39","0.135286023303089","1,2,3,1,4,4,4,4,2,5,4,3,4,1,1,4,2","0.000540018081665039","louvain","graph_2024M08.graphml"
"0.14","0.47","0.39","0.136009998268698","1,2,3,1,4,4,4,4,2,5,4,3,4,1,1,4,2","0.000535011291503906","louvain","graph_2024M08.graphml"
"0.13","0.48","0.39","0.134973125503897","1,2,3,1,4,4,4,4,2,5,4,3,4,1,1,4,2","0.000527143478393555","louvain","graph_2024M08.graphml"
"0.12","0.49","0.39","0.134973125503897","1,2,3,1,4,4,4,4,2,5,4,3,4,1,1,4,2","0.000601053237915039","louvain","graph_2024M08.graphml"
"0.11","0.5","0.39","0.135731716137051","1,2,3,1,4,4,4,4,2,5,4,3,4,1,1,4,2","0.00056910514831543","louvain","graph_2024M08.graphml"
"0.1","0.51","0.39","0.135731716137051","1,2,3,1,4,4,4,4,2,5,4,3,4,1,1,4,2","0.000544071197509766","louvain","graph_2024M08.graphml"
"0.09","0.52","0.39","0.134923416680722","1,2,3,1,4,4,4,4,2,4,4,3,4,1,1,4,2","0.000622034072875977","louvain","graph_2024M08.graphml"
"0.08","0.53","0.39","0.133452765906028","1,2,3,1,3,3,3,3,2,3,3,3,3,1,1,3,2","0.000528812408447266","louvain","graph_2024M08.graphml"
"0.07","0.54","0.39","0.135141779396462","1,2,3,1,4,4,4,4,2,4,4,3,4,1,1,4,2","0.000626087188720703","louvain","graph_2024M08.graphml"
"0.06","0.55","0.39","0.135684483755617","1,2,3,1,4,4,4,4,2,4,4,3,4,1,1,4,2","0.000627040863037109","louvain","graph_2024M08.graphml"
"0.05","0.56","0.39","0.13456530448718","1,2,3,1,3,3,3,3,2,3,3,3,3,1,1,3,2","0.000549793243408203","louvain","graph_2024M08.graphml"
"0.04","0.57","0.39","0.132582755769682","1,2,3,2,3,3,3,3,2,3,3,3,3,1,1,3,3","0.00055694580078125","louvain","graph_2024M08.graphml"
"0.03","0.58","0.39","0.135427654265893","1,2,3,1,3,3,3,3,2,3,3,3,3,1,1,3,2","0.000581979751586914","louvain","graph_2024M08.graphml"
"0.02","0.59","0.39","0.13298891654381","1,2,3,2,4,3,4,4,2,4,4,4,3,1,1,4,3","0.000613927841186523","louvain","graph_2024M08.graphml"
"0.01","0.6","0.39","0.133209296985942","1,2,3,2,4,3,4,4,2,4,4,4,3,1,1,4,3","0.000563144683837891","louvain","graph_2024M08.graphml"
"0","0.61","0.39","0.132876483993273","1,2,3,2,4,3,4,4,2,4,4,4,3,1,1,4,3","0.000591039657592773","louvain","graph_2024M08.graphml"
"0.6","0","0.4","0.134121751779612","1,2,2,1,3,1,3,3,2,3,3,3,3,1,1,3,1","0.000541925430297852","louvain","graph_2024M08.graphml"
"0.59","0.01","0.4","0.134398496240602","1,2,3,1,4,4,4,4,2,4,4,3,4,1,1,4,1","0.000535011291503906","louvain","graph_2024M08.graphml"
"0.58","0.02","0.4","0.133153431805748","1,2,3,1,2,4,3,3,2,4,3,3,3,1,1,3,1","0.000562191009521484","louvain","graph_2024M08.graphml"
"0.57","0.03","0.4","0.133749672460477","1,2,3,1,4,4,4,4,2,4,4,3,4,1,1,4,1","0.000520944595336914","louvain","graph_2024M08.graphml"
"0.56","0.04","0.4","0.132290390398753","1,2,3,1,2,3,3,3,2,3,3,3,3,1,1,3,1","0.000533103942871094","louvain","graph_2024M08.graphml"
"0.55","0.05","0.4","0.129620578202608","1,2,3,1,3,3,3,3,2,3,3,3,3,1,1,3,1","0.000666141510009766","louvain","graph_2024M08.graphml"
"0.54","0.06","0.4","0.133094993141289","1,2,3,1,2,4,3,3,2,4,3,3,3,1,1,3,1","0.000540018081665039","louvain","graph_2024M08.graphml"
"0.53","0.07","0.4","0.132740082205541","1,2,3,1,4,3,3,3,4,2,3,3,3,1,1,3,1","0.000552177429199219","louvain","graph_2024M08.graphml"
"0.52","0.08","0.4","0.133275302231346","1,2,3,1,4,2,3,3,4,2,3,3,3,1,1,3,1","0.000551939010620117","louvain","graph_2024M08.graphml"
"0.51","0.09","0.4","0.132644739964373","1,2,3,1,4,2,3,3,4,2,3,3,3,1,1,3,1","0.000550985336303711","louvain","graph_2024M08.graphml"
"0.5","0.1","0.4","0.128056973931739","1,2,3,1,4,3,3,4,2,3,3,4,3,3,1,4,1","0.000536203384399414","louvain","graph_2024M08.graphml"
"0.49","0.11","0.4","0.134076021319051","1,2,3,1,3,4,3,3,2,4,3,3,3,1,1,3,1","0.00056004524230957","louvain","graph_2024M08.graphml"
"0.48","0.12","0.4","0.132802654379332","1,2,3,1,4,4,4,4,2,4,4,3,4,1,1,4,1","0.000532865524291992","louvain","graph_2024M08.graphml"
"0.47","0.13","0.4","0.132087348639183","1,2,3,1,4,4,4,4,2,4,4,3,4,1,1,4,1","0.000562906265258789","louvain","graph_2024M08.graphml"
"0.46","0.14","0.4","0.132358690977336","1,2,3,1,3,4,3,3,2,4,3,3,3,1,1,3,1","0.00060582160949707","louvain","graph_2024M08.graphml"
"0.45","0.15","0.4","0.131238678845339","1,2,3,1,3,4,3,3,2,4,3,3,3,1,1,3,1","0.000528097152709961","louvain","graph_2024M08.graphml"
"0.44","0.16","0.4","0.131876594387755","1,2,3,1,3,4,3,3,2,4,3,3,3,1,1,3,3","0.000596046447753906","louvain","graph_2024M08.graphml"
"0.43","0.17","0.4","0.131186034614786","1,2,3,1,3,4,3,3,2,4,3,3,3,1,1,3,3","0.000571012496948242","louvain","graph_2024M08.graphml"
"0.42","0.18","0.4","0.130631235250783","1,2,3,1,3,4,3,3,2,4,3,3,3,1,1,3,3","0.00057220458984375","louvain","graph_2024M08.graphml"
"0.41","0.19","0.4","0.130384759127875","1,2,3,1,3,4,3,3,2,4,3,3,3,1,1,3,1","0.000644922256469727","louvain","graph_2024M08.graphml"
"0.4","0.2","0.4","0.130384759127875","1,2,3,1,3,4,3,3,2,4,3,3,3,1,1,3,1","0.000533103942871094","louvain","graph_2024M08.graphml"
"0.39","0.21","0.4","0.13048205593775","1,2,3,1,3,4,3,3,2,4,3,3,3,1,1,3,1","0.000642061233520508","louvain","graph_2024M08.graphml"
"0.38","0.22","0.4","0.130818477807321","1,2,3,1,3,4,3,3,2,4,3,3,3,1,1,3,1","0.000558853149414062","louvain","graph_2024M08.graphml"
"0.37","0.23","0.4","0.130596139847531","1,2,3,1,4,4,4,4,2,5,4,3,4,5,1,4,1","0.00052189826965332","louvain","graph_2024M08.graphml"
"0.36","0.24","0.4","0.130596139847531","1,2,3,1,4,4,4,4,2,5,4,3,4,5,1,4,1","0.000552177429199219","louvain","graph_2024M08.graphml"
"0.35","0.25","0.4","0.130424196597353","1,2,3,1,4,4,4,4,2,5,4,3,4,5,1,4,1","0.000520944595336914","louvain","graph_2024M08.graphml"
"0.34","0.26","0.4","0.133405071778355","1,2,3,1,4,4,4,4,2,5,4,3,4,5,1,4,1","0.0005340576171875","louvain","graph_2024M08.graphml"
"0.33","0.27","0.4","0.133405071778355","1,2,3,1,4,4,4,4,2,5,4,3,4,5,1,4,1","0.000574111938476562","louvain","graph_2024M08.graphml"
"0.32","0.28","0.4","0.134115636147444","1,2,3,1,4,4,4,4,2,5,4,3,4,5,1,4,1","0.000519990921020508","louvain","graph_2024M08.graphml"
"0.31","0.29","0.4","0.133180373325118","1,2,3,1,4,4,4,4,2,5,4,3,4,5,1,4,1","0.000537872314453125","louvain","graph_2024M08.graphml"
"0.3","0.3","0.4","0.135372863982108","1,2,3,1,4,4,4,4,2,3,4,3,4,3,1,4,1","0.000538825988769531","louvain","graph_2024M08.graphml"
"0.29","0.31","0.4","0.134737889943669","1,2,3,1,4,4,4,4,2,3,4,3,4,3,1,4,1","0.000700950622558594","louvain","graph_2024M08.graphml"
"0.28","0.32","0.4","0.134573398448722","1,2,3,1,4,4,4,4,2,3,4,3,4,3,1,4,1","0.000545978546142578","louvain","graph_2024M08.graphml"
"0.27","0.33","0.4","0.135342003743608","1,2,3,1,4,4,4,4,2,3,4,3,4,3,1,4,1","0.000694036483764648","louvain","graph_2024M08.graphml"
"0.26","0.34","0.4","0.135423235439845","1,2,3,1,4,4,4,4,2,3,4,3,4,3,1,4,1","0.000566959381103516","louvain","graph_2024M08.graphml"
"0.25","0.35","0.4","0.134288207067035","1,2,3,1,4,4,4,4,2,3,4,3,4,3,1,4,1","0.000555992126464844","louvain","graph_2024M08.graphml"
"0.24","0.36","0.4","0.135524264882988","1,2,3,1,4,4,4,4,2,3,4,3,4,3,1,4,2","0.000561952590942383","louvain","graph_2024M08.graphml"
"0.23","0.37","0.4","0.134892274919703","1,2,3,1,4,4,4,4,2,3,4,3,4,3,1,4,2","0.000562191009521484","louvain","graph_2024M08.graphml"
"0.22","0.38","0.4","0.135202513489516","1,2,3,1,4,4,4,4,2,4,4,3,4,1,1,4,2","0.000537872314453125","louvain","graph_2024M08.graphml"
"0.21","0.39","0.4","0.134556524959427","1,2,3,1,4,4,4,4,2,5,4,3,4,1,1,4,2","0.000527858734130859","louvain","graph_2024M08.graphml"
"0.2","0.4","0.4","0.135286023303089","1,2,3,1,4,4,4,4,2,5,4,3,4,1,1,4,2","0.000520944595336914","louvain","graph_2024M08.graphml"
"0.19","0.41","0.4","0.134673649584488","1,2,3,1,4,4,4,4,2,5,4,3,4,1,1,4,2","0.000546932220458984","louvain","graph_2024M08.graphml"
"0.18","0.42","0.4","0.136203160282974","1,2,3,1,3,3,3,3,2,4,3,5,3,1,1,3,2","0.000550031661987305","louvain","graph_2024M08.graphml"
"0.17","0.43","0.4","0.134887390923679","1,2,3,2,3,3,3,3,2,4,3,5,3,1,1,3,2","0.000584840774536133","louvain","graph_2024M08.graphml"
"0.16","0.44","0.4","0.133407363341926","1,2,3,2,3,3,3,3,2,4,3,5,3,1,1,3,2","0.000543117523193359","louvain","graph_2024M08.graphml"
"0.15","0.45","0.4","0.133115220035252","1,2,3,1,3,3,3,3,2,3,3,4,3,1,1,3,2","0.000589132308959961","louvain","graph_2024M08.graphml"
"0.14","0.46","0.4","0.134820610657139","1,2,3,1,3,3,3,3,2,3,3,3,3,1,1,3,2","0.000554084777832031","louvain","graph_2024M08.graphml"
"0.13","0.47","0.4","0.133774676447784","1,2,3,1,3,3,3,3,2,3,3,4,3,1,1,3,2","0.000601053237915039","louvain","graph_2024M08.graphml"
"0.12","0.48","0.4","0.13348295435392","1,2,3,1,3,4,3,3,2,4,3,3,3,1,1,3,2","0.000531911849975586","louvain","graph_2024M08.graphml"
"0.11","0.49","0.4","0.133674434714281","1,2,3,1,3,3,3,3,2,3,3,3,3,1,1,3,2","0.000573873519897461","louvain","graph_2024M08.graphml"
"0.1","0.5","0.4","0.134548938950076","1,2,3,1,3,3,3,3,2,3,3,3,3,1,1,3,2","0.00053715705871582","louvain","graph_2024M08.graphml"
"0.09","0.51","0.4","0.131735588576513","1,2,3,2,3,3,3,3,2,3,3,3,3,1,1,3,3","0.000576019287109375","louvain","graph_2024M08.graphml"
"0.08","0.52","0.4","0.131330365726646","1,2,3,2,4,3,4,4,2,4,4,4,3,1,1,4,3","0.000544071197509766","louvain","graph_2024M08.graphml"
"0.07","0.53","0.4","0.132460586639513","1,2,3,1,3,3,3,3,2,3,3,3,3,1,1,3,2","0.000548839569091797","louvain","graph_2024M08.graphml"
"0.06","0.54","0.4","0.132081344162688","1,2,3,2,4,3,4,4,2,4,4,4,3,1,1,4,3","0.000542879104614258","louvain","graph_2024M08.graphml"
"0.05","0.55","0.4","0.130925477303589","1,2,3,2,3,3,3,3,2,3,3,3,3,1,1,3,2","0.000640869140625","louvain","graph_2024M08.graphml"
"0.04","0.56","0.4","0.13034912109375","1,2,3,2,4,3,4,4,2,4,4,4,3,1,1,4,3","0.000558853149414062","louvain","graph_2024M08.graphml"
"0.03","0.57","0.4","0.131440733448371","1,2,3,1,3,3,3,3,2,3,3,3,3,1,1,3,2","0.000581979751586914","louvain","graph_2024M08.graphml"
"0.02","0.58","0.4","0.132764863380973","1,2,3,2,3,3,3,3,2,3,3,3,3,1,1,3,2","0.000588893890380859","louvain","graph_2024M08.graphml"
"0.01","0.59","0.4","0.13230935640887","1,2,3,2,3,3,3,3,2,3,3,3,3,1,1,3,2","0.000610113143920898","louvain","graph_2024M08.graphml"
"0","0.6","0.4","0.131032777603922","1,2,3,4,4,3,4,4,2,4,3,4,3,1,1,2,3","0.000596046447753906","louvain","graph_2024M08.graphml"
"0.59","0","0.41","0.131115225991078","1,2,3,1,4,2,3,3,4,2,3,3,3,1,1,3,1","0.000516891479492188","louvain","graph_2024M08.graphml"
"0.58","0.01","0.41","0.130103718015806","1,2,3,1,4,2,3,3,4,2,3,3,3,1,1,3,1","0.000554084777832031","louvain","graph_2024M08.graphml"
"0.57","0.02","0.41","0.128337626964001","1,2,3,1,4,2,2,2,4,2,2,3,2,1,1,2,1","0.00065302848815918","louvain","graph_2024M08.graphml"
"0.56","0.03","0.41","0.132600754476594","1,2,3,1,4,2,3,3,4,2,3,3,3,1,1,3,1","0.000541925430297852","louvain","graph_2024M08.graphml"
"0.55","0.04","0.41","0.130683034640861","1,2,3,1,2,3,3,3,2,3,3,4,3,3,1,2,1","0.000524997711181641","louvain","graph_2024M08.graphml"
"0.54","0.05","0.41","0.131474220837189","1,2,3,1,3,4,3,3,2,4,3,3,3,1,1,3,3","0.000564098358154297","louvain","graph_2024M08.graphml"
"0.53","0.06","0.41","0.130460777541738","1,2,3,1,3,4,3,3,2,4,3,3,3,1,1,3,3","0.000558853149414062","louvain","graph_2024M08.graphml"
"0.52","0.07","0.41","0.132730484223962","1,2,3,1,3,4,3,3,2,4,3,3,3,1,1,3,3","0.000554084777832031","louvain","graph_2024M08.graphml"
"0.51","0.08","0.41","0.130544957027787","1,2,3,1,4,4,4,4,2,4,4,3,4,1,1,4,1","0.000576972961425781","louvain","graph_2024M08.graphml"
"0.5","0.09","0.41","0.131248405612245","1,2,3,1,3,4,3,3,2,4,3,3,3,1,1,3,1","0.000504016876220703","louvain","graph_2024M08.graphml"
"0.49","0.1","0.41","0.130130526633469","1,2,3,1,3,4,3,3,2,4,3,3,3,1,1,3,3","0.000567913055419922","louvain","graph_2024M08.graphml"
"0.48","0.11","0.41","0.129643626998124","1,2,3,1,3,4,3,3,2,4,3,3,3,1,1,3,3","0.000560998916625977","louvain","graph_2024M08.graphml"
"0.47","0.12","0.41","0.129109126794148","1,2,3,1,3,4,3,3,2,4,3,3,3,1,1,3,1","0.000529050827026367","louvain","graph_2024M08.graphml"
"0.46","0.13","0.41","0.128933070999904","1,2,3,1,3,4,3,3,2,4,3,3,3,1,1,3,3","0.000592947006225586","louvain","graph_2024M08.graphml"
"0.45","0.14","0.41","0.129616805170822","1,2,3,1,3,4,3,3,2,4,3,3,3,1,1,3,3","0.000557899475097656","louvain","graph_2024M08.graphml"
"0.44","0.15","0.41","0.13048205593775","1,2,3,1,3,4,3,3,2,4,3,3,3,1,1,3,3","0.000681161880493164","louvain","graph_2024M08.graphml"
"0.43","0.16","0.41","0.13048205593775","1,2,3,1,3,4,3,3,2,4,3,3,3,1,1,3,3","0.000602006912231445","louvain","graph_2024M08.graphml"
"0.42","0.17","0.41","0.131364651750052","1,2,3,1,4,4,4,4,2,5,4,3,4,5,1,4,1","0.000513076782226562","louvain","graph_2024M08.graphml"
"0.41","0.18","0.41","0.131364651750052","1,2,3,1,4,4,4,4,2,5,4,3,4,5,1,4,1","0.000519037246704102","louvain","graph_2024M08.graphml"
"0.4","0.19","0.41","0.131255726755401","1,2,3,1,4,4,4,4,2,5,4,3,4,5,1,4,1","0.000523090362548828","louvain","graph_2024M08.graphml"
"0.39","0.2","0.41","0.132527047705979","1,2,3,1,3,4,3,3,2,4,3,3,3,1,1,3,1","0.000565052032470703","louvain","graph_2024M08.graphml"
"0.38","0.21","0.41","0.13393057474522","1,2,3,1,4,4,4,4,2,5,4,3,4,5,1,4,1","0.000514030456542969","louvain","graph_2024M08.graphml"
"0.37","0.22","0.41","0.132860879151811","1,2,3,1,4,4,4,4,2,5,4,3,4,5,1,4,1","0.000550985336303711","louvain","graph_2024M08.graphml"
"0.36","0.23","0.41","0.13397797295251","1,2,3,1,4,4,4,4,2,3,4,3,4,3,1,4,1","0.000555038452148438","louvain","graph_2024M08.graphml"
"0.35","0.24","0.41","0.132747061409598","1,2,3,1,4,4,4,4,2,3,4,3,4,3,1,4,1","0.000845909118652344","louvain","graph_2024M08.graphml"
"0.34","0.25","0.41","0.131665422387229","1,2,3,1,4,4,4,4,5,2,4,3,4,5,1,4,1","0.000555992126464844","louvain","graph_2024M08.graphml"
"0.33","0.26","0.41","0.132083466490139","1,2,3,1,4,4,4,4,2,3,4,3,4,3,1,4,1","0.00055694580078125","louvain","graph_2024M08.graphml"
"0.32","0.27","0.41","0.134128248727535","1,2,3,1,4,4,4,4,2,3,4,3,4,3,1,4,1","0.000648021697998047","louvain","graph_2024M08.graphml"
"0.31","0.28","0.41","0.13497611883536","1,2,3,1,3,3,3,3,2,4,3,4,3,4,1,3,1","0.000514030456542969","louvain","graph_2024M08.graphml"
"0.3","0.29","0.41","0.132808868867382","1,2,3,1,3,3,3,3,2,4,3,4,3,4,1,3,2","0.000518083572387695","louvain","graph_2024M08.graphml"
"0.29","0.3","0.41","0.134492179495936","1,2,3,1,3,3,3,3,2,4,3,5,3,1,1,3,2","0.000540971755981445","louvain","graph_2024M08.graphml"
"0.28","0.31","0.41","0.135308085263972","1,2,3,1,3,3,3,3,2,3,3,4,3,1,1,3,2","0.000550031661987305","louvain","graph_2024M08.graphml"
"0.27","0.32","0.41","0.134636001183339","1,2,3,1,3,3,3,3,2,3,3,4,3,1,1,3,2","0.000553131103515625","louvain","graph_2024M08.graphml"
"0.26","0.33","0.41","0.134636001183339","1,2,3,1,3,3,3,3,2,3,3,4,3,1,1,3,2","0.000698089599609375","louvain","graph_2024M08.graphml"
"0.25","0.34","0.41","0.134128559989612","1,2,3,1,3,3,3,3,2,3,3,4,3,1,1,3,2","0.000547170639038086","louvain","graph_2024M08.graphml"
"0.24","0.35","0.41","0.133562001601839","1,2,3,2,3,3,3,3,2,3,3,4,3,1,1,3,2","0.000545978546142578","louvain","graph_2024M08.graphml"
"0.23","0.36","0.41","0.134095059592464","1,2,3,2,3,3,3,3,2,3,3,4,3,1,1,3,2","0.000648021697998047","louvain","graph_2024M08.graphml"
"0.22","0.37","0.41","0.13272687243366","1,2,3,2,3,3,3,3,2,3,3,4,3,1,1,3,2","0.000574111938476562","louvain","graph_2024M08.graphml"
"0.21","0.38","0.41","0.132466396454849","1,2,3,1,3,4,3,3,2,4,3,3,3,1,1,3,2","0.000543832778930664","louvain","graph_2024M08.graphml"
"0.2","0.39","0.41","0.133078523127354","1,2,3,2,3,3,3,3,2,3,3,4,3,1,1,3,2","0.000586986541748047","louvain","graph_2024M08.graphml"
"0.19","0.4","0.41","0.133774676447784","1,2,3,1,3,3,3,3,2,3,3,4,3,1,1,3,2","0.000535964965820312","louvain","graph_2024M08.graphml"
"0.18","0.41","0.41","0.130830228113712","1,2,3,3,3,3,3,3,2,3,3,3,3,1,1,2,3","0.000561952590942383","louvain","graph_2024M08.graphml"
"0.17","0.42","0.41","0.133382200247856","1,2,3,1,3,3,3,3,2,3,3,4,3,1,1,3,2","0.000547170639038086","louvain","graph_2024M08.graphml"
"0.16","0.43","0.41","0.13274496","1,2,3,2,3,3,3,3,2,3,3,3,3,1,1,3,2","0.000558853149414062","louvain","graph_2024M08.graphml"
"0.15","0.44","0.41","0.132054059109142","1,2,3,1,3,3,3,3,2,3,3,3,3,1,1,3,2","0.000555038452148438","louvain","graph_2024M08.graphml"
"0.14","0.45","0.41","0.131583706088743","1,2,3,1,3,3,3,3,2,3,3,3,3,1,1,3,2","0.000718116760253906","louvain","graph_2024M08.graphml"
"0.13","0.46","0.41","0.132460586639513","1,2,3,1,3,3,3,3,2,3,3,3,3,1,1,3,2","0.000515937805175781","louvain","graph_2024M08.graphml"
"0.12","0.47","0.41","0.131829728481442","1,2,3,1,3,3,3,3,2,3,3,3,3,1,1,3,2","0.000607967376708984","louvain","graph_2024M08.graphml"
"0.11","0.48","0.41","0.130054931640625","1,2,3,2,3,3,3,3,2,3,3,3,3,1,1,3,2","0.000575065612792969","louvain","graph_2024M08.graphml"
"0.1","0.49","0.41","0.12907265120558","1,2,3,2,3,3,3,3,2,3,3,3,3,1,1,3,3","0.000690937042236328","louvain","graph_2024M08.graphml"
"0.09","0.5","0.41","0.130481818336696","1,2,3,2,3,3,3,3,2,3,3,3,3,1,1,3,2","0.000580072402954102","louvain","graph_2024M08.graphml"
"0.08","0.51","0.41","0.131791067088461","1,2,3,2,3,3,3,3,2,3,3,3,3,1,1,3,3","0.000632047653198242","louvain","graph_2024M08.graphml"
"0.07","0.52","0.41","0.133096981663775","1,2,3,1,3,3,3,3,2,4,4,3,3,1,4,4,2","0.000587940216064453","louvain","graph_2024M08.graphml"
"0.06","0.53","0.41","0.131807963995041","1,2,3,1,3,4,3,3,2,4,3,3,3,1,4,3,2","0.000566959381103516","louvain","graph_2024M08.graphml"
"0.05","0.54","0.41","0.131431231900625","1,2,3,1,3,3,3,3,2,4,4,3,3,1,4,4,2","0.000798940658569336","louvain","graph_2024M08.graphml"
"0.04","0.55","0.41","0.132850887573964","1,2,3,1,3,3,3,3,2,4,4,3,3,1,4,4,2","0.00059199333190918","louvain","graph_2024M08.graphml"
"0.03","0.56","0.41","0.13272426035503","1,2,3,1,4,4,4,4,2,4,4,3,4,1,1,4,2","0.000562191009521484","louvain","graph_2024M08.graphml"
"0.02","0.57","0.41","0.13202068895543","1,2,3,1,3,3,3,3,2,4,4,3,3,1,4,4,2","0.000544071197509766","louvain","graph_2024M08.graphml"
"0.01","0.58","0.41","0.13202068895543","1,2,3,1,3,3,3,3,2,4,4,3,3,1,4,4,2","0.000524044036865234","louvain","graph_2024M08.graphml"
"0","0.59","0.41","0.13006285199317","1,2,3,1,3,3,3,3,2,3,3,3,3,1,1,3,2","0.000629901885986328","louvain","graph_2024M08.graphml"
"0.58","0","0.42","0.130943985818539","1,2,3,1,4,4,4,4,2,4,4,3,4,1,1,4,1","0.000545024871826172","louvain","graph_2024M08.graphml"
"0.57","0.01","0.42","0.129902298059722","1,2,3,1,3,4,3,3,2,4,3,3,3,1,1,3,3","0.000521183013916016","louvain","graph_2024M08.graphml"
"0.56","0.02","0.42","0.129638073979592","1,2,3,1,3,4,3,3,2,4,3,3,3,1,1,3,1","0.000537872314453125","louvain","graph_2024M08.graphml"
"0.55","0.03","0.42","0.125809382097267","1,2,3,1,3,3,3,3,2,4,3,3,3,4,1,3,3","0.000536918640136719","louvain","graph_2024M08.graphml"
"0.54","0.04","0.42","0.128217450674829","1,2,3,1,3,3,3,3,2,4,3,3,3,4,1,3,3","0.000570058822631836","louvain","graph_2024M08.graphml"
"0.53","0.05","0.42","0.129798399507541","1,2,3,1,3,4,3,3,2,4,3,3,3,1,1,3,1","0.000519037246704102","louvain","graph_2024M08.graphml"
"0.52","0.06","0.42","0.129616805170822","1,2,3,1,3,4,3,3,2,4,3,3,3,1,1,3,3","0.000573873519897461","louvain","graph_2024M08.graphml"
"0.51","0.07","0.42","0.13048205593775","1,2,3,1,3,4,3,3,2,4,3,3,3,1,1,3,1","0.000543117523193359","louvain","graph_2024M08.graphml"
"0.5","0.08","0.42","0.1300415056971","1,2,3,1,4,4,4,4,2,4,4,3,4,1,1,4,1","0.000540971755981445","louvain","graph_2024M08.graphml"
"0.49","0.09","0.42","0.13269100025495","1,2,3,1,3,4,3,3,2,4,3,3,3,1,1,3,1","0.000572919845581055","louvain","graph_2024M08.graphml"
"0.48","0.1","0.42","0.13269100025495","1,2,3,1,3,4,3,3,2,4,3,3,3,1,1,3,1","0.000566005706787109","louvain","graph_2024M08.graphml"
"0.47","0.11","0.42","0.131712665406427","1,2,3,1,3,4,3,3,2,4,3,3,3,1,1,3,1","0.000551223754882812","louvain","graph_2024M08.graphml"
"0.46","0.12","0.42","0.131894488013961","1,2,3,1,3,4,3,3,2,4,3,3,3,1,1,3,1","0.00053715705871582","louvain","graph_2024M08.graphml"
"0.45","0.13","0.42","0.12984238972135","1,2,3,1,3,3,3,3,2,4,3,5,3,4,1,3,1","0.000525951385498047","louvain","graph_2024M08.graphml"
"0.44","0.14","0.42","0.131233580409082","1,2,3,1,3,3,3,3,2,4,3,5,3,4,1,3,1","0.000540018081665039","louvain","graph_2024M08.graphml"
"0.43","0.15","0.42","0.132418548847395","1,2,3,1,3,4,3,3,2,4,3,3,3,1,1,3,1","0.00055694580078125","louvain","graph_2024M08.graphml"
"0.42","0.16","0.42","0.132452045444028","1,2,3,1,3,3,3,3,2,4,3,5,3,4,1,3,1","0.000551939010620117","louvain","graph_2024M08.graphml"
"0.41","0.17","0.42","0.132765419558072","1,2,3,1,3,3,3,3,2,4,3,4,3,4,1,3,1","0.000529050827026367","louvain","graph_2024M08.graphml"
"0.4","0.18","0.42","0.132238396810456","1,2,3,1,3,3,3,3,2,4,3,4,3,4,1,3,1","0.000538110733032227","louvain","graph_2024M08.graphml"
"0.39","0.19","0.42","0.130520978584952","1,2,3,1,3,3,3,3,4,2,3,5,3,4,1,3,1","0.000549077987670898","louvain","graph_2024M08.graphml"
"0.38","0.2","0.42","0.131268017206432","1,2,3,1,3,3,3,3,2,4,3,4,3,4,1,3,1","0.000529050827026367","louvain","graph_2024M08.graphml"
"0.37","0.21","0.42","0.133358407624076","1,2,3,1,3,3,3,3,2,4,3,4,3,4,1,3,1","0.000529050827026367","louvain","graph_2024M08.graphml"
"0.36","0.22","0.42","0.132667129935964","1,2,3,1,3,3,3,3,2,4,3,4,3,4,1,3,2","0.000574111938476562","louvain","graph_2024M08.graphml"
"0.35","0.23","0.42","0.13364355667764","1,2,3,1,3,3,3,3,2,4,3,5,3,1,1,3,2","0.000756025314331055","louvain","graph_2024M08.graphml"
"0.34","0.24","0.42","0.135308085263972","1,2,3,1,3,3,3,3,2,3,3,4,3,1,1,3,2","0.00056004524230957","louvain","graph_2024M08.graphml"
"0.33","0.25","0.42","0.135172751471607","1,2,3,1,3,3,3,3,2,3,3,4,3,1,1,3,2","0.000530004501342773","louvain","graph_2024M08.graphml"
"0.32","0.26","0.42","0.133830959419511","1,2,3,1,3,3,3,3,2,4,3,5,3,1,1,3,2","0.000526905059814453","louvain","graph_2024M08.graphml"
"0.31","0.27","0.42","0.133224490451917","1,2,3,1,3,3,3,3,2,3,3,4,3,1,1,3,2","0.00053095817565918","louvain","graph_2024M08.graphml"
"0.3","0.28","0.42","0.134095059592464","1,2,3,2,3,3,3,3,2,3,3,4,3,1,1,3,2","0.000557184219360352","louvain","graph_2024M08.graphml"
"0.29","0.29","0.42","0.133178894480386","1,2,3,2,3,3,3,3,2,3,3,4,3,1,1,3,2","0.000565052032470703","louvain","graph_2024M08.graphml"
"0.28","0.3","0.42","0.13226532907511","1,2,3,2,3,3,3,3,2,3,3,4,3,1,1,3,2","0.000647068023681641","louvain","graph_2024M08.graphml"
"0.27","0.31","0.42","0.132054993720669","1,2,3,2,3,3,3,3,2,4,3,5,3,1,1,3,2","0.000522136688232422","louvain","graph_2024M08.graphml"
"0.26","0.32","0.42","0.133078523127354","1,2,3,2,3,3,3,3,2,3,3,4,3,1,1,3,2","0.000532150268554688","louvain","graph_2024M08.graphml"
"0.25","0.33","0.42","0.132390738813736","1,2,3,2,3,3,3,3,2,3,3,4,3,1,1,3,2","0.000565052032470703","louvain","graph_2024M08.graphml"
"0.24","0.34","0.42","0.131500094040899","1,2,3,2,3,4,3,3,2,4,3,3,3,1,1,3,2","0.000720977783203125","louvain","graph_2024M08.graphml"
"0.23","0.35","0.42","0.13241472","1,2,3,1,4,3,3,3,2,4,3,3,3,1,1,4,2","0.000555038452148438","louvain","graph_2024M08.graphml"
"0.22","0.36","0.42","0.131719339526958","1,2,3,1,4,3,3,3,2,4,3,3,3,1,1,4,2","0.00050806999206543","louvain","graph_2024M08.graphml"
"0.21","0.37","0.42","0.132054059109142","1,2,3,1,3,3,3,3,2,3,3,3,3,1,1,3,2","0.000611066818237305","louvain","graph_2024M08.graphml"
"0.2","0.38","0.42","0.130719733976959","1,2,3,1,3,3,3,3,2,3,3,3,3,1,1,3,2","0.000545024871826172","louvain","graph_2024M08.graphml"
"0.19","0.39","0.42","0.129747759484288","1,2,3,2,4,4,4,4,2,4,4,3,4,1,1,4,2","0.000558137893676758","louvain","graph_2024M08.graphml"
"0.18","0.4","0.42","0.12922313066892","1,2,3,2,3,3,3,3,2,4,4,3,3,1,1,4,2","0.000536918640136719","louvain","graph_2024M08.graphml"
"0.17","0.41","0.42","0.130054931640625","1,2,3,2,3,3,3,3,2,3,3,3,3,1,1,3,2","0.000551223754882812","louvain","graph_2024M08.graphml"
"0.16","0.42","0.42","0.130481818336696","1,2,3,2,3,3,3,3,2,3,3,3,3,1,1,3,2","0.000573158264160156","louvain","graph_2024M08.graphml"
"0.15","0.43","0.42","0.130481818336696","1,2,3,2,3,3,3,3,2,3,3,3,3,1,1,3,2","0.000584125518798828","louvain","graph_2024M08.graphml"
"0.14","0.44","0.42","0.132242428933194","1,2,3,1,3,3,3,3,2,3,3,3,3,1,1,3,2","0.000596046447753906","louvain","graph_2024M08.graphml"
"0.13","0.45","0.42","0.132749233820083","1,2,3,1,3,3,3,3,2,3,3,3,3,1,1,3,2","0.000558137893676758","louvain","graph_2024M08.graphml"
"0.12","0.46","0.42","0.13158254176691","1,2,3,1,3,3,3,3,2,4,4,3,3,1,4,4,2","0.000537872314453125","louvain","graph_2024M08.graphml"
"0.11","0.47","0.42","0.132286931241325","1,2,3,1,3,3,3,3,2,3,3,3,3,1,1,3,2","0.000568151473999023","louvain","graph_2024M08.graphml"
"0.1","0.48","0.42","0.13217561211868","1,2,3,1,3,3,3,3,2,4,4,3,3,1,4,4,2","0.000563144683837891","louvain","graph_2024M08.graphml"
"0.09","0.49","0.42","0.129927810650888","1,2,3,1,3,3,3,3,2,3,3,3,3,1,1,3,3","0.000632047653198242","louvain","graph_2024M08.graphml"
"0.08","0.5","0.42","0.129076778398205","1,2,3,1,3,3,3,3,2,3,3,3,3,1,1,3,3","0.000584840774536133","louvain","graph_2024M08.graphml"
"0.07","0.51","0.42","0.129245381970748","1,2,3,1,3,3,3,3,2,3,3,3,3,1,1,3,2","0.000939846038818359","louvain","graph_2024M08.graphml"
"0.06","0.52","0.42","0.129519586515896","1,2,3,1,3,4,3,3,2,4,3,3,3,1,4,3,2","0.000532150268554688","louvain","graph_2024M08.graphml"
"0.05","0.53","0.42","0.130782235936475","1,2,3,3,3,3,3,3,2,4,4,3,3,1,1,4,2","0.000536918640136719","louvain","graph_2024M08.graphml"
"0.04","0.54","0.42","0.129535123966942","1,2,3,1,4,4,4,4,2,4,4,3,4,1,1,4,2","0.000568151473999023","louvain","graph_2024M08.graphml"
"0.03","0.55","0.42","0.1299835251595","1,2,3,1,3,3,3,3,2,3,3,3,3,1,1,3,2","0.000610113143920898","louvain","graph_2024M08.graphml"
"0.02","0.56","0.42","0.130226856220061","1,2,3,1,3,3,3,3,2,3,3,3,3,1,1,3,2","0.00058293342590332","louvain","graph_2024M08.graphml"
"0.01","0.57","0.42","0.130106846062525","1,2,3,2,3,3,3,3,2,4,4,3,3,3,1,4,2","0.000604152679443359","louvain","graph_2024M08.graphml"
"0","0.58","0.42","0.132398084205836","1,2,3,2,3,3,3,3,2,4,4,3,3,1,1,4,2","0.000571966171264648","louvain","graph_2024M08.graphml"
"0.57","0","0.43","0.131832704391022","1,2,3,1,3,4,3,3,2,4,3,3,3,1,1,3,1","0.000524044036865234","louvain","graph_2024M08.graphml"
"0.56","0.01","0.43","0.130772802874868","1,2,3,1,3,3,3,3,2,3,3,4,3,1,1,3,1","0.00053095817565918","louvain","graph_2024M08.graphml"
"0.55","0.02","0.43","0.131712665406427","1,2,3,1,3,4,3,3,2,4,3,3,3,1,1,3,1","0.000543832778930664","louvain","graph_2024M08.graphml"
"0.54","0.03","0.43","0.129405080536265","1,2,2,1,2,2,2,2,3,2,3,4,2,1,1,2,1","0.000526905059814453","louvain","graph_2024M08.graphml"
"0.53","0.04","0.43","0.130736581219095","1,2,3,1,3,4,3,3,2,4,3,3,3,1,1,3,1","0.000533103942871094","louvain","graph_2024M08.graphml"
"0.52","0.05","0.43","0.130619797859691","1,2,3,1,3,4,3,3,2,4,3,3,3,1,1,3,1","0.000545978546142578","louvain","graph_2024M08.graphml"
"0.51","0.06","0.43","0.129085922461945","1,2,3,1,3,4,3,3,2,4,3,3,3,1,1,3,1","0.000715970993041992","louvain","graph_2024M08.graphml"
"0.5","0.07","0.43","0.128577270814884","1,2,3,1,3,4,3,3,2,4,3,3,3,1,1,3,1","0.000549077987670898","louvain","graph_2024M08.graphml"
"0.49","0.08","0.43","0.130587777774553","1,2,3,1,3,4,3,3,2,4,3,3,3,1,1,3,1","0.000535964965820312","louvain","graph_2024M08.graphml"
"0.48","0.09","0.43","0.131733697213444","1,2,3,1,3,3,3,3,2,4,3,5,3,4,1,3,1","0.000545978546142578","louvain","graph_2024M08.graphml"
"0.47","0.1","0.43","0.13150708774653","1,2,3,1,3,3,3,3,2,4,3,4,3,4,1,3,1","0.000535964965820312","louvain","graph_2024M08.graphml"
"0.46","0.11","0.43","0.130604665447648","1,2,3,1,3,3,3,3,2,4,3,4,3,4,1,3,1","0.000522136688232422","louvain","graph_2024M08.graphml"
"0.45","0.12","0.43","0.130435703693242","1,2,3,1,3,3,3,3,2,4,3,4,3,4,1,3,1","0.000558137893676758","louvain","graph_2024M08.graphml"
"0.44","0.13","0.43","0.131268017206432","1,2,3,1,3,3,3,3,2,4,3,4,3,4,1,3,1","0.000745058059692383","louvain","graph_2024M08.graphml"
"0.43","0.14","0.43","0.132004955201843","1,2,3,1,3,3,3,3,2,4,3,4,3,4,1,3,1","0.000524997711181641","louvain","graph_2024M08.graphml"
"0.42","0.15","0.43","0.132208936298626","1,2,3,1,3,3,3,3,2,4,3,5,3,1,1,3,2","0.000545978546142578","louvain","graph_2024M08.graphml"
"0.41","0.16","0.43","0.132984183397534","1,2,3,1,3,3,3,3,2,4,3,5,3,1,1,3,2","0.00056910514831543","louvain","graph_2024M08.graphml"
"0.4","0.17","0.43","0.133473043846549","1,2,3,1,3,3,3,3,2,4,3,4,3,1,1,3,2","0.000649929046630859","louvain","graph_2024M08.graphml"
"0.39","0.18","0.43","0.131228473954333","1,2,3,1,3,3,3,3,2,3,3,4,3,1,1,3,2","0.000555992126464844","louvain","graph_2024M08.graphml"
"0.38","0.19","0.43","0.133188273327563","1,2,3,1,3,3,3,3,2,3,3,4,3,1,1,3,2","0.000502824783325195","louvain","graph_2024M08.graphml"
"0.37","0.2","0.43","0.133562001601839","1,2,3,2,3,3,3,3,2,3,3,4,3,1,1,3,2","0.000550985336303711","louvain","graph_2024M08.graphml"
"0.36","0.21","0.43","0.132645296680764","1,2,3,2,3,3,3,3,2,3,3,4,3,1,1,3,2","0.000549077987670898","louvain","graph_2024M08.graphml"
"0.35","0.22","0.43","0.13226532907511","1,2,3,2,3,3,3,3,2,3,3,4,3,1,1,3,2","0.0005950927734375","louvain","graph_2024M08.graphml"
"0.34","0.23","0.43","0.13226532907511","1,2,3,2,3,3,3,3,2,3,3,4,3,1,1,3,2","0.000585079193115234","louvain","graph_2024M08.graphml"
"0.33","0.24","0.43","0.132859936329904","1,2,3,2,3,3,3,3,2,4,3,5,3,1,1,3,2","0.000523090362548828","louvain","graph_2024M08.graphml"
"0.32","0.25","0.43","0.132859936329904","1,2,3,2,3,3,3,3,2,4,3,5,3,1,1,3,2","0.000555038452148438","louvain","graph_2024M08.graphml"
"0.31","0.26","0.43","0.130505983350676","1,2,3,2,3,3,3,3,2,3,3,4,3,1,1,3,2","0.000565052032470703","louvain","graph_2024M08.graphml"
"0.3","0.27","0.43","0.130063971413828","1,2,3,2,3,3,3,3,2,3,3,4,3,1,1,3,2","0.000576019287109375","louvain","graph_2024M08.graphml"
"0.29","0.28","0.43","0.12997888","1,2,3,2,4,4,4,4,2,4,4,3,4,1,1,4,2","0.000576019287109375","louvain","graph_2024M08.graphml"
"0.28","0.29","0.43","0.131330124954359","1,2,3,1,4,4,4,4,2,4,4,3,4,1,1,4,2","0.000545978546142578","louvain","graph_2024M08.graphml"
"0.27","0.3","0.43","0.130719733976959","1,2,3,1,3,3,3,3,2,3,3,3,3,1,1,3,2","0.000585079193115234","louvain","graph_2024M08.graphml"
"0.26","0.31","0.43","0.131165127784009","1,2,3,1,3,3,3,3,2,3,3,3,3,1,1,3,2","0.00059819221496582","louvain","graph_2024M08.graphml"
"0.25","0.32","0.43","0.128754291234668","1,2,3,2,3,3,3,3,2,3,3,3,3,1,1,3,2","0.00055694580078125","louvain","graph_2024M08.graphml"
"0.24","0.33","0.43","0.128754291234668","1,2,3,2,3,3,3,3,2,3,3,3,3,1,1,3,2","0.000579118728637695","louvain","graph_2024M08.graphml"
"0.23","0.34","0.43","0.128754291234668","1,2,3,2,3,3,3,3,2,3,3,3,3,1,1,3,2","0.000774860382080078","louvain","graph_2024M08.graphml"
"0.22","0.35","0.43","0.130054931640625","1,2,3,2,3,3,3,3,2,3,3,3,3,1,1,3,2","0.000566959381103516","louvain","graph_2024M08.graphml"
"0.21","0.36","0.43","0.130910946694756","1,2,3,1,3,3,3,3,2,3,3,3,3,1,1,3,2","0.000576972961425781","louvain","graph_2024M08.graphml"
"0.2","0.37","0.43","0.130910946694756","1,2,3,1,3,3,3,3,2,3,3,3,3,1,1,3,2","0.000600099563598633","louvain","graph_2024M08.graphml"
"0.19","0.38","0.43","0.131346205779098","1,2,3,1,3,3,3,3,2,3,3,3,3,1,1,3,2","0.000590085983276367","louvain","graph_2024M08.graphml"
"0.18","0.39","0.43","0.13158254176691","1,2,3,1,3,3,3,3,2,4,4,3,3,1,4,4,2","0.000559091567993164","louvain","graph_2024M08.graphml"
"0.17","0.4","0.43","0.131345562130177","1,2,3,1,3,3,3,3,2,4,4,3,3,1,4,4,2","0.000630855560302734","louvain","graph_2024M08.graphml"
"0.16","0.41","0.43","0.131409019910422","1,2,3,1,3,3,3,3,2,3,3,3,3,1,1,3,2","0.000678062438964844","louvain","graph_2024M08.graphml"
"0.15","0.42","0.43","0.130501313955989","1,2,3,1,3,3,3,3,2,4,4,3,3,1,4,4,2","0.000532150268554688","louvain","graph_2024M08.graphml"
"0.14","0.43","0.43","0.129676578301606","1,2,3,1,3,3,3,3,2,3,3,3,3,1,1,3,2","0.000606060028076172","louvain","graph_2024M08.graphml"
"0.13","0.44","0.43","0.130158994924117","1,2,3,3,3,3,3,3,2,4,4,3,3,1,1,4,2","0.00067901611328125","louvain","graph_2024M08.graphml"
"0.12","0.45","0.43","0.130158994924117","1,2,3,3,3,3,3,3,2,4,4,3,3,1,1,4,2","0.000540971755981445","louvain","graph_2024M08.graphml"
"0.11","0.46","0.43","0.130953230742307","1,2,3,3,3,3,3,3,2,4,4,3,3,1,1,4,2","0.000653982162475586","louvain","graph_2024M08.graphml"
"0.1","0.47","0.43","0.129553168650626","1,2,3,3,3,3,3,3,2,4,4,3,3,1,1,4,2","0.000570058822631836","louvain","graph_2024M08.graphml"
"0.09","0.48","0.43","0.130134997822616","1,2,3,3,3,3,3,3,2,4,4,3,3,1,1,4,2","0.000664949417114258","louvain","graph_2024M08.graphml"
"0.08","0.49","0.43","0.129557485413341","1,2,3,1,3,3,3,3,2,3,3,3,3,3,1,3,2","0.00061798095703125","louvain","graph_2024M08.graphml"
"0.07","0.5","0.43","0.130774919063207","1,2,3,1,3,3,3,3,2,4,4,3,3,3,1,4,2","0.000559091567993164","louvain","graph_2024M08.graphml"
"0.06","0.51","0.43","0.131786505079755","1,2,3,2,3,3,3,3,2,4,4,3,3,3,1,4,2","0.000600814819335938","louvain","graph_2024M08.graphml"
"0.05","0.52","0.43","0.1318016351243","1,2,3,2,3,3,3,3,2,4,4,3,3,3,1,4,2","0.000587940216064453","louvain","graph_2024M08.graphml"
"0.04","0.53","0.43","0.131899260148942","1,2,3,2,3,3,3,3,2,4,4,3,3,3,1,4,2","0.000627040863037109","louvain","graph_2024M08.graphml"
"0.03","0.54","0.43","0.131949519675263","1,2,3,2,3,3,3,3,2,4,4,3,3,1,4,3,2","0.000695943832397461","louvain","graph_2024M08.graphml"
"0.02","0.55","0.43","0.130408606221768","1,2,3,3,3,3,3,3,2,4,4,3,3,1,4,3,2","0.000614166259765625","louvain","graph_2024M08.graphml"
"0.01","0.56","0.43","0.132611071959226","1,2,3,2,3,3,4,3,2,4,4,3,3,1,1,4,2","0.000642061233520508","louvain","graph_2024M08.graphml"
"0","0.57","0.43","0.133985726643599","1,2,3,2,3,3,4,3,2,4,4,3,3,1,1,4,2","0.000581979751586914","louvain","graph_2024M08.graphml"
"0.56","0","0.44","0.127921807562394","1,2,3,1,3,4,3,3,2,4,3,3,3,1,1,3,1","0.000568866729736328","louvain","graph_2024M08.graphml"
"0.55","0.01","0.44","0.128728175907663","1,2,2,1,2,2,2,2,3,2,2,4,2,1,1,2,1","0.000533103942871094","louvain","graph_2024M08.graphml"
"0.54","0.02","0.44","0.131261872299457","1,2,3,1,3,4,3,3,2,4,3,3,3,4,1,3,1","0.000532150268554688","louvain","graph_2024M08.graphml"
"0.53","0.03","0.44","0.129867832359386","1,2,3,1,3,3,3,3,2,4,3,4,3,4,1,3,1","0.000524044036865234","louvain","graph_2024M08.graphml"
"0.52","0.04","0.44","0.128167576191031","1,2,3,1,3,3,3,3,4,2,3,5,3,4,1,3,1","0.000543832778930664","louvain","graph_2024M08.graphml"
"0.51","0.05","0.44","0.130537391427159","1,2,3,1,3,3,3,3,2,4,3,4,3,4,1,3,1","0.000543117523193359","louvain","graph_2024M08.graphml"
"0.5","0.06","0.44","0.129911096347011","1,2,3,1,3,3,3,3,2,4,3,4,3,4,1,3,1","0.0005340576171875","louvain","graph_2024M08.graphml"
"0.49","0.07","0.44","0.130699041397747","1,2,3,1,3,3,3,3,2,4,3,5,3,1,1,3,1","0.000540018081665039","louvain","graph_2024M08.graphml"
"0.48","0.08","0.44","0.132208936298626","1,2,3,1,3,3,3,3,2,4,3,5,3,1,1,3,2","0.000522851943969727","louvain","graph_2024M08.graphml"
"0.47","0.09","0.44","0.131467643962984","1,2,3,1,3,3,3,3,2,4,3,5,3,1,1,3,2","0.000681877136230469","louvain","graph_2024M08.graphml"
"0.46","0.1","0.44","0.131467643962984","1,2,3,1,3,3,3,3,2,4,3,5,3,1,1,3,2","0.000512123107910156","louvain","graph_2024M08.graphml"
"0.45","0.11","0.44","0.130633153473123","1,2,3,1,3,3,3,3,2,4,3,4,3,1,1,3,2","0.000560998916625977","louvain","graph_2024M08.graphml"
"0.44","0.12","0.44","0.130657160149709","1,2,3,1,3,3,3,3,2,4,3,5,3,1,1,3,2","0.000576972961425781","louvain","graph_2024M08.graphml"
"0.43","0.13","0.44","0.13210748926527","1,2,3,2,3,3,3,3,2,3,3,4,3,1,1,3,2","0.000725030899047852","louvain","graph_2024M08.graphml"
"0.42","0.14","0.44","0.131192863855782","1,2,3,2,3,3,3,3,2,3,3,4,3,1,1,3,2","0.000540971755981445","louvain","graph_2024M08.graphml"
"0.41","0.15","0.44","0.131731196559589","1,2,3,2,3,3,3,3,2,3,3,4,3,1,1,3,2","0.000538110733032227","louvain","graph_2024M08.graphml"
"0.4","0.16","0.44","0.131731196559589","1,2,3,2,3,3,3,3,2,3,3,4,3,1,1,3,2","0.000524997711181641","louvain","graph_2024M08.graphml"
"0.39","0.17","0.44","0.132047061934034","1,2,3,4,3,3,3,3,2,4,3,4,3,1,1,3,2","0.000816106796264648","louvain","graph_2024M08.graphml"
"0.38","0.18","0.44","0.130869292256934","1,2,3,2,3,3,3,3,2,4,3,5,3,1,1,3,2","0.000519990921020508","louvain","graph_2024M08.graphml"
"0.37","0.19","0.44","0.128994323736325","1,2,3,2,3,4,3,3,2,4,3,3,3,1,1,3,2","0.000497102737426758","louvain","graph_2024M08.graphml"
"0.36","0.2","0.44","0.128495938206112","1,2,3,2,4,4,4,4,2,4,4,3,4,1,1,4,2","0.000530004501342773","louvain","graph_2024M08.graphml"
"0.35","0.21","0.44","0.129655809490757","1,2,3,2,3,4,3,3,2,4,3,3,3,1,1,3,2","0.000552892684936523","louvain","graph_2024M08.graphml"
"0.34","0.22","0.44","0.128449683557142","1,2,3,2,3,3,3,3,2,3,3,3,3,1,1,3,2","0.000571966171264648","louvain","graph_2024M08.graphml"
"0.33","0.23","0.44","0.129826029152691","1,2,3,2,3,3,3,3,2,3,3,3,3,1,1,3,2","0.000586032867431641","louvain","graph_2024M08.graphml"
"0.32","0.24","0.44","0.126808854750841","1,2,3,4,3,3,3,4,2,3,3,4,3,1,1,3,2","0.000742912292480469","louvain","graph_2024M08.graphml"
"0.31","0.25","0.44","0.129198338396677","1,2,3,2,3,3,3,3,2,3,3,3,3,1,1,3,2","0.000530004501342773","louvain","graph_2024M08.graphml"
"0.3","0.26","0.44","0.129202822295444","1,2,3,2,4,3,4,3,2,4,4,3,3,1,1,4,2","0.000585079193115234","louvain","graph_2024M08.graphml"
"0.29","0.27","0.44","0.12922313066892","1,2,3,2,4,3,3,3,2,4,3,3,3,1,1,4,2","0.000514984130859375","louvain","graph_2024M08.graphml"
"0.28","0.28","0.44","0.1291455078125","1,2,3,1,3,3,3,3,2,3,3,3,3,1,1,3,2","0.000586986541748047","louvain","graph_2024M08.graphml"
"0.27","0.29","0.44","0.131346205779098","1,2,3,1,3,3,3,3,2,3,3,3,3,1,1,3,2","0.000577211380004883","louvain","graph_2024M08.graphml"
"0.26","0.3","0.44","0.130452496845142","1,2,3,1,3,3,3,3,2,3,3,3,3,1,1,3,2","0.000559091567993164","louvain","graph_2024M08.graphml"
"0.25","0.31","0.44","0.129561291683041","1,2,3,1,3,3,3,3,2,3,3,3,3,1,1,3,2","0.000570058822631836","louvain","graph_2024M08.graphml"
"0.24","0.32","0.44","0.129592716430422","1,2,3,1,3,3,3,3,2,3,3,3,3,1,1,3,2","0.000483989715576172","louvain","graph_2024M08.graphml"
"0.23","0.33","0.44","0.129856937572115","1,2,3,1,3,3,3,3,2,3,3,3,3,1,3,3,2","0.000549077987670898","louvain","graph_2024M08.graphml"
"0.22","0.34","0.44","0.129287891965697","1,2,3,1,3,3,3,3,2,4,4,3,3,1,4,4,2","0.000540971755981445","louvain","graph_2024M08.graphml"
"0.21","0.35","0.44","0.130657887069518","1,2,3,1,3,3,3,3,2,4,4,3,3,1,4,4,2","0.000557899475097656","louvain","graph_2024M08.graphml"
"0.2","0.36","0.44","0.130657887069518","1,2,3,1,3,3,3,3,2,4,4,3,3,1,4,4,2","0.000539064407348633","louvain","graph_2024M08.graphml"
"0.19","0.37","0.44","0.130914238188899","1,2,3,3,3,3,3,3,2,4,4,3,3,1,1,4,2","0.000577926635742188","louvain","graph_2024M08.graphml"
"0.18","0.38","0.44","0.130953230742307","1,2,3,3,3,3,3,3,2,4,4,3,3,1,1,4,2","0.000637054443359375","louvain","graph_2024M08.graphml"
"0.17","0.39","0.44","0.129553168650626","1,2,3,3,3,3,3,3,2,4,4,3,3,1,1,4,2","0.000560998916625977","louvain","graph_2024M08.graphml"
"0.16","0.4","0.44","0.12807819388286","1,2,3,1,4,4,4,4,2,4,4,3,4,1,1,4,2","0.000592947006225586","louvain","graph_2024M08.graphml"
"0.15","0.41","0.44","0.129515502685585","1,2,3,3,3,3,3,3,2,4,4,3,3,1,1,4,2","0.000625848770141602","louvain","graph_2024M08.graphml"
"0.14","0.42","0.44","0.129515502685585","1,2,3,3,3,3,3,3,2,4,4,3,3,1,1,4,2","0.000723123550415039","louvain","graph_2024M08.graphml"
"0.13","0.43","0.44","0.129937249137882","1,2,3,3,3,3,3,3,2,4,4,3,3,1,1,4,2","0.0005950927734375","louvain","graph_2024M08.graphml"
"0.12","0.44","0.44","0.130487894261074","1,2,3,2,3,3,3,3,2,4,4,3,3,3,1,4,2","0.000596046447753906","louvain","graph_2024M08.graphml"
"0.11","0.45","0.44","0.131286759495465","1,2,3,2,3,3,3,3,2,4,4,3,3,3,1,4,2","0.000667095184326172","louvain","graph_2024M08.graphml"
"0.1","0.46","0.44","0.129881705286281","1,2,3,2,3,3,3,3,2,4,3,3,3,1,4,3,2","0.000545024871826172","louvain","graph_2024M08.graphml"
"0.09","0.47","0.44","0.131286759495465","1,2,3,2,3,3,3,3,2,4,4,3,3,3,1,4,2","0.000565052032470703","louvain","graph_2024M08.graphml"
"0.08","0.48","0.44","0.130408606221768","1,2,3,3,3,3,3,3,2,4,4,3,3,1,4,3,2","0.000627994537353516","louvain","graph_2024M08.graphml"
"0.07","0.49","0.44","0.132724279835391","1,2,3,2,3,3,3,3,2,4,4,3,3,1,4,3,2","0.000611066818237305","louvain","graph_2024M08.graphml"
"0.06","0.5","0.44","0.131537607264651","1,2,3,2,3,3,3,3,2,4,4,3,3,1,4,3,2","0.000568866729736328","louvain","graph_2024M08.graphml"
"0.05","0.51","0.44","0.130952638408305","1,2,3,2,4,3,4,3,2,4,3,4,3,4,1,4,2","0.0005950927734375","louvain","graph_2024M08.graphml"
"0.04","0.52","0.44","0.130952638408305","1,2,3,2,4,3,4,3,2,4,3,4,3,4,1,4,2","0.00056910514831543","louvain","graph_2024M08.graphml"
"0.03","0.53","0.44","0.132345028500136","1,2,3,2,3,3,3,3,2,3,3,3,3,1,1,3,2","0.000539064407348633","louvain","graph_2024M08.graphml"
"0.02","0.54","0.44","0.133838239375891","1,2,3,2,4,3,4,4,2,4,3,4,3,4,1,4,3","0.000576019287109375","louvain","graph_2024M08.graphml"
"0.01","0.55","0.44","0.131792147387623","1,2,3,2,4,3,4,3,2,4,3,4,3,4,1,4,2","0.000597000122070312","louvain","graph_2024M08.graphml"
"0","0.56","0.44","0.132426952120017","1,2,3,2,4,3,4,4,2,4,3,4,3,4,1,4,3","0.000601053237915039","louvain","graph_2024M08.graphml"
"0.55","0","0.45","0.128537432467198","1,2,3,1,3,3,3,3,2,4,3,5,3,1,1,3,1","0.000571012496948242","louvain","graph_2024M08.graphml"
"0.54","0.01","0.45","0.127827777777778","1,2,2,1,2,2,2,2,3,2,2,4,2,1,1,2,3","0.000551939010620117","louvain","graph_2024M08.graphml"
"0.53","0.02","0.45","0.131467643962984","1,2,3,1,3,3,3,3,2,4,3,5,3,1,1,3,2","0.00056004524230957","louvain","graph_2024M08.graphml"
"0.52","0.03","0.45","0.129936879826597","1,2,3,1,3,3,3,3,2,4,3,5,3,1,1,3,2","0.000537872314453125","louvain","graph_2024M08.graphml"
"0.51","0.04","0.45","0.129740820616715","1,2,3,1,3,3,3,3,2,4,3,4,3,1,1,3,2","0.000532150268554688","louvain","graph_2024M08.graphml"
"0.5","0.05","0.45","0.129740820616715","1,2,3,1,3,3,3,3,2,4,3,4,3,1,1,3,2","0.000523805618286133","louvain","graph_2024M08.graphml"
"0.49","0.06","0.45","0.130230425467452","1,2,3,2,3,3,3,3,2,4,3,5,3,1,1,3,2","0.000539064407348633","louvain","graph_2024M08.graphml"
"0.48","0.07","0.45","0.131338713868226","1,2,3,4,3,3,3,3,2,4,3,4,3,1,1,3,2","0.000548839569091797","louvain","graph_2024M08.graphml"
"0.47","0.08","0.45","0.13013557819642","1,2,3,2,3,4,3,3,2,4,3,3,3,1,1,3,2","0.000558137893676758","louvain","graph_2024M08.graphml"
"0.46","0.09","0.45","0.131192863855782","1,2,3,2,3,3,3,3,2,3,3,4,3,1,1,3,2","0.000571012496948242","louvain","graph_2024M08.graphml"
"0.45","0.1","0.45","0.130163971580368","1,2,3,2,3,3,3,3,2,4,3,5,3,1,1,3,2","0.000535011291503906","louvain","graph_2024M08.graphml"
"0.44","0.11","0.45","0.128258324661811","1,2,3,2,3,3,3,3,2,3,3,4,3,1,1,3,2","0.000524044036865234","louvain","graph_2024M08.graphml"
"0.43","0.12","0.45","0.128060348838411","1,2,3,2,3,4,3,3,2,4,3,3,3,1,1,3,2","0.000612020492553711","louvain","graph_2024M08.graphml"
"0.42","0.13","0.45","0.12681344","1,2,3,4,3,3,3,3,2,4,3,4,3,1,1,3,2","0.000517845153808594","louvain","graph_2024M08.graphml"
"0.41","0.14","0.45","0.128039226694158","1,2,3,2,4,4,4,4,2,4,4,3,4,1,1,4,2","0.000535011291503906","louvain","graph_2024M08.graphml"
"0.4","0.15","0.45","0.127999969475668","1,2,3,2,3,3,3,3,2,3,3,3,3,1,1,3,2","0.000550985336303711","louvain","graph_2024M08.graphml"
"0.39","0.16","0.45","0.127761131803466","1,2,3,2,4,3,3,3,2,4,3,3,3,1,1,4,2","0.000480890274047852","louvain","graph_2024M08.graphml"
"0.38","0.17","0.45","0.128262794932779","1,2,3,1,3,3,3,3,2,3,3,3,3,1,1,3,2","0.000550985336303711","louvain","graph_2024M08.graphml"
"0.37","0.18","0.45","0.129198338396677","1,2,3,2,3,3,3,3,2,3,3,3,3,1,1,3,2","0.000549793243408203","louvain","graph_2024M08.graphml"
"0.36","0.19","0.45","0.12743211038793","1,2,3,2,3,3,3,3,2,3,3,3,3,1,1,3,2","0.000694990158081055","louvain","graph_2024M08.graphml"
"0.35","0.2","0.45","0.127483034181441","1,2,3,1,4,3,4,3,2,4,4,3,3,3,1,4,2","0.000638961791992188","louvain","graph_2024M08.graphml"
"0.34","0.21","0.45","0.128519287109375","1,2,3,3,4,3,4,3,2,4,4,3,3,1,1,4,2","0.000527143478393555","louvain","graph_2024M08.graphml"
"0.33","0.22","0.45","0.128350608010404","1,2,3,1,4,3,4,3,2,4,4,3,3,3,1,4,2","0.00058293342590332","louvain","graph_2024M08.graphml"
"0.32","0.23","0.45","0.129592716430422","1,2,3,1,3,3,3,3,2,3,3,3,3,1,1,3,2","0.000496864318847656","louvain","graph_2024M08.graphml"
"0.31","0.24","0.45","0.130024620074501","1,2,3,1,3,3,3,3,2,3,3,3,3,1,1,3,2","0.000566005706787109","louvain","graph_2024M08.graphml"
"0.3","0.25","0.45","0.129623668639053","1,2,3,1,3,3,3,3,2,3,3,3,3,1,1,3,2","0.000581979751586914","louvain","graph_2024M08.graphml"
"0.29","0.26","0.45","0.128729693791641","1,2,3,1,3,3,3,3,2,4,4,3,3,1,4,4,2","0.00056004524230957","louvain","graph_2024M08.graphml"
"0.28","0.27","0.45","0.129977601960179","1,2,3,1,3,3,3,3,2,4,4,3,3,1,4,4,2","0.000540971755981445","louvain","graph_2024M08.graphml"
"0.27","0.28","0.45","0.129977601960179","1,2,3,1,3,3,3,3,2,4,4,3,3,1,4,4,2","0.000805854797363281","louvain","graph_2024M08.graphml"
"0.26","0.29","0.45","0.129977601960179","1,2,3,1,3,3,3,3,2,4,4,3,3,1,4,4,2","0.000590085983276367","louvain","graph_2024M08.graphml"
"0.25","0.3","0.45","0.131391517325996","1,2,3,1,3,3,3,3,2,4,4,3,3,1,4,4,2","0.000665903091430664","louvain","graph_2024M08.graphml"
"0.24","0.31","0.45","0.128929063360882","1,2,3,3,3,3,3,3,2,4,4,3,3,1,1,4,2","0.000541925430297852","louvain","graph_2024M08.graphml"
"0.23","0.32","0.45","0.128116982246218","1,2,3,3,3,3,3,3,2,4,4,3,3,1,1,4,2","0.000589132308959961","louvain","graph_2024M08.graphml"
"0.22","0.33","0.45","0.128741066620422","1,2,3,3,3,3,3,3,2,4,4,3,3,1,1,4,2","0.000633955001831055","louvain","graph_2024M08.graphml"
"0.21","0.34","0.45","0.129515502685585","1,2,3,3,3,3,3,3,2,4,4,3,3,1,1,4,2","0.000589132308959961","louvain","graph_2024M08.graphml"
"0.2","0.35","0.45","0.129631974673526","1,2,3,3,3,3,3,3,2,4,4,3,3,1,1,4,2","0.000692844390869141","louvain","graph_2024M08.graphml"
"0.19","0.36","0.45","0.129427851274698","1,2,3,3,3,3,3,3,2,4,4,3,3,1,1,4,2","0.000585794448852539","louvain","graph_2024M08.graphml"
"0.18","0.37","0.45","0.127928930358096","1,2,3,1,3,3,3,3,2,3,3,3,3,1,1,3,2","0.000602960586547852","louvain","graph_2024M08.graphml"
"0.17","0.38","0.45","0.130725787043886","1,2,3,2,3,4,3,3,2,4,3,3,3,1,4,3,2","0.000599861145019531","louvain","graph_2024M08.graphml"
"0.16","0.39","0.45","0.130725787043886","1,2,3,2,3,4,3,3,2,4,3,3,3,1,4,3,2","0.000582218170166016","louvain","graph_2024M08.graphml"
"0.15","0.4","0.45","0.131388186917205","1,2,3,2,3,3,3,3,2,4,4,3,3,3,1,4,2","0.000612020492553711","louvain","graph_2024M08.graphml"
"0.14","0.41","0.45","0.131037516193411","1,2,3,2,3,4,3,3,2,4,3,3,3,1,4,3,2","0.000586986541748047","louvain","graph_2024M08.graphml"
"0.13","0.42","0.45","0.131184683391199","1,2,3,2,3,3,3,3,2,4,3,3,3,1,4,3,2","0.000572919845581055","louvain","graph_2024M08.graphml"
"0.12","0.43","0.45","0.131184683391199","1,2,3,2,3,3,3,3,2,4,3,3,3,1,4,3,2","0.00058293342590332","louvain","graph_2024M08.graphml"
"0.11","0.44","0.45","0.131229455017301","1,2,3,2,3,4,3,3,2,4,3,3,3,1,4,3,2","0.000609874725341797","louvain","graph_2024M08.graphml"
"0.1","0.45","0.45","0.130657631083324","1,2,3,2,4,3,4,4,2,4,3,4,3,4,1,4,3","0.000628948211669922","louvain","graph_2024M08.graphml"
"0.09","0.46","0.45","0.131413602464367","1,2,3,2,4,3,4,4,2,4,3,4,3,4,1,4,3","0.000586032867431641","louvain","graph_2024M08.graphml"
"0.08","0.47","0.45","0.131678764800381","1,2,3,2,3,3,3,3,2,4,3,3,3,1,4,3,2","0.000576972961425781","louvain","graph_2024M08.graphml"
"0.07","0.48","0.45","0.131848701927457","1,2,3,2,3,1,3,3,2,4,4,3,3,1,4,3,2","0.000612020492553711","louvain","graph_2024M08.graphml"
"0.06","0.49","0.45","0.130682021650612","1,2,3,2,3,1,3,3,2,4,4,3,3,1,4,3,2","0.00056004524230957","louvain","graph_2024M08.graphml"
"0.05","0.5","0.45","0.131307668031459","1,2,3,2,4,3,3,4,2,5,3,4,3,1,5,4,2","0.000551939010620117","louvain","graph_2024M08.graphml"
"0.04","0.51","0.45","0.131812341442189","1,2,3,2,4,3,3,4,2,5,3,4,3,1,5,4,2","0.000540018081665039","louvain","graph_2024M08.graphml"
"0.03","0.52","0.45","0.130788775510204","1,2,3,2,4,3,3,4,2,5,3,4,3,1,5,4,2","0.000684976577758789","louvain","graph_2024M08.graphml"
"0.02","0.53","0.45","0.130984057352254","1,2,3,2,4,3,3,4,2,5,3,4,3,1,5,4,2","0.000550985336303711","louvain","graph_2024M08.graphml"
"0.01","0.54","0.45","0.131279110708717","1,2,3,3,4,3,3,4,2,5,3,4,3,1,5,4,2","0.000554084777832031","louvain","graph_2024M08.graphml"
"0","0.55","0.45","0.131279110708717","1,2,3,3,4,3,3,4,2,5,3,4,3,1,5,4,2","0.000574111938476562","louvain","graph_2024M08.graphml"
"0.54","0","0.46","0.130770837965183","1,2,3,2,3,3,3,3,2,4,3,5,3,1,1,3,2","0.000997781753540039","louvain","graph_2024M08.graphml"
"0.53","0.01","0.46","0.131606119717167","1,2,3,2,3,3,3,3,2,4,3,5,3,1,1,3,2","0.00062108039855957","louvain","graph_2024M08.graphml"
"0.52","0.02","0.46","0.130262409941173","1,2,3,2,3,3,3,3,2,4,3,5,3,1,1,3,2","0.000535011291503906","louvain","graph_2024M08.graphml"
"0.51","0.03","0.46","0.130216963445277","1,2,3,2,3,4,3,3,2,4,3,3,3,1,1,3,2","0.00053095817565918","louvain","graph_2024M08.graphml"
"0.5","0.04","0.46","0.127810907708744","1,2,3,2,3,4,3,3,2,4,3,3,3,1,1,3,2","0.000528097152709961","louvain","graph_2024M08.graphml"
"0.49","0.05","0.46","0.127565643491124","1,2,3,2,3,3,3,3,2,4,3,5,3,1,1,3,2","0.000540018081665039","louvain","graph_2024M08.graphml"
"0.48","0.06","0.46","0.12710784","1,2,3,2,3,3,3,3,2,4,3,5,3,1,1,3,2","0.000520944595336914","louvain","graph_2024M08.graphml"
"0.47","0.07","0.46","0.128587562861046","1,2,3,2,4,4,4,4,2,4,4,3,4,1,1,4,2","0.000523090362548828","louvain","graph_2024M08.graphml"
"0.46","0.08","0.46","0.128248841753003","1,2,3,2,4,4,4,4,2,4,4,3,4,1,1,4,2","0.00063014030456543","louvain","graph_2024M08.graphml"
"0.45","0.09","0.46","0.126440058167425","1,2,3,2,4,3,3,3,2,4,3,3,3,1,1,4,2","0.000669956207275391","louvain","graph_2024M08.graphml"
"0.44","0.1","0.46","0.126318666097647","1,2,3,2,4,3,3,3,2,4,3,3,3,1,1,4,2","0.000612020492553711","louvain","graph_2024M08.graphml"
"0.43","0.11","0.46","0.128935692455852","1,2,3,3,4,3,3,3,2,4,4,3,3,1,1,4,2","0.000543832778930664","louvain","graph_2024M08.graphml"
"0.42","0.12","0.46","0.1298095703125","1,2,3,1,3,3,3,3,2,4,4,3,3,1,1,4,2","0.000573158264160156","louvain","graph_2024M08.graphml"
"0.41","0.13","0.46","0.128970431828194","1,2,3,1,3,3,3,3,2,4,4,3,3,1,1,4,2","0.000537872314453125","louvain","graph_2024M08.graphml"
"0.4","0.14","0.46","0.128277146806081","1,2,3,1,3,3,3,3,2,3,3,3,3,1,1,3,2","0.000610828399658203","louvain","graph_2024M08.graphml"
"0.39","0.15","0.46","0.128277146806081","1,2,3,1,3,3,3,3,2,3,3,3,3,1,1,3,2","0.000787973403930664","louvain","graph_2024M08.graphml"
"0.38","0.16","0.46","0.127869528127366","1,2,3,1,3,3,3,3,2,3,3,3,3,1,1,3,2","0.000579833984375","louvain","graph_2024M08.graphml"
"0.37","0.17","0.46","0.129343850022862","1,2,3,1,4,4,4,4,2,4,4,3,4,1,1,4,2","0.000580072402954102","louvain","graph_2024M08.graphml"
"0.36","0.18","0.46","0.129179732940696","1,2,3,1,3,3,3,3,2,3,3,3,3,1,1,3,2","0.00055694580078125","louvain","graph_2024M08.graphml"
"0.35","0.19","0.46","0.130045332063817","1,2,3,1,3,3,3,3,2,3,3,3,3,1,1,3,2","0.000715017318725586","louvain","graph_2024M08.graphml"
"0.34","0.2","0.46","0.129411805964706","1,2,3,1,3,3,3,3,2,4,4,3,3,1,4,4,2","0.000558853149414062","louvain","graph_2024M08.graphml"
"0.33","0.21","0.46","0.130657887069518","1,2,3,1,3,3,3,3,2,4,4,3,3,1,4,4,2","0.000526905059814453","louvain","graph_2024M08.graphml"
"0.32","0.22","0.46","0.131391517325996","1,2,3,1,3,3,3,3,2,4,4,3,3,1,4,4,2","0.000661134719848633","louvain","graph_2024M08.graphml"
"0.31","0.23","0.46","0.128438934802571","1,2,3,1,3,3,3,3,2,3,3,3,3,1,1,3,2","0.000576019287109375","louvain","graph_2024M08.graphml"
"0.3","0.24","0.46","0.128635215794307","1,2,3,1,3,3,3,3,2,4,4,3,3,1,4,4,2","0.000520944595336914","louvain","graph_2024M08.graphml"
"0.29","0.25","0.46","0.127605854272962","1,2,3,3,3,3,3,3,2,4,4,3,3,1,1,4,2","0.000734090805053711","louvain","graph_2024M08.graphml"
"0.28","0.26","0.46","0.127505125925388","1,2,3,3,3,3,3,3,2,3,3,3,3,1,1,3,2","0.00061488151550293","louvain","graph_2024M08.graphml"
"0.27","0.27","0.46","0.12809655718243","1,2,3,1,3,4,3,3,2,4,3,3,3,1,4,3,2","0.000591039657592773","louvain","graph_2024M08.graphml"
"0.26","0.28","0.46","0.128502459155407","1,2,3,3,3,3,3,3,2,4,4,3,3,1,1,4,2","0.00059199333190918","louvain","graph_2024M08.graphml"
"0.25","0.29","0.46","0.12772620925813","1,2,3,1,3,4,3,3,2,4,3,3,3,1,4,3,2","0.000555992126464844","louvain","graph_2024M08.graphml"
"0.24","0.3","0.46","0.128484161935468","1,2,3,1,3,4,3,3,2,4,3,3,3,1,4,3,2","0.000551223754882812","louvain","graph_2024M08.graphml"
"0.23","0.31","0.46","0.1304365584893","1,2,3,2,3,3,3,3,2,4,3,3,3,1,4,3,2","0.000604867935180664","louvain","graph_2024M08.graphml"
"0.22","0.32","0.46","0.129393804647395","1,2,3,2,4,4,4,4,2,4,4,3,4,1,1,4,2","0.000580072402954102","louvain","graph_2024M08.graphml"
"0.21","0.33","0.46","0.129345375938857","1,2,3,2,3,3,3,3,2,3,3,3,3,1,1,3,2","0.00055694580078125","louvain","graph_2024M08.graphml"
"0.2","0.34","0.46","0.130358049438045","1,2,3,2,3,4,3,3,2,4,3,3,3,1,4,3,2","0.000615835189819336","louvain","graph_2024M08.graphml"
"0.19","0.35","0.46","0.130636507836074","1,2,3,2,3,3,3,3,2,4,3,3,3,1,4,3,2","0.000589847564697266","louvain","graph_2024M08.graphml"
"0.18","0.36","0.46","0.130378860014619","1,2,3,2,3,3,3,3,2,4,3,3,3,1,4,3,2","0.000588893890380859","louvain","graph_2024M08.graphml"
"0.17","0.37","0.46","0.130378860014619","1,2,3,2,3,3,3,3,2,4,3,3,3,1,4,3,2","0.000568151473999023","louvain","graph_2024M08.graphml"
"0.16","0.38","0.46","0.13067614568711","1,2,3,2,3,3,3,3,2,4,3,3,3,1,4,3,2","0.000647068023681641","louvain","graph_2024M08.graphml"
"0.15","0.39","0.46","0.131321389487364","1,2,3,2,3,3,3,3,2,4,4,3,3,1,4,3,2","0.000746011734008789","louvain","graph_2024M08.graphml"
"0.14","0.4","0.46","0.130613094883934","1,2,3,2,3,1,3,3,2,4,3,3,3,1,4,3,2","0.000540018081665039","louvain","graph_2024M08.graphml"
"0.13","0.41","0.46","0.13116539433734","1,2,3,2,3,1,3,3,2,4,3,3,3,1,4,3,2","0.000612020492553711","louvain","graph_2024M08.graphml"
"0.12","0.42","0.46","0.130311567541005","1,2,3,2,3,1,3,3,2,4,3,3,3,1,4,3,2","0.00164294242858887","louvain","graph_2024M08.graphml"
"0.11","0.43","0.46","0.130619533150458","1,2,3,2,3,1,3,3,2,4,4,3,3,1,4,3,2","0.00055694580078125","louvain","graph_2024M08.graphml"
"0.1","0.44","0.46","0.129689151473114","1,2,3,2,3,1,3,3,2,4,3,3,3,1,4,3,2","0.000592947006225586","louvain","graph_2024M08.graphml"
"0.09","0.45","0.46","0.130028694345695","1,2,3,2,3,2,3,3,2,4,3,3,3,1,4,3,2","0.000597953796386719","louvain","graph_2024M08.graphml"
"0.08","0.46","0.46","0.132559730395855","1,2,3,2,4,3,3,3,2,5,3,4,3,1,5,3,2","0.000559091567993164","louvain","graph_2024M08.graphml"
"0.07","0.47","0.46","0.132354971201303","1,2,3,2,4,3,3,3,2,3,3,4,3,1,1,3,2","0.000710964202880859","louvain","graph_2024M08.graphml"
"0.06","0.48","0.46","0.13284516741677","1,2,3,2,4,3,3,3,2,3,3,4,3,1,1,3,2","0.000566005706787109","louvain","graph_2024M08.graphml"
"0.05","0.49","0.46","0.131608807776235","1,2,3,2,4,3,3,3,2,3,3,4,3,1,1,3,2","0.000602006912231445","louvain","graph_2024M08.graphml"
"0.04","0.5","0.46","0.130590361065522","1,2,3,3,4,3,3,4,2,5,3,4,3,1,5,4,2","0.000570058822631836","louvain","graph_2024M08.graphml"
"0.03","0.51","0.46","0.128576920964464","1,2,3,2,4,5,5,4,2,5,3,4,3,1,1,4,3","0.000588893890380859","louvain","graph_2024M08.graphml"
"0.02","0.52","0.46","0.130856276590542","1,2,3,2,4,3,3,3,2,5,3,4,3,1,5,3,2","0.000540018081665039","louvain","graph_2024M08.graphml"
"0.01","0.53","0.46","0.13211525630776","1,2,3,2,4,3,3,3,2,5,3,4,3,1,5,3,2","0.000560998916625977","louvain","graph_2024M08.graphml"
"0","0.54","0.46","0.133392074063614","1,2,3,2,4,3,3,3,2,3,3,4,3,1,1,3,2","0.000562191009521484","louvain","graph_2024M08.graphml"
"0.53","0","0.47","0.127796766603108","1,2,3,2,4,3,3,3,2,4,3,3,3,1,1,3,2","0.000531911849975586","louvain","graph_2024M08.graphml"
"0.52","0.01","0.47","0.126713816772612","1,2,3,3,4,3,3,3,2,4,3,3,3,1,1,4,2","0.000499963760375977","louvain","graph_2024M08.graphml"
"0.51","0.02","0.47","0.125773355395332","1,2,3,2,4,4,4,4,2,4,4,3,4,1,1,4,2","0.00055694580078125","louvain","graph_2024M08.graphml"
"0.5","0.03","0.47","0.126077232333887","1,2,3,3,4,3,3,3,2,4,3,3,3,1,1,4,2","0.000545024871826172","louvain","graph_2024M08.graphml"
"0.49","0.04","0.47","0.128255238818145","1,2,3,2,4,4,4,4,2,4,4,3,4,1,1,4,2","0.000658035278320312","louvain","graph_2024M08.graphml"
"0.48","0.05","0.47","0.127841102085578","1,2,3,1,3,3,3,3,2,3,3,3,3,1,1,3,2","0.000551223754882812","louvain","graph_2024M08.graphml"
"0.47","0.06","0.47","0.127841102085578","1,2,3,1,3,3,3,3,2,3,3,3,3,1,1,3,2","0.000527858734130859","louvain","graph_2024M08.graphml"
"0.46","0.07","0.47","0.127422630851511","1,2,3,1,3,3,3,3,2,3,3,3,3,1,1,3,2","0.000571012496948242","louvain","graph_2024M08.graphml"
"0.45","0.08","0.47","0.127422630851511","1,2,3,1,3,3,3,3,2,3,3,3,3,1,1,3,2","0.000528097152709961","louvain","graph_2024M08.graphml"
"0.44","0.09","0.47","0.12698365300316","1,2,3,1,3,3,3,3,2,3,3,3,3,1,1,3,2","0.000552177429199219","louvain","graph_2024M08.graphml"
"0.43","0.1","0.47","0.12698365300316","1,2,3,1,3,3,3,3,2,3,3,3,3,1,1,3,2","0.000555038452148438","louvain","graph_2024M08.graphml"
"0.42","0.11","0.47","0.128300977443074","1,2,3,1,3,3,3,3,2,3,3,3,3,1,1,3,2","0.00058293342590332","louvain","graph_2024M08.graphml"
"0.41","0.12","0.47","0.129179732940696","1,2,3,1,3,3,3,3,2,3,3,3,3,1,1,3,2","0.000570058822631836","louvain","graph_2024M08.graphml"
"0.4","0.13","0.47","0.127725962632121","1,2,3,1,3,4,3,3,2,4,3,3,3,1,4,3,2","0.0005950927734375","louvain","graph_2024M08.graphml"
"0.39","0.14","0.47","0.127409824602296","1,2,3,1,3,3,3,3,2,4,4,3,3,1,4,4,2","0.00062108039855957","louvain","graph_2024M08.graphml"
"0.38","0.15","0.47","0.128810662553281","1,2,3,1,4,3,3,3,2,4,3,3,3,1,4,4,2","0.000546932220458984","louvain","graph_2024M08.graphml"
"0.37","0.16","0.47","0.128810662553281","1,2,3,1,4,3,3,3,2,4,3,3,3,1,4,4,2","0.00169897079467773","louvain","graph_2024M08.graphml"
"0.36","0.17","0.47","0.128900127170023","1,2,3,1,3,3,3,3,2,3,3,3,3,1,1,3,2","0.000516891479492188","louvain","graph_2024M08.graphml"
"0.35","0.18","0.47","0.128283614176614","1,2,3,1,4,3,3,3,2,4,3,3,3,1,4,4,2","0.000547170639038086","louvain","graph_2024M08.graphml"
"0.34","0.19","0.47","0.128502459155407","1,2,3,3,4,3,3,3,2,4,3,3,3,1,1,4,2","0.000535011291503906","louvain","graph_2024M08.graphml"
"0.33","0.2","0.47","0.128502459155407","1,2,3,3,4,3,3,3,2,4,3,3,3,1,1,4,2","0.000563859939575195","louvain","graph_2024M08.graphml"
"0.32","0.21","0.47","0.128030057084111","1,2,3,1,3,3,3,3,2,3,3,3,3,1,1,3,2","0.000553131103515625","louvain","graph_2024M08.graphml"
"0.31","0.22","0.47","0.127494723402916","1,2,3,3,4,3,3,3,2,4,3,3,3,1,1,4,2","0.00059199333190918","louvain","graph_2024M08.graphml"
"0.3","0.23","0.47","0.128882990251608","1,2,3,3,4,3,3,3,2,4,3,3,3,1,1,4,2","0.000540971755981445","louvain","graph_2024M08.graphml"
"0.29","0.24","0.47","0.128269082558008","1,2,3,1,3,3,3,3,2,3,3,3,3,1,1,3,2","0.000571012496948242","louvain","graph_2024M08.graphml"
"0.28","0.25","0.47","0.131146043374512","1,2,3,2,4,3,3,3,2,5,3,4,3,1,5,3,2","0.000572919845581055","louvain","graph_2024M08.graphml"
"0.27","0.26","0.47","0.130192832884003","1,2,3,2,4,3,3,3,2,4,3,3,3,3,1,4,2","0.000648021697998047","louvain","graph_2024M08.graphml"
"0.26","0.27","0.47","0.130920146881389","1,2,3,2,3,4,3,3,2,4,3,3,3,1,4,3,2","0.000607013702392578","louvain","graph_2024M08.graphml"
"0.25","0.28","0.47","0.129919683956805","1,2,3,2,4,3,3,3,2,5,3,4,3,1,5,3,2","0.000545978546142578","louvain","graph_2024M08.graphml"
"0.24","0.29","0.47","0.129890787197232","1,2,3,2,3,3,3,3,2,4,3,3,3,1,4,3,2","0.000560998916625977","louvain","graph_2024M08.graphml"
"0.23","0.3","0.47","0.129890787197232","1,2,3,2,3,3,3,3,2,4,3,3,3,1,4,3,2","0.000780105590820312","louvain","graph_2024M08.graphml"
"0.22","0.31","0.47","0.13067614568711","1,2,3,2,3,3,3,3,2,4,3,3,3,1,4,3,2","0.00056910514831543","louvain","graph_2024M08.graphml"
"0.21","0.32","0.47","0.130503489797006","1,2,3,2,4,1,3,3,2,5,3,4,3,3,5,4,2","0.000575065612792969","louvain","graph_2024M08.graphml"
"0.2","0.33","0.47","0.129754609048951","1,2,3,2,4,1,3,3,2,5,3,4,3,3,5,4,2","0.000679969787597656","louvain","graph_2024M08.graphml"
"0.19","0.34","0.47","0.128829027515228","1,2,3,2,3,1,3,3,2,4,3,3,3,1,4,3,2","0.000571012496948242","louvain","graph_2024M08.graphml"
"0.18","0.35","0.47","0.128915820245995","1,2,3,2,4,1,3,3,2,5,3,4,3,3,5,4,2","0.000644922256469727","louvain","graph_2024M08.graphml"
"0.17","0.36","0.47","0.130463824260152","1,2,3,2,4,3,4,3,2,4,3,4,3,1,1,4,2","0.000670909881591797","louvain","graph_2024M08.graphml"
"0.16","0.37","0.47","0.130028694345695","1,2,3,2,3,2,3,3,2,4,3,3,3,1,4,3,2","0.000597000122070312","louvain","graph_2024M08.graphml"
"0.15","0.38","0.47","0.129652040816327","1,2,3,2,4,2,3,3,2,3,3,4,3,1,1,3,2","0.000570058822631836","louvain","graph_2024M08.graphml"
"0.14","0.39","0.47","0.130832299695068","1,2,3,2,4,2,3,3,2,3,3,4,3,1,1,3,2","0.000657081604003906","louvain","graph_2024M08.graphml"
"0.13","0.4","0.47","0.130136065613238","1,2,3,3,3,2,3,3,2,4,3,3,3,1,4,3,2","0.000599861145019531","louvain","graph_2024M08.graphml"
"0.12","0.41","0.47","0.130136065613238","1,2,3,3,3,2,3,3,2,4,3,3,3,1,4,3,2","0.000589132308959961","louvain","graph_2024M08.graphml"
"0.11","0.42","0.47","0.128463893447797","1,2,3,2,4,3,3,3,2,5,3,4,3,1,5,3,2","0.000630855560302734","louvain","graph_2024M08.graphml"
"0.1","0.43","0.47","0.129160117945823","1,2,3,2,4,3,3,3,2,5,3,4,3,1,5,3,2","0.000572919845581055","louvain","graph_2024M08.graphml"
"0.09","0.44","0.47","0.130286195811616","1,2,3,2,3,3,3,3,2,4,4,3,3,1,4,3,2","0.000596046447753906","louvain","graph_2024M08.graphml"
"0.08","0.45","0.47","0.129654193065135","1,2,3,3,3,2,3,3,2,4,3,3,3,1,4,3,2","0.000580072402954102","louvain","graph_2024M08.graphml"
"0.07","0.46","0.47","0.130813925215284","1,2,3,3,3,2,3,3,2,4,3,3,3,1,4,3,2","0.000597000122070312","louvain","graph_2024M08.graphml"
"0.06","0.47","0.47","0.131244910157633","1,2,3,2,4,3,3,3,2,5,3,4,3,1,5,3,2","0.00056004524230957","louvain","graph_2024M08.graphml"
"0.05","0.48","0.47","0.130179518266434","1,2,3,2,3,3,3,3,2,4,4,3,3,1,4,3,2","0.000571012496948242","louvain","graph_2024M08.graphml"
"0.04","0.49","0.47","0.130002378121284","1,2,3,2,2,3,3,3,2,3,3,4,3,1,1,3,3","0.000781059265136719","louvain","graph_2024M08.graphml"
"0.03","0.5","0.47","0.130869916765755","1,2,3,2,2,3,3,3,2,3,3,4,3,1,1,3,2","0.000627994537353516","louvain","graph_2024M08.graphml"
"0.02","0.51","0.47","0.130528315380991","1,2,3,2,2,3,3,3,2,3,3,4,3,1,3,3,3","0.000774860382080078","louvain","graph_2024M08.graphml"
"0.01","0.52","0.47","0.129503275875298","1,2,3,2,2,4,4,4,2,4,3,5,3,1,4,4,3","0.000583887100219727","louvain","graph_2024M08.graphml"
"0","0.53","0.47","0.127150892830482","1,2,3,3,3,4,4,4,2,4,3,4,3,1,4,4,2","0.000586032867431641","louvain","graph_2024M08.graphml"
"0.52","0","0.48","0.128812328449699","1,2,3,1,4,4,4,4,2,4,4,3,4,1,1,4,2","0.000566005706787109","louvain","graph_2024M08.graphml"
"0.51","0.01","0.48","0.127501762307575","1,2,3,1,4,3,3,3,2,4,3,3,3,1,1,4,2","0.000583887100219727","louvain","graph_2024M08.graphml"
"0.5","0.02","0.48","0.127501762307575","1,2,3,1,4,3,3,3,2,4,3,3,3,1,1,4,2","0.000610113143920898","louvain","graph_2024M08.graphml"
"0.49","0.03","0.48","0.127501762307575","1,2,3,1,4,3,3,3,2,4,3,3,3,1,1,4,2","0.000555992126464844","louvain","graph_2024M08.graphml"
"0.48","0.04","0.48","0.128300977443074","1,2,3,1,3,3,3,3,2,3,3,3,3,1,1,3,2","0.000551939010620117","louvain","graph_2024M08.graphml"
"0.47","0.05","0.48","0.128399885795456","1,2,3,1,4,4,4,4,2,4,4,3,4,1,1,4,2","0.000530004501342773","louvain","graph_2024M08.graphml"
"0.46","0.06","0.48","0.126585163987319","1,2,3,1,3,3,3,3,2,3,3,3,3,3,1,2,2","0.000568151473999023","louvain","graph_2024M08.graphml"
"0.45","0.07","0.48","0.125447324881023","1,2,3,1,3,4,3,3,2,4,3,3,3,1,4,3,2","0.000597953796386719","louvain","graph_2024M08.graphml"
"0.44","0.08","0.48","0.12666551882461","1,2,3,1,3,3,3,3,2,3,3,3,3,1,1,3,2","0.00056910514831543","louvain","graph_2024M08.graphml"
"0.43","0.09","0.48","0.128472951141373","1,2,3,1,3,3,3,3,2,3,3,3,3,1,1,3,2","0.000592947006225586","louvain","graph_2024M08.graphml"
"0.42","0.1","0.48","0.128472951141373","1,2,3,1,3,3,3,3,2,3,3,3,3,1,1,3,2","0.000627994537353516","louvain","graph_2024M08.graphml"
"0.41","0.11","0.48","0.128900127170023","1,2,3,1,3,3,3,3,2,3,3,3,3,1,1,3,2","0.000544071197509766","louvain","graph_2024M08.graphml"
"0.4","0.12","0.48","0.12975735774423","1,2,3,1,3,3,3,3,2,3,3,3,3,1,1,3,2","0.000580072402954102","louvain","graph_2024M08.graphml"
"0.39","0.13","0.48","0.128892532082085","1,2,3,1,3,3,3,3,2,3,3,3,3,1,1,3,2","0.000566005706787109","louvain","graph_2024M08.graphml"
"0.38","0.14","0.48","0.127696390083778","1,2,3,3,4,3,3,3,2,4,3,3,3,1,1,4,2","0.000606060028076172","louvain","graph_2024M08.graphml"
"0.37","0.15","0.48","0.12669309584424","1,2,3,3,4,3,3,3,2,4,3,3,3,1,1,4,2","0.000561952590942383","louvain","graph_2024M08.graphml"
"0.36","0.16","0.48","0.127460837740554","1,2,3,3,4,3,3,3,2,4,3,3,3,1,1,4,2","0.000586986541748047","louvain","graph_2024M08.graphml"
"0.35","0.17","0.48","0.126416796613945","1,2,3,1,3,3,3,3,2,4,3,3,3,1,4,3,2","0.000545024871826172","louvain","graph_2024M08.graphml"
"0.34","0.18","0.48","0.128626124929138","1,2,3,2,3,4,3,3,2,4,3,3,3,1,4,3,2","0.000612020492553711","louvain","graph_2024M08.graphml"
"0.33","0.19","0.48","0.128951440329218","1,2,3,2,3,4,3,3,2,4,3,3,3,1,4,3,2","0.000542879104614258","louvain","graph_2024M08.graphml"
"0.32","0.2","0.48","0.130042171280277","1,2,3,2,4,3,3,3,2,5,3,4,3,1,5,3,2","0.000578880310058594","louvain","graph_2024M08.graphml"
"0.31","0.21","0.48","0.130669333910035","1,2,3,2,4,3,3,3,2,4,3,3,3,3,1,4,2","0.000597000122070312","louvain","graph_2024M08.graphml"
"0.3","0.22","0.48","0.130042171280277","1,2,3,2,4,3,3,3,2,5,3,4,3,1,5,3,2","0.00055694580078125","louvain","graph_2024M08.graphml"
"0.29","0.23","0.48","0.130579112948264","1,2,3,2,4,3,3,3,2,5,3,4,3,1,5,4,2","0.000540971755981445","louvain","graph_2024M08.graphml"
"0.28","0.24","0.48","0.129055357237999","1,2,3,2,4,1,3,3,2,5,3,4,3,3,5,4,2","0.000590085983276367","louvain","graph_2024M08.graphml"
"0.27","0.25","0.48","0.128644314868805","1,2,3,2,4,1,3,3,2,5,3,4,3,3,5,4,2","0.000547885894775391","louvain","graph_2024M08.graphml"
"0.26","0.26","0.48","0.128083624136331","1,2,3,2,4,1,3,3,2,5,3,4,3,3,5,4,2","0.000575065612792969","louvain","graph_2024M08.graphml"
"0.25","0.27","0.48","0.127831978434289","1,2,3,2,4,3,3,3,2,5,3,4,3,1,5,4,2","0.000662088394165039","louvain","graph_2024M08.graphml"
"0.24","0.28","0.48","0.129000091884126","1,2,3,2,3,1,3,3,2,4,3,3,3,1,4,3,2","0.000728845596313477","louvain","graph_2024M08.graphml"
"0.23","0.29","0.48","0.128532684643652","1,2,3,2,3,1,3,3,2,4,3,3,3,1,4,3,2","0.000566005706787109","louvain","graph_2024M08.graphml"
"0.22","0.3","0.48","0.129506488934734","1,2,3,2,4,3,4,3,2,4,3,4,3,1,1,4,2","0.000563859939575195","louvain","graph_2024M08.graphml"
"0.21","0.31","0.48","0.129088775510204","1,2,3,2,4,3,4,3,2,4,3,4,3,1,1,4,2","0.000542879104614258","louvain","graph_2024M08.graphml"
"0.2","0.32","0.48","0.129063629907025","1,2,3,2,4,2,3,3,2,3,3,4,3,1,1,3,2","0.00055694580078125","louvain","graph_2024M08.graphml"
"0.19","0.33","0.48","0.129568129575132","1,2,3,4,4,2,4,4,2,4,4,3,4,1,1,4,2","0.000581026077270508","louvain","graph_2024M08.graphml"
"0.18","0.34","0.48","0.127991715477695","1,2,3,3,3,2,3,3,2,4,3,3,3,1,4,3,2","0.000571012496948242","louvain","graph_2024M08.graphml"
"0.17","0.35","0.48","0.127991715477695","1,2,3,3,3,2,3,3,2,4,3,3,3,1,4,3,2","0.000653982162475586","louvain","graph_2024M08.graphml"
"0.16","0.36","0.48","0.129595825079814","1,2,3,2,3,2,3,3,2,4,4,3,3,1,4,3,2","0.000574111938476562","louvain","graph_2024M08.graphml"
"0.15","0.37","0.48","0.129251586937834","1,2,3,3,3,2,3,3,2,4,3,3,3,1,4,3,2","0.000568866729736328","louvain","graph_2024M08.graphml"
"0.14","0.38","0.48","0.12916817448286","1,2,3,3,3,2,3,3,2,4,3,3,3,1,4,3,2","0.000640153884887695","louvain","graph_2024M08.graphml"
"0.13","0.39","0.48","0.127900630837694","1,2,3,2,3,4,4,3,2,4,4,3,3,1,1,3,3","0.000597000122070312","louvain","graph_2024M08.graphml"
"0.12","0.4","0.48","0.129177276234568","1,2,3,3,3,2,3,3,2,4,3,3,3,1,4,3,2","0.000629901885986328","louvain","graph_2024M08.graphml"
"0.11","0.41","0.48","0.130346586744793","1,2,3,2,4,3,3,3,2,5,3,4,3,1,5,3,2","0.000566005706787109","louvain","graph_2024M08.graphml"
"0.1","0.42","0.48","0.129343162901308","1,2,3,3,4,3,3,3,2,3,3,4,3,1,1,3,2","0.000530004501342773","louvain","graph_2024M08.graphml"
"0.09","0.43","0.48","0.12816988282573","1,2,3,3,4,3,3,3,2,3,3,4,3,1,1,3,2","0.000613927841186523","louvain","graph_2024M08.graphml"
"0.08","0.44","0.48","0.126812760024161","1,2,2,2,2,3,2,4,3,4,4,2,2,1,1,4,3","0.000606060028076172","louvain","graph_2024M08.graphml"
"0.07","0.45","0.48","0.127916333714474","1,2,3,4,4,4,4,4,2,4,4,3,4,1,1,4,2","0.000559091567993164","louvain","graph_2024M08.graphml"
"0.06","0.46","0.48","0.128302459197936","1,2,3,1,4,3,3,3,2,3,3,4,3,1,3,3,2","0.000588178634643555","louvain","graph_2024M08.graphml"
"0.05","0.47","0.48","0.126528739654078","1,2,3,2,2,3,3,3,2,3,3,2,3,1,3,3,3","0.000576972961425781","louvain","graph_2024M08.graphml"
"0.04","0.48","0.48","0.126900512464556","1,2,3,4,4,2,3,3,2,3,4,3,4,1,3,3,2","0.000613927841186523","louvain","graph_2024M08.graphml"
"0.03","0.49","0.48","0.126256284876346","1,2,3,4,4,2,3,3,2,3,4,3,4,1,3,3,2","0.000733137130737305","louvain","graph_2024M08.graphml"
"0.02","0.5","0.48","0.128046932067202","1,2,3,1,4,3,3,3,2,3,3,4,3,1,3,3,2","0.000560998916625977","louvain","graph_2024M08.graphml"
"0.01","0.51","0.48","0.128782870708546","1,2,3,1,3,2,3,3,2,4,4,3,3,1,4,3,2","0.000643014907836914","louvain","graph_2024M08.graphml"
"0","0.52","0.48","0.126934380017582","1,2,3,1,4,2,3,3,2,4,3,3,3,1,4,3,3","0.000616073608398438","louvain","graph_2024M08.graphml"
"0.51","0","0.49","0.124926734453225","1,2,3,1,3,3,3,3,2,3,3,3,3,1,1,3,2","0.000544071197509766","louvain","graph_2024M08.graphml"
"0.5","0.01","0.49","0.124706673072126","1,2,3,1,3,3,3,3,2,3,3,3,3,1,3,3,2","0.000596046447753906","louvain","graph_2024M08.graphml"
"0.49","0.02","0.49","0.124706673072126","1,2,3,1,3,3,3,3,2,3,3,3,3,1,3,3,2","0.000549077987670898","louvain","graph_2024M08.graphml"
"0.48","0.03","0.49","0.127003508643439","1,2,3,1,3,4,3,3,2,4,3,3,3,1,4,3,2","0.000588893890380859","louvain","graph_2024M08.graphml"
"0.47","0.04","0.49","0.126944001318316","1,2,3,1,3,3,3,3,2,3,3,3,3,1,3,3,2","0.000580072402954102","louvain","graph_2024M08.graphml"
"0.46","0.05","0.49","0.129013418130353","1,2,3,1,4,3,3,3,2,4,3,3,3,1,4,4,2","0.000563144683837891","louvain","graph_2024M08.graphml"
"0.45","0.06","0.49","0.128030057084111","1,2,3,1,3,3,3,3,2,3,3,3,3,1,1,3,2","0.000607967376708984","louvain","graph_2024M08.graphml"
"0.44","0.07","0.49","0.127512191186489","1,2,3,3,4,3,3,3,2,4,3,3,3,1,1,4,2","0.000577926635742188","louvain","graph_2024M08.graphml"
"0.43","0.08","0.49","0.126571573483838","1,2,3,1,3,3,3,3,2,4,3,3,3,1,4,3,2","0.000571966171264648","louvain","graph_2024M08.graphml"
"0.42","0.09","0.49","0.127650524941087","1,2,3,3,4,3,3,3,2,4,3,3,3,1,1,4,2","0.000570058822631836","louvain","graph_2024M08.graphml"
"0.41","0.1","0.49","0.127650524941087","1,2,3,3,4,3,3,3,2,4,3,3,3,1,1,4,2","0.000703096389770508","louvain","graph_2024M08.graphml"
"0.4","0.11","0.49","0.128073021687256","1,2,3,3,3,3,3,3,2,4,4,3,3,1,1,4,2","0.000553131103515625","louvain","graph_2024M08.graphml"
"0.39","0.12","0.49","0.128681812611603","1,2,3,2,3,4,3,3,2,4,3,3,3,1,4,3,2","0.000545024871826172","louvain","graph_2024M08.graphml"
"0.38","0.13","0.49","0.128408275270474","1,2,3,2,3,3,3,3,2,4,3,3,3,1,4,3,2","0.000565052032470703","louvain","graph_2024M08.graphml"
"0.37","0.14","0.49","0.130007047339357","1,2,3,2,4,3,3,3,2,4,3,3,3,1,1,4,2","0.000532865524291992","louvain","graph_2024M08.graphml"
"0.36","0.15","0.49","0.129271327256928","1,2,3,2,4,3,3,3,2,5,3,4,3,1,5,3,2","0.000537872314453125","louvain","graph_2024M08.graphml"
"0.35","0.16","0.49","0.12913909408023","1,2,3,2,3,1,3,3,2,4,3,3,3,1,4,3,2","0.000612974166870117","louvain","graph_2024M08.graphml"
"0.34","0.17","0.49","0.128644314868805","1,2,3,2,4,1,3,3,2,5,3,4,3,3,5,4,2","0.000531911849975586","louvain","graph_2024M08.graphml"
"0.33","0.18","0.49","0.128083624136331","1,2,3,2,4,1,3,3,2,5,3,4,3,3,5,4,2","0.000548124313354492","louvain","graph_2024M08.graphml"
"0.32","0.19","0.49","0.128083624136331","1,2,3,2,4,1,3,3,2,5,3,4,3,3,5,4,2","0.000552892684936523","louvain","graph_2024M08.graphml"
"0.31","0.2","0.49","0.128085427177654","1,2,3,2,4,3,3,3,2,5,3,4,3,1,5,4,2","0.000566959381103516","louvain","graph_2024M08.graphml"
"0.3","0.21","0.49","0.127699380946134","1,2,3,2,3,3,3,3,2,4,3,3,3,1,4,3,2","0.000560998916625977","louvain","graph_2024M08.graphml"
"0.29","0.22","0.49","0.128707623828994","1,2,3,2,3,1,3,3,2,4,4,3,3,1,4,3,2","0.000548839569091797","louvain","graph_2024M08.graphml"
"0.28","0.23","0.49","0.126198063450546","1,2,3,2,3,2,3,3,2,3,3,4,3,1,1,3,2","0.000557184219360352","louvain","graph_2024M08.graphml"
"0.27","0.24","0.49","0.128238610076217","1,2,3,2,3,2,3,3,2,3,3,3,3,1,1,3,2","0.000548839569091797","louvain","graph_2024M08.graphml"
"0.26","0.25","0.49","0.127375467391152","1,2,3,2,3,2,3,3,2,4,3,3,3,1,4,3,2","0.000722885131835938","louvain","graph_2024M08.graphml"
"0.25","0.26","0.49","0.127592847153563","1,2,3,3,3,2,3,3,2,4,3,3,3,1,4,3,2","0.000581979751586914","louvain","graph_2024M08.graphml"
"0.24","0.27","0.49","0.127190041658401","1,2,3,2,3,2,3,3,2,4,4,3,3,1,4,3,2","0.000628948211669922","louvain","graph_2024M08.graphml"
"0.23","0.28","0.49","0.129741112131127","1,2,3,3,3,2,3,3,2,4,3,3,3,1,4,3,2","0.000560998916625977","louvain","graph_2024M08.graphml"
"0.22","0.29","0.49","0.129741112131127","1,2,3,3,3,2,3,3,2,4,3,3,3,1,4,3,2","0.000545024871826172","louvain","graph_2024M08.graphml"
"0.21","0.3","0.49","0.128889791210602","1,2,3,3,3,2,3,3,2,3,3,3,3,1,1,3,2","0.000555038452148438","louvain","graph_2024M08.graphml"
"0.2","0.31","0.49","0.129741112131127","1,2,3,3,3,2,3,3,2,4,3,3,3,1,4,3,2","0.000567197799682617","louvain","graph_2024M08.graphml"
"0.19","0.32","0.49","0.129396497544246","1,2,3,2,3,2,3,3,2,4,4,3,3,1,4,3,2","0.000586986541748047","louvain","graph_2024M08.graphml"
"0.18","0.33","0.49","0.129076468050781","1,2,3,3,3,2,3,3,2,4,3,3,3,1,4,3,2","0.000545978546142578","louvain","graph_2024M08.graphml"
"0.17","0.34","0.49","0.128288017765026","1,2,3,3,3,3,3,3,2,4,3,3,3,1,4,3,2","0.000597000122070312","louvain","graph_2024M08.graphml"
"0.16","0.35","0.49","0.127998618795012","1,2,3,2,4,3,3,3,2,5,3,4,3,1,5,3,2","0.000579118728637695","louvain","graph_2024M08.graphml"
"0.15","0.36","0.49","0.128393368219614","1,2,3,2,2,3,3,3,2,4,3,3,3,1,4,3,2","0.000567913055419922","louvain","graph_2024M08.graphml"
"0.14","0.37","0.49","0.12850910114468","1,2,3,2,4,3,3,3,2,3,3,4,3,1,1,3,2","0.000657081604003906","louvain","graph_2024M08.graphml"
"0.13","0.38","0.49","0.127158357968288","1,2,3,1,3,3,3,3,2,4,3,3,3,1,4,3,2","0.000592947006225586","louvain","graph_2024M08.graphml"
"0.12","0.39","0.49","0.128566469587029","1,2,3,1,3,3,3,3,2,4,4,3,3,1,4,3,2","0.000584125518798828","louvain","graph_2024M08.graphml"
"0.11","0.4","0.49","0.128818054926534","1,2,3,1,3,3,3,3,2,4,4,3,3,1,4,3,2","0.000568866729736328","louvain","graph_2024M08.graphml"
"0.1","0.41","0.49","0.128729951854915","1,2,3,1,4,3,3,3,2,3,3,4,3,1,3,3,2","0.00059819221496582","louvain","graph_2024M08.graphml"
"0.09","0.42","0.49","0.12742910965695","1,2,3,1,4,3,3,3,2,3,3,4,3,1,3,3,2","0.000608921051025391","louvain","graph_2024M08.graphml"
"0.08","0.43","0.49","0.12487983432243","1,2,3,1,4,3,3,4,2,4,3,4,3,1,4,4,2","0.000555992126464844","louvain","graph_2024M08.graphml"
"0.07","0.44","0.49","0.128538408728211","1,2,3,1,4,3,3,3,2,5,3,4,3,1,5,3,2","0.000554084777832031","louvain","graph_2024M08.graphml"
"0.06","0.45","0.49","0.127132736405645","1,2,3,1,3,2,3,4,2,4,4,3,3,1,4,4,2","0.000639915466308594","louvain","graph_2024M08.graphml"
"0.05","0.46","0.49","0.128747723725286","1,2,3,1,3,3,3,3,2,4,4,3,3,1,4,3,2","0.000602006912231445","louvain","graph_2024M08.graphml"
"0.04","0.47","0.49","0.126913691609945","1,2,3,1,4,3,3,3,2,3,3,4,3,1,3,3,2","0.000571012496948242","louvain","graph_2024M08.graphml"
"0.03","0.48","0.49","0.12725199462381","1,2,3,4,3,3,3,3,2,4,4,3,3,1,4,3,2","0.000596046447753906","louvain","graph_2024M08.graphml"
"0.02","0.49","0.49","0.127638809912995","1,2,3,2,2,3,3,4,2,4,3,4,3,1,4,4,2","0.000598907470703125","louvain","graph_2024M08.graphml"
"0.01","0.5","0.49","0.127300444444444","1,2,2,3,4,3,3,4,2,4,3,4,3,1,4,4,2","0.000565052032470703","louvain","graph_2024M08.graphml"
"0","0.51","0.49","0.126630265128067","1,2,3,4,4,4,4,4,2,3,4,4,4,1,3,4,2","0.000887155532836914","louvain","graph_2024M08.graphml"
"0.5","0","0.5","0.127403304205106","1,2,3,1,4,3,3,3,2,4,3,3,3,1,4,4,2","0.000576019287109375","louvain","graph_2024M08.graphml"
"0.49","0.01","0.5","0.127029405212742","1,2,3,3,3,3,3,3,2,4,4,3,3,1,1,4,2","0.000607967376708984","louvain","graph_2024M08.graphml"
"0.48","0.02","0.5","0.126725160014042","1,2,3,3,3,3,3,3,2,4,4,3,3,1,1,4,2","0.000613927841186523","louvain","graph_2024M08.graphml"
"0.47","0.03","0.5","0.127344389754246","1,2,3,3,4,3,3,3,2,4,3,3,3,1,1,4,2","0.000622034072875977","louvain","graph_2024M08.graphml"
"0.46","0.04","0.5","0.127344389754246","1,2,3,3,3,3,3,3,2,4,4,3,3,1,1,4,2","0.000612020492553711","louvain","graph_2024M08.graphml"
"0.45","0.05","0.5","0.129518315445891","1,2,3,2,4,3,3,3,2,4,3,3,3,1,1,4,2","0.0007781982421875","louvain","graph_2024M08.graphml"
"0.44","0.06","0.5","0.129518315445891","1,2,3,2,4,3,3,3,2,4,3,3,3,1,1,4,2","0.000684022903442383","louvain","graph_2024M08.graphml"
"0.43","0.07","0.5","0.128158691622941","1,2,3,2,3,3,3,3,2,4,3,3,3,1,4,3,2","0.000689983367919922","louvain","graph_2024M08.graphml"
"0.42","0.08","0.5","0.128610426491231","1,2,3,2,3,1,3,3,2,4,3,3,3,1,4,3,2","0.000579118728637695","louvain","graph_2024M08.graphml"
"0.41","0.09","0.5","0.129331344237839","1,2,3,2,3,1,3,3,2,4,4,3,3,3,1,4,2","0.000557899475097656","louvain","graph_2024M08.graphml"
"0.4","0.1","0.5","0.127312387042369","1,2,3,2,3,1,3,3,2,4,3,3,3,1,4,3,2","0.00055694580078125","louvain","graph_2024M08.graphml"
"0.39","0.11","0.5","0.127275221422423","1,2,3,2,3,3,3,3,2,4,3,3,3,1,4,3,2","0.000590085983276367","louvain","graph_2024M08.graphml"
"0.38","0.12","0.5","0.128054103043871","1,2,3,2,3,3,3,3,2,4,3,3,3,1,4,3,2","0.000536918640136719","louvain","graph_2024M08.graphml"
"0.37","0.13","0.5","0.128402984826716","1,2,3,2,4,3,3,3,2,5,3,4,3,1,5,4,2","0.000580787658691406","louvain","graph_2024M08.graphml"
"0.36","0.14","0.5","0.12800361672612","1,2,3,2,3,1,3,3,2,4,4,3,3,1,4,3,2","0.000571966171264648","louvain","graph_2024M08.graphml"
"0.35","0.15","0.5","0.127819781025053","1,2,3,2,3,2,3,3,2,4,4,3,3,1,4,3,2","0.000576972961425781","louvain","graph_2024M08.graphml"
"0.34","0.16","0.5","0.126496486576136","1,2,3,2,3,2,3,3,2,4,4,3,3,1,4,3,2","0.000568866729736328","louvain","graph_2024M08.graphml"
"0.33","0.17","0.5","0.126872436560241","1,2,3,2,3,2,3,3,2,4,4,3,3,1,4,3,2","0.000649929046630859","louvain","graph_2024M08.graphml"
"0.32","0.18","0.5","0.127260198179166","1,2,3,2,3,2,3,3,2,4,3,3,3,1,4,3,2","0.000578880310058594","louvain","graph_2024M08.graphml"
"0.31","0.19","0.5","0.126608127221837","1,2,3,2,3,2,3,3,2,4,4,3,3,1,4,3,2","0.000526189804077148","louvain","graph_2024M08.graphml"
"0.3","0.2","0.5","0.125663193954019","1,2,3,3,3,2,3,3,2,3,3,3,3,1,1,3,2","0.00058293342590332","louvain","graph_2024M08.graphml"
"0.29","0.21","0.5","0.129595825079814","1,2,3,2,3,2,3,3,2,4,4,3,3,1,4,3,2","0.000581979751586914","louvain","graph_2024M08.graphml"
"0.28","0.22","0.5","0.130078501989031","1,2,3,4,4,2,4,4,2,4,4,3,4,1,1,4,2","0.000634908676147461","louvain","graph_2024M08.graphml"
"0.27","0.23","0.5","0.129497877582405","1,2,3,2,3,2,3,3,2,4,3,3,3,1,4,3,2","0.000649929046630859","louvain","graph_2024M08.graphml"
"0.26","0.24","0.5","0.128883325649839","1,2,3,3,3,2,3,3,2,4,3,3,3,1,4,3,2","0.000638961791992188","louvain","graph_2024M08.graphml"
"0.25","0.25","0.5","0.12807858556751","1,2,3,3,3,2,3,3,2,4,3,3,3,1,4,3,2","0.000782012939453125","louvain","graph_2024M08.graphml"
"0.24","0.26","0.5","0.127315436499106","1,2,3,3,3,2,3,3,2,4,3,3,3,1,4,3,2","0.000566959381103516","louvain","graph_2024M08.graphml"
"0.23","0.27","0.5","0.127315436499106","1,2,3,3,3,2,3,3,2,4,3,3,3,1,4,3,2","0.00059199333190918","louvain","graph_2024M08.graphml"
"0.22","0.28","0.5","0.128366235768139","1,2,3,3,3,2,3,3,2,4,3,3,3,1,4,3,2","0.000632047653198242","louvain","graph_2024M08.graphml"
"0.21","0.29","0.5","0.128556413116894","1,2,3,3,3,2,3,3,2,4,3,3,3,1,4,3,2","0.000622987747192383","louvain","graph_2024M08.graphml"
"0.2","0.3","0.5","0.126600675548884","1,2,3,3,4,3,3,3,2,3,3,4,3,1,1,3,2","0.000602960586547852","louvain","graph_2024M08.graphml"
"0.19","0.31","0.5","0.127049878265817","1,2,3,3,4,3,3,3,2,3,3,4,3,1,1,3,2","0.000925064086914062","louvain","graph_2024M08.graphml"
"0.18","0.32","0.5","0.126647528543438","1,2,3,1,3,3,3,3,2,4,3,3,3,1,4,3,2","0.000947952270507812","louvain","graph_2024M08.graphml"
"0.17","0.33","0.5","0.125820408496611","1,2,3,3,3,3,3,3,2,4,3,3,3,1,4,3,2","0.000643014907836914","louvain","graph_2024M08.graphml"
"0.16","0.34","0.5","0.125700402610024","1,2,3,3,3,2,3,4,2,4,3,3,3,1,4,4,2","0.000930070877075195","louvain","graph_2024M08.graphml"
"0.15","0.35","0.5","0.126677884783557","1,2,3,4,3,3,3,3,2,4,4,3,3,1,4,3,2","0.000567913055419922","louvain","graph_2024M08.graphml"
"0.14","0.36","0.5","0.125979407493944","1,2,3,4,3,3,3,3,2,4,4,3,3,1,4,3,2","0.00106596946716309","louvain","graph_2024M08.graphml"
"0.13","0.37","0.5","0.126872625162561","1,2,3,4,3,2,3,3,2,4,4,3,3,1,4,3,2","0.000616073608398438","louvain","graph_2024M08.graphml"
"0.12","0.38","0.5","0.128814566712915","1,2,3,1,3,2,3,3,2,4,4,3,3,1,4,3,2","0.00063776969909668","louvain","graph_2024M08.graphml"
"0.11","0.39","0.5","0.127887032115671","1,2,3,1,3,2,3,3,2,4,1,3,3,3,4,3,2","0.000568866729736328","louvain","graph_2024M08.graphml"
"0.1","0.4","0.5","0.127559409762933","1,2,3,1,4,3,3,3,2,5,1,4,3,3,5,3,2","0.00063014030456543","louvain","graph_2024M08.graphml"
"0.09","0.41","0.5","0.128216348990465","1,2,3,1,4,3,3,3,2,5,3,4,3,1,5,3,2","0.000690221786499023","louvain","graph_2024M08.graphml"
"0.08","0.42","0.5","0.127188604275524","1,2,3,1,3,2,3,3,2,4,4,3,3,1,4,3,2","0.000624179840087891","louvain","graph_2024M08.graphml"
"0.07","0.43","0.5","0.127306791817564","1,2,3,1,4,3,3,3,2,4,1,3,3,3,4,3,2","0.000549077987670898","louvain","graph_2024M08.graphml"
"0.06","0.44","0.5","0.126272531906495","1,2,2,1,3,4,4,4,2,4,4,3,4,4,4,4,2","0.000624895095825195","louvain","graph_2024M08.graphml"
"0.05","0.45","0.5","0.127319827798321","1,2,3,2,2,4,4,4,2,3,4,4,4,1,3,4,2","0.000630855560302734","louvain","graph_2024M08.graphml"
"0.04","0.46","0.5","0.127559318915222","1,2,3,2,2,3,3,3,2,3,3,3,3,1,3,3,2","0.000708103179931641","louvain","graph_2024M08.graphml"
"0.03","0.47","0.5","0.127608791124859","1,2,3,2,2,4,4,4,2,3,4,4,4,1,3,4,2","0.000650167465209961","louvain","graph_2024M08.graphml"
"0.02","0.48","0.5","0.129874413119193","1,2,3,2,2,4,4,4,2,3,4,4,4,1,3,4,2","0.000606060028076172","louvain","graph_2024M08.graphml"
"0.01","0.49","0.5","0.126661385815475","1,2,3,4,4,4,4,4,2,3,4,4,4,1,3,4,2","0.000725030899047852","louvain","graph_2024M08.graphml"
"0","0.5","0.5","0.128203415510999","1,2,3,1,2,4,4,4,2,3,1,4,4,1,3,4,2","0.000839948654174805","louvain","graph_2024M08.graphml"
"0.49","0","0.51","0.127995885811873","1,2,3,2,3,1,3,3,2,4,3,3,3,1,4,3,2","0.000626802444458008","louvain","graph_2024M08.graphml"
"0.48","0.01","0.51","0.12696012124616","1,2,3,2,3,1,3,3,2,4,3,3,3,1,4,3,2","0.000607967376708984","louvain","graph_2024M08.graphml"
"0.47","0.02","0.51","0.128532754209556","1,2,3,2,3,1,3,3,2,4,4,3,3,1,4,4,2","0.000623941421508789","louvain","graph_2024M08.graphml"
"0.46","0.03","0.51","0.127502408396431","1,2,3,2,3,1,3,3,2,4,4,3,3,3,1,4,2","0.00063014030456543","louvain","graph_2024M08.graphml"
"0.45","0.04","0.51","0.126974375131275","1,2,3,2,3,3,3,3,2,4,3,3,3,1,4,3,2","0.000571966171264648","louvain","graph_2024M08.graphml"
"0.44","0.05","0.51","0.126067935591745","1,2,3,2,3,1,3,3,2,4,4,3,3,1,4,3,2","0.000591039657592773","louvain","graph_2024M08.graphml"
"0.43","0.06","0.51","0.126677708193158","1,2,3,2,4,4,4,4,2,4,4,3,4,1,1,4,2","0.000588893890380859","louvain","graph_2024M08.graphml"
"0.42","0.07","0.51","0.127232101504912","1,2,3,2,3,1,3,3,2,4,4,3,3,1,4,3,2","0.000602006912231445","louvain","graph_2024M08.graphml"
"0.41","0.08","0.51","0.126480502495902","1,2,3,2,3,2,3,3,2,4,4,3,3,1,4,3,2","0.000612020492553711","louvain","graph_2024M08.graphml"
"0.4","0.09","0.51","0.124812525819036","1,2,3,2,4,2,3,3,2,5,3,4,3,3,5,4,2","0.000650882720947266","louvain","graph_2024M08.graphml"
"0.39","0.1","0.51","0.126280427918605","1,2,3,2,3,2,3,3,2,4,4,3,3,1,4,3,2","0.000632047653198242","louvain","graph_2024M08.graphml"
"0.38","0.11","0.51","0.125914861687358","1,2,3,2,3,2,3,3,2,4,3,3,3,1,4,3,2","0.000619888305664062","louvain","graph_2024M08.graphml"
"0.37","0.12","0.51","0.126453325991892","1,2,3,2,3,2,3,3,2,4,3,3,3,1,4,3,2","0.000710964202880859","louvain","graph_2024M08.graphml"
"0.36","0.13","0.51","0.126758554374541","1,2,3,3,3,2,3,3,2,4,3,3,3,1,4,3,2","0.000697135925292969","louvain","graph_2024M08.graphml"
"0.35","0.14","0.51","0.127126271707802","1,2,3,4,4,2,4,4,2,4,4,3,4,1,1,4,2","0.000628948211669922","louvain","graph_2024M08.graphml"
"0.34","0.15","0.51","0.129019181605858","1,2,3,2,3,2,3,3,2,4,4,3,3,1,4,3,2","0.000921964645385742","louvain","graph_2024M08.graphml"
"0.33","0.16","0.51","0.128091741830779","1,2,3,2,3,2,3,3,2,4,4,3,3,1,4,3,2","0.000562906265258789","louvain","graph_2024M08.graphml"
"0.32","0.17","0.51","0.127442814245125","1,2,3,2,3,2,3,3,2,4,4,3,3,1,4,3,2","0.000602006912231445","louvain","graph_2024M08.graphml"
"0.31","0.18","0.51","0.127315436499106","1,2,3,3,3,2,3,3,2,4,3,3,3,1,4,3,2","0.000573873519897461","louvain","graph_2024M08.graphml"
"0.3","0.19","0.51","0.127315436499106","1,2,3,3,3,2,3,3,2,4,3,3,3,1,4,3,2","0.0005340576171875","louvain","graph_2024M08.graphml"
"0.29","0.2","0.51","0.127315436499106","1,2,3,3,3,2,3,3,2,4,3,3,3,1,4,3,2","0.000561952590942383","louvain","graph_2024M08.graphml"
"0.28","0.21","0.51","0.127425711974604","1,2,3,2,3,2,3,3,2,4,4,3,3,1,4,3,2","0.000787019729614258","louvain","graph_2024M08.graphml"
"0.27","0.22","0.51","0.127236859980679","1,2,3,3,3,2,3,3,2,4,3,3,3,1,4,3,2","0.000545024871826172","louvain","graph_2024M08.graphml"
"0.26","0.23","0.51","0.12646891226905","1,2,3,2,4,3,3,3,2,3,3,4,3,1,1,3,2","0.000555038452148438","louvain","graph_2024M08.graphml"
"0.25","0.24","0.51","0.126571905441996","1,2,3,3,4,2,3,3,2,3,3,4,3,1,1,3,2","0.000616073608398438","louvain","graph_2024M08.graphml"
"0.24","0.25","0.51","0.127313259577772","1,2,3,1,3,2,3,3,2,4,1,3,3,3,4,3,2","0.000551223754882812","louvain","graph_2024M08.graphml"
"0.23","0.26","0.51","0.126844370401222","1,2,3,2,3,3,3,3,2,4,4,3,3,1,4,3,2","0.000647068023681641","louvain","graph_2024M08.graphml"
"0.22","0.27","0.51","0.12699189213138","1,2,3,1,4,3,3,3,2,4,1,3,3,3,4,3,2","0.000648975372314453","louvain","graph_2024M08.graphml"
"0.21","0.28","0.51","0.126110842113596","1,2,3,1,4,3,3,3,2,5,3,4,3,1,5,3,2","0.000604867935180664","louvain","graph_2024M08.graphml"
"0.2","0.29","0.51","0.125775240285578","1,2,3,1,4,3,3,3,2,3,3,4,3,1,3,3,2","0.000575065612792969","louvain","graph_2024M08.graphml"
"0.19","0.3","0.51","0.126319249801031","1,2,3,4,3,2,3,3,2,4,4,3,3,1,4,3,2","0.000612974166870117","louvain","graph_2024M08.graphml"
"0.18","0.31","0.51","0.125679303405235","1,2,3,1,4,3,3,3,2,3,3,4,3,1,3,3,2","0.000612974166870117","louvain","graph_2024M08.graphml"
"0.17","0.32","0.51","0.126555560560335","1,2,3,1,4,3,3,3,2,3,3,4,3,1,3,3,2","0.000765085220336914","louvain","graph_2024M08.graphml"
"0.16","0.33","0.51","0.12661534132962","1,2,3,1,4,3,3,3,2,3,3,4,3,1,3,3,2","0.000597953796386719","louvain","graph_2024M08.graphml"
"0.15","0.34","0.51","0.127146832180335","1,2,3,1,3,2,3,3,2,4,4,3,3,1,4,3,2","0.000565052032470703","louvain","graph_2024M08.graphml"
"0.14","0.35","0.51","0.127373887634951","1,2,2,1,3,4,4,4,2,4,4,3,4,1,4,4,2","0.000739812850952148","louvain","graph_2024M08.graphml"
"0.13","0.36","0.51","0.127122320809723","1,2,2,1,3,4,4,4,2,4,4,3,4,1,4,4,2","0.000617027282714844","louvain","graph_2024M08.graphml"
"0.12","0.37","0.51","0.12638518528942","1,2,2,1,3,4,4,4,2,4,4,3,4,1,4,4,2","0.000607013702392578","louvain","graph_2024M08.graphml"
"0.11","0.38","0.51","0.127472309438113","1,2,3,2,2,3,3,3,2,4,3,3,3,1,4,3,2","0.000724077224731445","louvain","graph_2024M08.graphml"
"0.1","0.39","0.51","0.127419581621334","1,2,3,1,2,3,3,3,2,3,4,4,3,3,3,3,2","0.00059199333190918","louvain","graph_2024M08.graphml"
"0.09","0.4","0.51","0.126991862880886","1,2,3,1,2,3,3,3,2,3,4,4,3,3,3,3,2","0.000589132308959961","louvain","graph_2024M08.graphml"
"0.08","0.41","0.51","0.126864840601957","1,2,3,2,2,4,4,4,2,3,4,4,4,1,3,4,2","0.000588893890380859","louvain","graph_2024M08.graphml"
"0.07","0.42","0.51","0.127420086032354","1,2,3,1,2,4,4,4,2,3,4,4,4,4,3,4,2","0.000581979751586914","louvain","graph_2024M08.graphml"
"0.06","0.43","0.51","0.127906799316406","1,2,3,1,2,4,4,4,2,3,4,4,4,4,3,4,2","0.000605106353759766","louvain","graph_2024M08.graphml"
"0.05","0.44","0.51","0.12737143639841","1,2,3,1,2,4,4,4,2,3,4,4,4,4,3,4,2","0.000705957412719727","louvain","graph_2024M08.graphml"
"0.04","0.45","0.51","0.126675662000337","1,2,3,1,2,4,4,4,2,3,4,4,4,4,3,4,2","0.000599145889282227","louvain","graph_2024M08.graphml"
"0.03","0.46","0.51","0.126495733610822","1,2,3,4,4,4,4,4,2,3,4,4,4,1,2,4,2","0.00067591667175293","louvain","graph_2024M08.graphml"
"0.02","0.47","0.51","0.126194003082155","1,2,3,4,2,4,4,4,2,3,5,5,4,1,2,4,2","0.000754117965698242","louvain","graph_2024M08.graphml"
"0.01","0.48","0.51","0.12652862286109","1,2,3,1,2,4,4,4,2,3,4,4,4,4,2,4,2","0.000710010528564453","louvain","graph_2024M08.graphml"
"0","0.49","0.51","0.125996100899576","1,2,3,1,2,4,4,4,2,3,4,4,4,4,2,4,2","0.000806093215942383","louvain","graph_2024M08.graphml"
"0.48","0","0.52","0.124638489612173","1,2,3,2,3,2,3,3,2,4,1,3,3,3,4,3,2","0.00067901611328125","louvain","graph_2024M08.graphml"
"0.47","0.01","0.52","0.123544757432205","1,2,3,2,3,2,3,3,2,4,3,3,3,3,4,3,2","0.000578880310058594","louvain","graph_2024M08.graphml"
"0.46","0.02","0.52","0.124122448979592","1,2,3,2,4,2,3,3,2,5,3,4,3,3,5,4,2","0.00058293342590332","louvain","graph_2024M08.graphml"
"0.45","0.03","0.52","0.126280427918605","1,2,3,2,3,2,3,3,2,4,4,3,3,1,4,3,2","0.000561952590942383","louvain","graph_2024M08.graphml"
"0.44","0.04","0.52","0.125370957195312","1,2,3,2,3,2,3,3,2,4,3,3,3,1,4,3,2","0.000591039657592773","louvain","graph_2024M08.graphml"
"0.43","0.05","0.52","0.126535119218615","1,2,3,2,3,2,3,3,2,4,4,3,3,1,4,3,2","0.000626087188720703","louvain","graph_2024M08.graphml"
"0.42","0.06","0.52","0.127900720247032","1,2,2,2,2,3,2,2,3,4,4,2,2,1,4,2,3","0.000589847564697266","louvain","graph_2024M08.graphml"
"0.41","0.07","0.52","0.127447015843959","1,2,3,4,3,2,3,3,2,4,4,3,3,1,4,3,2","0.000608921051025391","louvain","graph_2024M08.graphml"
"0.4","0.08","0.52","0.126141131595677","1,2,2,2,2,3,2,2,3,4,4,2,2,1,4,2,3","0.000587940216064453","louvain","graph_2024M08.graphml"
"0.39","0.09","0.52","0.125722565777733","1,2,3,2,3,2,3,3,2,4,4,3,3,1,4,3,2","0.000554084777832031","louvain","graph_2024M08.graphml"
"0.38","0.1","0.52","0.126454413389018","1,2,3,2,3,2,3,3,2,4,4,3,3,1,4,3,2","0.000572919845581055","louvain","graph_2024M08.graphml"
"0.37","0.11","0.52","0.127604402115262","1,2,3,2,3,2,3,3,2,4,4,3,3,1,4,3,2","0.000579833984375","louvain","graph_2024M08.graphml"
"0.36","0.12","0.52","0.128173893693265","1,2,3,2,3,2,3,3,2,4,4,3,3,1,4,3,2","0.000562906265258789","louvain","graph_2024M08.graphml"
"0.35","0.13","0.52","0.128175460150789","1,2,3,2,3,2,3,3,2,4,4,3,3,1,4,3,2","0.000610828399658203","louvain","graph_2024M08.graphml"
"0.34","0.14","0.52","0.128219075963665","1,2,3,4,3,2,3,3,2,4,4,3,3,1,4,3,2","0.000605106353759766","louvain","graph_2024M08.graphml"
"0.33","0.15","0.52","0.127680269593044","1,2,3,4,3,2,3,3,2,4,4,3,3,1,4,3,2","0.000643014907836914","louvain","graph_2024M08.graphml"
"0.32","0.16","0.52","0.127298742728467","1,2,3,1,4,2,3,3,2,4,3,3,3,1,4,3,2","0.000708103179931641","louvain","graph_2024M08.graphml"
"0.31","0.17","0.52","0.125926610230225","1,2,3,3,3,2,3,3,2,4,3,3,3,1,4,3,2","0.000589847564697266","louvain","graph_2024M08.graphml"
"0.3","0.18","0.52","0.125953121635768","1,2,3,2,4,3,3,3,2,3,3,4,3,1,1,3,2","0.000597953796386719","louvain","graph_2024M08.graphml"
"0.29","0.19","0.52","0.125805914202416","1,2,3,1,4,2,3,3,2,3,3,4,3,3,1,3,2","0.00056910514831543","louvain","graph_2024M08.graphml"
"0.28","0.2","0.52","0.125878106344579","1,2,3,2,2,2,3,3,2,4,3,3,3,1,4,3,2","0.00061488151550293","louvain","graph_2024M08.graphml"
"0.27","0.21","0.52","0.126748114211671","1,2,3,4,3,2,3,3,2,4,4,3,3,1,4,3,2","0.000601053237915039","louvain","graph_2024M08.graphml"
"0.26","0.22","0.52","0.125816439946459","1,2,3,1,4,3,3,3,2,3,3,4,3,3,1,3,2","0.000564098358154297","louvain","graph_2024M08.graphml"
"0.25","0.23","0.52","0.125679303405235","1,2,3,1,4,3,3,3,2,3,3,4,3,1,3,3,2","0.000601053237915039","louvain","graph_2024M08.graphml"
"0.24","0.24","0.52","0.124926410517907","1,2,3,1,4,3,3,3,2,3,3,4,3,1,3,3,2","0.00063014030456543","louvain","graph_2024M08.graphml"
"0.23","0.25","0.52","0.124511323563418","1,2,3,1,4,3,3,3,2,3,3,4,3,1,3,3,2","0.000576972961425781","louvain","graph_2024M08.graphml"
"0.22","0.26","0.52","0.124713395481891","1,2,3,3,4,3,3,3,2,3,3,4,3,1,3,3,2","0.000583887100219727","louvain","graph_2024M08.graphml"
"0.21","0.27","0.52","0.125696888888889","1,2,2,1,3,4,4,4,2,4,4,3,4,4,4,4,2","0.000601053237915039","louvain","graph_2024M08.graphml"
"0.2","0.28","0.52","0.126154918165039","1,2,2,1,3,4,4,4,2,4,4,3,4,4,4,4,2","0.000622987747192383","louvain","graph_2024M08.graphml"
"0.19","0.29","0.52","0.125600299113418","1,2,3,2,2,4,4,4,2,4,4,3,4,1,4,4,2","0.00061488151550293","louvain","graph_2024M08.graphml"
"0.18","0.3","0.52","0.125205798957285","1,2,3,4,3,2,3,3,2,4,4,3,3,1,4,3,2","0.000633955001831055","louvain","graph_2024M08.graphml"
"0.17","0.31","0.52","0.126418508713914","1,2,3,1,2,3,3,3,2,3,4,4,3,3,3,3,2","0.000625133514404297","louvain","graph_2024M08.graphml"
"0.16","0.32","0.52","0.126418508713914","1,2,3,1,2,3,3,3,2,3,4,4,3,3,3,3,2","0.000823974609375","louvain","graph_2024M08.graphml"
"0.15","0.33","0.52","0.126264113639338","1,2,3,2,2,4,4,4,2,3,4,4,4,1,3,4,2","0.000615119934082031","louvain","graph_2024M08.graphml"
"0.14","0.34","0.52","0.126280632383981","1,2,3,2,2,3,3,3,2,3,4,4,3,1,3,3,2","0.000607013702392578","louvain","graph_2024M08.graphml"
"0.13","0.35","0.52","0.127560340040155","1,2,3,2,2,4,4,4,2,3,4,4,4,1,3,4,2","0.000946044921875","louvain","graph_2024M08.graphml"
"0.12","0.36","0.52","0.126720030461219","1,2,3,1,2,4,4,4,2,3,4,4,4,4,3,4,2","0.000583887100219727","louvain","graph_2024M08.graphml"
"0.11","0.37","0.52","0.126675662000337","1,2,3,1,2,4,4,4,2,3,4,4,4,4,3,4,2","0.000644922256469727","louvain","graph_2024M08.graphml"
"0.1","0.38","0.52","0.126034050230198","1,2,3,2,2,4,4,4,2,3,4,4,4,4,3,4,2","0.000583171844482422","louvain","graph_2024M08.graphml"
"0.09","0.39","0.52","0.125142043315052","1,2,3,2,2,3,3,3,2,3,1,3,3,1,3,3,2","0.000568866729736328","louvain","graph_2024M08.graphml"
"0.08","0.4","0.52","0.126014568158169","1,2,3,1,2,4,4,4,2,3,4,4,4,4,2,4,2","0.000571012496948242","louvain","graph_2024M08.graphml"
"0.07","0.41","0.52","0.125482417100648","1,2,3,1,2,4,4,4,2,3,4,4,4,4,2,4,2","0.000608921051025391","louvain","graph_2024M08.graphml"
"0.06","0.42","0.52","0.126683507246185","1,2,3,1,2,4,4,4,2,3,4,4,4,4,2,4,2","0.000555992126464844","louvain","graph_2024M08.graphml"
"0.05","0.43","0.52","0.127020052596976","1,2,3,2,2,4,4,4,2,3,4,4,4,4,2,4,2","0.000573873519897461","louvain","graph_2024M08.graphml"
"0.04","0.44","0.52","0.125179775354019","1,2,3,2,2,4,4,4,2,3,4,4,4,4,1,4,2","0.000636100769042969","louvain","graph_2024M08.graphml"
"0.03","0.45","0.52","0.125179775354019","1,2,3,2,2,4,4,4,2,3,4,4,4,4,1,4,2","0.000648021697998047","louvain","graph_2024M08.graphml"
"0.02","0.46","0.52","0.123897870251821","1,2,3,2,2,3,3,3,2,3,4,3,4,4,1,3,4","0.000613927841186523","louvain","graph_2024M08.graphml"
"0.01","0.47","0.52","0.125607274475244","1,2,3,2,2,3,3,3,2,3,4,4,3,1,3,3,2","0.000662088394165039","louvain","graph_2024M08.graphml"
"0","0.48","0.52","0.126097004703675","1,2,3,2,2,3,3,3,2,3,4,4,3,1,3,3,2","0.000612974166870117","louvain","graph_2024M08.graphml"
"0.47","0","0.53","0.127102547801849","1,2,2,2,2,3,2,2,3,4,4,2,2,1,4,2,3","0.000674009323120117","louvain","graph_2024M08.graphml"
"0.46","0.01","0.53","0.126329351455947","1,2,2,2,2,3,2,2,3,4,4,2,2,1,4,2,3","0.000813961029052734","louvain","graph_2024M08.graphml"
"0.45","0.02","0.53","0.126736097640459","1,2,3,2,3,2,3,3,2,4,4,3,3,1,4,3,2","0.000563859939575195","louvain","graph_2024M08.graphml"
"0.44","0.03","0.53","0.12703125","1,2,3,2,3,2,3,3,2,4,4,3,3,1,4,3,2","0.000578880310058594","louvain","graph_2024M08.graphml"
"0.43","0.04","0.53","0.126911651234568","1,2,3,4,3,2,3,3,2,4,4,3,3,1,4,3,2","0.000647068023681641","louvain","graph_2024M08.graphml"
"0.42","0.05","0.53","0.127041113864995","1,2,3,2,3,2,3,3,2,4,4,3,3,1,4,3,2","0.000596046447753906","louvain","graph_2024M08.graphml"
"0.41","0.06","0.53","0.126618731113214","1,2,3,1,3,2,3,3,2,4,4,3,3,1,4,3,2","0.000556230545043945","louvain","graph_2024M08.graphml"
"0.4","0.07","0.53","0.127878142810524","1,2,3,1,3,2,3,3,2,4,4,3,3,1,4,3,2","0.000563859939575195","louvain","graph_2024M08.graphml"
"0.39","0.08","0.53","0.127129258754014","1,2,3,1,3,2,3,3,2,4,4,3,3,1,4,3,2","0.000554800033569336","louvain","graph_2024M08.graphml"
"0.38","0.09","0.53","0.126063653597474","1,2,3,1,3,2,3,3,2,4,4,3,3,1,4,3,2","0.000545024871826172","louvain","graph_2024M08.graphml"
"0.37","0.1","0.53","0.125539514116239","1,2,3,2,2,2,3,3,2,4,3,3,3,1,4,3,2","0.000597000122070312","louvain","graph_2024M08.graphml"
"0.36","0.11","0.53","0.125332246879849","1,2,3,1,4,2,3,3,2,3,3,4,3,3,1,3,2","0.000585079193115234","louvain","graph_2024M08.graphml"
"0.35","0.12","0.53","0.125831829330372","1,2,3,3,3,2,3,3,2,4,3,3,3,1,4,3,2","0.000604152679443359","louvain","graph_2024M08.graphml"
"0.34","0.13","0.53","0.12696469063816","1,2,3,1,3,2,3,3,2,4,4,3,3,1,4,3,2","0.000687122344970703","louvain","graph_2024M08.graphml"
"0.33","0.14","0.53","0.124689553343435","1,2,3,2,4,3,3,3,2,3,3,4,3,1,1,3,2","0.00058293342590332","louvain","graph_2024M08.graphml"
"0.32","0.15","0.53","0.125728916503257","1,2,3,1,4,2,3,3,2,3,3,4,3,3,1,3,2","0.000594139099121094","louvain","graph_2024M08.graphml"
"0.31","0.16","0.53","0.125336019064087","1,2,3,1,3,2,3,3,2,4,4,3,3,1,4,3,2","0.000602960586547852","louvain","graph_2024M08.graphml"
"0.3","0.17","0.53","0.124960827752609","1,2,3,1,4,2,3,3,2,3,3,4,3,3,1,3,2","0.000612020492553711","louvain","graph_2024M08.graphml"
"0.29","0.18","0.53","0.124038661961202","1,2,3,1,4,3,3,3,2,3,1,4,3,3,3,3,2","0.000564098358154297","louvain","graph_2024M08.graphml"
"0.28","0.19","0.53","0.124773013240299","1,2,3,1,3,2,3,3,2,4,4,3,3,1,4,3,2","0.000593900680541992","louvain","graph_2024M08.graphml"
"0.27","0.2","0.53","0.123321589855337","1,2,2,3,3,3,3,3,2,3,3,4,3,1,3,3,2","0.000650882720947266","louvain","graph_2024M08.graphml"
"0.26","0.21","0.53","0.125420863512902","1,2,2,1,3,4,4,4,2,4,4,3,4,4,4,4,2","0.000610828399658203","louvain","graph_2024M08.graphml"
"0.25","0.22","0.53","0.125014770488652","1,2,2,1,3,4,4,4,2,4,4,3,4,4,4,4,2","0.000566005706787109","louvain","graph_2024M08.graphml"
"0.24","0.23","0.53","0.125747560314925","1,2,2,1,3,4,4,4,2,4,4,3,4,4,4,4,2","0.000557899475097656","louvain","graph_2024M08.graphml"
"0.23","0.24","0.53","0.126044471733696","1,2,3,1,2,4,4,4,2,4,4,3,4,4,4,4,2","0.000562191009521484","louvain","graph_2024M08.graphml"
"0.22","0.25","0.53","0.125629328254848","1,2,3,1,2,3,3,3,2,3,4,4,3,3,3,3,2","0.000586986541748047","louvain","graph_2024M08.graphml"
"0.21","0.26","0.53","0.125699983250478","1,2,3,1,2,3,3,3,2,3,1,4,3,3,3,3,2","0.00059199333190918","louvain","graph_2024M08.graphml"
"0.2","0.27","0.53","0.12559015763168","1,2,3,2,2,4,4,4,2,3,4,4,4,1,3,4,2","0.000615835189819336","louvain","graph_2024M08.graphml"
"0.19","0.28","0.53","0.126895165963365","1,2,3,1,2,4,4,4,2,3,1,4,4,4,3,4,2","0.000609874725341797","louvain","graph_2024M08.graphml"
"0.18","0.29","0.53","0.126495490909952","1,2,3,1,2,4,4,4,2,3,1,4,4,1,3,4,2","0.000602960586547852","louvain","graph_2024M08.graphml"
"0.17","0.3","0.53","0.126005228537696","1,2,3,1,2,4,4,4,2,3,4,4,4,4,3,4,2","0.000610828399658203","louvain","graph_2024M08.graphml"
"0.16","0.31","0.53","0.126458913393292","1,2,3,2,2,4,4,4,2,3,5,5,4,1,3,4,2","0.000586032867431641","louvain","graph_2024M08.graphml"
"0.15","0.32","0.53","0.126458913393292","1,2,3,2,2,4,4,4,2,3,5,5,4,1,3,4,2","0.000599145889282227","louvain","graph_2024M08.graphml"
"0.14","0.33","0.53","0.12652862286109","1,2,3,1,2,4,4,4,2,3,4,4,4,4,2,4,2","0.000597000122070312","louvain","graph_2024M08.graphml"
"0.13","0.34","0.53","0.124363108887729","1,2,3,1,2,3,3,3,2,3,4,4,3,3,2,3,2","0.000594854354858398","louvain","graph_2024M08.graphml"
"0.12","0.35","0.53","0.125778416422094","1,2,3,1,2,3,3,3,2,4,1,3,3,1,2,3,2","0.000627994537353516","louvain","graph_2024M08.graphml"
"0.11","0.36","0.53","0.126945001401729","1,2,3,2,2,4,4,4,2,3,4,4,4,4,1,4,2","0.000723838806152344","louvain","graph_2024M08.graphml"
"0.1","0.37","0.53","0.124396121546513","1,2,3,2,2,4,4,4,2,3,4,4,4,4,1,4,2","0.000632047653198242","louvain","graph_2024M08.graphml"
"0.09","0.38","0.53","0.124282132299163","1,2,3,2,2,3,3,3,2,4,5,3,3,1,4,3,2","0.0018157958984375","louvain","graph_2024M08.graphml"
"0.08","0.39","0.53","0.124967671773322","1,2,3,2,2,4,4,4,2,3,5,5,4,1,4,4,2","0.000726938247680664","louvain","graph_2024M08.graphml"
"0.07","0.4","0.53","0.124650413399709","1,2,3,2,2,3,3,3,2,3,4,4,3,1,3,3,2","0.00062108039855957","louvain","graph_2024M08.graphml"
"0.06","0.41","0.53","0.126119306860629","1,2,3,2,2,3,3,3,2,3,4,4,3,1,3,3,2","0.00059199333190918","louvain","graph_2024M08.graphml"
"0.05","0.42","0.53","0.126119306860629","1,2,3,2,2,3,3,3,2,3,4,4,3,1,3,3,2","0.000588178634643555","louvain","graph_2024M08.graphml"
"0.04","0.43","0.53","0.126138206558285","1,2,3,2,2,3,3,3,2,3,4,4,3,1,3,3,2","0.000625133514404297","louvain","graph_2024M08.graphml"
"0.03","0.44","0.53","0.127341552150552","1,2,3,2,2,4,4,4,2,3,5,5,4,1,4,4,2","0.00263500213623047","louvain","graph_2024M08.graphml"
"0.02","0.45","0.53","0.126845151726434","1,2,3,2,2,4,4,4,2,3,5,5,4,1,4,4,2","0.000607013702392578","louvain","graph_2024M08.graphml"
"0.01","0.46","0.53","0.125398027746216","1,2,3,2,2,4,4,4,2,3,5,5,4,1,4,4,2","0.000710010528564453","louvain","graph_2024M08.graphml"
"0","0.47","0.53","0.124274785246484","1,2,3,2,2,4,4,4,2,3,4,4,4,1,3,4,2","0.000640153884887695","louvain","graph_2024M08.graphml"
"0.46","0","0.54","0.125807944814194","1,2,3,4,3,2,3,3,2,4,4,3,3,1,4,3,2","0.000588893890380859","louvain","graph_2024M08.graphml"
"0.45","0.01","0.54","0.125807944814194","1,2,3,4,3,2,3,3,2,4,4,3,3,1,4,3,2","0.000613927841186523","louvain","graph_2024M08.graphml"
"0.44","0.02","0.54","0.125020351410376","1,2,3,1,3,2,3,3,2,4,4,3,3,1,4,3,2","0.000777959823608398","louvain","graph_2024M08.graphml"
"0.43","0.03","0.54","0.124537161456","1,2,3,2,2,2,3,3,2,4,3,3,3,1,4,3,2","0.00059199333190918","louvain","graph_2024M08.graphml"
"0.42","0.04","0.54","0.125116092084521","1,2,3,3,3,2,3,3,2,4,3,3,3,1,4,3,2","0.000581026077270508","louvain","graph_2024M08.graphml"
"0.41","0.05","0.54","0.126644453699847","1,2,3,1,3,2,3,3,2,4,4,3,3,1,4,3,2","0.000555038452148438","louvain","graph_2024M08.graphml"
"0.4","0.06","0.54","0.125762884111575","1,2,3,2,2,3,3,3,2,3,3,4,3,1,1,3,2","0.000589847564697266","louvain","graph_2024M08.graphml"
"0.39","0.07","0.54","0.125152483564646","1,2,3,4,3,2,3,3,2,4,4,3,3,1,4,3,2","0.000748872756958008","louvain","graph_2024M08.graphml"
"0.38","0.08","0.54","0.126253685703931","1,2,3,1,4,2,3,3,2,3,3,4,3,3,1,3,2","0.000579118728637695","louvain","graph_2024M08.graphml"
"0.37","0.09","0.54","0.124606692521859","1,2,3,1,3,2,3,3,2,4,4,3,3,1,4,3,2","0.000571012496948242","louvain","graph_2024M08.graphml"
"0.36","0.1","0.54","0.124075942534087","1,2,3,3,4,2,3,3,2,3,3,4,3,1,1,3,2","0.000854969024658203","louvain","graph_2024M08.graphml"
"0.35","0.11","0.54","0.124216853104405","1,2,3,1,4,2,3,3,2,3,3,4,3,3,1,3,2","0.000612020492553711","louvain","graph_2024M08.graphml"
"0.34","0.12","0.54","0.122698854699877","1,2,2,3,3,2,3,3,2,4,3,3,3,1,4,3,2","0.000741004943847656","louvain","graph_2024M08.graphml"
"0.33","0.13","0.54","0.123176","1,2,2,1,3,2,4,4,2,4,4,3,4,4,4,4,2","0.00154304504394531","louvain","graph_2024M08.graphml"
"0.32","0.14","0.54","0.123442157017452","1,2,2,1,3,4,4,4,2,4,4,3,4,4,4,4,2","0.000725984573364258","louvain","graph_2024M08.graphml"
"0.31","0.15","0.54","0.125014770488652","1,2,2,1,3,4,4,4,2,4,4,3,4,4,4,4,2","0.000658988952636719","louvain","graph_2024M08.graphml"
"0.3","0.16","0.54","0.125043974136172","1,2,2,3,4,3,3,3,2,3,3,4,3,1,3,3,2","0.000717878341674805","louvain","graph_2024M08.graphml"
"0.29","0.17","0.54","0.124925617181079","1,2,3,2,2,3,3,3,2,3,3,4,3,1,3,3,2","0.000659942626953125","louvain","graph_2024M08.graphml"
"0.28","0.18","0.54","0.12466670379627","1,2,3,2,2,3,3,3,2,3,4,4,3,1,3,3,2","0.000811100006103516","louvain","graph_2024M08.graphml"
"0.27","0.19","0.54","0.12402614265928","1,2,3,1,2,4,4,4,2,4,1,3,4,4,4,4,2","0.000916004180908203","louvain","graph_2024M08.graphml"
"0.26","0.2","0.54","0.124422184655711","1,2,3,2,2,3,3,3,2,3,4,4,3,1,3,3,2","0.000669956207275391","louvain","graph_2024M08.graphml"
"0.25","0.21","0.54","0.125436370626682","1,2,3,2,2,4,4,4,2,3,5,5,4,1,3,4,2","0.000594854354858398","louvain","graph_2024M08.graphml"
"0.24","0.22","0.54","0.125689188639323","1,2,3,1,2,4,4,4,2,3,1,4,4,4,3,4,2","0.000533819198608398","louvain","graph_2024M08.graphml"
"0.23","0.23","0.54","0.125188336735091","1,2,3,2,2,4,4,4,2,3,1,4,4,1,3,4,2","0.000589132308959961","louvain","graph_2024M08.graphml"
"0.22","0.24","0.54","0.125305118590407","1,2,3,2,2,4,4,4,2,3,1,4,4,1,3,4,2","0.000573873519897461","louvain","graph_2024M08.graphml"
"0.21","0.25","0.54","0.125871383975026","1,2,3,2,2,4,4,4,2,3,1,4,4,1,3,4,2","0.000702142715454102","louvain","graph_2024M08.graphml"
"0.2","0.26","0.54","0.125186689223571","1,2,3,1,2,3,3,3,2,4,1,3,3,1,2,3,2","0.000622034072875977","louvain","graph_2024M08.graphml"
"0.19","0.27","0.54","0.12527746147673","1,2,3,2,2,4,4,4,2,3,4,4,4,4,1,4,2","0.00114679336547852","louvain","graph_2024M08.graphml"
"0.18","0.28","0.54","0.124318097082044","1,2,3,2,2,4,4,4,2,3,5,5,4,1,4,4,2","0.000570058822631836","louvain","graph_2024M08.graphml"
"0.17","0.29","0.54","0.124940617190754","1,2,3,2,2,4,4,4,2,3,4,4,4,4,1,4,2","0.000570058822631836","louvain","graph_2024M08.graphml"
"0.16","0.3","0.54","0.124396121546513","1,2,3,2,2,4,4,4,2,3,4,4,4,4,1,4,2","0.000983953475952148","louvain","graph_2024M08.graphml"
"0.15","0.31","0.54","0.124756392077644","1,2,3,2,2,3,3,3,2,4,5,3,3,1,4,3,2","0.000679969787597656","louvain","graph_2024M08.graphml"
"0.14","0.32","0.54","0.124967671773322","1,2,3,2,2,4,4,4,2,3,5,5,4,1,4,4,2","0.00102901458740234","louvain","graph_2024M08.graphml"
"0.13","0.33","0.54","0.12524433377392","1,2,3,2,2,4,4,4,2,3,5,5,4,1,4,4,2","0.000597000122070312","louvain","graph_2024M08.graphml"
"0.12","0.34","0.54","0.12524433377392","1,2,3,2,2,4,4,4,2,3,5,5,4,1,4,4,2","0.00068211555480957","louvain","graph_2024M08.graphml"
"0.11","0.35","0.54","0.126116055535778","1,2,3,2,2,4,4,4,2,3,4,4,4,1,3,4,2","0.000586032867431641","louvain","graph_2024M08.graphml"
"0.1","0.36","0.54","0.125734134835836","1,2,3,2,2,3,3,3,2,3,4,4,3,1,3,3,2","0.000818014144897461","louvain","graph_2024M08.graphml"
"0.09","0.37","0.54","0.12347578125","1,2,3,2,2,3,3,4,2,3,4,4,4,1,4,4,4","0.000893115997314453","louvain","graph_2024M08.graphml"
"0.08","0.38","0.54","0.124452736202094","1,2,3,2,2,4,4,4,2,3,5,5,4,1,4,4,2","0.000646114349365234","louvain","graph_2024M08.graphml"
"0.07","0.39","0.54","0.125089396210223","1,2,3,2,2,4,4,4,2,3,5,5,4,1,4,4,2","0.000900983810424805","louvain","graph_2024M08.graphml"
"0.06","0.4","0.54","0.125703890609467","1,2,3,2,2,4,4,4,2,3,5,5,4,1,4,4,2","0.000818014144897461","louvain","graph_2024M08.graphml"
"0.05","0.41","0.54","0.124644337265777","1,2,3,2,2,3,3,3,2,3,4,4,3,1,3,3,2","0.000627994537353516","louvain","graph_2024M08.graphml"
"0.04","0.42","0.54","0.124214997304186","1,2,3,2,2,3,3,3,2,3,4,4,3,1,3,3,2","0.000717878341674805","louvain","graph_2024M08.graphml"
"0.03","0.43","0.54","0.122977442463039","1,2,3,2,2,4,4,4,2,3,4,4,4,1,3,4,2","0.000706911087036133","louvain","graph_2024M08.graphml"
"0.02","0.44","0.54","0.123797031328247","1,2,3,2,2,4,4,4,2,3,4,4,4,1,3,4,2","0.000580072402954102","louvain","graph_2024M08.graphml"
"0.01","0.45","0.54","0.12523166095826","1,2,3,2,2,4,4,4,2,3,4,4,4,1,3,4,2","0.00061798095703125","louvain","graph_2024M08.graphml"
"0","0.46","0.54","0.12523166095826","1,2,3,2,2,4,4,4,2,3,4,4,4,1,3,4,2","0.000627040863037109","louvain","graph_2024M08.graphml"
"0.45","0","0.55","0.125048295158033","1,2,3,1,4,2,3,3,2,3,3,4,3,3,1,3,2","0.000596046447753906","louvain","graph_2024M08.graphml"
"0.44","0.01","0.55","0.124038258949005","1,2,3,1,3,2,3,3,2,4,4,3,3,1,4,3,2","0.000622987747192383","louvain","graph_2024M08.graphml"
"0.43","0.02","0.55","0.124606692521859","1,2,3,1,3,2,3,3,2,4,4,3,3,1,4,3,2","0.000767946243286133","louvain","graph_2024M08.graphml"
"0.42","0.03","0.55","0.124015420857903","1,2,3,1,4,2,3,3,2,3,3,4,3,3,1,3,2","0.000674962997436523","louvain","graph_2024M08.graphml"
"0.41","0.04","0.55","0.124085381192993","1,2,3,1,3,2,3,3,2,4,4,3,3,1,4,3,2","0.000584125518798828","louvain","graph_2024M08.graphml"
"0.4","0.05","0.55","0.123354792816495","1,2,2,3,3,2,3,3,2,3,3,4,3,1,1,3,2","0.000568151473999023","louvain","graph_2024M08.graphml"
"0.39","0.06","0.55","0.123281513626355","1,2,3,4,3,2,3,3,2,4,4,3,3,1,4,3,2","0.000540018081665039","louvain","graph_2024M08.graphml"
"0.38","0.07","0.55","0.123176","1,2,2,1,3,2,4,4,2,4,4,3,4,4,4,4,2","0.000648975372314453","louvain","graph_2024M08.graphml"
"0.37","0.08","0.55","0.122635619540431","1,2,2,1,3,2,4,4,2,4,4,3,4,4,4,4,2","0.000711202621459961","louvain","graph_2024M08.graphml"
"0.36","0.09","0.55","0.122222593559372","1,2,3,3,3,2,3,3,2,3,3,3,3,1,3,3,2","0.000576972961425781","louvain","graph_2024M08.graphml"
"0.35","0.1","0.55","0.12294676100893","1,2,3,1,2,4,3,3,2,4,1,3,3,3,4,3,2","0.000940084457397461","louvain","graph_2024M08.graphml"
"0.34","0.11","0.55","0.124008602956876","1,2,3,1,2,3,3,3,2,4,1,3,3,3,4,3,2","0.00074315071105957","louvain","graph_2024M08.graphml"
"0.33","0.12","0.55","0.12465011629694","1,2,3,1,2,3,3,3,2,3,1,4,3,3,3,3,2","0.000633001327514648","louvain","graph_2024M08.graphml"
"0.32","0.13","0.55","0.123723830780995","1,2,3,2,2,3,3,3,2,3,4,4,3,1,3,3,2","0.000648975372314453","louvain","graph_2024M08.graphml"
"0.31","0.14","0.55","0.123168701871793","1,2,3,2,2,3,3,3,2,3,4,4,3,1,3,3,2","0.000683069229125977","louvain","graph_2024M08.graphml"
"0.3","0.15","0.55","0.124251356315947","1,2,3,2,2,4,4,4,2,3,5,5,4,1,3,4,2","0.000602006912231445","louvain","graph_2024M08.graphml"
"0.29","0.16","0.55","0.123732373288059","1,2,3,2,2,3,3,3,2,3,1,3,3,1,3,3,2","0.000597000122070312","louvain","graph_2024M08.graphml"
"0.28","0.17","0.55","0.124805363902387","1,2,3,2,2,4,4,4,2,3,1,4,4,1,3,4,2","0.000584125518798828","louvain","graph_2024M08.graphml"
"0.27","0.18","0.55","0.124153696692907","1,2,3,2,2,4,4,4,2,3,1,4,4,1,4,4,2","0.000589132308959961","louvain","graph_2024M08.graphml"
"0.26","0.19","0.55","0.122800474128674","1,2,3,2,2,4,4,4,3,2,5,5,4,1,3,4,3","0.000613927841186523","louvain","graph_2024M08.graphml"
"0.25","0.2","0.55","0.124301744494084","1,2,3,2,2,3,3,3,2,4,1,3,3,1,4,3,2","0.000607013702392578","louvain","graph_2024M08.graphml"
"0.24","0.21","0.55","0.125667853238234","1,2,3,2,2,4,4,4,2,3,4,4,4,4,1,4,2","0.000622987747192383","louvain","graph_2024M08.graphml"
"0.23","0.22","0.55","0.125408278425301","1,2,3,2,2,4,4,4,2,3,4,4,4,4,1,4,2","0.000581026077270508","louvain","graph_2024M08.graphml"
"0.22","0.23","0.55","0.125408278425301","1,2,3,2,2,4,4,4,2,3,4,4,4,4,1,4,2","0.000581979751586914","louvain","graph_2024M08.graphml"
"0.21","0.24","0.55","0.126116042670515","1,2,3,2,2,4,4,4,2,3,4,4,4,4,1,4,2","0.000577926635742188","louvain","graph_2024M08.graphml"
"0.2","0.25","0.55","0.124320063003775","1,2,3,2,2,3,3,3,2,3,4,4,3,1,3,3,2","0.000594854354858398","louvain","graph_2024M08.graphml"
"0.19","0.26","0.55","0.124932245434139","1,2,3,2,2,4,4,4,2,3,5,5,4,1,4,4,2","0.000564098358154297","louvain","graph_2024M08.graphml"
"0.18","0.27","0.55","0.124647570402434","1,2,3,2,2,4,4,4,2,3,4,4,4,1,3,4,2","0.000936031341552734","louvain","graph_2024M08.graphml"
"0.17","0.28","0.55","0.123885209435005","1,2,3,2,2,4,4,4,2,3,5,5,4,1,4,4,2","0.00121903419494629","louvain","graph_2024M08.graphml"
"0.16","0.29","0.55","0.123963621610868","1,2,3,2,2,4,4,4,2,3,4,4,4,1,3,4,2","0.000612020492553711","louvain","graph_2024M08.graphml"
"0.15","0.3","0.55","0.1238984375","1,2,3,2,2,3,3,3,2,3,4,4,3,1,3,3,2","0.000590801239013672","louvain","graph_2024M08.graphml"
"0.14","0.31","0.55","0.124452736202094","1,2,3,2,2,4,4,4,2,3,5,5,4,1,4,4,2","0.000573873519897461","louvain","graph_2024M08.graphml"
"0.13","0.32","0.55","0.124423666543116","1,2,3,2,2,4,4,4,2,3,4,4,4,1,3,4,2","0.000648975372314453","louvain","graph_2024M08.graphml"
"0.12","0.33","0.55","0.125121438825772","1,2,3,2,2,3,3,3,2,3,4,4,3,1,3,3,2","0.000684022903442383","louvain","graph_2024M08.graphml"
"0.11","0.34","0.55","0.124084801735124","1,2,3,2,2,3,3,3,2,3,4,4,3,1,3,3,2","0.000629901885986328","louvain","graph_2024M08.graphml"
"0.1","0.35","0.55","0.124084801735124","1,2,3,2,2,3,3,3,2,3,4,4,3,1,3,3,2","0.000833034515380859","louvain","graph_2024M08.graphml"
"0.09","0.36","0.55","0.123635249596714","1,2,3,2,2,4,4,4,2,3,4,4,4,1,3,4,2","0.000633955001831055","louvain","graph_2024M08.graphml"
"0.08","0.37","0.55","0.122647748817508","1,2,3,2,2,4,4,4,2,3,4,4,4,4,1,4,2","0.000602960586547852","louvain","graph_2024M08.graphml"
"0.07","0.38","0.55","0.123157248157248","1,2,3,2,2,4,4,4,2,3,4,4,4,1,3,4,2","0.000627040863037109","louvain","graph_2024M08.graphml"
"0.06","0.39","0.55","0.122879178533279","1,2,3,1,2,3,3,3,2,3,3,3,3,2,3,3,2","0.000616788864135742","louvain","graph_2024M08.graphml"
"0.05","0.4","0.55","0.123378520814418","1,2,3,2,2,4,4,4,2,3,4,4,4,4,1,4,2","0.000584840774536133","louvain","graph_2024M08.graphml"
"0.04","0.41","0.55","0.123234381752417","1,2,3,2,2,4,3,3,2,3,4,3,4,1,4,3,4","0.00100994110107422","louvain","graph_2024M08.graphml"
"0.03","0.42","0.55","0.123589127292645","1,2,3,1,4,4,4,4,2,3,4,4,4,4,2,4,2","0.000600099563598633","louvain","graph_2024M08.graphml"
"0.02","0.43","0.55","0.123713143834089","1,2,3,2,2,3,3,3,2,3,4,3,3,1,1,3,2","0.000571012496948242","louvain","graph_2024M08.graphml"
"0.01","0.44","0.55","0.124091278631351","1,2,3,1,4,3,3,3,2,3,4,4,3,4,3,4,2","0.000574111938476562","louvain","graph_2024M08.graphml"
"0","0.45","0.55","0.123746032117369","1,2,3,2,2,3,3,3,2,3,3,3,3,1,1,3,2","0.000705957412719727","louvain","graph_2024M08.graphml"
"0.44","0","0.56","0.12157336600467","1,2,2,1,3,2,4,4,2,5,4,3,4,4,5,4,2","0.000539064407348633","louvain","graph_2024M08.graphml"
"0.43","0.01","0.56","0.121696662890754","1,2,3,4,2,3,2,2,3,2,4,2,2,1,2,2,3","0.000609874725341797","louvain","graph_2024M08.graphml"
"0.42","0.02","0.56","0.121054640502642","1,2,2,3,3,2,3,3,2,4,3,3,3,1,4,3,2","0.000697851181030273","louvain","graph_2024M08.graphml"
"0.41","0.03","0.56","0.123014998180342","1,2,3,2,2,4,3,3,2,4,3,3,3,1,4,3,2","0.000619888305664062","louvain","graph_2024M08.graphml"
"0.4","0.04","0.56","0.123757318592881","1,2,3,1,2,2,3,3,2,3,1,3,3,3,3,3,2","0.000562906265258789","louvain","graph_2024M08.graphml"
"0.39","0.05","0.56","0.123396492270182","1,2,3,1,2,4,3,3,2,4,1,3,3,3,4,3,2","0.000566959381103516","louvain","graph_2024M08.graphml"
"0.38","0.06","0.56","0.122914384717658","1,2,3,2,2,4,3,3,2,4,3,3,3,1,4,3,2","0.000587940216064453","louvain","graph_2024M08.graphml"
"0.37","0.07","0.56","0.122958697678243","1,2,3,1,2,3,3,3,2,3,1,4,3,3,3,3,2","0.000895977020263672","louvain","graph_2024M08.graphml"
"0.36","0.08","0.56","0.124340481228299","1,2,3,2,2,4,4,4,2,4,4,3,4,1,4,4,2","0.000587224960327148","louvain","graph_2024M08.graphml"
"0.35","0.09","0.56","0.125254651008258","1,2,3,1,2,4,4,4,2,3,4,3,4,4,4,4,2","0.000606060028076172","louvain","graph_2024M08.graphml"
"0.34","0.1","0.56","0.124717274289243","1,2,3,2,2,4,4,4,2,3,4,3,4,4,4,4,2","0.000725984573364258","louvain","graph_2024M08.graphml"
"0.33","0.11","0.56","0.123615853172494","1,2,3,2,2,4,4,4,2,3,4,4,4,4,1,4,2","0.00058293342590332","louvain","graph_2024M08.graphml"
"0.32","0.12","0.56","0.122913376200263","1,2,3,1,2,4,4,4,2,3,4,4,4,4,2,4,2","0.000627994537353516","louvain","graph_2024M08.graphml"
"0.31","0.13","0.56","0.12494603645973","1,2,3,4,4,2,4,4,2,3,4,4,4,1,2,4,2","0.000677108764648438","louvain","graph_2024M08.graphml"
"0.3","0.14","0.56","0.124254390471856","1,2,3,4,4,2,4,4,2,3,4,4,4,1,2,4,2","0.000723123550415039","louvain","graph_2024M08.graphml"
"0.29","0.15","0.56","0.124396121546513","1,2,3,2,2,4,4,4,2,3,4,4,4,4,1,4,2","0.00137114524841309","louvain","graph_2024M08.graphml"
"0.28","0.16","0.56","0.124621187046817","1,2,3,2,2,4,4,4,2,3,4,4,4,4,1,4,2","0.000627994537353516","louvain","graph_2024M08.graphml"
"0.27","0.17","0.56","0.125938952091011","1,2,3,2,2,4,4,4,2,3,4,4,4,1,3,4,2","0.000597953796386719","louvain","graph_2024M08.graphml"
"0.26","0.18","0.56","0.125439321315495","1,2,3,2,2,4,4,4,2,3,5,5,4,1,4,4,2","0.000602960586547852","louvain","graph_2024M08.graphml"
"0.25","0.19","0.56","0.124191036044896","1,2,3,2,2,4,4,4,2,3,4,4,4,1,3,4,2","0.000670909881591797","louvain","graph_2024M08.graphml"
"0.24","0.2","0.56","0.122643098570707","1,2,3,2,2,4,4,4,2,3,5,5,4,1,4,4,2","0.000571012496948242","louvain","graph_2024M08.graphml"
"0.23","0.21","0.56","0.123262416693362","1,2,3,2,2,4,4,4,2,3,5,5,4,1,4,4,2","0.00067901611328125","louvain","graph_2024M08.graphml"
"0.22","0.22","0.56","0.122947802400059","1,2,3,2,2,3,3,3,2,3,4,4,3,1,3,3,2","0.000635862350463867","louvain","graph_2024M08.graphml"
"0.21","0.23","0.56","0.1238984375","1,2,3,2,2,3,3,3,2,3,4,4,3,1,3,3,2","0.000571966171264648","louvain","graph_2024M08.graphml"
"0.2","0.24","0.56","0.1238984375","1,2,3,2,2,3,3,3,2,3,4,4,3,1,3,3,2","0.000597000122070312","louvain","graph_2024M08.graphml"
"0.19","0.25","0.56","0.124636132560185","1,2,3,2,2,3,3,3,2,3,4,4,3,1,3,3,2","0.000683069229125977","louvain","graph_2024M08.graphml"
"0.18","0.26","0.56","0.122877272811236","1,2,3,2,2,4,4,4,2,3,4,4,4,1,3,4,2","0.000694990158081055","louvain","graph_2024M08.graphml"
"0.17","0.27","0.56","0.12296052470346","1,2,3,2,2,4,4,4,2,3,4,4,4,1,3,4,2","0.000564813613891602","louvain","graph_2024M08.graphml"
"0.16","0.28","0.56","0.12325614523086","1,2,3,2,2,3,3,3,2,3,4,4,3,1,3,3,2","0.000602960586547852","louvain","graph_2024M08.graphml"
"0.15","0.29","0.56","0.122686328303612","1,2,3,2,2,3,3,3,2,3,3,3,3,1,1,3,2","0.000672101974487305","louvain","graph_2024M08.graphml"
"0.14","0.3","0.56","0.122223755732971","1,2,3,2,2,3,3,3,2,3,3,3,3,1,3,3,2","0.000657081604003906","louvain","graph_2024M08.graphml"
"0.13","0.31","0.56","0.12056139789555","1,2,3,1,2,3,3,4,2,3,4,4,4,2,4,4,4","0.000552177429199219","louvain","graph_2024M08.graphml"
"0.12","0.32","0.56","0.12189167827167","1,2,3,2,2,3,3,3,2,3,3,3,3,1,3,3,2","0.000555992126464844","louvain","graph_2024M08.graphml"
"0.11","0.33","0.56","0.123143712887303","1,2,3,1,2,4,4,4,2,3,4,4,4,2,3,4,2","0.0005950927734375","louvain","graph_2024M08.graphml"
"0.1","0.34","0.56","0.122243305674284","1,2,2,1,3,2,2,2,4,2,3,2,2,3,4,2,4","0.000613927841186523","louvain","graph_2024M08.graphml"
"0.09","0.35","0.56","0.122806641971627","1,2,3,1,4,2,4,4,2,3,4,4,4,4,2,4,2","0.000638008117675781","louvain","graph_2024M08.graphml"
"0.08","0.36","0.56","0.121557618232794","1,2,3,2,2,3,3,3,2,3,3,3,3,1,3,3,3","0.000607013702392578","louvain","graph_2024M08.graphml"
"0.07","0.37","0.56","0.124032323232323","1,2,3,2,2,4,4,4,2,3,4,4,4,4,1,4,2","0.000600099563598633","louvain","graph_2024M08.graphml"
"0.06","0.38","0.56","0.122531724784298","1,2,3,1,4,3,3,3,2,3,4,3,3,4,2,3,2","0.000558853149414062","louvain","graph_2024M08.graphml"
"0.05","0.39","0.56","0.121853047912437","1,2,3,4,4,4,4,4,2,3,4,4,4,1,2,4,2","0.000573873519897461","louvain","graph_2024M08.graphml"
"0.04","0.4","0.56","0.121809406299898","1,2,3,4,4,4,4,4,2,3,4,4,4,1,2,4,2","0.000615835189819336","louvain","graph_2024M08.graphml"
"0.03","0.41","0.56","0.123263549490921","1,2,3,2,2,4,4,4,2,3,4,4,4,4,1,4,2","0.00067591667175293","louvain","graph_2024M08.graphml"
"0.02","0.42","0.56","0.123197658415107","1,2,3,1,4,2,4,4,2,3,4,4,4,4,2,4,2","0.000586986541748047","louvain","graph_2024M08.graphml"
"0.01","0.43","0.56","0.122230987127541","1,2,3,1,4,2,4,4,2,3,4,4,4,4,2,4,2","0.000619173049926758","louvain","graph_2024M08.graphml"
"0","0.44","0.56","0.121581114926249","1,2,3,1,3,3,3,3,2,3,3,3,3,3,2,3,2","0.000617027282714844","louvain","graph_2024M08.graphml"
"0.43","0","0.57","0.122887778204964","1,2,3,2,2,4,4,4,2,4,4,3,4,1,4,4,2","0.000612020492553711","louvain","graph_2024M08.graphml"
"0.42","0.01","0.57","0.122618650946217","1,2,3,2,2,4,3,3,2,4,3,3,3,1,4,3,2","0.000586032867431641","louvain","graph_2024M08.graphml"
"0.41","0.02","0.57","0.123391633875078","1,2,3,2,2,4,3,3,2,4,3,3,3,1,4,3,2","0.00062108039855957","louvain","graph_2024M08.graphml"
"0.4","0.03","0.57","0.122707302579305","1,2,3,2,2,4,4,4,2,3,4,3,4,4,1,4,2","0.000558853149414062","louvain","graph_2024M08.graphml"
"0.39","0.04","0.57","0.123308220603538","1,2,3,2,2,4,4,4,2,3,4,3,4,4,1,4,2","0.000764131546020508","louvain","graph_2024M08.graphml"
"0.38","0.05","0.57","0.122588943052264","1,2,3,2,2,4,4,4,2,3,4,3,4,4,1,4,2","0.000603914260864258","louvain","graph_2024M08.graphml"
"0.37","0.06","0.57","0.123055555555556","1,2,3,2,2,4,4,4,2,3,4,4,4,4,1,4,2","0.00073695182800293","louvain","graph_2024M08.graphml"
"0.36","0.07","0.57","0.123906153918925","1,2,3,1,2,4,4,4,2,3,4,4,4,4,2,4,2","0.000635862350463867","louvain","graph_2024M08.graphml"
"0.35","0.08","0.57","0.124112975804311","1,2,3,2,2,4,4,4,2,3,4,4,4,4,1,4,2","0.000874996185302734","louvain","graph_2024M08.graphml"
"0.34","0.09","0.57","0.124727028524311","1,2,3,2,2,4,4,4,2,3,4,4,4,1,3,4,2","0.00123500823974609","louvain","graph_2024M08.graphml"
"0.33","0.1","0.57","0.12428617778069","1,2,3,2,2,4,4,4,2,3,5,5,4,1,4,4,2","0.000632047653198242","louvain","graph_2024M08.graphml"
"0.32","0.11","0.57","0.12279834907905","1,2,3,2,2,4,4,4,2,3,4,4,4,1,3,4,2","0.000906944274902344","louvain","graph_2024M08.graphml"
"0.31","0.12","0.57","0.122815711724451","1,2,3,2,2,4,4,4,2,3,4,4,4,1,3,4,2","0.000660896301269531","louvain","graph_2024M08.graphml"
"0.3","0.13","0.57","0.122952501640818","1,2,3,2,2,4,4,4,2,3,5,5,4,1,4,4,2","0.000851154327392578","louvain","graph_2024M08.graphml"
"0.29","0.14","0.57","0.123571875","1,2,3,2,2,4,4,4,2,3,5,5,4,1,4,4,2","0.000663995742797852","louvain","graph_2024M08.graphml"
"0.28","0.15","0.57","0.123571875","1,2,3,2,2,4,4,4,2,3,5,5,4,1,4,4,2","0.000599145889282227","louvain","graph_2024M08.graphml"
"0.27","0.16","0.57","0.123571875","1,2,3,2,2,4,4,4,2,3,5,5,4,1,4,4,2","0.000765085220336914","louvain","graph_2024M08.graphml"
"0.26","0.17","0.57","0.123645916852898","1,2,3,2,2,4,4,4,2,3,5,5,4,1,4,4,2","0.000605106353759766","louvain","graph_2024M08.graphml"
"0.25","0.18","0.57","0.124222830909301","1,2,3,2,2,4,4,4,2,3,4,4,4,1,3,4,2","0.000953912734985352","louvain","graph_2024M08.graphml"
"0.24","0.19","0.57","0.123773159122955","1,2,3,2,2,4,4,4,2,3,4,4,4,1,3,4,2","0.000611066818237305","louvain","graph_2024M08.graphml"
"0.23","0.2","0.57","0.123408250914781","1,2,3,2,2,4,4,4,2,3,4,4,4,1,3,4,2","0.000571012496948242","louvain","graph_2024M08.graphml"
"0.22","0.21","0.57","0.122600961678032","1,2,3,2,2,3,3,3,2,3,4,4,3,1,3,3,2","0.000592947006225586","louvain","graph_2024M08.graphml"
"0.21","0.22","0.57","0.122528397299159","1,2,3,2,2,4,4,4,2,3,4,4,4,1,3,4,2","0.000601053237915039","louvain","graph_2024M08.graphml"
"0.2","0.23","0.57","0.122612406935877","1,2,3,2,2,4,4,4,2,3,4,4,4,1,3,4,2","0.00103998184204102","louvain","graph_2024M08.graphml"
"0.19","0.24","0.57","0.121738115849298","1,2,3,2,2,3,3,3,2,3,4,4,3,1,3,3,2","0.000591039657592773","louvain","graph_2024M08.graphml"
"0.18","0.25","0.57","0.121142820331122","1,2,3,4,4,4,4,4,2,3,4,4,4,1,2,4,2","0.000589132308959961","louvain","graph_2024M08.graphml"
"0.17","0.26","0.57","0.121493158834027","1,2,3,2,2,4,4,4,2,3,4,4,4,1,3,4,2","0.000617027282714844","louvain","graph_2024M08.graphml"
"0.16","0.27","0.57","0.121384404544136","1,2,3,2,2,4,4,4,2,3,4,4,4,1,3,4,2","0.000905990600585938","louvain","graph_2024M08.graphml"
"0.15","0.28","0.57","0.122592698416439","1,2,3,4,4,4,4,4,2,3,4,4,4,1,2,4,2","0.000621795654296875","louvain","graph_2024M08.graphml"
"0.14","0.29","0.57","0.122308907254362","1,2,3,2,2,3,3,3,2,3,3,3,3,1,3,3,3","0.000576019287109375","louvain","graph_2024M08.graphml"
"0.13","0.3","0.57","0.122952110901071","1,2,3,2,2,3,3,3,2,3,3,3,3,1,1,3,2","0.000764131546020508","louvain","graph_2024M08.graphml"
"0.12","0.31","0.57","0.122429395219435","1,2,3,2,2,3,3,3,2,3,3,3,3,1,1,3,2","0.000665903091430664","louvain","graph_2024M08.graphml"
"0.11","0.32","0.57","0.121907388590507","1,2,3,2,2,3,3,3,2,3,3,3,3,1,1,3,2","0.000683069229125977","louvain","graph_2024M08.graphml"
"0.1","0.33","0.57","0.121982190735947","1,2,3,2,2,3,3,3,2,3,4,3,3,1,1,3,2","0.000628948211669922","louvain","graph_2024M08.graphml"
"0.09","0.34","0.57","0.122666593648264","1,2,3,2,2,3,3,3,2,3,4,3,3,1,1,3,2","0.000687837600708008","louvain","graph_2024M08.graphml"
"0.08","0.35","0.57","0.12231343379453","1,2,3,1,4,2,4,4,2,3,4,4,4,4,2,4,2","0.000674009323120117","louvain","graph_2024M08.graphml"
"0.07","0.36","0.57","0.120544283753225","1,2,3,2,2,3,3,3,2,3,4,4,3,1,3,3,2","0.000650882720947266","louvain","graph_2024M08.graphml"
"0.06","0.37","0.57","0.122558815192744","1,2,3,1,4,2,4,4,2,3,4,4,4,4,2,4,2","0.000774145126342773","louvain","graph_2024M08.graphml"
"0.05","0.38","0.57","0.124181904863999","1,2,3,1,4,2,4,4,2,3,4,4,4,4,2,4,2","0.000609159469604492","louvain","graph_2024M08.graphml"
"0.04","0.39","0.57","0.12289975841182","1,2,3,1,3,3,3,3,2,3,3,3,3,3,2,3,2","0.000689983367919922","louvain","graph_2024M08.graphml"
"0.03","0.4","0.57","0.123228347556852","1,2,3,2,4,4,4,4,2,3,4,4,4,4,1,4,2","0.000617027282714844","louvain","graph_2024M08.graphml"
"0.02","0.41","0.57","0.122195120594518","1,2,3,1,4,3,3,3,2,4,3,3,3,3,2,3,2","0.000614166259765625","louvain","graph_2024M08.graphml"
"0.01","0.42","0.57","0.123085994081754","1,2,3,2,4,3,3,3,2,4,3,3,3,1,2,3,2","0.00062108039855957","louvain","graph_2024M08.graphml"
"0","0.43","0.57","0.12285577707245","1,2,3,1,4,4,4,4,2,3,4,4,4,4,2,4,2","0.000597000122070312","louvain","graph_2024M08.graphml"
"0.42","0","0.58","0.12328297826414","1,2,3,2,2,4,4,4,2,3,4,4,4,4,1,4,2","0.000623941421508789","louvain","graph_2024M08.graphml"
"0.41","0.01","0.58","0.121941847267138","1,2,3,2,2,3,3,3,2,3,4,4,3,3,3,4,2","0.000563859939575195","louvain","graph_2024M08.graphml"
"0.4","0.02","0.58","0.124401425815354","1,2,3,2,2,4,4,4,2,3,4,4,4,1,3,4,2","0.00127410888671875","louvain","graph_2024M08.graphml"
"0.39","0.03","0.58","0.12173797181633","1,2,3,2,2,4,4,4,2,3,4,4,4,1,3,4,2","0.000612974166870117","louvain","graph_2024M08.graphml"
"0.38","0.04","0.58","0.121706419840987","1,2,3,2,2,3,3,3,2,3,4,4,3,1,3,3,2","0.000603914260864258","louvain","graph_2024M08.graphml"
"0.37","0.05","0.58","0.121369407855702","1,2,3,2,2,4,4,4,2,3,4,4,4,1,3,4,2","0.000639915466308594","louvain","graph_2024M08.graphml"
"0.36","0.06","0.58","0.122579340028243","1,2,3,2,2,4,4,4,2,3,4,4,4,1,3,4,2","0.000574111938476562","louvain","graph_2024M08.graphml"
"0.35","0.07","0.58","0.122127059503395","1,2,3,2,2,4,4,4,2,3,4,4,4,1,3,4,2","0.000564098358154297","louvain","graph_2024M08.graphml"
"0.34","0.08","0.58","0.122108987924518","1,2,3,2,2,3,3,3,2,3,4,4,3,1,3,3,2","0.000730037689208984","louvain","graph_2024M08.graphml"
"0.33","0.09","0.58","0.12164803359097","1,2,3,4,4,3,4,4,3,2,4,4,4,1,3,4,3","0.000581026077270508","louvain","graph_2024M08.graphml"
"0.32","0.1","0.58","0.123295988960669","1,2,3,2,2,4,4,4,2,3,4,4,4,1,3,4,2","0.000638008117675781","louvain","graph_2024M08.graphml"
"0.31","0.11","0.58","0.123773159122955","1,2,3,2,2,4,4,4,2,3,4,4,4,1,3,4,2","0.000670909881591797","louvain","graph_2024M08.graphml"
"0.3","0.12","0.58","0.123128020158188","1,2,3,2,2,4,4,4,2,3,4,4,4,1,3,4,2","0.00065302848815918","louvain","graph_2024M08.graphml"
"0.29","0.13","0.58","0.122680221301833","1,2,3,2,2,4,4,4,2,3,4,4,4,1,3,4,2","0.000565052032470703","louvain","graph_2024M08.graphml"
"0.28","0.14","0.58","0.122528397299159","1,2,3,2,2,4,4,4,2,3,4,4,4,1,3,4,2","0.000591039657592773","louvain","graph_2024M08.graphml"
"0.27","0.15","0.58","0.122907428336276","1,2,3,2,2,3,3,3,2,3,4,4,3,1,3,3,2","0.000605106353759766","louvain","graph_2024M08.graphml"
"0.26","0.16","0.58","0.119900636079642","1,2,3,1,4,2,4,4,2,3,4,4,4,4,2,4,2","0.000671148300170898","louvain","graph_2024M08.graphml"
"0.25","0.17","0.58","0.121146448868983","1,2,3,2,2,3,3,3,2,3,3,3,3,1,1,3,2","0.000583887100219727","louvain","graph_2024M08.graphml"
"0.24","0.18","0.58","0.121355557919306","1,2,3,1,2,3,3,3,2,3,4,4,3,2,3,3,2","0.000574827194213867","louvain","graph_2024M08.graphml"
"0.23","0.19","0.58","0.12040749553837","1,2,3,2,2,3,3,3,2,3,3,3,3,1,1,3,2","0.000616073608398438","louvain","graph_2024M08.graphml"
"0.22","0.2","0.58","0.121561596401406","1,2,3,2,2,3,3,3,2,3,4,4,3,1,3,3,2","0.000754833221435547","louvain","graph_2024M08.graphml"
"0.21","0.21","0.58","0.12091664506551","1,2,3,2,4,3,3,3,2,3,4,4,3,4,3,4,2","0.000624895095825195","louvain","graph_2024M08.graphml"
"0.2","0.22","0.58","0.122952110901071","1,2,3,2,2,3,3,3,2,3,3,3,3,1,1,3,2","0.000609159469604492","louvain","graph_2024M08.graphml"
"0.19","0.23","0.58","0.122230331570998","1,2,3,1,2,3,3,3,2,3,4,4,3,2,3,4,2","0.00064396858215332","louvain","graph_2024M08.graphml"
"0.18","0.24","0.58","0.121267954961096","1,2,3,2,2,3,3,3,2,4,3,3,3,1,4,3,2","0.000612974166870117","louvain","graph_2024M08.graphml"
"0.17","0.25","0.58","0.121097898943491","1,2,3,1,3,3,3,3,2,3,3,3,3,3,2,3,2","0.00055694580078125","louvain","graph_2024M08.graphml"
"0.16","0.26","0.58","0.121195849076135","1,2,3,3,3,3,3,3,2,3,3,3,3,1,2,3,2","0.00060582160949707","louvain","graph_2024M08.graphml"
"0.15","0.27","0.58","0.1216350532468","1,2,3,2,2,3,3,3,2,3,4,3,3,1,1,3,2","0.000624895095825195","louvain","graph_2024M08.graphml"
"0.14","0.28","0.58","0.121567443510909","1,2,3,2,4,3,4,4,2,3,4,4,4,4,1,4,2","0.000607967376708984","louvain","graph_2024M08.graphml"
"0.13","0.29","0.58","0.120993557794727","1,2,3,4,4,4,4,4,2,3,4,4,4,1,2,4,2","0.000732183456420898","louvain","graph_2024M08.graphml"
"0.12","0.3","0.58","0.12251424822666","1,2,3,4,4,4,4,4,2,3,4,4,4,1,2,4,2","0.000576019287109375","louvain","graph_2024M08.graphml"
"0.11","0.31","0.58","0.120856590148469","1,2,3,2,3,3,3,3,2,3,3,3,3,1,2,3,2","0.00064396858215332","louvain","graph_2024M08.graphml"
"0.1","0.32","0.58","0.121270867215488","1,2,3,1,3,3,3,3,2,3,3,3,3,3,2,3,2","0.000632047653198242","louvain","graph_2024M08.graphml"
"0.09","0.33","0.58","0.12278891509434","1,2,3,1,4,4,4,4,2,3,4,4,4,4,2,4,2","0.000585079193115234","louvain","graph_2024M08.graphml"
"0.08","0.34","0.58","0.122429408410096","1,2,3,1,4,4,4,4,2,3,4,4,4,4,2,4,2","0.00072479248046875","louvain","graph_2024M08.graphml"
"0.07","0.35","0.58","0.121827365607062","1,2,3,1,4,3,3,3,2,4,3,3,3,3,2,3,2","0.00067591667175293","louvain","graph_2024M08.graphml"
"0.06","0.36","0.58","0.121587014260839","1,2,3,2,4,3,3,3,2,4,3,3,3,1,2,3,2","0.00113296508789062","louvain","graph_2024M08.graphml"
"0.05","0.37","0.58","0.121456142961053","1,2,3,1,4,3,3,3,2,4,3,3,3,3,2,3,2","0.000627994537353516","louvain","graph_2024M08.graphml"
"0.04","0.38","0.58","0.122952036152272","1,2,3,2,4,3,3,3,2,4,4,3,3,1,2,3,2","0.000610828399658203","louvain","graph_2024M08.graphml"
"0.03","0.39","0.58","0.122090160672637","1,2,3,2,3,3,3,3,2,3,3,3,3,1,2,3,2","0.000668048858642578","louvain","graph_2024M08.graphml"
"0.02","0.4","0.58","0.121955263981181","1,2,3,2,4,3,3,3,2,4,4,3,3,1,2,3,2","0.000720024108886719","louvain","graph_2024M08.graphml"
"0.01","0.41","0.58","0.122100453317901","1,2,3,1,2,2,2,2,3,2,2,2,2,2,3,2,3","0.000652074813842773","louvain","graph_2024M08.graphml"
"0","0.42","0.58","0.123813263711471","1,2,3,2,3,3,3,3,2,3,3,3,3,1,2,3,2","0.000762939453125","louvain","graph_2024M08.graphml"
"0.41","0","0.59","0.122108987924518","1,2,3,2,2,3,3,3,2,3,4,4,3,1,3,3,2","0.000604152679443359","louvain","graph_2024M08.graphml"
"0.4","0.01","0.59","0.12146328125","1,2,3,2,2,3,3,3,2,4,3,3,3,1,4,3,2","0.000963926315307617","louvain","graph_2024M08.graphml"
"0.39","0.02","0.59","0.121509661009571","1,2,3,2,2,3,3,3,2,3,4,4,3,1,3,3,2","0.000628948211669922","louvain","graph_2024M08.graphml"
"0.38","0.03","0.59","0.120910458701439","1,2,3,2,2,3,3,3,2,4,3,3,3,1,4,3,2","0.000622987747192383","louvain","graph_2024M08.graphml"
"0.37","0.04","0.59","0.120679888429828","1,2,3,2,2,3,3,3,2,3,4,4,3,1,3,3,2","0.000759124755859375","louvain","graph_2024M08.graphml"
"0.36","0.05","0.59","0.120471310087495","1,2,3,2,2,3,3,3,2,4,3,3,3,1,4,3,2","0.000560998916625977","louvain","graph_2024M08.graphml"
"0.35","0.06","0.59","0.121918152720622","1,2,3,2,2,3,3,3,2,4,3,3,3,1,4,3,2","0.000607967376708984","louvain","graph_2024M08.graphml"
"0.34","0.07","0.59","0.121902086179533","1,2,3,2,2,3,3,3,2,3,4,4,3,1,3,3,2","0.000773191452026367","louvain","graph_2024M08.graphml"
"0.33","0.08","0.59","0.120893425254605","1,2,3,1,2,3,3,3,2,4,3,3,3,2,4,3,2","0.000715017318725586","louvain","graph_2024M08.graphml"
"0.32","0.09","0.59","0.121738115849298","1,2,3,2,2,3,3,3,2,3,4,4,3,1,3,3,2","0.000661134719848633","louvain","graph_2024M08.graphml"
"0.31","0.1","0.59","0.122220870578624","1,2,3,2,2,3,3,3,2,3,4,4,3,1,3,3,2","0.00109100341796875","louvain","graph_2024M08.graphml"
"0.3","0.11","0.59","0.121644669263717","1,2,3,4,4,2,4,4,2,3,4,4,4,1,2,4,2","0.000561952590942383","louvain","graph_2024M08.graphml"
"0.29","0.12","0.59","0.120115096856126","1,2,3,4,4,4,4,4,2,3,4,4,4,1,2,4,2","0.000616073608398438","louvain","graph_2024M08.graphml"
"0.28","0.13","0.59","0.11945598077153","1,2,3,2,2,3,3,3,2,3,4,4,3,1,3,4,2","0.000749111175537109","louvain","graph_2024M08.graphml"
"0.27","0.14","0.59","0.119979203977755","1,2,3,2,2,3,3,3,2,3,4,4,3,1,3,4,2","0.000617027282714844","louvain","graph_2024M08.graphml"
"0.26","0.15","0.59","0.120239820215256","1,2,3,2,2,4,2,2,4,3,2,2,2,2,4,2,4","0.000791788101196289","louvain","graph_2024M08.graphml"
"0.25","0.16","0.59","0.121156566907196","1,2,3,4,4,4,4,4,2,3,4,4,4,1,2,4,2","0.000659942626953125","louvain","graph_2024M08.graphml"
"0.24","0.17","0.59","0.12217660173313","1,2,3,1,4,2,4,4,2,3,4,4,4,4,2,4,2","0.000664949417114258","louvain","graph_2024M08.graphml"
"0.23","0.18","0.59","0.121465392879841","1,2,3,2,2,3,3,3,2,3,4,3,3,1,1,3,2","0.000646114349365234","louvain","graph_2024M08.graphml"
"0.22","0.19","0.59","0.121195849076135","1,2,3,3,3,3,3,3,2,3,3,3,3,1,2,3,2","0.000641822814941406","louvain","graph_2024M08.graphml"
"0.21","0.2","0.59","0.121206159428585","1,2,3,4,4,4,4,4,2,3,4,4,4,1,2,4,2","0.000895023345947266","louvain","graph_2024M08.graphml"
"0.2","0.21","0.59","0.120559145494591","1,2,3,4,4,4,4,4,2,3,4,4,4,1,2,4,2","0.000659942626953125","louvain","graph_2024M08.graphml"
"0.19","0.22","0.59","0.120939707722884","1,2,3,2,2,3,3,3,2,3,1,3,3,1,3,3,2","0.000631809234619141","louvain","graph_2024M08.graphml"
"0.18","0.23","0.59","0.120945564775528","1,2,3,2,2,3,3,3,2,3,1,3,3,1,2,3,2","0.000684976577758789","louvain","graph_2024M08.graphml"
"0.17","0.24","0.59","0.119915035411293","1,2,3,2,2,3,3,3,2,3,1,3,3,1,3,3,2","0.000576019287109375","louvain","graph_2024M08.graphml"
"0.16","0.25","0.59","0.120009103322713","1,2,3,2,2,3,3,3,2,3,3,3,3,1,1,3,2","0.000636100769042969","louvain","graph_2024M08.graphml"
"0.15","0.26","0.59","0.122065097677109","1,2,3,1,4,2,4,4,2,3,4,4,4,4,2,4,2","0.000731945037841797","louvain","graph_2024M08.graphml"
"0.14","0.27","0.59","0.121973733811469","1,2,3,1,4,2,4,4,2,3,4,4,4,4,2,4,2","0.000575065612792969","louvain","graph_2024M08.graphml"
"0.13","0.28","0.59","0.121374941761303","1,2,3,4,4,4,4,4,2,3,4,4,4,1,2,4,2","0.000851869583129883","louvain","graph_2024M08.graphml"
"0.12","0.29","0.59","0.121236884971672","1,2,3,1,4,4,4,4,2,3,4,4,4,4,2,4,2","0.00135588645935059","louvain","graph_2024M08.graphml"
"0.11","0.3","0.59","0.121234142676151","1,2,3,1,3,3,3,3,2,3,3,3,3,3,2,3,2","0.000571012496948242","louvain","graph_2024M08.graphml"
"0.1","0.31","0.59","0.121901588810115","1,2,3,2,4,3,3,3,2,4,3,3,3,1,2,3,2","0.000592947006225586","louvain","graph_2024M08.graphml"
"0.09","0.32","0.59","0.12157382368848","1,2,3,1,3,3,3,3,2,3,3,3,3,3,2,3,2","0.000661134719848633","louvain","graph_2024M08.graphml"
"0.08","0.33","0.59","0.12157382368848","1,2,3,1,3,3,3,3,2,3,3,3,3,3,2,3,2","0.000624179840087891","louvain","graph_2024M08.graphml"
"0.07","0.34","0.59","0.121092617098396","1,2,3,1,3,3,3,3,2,3,3,3,3,3,2,3,2","0.000724077224731445","louvain","graph_2024M08.graphml"
"0.06","0.35","0.59","0.121637624314129","1,2,3,1,3,3,3,3,2,3,3,3,3,3,2,3,2","0.000610828399658203","louvain","graph_2024M08.graphml"
"0.05","0.36","0.59","0.12331762204848","1,2,3,2,3,3,3,3,2,3,3,3,3,1,2,3,2","0.000842094421386719","louvain","graph_2024M08.graphml"
"0.04","0.37","0.59","0.12331762204848","1,2,3,2,3,3,3,3,2,3,3,3,3,1,2,3,2","0.000541925430297852","louvain","graph_2024M08.graphml"
"0.03","0.38","0.59","0.123143938842181","1,2,3,2,3,3,3,3,2,3,3,3,3,1,2,3,2","0.00063014030456543","louvain","graph_2024M08.graphml"
"0.02","0.39","0.59","0.123554487563947","1,2,3,2,3,3,3,3,2,3,3,3,3,1,2,3,2","0.000762939453125","louvain","graph_2024M08.graphml"
"0.01","0.4","0.59","0.123398401058089","1,2,3,1,2,4,2,2,3,2,2,4,2,2,3,2,3","0.000680923461914062","louvain","graph_2024M08.graphml"
"0","0.41","0.59","0.122784006797189","1,2,3,4,4,3,3,3,2,4,4,3,3,1,2,3,2","0.000739097595214844","louvain","graph_2024M08.graphml"
"0.4","0","0.6","0.121094150885306","1,2,3,4,4,2,4,4,2,3,4,4,4,1,2,4,2","0.000661849975585938","louvain","graph_2024M08.graphml"
"0.39","0.01","0.6","0.121094150885306","1,2,3,4,4,2,4,4,2,3,4,4,4,1,2,4,2","0.000648021697998047","louvain","graph_2024M08.graphml"
"0.38","0.02","0.6","0.12073996010388","1,2,3,1,4,2,4,4,2,3,4,4,4,4,2,4,2","0.000654935836791992","louvain","graph_2024M08.graphml"
"0.37","0.03","0.6","0.122012116733949","1,2,3,4,4,2,4,4,2,3,4,4,4,1,2,4,2","0.000669002532958984","louvain","graph_2024M08.graphml"
"0.36","0.04","0.6","0.119981381829376","1,2,3,1,4,2,4,4,2,3,4,4,4,4,2,4,2","0.0010840892791748","louvain","graph_2024M08.graphml"
"0.35","0.05","0.6","0.11995326217581","1,2,3,2,2,3,3,3,2,3,4,4,3,1,3,4,2","0.000650882720947266","louvain","graph_2024M08.graphml"
"0.34","0.06","0.6","0.119085252869685","1,2,3,2,2,3,3,3,2,3,3,3,3,1,1,3,2","0.000665903091430664","louvain","graph_2024M08.graphml"
"0.33","0.07","0.6","0.119229384756657","1,2,3,2,2,4,2,2,4,3,2,2,2,2,4,2,4","0.000627040863037109","louvain","graph_2024M08.graphml"
"0.32","0.08","0.6","0.118249116501859","1,2,3,4,4,4,4,4,2,3,4,4,4,1,2,4,2","0.000576019287109375","louvain","graph_2024M08.graphml"
"0.31","0.09","0.6","0.119924764871992","1,2,3,1,4,2,4,4,2,3,4,4,4,4,2,4,2","0.000654935836791992","louvain","graph_2024M08.graphml"
"0.3","0.1","0.6","0.120247496008129","1,2,3,2,2,3,3,3,2,3,3,3,3,1,1,3,2","0.000593900680541992","louvain","graph_2024M08.graphml"
"0.29","0.11","0.6","0.120638871873737","1,2,3,2,2,3,3,3,2,3,3,3,3,1,1,3,2","0.000611066818237305","louvain","graph_2024M08.graphml"
"0.28","0.12","0.6","0.121981426368819","1,2,3,2,4,3,3,3,2,3,4,4,3,4,3,4,2","0.000886917114257812","louvain","graph_2024M08.graphml"
"0.27","0.13","0.6","0.121220750561329","1,2,3,1,4,2,4,4,2,3,4,4,4,4,2,4,2","0.00067901611328125","louvain","graph_2024M08.graphml"
"0.26","0.14","0.6","0.120719512558938","1,2,3,1,4,3,3,3,2,3,4,3,3,4,2,3,2","0.000594139099121094","louvain","graph_2024M08.graphml"
"0.25","0.15","0.6","0.119342241626737","1,2,3,4,4,4,4,4,2,3,4,4,4,1,2,4,2","0.000620841979980469","louvain","graph_2024M08.graphml"
"0.24","0.16","0.6","0.120396989230971","1,2,3,1,4,2,4,4,2,3,4,4,4,4,2,4,2","0.000676870346069336","louvain","graph_2024M08.graphml"
"0.23","0.17","0.6","0.119758793603019","1,2,3,1,4,2,4,4,2,3,4,4,4,4,2,4,2","0.000558853149414062","louvain","graph_2024M08.graphml"
"0.22","0.18","0.6","0.118743041210042","1,2,3,4,4,4,4,4,2,3,4,4,4,1,2,4,2","0.000741004943847656","louvain","graph_2024M08.graphml"
"0.21","0.19","0.6","0.118513455633677","1,2,3,2,2,3,3,3,2,3,3,3,3,1,1,3,2","0.000584840774536133","louvain","graph_2024M08.graphml"
"0.2","0.2","0.6","0.120177162629758","1,2,2,1,2,3,2,2,3,2,2,2,2,2,3,2,3","0.000914096832275391","louvain","graph_2024M08.graphml"
"0.19","0.21","0.6","0.120926211742845","1,2,3,1,3,3,3,3,2,3,3,3,3,3,2,3,2","0.000633001327514648","louvain","graph_2024M08.graphml"
"0.18","0.22","0.6","0.1208581806987","1,2,3,2,3,3,3,3,2,3,3,3,3,1,2,3,2","0.000655174255371094","louvain","graph_2024M08.graphml"
"0.17","0.23","0.6","0.120549228822544","1,2,3,2,3,3,3,3,2,3,3,3,3,1,2,3,2","0.000586032867431641","louvain","graph_2024M08.graphml"
"0.16","0.24","0.6","0.12062580247233","1,2,3,2,3,3,3,3,2,3,3,3,3,1,2,3,2","0.000629901885986328","louvain","graph_2024M08.graphml"
"0.15","0.25","0.6","0.12157382368848","1,2,3,1,3,3,3,3,2,3,3,3,3,3,2,3,2","0.000593900680541992","louvain","graph_2024M08.graphml"
"0.14","0.26","0.6","0.12157382368848","1,2,3,1,3,3,3,3,2,3,3,3,3,3,2,3,2","0.000619888305664062","louvain","graph_2024M08.graphml"
"0.13","0.27","0.6","0.120453217971702","1,2,3,3,3,3,3,3,2,3,3,3,3,1,2,3,2","0.000605106353759766","louvain","graph_2024M08.graphml"
"0.12","0.28","0.6","0.121344336297563","1,2,3,2,3,3,3,3,2,3,3,3,3,1,2,3,2","0.000597000122070312","louvain","graph_2024M08.graphml"
"0.11","0.29","0.6","0.121344336297563","1,2,3,2,3,3,3,3,2,3,3,3,3,1,2,3,2","0.000598907470703125","louvain","graph_2024M08.graphml"
"0.1","0.3","0.6","0.121545130647665","1,2,3,2,3,3,3,3,2,3,3,3,3,1,2,3,2","0.000617027282714844","louvain","graph_2024M08.graphml"
"0.09","0.31","0.6","0.121972650923454","1,2,3,1,4,3,3,3,2,4,4,3,3,4,2,3,2","0.000648975372314453","louvain","graph_2024M08.graphml"
"0.08","0.32","0.6","0.122268671051751","1,2,3,1,3,3,3,3,2,3,3,3,3,3,2,3,2","0.000733137130737305","louvain","graph_2024M08.graphml"
"0.07","0.33","0.6","0.121799873277862","1,2,3,2,3,3,3,3,2,3,3,3,3,1,2,3,2","0.000591039657592773","louvain","graph_2024M08.graphml"
"0.06","0.34","0.6","0.122784006797189","1,2,3,4,4,3,3,3,2,4,4,3,3,1,2,3,2","0.000574827194213867","louvain","graph_2024M08.graphml"
"0.05","0.35","0.6","0.122784006797189","1,2,3,4,4,3,3,3,2,4,4,3,3,1,2,3,2","0.000710964202880859","louvain","graph_2024M08.graphml"
"0.04","0.36","0.6","0.123108858471074","1,2,3,4,4,3,3,3,2,4,4,3,3,1,2,3,2","0.000594139099121094","louvain","graph_2024M08.graphml"
"0.03","0.37","0.6","0.123180413510831","1,2,3,4,4,3,3,3,2,4,4,3,3,1,2,3,2","0.000662088394165039","louvain","graph_2024M08.graphml"
"0.02","0.38","0.6","0.123927990041176","1,2,3,4,4,3,3,3,2,4,4,3,3,1,2,3,2","0.000589847564697266","louvain","graph_2024M08.graphml"
"0.01","0.39","0.6","0.123927990041176","1,2,3,4,4,3,3,3,2,4,4,3,3,1,2,3,2","0.000599861145019531","louvain","graph_2024M08.graphml"
"0","0.4","0.6","0.125918781957633","1,2,3,4,4,3,3,3,2,4,4,3,3,1,2,3,2","0.000590085983276367","louvain","graph_2024M08.graphml"
"0.39","0","0.61","0.120234333319654","1,2,3,1,4,2,4,4,2,3,4,4,4,4,2,4,2","0.000574827194213867","louvain","graph_2024M08.graphml"
"0.38","0.01","0.61","0.120329010759889","1,2,3,2,2,4,2,2,4,3,2,2,2,2,4,2,4","0.00063014030456543","louvain","graph_2024M08.graphml"
"0.37","0.02","0.61","0.119363199841303","1,2,2,2,2,3,2,2,3,2,2,2,2,1,3,2,3","0.000695943832397461","louvain","graph_2024M08.graphml"
"0.36","0.03","0.61","0.120283059950646","1,2,3,1,4,2,4,4,2,3,4,4,4,4,2,4,2","0.000572919845581055","louvain","graph_2024M08.graphml"
"0.35","0.04","0.61","0.121442334436776","1,2,3,1,4,2,4,4,2,3,4,4,4,4,2,4,2","0.000635147094726562","louvain","graph_2024M08.graphml"
"0.34","0.05","0.61","0.120802665918821","1,2,3,2,2,3,3,3,2,3,4,4,3,1,3,3,2","0.000647068023681641","louvain","graph_2024M08.graphml"
"0.33","0.06","0.61","0.120577747905286","1,2,3,1,4,2,4,4,2,3,4,4,4,4,2,4,2","0.000603914260864258","louvain","graph_2024M08.graphml"
"0.32","0.07","0.61","0.119721157503171","1,2,3,1,4,3,3,3,2,3,4,3,3,4,2,3,2","0.0005950927734375","louvain","graph_2024M08.graphml"
"0.31","0.08","0.61","0.120174327845286","1,2,3,2,2,3,3,3,2,3,4,4,3,1,3,3,2","0.000571966171264648","louvain","graph_2024M08.graphml"
"0.3","0.09","0.61","0.119833146108233","1,2,3,1,4,2,4,4,2,3,4,4,4,4,2,4,2","0.000612974166870117","louvain","graph_2024M08.graphml"
"0.29","0.1","0.61","0.119508443841225","1,2,3,2,2,3,3,3,2,3,4,4,3,1,3,3,2","0.000677108764648438","louvain","graph_2024M08.graphml"
"0.28","0.11","0.61","0.118346581301175","1,2,3,4,4,4,4,4,2,3,4,4,4,1,2,4,2","0.000632047653198242","louvain","graph_2024M08.graphml"
"0.27","0.12","0.61","0.119648141442645","1,2,3,1,4,2,4,4,2,3,4,4,4,4,2,4,2","0.000615119934082031","louvain","graph_2024M08.graphml"
"0.26","0.13","0.61","0.119648141442645","1,2,3,1,4,2,4,4,2,3,4,4,4,4,2,4,2","0.000681877136230469","louvain","graph_2024M08.graphml"
"0.25","0.14","0.61","0.120015695242912","1,2,3,2,4,3,3,3,2,4,3,3,3,1,2,3,2","0.00059199333190918","louvain","graph_2024M08.graphml"
"0.24","0.15","0.61","0.119620565441054","1,2,3,2,2,3,3,3,2,3,4,4,3,1,3,3,2","0.000577926635742188","louvain","graph_2024M08.graphml"
"0.23","0.16","0.61","0.12100064977258","1,2,3,1,3,3,3,3,2,3,3,3,3,3,2,3,2","0.000587940216064453","louvain","graph_2024M08.graphml"
"0.22","0.17","0.61","0.121270231920865","1,2,3,1,3,3,3,3,2,3,3,3,3,3,2,3,2","0.000627040863037109","louvain","graph_2024M08.graphml"
"0.21","0.18","0.61","0.12203893996755","1,2,3,1,4,3,3,3,2,4,3,3,3,3,2,3,2","0.000699996948242188","louvain","graph_2024M08.graphml"
"0.2","0.19","0.61","0.121694780529265","1,2,3,1,3,3,3,3,2,3,3,3,3,3,2,3,2","0.000607013702392578","louvain","graph_2024M08.graphml"
"0.19","0.2","0.61","0.122417936599794","1,2,3,1,3,3,3,3,2,3,3,3,3,3,2,3,2","0.000624895095825195","louvain","graph_2024M08.graphml"
"0.18","0.21","0.61","0.122191185806409","1,2,3,2,3,3,3,3,2,3,3,3,3,1,2,3,2","0.00061798095703125","louvain","graph_2024M08.graphml"
"0.17","0.22","0.61","0.121973155758471","1,2,3,2,4,3,3,3,2,4,4,3,3,1,2,3,2","0.000594854354858398","louvain","graph_2024M08.graphml"
"0.16","0.23","0.61","0.120961769202999","1,2,3,1,4,3,3,3,2,4,4,3,3,4,2,3,2","0.000638961791992188","louvain","graph_2024M08.graphml"
"0.15","0.24","0.61","0.122140116339613","1,2,3,1,4,3,3,3,2,4,4,3,3,4,2,3,2","0.000613927841186523","louvain","graph_2024M08.graphml"
"0.14","0.25","0.61","0.121646431276829","1,2,3,2,4,3,3,3,2,4,4,3,3,1,2,3,2","0.000617027282714844","louvain","graph_2024M08.graphml"
"0.13","0.26","0.61","0.121710214838818","1,2,3,1,4,3,3,3,2,4,4,3,3,4,2,3,2","0.000626087188720703","louvain","graph_2024M08.graphml"
"0.12","0.27","0.61","0.121454367346939","1,2,3,3,3,3,3,3,2,3,3,3,3,1,2,3,2","0.00062108039855957","louvain","graph_2024M08.graphml"
"0.11","0.28","0.61","0.122792145121704","1,2,3,4,4,3,3,3,2,4,4,3,3,1,2,3,2","0.000622987747192383","louvain","graph_2024M08.graphml"
"0.1","0.29","0.61","0.121646797507218","1,2,3,1,3,3,3,3,2,3,3,3,3,3,2,3,2","0.000531911849975586","louvain","graph_2024M08.graphml"
"0.09","0.3","0.61","0.123430493847382","1,2,3,4,4,3,3,3,2,4,4,3,3,1,2,3,2","0.000577926635742188","louvain","graph_2024M08.graphml"
"0.08","0.31","0.61","0.123927990041176","1,2,3,4,4,3,3,3,2,4,4,3,3,1,2,3,2","0.000591039657592773","louvain","graph_2024M08.graphml"
"0.07","0.32","0.61","0.124518468883918","1,2,3,4,4,3,3,3,2,4,4,3,3,1,2,3,2","0.000593900680541992","louvain","graph_2024M08.graphml"
"0.06","0.33","0.61","0.123211328055309","1,2,3,4,4,3,3,3,2,4,4,3,3,1,2,3,2","0.000613927841186523","louvain","graph_2024M08.graphml"
"0.05","0.34","0.61","0.123211328055309","1,2,3,4,4,3,3,3,2,4,4,3,3,1,2,3,2","0.00062108039855957","louvain","graph_2024M08.graphml"
"0.04","0.35","0.61","0.122689042816241","1,2,3,2,4,4,4,4,2,3,4,4,4,1,2,3,2","0.000658035278320312","louvain","graph_2024M08.graphml"
"0.03","0.36","0.61","0.123795137480104","1,2,3,3,3,3,3,3,2,3,3,4,3,1,2,3,2","0.000615119934082031","louvain","graph_2024M08.graphml"
"0.02","0.37","0.61","0.123379580079708","1,2,3,3,3,3,3,3,2,3,3,4,3,1,2,3,2","0.000581979751586914","louvain","graph_2024M08.graphml"
"0.01","0.38","0.61","0.122906352665247","1,2,3,2,4,3,3,3,2,4,4,3,3,4,1,3,2","0.000651121139526367","louvain","graph_2024M08.graphml"
"0","0.39","0.61","0.122118876771869","1,2,3,4,4,4,4,4,2,3,4,4,4,1,2,3,2","0.000594139099121094","louvain","graph_2024M08.graphml"
"0.38","0","0.62","0.118529269130657","1,2,3,2,4,3,3,3,2,3,4,4,3,4,3,3,2","0.000628948211669922","louvain","graph_2024M08.graphml"
"0.37","0.01","0.62","0.118106204136836","1,2,3,1,4,2,4,4,2,3,4,4,4,4,2,4,2","0.000591039657592773","louvain","graph_2024M08.graphml"
"0.36","0.02","0.62","0.119508443841225","1,2,3,2,2,3,3,3,2,3,4,4,3,1,3,3,2","0.000599145889282227","louvain","graph_2024M08.graphml"
"0.35","0.03","0.62","0.119508443841225","1,2,3,2,2,3,3,3,2,3,4,4,3,1,3,3,2","0.000674962997436523","louvain","graph_2024M08.graphml"
"0.34","0.04","0.62","0.11967866304292","1,2,3,2,2,3,3,3,2,3,1,3,3,1,2,3,2","0.000586986541748047","louvain","graph_2024M08.graphml"
"0.33","0.05","0.62","0.120000524716204","1,2,3,2,2,3,3,3,2,3,4,4,3,1,3,3,2","0.000626087188720703","louvain","graph_2024M08.graphml"
"0.32","0.06","0.62","0.119118172993409","1,2,3,1,4,4,4,4,2,3,4,4,4,4,2,4,2","0.000620126724243164","louvain","graph_2024M08.graphml"
"0.31","0.07","0.62","0.119831372781866","1,2,3,2,4,3,3,3,2,3,4,4,3,4,3,3,2","0.000641107559204102","louvain","graph_2024M08.graphml"
"0.3","0.08","0.62","0.120657523477582","1,2,3,2,4,3,3,3,2,4,1,3,3,1,2,3,2","0.000606060028076172","louvain","graph_2024M08.graphml"
"0.29","0.09","0.62","0.120370092366145","1,2,3,1,4,3,3,3,2,4,3,3,3,3,2,3,2","0.000669002532958984","louvain","graph_2024M08.graphml"
"0.28","0.1","0.62","0.119821806010617","1,2,3,4,4,4,4,4,2,3,4,4,4,1,2,4,2","0.000639915466308594","louvain","graph_2024M08.graphml"
"0.27","0.11","0.62","0.120176346574948","1,2,3,1,3,3,3,3,2,3,3,3,3,3,2,3,2","0.000627994537353516","louvain","graph_2024M08.graphml"
"0.26","0.12","0.62","0.121125476490026","1,2,3,1,3,3,3,3,2,3,3,3,3,3,2,3,2","0.000591039657592773","louvain","graph_2024M08.graphml"
"0.25","0.13","0.62","0.121864685142318","1,2,3,2,3,3,3,3,2,3,3,3,3,1,2,3,2","0.000613927841186523","louvain","graph_2024M08.graphml"
"0.24","0.14","0.62","0.121989823402973","1,2,3,1,4,3,3,3,2,4,4,3,3,4,2,3,2","0.000631093978881836","louvain","graph_2024M08.graphml"
"0.23","0.15","0.62","0.121379320437042","1,2,3,2,4,3,3,3,2,4,4,3,3,1,2,3,2","0.000600814819335938","louvain","graph_2024M08.graphml"
"0.22","0.16","0.62","0.121556197949841","1,2,3,1,4,3,3,3,2,4,4,3,3,4,2,3,2","0.000604152679443359","louvain","graph_2024M08.graphml"
"0.21","0.17","0.62","0.121720945743771","1,2,3,2,4,3,3,3,2,4,4,3,3,1,2,3,2","0.000653982162475586","louvain","graph_2024M08.graphml"
"0.2","0.18","0.62","0.122157797433243","1,2,3,2,4,3,3,3,2,4,4,3,3,1,2,3,2","0.000574827194213867","louvain","graph_2024M08.graphml"
"0.19","0.19","0.62","0.122157797433243","1,2,3,2,4,3,3,3,2,4,4,3,3,1,2,3,2","0.000654935836791992","louvain","graph_2024M08.graphml"
"0.18","0.2","0.62","0.122081959183673","1,2,3,4,4,3,3,3,2,4,4,3,3,1,2,3,2","0.000596046447753906","louvain","graph_2024M08.graphml"
"0.17","0.21","0.62","0.122679103855216","1,2,3,4,4,3,3,3,2,4,4,3,3,1,2,3,2","0.000689029693603516","louvain","graph_2024M08.graphml"
"0.16","0.22","0.62","0.122695404463392","1,2,3,4,4,3,3,3,2,4,4,3,3,1,2,3,2","0.000599861145019531","louvain","graph_2024M08.graphml"
"0.15","0.23","0.62","0.121507370899985","1,2,3,2,4,4,4,4,2,3,4,4,4,1,2,4,2","0.000612020492553711","louvain","graph_2024M08.graphml"
"0.14","0.24","0.62","0.121966229372147","1,2,3,4,4,3,3,3,2,4,4,3,3,1,2,3,2","0.000617027282714844","louvain","graph_2024M08.graphml"
"0.13","0.25","0.62","0.123211328055309","1,2,3,4,4,3,3,3,2,4,4,3,3,1,2,3,2","0.000618934631347656","louvain","graph_2024M08.graphml"
"0.12","0.26","0.62","0.123211328055309","1,2,3,4,4,3,3,3,2,4,4,3,3,1,2,3,2","0.000654220581054688","louvain","graph_2024M08.graphml"
"0.11","0.27","0.62","0.123211328055309","1,2,3,4,4,3,3,3,2,4,4,3,3,1,2,3,2","0.0006561279296875","louvain","graph_2024M08.graphml"
"0.1","0.28","0.62","0.123211328055309","1,2,3,4,4,3,3,3,2,4,4,3,3,1,2,3,2","0.000605106353759766","louvain","graph_2024M08.graphml"
"0.09","0.29","0.62","0.124190476905445","1,2,3,4,4,3,3,3,2,4,4,3,3,1,2,3,2","0.000619888305664062","louvain","graph_2024M08.graphml"
"0.08","0.3","0.62","0.122624639758731","1,2,3,4,4,3,3,3,2,4,4,3,3,1,2,3,2","0.000614166259765625","louvain","graph_2024M08.graphml"
"0.07","0.31","0.62","0.120476543209877","1,2,3,4,2,4,4,4,2,3,4,4,4,1,2,3,2","0.000643014907836914","louvain","graph_2024M08.graphml"
"0.06","0.32","0.62","0.121445860090845","1,2,3,1,4,3,3,3,2,4,4,3,3,4,2,3,2","0.000584125518798828","louvain","graph_2024M08.graphml"
"0.05","0.33","0.62","0.12204746327218","1,2,3,1,4,3,3,3,2,4,4,3,3,4,2,3,2","0.000664949417114258","louvain","graph_2024M08.graphml"
"0.04","0.34","0.62","0.120352536357341","1,2,3,4,4,3,3,3,2,4,4,3,3,1,2,3,2","0.000594139099121094","louvain","graph_2024M08.graphml"
"0.03","0.35","0.62","0.120464349607572","1,2,3,1,3,3,3,3,2,3,3,3,3,3,2,3,2","0.000718832015991211","louvain","graph_2024M08.graphml"
"0.02","0.36","0.62","0.121001896106757","1,2,3,1,4,3,3,3,2,4,4,3,3,4,2,3,2","0.000602960586547852","louvain","graph_2024M08.graphml"
"0.01","0.37","0.62","0.121464479128926","1,2,3,1,3,3,3,3,2,3,3,3,3,3,2,3,2","0.000697851181030273","louvain","graph_2024M08.graphml"
"0","0.38","0.62","0.120856022614162","1,2,3,1,3,3,3,3,2,3,3,3,3,3,2,3,2","0.00068211555480957","louvain","graph_2024M08.graphml"
"0.37","0","0.63","0.118795058278019","1,2,3,4,4,4,4,4,2,3,4,4,4,1,2,4,2","0.000608921051025391","louvain","graph_2024M08.graphml"
"0.36","0.01","0.63","0.118942316546387","1,2,3,1,4,3,3,3,2,4,4,3,3,4,2,3,2","0.000617027282714844","louvain","graph_2024M08.graphml"
"0.35","0.02","0.63","0.120404548171486","1,2,3,2,4,3,3,3,2,3,4,4,3,4,3,3,2","0.000605106353759766","louvain","graph_2024M08.graphml"
"0.34","0.03","0.63","0.120191288897583","1,2,3,1,4,3,3,3,2,4,4,3,3,4,2,3,2","0.000641107559204102","louvain","graph_2024M08.graphml"
"0.33","0.04","0.63","0.120128448896231","1,2,3,2,4,3,3,3,2,4,3,3,3,1,2,3,2","0.000610828399658203","louvain","graph_2024M08.graphml"
"0.32","0.05","0.63","0.121125476490026","1,2,3,1,3,3,3,3,2,3,3,3,3,3,2,3,2","0.000607013702392578","louvain","graph_2024M08.graphml"
"0.31","0.06","0.63","0.120863757340431","1,2,3,2,4,3,3,3,2,4,4,3,3,1,2,3,2","0.000633001327514648","louvain","graph_2024M08.graphml"
"0.3","0.07","0.63","0.120403650534095","1,2,3,1,4,4,4,4,2,3,4,4,4,4,2,4,2","0.000565052032470703","louvain","graph_2024M08.graphml"
"0.29","0.08","0.63","0.121052687464164","1,2,3,2,4,3,3,3,2,4,4,3,3,1,2,3,2","0.00064396858215332","louvain","graph_2024M08.graphml"
"0.28","0.09","0.63","0.121044060183907","1,2,3,1,4,3,3,3,2,4,4,3,3,4,2,3,2","0.000620126724243164","louvain","graph_2024M08.graphml"
"0.27","0.1","0.63","0.121457259875809","1,2,3,1,4,4,4,4,2,3,4,4,4,4,2,4,2","0.000599145889282227","louvain","graph_2024M08.graphml"
"0.26","0.11","0.63","0.121720945743771","1,2,3,2,4,3,3,3,2,4,4,3,3,1,2,3,2","0.000615119934082031","louvain","graph_2024M08.graphml"
"0.25","0.12","0.63","0.120703319254352","1,2,3,1,4,3,3,3,2,4,4,3,3,4,2,3,2","0.000641822814941406","louvain","graph_2024M08.graphml"
"0.24","0.13","0.63","0.122081959183673","1,2,3,4,4,3,3,3,2,4,4,3,3,1,2,3,2","0.000608921051025391","louvain","graph_2024M08.graphml"
"0.23","0.14","0.63","0.122679103855216","1,2,3,4,4,3,3,3,2,4,4,3,3,1,2,3,2","0.000608921051025391","louvain","graph_2024M08.graphml"
"0.22","0.15","0.63","0.121767906400863","1,2,3,4,4,3,3,3,2,4,4,3,3,1,2,3,2","0.000586986541748047","louvain","graph_2024M08.graphml"
"0.21","0.16","0.63","0.121344115877644","1,2,3,4,4,3,3,3,2,4,4,3,3,1,2,3,2","0.000633001327514648","louvain","graph_2024M08.graphml"
"0.2","0.17","0.63","0.120998885453046","1,2,3,4,4,3,3,3,2,4,4,3,3,1,2,3,2","0.000602006912231445","louvain","graph_2024M08.graphml"
"0.19","0.18","0.63","0.121202081138881","1,2,3,4,4,3,3,3,2,4,4,3,3,1,2,3,2","0.000651121139526367","louvain","graph_2024M08.graphml"
"0.18","0.19","0.63","0.122211856339027","1,2,3,4,4,3,3,3,2,4,4,3,3,1,2,3,2","0.000645875930786133","louvain","graph_2024M08.graphml"
"0.17","0.2","0.63","0.123707233935109","1,2,3,4,4,3,3,3,2,4,4,3,3,1,2,3,2","0.00059199333190918","louvain","graph_2024M08.graphml"
"0.16","0.21","0.63","0.120785281224235","1,2,3,2,4,4,4,4,2,3,4,4,4,1,2,3,2","0.000597000122070312","louvain","graph_2024M08.graphml"
"0.15","0.22","0.63","0.121917724609375","1,2,3,2,2,3,3,3,2,4,4,3,3,4,1,3,2","0.000607967376708984","louvain","graph_2024M08.graphml"
"0.14","0.23","0.63","0.121475308641975","1,2,3,4,4,3,3,3,2,4,4,3,3,1,2,3,2","0.000706911087036133","louvain","graph_2024M08.graphml"
"0.13","0.24","0.63","0.120804469987857","1,2,3,4,4,3,3,3,2,4,4,3,3,1,2,3,2","0.000611066818237305","louvain","graph_2024M08.graphml"
"0.12","0.25","0.63","0.120383105568173","1,2,3,1,4,3,3,3,2,4,4,3,3,4,2,3,2","0.000626087188720703","louvain","graph_2024M08.graphml"
"0.11","0.26","0.63","0.120173366770032","1,2,3,1,4,3,3,3,2,4,4,3,3,4,2,3,2","0.000808954238891602","louvain","graph_2024M08.graphml"
"0.1","0.27","0.63","0.119241713404103","1,2,3,1,2,3,3,3,2,3,3,4,3,3,2,3,2","0.000592947006225586","louvain","graph_2024M08.graphml"
"0.09","0.28","0.63","0.119760407048323","1,2,2,1,2,2,2,2,3,2,2,2,2,2,3,2,3","0.000656843185424805","louvain","graph_2024M08.graphml"
"0.08","0.29","0.63","0.12000686205941","1,2,3,2,2,4,2,2,3,2,2,4,2,2,3,2,3","0.000640153884887695","louvain","graph_2024M08.graphml"
"0.07","0.3","0.63","0.121185463883663","1,2,3,1,3,3,3,3,2,3,3,3,3,3,2,3,2","0.000663042068481445","louvain","graph_2024M08.graphml"
"0.06","0.31","0.63","0.120455214281307","1,2,3,3,3,3,3,3,2,3,3,3,3,1,2,3,1","0.000638008117675781","louvain","graph_2024M08.graphml"
"0.05","0.32","0.63","0.121341146465442","1,2,3,1,3,3,3,3,2,3,3,3,3,3,2,3,1","0.000631093978881836","louvain","graph_2024M08.graphml"
"0.04","0.33","0.63","0.122010883630324","1,2,3,1,3,3,3,3,2,3,3,3,3,3,2,3,1","0.000664949417114258","louvain","graph_2024M08.graphml"
"0.03","0.34","0.63","0.122357341124909","1,2,3,1,3,3,3,3,2,3,3,3,3,3,2,3,1","0.000662803649902344","louvain","graph_2024M08.graphml"
"0.02","0.35","0.63","0.122357341124909","1,2,3,1,3,3,3,3,2,3,3,3,3,3,2,3,1","0.000626802444458008","louvain","graph_2024M08.graphml"
"0.01","0.36","0.63","0.122357341124909","1,2,3,1,3,3,3,3,2,3,3,3,3,3,2,3,1","0.00065302848815918","louvain","graph_2024M08.graphml"
"0","0.37","0.63","0.122357341124909","1,2,3,1,3,3,3,3,2,3,3,3,3,3,2,3,1","0.00067901611328125","louvain","graph_2024M08.graphml"
"0.36","0","0.64","0.120536551685604","1,2,3,2,4,3,3,3,2,4,4,3,3,1,2,3,2","0.000633955001831055","louvain","graph_2024M08.graphml"
"0.35","0.01","0.64","0.121044060183907","1,2,3,1,4,3,3,3,2,4,4,3,3,4,2,3,2","0.000639915466308594","louvain","graph_2024M08.graphml"
"0.34","0.02","0.64","0.121642272310143","1,2,3,1,4,3,3,3,2,4,4,3,3,4,2,3,2","0.000678062438964844","louvain","graph_2024M08.graphml"
"0.33","0.03","0.64","0.121656176629884","1,2,3,2,4,3,3,3,2,4,4,3,3,1,2,3,2","0.000583887100219727","louvain","graph_2024M08.graphml"
"0.32","0.04","0.64","0.120017900429848","1,2,3,2,3,3,3,3,2,3,3,3,3,1,2,3,2","0.000610113143920898","louvain","graph_2024M08.graphml"
"0.31","0.05","0.64","0.12061963431979","1,2,3,1,4,3,3,3,2,4,4,3,3,4,2,3,2","0.000604867935180664","louvain","graph_2024M08.graphml"
"0.3","0.06","0.64","0.121801795918367","1,2,3,4,4,3,3,3,2,4,4,3,3,1,2,3,2","0.00075221061706543","louvain","graph_2024M08.graphml"
"0.29","0.07","0.64","0.12229936024622","1,2,3,4,4,3,3,3,2,4,4,3,3,1,2,3,2","0.000620841979980469","louvain","graph_2024M08.graphml"
"0.28","0.08","0.64","0.121344115877644","1,2,3,4,4,3,3,3,2,4,4,3,3,1,2,3,2","0.000721931457519531","louvain","graph_2024M08.graphml"
"0.27","0.09","0.64","0.120998885453046","1,2,3,4,4,3,3,3,2,4,4,3,3,1,2,3,2","0.000643014907836914","louvain","graph_2024M08.graphml"
"0.26","0.1","0.64","0.122094544990265","1,2,3,4,4,3,3,3,2,4,4,3,3,1,2,3,2","0.00062108039855957","louvain","graph_2024M08.graphml"
"0.25","0.11","0.64","0.121511447192088","1,2,3,4,4,3,3,3,2,4,4,3,3,1,2,3,2","0.000622987747192383","louvain","graph_2024M08.graphml"
"0.24","0.12","0.64","0.121511447192088","1,2,3,4,4,3,3,3,2,4,4,3,3,1,2,3,2","0.000835895538330078","louvain","graph_2024M08.graphml"
"0.23","0.13","0.64","0.120706644144144","1,2,3,4,4,3,3,3,2,4,4,3,3,1,2,3,2","0.000627040863037109","louvain","graph_2024M08.graphml"
"0.22","0.14","0.64","0.120220227249642","1,2,3,4,4,3,3,3,2,4,4,3,3,1,2,3,2","0.000733137130737305","louvain","graph_2024M08.graphml"
"0.21","0.15","0.64","0.119505871796115","1,2,3,2,2,3,3,3,2,4,4,3,3,4,1,3,2","0.0005950927734375","louvain","graph_2024M08.graphml"
"0.2","0.16","0.64","0.120056563143741","1,2,3,1,4,3,3,3,2,4,4,3,3,4,2,3,2","0.000750064849853516","louvain","graph_2024M08.graphml"
"0.19","0.17","0.64","0.118806411034537","1,2,3,1,2,4,4,4,2,3,4,4,4,3,2,3,2","0.000586986541748047","louvain","graph_2024M08.graphml"
"0.18","0.18","0.64","0.120500359205445","1,2,3,1,4,3,3,3,2,4,3,3,3,4,2,3,2","0.000609159469604492","louvain","graph_2024M08.graphml"
"0.17","0.19","0.64","0.120076194958179","1,2,3,1,4,3,3,3,2,4,3,3,3,4,2,3,2","0.000598907470703125","louvain","graph_2024M08.graphml"
"0.16","0.2","0.64","0.11971532686822","1,2,3,1,4,3,3,3,2,4,3,3,3,4,2,3,2","0.000637054443359375","louvain","graph_2024M08.graphml"
"0.15","0.21","0.64","0.119114441697195","1,2,3,1,2,3,3,3,2,3,3,3,3,3,2,3,2","0.000601053237915039","louvain","graph_2024M08.graphml"
"0.14","0.22","0.64","0.120431286549708","1,2,3,1,2,3,3,3,2,3,3,3,3,3,2,3,2","0.000589847564697266","louvain","graph_2024M08.graphml"
"0.13","0.23","0.64","0.120827128691064","1,2,3,1,3,3,3,3,2,3,3,3,3,3,2,3,1","0.00125217437744141","louvain","graph_2024M08.graphml"
"0.12","0.24","0.64","0.12049970442974","1,2,3,1,3,3,3,3,2,3,3,3,3,3,2,3,1","0.000792980194091797","louvain","graph_2024M08.graphml"
"0.11","0.25","0.64","0.11984640831758","1,2,3,1,3,3,3,3,2,3,3,3,3,3,2,3,1","0.000633955001831055","louvain","graph_2024M08.graphml"
"0.1","0.26","0.64","0.120524709369153","1,2,3,1,3,3,3,3,2,3,3,3,3,3,2,3,1","0.000634193420410156","louvain","graph_2024M08.graphml"
"0.09","0.27","0.64","0.122081201626656","1,2,3,1,3,3,3,3,2,3,3,3,3,3,2,3,1","0.000655889511108398","louvain","graph_2024M08.graphml"
"0.08","0.28","0.64","0.122357341124909","1,2,3,1,3,3,3,3,2,3,3,3,3,3,2,3,1","0.000635147094726562","louvain","graph_2024M08.graphml"
"0.07","0.29","0.64","0.122357341124909","1,2,3,1,3,3,3,3,2,3,3,3,3,3,2,3,1","0.000622034072875977","louvain","graph_2024M08.graphml"
"0.06","0.3","0.64","0.12305906751635","1,2,3,1,3,3,3,3,2,3,3,3,3,3,2,3,1","0.000674962997436523","louvain","graph_2024M08.graphml"
"0.05","0.31","0.64","0.12305906751635","1,2,3,1,3,3,3,3,2,3,3,3,3,3,2,3,1","0.000728130340576172","louvain","graph_2024M08.graphml"
"0.04","0.32","0.64","0.122454784882758","1,2,3,1,3,3,3,3,2,3,3,3,3,3,2,3,1","0.000600099563598633","louvain","graph_2024M08.graphml"
"0.03","0.33","0.64","0.122454784882758","1,2,3,1,3,3,3,3,2,3,3,3,3,3,2,3,1","0.000647068023681641","louvain","graph_2024M08.graphml"
"0.02","0.34","0.64","0.121101362287873","1,2,3,1,4,3,3,3,2,4,4,3,3,4,2,3,1","0.000603914260864258","louvain","graph_2024M08.graphml"
"0.01","0.35","0.64","0.122027829664939","1,2,3,1,4,3,3,3,2,4,4,3,3,4,3,3,1","0.000579118728637695","louvain","graph_2024M08.graphml"
"0","0.36","0.64","0.122027829664939","1,2,3,1,4,3,3,3,2,4,4,3,3,4,3,3,1","0.000589132308959961","louvain","graph_2024M08.graphml"
"0.35","0","0.65","0.121457313940878","1,2,3,4,4,3,3,3,2,4,4,3,3,1,2,3,2","0.000593900680541992","louvain","graph_2024M08.graphml"
"0.34","0.01","0.65","0.121850507061149","1,2,3,4,4,3,3,3,2,4,4,3,3,1,2,3,2","0.000588893890380859","louvain","graph_2024M08.graphml"
"0.33","0.02","0.65","0.121427370330549","1,2,3,4,4,3,3,3,2,4,4,3,3,1,2,3,2","0.000620841979980469","louvain","graph_2024M08.graphml"
"0.32","0.03","0.65","0.1197600566367","1,2,3,2,3,3,3,3,2,3,3,3,3,3,2,3,2","0.000576019287109375","louvain","graph_2024M08.graphml"
"0.31","0.04","0.65","0.122015483579043","1,2,3,4,4,3,3,3,2,4,4,3,3,1,2,3,2","0.000590085983276367","louvain","graph_2024M08.graphml"
"0.3","0.05","0.65","0.121209609766158","1,2,3,4,4,3,3,3,2,4,4,3,3,1,2,3,2","0.000637054443359375","louvain","graph_2024M08.graphml"
"0.29","0.06","0.65","0.119057770465572","1,2,3,4,4,3,3,3,2,4,4,3,3,1,2,3,2","0.000588893890380859","louvain","graph_2024M08.graphml"
"0.28","0.07","0.65","0.117265653255184","1,2,3,2,4,4,4,4,2,3,4,4,4,4,2,4,2","0.000571012496948242","louvain","graph_2024M08.graphml"
"0.27","0.08","0.65","0.119034714172562","1,2,3,1,4,3,3,3,2,4,3,3,3,4,2,3,2","0.000611066818237305","louvain","graph_2024M08.graphml"
"0.26","0.09","0.65","0.118678742975698","1,2,3,1,4,3,3,3,2,4,3,3,3,4,2,3,2","0.000558137893676758","louvain","graph_2024M08.graphml"
"0.25","0.1","0.65","0.118094723016302","1,2,3,1,4,3,3,3,2,4,3,3,3,4,2,3,2","0.000799179077148438","louvain","graph_2024M08.graphml"
"0.24","0.11","0.65","0.119625137816979","1,2,3,1,4,3,3,3,2,4,3,3,3,4,2,3,2","0.00058293342590332","louvain","graph_2024M08.graphml"
"0.23","0.12","0.65","0.11972863953062","1,2,3,2,2,3,3,3,2,4,3,3,3,1,4,3,2","0.000613927841186523","louvain","graph_2024M08.graphml"
"0.22","0.13","0.65","0.120524978790508","1,2,3,1,4,3,3,3,2,4,3,3,3,4,2,3,2","0.000602960586547852","louvain","graph_2024M08.graphml"
"0.21","0.14","0.65","0.119973433160246","1,2,3,2,2,3,3,3,2,4,3,3,3,1,4,3,1","0.000597953796386719","louvain","graph_2024M08.graphml"
"0.2","0.15","0.65","0.120252746037242","1,2,3,2,2,3,3,3,2,4,3,3,3,1,4,3,1","0.000604152679443359","louvain","graph_2024M08.graphml"
"0.19","0.16","0.65","0.119931146426365","1,2,3,1,3,3,3,3,2,3,3,3,3,3,2,3,1","0.000636100769042969","louvain","graph_2024M08.graphml"
"0.18","0.17","0.65","0.119282232379759","1,2,3,1,3,3,3,3,2,3,3,3,3,3,2,3,1","0.000612020492553711","louvain","graph_2024M08.graphml"
"0.17","0.18","0.65","0.119565075820456","1,2,3,1,3,3,3,3,2,3,3,3,3,3,2,3,1","0.00061488151550293","louvain","graph_2024M08.graphml"
"0.16","0.19","0.65","0.120243383742911","1,2,3,1,3,3,3,3,2,3,3,3,3,3,2,3,1","0.000606060028076172","louvain","graph_2024M08.graphml"
"0.15","0.2","0.65","0.120243383742911","1,2,3,1,3,3,3,3,2,3,3,3,3,3,2,3,1","0.000612020492553711","louvain","graph_2024M08.graphml"
"0.14","0.21","0.65","0.121275951399706","1,2,3,1,3,3,3,3,2,3,3,3,3,3,2,3,1","0.000626087188720703","louvain","graph_2024M08.graphml"
"0.13","0.22","0.65","0.122055115095615","1,2,2,1,2,2,2,2,3,2,2,2,2,2,3,2,1","0.000615835189819336","louvain","graph_2024M08.graphml"
"0.12","0.23","0.65","0.122454784882758","1,2,3,1,3,3,3,3,2,3,3,3,3,3,2,3,1","0.000566959381103516","louvain","graph_2024M08.graphml"
"0.11","0.24","0.65","0.122454784882758","1,2,3,1,3,3,3,3,2,3,3,3,3,3,2,3,1","0.00068211555480957","louvain","graph_2024M08.graphml"
"0.1","0.25","0.65","0.122286304990649","1,2,3,1,3,3,3,3,2,3,3,3,3,3,2,3,1","0.000599145889282227","louvain","graph_2024M08.graphml"
"0.09","0.26","0.65","0.121180164252506","1,2,3,1,4,3,3,3,2,4,4,3,3,4,2,3,1","0.000592947006225586","louvain","graph_2024M08.graphml"
"0.08","0.27","0.65","0.121017559719483","1,2,3,1,4,3,3,3,2,4,4,3,3,4,2,3,1","0.00067901611328125","louvain","graph_2024M08.graphml"
"0.07","0.28","0.65","0.120715652165973","1,2,3,1,3,3,3,3,2,3,3,3,3,3,2,3,1","0.000823020935058594","louvain","graph_2024M08.graphml"
"0.06","0.29","0.65","0.121699627207794","1,2,3,1,3,3,3,3,2,3,3,3,3,3,2,3,1","0.000570058822631836","louvain","graph_2024M08.graphml"
"0.05","0.3","0.65","0.120716854351453","1,2,3,4,4,3,3,3,2,4,3,3,3,1,3,3,1","0.000632047653198242","louvain","graph_2024M08.graphml"
"0.04","0.31","0.65","0.123462276435067","1,2,3,1,4,3,3,3,2,4,4,3,3,4,3,3,1","0.000607013702392578","louvain","graph_2024M08.graphml"
"0.03","0.32","0.65","0.122682735656717","1,2,3,1,3,3,3,3,2,3,3,3,3,3,2,3,1","0.000626802444458008","louvain","graph_2024M08.graphml"
"0.02","0.33","0.65","0.122955979783108","1,2,3,1,3,3,3,3,2,3,3,3,3,3,2,3,1","0.00113916397094727","louvain","graph_2024M08.graphml"
"0.01","0.34","0.65","0.122771945022982","1,2,3,1,4,3,3,3,2,4,3,3,3,4,3,3,1","0.000674962997436523","louvain","graph_2024M08.graphml"
"0","0.35","0.65","0.123291581596527","1,2,3,1,3,3,3,3,2,3,3,3,3,3,2,3,1","0.000731945037841797","louvain","graph_2024M08.graphml"
"0.34","0","0.66","0.117437988817138","1,2,3,1,3,3,3,3,2,3,3,3,3,3,2,3,2","0.000975847244262695","louvain","graph_2024M08.graphml"
"0.33","0.01","0.66","0.117172222222222","1,2,3,1,2,4,4,4,2,3,4,4,4,4,2,4,2","0.000633955001831055","louvain","graph_2024M08.graphml"
"0.32","0.02","0.66","0.118694729373332","1,2,3,1,4,3,3,3,2,4,4,3,3,4,2,3,2","0.000900983810424805","louvain","graph_2024M08.graphml"
"0.31","0.03","0.66","0.118694729373332","1,2,3,1,4,3,3,3,2,4,4,3,3,4,2,3,2","0.000808000564575195","louvain","graph_2024M08.graphml"
"0.3","0.04","0.66","0.118263178779646","1,2,3,1,4,3,3,3,2,4,3,3,3,4,2,3,2","0.000572919845581055","louvain","graph_2024M08.graphml"
"0.29","0.05","0.66","0.119171795584014","1,2,3,1,4,3,3,3,2,4,3,3,3,4,2,3,2","0.000619888305664062","louvain","graph_2024M08.graphml"
"0.28","0.06","0.66","0.11840225904365","1,2,3,1,2,3,3,3,2,3,3,3,3,3,2,3,1","0.00073695182800293","louvain","graph_2024M08.graphml"
"0.27","0.07","0.66","0.119087067476567","1,2,3,1,2,3,3,3,2,3,3,4,3,3,2,3,1","0.000619888305664062","louvain","graph_2024M08.graphml"
"0.26","0.08","0.66","0.121075159944768","1,2,3,1,4,3,3,3,2,4,3,3,3,4,2,3,1","0.000659942626953125","louvain","graph_2024M08.graphml"
"0.25","0.09","0.66","0.119301860312341","1,2,3,2,2,3,3,3,2,4,3,3,3,1,4,3,1","0.000661849975585938","louvain","graph_2024M08.graphml"
"0.24","0.1","0.66","0.119142803575073","1,2,3,3,2,3,3,3,2,3,3,4,3,1,2,3,1","0.000557899475097656","louvain","graph_2024M08.graphml"
"0.23","0.11","0.66","0.11946443181724","1,2,3,2,2,3,3,3,2,3,3,3,3,1,1,3,1","0.00064396858215332","louvain","graph_2024M08.graphml"
"0.22","0.12","0.66","0.120227034533818","1,2,3,1,2,3,3,3,2,3,3,3,3,3,2,3,1","0.000779867172241211","louvain","graph_2024M08.graphml"
"0.21","0.13","0.66","0.120006375840505","1,2,2,1,2,2,2,2,3,2,2,2,2,2,3,2,1","0.000695943832397461","louvain","graph_2024M08.graphml"
"0.2","0.14","0.66","0.120278113692294","1,2,3,1,3,3,3,3,2,3,3,3,3,3,2,3,1","0.000597000122070312","louvain","graph_2024M08.graphml"
"0.19","0.15","0.66","0.120670410037293","1,2,3,1,3,3,3,3,2,3,3,3,3,3,2,3,1","0.000704050064086914","louvain","graph_2024M08.graphml"
"0.18","0.16","0.66","0.121622645998255","1,2,3,1,3,3,3,3,2,3,3,3,3,3,2,3,1","0.000931978225708008","louvain","graph_2024M08.graphml"
"0.17","0.17","0.66","0.120855787847854","1,2,3,1,3,3,3,3,2,3,3,3,3,3,2,3,1","0.000998973846435547","louvain","graph_2024M08.graphml"
"0.16","0.18","0.66","0.120532649715435","1,2,3,1,3,3,3,3,2,3,3,3,3,3,2,3,1","0.000613212585449219","louvain","graph_2024M08.graphml"
"0.15","0.19","0.66","0.120210019885375","1,2,3,1,3,3,3,3,2,3,3,3,3,3,2,3,1","0.000612974166870117","louvain","graph_2024M08.graphml"
"0.14","0.2","0.66","0.120715652165973","1,2,3,1,3,3,3,3,2,3,3,3,3,3,2,3,1","0.000668048858642578","louvain","graph_2024M08.graphml"
"0.13","0.21","0.66","0.120715652165973","1,2,3,1,3,3,3,3,2,3,3,3,3,3,2,3,1","0.000663995742797852","louvain","graph_2024M08.graphml"
"0.12","0.22","0.66","0.121017559719483","1,2,3,1,4,3,3,3,2,4,4,3,3,4,2,3,1","0.000823020935058594","louvain","graph_2024M08.graphml"
"0.11","0.23","0.66","0.121535749519233","1,2,3,1,4,3,3,3,2,4,4,3,3,4,2,3,1","0.000593900680541992","louvain","graph_2024M08.graphml"
"0.1","0.24","0.66","0.121430612288688","1,2,3,1,4,3,3,3,2,4,4,3,3,4,3,3,1","0.000798940658569336","louvain","graph_2024M08.graphml"
"0.09","0.25","0.66","0.122408053515806","1,2,3,1,3,3,3,3,2,3,3,3,3,3,2,3,1","0.000767946243286133","louvain","graph_2024M08.graphml"
"0.08","0.26","0.66","0.121812469291069","1,2,3,4,4,3,3,3,2,4,4,3,3,1,3,3,1","0.00163888931274414","louvain","graph_2024M08.graphml"
"0.07","0.27","0.66","0.122669018224574","1,2,3,1,4,3,3,3,2,4,4,3,3,4,3,3,1","0.000818014144897461","louvain","graph_2024M08.graphml"
"0.06","0.28","0.66","0.124174923000231","1,2,3,1,4,3,3,3,2,4,3,3,3,4,3,3,1","0.000916004180908203","louvain","graph_2024M08.graphml"
"0.05","0.29","0.66","0.124045498505998","1,2,3,1,4,3,3,3,2,4,4,3,3,4,3,3,1","0.0012660026550293","louvain","graph_2024M08.graphml"
"0.04","0.3","0.66","0.121599375044135","1,2,3,1,4,4,4,3,2,3,4,3,4,4,2,3,1","0.000617027282714844","louvain","graph_2024M08.graphml"
"0.03","0.31","0.66","0.122289959156821","1,2,3,2,4,3,3,3,2,4,3,3,3,4,3,3,1","0.000574111938476562","louvain","graph_2024M08.graphml"
"0.02","0.32","0.66","0.123283796677229","1,2,3,2,2,3,3,3,2,4,4,3,3,4,3,3,1","0.000588893890380859","louvain","graph_2024M08.graphml"
"0.01","0.33","0.66","0.122295215419898","1,2,3,2,2,3,3,3,2,3,3,3,3,1,3,3,1","0.000787973403930664","louvain","graph_2024M08.graphml"
"0","0.34","0.66","0.121701830760311","1,2,3,2,2,3,3,3,2,4,3,3,3,3,3,3,1","0.000638961791992188","louvain","graph_2024M08.graphml"
"0.33","0","0.67","0.118193779889893","1,2,3,1,2,3,3,3,2,3,3,3,3,3,2,3,1","0.000647068023681641","louvain","graph_2024M08.graphml"
"0.32","0.01","0.67","0.118563524353647","1,2,3,1,4,3,3,3,2,4,3,3,3,4,2,3,1","0.000634193420410156","louvain","graph_2024M08.graphml"
"0.31","0.02","0.67","0.117857070020598","1,2,3,2,2,4,4,4,2,3,4,4,4,1,2,3,1","0.00062108039855957","louvain","graph_2024M08.graphml"
"0.3","0.03","0.67","0.118663484144047","1,2,3,1,4,3,3,3,2,4,3,3,3,4,2,3,1","0.000759124755859375","louvain","graph_2024M08.graphml"
"0.29","0.04","0.67","0.119104481499856","1,2,3,2,2,3,3,3,2,3,3,3,3,1,2,3,1","0.000653982162475586","louvain","graph_2024M08.graphml"
"0.28","0.05","0.67","0.11945179584121","1,2,3,2,2,3,3,3,2,3,3,3,3,1,2,3,1","0.000799894332885742","louvain","graph_2024M08.graphml"
"0.27","0.06","0.67","0.119995968126983","1,2,3,1,3,3,3,3,2,3,3,3,3,3,2,3,1","0.000646114349365234","louvain","graph_2024M08.graphml"
"0.26","0.07","0.67","0.118797083582328","1,2,3,3,3,3,3,3,2,3,3,3,3,1,2,3,1","0.000622034072875977","louvain","graph_2024M08.graphml"
"0.25","0.08","0.67","0.120345968966099","1,2,3,1,3,3,3,3,2,3,3,3,3,3,2,3,1","0.000612020492553711","louvain","graph_2024M08.graphml"
"0.24","0.09","0.67","0.119693352407848","1,2,3,1,3,3,3,3,2,3,3,3,3,3,2,3,1","0.000615119934082031","louvain","graph_2024M08.graphml"
"0.23","0.1","0.67","0.119693352407848","1,2,3,1,3,3,3,3,2,3,3,3,3,3,2,3,1","0.000627994537353516","louvain","graph_2024M08.graphml"
"0.22","0.11","0.67","0.11937391605966","1,2,3,1,3,3,3,3,2,3,3,3,3,3,2,3,1","0.000819921493530273","louvain","graph_2024M08.graphml"
"0.21","0.12","0.67","0.120041741610432","1,2,3,1,3,3,3,3,2,3,3,3,3,3,2,3,1","0.000670909881591797","louvain","graph_2024M08.graphml"
"0.2","0.13","0.67","0.119883766480679","1,2,3,1,3,3,3,3,2,3,3,3,3,3,2,3,1","0.000619888305664062","louvain","graph_2024M08.graphml"
"0.19","0.14","0.67","0.12016252539101","1,2,3,1,3,3,3,3,2,3,3,3,3,3,2,3,1","0.000643014907836914","louvain","graph_2024M08.graphml"
"0.18","0.15","0.67","0.11967467035576","1,2,3,1,3,3,3,3,2,3,3,3,3,3,2,3,1","0.000606060028076172","louvain","graph_2024M08.graphml"
"0.17","0.16","0.67","0.121872453598914","1,2,3,1,3,3,3,3,2,3,3,3,3,3,2,3,1","0.000754117965698242","louvain","graph_2024M08.graphml"
"0.16","0.17","0.67","0.121872453598914","1,2,3,1,3,3,3,3,2,3,3,3,3,3,2,3,1","0.000663995742797852","louvain","graph_2024M08.graphml"
"0.15","0.18","0.67","0.121277023448273","1,2,3,1,3,3,3,3,2,3,3,3,3,3,2,3,1","0.000728845596313477","louvain","graph_2024M08.graphml"
"0.14","0.19","0.67","0.122211985600402","1,2,3,1,4,3,3,3,2,4,4,3,3,4,3,3,1","0.00111913681030273","louvain","graph_2024M08.graphml"
"0.13","0.2","0.67","0.122745723803925","1,2,3,1,3,3,3,3,2,3,3,3,3,3,2,3,1","0.00111889839172363","louvain","graph_2024M08.graphml"
"0.12","0.21","0.67","0.122845786821912","1,2,3,2,2,3,3,3,2,4,3,3,3,1,4,3,1","0.000723123550415039","louvain","graph_2024M08.graphml"
"0.11","0.22","0.67","0.121957340720222","1,2,3,2,2,3,3,3,2,3,3,3,3,1,3,3,1","0.000629901885986328","louvain","graph_2024M08.graphml"
"0.1","0.23","0.67","0.122011563417672","1,2,3,1,4,3,3,3,2,4,3,3,3,4,3,3,1","0.000737905502319336","louvain","graph_2024M08.graphml"
"0.09","0.24","0.67","0.123283796677229","1,2,3,2,2,3,3,3,2,4,4,3,3,4,3,3,1","0.000616788864135742","louvain","graph_2024M08.graphml"
"0.08","0.25","0.67","0.122431208638105","1,2,3,2,4,4,4,3,2,4,4,3,4,4,4,3,1","0.000680208206176758","louvain","graph_2024M08.graphml"
"0.07","0.26","0.67","0.12162314976606","1,2,3,2,3,3,3,3,2,3,3,3,3,3,2,3,1","0.000699996948242188","louvain","graph_2024M08.graphml"
"0.06","0.27","0.67","0.1215478515625","1,2,3,2,3,4,3,3,2,3,3,4,3,3,3,3,1","0.00071406364440918","louvain","graph_2024M08.graphml"
"0.05","0.28","0.67","0.121782828977359","1,2,3,2,3,3,3,3,2,4,3,3,3,1,4,3,1","0.000627040863037109","louvain","graph_2024M08.graphml"
"0.04","0.29","0.67","0.121411992513864","1,2,3,2,4,4,4,3,2,4,4,3,4,4,4,3,1","0.000684022903442383","louvain","graph_2024M08.graphml"
"0.03","0.3","0.67","0.122224271029116","1,2,3,2,4,4,4,3,2,4,4,3,4,4,4,3,1","0.000618934631347656","louvain","graph_2024M08.graphml"
"0.02","0.31","0.67","0.122035928272585","1,2,3,2,4,4,4,3,2,4,4,3,4,4,4,3,1","0.000799894332885742","louvain","graph_2024M08.graphml"
"0.01","0.32","0.67","0.121369356601325","1,2,3,2,4,4,4,3,2,4,4,3,4,4,4,3,1","0.000613212585449219","louvain","graph_2024M08.graphml"
"0","0.33","0.67","0.122015623339356","1,2,3,2,4,3,3,3,2,4,4,3,3,4,3,3,1","0.000684976577758789","louvain","graph_2024M08.graphml"
"0.32","0","0.68","0.11826125418194","1,2,3,3,2,3,3,3,2,3,3,4,3,1,2,3,1","0.000640153884887695","louvain","graph_2024M08.graphml"
"0.31","0.01","0.68","0.118414976045977","1,2,3,1,3,3,3,3,2,3,3,3,3,3,2,3,1","0.000812053680419922","louvain","graph_2024M08.graphml"
"0.3","0.02","0.68","0.118642970765363","1,2,3,1,2,3,3,3,2,3,3,3,3,3,2,3,1","0.000640153884887695","louvain","graph_2024M08.graphml"
"0.29","0.03","0.68","0.119693352407848","1,2,3,1,3,3,3,3,2,3,3,3,3,3,2,3,1","0.00076603889465332","louvain","graph_2024M08.graphml"
"0.28","0.04","0.68","0.119092256335447","1,2,3,1,3,3,3,3,2,3,3,3,3,3,2,3,1","0.000658035278320312","louvain","graph_2024M08.graphml"
"0.27","0.05","0.68","0.120041741610432","1,2,3,1,3,3,3,3,2,3,3,3,3,3,2,3,1","0.00113582611083984","louvain","graph_2024M08.graphml"
"0.26","0.06","0.68","0.1191124953574","1,2,3,1,3,3,3,3,2,3,3,3,3,3,2,3,1","0.000650882720947266","louvain","graph_2024M08.graphml"
"0.25","0.07","0.68","0.1191124953574","1,2,3,1,3,3,3,3,2,3,3,3,3,3,2,3,1","0.000759124755859375","louvain","graph_2024M08.graphml"
"0.24","0.08","0.68","0.119394320684034","1,2,3,1,3,3,3,3,2,3,3,3,3,3,2,3,1","0.000765800476074219","louvain","graph_2024M08.graphml"
"0.23","0.09","0.68","0.11974111319734","1,2,3,1,3,3,3,3,2,3,3,3,3,3,2,3,1","0.000566005706787109","louvain","graph_2024M08.graphml"
"0.22","0.1","0.68","0.120999886826618","1,2,3,1,3,3,3,3,2,3,3,3,3,3,2,3,1","0.000578880310058594","louvain","graph_2024M08.graphml"
"0.21","0.11","0.68","0.121277023448273","1,2,3,1,3,3,3,3,2,3,3,3,3,3,2,3,1","0.000824928283691406","louvain","graph_2024M08.graphml"
"0.2","0.12","0.68","0.120958809062479","1,2,3,1,3,3,3,3,2,3,3,3,3,3,2,3,1","0.000818014144897461","louvain","graph_2024M08.graphml"
"0.19","0.13","0.68","0.1217299335756","1,2,3,1,3,3,3,3,2,3,3,3,3,3,2,3,1","0.00106692314147949","louvain","graph_2024M08.graphml"
"0.18","0.14","0.68","0.122366619624007","1,2,3,1,3,4,3,3,2,3,3,4,3,3,3,3,1","0.00107598304748535","louvain","graph_2024M08.graphml"
"0.17","0.15","0.68","0.121358285961443","1,2,3,1,3,3,3,3,2,3,3,3,3,3,2,3,1","0.000807046890258789","louvain","graph_2024M08.graphml"
"0.16","0.16","0.68","0.121699961132294","1,2,3,1,3,3,3,3,2,4,4,3,3,4,2,3,1","0.000854969024658203","louvain","graph_2024M08.graphml"
"0.15","0.17","0.68","0.122382748901455","1,2,3,2,3,3,3,3,2,3,3,3,3,3,2,3,1","0.00115799903869629","louvain","graph_2024M08.graphml"
"0.14","0.18","0.68","0.121312777576806","1,2,3,2,4,4,4,3,2,4,4,3,4,4,4,3,1","0.000826120376586914","louvain","graph_2024M08.graphml"
"0.13","0.19","0.68","0.121895982874239","1,2,3,2,4,3,3,3,2,4,4,3,3,4,3,3,1","0.000589132308959961","louvain","graph_2024M08.graphml"
"0.12","0.2","0.68","0.12170215945279","1,2,3,2,4,4,4,3,2,4,4,3,4,4,4,3,1","0.000660896301269531","louvain","graph_2024M08.graphml"
"0.11","0.21","0.68","0.121868425621301","1,2,3,2,4,4,4,3,2,4,4,3,4,4,4,3,1","0.000663042068481445","louvain","graph_2024M08.graphml"
"0.1","0.22","0.68","0.122060905637346","1,2,3,2,4,3,3,3,2,4,4,3,3,4,3,3,1","0.000851154327392578","louvain","graph_2024M08.graphml"
"0.09","0.23","0.68","0.121868425621301","1,2,3,2,4,4,4,3,2,4,4,3,4,4,4,3,1","0.000611066818237305","louvain","graph_2024M08.graphml"
"0.08","0.24","0.68","0.121817252420817","1,2,3,2,4,3,3,3,2,4,4,3,3,4,3,3,1","0.000758171081542969","louvain","graph_2024M08.graphml"
"0.07","0.25","0.68","0.121593686895526","1,2,3,2,3,3,3,3,2,4,3,3,3,1,4,3,1","0.000654935836791992","louvain","graph_2024M08.graphml"
"0.06","0.26","0.68","0.1208024470722","1,2,3,2,3,3,3,3,2,3,3,3,3,3,2,3,1","0.000599861145019531","louvain","graph_2024M08.graphml"
"0.05","0.27","0.68","0.120942449469211","1,2,3,2,4,4,4,3,2,4,4,3,4,4,4,3,1","0.000737905502319336","louvain","graph_2024M08.graphml"
"0.04","0.28","0.68","0.120792986596345","1,2,3,2,2,3,3,3,2,4,4,3,3,1,3,3,1","0.000797033309936523","louvain","graph_2024M08.graphml"
"0.03","0.29","0.68","0.120475334423298","1,2,3,2,3,3,3,3,2,3,3,3,3,1,3,3,1","0.00102400779724121","louvain","graph_2024M08.graphml"
"0.02","0.3","0.68","0.120475334423298","1,2,3,2,3,3,3,3,2,3,3,3,3,1,3,3,1","0.00151181221008301","louvain","graph_2024M08.graphml"
"0.01","0.31","0.68","0.121155768429821","1,2,3,2,2,3,3,3,2,4,4,3,3,1,3,3,1","0.000597000122070312","louvain","graph_2024M08.graphml"
"0","0.32","0.68","0.121188003202243","1,2,3,2,2,3,3,3,2,4,4,3,3,1,3,3,1","0.000663995742797852","louvain","graph_2024M08.graphml"
"0.31","0","0.69","0.11967467035576","1,2,3,1,3,3,3,3,2,3,3,3,3,3,2,3,1","0.00113201141357422","louvain","graph_2024M08.graphml"
"0.3","0.01","0.69","0.119358090752452","1,2,3,1,3,3,3,3,2,3,3,3,3,3,2,3,1","0.000611066818237305","louvain","graph_2024M08.graphml"
"0.29","0.02","0.69","0.120020391938039","1,2,3,1,3,3,3,3,2,3,3,3,3,3,2,3,1","0.000588893890380859","louvain","graph_2024M08.graphml"
"0.28","0.03","0.69","0.119437528293345","1,2,3,3,3,4,3,3,2,3,3,4,3,3,2,3,1","0.000658035278320312","louvain","graph_2024M08.graphml"
"0.27","0.04","0.69","0.120958809062479","1,2,3,1,3,3,3,3,2,3,3,3,3,3,2,3,1","0.000669956207275391","louvain","graph_2024M08.graphml"
"0.26","0.05","0.69","0.120366027183281","1,2,3,1,3,3,3,3,2,3,3,3,3,3,2,3,1","0.000658035278320312","louvain","graph_2024M08.graphml"
"0.25","0.06","0.69","0.121297976569868","1,2,3,1,3,3,3,3,2,3,3,3,3,3,2,3,1","0.000914096832275391","louvain","graph_2024M08.graphml"
"0.24","0.07","0.69","0.120702175547218","1,2,3,1,3,4,3,3,2,3,3,4,3,3,2,3,1","0.000784158706665039","louvain","graph_2024M08.graphml"
"0.23","0.08","0.69","0.121395515789868","1,2,3,1,3,4,3,3,2,3,3,4,3,3,3,3,1","0.000725984573364258","louvain","graph_2024M08.graphml"
"0.22","0.09","0.69","0.121885561840469","1,2,3,1,4,4,4,3,2,4,4,3,4,4,4,3,1","0.00104618072509766","louvain","graph_2024M08.graphml"
"0.21","0.1","0.69","0.121649789437859","1,2,3,2,4,4,4,3,2,4,4,3,4,4,4,3,1","0.000681877136230469","louvain","graph_2024M08.graphml"
"0.2","0.11","0.69","0.1212451171875","1,2,3,2,4,4,4,3,2,4,4,3,4,4,4,3,1","0.000650882720947266","louvain","graph_2024M08.graphml"
"0.19","0.12","0.69","0.120790431403292","1,2,3,2,3,3,3,3,2,4,3,3,3,1,4,3,1","0.000649929046630859","louvain","graph_2024M08.graphml"
"0.18","0.13","0.69","0.121041643882489","1,2,3,2,4,3,3,3,2,4,4,3,3,4,3,3,1","0.000673770904541016","louvain","graph_2024M08.graphml"
"0.17","0.14","0.69","0.121373477008613","1,2,3,2,3,3,3,3,2,3,3,3,3,3,3,3,1","0.000765085220336914","louvain","graph_2024M08.graphml"
"0.16","0.15","0.69","0.121486049654792","1,2,3,2,3,4,3,3,2,3,3,4,3,3,3,3,1","0.000802993774414062","louvain","graph_2024M08.graphml"
"0.15","0.16","0.69","0.122415223178118","1,2,3,2,4,3,3,3,2,4,4,3,3,4,3,3,1","0.000739097595214844","louvain","graph_2024M08.graphml"
"0.14","0.17","0.69","0.120986228741206","1,2,3,2,3,3,3,3,2,4,3,3,3,1,4,3,1","0.000607013702392578","louvain","graph_2024M08.graphml"
"0.13","0.18","0.69","0.122160726684618","1,2,3,2,4,3,3,3,2,4,4,3,3,4,3,3,1","0.000622987747192383","louvain","graph_2024M08.graphml"
"0.12","0.19","0.69","0.121635652863702","1,2,3,2,4,3,3,3,2,4,4,3,3,4,3,3,1","0.000659942626953125","louvain","graph_2024M08.graphml"
"0.11","0.2","0.69","0.120557001972387","1,2,3,2,3,3,3,3,2,3,3,3,3,1,3,3,1","0.00064396858215332","louvain","graph_2024M08.graphml"
"0.1","0.21","0.69","0.120952553916958","1,2,3,2,2,3,3,3,2,4,4,3,3,1,3,3,1","0.000669002532958984","louvain","graph_2024M08.graphml"
"0.09","0.22","0.69","0.121413315999629","1,2,3,2,2,3,3,3,2,4,4,3,3,1,3,3,1","0.000638008117675781","louvain","graph_2024M08.graphml"
"0.08","0.23","0.69","0.12015293637211","1,2,3,2,3,3,3,3,2,4,3,3,3,1,3,3,1","0.000644922256469727","louvain","graph_2024M08.graphml"
"0.07","0.24","0.69","0.120742112367396","1,2,3,2,2,3,3,3,2,4,4,3,3,1,3,3,1","0.000609159469604492","louvain","graph_2024M08.graphml"
"0.06","0.25","0.69","0.119783522320962","1,2,3,1,3,3,3,3,2,4,3,3,3,4,3,3,1","0.000673055648803711","louvain","graph_2024M08.graphml"
"0.05","0.26","0.69","0.120867602829059","1,2,3,1,4,3,3,3,2,4,4,3,3,4,3,3,1","0.000873088836669922","louvain","graph_2024M08.graphml"
"0.04","0.27","0.69","0.120337949575484","1,2,3,1,4,3,3,3,2,4,4,3,3,4,3,3,1","0.000766992568969727","louvain","graph_2024M08.graphml"
"0.03","0.28","0.69","0.119550496648036","1,2,3,1,3,3,3,3,2,3,3,4,3,3,3,3,1","0.00082087516784668","louvain","graph_2024M08.graphml"
"0.02","0.29","0.69","0.120302520151005","1,2,3,1,4,3,3,3,2,4,4,3,3,4,3,3,1","0.000687837600708008","louvain","graph_2024M08.graphml"
"0.01","0.3","0.69","0.121265994894641","1,2,3,1,4,3,3,3,2,4,4,3,3,4,3,3,1","0.000756978988647461","louvain","graph_2024M08.graphml"
"0","0.31","0.69","0.121381710787866","1,2,3,2,2,3,3,3,2,4,4,3,3,1,3,3,1","0.000626087188720703","louvain","graph_2024M08.graphml"
"0.3","0","0.7","0.11975745072905","1,2,3,1,3,3,3,3,2,3,3,3,3,3,2,3,1","0.000969886779785156","louvain","graph_2024M08.graphml"
"0.29","0.01","0.7","0.119498060941828","1,2,3,1,3,4,3,3,2,3,3,4,3,3,2,3,1","0.000661849975585938","louvain","graph_2024M08.graphml"
"0.28","0.02","0.7","0.120731692669862","1,2,3,1,4,4,4,3,2,4,4,3,4,4,4,3,1","0.000647783279418945","louvain","graph_2024M08.graphml"
"0.27","0.03","0.7","0.121678884767762","1,2,3,2,3,4,3,3,2,3,3,4,3,3,3,3,1","0.000603914260864258","louvain","graph_2024M08.graphml"
"0.26","0.04","0.7","0.120880533854167","1,2,3,2,3,3,3,3,2,3,3,3,3,3,3,3,1","0.000646829605102539","louvain","graph_2024M08.graphml"
"0.25","0.05","0.7","0.121041643882489","1,2,3,2,4,3,3,3,2,4,4,3,3,4,3,3,1","0.000647068023681641","louvain","graph_2024M08.graphml"
"0.24","0.06","0.7","0.122060905637346","1,2,3,2,4,3,3,3,2,4,4,3,3,4,3,3,1","0.000608205795288086","louvain","graph_2024M08.graphml"
"0.23","0.07","0.7","0.121486049654792","1,2,3,2,3,4,3,3,2,3,3,4,3,3,3,3,1","0.000613927841186523","louvain","graph_2024M08.graphml"
"0.22","0.08","0.7","0.121797095224033","1,2,3,2,3,4,3,3,2,3,3,4,3,3,3,3,1","0.000612974166870117","louvain","graph_2024M08.graphml"
"0.21","0.09","0.7","0.121233212881876","1,2,3,2,3,4,3,3,2,3,3,4,3,3,3,3,1","0.000657081604003906","louvain","graph_2024M08.graphml"
"0.2","0.1","0.7","0.121314410289671","1,2,3,2,4,3,3,3,2,4,4,3,3,4,3,3,1","0.00065302848815918","louvain","graph_2024M08.graphml"
"0.19","0.11","0.7","0.120022888270663","1,2,3,2,3,4,3,3,2,3,3,4,3,3,3,3,1","0.00117707252502441","louvain","graph_2024M08.graphml"
"0.18","0.12","0.7","0.121192373438527","1,2,3,2,2,3,3,3,2,4,3,3,3,1,4,3,1","0.000629901885986328","louvain","graph_2024M08.graphml"
"0.17","0.13","0.7","0.120984250651344","1,2,3,2,2,3,3,3,2,4,4,3,3,1,3,3,1","0.000630855560302734","louvain","graph_2024M08.graphml"
"0.16","0.14","0.7","0.120612014719738","1,2,3,2,3,3,3,3,2,3,3,3,3,1,3,3,1","0.000652074813842773","louvain","graph_2024M08.graphml"
"0.15","0.15","0.7","0.120703352769679","1,2,3,2,3,3,3,3,2,4,3,3,3,1,3,3,1","0.000596046447753906","louvain","graph_2024M08.graphml"
"0.14","0.16","0.7","0.120555072368893","1,2,3,2,2,3,3,3,2,4,3,3,3,1,4,3,1","0.00115513801574707","louvain","graph_2024M08.graphml"
"0.13","0.17","0.7","0.120742112367396","1,2,3,2,2,3,3,3,2,4,4,3,3,1,3,3,1","0.00130605697631836","louvain","graph_2024M08.graphml"
"0.12","0.18","0.7","0.119774794506429","1,2,3,2,3,3,3,3,2,4,3,3,3,1,3,3,1","0.000617027282714844","louvain","graph_2024M08.graphml"
"0.11","0.19","0.7","0.119338590160832","1,2,3,1,3,3,3,3,2,4,3,3,3,3,2,3,1","0.000622987747192383","louvain","graph_2024M08.graphml"
"0.1","0.2","0.7","0.119367378760769","1,2,3,1,4,3,3,3,2,4,4,3,3,4,3,3,1","0.000720024108886719","louvain","graph_2024M08.graphml"
"0.09","0.21","0.7","0.119504642063712","1,2,3,2,2,3,3,3,2,4,4,3,3,1,3,3,1","0.000890016555786133","louvain","graph_2024M08.graphml"
"0.08","0.22","0.7","0.120796553441111","1,2,3,2,2,3,3,3,2,4,4,3,3,1,3,3,1","0.000674009323120117","louvain","graph_2024M08.graphml"
"0.07","0.23","0.7","0.120133989284508","1,2,3,2,2,3,3,3,2,4,4,3,3,1,3,3,1","0.000613927841186523","louvain","graph_2024M08.graphml"
"0.06","0.24","0.7","0.118745167180143","1,2,3,2,3,3,3,3,2,3,3,3,3,1,3,3,1","0.000583171844482422","louvain","graph_2024M08.graphml"
"0.05","0.25","0.7","0.12017019772228","1,2,3,2,2,3,3,3,2,4,4,3,3,1,3,3,1","0.00106215476989746","louvain","graph_2024M08.graphml"
"0.04","0.26","0.7","0.120403839401857","1,2,3,2,2,3,3,3,2,4,4,3,3,1,3,3,1","0.000662088394165039","louvain","graph_2024M08.graphml"
"0.03","0.27","0.7","0.119649178708238","1,2,3,2,3,3,3,3,2,3,3,3,3,1,3,3,1","0.000620126724243164","louvain","graph_2024M08.graphml"
"0.02","0.28","0.7","0.119926","1,2,3,2,3,3,3,3,2,3,3,3,3,1,3,3,1","0.000623941421508789","louvain","graph_2024M08.graphml"
"0.01","0.29","0.7","0.118925874420607","1,2,3,2,3,3,3,3,2,3,3,3,3,1,3,2,1","0.000622987747192383","louvain","graph_2024M08.graphml"
"0","0.3","0.7","0.119526376565451","1,2,3,2,3,3,3,3,2,3,3,3,3,1,3,2,1","0.00147795677185059","louvain","graph_2024M08.graphml"
"0.29","0","0.71","0.121486049654792","1,2,3,2,3,4,3,3,2,3,3,4,3,3,3,3,1","0.000612974166870117","louvain","graph_2024M08.graphml"
"0.28","0.01","0.71","0.12092190394373","1,2,3,2,3,4,3,3,2,3,3,4,3,3,3,3,1","0.000632047653198242","louvain","graph_2024M08.graphml"
"0.27","0.02","0.71","0.118432501456397","1,2,3,2,3,3,3,3,2,3,3,3,3,3,3,3,1","0.000686168670654297","louvain","graph_2024M08.graphml"
"0.26","0.03","0.71","0.120448198582794","1,2,3,2,4,3,3,3,2,4,4,3,3,4,3,3,1","0.000597953796386719","louvain","graph_2024M08.graphml"
"0.25","0.04","0.71","0.119647276836349","1,2,3,2,3,3,3,3,2,3,3,3,3,1,3,3,1","0.000671863555908203","louvain","graph_2024M08.graphml"
"0.24","0.05","0.71","0.119647276836349","1,2,3,2,3,3,3,3,2,3,3,3,3,1,3,3,1","0.000679969787597656","louvain","graph_2024M08.graphml"
"0.23","0.06","0.71","0.11976206606697","1,2,3,2,3,3,3,3,2,4,3,3,3,1,3,3,1","0.000614166259765625","louvain","graph_2024M08.graphml"
"0.22","0.07","0.71","0.120327177155401","1,2,3,2,3,3,3,3,2,4,3,3,3,1,3,3,1","0.000807046890258789","louvain","graph_2024M08.graphml"
"0.21","0.08","0.71","0.120703352769679","1,2,3,2,3,3,3,3,2,4,3,3,3,1,3,3,1","0.000609874725341797","louvain","graph_2024M08.graphml"
"0.2","0.09","0.71","0.120742112367396","1,2,3,2,2,3,3,3,2,4,4,3,3,1,3,3,1","0.000833988189697266","louvain","graph_2024M08.graphml"
"0.19","0.1","0.71","0.119380951247505","1,2,3,1,3,3,3,3,2,4,3,3,3,3,2,3,1","0.000668048858642578","louvain","graph_2024M08.graphml"
"0.18","0.11","0.71","0.117333098395319","1,2,3,2,3,3,3,3,2,3,3,3,3,1,3,3,1","0.000622987747192383","louvain","graph_2024M08.graphml"
"0.17","0.12","0.71","0.119058253700274","1,2,3,2,2,3,3,3,2,4,4,3,3,1,3,3,1","0.000683069229125977","louvain","graph_2024M08.graphml"
"0.16","0.13","0.71","0.119058253700274","1,2,3,2,2,3,3,3,2,4,4,3,3,1,3,3,1","0.000730991363525391","louvain","graph_2024M08.graphml"
"0.15","0.14","0.71","0.118694415108151","1,2,3,2,2,3,3,3,2,4,4,3,3,1,3,3,1","0.000616073608398438","louvain","graph_2024M08.graphml"
"0.14","0.15","0.71","0.119228139985716","1,2,3,2,2,3,3,3,2,4,4,3,3,1,3,3,1","0.00101113319396973","louvain","graph_2024M08.graphml"
"0.13","0.16","0.71","0.118179813508065","1,2,3,2,3,3,3,3,2,3,3,3,3,1,3,3,1","0.000674009323120117","louvain","graph_2024M08.graphml"
"0.12","0.17","0.71","0.119281597567667","1,2,3,2,2,3,3,3,2,4,4,3,3,1,3,3,1","0.000892877578735352","louvain","graph_2024M08.graphml"
"0.11","0.18","0.71","0.11920961591879","1,2,3,2,2,3,3,3,2,4,4,3,3,1,3,3,1","0.000800132751464844","louvain","graph_2024M08.graphml"
"0.1","0.19","0.71","0.119033630480207","1,2,3,2,2,3,3,3,2,4,3,3,3,1,4,3,1","0.000662088394165039","louvain","graph_2024M08.graphml"
"0.09","0.2","0.71","0.119371006542142","1,2,3,2,3,3,3,3,2,3,3,3,3,1,3,3,1","0.000684022903442383","louvain","graph_2024M08.graphml"
"0.08","0.21","0.71","0.1192685","1,2,2,1,2,2,2,2,3,2,2,2,2,2,3,2,1","0.000627040863037109","louvain","graph_2024M08.graphml"
"0.07","0.22","0.71","0.118159389803228","1,2,3,2,2,3,3,3,2,4,4,3,3,1,3,3,1","0.000607013702392578","louvain","graph_2024M08.graphml"
"0.06","0.23","0.71","0.118988638895077","1,2,3,2,3,3,3,3,2,3,3,3,3,1,3,2,1","0.000669002532958984","louvain","graph_2024M08.graphml"
"0.05","0.24","0.71","0.118558529538475","1,2,3,2,3,3,3,3,2,3,3,3,3,1,3,2,1","0.00101804733276367","louvain","graph_2024M08.graphml"
"0.04","0.25","0.71","0.118477504752795","1,2,3,2,2,3,3,3,2,4,4,3,3,1,3,3,1","0.00124001502990723","louvain","graph_2024M08.graphml"
"0.03","0.26","0.71","0.119078621031746","1,2,3,2,3,3,3,3,2,3,3,3,3,1,3,2,1","0.000712871551513672","louvain","graph_2024M08.graphml"
"0.02","0.27","0.71","0.119830898931477","1,2,3,2,2,3,3,3,2,4,4,3,3,1,3,3,1","0.00117397308349609","louvain","graph_2024M08.graphml"
"0.01","0.28","0.71","0.119210383474847","1,2,3,1,3,3,3,3,2,3,3,3,3,3,2,3,1","0.000624895095825195","louvain","graph_2024M08.graphml"
"0","0.29","0.71","0.11859011381009","1,2,3,3,4,3,3,3,2,3,3,4,3,1,3,3,1","0.000730037689208984","louvain","graph_2024M08.graphml"
"0.28","0","0.72","0.12066835621598","1,2,3,2,2,3,3,3,2,4,3,3,3,1,4,3,1","0.00063014030456543","louvain","graph_2024M08.graphml"
"0.27","0.01","0.72","0.120406601416077","1,2,3,2,2,3,3,3,2,4,4,3,3,1,3,3,1","0.000700950622558594","louvain","graph_2024M08.graphml"
"0.26","0.02","0.72","0.119356668505606","1,2,3,2,2,3,3,3,2,4,3,3,3,1,4,3,1","0.000834941864013672","louvain","graph_2024M08.graphml"
"0.25","0.03","0.72","0.118214331727177","1,2,3,2,2,3,3,3,2,4,4,3,3,1,3,3,1","0.00103902816772461","louvain","graph_2024M08.graphml"
"0.24","0.04","0.72","0.119058253700274","1,2,3,2,2,3,3,3,2,4,4,3,3,1,3,3,1","0.000769853591918945","louvain","graph_2024M08.graphml"
"0.23","0.05","0.72","0.118694415108151","1,2,3,2,2,3,3,3,2,4,4,3,3,1,3,3,1","0.00104188919067383","louvain","graph_2024M08.graphml"
"0.22","0.06","0.72","0.118694415108151","1,2,3,2,2,3,3,3,2,4,4,3,3,1,3,3,1","0.000654935836791992","louvain","graph_2024M08.graphml"
"0.21","0.07","0.72","0.118287419651056","1,2,3,2,2,3,3,3,2,4,4,3,3,1,3,3,1","0.000795125961303711","louvain","graph_2024M08.graphml"
"0.2","0.08","0.72","0.118108893258295","1,2,3,2,3,3,3,3,2,4,3,3,3,1,3,3,1","0.000632047653198242","louvain","graph_2024M08.graphml"
"0.19","0.09","0.72","0.118303281087409","1,2,3,2,2,3,3,3,2,4,4,3,3,1,3,3,1","0.000720024108886719","louvain","graph_2024M08.graphml"
"0.18","0.1","0.72","0.11920961591879","1,2,3,2,2,3,3,3,2,4,4,3,3,1,3,3,1","0.000737905502319336","louvain","graph_2024M08.graphml"
"0.17","0.11","0.72","0.118729435815551","1,2,2,1,2,2,2,2,3,2,2,2,2,2,3,2,1","0.000612974166870117","louvain","graph_2024M08.graphml"
"0.16","0.12","0.72","0.118538178561532","1,2,3,2,3,3,3,3,2,3,3,3,3,1,3,3,1","0.000631093978881836","louvain","graph_2024M08.graphml"
"0.15","0.13","0.72","0.119314781868346","1,2,3,2,3,4,3,3,2,3,3,4,3,3,3,3,1","0.000573873519897461","louvain","graph_2024M08.graphml"
"0.14","0.14","0.72","0.119045840454819","1,2,3,2,2,3,3,3,2,4,4,3,3,1,3,3,1","0.00102686882019043","louvain","graph_2024M08.graphml"
"0.13","0.15","0.72","0.11864406779661","1,2,3,2,2,3,3,3,2,4,4,3,3,1,3,3,1","0.000987052917480469","louvain","graph_2024M08.graphml"
"0.12","0.16","0.72","0.118558529538475","1,2,3,2,3,3,3,3,2,3,3,3,3,1,3,2,1","0.000659942626953125","louvain","graph_2024M08.graphml"
"0.11","0.17","0.72","0.118122003966278","1,2,3,2,2,3,3,3,2,4,4,3,3,1,3,3,1","0.00103402137756348","louvain","graph_2024M08.graphml"
"0.1","0.18","0.72","0.117813340380987","1,2,3,2,3,3,3,3,2,3,3,3,3,1,3,3,1","0.000645875930786133","louvain","graph_2024M08.graphml"
"0.09","0.19","0.72","0.118586526045603","1,2,3,2,3,3,3,3,2,3,3,3,3,1,3,2,1","0.000658988952636719","louvain","graph_2024M08.graphml"
"0.08","0.2","0.72","0.119120455717165","1,2,2,1,3,3,3,3,2,3,3,3,3,3,3,2,1","0.000620841979980469","louvain","graph_2024M08.graphml"
"0.07","0.21","0.72","0.118967215899439","1,2,3,1,4,3,3,3,2,4,4,3,3,4,3,3,1","0.000681161880493164","louvain","graph_2024M08.graphml"
"0.06","0.22","0.72","0.119136144522289","1,2,3,1,3,3,3,3,2,4,4,3,3,4,2,3,1","0.000761985778808594","louvain","graph_2024M08.graphml"
"0.05","0.23","0.72","0.118730354862132","1,2,3,1,4,3,3,3,2,3,3,4,3,3,3,3,1","0.000633955001831055","louvain","graph_2024M08.graphml"
"0.04","0.24","0.72","0.119512206843522","1,2,2,3,3,3,3,3,2,3,3,3,3,1,3,2,1","0.000735044479370117","louvain","graph_2024M08.graphml"
"0.03","0.25","0.72","0.119512206843522","1,2,2,3,3,3,3,3,2,3,3,3,3,1,3,2,1","0.000674009323120117","louvain","graph_2024M08.graphml"
"0.02","0.26","0.72","0.118581291411217","1,2,3,3,3,3,3,3,2,4,4,3,3,1,3,3,4","0.000691890716552734","louvain","graph_2024M08.graphml"
"0.01","0.27","0.72","0.119159621950276","1,2,2,3,3,3,3,3,2,4,3,3,3,1,3,2,4","0.000624895095825195","louvain","graph_2024M08.graphml"
"0","0.28","0.72","0.11876161325992","1,2,2,3,3,3,3,3,2,3,3,3,3,1,3,2,1","0.00071406364440918","louvain","graph_2024M08.graphml"
"0.27","0","0.73","0.119268157355619","1,2,3,2,2,3,3,3,2,4,4,3,3,1,3,3,1","0.000727176666259766","louvain","graph_2024M08.graphml"
"0.26","0.01","0.73","0.118453679825431","1,2,3,2,2,3,3,3,2,4,4,3,3,1,3,3,1","0.000792980194091797","louvain","graph_2024M08.graphml"
"0.25","0.02","0.73","0.118453679825431","1,2,3,2,2,3,3,3,2,4,4,3,3,1,3,3,1","0.000672817230224609","louvain","graph_2024M08.graphml"
"0.24","0.03","0.73","0.117936920784829","1,2,3,2,2,3,3,3,2,4,4,3,3,1,3,3,1","0.000612020492553711","louvain","graph_2024M08.graphml"
"0.23","0.04","0.73","0.118256977552517","1,2,3,2,3,3,3,3,2,3,3,3,3,1,3,3,1","0.000660896301269531","louvain","graph_2024M08.graphml"
"0.22","0.05","0.73","0.118928739242011","1,2,3,2,2,3,3,3,2,4,4,3,3,1,3,3,1","0.000663995742797852","louvain","graph_2024M08.graphml"
"0.21","0.06","0.73","0.1174345","1,2,3,2,3,3,3,3,2,3,3,3,3,1,3,3,1","0.000657796859741211","louvain","graph_2024M08.graphml"
"0.2","0.07","0.73","0.117714952380287","1,2,3,2,3,3,3,3,2,3,3,3,3,1,3,3,1","0.000855922698974609","louvain","graph_2024M08.graphml"
"0.19","0.08","0.73","0.118452980905065","1,2,3,2,3,4,3,3,2,3,3,4,3,3,3,3,1","0.00065302848815918","louvain","graph_2024M08.graphml"
"0.18","0.09","0.73","0.117951831753021","1,2,3,2,3,3,3,3,2,3,3,3,3,1,3,2,1","0.000757932662963867","louvain","graph_2024M08.graphml"
"0.17","0.1","0.73","0.118586526045603","1,2,3,2,3,3,3,3,2,3,3,3,3,1,3,2,1","0.000601053237915039","louvain","graph_2024M08.graphml"
"0.16","0.11","0.73","0.118586526045603","1,2,3,2,3,3,3,3,2,3,3,3,3,1,3,2,1","0.000685930252075195","louvain","graph_2024M08.graphml"
"0.15","0.12","0.73","0.118755024017253","1,2,3,2,3,3,3,3,2,3,3,3,3,1,3,2,1","0.000624895095825195","louvain","graph_2024M08.graphml"
"0.14","0.13","0.73","0.117592716209513","1,2,3,2,3,3,3,3,2,3,4,3,3,1,3,2,1","0.000910043716430664","louvain","graph_2024M08.graphml"
"0.13","0.14","0.73","0.1178252979004","1,2,2,2,3,3,3,3,2,3,3,3,3,1,3,2,1","0.000834941864013672","louvain","graph_2024M08.graphml"
"0.12","0.15","0.73","0.118411295102239","1,2,3,2,3,3,3,3,2,3,3,3,3,1,3,2,1","0.000717878341674805","louvain","graph_2024M08.graphml"
"0.11","0.16","0.73","0.11886087786425","1,2,3,2,4,3,3,3,2,3,3,4,3,1,3,3,1","0.000692844390869141","louvain","graph_2024M08.graphml"
"0.1","0.17","0.73","0.119650102421027","1,2,2,1,3,3,3,3,2,3,3,3,3,3,3,2,1","0.001007080078125","louvain","graph_2024M08.graphml"
"0.09","0.18","0.73","0.118713475586313","1,2,3,3,4,3,3,3,2,3,3,4,3,1,3,3,1","0.000633001327514648","louvain","graph_2024M08.graphml"
"0.08","0.19","0.73","0.119162139631883","1,2,3,2,2,4,2,2,3,2,2,4,2,2,3,2,1","0.000946044921875","louvain","graph_2024M08.graphml"
"0.07","0.2","0.73","0.11814253420583","1,2,3,3,4,3,3,3,2,5,3,4,3,1,3,3,5","0.00070500373840332","louvain","graph_2024M08.graphml"
"0.06","0.21","0.73","0.118784412297801","1,2,2,3,3,3,3,3,2,4,3,3,3,1,2,2,4","0.000600099563598633","louvain","graph_2024M08.graphml"
"0.05","0.22","0.73","0.117316783751457","1,2,3,3,4,3,3,3,2,5,3,4,3,1,3,3,5","0.000891923904418945","louvain","graph_2024M08.graphml"
"0.04","0.23","0.73","0.1175902535583","1,2,2,3,3,3,3,3,2,4,3,3,3,1,4,2,4","0.000984907150268555","louvain","graph_2024M08.graphml"
"0.03","0.24","0.73","0.118015650351541","1,2,2,3,3,3,3,3,2,4,3,3,3,1,4,2,4","0.00092005729675293","louvain","graph_2024M08.graphml"
"0.02","0.25","0.73","0.119799663839239","1,2,2,3,3,3,3,3,2,4,3,3,3,1,4,2,4","0.000784873962402344","louvain","graph_2024M08.graphml"
"0.01","0.26","0.73","0.119746556401962","1,2,2,3,3,3,3,3,2,4,3,3,3,1,3,2,4","0.00101613998413086","louvain","graph_2024M08.graphml"
"0","0.27","0.73","0.118317982187473","1,2,3,3,3,3,3,3,2,4,3,3,3,1,3,3,4","0.000853061676025391","louvain","graph_2024M08.graphml"
"0.26","0","0.74","0.118247038856419","1,2,3,2,2,3,3,3,2,4,4,3,3,1,3,3,1","0.000760793685913086","louvain","graph_2024M08.graphml"
"0.25","0.01","0.74","0.117971593895869","1,2,3,2,2,3,3,3,2,4,3,3,3,1,4,3,1","0.000645875930786133","louvain","graph_2024M08.graphml"
"0.24","0.02","0.74","0.117971593895869","1,2,3,2,2,3,3,3,2,4,3,3,3,1,4,3,1","0.000660896301269531","louvain","graph_2024M08.graphml"
"0.23","0.03","0.74","0.117922188538748","1,2,3,2,4,3,3,3,2,4,3,3,3,1,3,3,1","0.000669002532958984","louvain","graph_2024M08.graphml"
"0.22","0.04","0.74","0.117459710966023","1,2,3,2,2,3,3,3,2,4,3,3,3,1,4,3,1","0.000652074813842773","louvain","graph_2024M08.graphml"
"0.21","0.05","0.74","0.117507934852836","1,2,3,2,3,3,3,3,2,3,3,3,3,1,3,2,1","0.000653982162475586","louvain","graph_2024M08.graphml"
"0.2","0.06","0.74","0.11740174052418","1,2,3,2,4,3,3,3,2,4,4,3,3,4,3,3,1","0.000648975372314453","louvain","graph_2024M08.graphml"
"0.19","0.07","0.74","0.116903103690941","1,2,3,2,4,3,3,3,2,4,4,3,3,4,3,3,1","0.000663995742797852","louvain","graph_2024M08.graphml"
"0.18","0.08","0.74","0.116803125530831","1,2,3,1,3,3,3,3,2,3,3,3,3,3,2,3,1","0.000696182250976562","louvain","graph_2024M08.graphml"
"0.17","0.09","0.74","0.118323311956329","1,2,3,1,3,3,3,3,2,3,3,3,3,3,2,3,1","0.000809907913208008","louvain","graph_2024M08.graphml"
"0.16","0.1","0.74","0.119042163263846","1,2,2,1,3,3,3,3,2,3,3,3,3,3,3,2,1","0.000684022903442383","louvain","graph_2024M08.graphml"
"0.15","0.11","0.74","0.118606232870733","1,2,3,2,3,3,3,3,2,3,3,3,3,1,3,2,1","0.000982046127319336","louvain","graph_2024M08.graphml"
"0.14","0.12","0.74","0.118053029055495","1,2,3,3,4,3,3,3,2,3,3,4,3,1,3,3,1","0.000823020935058594","louvain","graph_2024M08.graphml"
"0.13","0.13","0.74","0.118074893951416","1,2,3,3,4,3,3,3,2,3,3,4,3,1,3,3,1","0.000680923461914062","louvain","graph_2024M08.graphml"
"0.12","0.14","0.74","0.117187145149813","1,2,3,2,2,3,3,3,2,4,3,3,3,1,4,3,4","0.000691890716552734","louvain","graph_2024M08.graphml"
"0.11","0.15","0.74","0.116578222228951","1,2,3,3,4,3,3,3,2,5,3,4,3,1,3,3,5","0.00100302696228027","louvain","graph_2024M08.graphml"
"0.1","0.16","0.74","0.116118559382705","1,2,3,3,4,3,3,3,2,5,3,4,3,1,3,3,5","0.000600814819335938","louvain","graph_2024M08.graphml"
"0.09","0.17","0.74","0.117209743012245","1,2,3,3,3,3,3,3,2,4,3,3,3,1,2,3,4","0.000678062438964844","louvain","graph_2024M08.graphml"
"0.08","0.18","0.74","0.117908936031179","1,2,3,3,4,3,3,3,2,5,3,4,3,1,3,3,5","0.000645875930786133","louvain","graph_2024M08.graphml"
"0.07","0.19","0.74","0.118512808161664","1,2,3,3,3,3,3,3,2,4,3,3,3,1,2,3,4","0.000796079635620117","louvain","graph_2024M08.graphml"
"0.06","0.2","0.74","0.11864799295243","1,2,3,3,3,3,3,3,2,4,3,3,3,1,3,3,4","0.00064396858215332","louvain","graph_2024M08.graphml"
"0.05","0.21","0.74","0.119192862426035","1,2,3,3,3,3,3,3,2,4,3,3,3,1,3,3,4","0.000652074813842773","louvain","graph_2024M08.graphml"
"0.04","0.22","0.74","0.119474734723595","1,2,3,2,2,3,3,3,2,4,3,3,3,1,3,2,4","0.000613212585449219","louvain","graph_2024M08.graphml"
"0.03","0.23","0.74","0.120146058927222","1,2,3,3,3,3,3,3,2,4,3,3,3,1,1,3,4","0.000815868377685547","louvain","graph_2024M08.graphml"
"0.02","0.24","0.74","0.119519776696438","1,2,3,2,2,3,3,3,2,4,3,3,3,1,1,2,4","0.000659942626953125","louvain","graph_2024M08.graphml"
"0.01","0.25","0.74","0.120213449460697","1,2,3,2,3,3,3,3,2,4,3,3,3,1,1,3,4","0.000628948211669922","louvain","graph_2024M08.graphml"
"0","0.26","0.74","0.11970022675737","1,2,3,2,3,3,3,3,2,4,3,3,3,1,1,3,4","0.000694990158081055","louvain","graph_2024M08.graphml"
"0.25","0","0.75","0.116977210570747","1,2,3,2,3,3,3,3,2,3,3,3,3,1,3,2,1","0.000776052474975586","louvain","graph_2024M08.graphml"
"0.24","0.01","0.75","0.116977210570747","1,2,3,2,3,3,3,3,2,3,3,3,3,1,3,2,1","0.000634193420410156","louvain","graph_2024M08.graphml"
"0.23","0.02","0.75","0.117466641706648","1,2,3,2,3,3,3,3,2,3,3,3,3,1,3,3,1","0.000748872756958008","louvain","graph_2024M08.graphml"
"0.22","0.03","0.75","0.118131007304883","1,2,2,1,2,2,2,2,3,2,2,2,2,2,3,2,1","0.000635147094726562","louvain","graph_2024M08.graphml"
"0.21","0.04","0.75","0.118131007304883","1,2,2,1,2,2,2,2,3,2,2,2,2,2,3,2,1","0.000694036483764648","louvain","graph_2024M08.graphml"
"0.2","0.05","0.75","0.117547516285553","1,2,3,1,4,3,3,3,2,3,3,4,3,3,3,3,1","0.000761032104492188","louvain","graph_2024M08.graphml"
"0.19","0.06","0.75","0.116539657026473","1,2,3,3,3,3,3,3,2,3,3,3,3,3,2,3,1","0.00063014030456543","louvain","graph_2024M08.graphml"
"0.18","0.07","0.75","0.117570856485337","1,2,3,3,4,3,3,3,2,3,3,4,3,1,3,3,1","0.000662803649902344","louvain","graph_2024M08.graphml"
"0.17","0.08","0.75","0.116118559382705","1,2,3,3,4,3,3,3,2,5,3,4,3,1,3,3,5","0.000615119934082031","louvain","graph_2024M08.graphml"
"0.16","0.09","0.75","0.116118559382705","1,2,3,3,4,3,3,3,2,5,3,4,3,1,3,3,5","0.000646114349365234","louvain","graph_2024M08.graphml"
"0.15","0.1","0.75","0.116649595300861","1,2,3,2,3,3,3,3,2,4,3,3,3,1,3,2,4","0.000627040863037109","louvain","graph_2024M08.graphml"
"0.14","0.11","0.75","0.117108788489058","1,2,3,2,2,3,3,3,2,4,3,3,3,1,4,3,4","0.000689983367919922","louvain","graph_2024M08.graphml"
"0.13","0.12","0.75","0.117400046212788","1,2,3,3,4,3,3,3,2,5,3,4,3,1,3,3,5","0.000654935836791992","louvain","graph_2024M08.graphml"
"0.12","0.13","0.75","0.118568791158301","1,2,3,3,3,3,3,3,2,4,3,3,3,1,2,3,4","0.000648021697998047","louvain","graph_2024M08.graphml"
"0.11","0.14","0.75","0.118587942392641","1,2,3,3,3,3,3,3,2,4,3,3,3,1,2,3,4","0.000903129577636719","louvain","graph_2024M08.graphml"
"0.1","0.15","0.75","0.118120713444605","1,2,3,3,3,3,3,3,2,4,3,3,3,1,1,3,4","0.000690937042236328","louvain","graph_2024M08.graphml"
"0.09","0.16","0.75","0.118169455827476","1,2,3,3,3,3,3,3,2,4,3,3,3,1,1,3,4","0.00066685676574707","louvain","graph_2024M08.graphml"
"0.08","0.17","0.75","0.119270595297065","1,2,3,2,2,3,3,3,2,4,3,3,3,1,1,2,4","0.00189781188964844","louvain","graph_2024M08.graphml"
"0.07","0.18","0.75","0.119404199014723","1,2,3,2,2,3,3,3,2,4,3,3,3,1,1,2,4","0.000724077224731445","louvain","graph_2024M08.graphml"
"0.06","0.19","0.75","0.118094222015429","1,2,3,3,3,3,3,3,2,3,3,3,3,1,1,3,1","0.000818967819213867","louvain","graph_2024M08.graphml"
"0.05","0.2","0.75","0.118826303854875","1,2,3,2,3,3,3,3,2,4,3,3,3,1,1,3,4","0.000739097595214844","louvain","graph_2024M08.graphml"
"0.04","0.21","0.75","0.118332905636918","1,2,3,2,3,3,3,3,2,4,3,3,3,3,1,3,4","0.000623941421508789","louvain","graph_2024M08.graphml"
"0.03","0.22","0.75","0.1190337144269","1,2,3,2,3,3,3,3,2,4,3,3,3,3,1,3,4","0.000741004943847656","louvain","graph_2024M08.graphml"
"0.02","0.23","0.75","0.118323440811032","1,2,3,3,3,3,3,3,2,4,3,3,3,3,1,3,4","0.00110411643981934","louvain","graph_2024M08.graphml"
"0.01","0.24","0.75","0.118914848074442","1,2,3,2,3,3,3,3,2,4,3,3,3,3,1,3,4","0.000701189041137695","louvain","graph_2024M08.graphml"
"0","0.25","0.75","0.119098842534618","1,2,3,2,2,3,3,3,2,4,3,3,3,1,1,2,4","0.000645875930786133","louvain","graph_2024M08.graphml"
"0.24","0","0.76","0.116485961180336","1,2,3,2,2,3,3,3,2,3,3,3,3,1,3,3,1","0.000625848770141602","louvain","graph_2024M08.graphml"
"0.23","0.01","0.76","0.116118559382705","1,2,3,3,4,3,3,3,2,5,3,4,3,1,3,3,5","0.000629186630249023","louvain","graph_2024M08.graphml"
"0.22","0.02","0.76","0.11667624391563","1,2,3,3,4,3,3,3,2,3,3,4,3,1,3,2,1","0.000706911087036133","louvain","graph_2024M08.graphml"
"0.21","0.03","0.76","0.11694738653667","1,2,3,3,4,3,3,3,2,5,3,4,3,1,3,3,5","0.000696897506713867","louvain","graph_2024M08.graphml"
"0.2","0.04","0.76","0.116539475833742","1,2,3,3,2,3,3,3,2,4,3,3,3,1,3,3,4","0.000663995742797852","louvain","graph_2024M08.graphml"
"0.19","0.05","0.76","0.116573111920434","1,2,3,3,4,3,3,3,2,5,3,4,3,1,3,3,5","0.00070500373840332","louvain","graph_2024M08.graphml"
"0.18","0.06","0.76","0.11707229410081","1,2,3,3,4,3,3,3,2,5,3,4,3,1,3,3,5","0.000645160675048828","louvain","graph_2024M08.graphml"
"0.17","0.07","0.76","0.117830771715037","1,2,3,3,3,3,3,3,2,4,3,3,3,1,1,3,4","0.000740766525268555","louvain","graph_2024M08.graphml"
"0.16","0.08","0.76","0.118169455827476","1,2,3,3,3,3,3,3,2,4,3,3,3,1,1,3,4","0.000681877136230469","louvain","graph_2024M08.graphml"
"0.15","0.09","0.76","0.118169455827476","1,2,3,3,3,3,3,3,2,4,3,3,3,1,1,3,4","0.000681877136230469","louvain","graph_2024M08.graphml"
"0.14","0.1","0.76","0.118175913534736","1,2,3,3,3,3,3,3,2,4,3,3,3,1,1,3,4","0.000665903091430664","louvain","graph_2024M08.graphml"
"0.13","0.11","0.76","0.11933695080248","1,2,3,3,3,3,3,3,2,4,3,3,3,1,1,3,4","0.000787019729614258","louvain","graph_2024M08.graphml"
"0.12","0.12","0.76","0.119367083679989","1,2,3,2,2,3,3,3,2,4,3,3,3,1,1,2,4","0.000670909881591797","louvain","graph_2024M08.graphml"
"0.11","0.13","0.76","0.117760137228323","1,2,3,3,2,3,3,3,2,3,3,4,3,1,3,2,1","0.000780105590820312","louvain","graph_2024M08.graphml"
"0.1","0.14","0.76","0.119214607007576","1,2,3,2,2,3,3,3,2,4,3,3,3,1,1,2,4","0.000719070434570312","louvain","graph_2024M08.graphml"
"0.09","0.15","0.76","0.118463296901586","1,2,3,2,3,3,3,3,2,4,3,3,3,1,1,3,4","0.000644922256469727","louvain","graph_2024M08.graphml"
"0.08","0.16","0.76","0.118517710929156","1,2,3,2,3,3,3,3,2,4,3,3,3,3,1,3,4","0.000652074813842773","louvain","graph_2024M08.graphml"
"0.07","0.17","0.76","0.11949214607694","1,2,3,2,2,3,3,3,2,4,3,3,3,1,1,2,4","0.00079798698425293","louvain","graph_2024M08.graphml"
"0.06","0.18","0.76","0.119636363956366","1,2,3,2,2,3,3,3,2,4,3,3,3,1,1,2,4","0.000663042068481445","louvain","graph_2024M08.graphml"
"0.05","0.19","0.76","0.119471008851295","1,2,3,2,3,3,3,3,2,4,3,3,3,1,1,3,4","0.00067901611328125","louvain","graph_2024M08.graphml"
"0.04","0.2","0.76","0.120058787445494","1,2,3,1,3,3,3,3,2,4,4,3,3,1,1,3,4","0.000699996948242188","louvain","graph_2024M08.graphml"
"0.03","0.21","0.76","0.119135403903988","1,2,3,1,3,2,3,3,2,4,3,3,3,1,1,3,4","0.000615835189819336","louvain","graph_2024M08.graphml"
"0.02","0.22","0.76","0.119045389761035","1,2,3,1,3,3,3,3,2,4,3,3,3,1,3,3,4","0.000680923461914062","louvain","graph_2024M08.graphml"
"0.01","0.23","0.76","0.120307814292229","1,2,3,1,4,3,3,3,2,4,3,3,3,1,1,3,4","0.000724077224731445","louvain","graph_2024M08.graphml"
"0","0.24","0.76","0.119686130277151","1,2,3,1,4,3,3,3,2,4,3,3,3,1,1,3,4","0.000735998153686523","louvain","graph_2024M08.graphml"
"0.23","0","0.77","0.117401388705392","1,2,3,2,3,3,3,3,2,4,3,3,3,1,1,3,4","0.000612974166870117","louvain","graph_2024M08.graphml"
"0.22","0.01","0.77","0.11818685469655","1,2,3,2,3,3,3,3,2,4,3,3,3,1,1,3,4","0.000672101974487305","louvain","graph_2024M08.graphml"
"0.21","0.02","0.77","0.118158009203086","1,2,3,2,2,3,3,3,2,4,3,3,3,1,1,2,4","0.000690937042236328","louvain","graph_2024M08.graphml"
"0.2","0.03","0.77","0.118175913534736","1,2,3,3,3,3,3,3,2,4,3,3,3,1,1,3,4","0.00103187561035156","louvain","graph_2024M08.graphml"
"0.19","0.04","0.77","0.118924263038549","1,2,3,2,2,3,3,3,2,4,3,3,3,1,1,2,4","0.000854969024658203","louvain","graph_2024M08.graphml"
"0.18","0.05","0.77","0.118815419501134","1,2,3,3,3,3,3,3,2,4,3,3,3,1,1,3,4","0.000691890716552734","louvain","graph_2024M08.graphml"
"0.17","0.06","0.77","0.117586756811392","1,2,3,2,3,3,3,3,2,4,3,3,3,1,1,3,4","0.000689029693603516","louvain","graph_2024M08.graphml"
"0.16","0.07","0.77","0.118811196979708","1,2,3,2,2,3,3,3,2,4,3,3,3,1,1,2,4","0.000719070434570312","louvain","graph_2024M08.graphml"
"0.15","0.08","0.77","0.118704195612766","1,2,3,2,3,3,3,3,2,4,5,3,3,1,1,3,4","0.000689983367919922","louvain","graph_2024M08.graphml"
"0.14","0.09","0.77","0.119035688857245","1,2,3,2,3,3,3,3,2,4,3,3,3,1,1,3,4","0.000623941421508789","louvain","graph_2024M08.graphml"
"0.13","0.1","0.77","0.118326648011604","1,2,3,2,3,3,3,3,2,4,5,3,3,1,1,3,4","0.000656843185424805","louvain","graph_2024M08.graphml"
"0.12","0.11","0.77","0.118837318586781","1,2,3,2,2,3,3,3,2,4,3,3,3,1,1,2,4","0.000837802886962891","louvain","graph_2024M08.graphml"
"0.11","0.12","0.77","0.118826758515817","1,2,3,1,3,3,3,3,2,4,3,3,3,3,1,3,4","0.000654935836791992","louvain","graph_2024M08.graphml"
"0.1","0.13","0.77","0.119323288071609","1,2,3,1,3,3,3,3,2,4,4,3,3,1,1,3,4","0.000693082809448242","louvain","graph_2024M08.graphml"
"0.09","0.14","0.77","0.119490497724144","1,2,3,1,3,2,3,3,2,4,3,3,3,1,1,3,4","0.000833034515380859","louvain","graph_2024M08.graphml"
"0.08","0.15","0.77","0.119468685776095","1,2,3,1,3,2,3,3,2,4,3,3,3,1,1,3,4","0.000685930252075195","louvain","graph_2024M08.graphml"
"0.07","0.16","0.77","0.118281515595417","1,2,3,1,4,3,3,3,2,4,3,3,3,1,3,3,4","0.000678062438964844","louvain","graph_2024M08.graphml"
"0.06","0.17","0.77","0.119061530835981","1,2,3,1,3,2,3,3,2,4,3,3,3,1,1,3,4","0.00096583366394043","louvain","graph_2024M08.graphml"
"0.05","0.18","0.77","0.11864167298695","1,2,3,1,3,2,3,3,2,4,3,3,3,3,1,3,4","0.000819921493530273","louvain","graph_2024M08.graphml"
"0.04","0.19","0.77","0.11837565191591","1,2,3,3,3,2,3,3,2,3,3,3,3,3,1,3,1","0.000694990158081055","louvain","graph_2024M08.graphml"
"0.03","0.2","0.77","0.119427467136699","1,2,3,1,3,3,3,3,2,4,4,3,3,1,1,3,4","0.000676870346069336","louvain","graph_2024M08.graphml"
"0.02","0.21","0.77","0.119427467136699","1,2,3,1,3,3,3,3,2,4,4,3,3,1,1,3,4","0.000726938247680664","louvain","graph_2024M08.graphml"
"0.01","0.22","0.77","0.119603245072817","1,2,3,1,3,3,3,3,2,4,4,3,3,1,1,3,4","0.000747919082641602","louvain","graph_2024M08.graphml"
"0","0.23","0.77","0.120062284319502","1,2,3,1,3,3,3,3,2,4,4,3,3,1,1,3,4","0.000669002532958984","louvain","graph_2024M08.graphml"
"0.22","0","0.78","0.117931186333575","1,2,3,2,2,3,3,3,2,4,3,3,3,1,1,2,4","0.000705957412719727","louvain","graph_2024M08.graphml"
"0.21","0.01","0.78","0.118074638812754","1,2,3,2,3,3,3,3,2,4,1,3,3,1,1,3,4","0.000640153884887695","louvain","graph_2024M08.graphml"
"0.2","0.02","0.78","0.118914455713272","1,2,3,2,2,3,3,3,2,4,3,3,3,1,1,2,4","0.00067591667175293","louvain","graph_2024M08.graphml"
"0.19","0.03","0.78","0.11871697365149","1,2,3,2,3,3,3,3,2,4,3,3,3,1,1,3,4","0.000872135162353516","louvain","graph_2024M08.graphml"
"0.18","0.04","0.78","0.119006369988318","1,2,3,2,3,3,3,3,2,4,4,3,3,1,1,3,4","0.000655174255371094","louvain","graph_2024M08.graphml"
"0.17","0.05","0.78","0.11835595535202","1,2,3,1,3,3,3,3,2,4,1,3,3,1,2,3,4","0.000667810440063477","louvain","graph_2024M08.graphml"
"0.16","0.06","0.78","0.11938629337193","1,2,3,1,3,2,3,3,2,4,3,3,3,1,1,3,4","0.000863790512084961","louvain","graph_2024M08.graphml"
"0.15","0.07","0.78","0.118890012391401","1,2,3,1,3,3,3,3,2,4,1,3,3,1,2,3,4","0.000704050064086914","louvain","graph_2024M08.graphml"
"0.14","0.08","0.78","0.119100874227119","1,2,3,1,3,2,3,3,2,4,3,3,3,1,1,3,4","0.000705957412719727","louvain","graph_2024M08.graphml"
"0.13","0.09","0.78","0.117968858438749","1,2,3,1,3,2,3,3,2,4,3,3,3,3,1,3,4","0.000723838806152344","louvain","graph_2024M08.graphml"
"0.12","0.1","0.78","0.118363340192044","1,2,3,1,3,2,3,3,2,4,3,3,3,3,1,3,4","0.000677108764648438","louvain","graph_2024M08.graphml"
"0.11","0.11","0.78","0.118363340192044","1,2,3,1,3,2,3,3,2,4,3,3,3,3,1,3,4","0.0011599063873291","louvain","graph_2024M08.graphml"
"0.1","0.12","0.78","0.118870987479473","1,2,3,1,3,2,3,3,2,4,3,3,3,3,1,3,4","0.000690937042236328","louvain","graph_2024M08.graphml"
"0.09","0.13","0.78","0.118658287357116","1,2,3,1,3,3,3,3,2,4,4,3,3,1,1,3,4","0.000725984573364258","louvain","graph_2024M08.graphml"
"0.08","0.14","0.78","0.118391378793862","1,2,3,1,3,2,3,3,2,4,4,3,3,3,1,3,4","0.000699996948242188","louvain","graph_2024M08.graphml"
"0.07","0.15","0.78","0.117930057406719","1,2,3,3,3,2,3,3,2,3,3,3,3,3,1,3,1","0.000663995742797852","louvain","graph_2024M08.graphml"
"0.06","0.16","0.78","0.119028615931868","1,2,3,3,3,2,3,3,2,4,4,3,3,3,1,3,4","0.00076603889465332","louvain","graph_2024M08.graphml"
"0.05","0.17","0.78","0.118848032309571","1,2,3,1,4,3,3,3,2,4,4,3,3,1,3,4,1","0.000972986221313477","louvain","graph_2024M08.graphml"
"0.04","0.18","0.78","0.118210034914021","1,2,3,3,3,2,3,3,2,3,3,3,3,3,1,3,1","0.000648975372314453","louvain","graph_2024M08.graphml"
"0.03","0.19","0.78","0.119114481850479","1,2,3,1,3,3,3,3,2,4,4,3,3,1,1,3,4","0.000696182250976562","louvain","graph_2024M08.graphml"
"0.02","0.2","0.78","0.119951365949172","1,2,3,1,3,3,3,3,2,4,4,3,3,1,1,3,4","0.000774860382080078","louvain","graph_2024M08.graphml"
"0.01","0.21","0.78","0.119277927406916","1,2,3,3,3,4,3,3,2,4,3,5,3,3,1,3,4","0.000689029693603516","louvain","graph_2024M08.graphml"
"0","0.22","0.78","0.119275379353597","1,2,3,3,3,2,3,3,2,3,3,4,3,3,1,3,1","0.000825881958007812","louvain","graph_2024M08.graphml"
"0.21","0","0.79","0.118779688516488","1,2,3,1,3,2,3,3,2,4,3,3,3,3,1,3,4","0.000710010528564453","louvain","graph_2024M08.graphml"
"0.2","0.01","0.79","0.118078540235762","1,2,3,1,3,3,3,3,2,4,4,3,3,1,1,3,4","0.000692129135131836","louvain","graph_2024M08.graphml"
"0.19","0.02","0.79","0.117592973363025","1,2,3,3,3,2,3,3,2,4,3,3,3,3,1,3,4","0.00067591667175293","louvain","graph_2024M08.graphml"
"0.18","0.03","0.79","0.118027109507396","1,2,3,1,3,2,3,3,2,4,3,3,3,3,1,3,4","0.000673055648803711","louvain","graph_2024M08.graphml"
"0.17","0.04","0.79","0.118534807956104","1,2,3,1,3,2,3,3,2,4,3,3,3,3,1,3,4","0.000668048858642578","louvain","graph_2024M08.graphml"
"0.16","0.05","0.79","0.118343415534148","1,2,3,1,3,2,3,3,2,4,3,3,3,3,1,3,4","0.000660896301269531","louvain","graph_2024M08.graphml"
"0.15","0.06","0.79","0.11869537526569","1,2,3,1,3,3,3,3,2,4,4,3,3,1,1,3,4","0.000640153884887695","louvain","graph_2024M08.graphml"
"0.14","0.07","0.79","0.117359468240991","1,2,3,3,3,2,3,3,2,3,3,3,3,3,1,3,1","0.00100994110107422","louvain","graph_2024M08.graphml"
"0.13","0.08","0.79","0.118301597282935","1,2,3,1,3,2,3,3,2,4,4,3,3,3,1,3,4","0.000691890716552734","louvain","graph_2024M08.graphml"
"0.12","0.09","0.79","0.116878629744971","1,2,3,1,4,3,3,3,2,4,4,3,3,1,3,4,1","0.000707864761352539","louvain","graph_2024M08.graphml"
"0.11","0.1","0.79","0.117935596720438","1,2,3,1,3,2,3,3,2,4,4,3,3,3,1,3,4","0.00068211555480957","louvain","graph_2024M08.graphml"
"0.1","0.11","0.79","0.11835032336406","1,2,3,1,3,3,3,3,2,4,4,3,3,1,1,3,4","0.000732183456420898","louvain","graph_2024M08.graphml"
"0.09","0.12","0.79","0.118675173578533","1,2,3,1,4,3,3,3,2,4,4,3,3,1,3,4,1","0.000979185104370117","louvain","graph_2024M08.graphml"
"0.08","0.13","0.79","0.118555927153526","1,2,3,3,3,2,3,3,2,3,3,3,3,3,1,3,1","0.000643014907836914","louvain","graph_2024M08.graphml"
"0.07","0.14","0.79","0.118678904885821","1,2,3,1,3,2,3,3,2,3,3,3,3,3,1,3,1","0.000678062438964844","louvain","graph_2024M08.graphml"
"0.06","0.15","0.79","0.118045041322314","1,2,3,1,3,4,3,3,2,4,3,3,3,3,1,3,4","0.000992059707641602","louvain","graph_2024M08.graphml"
"0.05","0.16","0.79","0.11815751815086","1,2,3,3,3,4,3,3,2,4,3,3,3,3,1,3,4","0.000700950622558594","louvain","graph_2024M08.graphml"
"0.04","0.17","0.79","0.118959464894755","1,2,3,3,3,2,3,3,2,3,3,4,3,3,1,3,1","0.000663995742797852","louvain","graph_2024M08.graphml"
"0.03","0.18","0.79","0.117661771318105","1,2,3,1,3,2,3,3,2,4,4,3,3,1,1,3,4","0.000885009765625","louvain","graph_2024M08.graphml"
"0.02","0.19","0.79","0.118347628754327","1,2,3,3,3,2,3,3,2,3,3,4,3,3,1,3,1","0.00068211555480957","louvain","graph_2024M08.graphml"
"0.01","0.2","0.79","0.11894758332719","1,2,3,3,3,2,3,3,2,3,3,4,3,3,1,3,3","0.000715017318725586","louvain","graph_2024M08.graphml"
"0","0.21","0.79","0.118374798776007","1,2,3,1,3,3,3,3,2,3,3,3,3,1,3,3,3","0.000659942626953125","louvain","graph_2024M08.graphml"
"0.2","0","0.8","0.118196068953309","1,2,3,1,3,3,3,3,2,4,4,3,3,1,1,3,4","0.000651121139526367","louvain","graph_2024M08.graphml"
"0.19","0.01","0.8","0.116845472843469","1,2,3,3,3,2,3,3,2,4,3,3,3,3,1,3,4","0.000662088394165039","louvain","graph_2024M08.graphml"
"0.18","0.02","0.8","0.117363291470434","1,2,3,3,3,2,3,3,2,3,3,3,3,3,1,3,1","0.000809907913208008","louvain","graph_2024M08.graphml"
"0.17","0.03","0.8","0.117956181486401","1,2,3,1,3,3,3,3,2,4,4,3,3,1,1,3,4","0.000701904296875","louvain","graph_2024M08.graphml"
"0.16","0.04","0.8","0.118243096995045","1,2,3,1,3,2,3,3,2,3,3,3,3,3,1,3,1","0.000638008117675781","louvain","graph_2024M08.graphml"
"0.15","0.05","0.8","0.118445609005942","1,2,3,1,3,2,3,3,2,4,4,3,3,3,1,3,4","0.000671148300170898","louvain","graph_2024M08.graphml"
"0.14","0.06","0.8","0.119048626248752","1,2,3,1,3,2,3,3,2,3,3,3,3,3,1,3,1","0.0006561279296875","louvain","graph_2024M08.graphml"
"0.13","0.07","0.8","0.118176338651814","1,2,3,3,3,2,3,3,2,3,3,3,3,3,1,3,1","0.000672817230224609","louvain","graph_2024M08.graphml"
"0.12","0.08","0.8","0.117724826334564","1,2,3,1,3,3,3,3,2,4,4,3,3,1,1,3,4","0.000738143920898438","louvain","graph_2024M08.graphml"
"0.11","0.09","0.8","0.117859922369845","1,2,3,1,3,4,3,3,2,4,3,3,3,3,1,3,4","0.000636100769042969","louvain","graph_2024M08.graphml"
"0.1","0.1","0.8","0.117137249067228","1,2,3,1,3,2,3,3,2,4,4,3,3,3,3,3,4","0.00070500373840332","louvain","graph_2024M08.graphml"
"0.09","0.11","0.8","0.117368001442737","1,2,3,1,3,2,3,3,2,3,3,3,3,3,3,3,1","0.000652074813842773","louvain","graph_2024M08.graphml"
"0.08","0.12","0.8","0.118429750520579","1,2,3,1,3,2,3,3,2,4,4,3,3,1,1,3,4","0.000744104385375977","louvain","graph_2024M08.graphml"
"0.07","0.13","0.8","0.118310792013871","1,2,3,1,3,2,3,3,2,4,4,3,3,1,1,3,4","0.000911951065063477","louvain","graph_2024M08.graphml"
"0.06","0.14","0.8","0.119247362602297","1,2,2,1,2,3,2,2,3,2,2,2,2,2,1,2,1","0.000669002532958984","louvain","graph_2024M08.graphml"
"0.05","0.15","0.8","0.117746954865286","1,2,3,1,3,2,3,3,2,4,4,3,3,3,3,3,4","0.000667095184326172","louvain","graph_2024M08.graphml"
"0.04","0.16","0.8","0.11828631181001","1,2,2,1,2,3,2,2,3,4,4,2,2,2,1,2,4","0.000636816024780273","louvain","graph_2024M08.graphml"
"0.03","0.17","0.8","0.118309193198946","1,2,3,3,3,2,3,3,2,3,3,4,3,3,1,3,1","0.000696182250976562","louvain","graph_2024M08.graphml"
"0.02","0.18","0.8","0.118309193198946","1,2,3,3,3,2,3,3,2,3,3,4,3,3,1,3,1","0.00088810920715332","louvain","graph_2024M08.graphml"
"0.01","0.19","0.8","0.117700095663265","1,2,3,2,3,4,3,3,2,4,3,3,3,3,1,3,4","0.00065302848815918","louvain","graph_2024M08.graphml"
"0","0.2","0.8","0.116992442551214","1,2,3,2,3,3,3,3,2,4,4,3,3,3,1,3,4","0.000676155090332031","louvain","graph_2024M08.graphml"
"0.19","0","0.81","0.117345638223364","1,2,3,1,3,3,3,3,2,4,4,3,3,1,1,3,4","0.000689029693603516","louvain","graph_2024M08.graphml"
"0.18","0.01","0.81","0.117297456200737","1,2,3,1,3,2,3,3,2,3,3,3,3,3,1,3,1","0.000834941864013672","louvain","graph_2024M08.graphml"
"0.17","0.02","0.81","0.117866545455442","1,2,2,1,2,3,2,2,3,2,2,2,2,2,1,2,1","0.000851869583129883","louvain","graph_2024M08.graphml"
"0.16","0.03","0.81","0.117039815689981","1,2,3,1,3,3,3,3,2,3,3,3,3,1,3,3,1","0.00074315071105957","louvain","graph_2024M08.graphml"
"0.15","0.04","0.81","0.117545914293319","1,2,3,1,3,2,3,3,2,4,4,3,3,1,1,3,4","0.000650167465209961","louvain","graph_2024M08.graphml"
"0.14","0.05","0.81","0.117339172490018","1,2,3,1,3,4,3,3,2,4,3,3,3,3,1,3,4","0.0007171630859375","louvain","graph_2024M08.graphml"
"0.13","0.06","0.81","0.116987663339015","1,2,3,3,3,4,3,3,2,4,3,3,3,3,1,3,4","0.000770807266235352","louvain","graph_2024M08.graphml"
"0.12","0.07","0.81","0.11687695706744","1,2,2,1,2,3,2,2,3,2,2,2,2,2,1,2,2","0.000732898712158203","louvain","graph_2024M08.graphml"
"0.11","0.08","0.81","0.117662933097388","1,2,3,1,3,2,3,3,2,3,3,3,3,3,3,3,1","0.000686883926391602","louvain","graph_2024M08.graphml"
"0.1","0.09","0.81","0.117011931659252","1,2,3,3,4,4,3,3,2,4,3,4,3,3,1,3,1","0.000895977020263672","louvain","graph_2024M08.graphml"
"0.09","0.1","0.81","0.117571148325818","1,2,3,3,3,2,3,3,2,3,3,4,3,3,1,3,3","0.000686168670654297","louvain","graph_2024M08.graphml"
"0.08","0.11","0.81","0.118309193198946","1,2,3,3,3,2,3,3,2,3,3,4,3,3,1,3,1","0.000931978225708008","louvain","graph_2024M08.graphml"
"0.07","0.12","0.81","0.118218670280612","1,2,3,2,3,3,3,3,2,3,3,3,3,3,1,3,1","0.000751018524169922","louvain","graph_2024M08.graphml"
"0.06","0.13","0.81","0.117695117262591","1,2,3,2,3,4,3,3,2,3,3,4,3,3,1,3,1","0.000808954238891602","louvain","graph_2024M08.graphml"
"0.05","0.14","0.81","0.117348345679012","1,2,3,2,3,3,3,3,2,3,3,3,3,3,1,3,1","0.00067901611328125","louvain","graph_2024M08.graphml"
"0.04","0.15","0.81","0.117650700857182","1,2,3,2,3,4,3,3,2,4,3,3,3,3,1,3,4","0.000735998153686523","louvain","graph_2024M08.graphml"
"0.03","0.16","0.81","0.117497940873196","1,2,3,2,3,4,3,3,2,4,3,3,3,3,1,3,4","0.000709056854248047","louvain","graph_2024M08.graphml"
"0.02","0.17","0.81","0.118510063434881","1,2,3,2,3,4,3,3,2,4,4,3,3,5,1,3,1","0.000843048095703125","louvain","graph_2024M08.graphml"
"0.01","0.18","0.81","0.119496701286825","1,2,3,2,3,4,3,3,2,4,4,3,3,3,1,3,1","0.000690937042236328","louvain","graph_2024M08.graphml"
"0","0.19","0.81","0.118280992195822","1,2,3,2,4,5,3,3,2,5,3,4,3,3,1,3,5","0.000648975372314453","louvain","graph_2024M08.graphml"
"0.18","0","0.82","0.116587533479425","1,2,3,1,3,4,3,3,2,4,3,3,3,3,1,3,4","0.000637054443359375","louvain","graph_2024M08.graphml"
"0.17","0.01","0.82","0.11547794625148","1,2,3,1,3,4,3,3,2,4,3,3,3,3,1,3,4","0.000650882720947266","louvain","graph_2024M08.graphml"
"0.16","0.02","0.82","0.117103098795471","1,2,2,1,2,3,2,2,3,2,2,2,2,2,1,2,2","0.000710964202880859","louvain","graph_2024M08.graphml"
"0.15","0.03","0.82","0.117532093334156","1,2,2,1,2,3,2,2,3,2,2,2,2,2,1,2,2","0.000731945037841797","louvain","graph_2024M08.graphml"
"0.14","0.04","0.82","0.117272060062564","1,2,3,1,3,3,3,3,2,3,3,3,3,1,3,3,1","0.000667810440063477","louvain","graph_2024M08.graphml"
"0.13","0.05","0.82","0.117634746330877","1,2,3,2,3,3,3,3,2,3,3,3,3,3,1,3,1","0.000677108764648438","louvain","graph_2024M08.graphml"
"0.12","0.06","0.82","0.11674587654321","1,2,3,2,3,4,3,3,2,4,3,3,3,3,1,3,4","0.000748157501220703","louvain","graph_2024M08.graphml"
"0.11","0.07","0.82","0.117505185185185","1,2,3,2,3,4,3,3,2,3,3,4,3,3,1,3,1","0.000854969024658203","louvain","graph_2024M08.graphml"
"0.1","0.08","0.82","0.11736957427159","1,2,3,2,3,4,3,3,2,4,4,3,3,3,1,3,1","0.000664949417114258","louvain","graph_2024M08.graphml"
"0.09","0.09","0.82","0.116906138398471","1,2,3,2,3,4,3,3,2,4,4,3,3,3,1,3,1","0.000702142715454102","louvain","graph_2024M08.graphml"
"0.08","0.1","0.82","0.117442392213662","1,2,3,2,3,3,3,3,2,3,3,3,3,3,1,3,1","0.000723838806152344","louvain","graph_2024M08.graphml"
"0.07","0.11","0.82","0.117193105183576","1,2,3,2,3,4,3,3,2,3,3,4,3,3,1,3,1","0.000676870346069336","louvain","graph_2024M08.graphml"
"0.06","0.12","0.82","0.117800830068439","1,2,3,2,3,4,3,3,2,4,3,3,3,3,1,3,4","0.000779151916503906","louvain","graph_2024M08.graphml"
"0.05","0.13","0.82","0.11795076160796","1,2,3,2,4,5,3,3,2,5,3,4,3,3,1,3,5","0.000629901885986328","louvain","graph_2024M08.graphml"
"0.04","0.14","0.82","0.118807325707956","1,2,3,2,4,5,3,3,2,5,3,4,3,3,1,3,5","0.000831127166748047","louvain","graph_2024M08.graphml"
"0.03","0.15","0.82","0.118807325707956","1,2,3,2,4,5,3,3,2,5,3,4,3,3,1,3,5","0.000739097595214844","louvain","graph_2024M08.graphml"
"0.02","0.16","0.82","0.118807325707956","1,2,3,2,4,5,3,3,2,5,3,4,3,3,1,3,5","0.0011448860168457","louvain","graph_2024M08.graphml"
"0.01","0.17","0.82","0.118689419386257","1,2,3,2,3,4,3,3,2,4,3,3,3,3,1,3,4","0.000751018524169922","louvain","graph_2024M08.graphml"
"0","0.18","0.82","0.119508300744997","1,2,3,2,3,4,3,3,2,4,3,3,3,3,1,3,4","0.000684976577758789","louvain","graph_2024M08.graphml"
"0.17","0","0.83","0.117579321637132","1,2,3,2,3,3,3,3,2,3,3,3,3,3,1,3,1","0.000674009323120117","louvain","graph_2024M08.graphml"
"0.16","0.01","0.83","0.116408070978417","1,2,3,2,3,3,3,3,2,3,3,3,3,3,1,3,1","0.000639915466308594","louvain","graph_2024M08.graphml"
"0.15","0.02","0.83","0.116762863184274","1,2,3,2,3,4,3,3,2,4,3,3,3,3,1,3,4","0.000677824020385742","louvain","graph_2024M08.graphml"
"0.14","0.03","0.83","0.116729903607237","1,2,3,2,3,3,3,3,2,3,3,3,3,3,1,3,1","0.000724077224731445","louvain","graph_2024M08.graphml"
"0.13","0.04","0.83","0.116914854099814","1,2,3,2,3,4,3,3,2,3,3,4,3,3,1,3,1","0.0006561279296875","louvain","graph_2024M08.graphml"
"0.12","0.05","0.83","0.116600360961788","1,2,3,2,4,5,3,3,2,5,3,4,3,3,1,3,5","0.000661849975585938","louvain","graph_2024M08.graphml"
"0.11","0.06","0.83","0.1168808967418","1,2,3,2,4,5,3,3,2,5,3,4,3,3,1,3,5","0.000672817230224609","louvain","graph_2024M08.graphml"
"0.1","0.07","0.83","0.118061374170309","1,2,3,2,3,4,3,3,2,4,3,3,3,3,1,3,4","0.000632047653198242","louvain","graph_2024M08.graphml"
"0.09","0.08","0.83","0.117942282596212","1,2,3,2,4,4,3,3,2,4,3,4,3,3,1,3,1","0.00124788284301758","louvain","graph_2024M08.graphml"
"0.08","0.09","0.83","0.118707854250888","1,2,3,2,3,4,3,3,2,4,3,3,3,5,1,3,4","0.000709056854248047","louvain","graph_2024M08.graphml"
"0.07","0.1","0.83","0.11732537518354","1,2,3,2,3,3,3,3,2,4,4,3,3,4,1,3,1","0.000976085662841797","louvain","graph_2024M08.graphml"
"0.06","0.11","0.83","0.118614649185282","1,2,3,2,3,4,3,3,2,4,3,3,3,3,1,3,4","0.000719070434570312","louvain","graph_2024M08.graphml"
"0.05","0.12","0.83","0.11736370510397","1,2,3,2,3,4,3,3,2,3,3,4,3,3,1,3,1","0.000770807266235352","louvain","graph_2024M08.graphml"
"0.04","0.13","0.83","0.11766011342155","1,2,3,2,3,4,3,3,2,4,3,3,3,5,1,3,4","0.000703096389770508","louvain","graph_2024M08.graphml"
"0.03","0.14","0.83","0.117629867674858","1,2,3,2,3,4,3,3,2,4,3,3,3,3,1,3,4","0.000690937042236328","louvain","graph_2024M08.graphml"
"0.02","0.15","0.83","0.119189076349612","1,2,3,1,3,4,3,3,2,4,3,3,3,1,1,3,4","0.000666141510009766","louvain","graph_2024M08.graphml"
"0.01","0.16","0.83","0.118409219039437","1,2,3,1,3,4,3,3,2,4,3,3,3,1,1,3,4","0.000690937042236328","louvain","graph_2024M08.graphml"
"0","0.17","0.83","0.119210250452363","1,2,3,1,3,4,3,3,2,4,3,3,3,1,3,3,4","0.000728845596313477","louvain","graph_2024M08.graphml"
"0.16","0","0.84","0.11797052939366","1,2,3,2,3,4,3,3,2,4,3,3,3,3,1,3,4","0.000669956207275391","louvain","graph_2024M08.graphml"
"0.15","0.01","0.84","0.118261819037606","1,2,3,2,3,4,3,3,2,4,3,3,3,3,1,3,4","0.000726938247680664","louvain","graph_2024M08.graphml"
"0.14","0.02","0.84","0.117797524837436","1,2,3,2,3,4,3,3,2,4,3,3,3,3,1,3,4","0.000764131546020508","louvain","graph_2024M08.graphml"
"0.13","0.03","0.84","0.117797524837436","1,2,3,2,3,4,3,3,2,4,3,3,3,3,1,3,4","0.000710010528564453","louvain","graph_2024M08.graphml"
"0.12","0.04","0.84","0.117318120498318","1,2,3,2,3,4,3,3,2,4,3,3,3,3,1,3,4","0.000669002532958984","louvain","graph_2024M08.graphml"
"0.11","0.05","0.84","0.117318120498318","1,2,3,2,3,4,3,3,2,4,3,3,3,3,1,3,4","0.000662088394165039","louvain","graph_2024M08.graphml"
"0.1","0.06","0.84","0.11763471438561","1,2,3,2,3,4,3,3,2,4,3,3,3,5,1,3,4","0.000688076019287109","louvain","graph_2024M08.graphml"
"0.09","0.07","0.84","0.117339359068579","1,2,3,1,3,4,3,3,2,4,3,3,3,1,3,3,4","0.000697135925292969","louvain","graph_2024M08.graphml"
"0.08","0.08","0.84","0.117802514945372","1,2,3,1,3,2,3,3,2,4,4,3,3,1,1,3,4","0.000688076019287109","louvain","graph_2024M08.graphml"
"0.07","0.09","0.84","0.117331269980005","1,2,3,1,4,5,3,3,2,5,3,4,3,1,3,3,5","0.000751018524169922","louvain","graph_2024M08.graphml"
"0.06","0.1","0.84","0.117724435196195","1,2,3,1,3,3,3,3,2,4,4,3,3,1,3,3,4","0.000689983367919922","louvain","graph_2024M08.graphml"
"0.05","0.11","0.84","0.11825440690092","1,2,3,1,3,3,3,3,2,3,3,4,3,1,4,3,1","0.000746011734008789","louvain","graph_2024M08.graphml"
"0.04","0.12","0.84","0.118631954557952","1,2,3,1,3,4,3,3,2,4,3,3,3,1,3,3,4","0.000822067260742188","louvain","graph_2024M08.graphml"
"0.03","0.13","0.84","0.118440718694949","1,2,3,1,3,4,3,3,2,4,3,3,3,1,3,3,4","0.00066685676574707","louvain","graph_2024M08.graphml"
"0.02","0.14","0.84","0.118186690810321","1,2,3,1,3,4,3,3,2,4,3,3,3,1,3,3,4","0.000684976577758789","louvain","graph_2024M08.graphml"
"0.01","0.15","0.84","0.117924678374751","1,2,3,1,3,4,3,3,2,4,3,3,3,1,3,3,4","0.000725030899047852","louvain","graph_2024M08.graphml"
"0","0.16","0.84","0.118230685281945","1,2,3,1,3,4,3,3,2,4,3,3,3,1,3,3,4","0.000782012939453125","louvain","graph_2024M08.graphml"
"0.15","0","0.85","0.117067377729185","1,2,3,1,4,3,3,3,2,4,3,3,3,1,1,3,4","0.000643014907836914","louvain","graph_2024M08.graphml"
"0.14","0.01","0.85","0.11730954647988","1,2,3,1,3,3,3,3,2,4,4,3,3,1,1,3,4","0.000661134719848633","louvain","graph_2024M08.graphml"
"0.13","0.02","0.85","0.117009852613493","1,2,3,1,4,3,3,3,2,4,3,3,3,1,1,3,4","0.000668048858642578","louvain","graph_2024M08.graphml"
"0.12","0.03","0.85","0.116011620859086","1,2,3,1,3,4,3,3,2,4,3,3,3,1,1,3,4","0.000667095184326172","louvain","graph_2024M08.graphml"
"0.11","0.04","0.85","0.116818139954687","1,2,3,1,4,3,3,3,2,4,3,3,3,1,3,3,4","0.000722885131835938","louvain","graph_2024M08.graphml"
"0.1","0.05","0.85","0.117837418805301","1,2,3,1,3,4,3,3,2,4,3,3,3,1,3,3,4","0.000652074813842773","louvain","graph_2024M08.graphml"
"0.09","0.06","0.85","0.117851214125473","1,2,3,1,3,4,3,3,2,4,3,3,3,1,3,3,4","0.00104117393493652","louvain","graph_2024M08.graphml"
"0.08","0.07","0.85","0.118177999094613","1,2,3,1,3,4,3,3,2,4,3,3,3,1,3,3,4","0.000755071640014648","louvain","graph_2024M08.graphml"
"0.07","0.08","0.85","0.118369715785925","1,2,3,1,3,4,3,3,2,4,3,3,3,1,3,3,4","0.000652074813842773","louvain","graph_2024M08.graphml"
"0.06","0.09","0.85","0.117905445331934","1,2,3,1,3,4,3,3,2,4,3,3,3,1,3,3,4","0.00076603889465332","louvain","graph_2024M08.graphml"
"0.05","0.1","0.85","0.117441859628601","1,2,3,1,3,4,3,3,2,4,3,3,3,1,3,3,4","0.000739097595214844","louvain","graph_2024M08.graphml"
"0.04","0.11","0.85","0.116616274059178","1,2,3,1,3,3,3,3,2,3,3,3,3,1,3,3,1","0.000739097595214844","louvain","graph_2024M08.graphml"
"0.03","0.12","0.85","0.117819875935902","1,2,3,1,3,4,3,3,2,4,3,3,3,1,3,3,4","0.000903129577636719","louvain","graph_2024M08.graphml"
"0.02","0.13","0.85","0.117182545663431","1,2,3,1,3,4,3,3,2,4,3,3,3,1,3,3,4","0.00080108642578125","louvain","graph_2024M08.graphml"
"0.01","0.14","0.85","0.117172592556783","1,2,3,1,3,3,3,3,2,3,3,3,3,1,3,3,1","0.000710964202880859","louvain","graph_2024M08.graphml"
"0","0.15","0.85","0.117907846091717","1,2,3,1,3,4,3,3,2,4,3,3,3,1,3,3,4","0.00084686279296875","louvain","graph_2024M08.graphml"
"0.14","0","0.86","0.118253891092931","1,2,3,1,3,4,3,3,2,4,3,3,3,1,3,3,4","0.000713825225830078","louvain","graph_2024M08.graphml"
"0.13","0.01","0.86","0.11823307128974","1,2,3,1,3,4,3,3,2,4,3,3,3,1,3,3,4","0.000694990158081055","louvain","graph_2024M08.graphml"
"0.12","0.02","0.86","0.117321533940223","1,2,3,3,3,4,3,3,2,4,3,3,3,3,1,3,4","0.000684976577758789","louvain","graph_2024M08.graphml"
"0.11","0.03","0.86","0.117707980076873","1,2,3,1,3,4,3,3,2,4,3,3,3,1,3,3,4","0.000686168670654297","louvain","graph_2024M08.graphml"
"0.1","0.04","0.86","0.117321533940223","1,2,3,3,3,4,3,3,2,4,3,3,3,3,1,3,4","0.00103497505187988","louvain","graph_2024M08.graphml"
"0.09","0.05","0.86","0.117830508135469","1,2,3,1,3,4,3,3,2,4,3,3,3,1,3,3,4","0.000748872756958008","louvain","graph_2024M08.graphml"
"0.08","0.06","0.86","0.117210326880935","1,2,3,3,3,4,3,3,2,4,3,3,3,3,1,3,4","0.000705957412719727","louvain","graph_2024M08.graphml"
"0.07","0.07","0.86","0.117904182022112","1,2,3,1,3,4,3,3,2,4,3,3,3,1,3,3,4","0.000694990158081055","louvain","graph_2024M08.graphml"
"0.06","0.08","0.86","0.117907846091717","1,2,3,1,3,4,3,3,2,4,3,3,3,1,3,3,4","0.000659942626953125","louvain","graph_2024M08.graphml"
"0.05","0.09","0.86","0.117968446528364","1,2,3,3,3,4,3,3,2,4,3,3,3,3,1,3,4","0.000722169876098633","louvain","graph_2024M08.graphml"
"0.04","0.1","0.86","0.118351250386857","1,2,3,1,3,4,3,3,2,4,3,3,3,1,3,3,4","0.000694036483764648","louvain","graph_2024M08.graphml"
"0.03","0.11","0.86","0.117244563819197","1,2,3,1,3,3,3,3,2,3,3,3,3,1,3,3,3","0.000692844390869141","louvain","graph_2024M08.graphml"
"0.02","0.12","0.86","0.117408182109409","1,2,3,1,3,4,3,3,2,4,3,3,3,1,3,3,4","0.000669002532958984","louvain","graph_2024M08.graphml"
"0.01","0.13","0.86","0.11785661546269","1,2,3,1,3,4,3,3,2,4,3,3,3,1,2,3,4","0.000676155090332031","louvain","graph_2024M08.graphml"
"0","0.14","0.86","0.116472118363756","1,2,3,4,4,4,4,4,2,3,4,4,4,4,2,4,3","0.000710964202880859","louvain","graph_2024M08.graphml"
"0.13","0","0.87","0.117319161815236","1,2,3,1,3,4,3,3,2,4,3,3,3,1,3,3,4","0.000694990158081055","louvain","graph_2024M08.graphml"
"0.12","0.01","0.87","0.116957665884434","1,2,3,1,3,3,3,3,2,3,3,3,3,1,3,3,3","0.000639200210571289","louvain","graph_2024M08.graphml"
"0.11","0.02","0.87","0.117698255772897","1,2,3,1,3,4,3,3,2,4,3,3,3,1,3,3,4","0.000850915908813477","louvain","graph_2024M08.graphml"
"0.1","0.03","0.87","0.117340962209147","1,2,3,1,3,3,3,3,2,3,3,3,3,1,3,3,3","0.000777006149291992","louvain","graph_2024M08.graphml"
"0.09","0.04","0.87","0.117539219853075","1,2,3,1,3,4,3,3,2,4,3,3,3,1,3,3,4","0.000731945037841797","louvain","graph_2024M08.graphml"
"0.08","0.05","0.87","0.117858680555555","1,2,3,1,3,4,3,3,2,4,3,3,3,1,3,3,4","0.000701904296875","louvain","graph_2024M08.graphml"
"0.07","0.06","0.87","0.118183158407646","1,2,3,1,3,4,3,3,2,4,3,3,3,1,2,3,4","0.00077509880065918","louvain","graph_2024M08.graphml"
"0.06","0.07","0.87","0.118262353616406","1,2,3,1,3,4,3,3,2,4,3,3,3,1,2,3,4","0.000786066055297852","louvain","graph_2024M08.graphml"
"0.05","0.08","0.87","0.116888264591911","1,2,3,1,3,3,3,3,2,3,3,3,3,1,2,3,3","0.00132584571838379","louvain","graph_2024M08.graphml"
"0.04","0.09","0.87","0.117125041785387","1,2,3,1,3,3,3,3,2,3,3,3,3,1,2,3,3","0.000723123550415039","louvain","graph_2024M08.graphml"
"0.03","0.1","0.87","0.116737167685699","1,2,3,1,3,3,3,3,2,3,3,3,3,1,3,3,3","0.000757217407226562","louvain","graph_2024M08.graphml"
"0.02","0.11","0.87","0.117669655690948","1,2,3,1,3,4,3,3,2,4,3,3,3,1,2,3,4","0.000699043273925781","louvain","graph_2024M08.graphml"
"0.01","0.12","0.87","0.117659472233002","1,2,3,1,3,3,3,3,2,3,3,3,3,1,2,3,3","0.000671148300170898","louvain","graph_2024M08.graphml"
"0","0.13","0.87","0.11736224009293","1,2,3,1,3,4,3,3,2,4,3,3,3,1,2,3,4","0.000661849975585938","louvain","graph_2024M08.graphml"
"0.12","0","0.88","0.117036552400957","1,2,3,1,3,4,3,3,2,4,3,3,3,1,2,3,4","0.000715970993041992","louvain","graph_2024M08.graphml"
"0.11","0.01","0.88","0.117361643963708","1,2,3,1,3,4,3,3,2,4,3,3,3,1,2,3,4","0.000684976577758789","louvain","graph_2024M08.graphml"
"0.1","0.02","0.88","0.118119134029209","1,2,3,1,3,4,3,3,2,4,3,3,3,1,2,3,4","0.000689029693603516","louvain","graph_2024M08.graphml"
"0.09","0.03","0.88","0.117732033840634","1,2,3,1,3,4,3,3,2,4,3,3,3,1,2,3,4","0.000747919082641602","louvain","graph_2024M08.graphml"
"0.08","0.04","0.88","0.11728391279722","1,2,3,1,3,4,3,3,2,4,3,3,3,1,2,3,4","0.000780105590820312","louvain","graph_2024M08.graphml"
"0.07","0.05","0.88","0.11728391279722","1,2,3,1,3,4,3,3,2,4,3,3,3,1,2,3,4","0.000704050064086914","louvain","graph_2024M08.graphml"
"0.06","0.06","0.88","0.117217366955536","1,2,3,1,3,3,3,3,2,3,3,3,3,1,2,3,3","0.000756978988647461","louvain","graph_2024M08.graphml"
"0.05","0.07","0.88","0.11792195074446","1,2,3,1,3,3,3,3,2,3,3,3,3,1,2,3,3","0.000723838806152344","louvain","graph_2024M08.graphml"
"0.04","0.08","0.88","0.118215478819352","1,2,3,1,3,3,3,3,2,3,3,3,3,1,2,3,3","0.000695943832397461","louvain","graph_2024M08.graphml"
"0.03","0.09","0.88","0.11832737454871","1,2,3,3,3,3,3,3,2,3,3,3,3,1,2,3,1","0.000777959823608398","louvain","graph_2024M08.graphml"
"0.02","0.1","0.88","0.11874673422585","1,2,3,3,3,3,3,3,2,3,3,3,3,3,2,3,1","0.000718116760253906","louvain","graph_2024M08.graphml"
"0.01","0.11","0.88","0.11801104143619","1,2,3,3,3,3,3,3,2,3,3,3,3,3,2,3,3","0.000663042068481445","louvain","graph_2024M08.graphml"
"0","0.12","0.88","0.119041087295485","1,2,3,4,3,3,3,3,2,4,3,3,3,4,2,3,4","0.000830888748168945","louvain","graph_2024M08.graphml"
"0.11","0","0.89","0.1174531617673","1,2,3,1,3,3,3,3,2,3,3,3,3,1,2,3,3","0.000667095184326172","louvain","graph_2024M08.graphml"
"0.1","0.01","0.89","0.117688021812393","1,2,3,1,3,3,3,3,2,3,3,3,3,1,2,3,3","0.000742912292480469","louvain","graph_2024M08.graphml"
"0.09","0.02","0.89","0.118116129415585","1,2,3,3,3,3,3,3,2,3,3,3,3,1,2,3,1","0.000698089599609375","louvain","graph_2024M08.graphml"
"0.08","0.03","0.89","0.118109845382573","1,2,3,3,3,3,3,3,2,3,3,3,3,3,2,3,1","0.000756025314331055","louvain","graph_2024M08.graphml"
"0.07","0.04","0.89","0.117539340348419","1,2,3,4,3,3,3,3,2,4,3,3,3,4,2,3,4","0.000735998153686523","louvain","graph_2024M08.graphml"
"0.06","0.05","0.89","0.118374253863411","1,2,3,4,3,3,3,3,2,4,3,3,3,4,2,3,4","0.0010528564453125","louvain","graph_2024M08.graphml"
"0.05","0.06","0.89","0.118434943606829","1,2,3,4,3,3,3,3,2,4,3,3,3,4,2,3,4","0.000735998153686523","louvain","graph_2024M08.graphml"
"0.04","0.07","0.89","0.11806803687384","1,2,3,4,3,3,3,3,2,4,3,3,3,4,2,3,4","0.000806093215942383","louvain","graph_2024M08.graphml"
"0.03","0.08","0.89","0.117789117726958","1,2,3,4,3,3,3,3,2,4,3,3,3,4,2,3,4","0.000767946243286133","louvain","graph_2024M08.graphml"
"0.02","0.09","0.89","0.117789117726958","1,2,3,4,3,3,3,3,2,4,3,3,3,4,2,3,4","0.000782966613769531","louvain","graph_2024M08.graphml"
"0.01","0.1","0.89","0.117789117726958","1,2,3,4,3,3,3,3,2,4,3,3,3,4,2,3,4","0.000838994979858398","louvain","graph_2024M08.graphml"
"0","0.11","0.89","0.117633644864691","1,2,3,4,3,3,3,3,2,4,3,3,3,4,2,3,4","0.000761032104492188","louvain","graph_2024M08.graphml"
"0.1","0","0.9","0.117770287080108","1,2,3,4,3,3,3,3,2,4,3,3,3,4,2,3,4","0.000734090805053711","louvain","graph_2024M08.graphml"
"0.09","0.01","0.9","0.117770287080108","1,2,3,4,3,3,3,3,2,4,3,3,3,4,2,3,4","0.000906944274902344","louvain","graph_2024M08.graphml"
"0.08","0.02","0.9","0.117465634678176","1,2,3,4,3,3,3,3,2,4,3,3,3,4,2,3,4","0.00067591667175293","louvain","graph_2024M08.graphml"
"0.07","0.03","0.9","0.117761969545477","1,2,3,4,3,3,3,3,2,4,3,3,3,4,2,3,4","0.000699996948242188","louvain","graph_2024M08.graphml"
"0.06","0.04","0.9","0.117209978887658","1,2,3,4,3,3,3,3,2,4,3,3,3,4,2,3,4","0.00062108039855957","louvain","graph_2024M08.graphml"
"0.05","0.05","0.9","0.116786875650364","1,2,3,4,3,3,3,3,2,4,3,3,3,4,2,3,4","0.000772953033447266","louvain","graph_2024M08.graphml"
"0.04","0.06","0.9","0.117752326645766","1,2,3,1,3,3,3,3,2,4,3,3,3,4,2,3,4","0.00082707405090332","louvain","graph_2024M08.graphml"
"0.03","0.07","0.9","0.117437052158216","1,2,3,1,3,3,3,3,2,4,3,3,3,4,2,3,4","0.00074005126953125","louvain","graph_2024M08.graphml"
"0.02","0.08","0.9","0.117882233434311","1,2,3,1,3,3,3,3,2,4,3,3,3,4,2,3,4","0.00067901611328125","louvain","graph_2024M08.graphml"
"0.01","0.09","0.9","0.117572057228396","1,2,3,1,3,3,3,3,2,4,3,3,3,4,2,3,4","0.000651121139526367","louvain","graph_2024M08.graphml"
"0","0.1","0.9","0.118172730214497","1,2,3,1,3,3,3,3,2,4,3,3,3,4,2,3,4","0.000693082809448242","louvain","graph_2024M08.graphml"
"0.09","0","0.91","0.117939847318804","1,2,3,1,3,3,3,3,2,4,3,3,3,4,2,3,4","0.000720024108886719","louvain","graph_2024M08.graphml"
"0.08","0.01","0.91","0.117939847318804","1,2,3,1,3,3,3,3,2,4,3,3,3,4,2,3,4","0.000732183456420898","louvain","graph_2024M08.graphml"
"0.07","0.02","0.91","0.117872951217646","1,2,3,1,3,3,3,3,2,4,3,3,3,4,2,3,4","0.000693082809448242","louvain","graph_2024M08.graphml"
"0.06","0.03","0.91","0.117743193754363","1,2,3,1,3,3,3,3,2,4,3,3,3,4,2,3,4","0.00113892555236816","louvain","graph_2024M08.graphml"
"0.05","0.04","0.91","0.118153646767346","1,2,3,1,3,3,3,3,2,4,3,3,3,1,2,3,4","0.000691890716552734","louvain","graph_2024M08.graphml"
"0.04","0.05","0.91","0.118022980141182","1,2,3,1,3,3,3,3,2,4,3,3,3,1,2,3,4","0.000701189041137695","louvain","graph_2024M08.graphml"
"0.03","0.06","0.91","0.117588441877435","1,2,3,1,3,3,3,3,2,4,3,3,3,1,2,3,4","0.000730991363525391","louvain","graph_2024M08.graphml"
"0.02","0.07","0.91","0.117376966855322","1,2,3,1,3,3,3,3,2,3,3,3,3,1,2,3,3","0.000695943832397461","louvain","graph_2024M08.graphml"
"0.01","0.08","0.91","0.118307977820556","1,2,3,1,3,3,3,3,2,4,3,3,3,1,2,3,4","0.000683069229125977","louvain","graph_2024M08.graphml"
"0","0.09","0.91","0.118609055130965","1,2,3,1,3,3,3,3,2,4,3,3,3,1,2,3,4","0.000734090805053711","louvain","graph_2024M08.graphml"
"0.08","0","0.92","0.117376966855322","1,2,3,1,3,3,3,3,2,3,3,3,3,1,2,3,3","0.00069880485534668","louvain","graph_2024M08.graphml"
"0.07","0.01","0.92","0.117848324514991","1,2,3,1,3,3,3,3,2,3,3,3,3,1,2,3,3","0.000770092010498047","louvain","graph_2024M08.graphml"
"0.06","0.02","0.92","0.117702049089346","1,2,3,1,3,3,3,3,2,4,3,3,3,1,2,3,4","0.000719785690307617","louvain","graph_2024M08.graphml"
"0.05","0.03","0.92","0.117601332523388","1,2,3,1,3,3,3,3,2,4,3,3,3,1,2,3,2","0.000852823257446289","louvain","graph_2024M08.graphml"
"0.04","0.04","0.92","0.11793092647914","1,2,3,1,3,3,3,3,2,3,3,3,3,1,2,3,2","0.00184798240661621","louvain","graph_2024M08.graphml"
"0.03","0.05","0.92","0.118625857058982","1,2,3,1,3,3,3,3,2,3,3,3,3,1,2,3,2","0.000635862350463867","louvain","graph_2024M08.graphml"
"0.02","0.06","0.92","0.117971191767449","1,2,3,1,3,3,3,3,2,3,3,3,3,1,2,3,2","0.000694990158081055","louvain","graph_2024M08.graphml"
"0.01","0.07","0.92","0.117971191767449","1,2,3,1,3,3,3,3,2,3,3,3,3,1,2,3,2","0.000665903091430664","louvain","graph_2024M08.graphml"
"0","0.08","0.92","0.118198016791266","1,2,3,1,3,3,3,3,2,3,3,3,3,1,2,3,2","0.000688076019287109","louvain","graph_2024M08.graphml"
"0.07","0","0.93","0.117514954721333","1,2,3,1,3,3,3,3,2,3,3,3,3,1,2,3,2","0.000710010528564453","louvain","graph_2024M08.graphml"
"0.06","0.01","0.93","0.117303262700402","1,2,3,1,3,3,3,3,2,3,3,3,3,1,2,3,2","0.000670909881591797","louvain","graph_2024M08.graphml"
"0.05","0.02","0.93","0.117184882220559","1,2,3,1,3,3,3,3,2,4,3,3,3,4,2,3,2","0.000715017318725586","louvain","graph_2024M08.graphml"
"0.04","0.03","0.93","0.117479095248775","1,2,3,1,3,3,3,3,2,4,3,3,3,4,2,3,2","0.000689983367919922","louvain","graph_2024M08.graphml"
"0.03","0.04","0.93","0.117470101512367","1,2,3,1,3,3,3,3,2,3,3,3,3,1,2,3,2","0.00066685676574707","louvain","graph_2024M08.graphml"
"0.02","0.05","0.93","0.116940164723343","1,2,3,1,3,3,3,3,2,4,3,3,3,4,2,3,2","0.000697135925292969","louvain","graph_2024M08.graphml"
"0.01","0.06","0.93","0.118012575417213","1,2,3,1,3,3,3,3,2,4,3,3,3,4,2,3,2","0.000869035720825195","louvain","graph_2024M08.graphml"
"0","0.07","0.93","0.117594795907147","1,2,3,1,3,3,3,3,2,4,3,3,3,4,2,3,2","0.00074005126953125","louvain","graph_2024M08.graphml"
"0.06","0","0.94","0.116885235245482","1,2,3,1,3,3,3,3,2,4,3,3,3,4,2,3,2","0.000638008117675781","louvain","graph_2024M08.graphml"
"0.05","0.01","0.94","0.116885235245482","1,2,3,1,3,3,3,3,2,4,3,3,3,4,2,3,2","0.000690937042236328","louvain","graph_2024M08.graphml"
"0.04","0.02","0.94","0.117899970733996","1,2,3,1,3,3,3,3,2,4,3,3,3,4,2,3,2","0.000725984573364258","louvain","graph_2024M08.graphml"
"0.03","0.03","0.94","0.118550576592535","1,2,3,1,3,3,3,3,2,4,3,3,3,4,2,3,2","0.000931978225708008","louvain","graph_2024M08.graphml"
"0.02","0.04","0.94","0.118550576592535","1,2,3,1,3,3,3,3,2,4,3,3,3,4,2,3,2","0.000685930252075195","louvain","graph_2024M08.graphml"
"0.01","0.05","0.94","0.118243593514911","1,2,3,1,3,3,3,3,2,4,3,3,3,4,2,3,2","0.000684022903442383","louvain","graph_2024M08.graphml"
"0","0.06","0.94","0.118672890682694","1,2,3,1,3,3,3,3,2,4,3,3,3,4,2,3,2","0.000778913497924805","louvain","graph_2024M08.graphml"
"0.05","0","0.95","0.117704566121555","1,2,3,1,3,3,3,3,2,4,3,3,3,4,2,3,2","0.000816106796264648","louvain","graph_2024M08.graphml"
"0.04","0.01","0.95","0.117050556738194","1,2,3,1,3,3,3,3,2,4,3,3,3,4,2,3,2","0.00170493125915527","louvain","graph_2024M08.graphml"
"0.03","0.02","0.95","0.116657100591716","1,2,3,1,3,3,3,3,2,3,3,3,3,1,2,3,2","0.000739812850952148","louvain","graph_2024M08.graphml"
"0.02","0.03","0.95","0.116866402103956","1,2,3,1,3,3,3,3,2,4,3,3,3,4,2,3,2","0.000802040100097656","louvain","graph_2024M08.graphml"
"0.01","0.04","0.95","0.116346207483742","1,2,3,2,2,3,3,3,2,4,3,3,3,4,3,3,2","0.000689983367919922","louvain","graph_2024M08.graphml"
"0","0.05","0.95","0.116818301208464","1,2,3,2,4,3,3,3,2,4,3,3,3,4,3,3,2","0.000709056854248047","louvain","graph_2024M08.graphml"
"0.04","0","0.96","0.116471965548495","1,2,3,2,4,3,3,3,2,4,3,3,3,4,3,3,2","0.000692844390869141","louvain","graph_2024M08.graphml"
"0.03","0.01","0.96","0.116516803149167","1,2,3,2,4,3,3,3,2,4,3,3,3,4,3,3,2","0.00102400779724121","louvain","graph_2024M08.graphml"
"0.02","0.02","0.96","0.116736399254001","1,2,3,2,4,3,3,3,2,4,3,3,3,4,3,3,2","0.00107002258300781","louvain","graph_2024M08.graphml"
"0.01","0.03","0.96","0.116673383930304","1,2,3,1,3,3,3,3,2,3,3,3,3,1,2,3,2","0.00069117546081543","louvain","graph_2024M08.graphml"
"0","0.04","0.96","0.116340692773318","1,2,3,2,4,3,3,3,2,4,3,3,3,4,1,3,2","0.000787973403930664","louvain","graph_2024M08.graphml"
"0.03","0","0.97","0.117010964099064","1,2,3,1,3,3,3,3,2,3,3,3,3,3,2,3,2","0.000806093215942383","louvain","graph_2024M08.graphml"
"0.02","0.01","0.97","0.117010964099064","1,2,3,1,3,3,3,3,2,3,3,3,3,3,2,3,2","0.000711917877197266","louvain","graph_2024M08.graphml"
"0.01","0.02","0.97","0.116594673120192","1,2,3,1,3,3,3,3,2,3,3,3,3,3,2,3,2","0.000680923461914062","louvain","graph_2024M08.graphml"
"0","0.03","0.97","0.116178935943623","1,2,3,1,3,3,3,3,2,3,3,3,3,3,2,3,2","0.000745058059692383","louvain","graph_2024M08.graphml"
"0.02","0","0.98","0.117151594215096","1,2,3,1,3,3,3,3,2,3,3,3,3,3,2,3,2","0.000733137130737305","louvain","graph_2024M08.graphml"
"0.01","0.01","0.98","0.117721583940397","1,2,3,1,3,3,3,3,2,3,3,3,3,1,2,3,2","0.000932931900024414","louvain","graph_2024M08.graphml"
"0","0.02","0.98","0.117939128981956","1,2,3,1,3,3,3,3,2,3,3,3,3,1,2,3,2","0.00073695182800293","louvain","graph_2024M08.graphml"
"0.01","0","0.99","0.1174295805469","1,2,3,1,3,3,3,3,2,3,3,3,3,1,2,3,2","0.000805139541625977","louvain","graph_2024M08.graphml"
"0","0.01","0.99","0.1174295805469","1,2,3,1,3,3,3,3,2,3,3,3,3,1,2,3,2","0.00092005729675293","louvain","graph_2024M08.graphml"
"0","0","1","0.117478827913736","1,2,3,1,3,3,3,3,2,3,3,3,3,1,2,3,2","0.000710010528564453","louvain","graph_2024M08.graphml"
